,baseMean,log2FoldChange,lfcSE,stat,pvalue,padj
2610035D17Rik,76.63759966710218,0.014950003025353728,0.26576942070693005,0.05625178015434452,0.9551412318321203,0.9981171756121147
9630013A20Rik,118.74033781661599,-1.1603323787597364,0.28349375541023164,-4.092973325217232,4.258767292829234e-05,0.10282793628536185
A1cf,0.4748664738390429,0.5027519297791732,3.1113126607120174,0.16158836626342765,0.8716300192851323,0.9981171756121147
A2m,1.9209993454827563,1.8617656766678279,1.4174843713190473,1.3134294206964359,0.1890382891661916,0.9981171756121147
Aatf,117.31143263652051,0.10068109313247296,0.2633366954677959,0.3823283836444492,0.7022178038641333,0.9981171756121147
Abca1,126.3912209301313,0.6111806914588838,0.32631529605477566,1.872975918837376,0.06107171041448448,0.9981171756121147
Abca13,0.2344943972204995,-1.2123042177937502,3.9780828204562106,-0.3047458468083683,0.7605597286868574,0.9981171756121147
Abca3,136.95287058590287,0.12076880124799257,0.22574046101886258,0.5349896102050632,0.5926570417636186,0.9981171756121147
Abca4,2.889941636697955,0.22743297945260588,1.1016877430706555,0.206440509920441,0.8364468299218906,0.9981171756121147
Abca7,44.81027824709452,-0.15254724279532783,0.30856756951930325,-0.4943722473264801,0.621043310127567,0.9981171756121147
Abca8a,69.89580641474616,-1.2475789591709734,1.0902899127524837,-1.1442635069615628,0.25251437270117694,0.9981171756121147
Abca8b,57.97662847459562,-0.5837863798709616,0.2956651349643677,-1.9744850198225676,0.04832661913772581,0.9981171756121147
Abcb1a,22.51818977736443,-0.08732447800464885,0.4480966460739996,-0.19487866907673285,0.8454879336382134,0.9981171756121147
Abcb1b,2.1118165106328948,0.5195122730329879,1.2523333134725902,0.4148354654819764,0.6782623550435413,0.9981171756121147
Abcb4,4.083055861074032,-0.1900183837772166,0.9469164439633386,-0.20067069802050397,0.8409560732189829,0.9981171756121147
Abcb8,35.325802547961224,-0.20569637241002034,0.3928285121300813,-0.523628927275793,0.6005366576226172,0.9981171756121147
Abcc1,50.62157184202076,0.22088725544894988,0.30864640797959764,0.715664429386624,0.4741985797190358,0.9981171756121147
Abcc6,0.9612417401893777,-0.309456845735378,2.1092555924842578,-0.14671377278222747,0.8833579471388795,0.9981171756121147
Abcc8,6.883931212906134,-0.21049654490198105,0.771239315916683,-0.27293285048855187,0.7849048338067792,0.9981171756121147
Abcc9,0.9438552682800418,-1.6577935369225332,2.140173886565964,-0.7746069360665648,0.43857195751397493,0.9981171756121147
Abcd2,22.786015429587128,-0.24545119435939208,0.43019677481774954,-0.5705556357631368,0.5683008985905913,0.9981171756121147
Abcd3,390.28124234924076,0.04679933855747692,0.17569668875949543,0.26636437424007897,0.7899585996314267,0.9981171756121147
Abcf1,92.12972875980545,0.08294478381796656,0.25217818351590493,0.32891340028522026,0.7422211453921268,0.9981171756121147
Abcg2,28.30651731304326,-0.23283926311354577,0.3816237112006356,-0.610127872770286,0.5417771041923871,0.9981171756121147
Abcg8,0.13572232361267328,-0.46032403864503774,4.433790464391391,-0.10382178462017705,0.9173107782646794,0.9981171756121147
Abhd17c,98.4010598191342,0.00424390032545296,0.2346149597695831,0.018088788241043634,0.9855680221772346,0.9981171756121147
Abhd4,355.3498187413652,-0.03555970767951721,0.17304167824553543,-0.20549793575776687,0.8371831107124923,0.9981171756121147
Abhd5,237.21776100110594,-0.15084186216219148,0.18642573375902446,-0.8091257527631405,0.41844281655659255,0.9981171756121147
Abi1,339.1375051942928,0.06254212615526653,0.1827856162152567,0.34216109259720995,0.73222966360843,0.9981171756121147
Abi3bp,3.3495815360396413,-0.7404337466832768,1.0344820105798995,-0.7157531393592933,0.47414379225388736,0.9981171756121147
Abitram,71.44388475012896,0.07778589251998651,0.25770676680001,0.3018387661521952,0.7627749771777843,0.9981171756121147
Abl1,452.4430179737201,-0.18034775057871943,0.20492222715021005,-0.880079008933095,0.37881650969452607,0.9981171756121147
Abracl,7.785700245960212,0.23641560845240273,0.6997092345303018,0.33787693056688456,0.7354559329947812,0.9981171756121147
Abraxas1,24.05008082926413,-0.24661306994872628,0.4225173274833824,-0.5836756362576055,0.5594385619729174,0.9981171756121147
Abraxas2,59.00257326842125,-0.18346713039119972,0.2852956868799366,-0.6430771260429525,0.5201740559967212,0.9981171756121147
Acaa2,52.11878737573223,-0.025689862087580274,0.2991655299747947,-0.08587173157865045,0.9315683834154749,0.9981171756121147
Acaca,406.18300091809925,-0.10754633062602288,0.1691145573911691,-0.6359377470814869,0.5248169983996029,0.9981171756121147
Acacb,2.9213568473751423,0.6497974376027041,1.200224034685327,0.5413967882863361,0.588234120445289,0.9981171756121147
Acan,1.4246954953027169,-0.2722525091343069,1.6693301726726435,-0.1630908693745247,0.8704468887302628,0.9981171756121147
Ace,6.138822818312652,-0.16067143141044457,0.8201317781343731,-0.19590928640265373,0.8446811686181397,0.9981171756121147
Ace2,2.0319422574395687,0.34301501040307075,1.3358914655147225,0.25676862174645765,0.7973573943331147,0.9981171756121147
Acer1,0.2010153629169217,-0.46032403864503774,4.433790464391391,-0.10382178462017705,0.9173107782646794,0.9981171756121147
Ache,25.968458721045053,-0.6519271504406448,0.4189006449481181,-1.556281085509877,0.11964126712537664,0.9981171756121147
Ackr1,25.54971452627049,-0.16412248093324877,0.44054565788431704,-0.3725436353667245,0.7094881298542373,0.9981171756121147
Ackr2,0.2010153629169217,-0.46032403864503774,4.433790464391391,-0.10382178462017705,0.9173107782646794,0.9981171756121147
Ackr3,7.5224880363138915,0.26530310188372436,0.6903643998392114,0.38429429725158837,0.7007603342436973,0.9981171756121147
Ackr4,0.5328996656264882,2.8305804955371845,3.1025165521830598,0.9123498450138712,0.36158458289923856,0.9981171756121147
Acly,664.9024599390968,-0.08477975632978604,0.15428710801291862,-0.5494934568524503,0.5826668536828534,0.9981171756121147
Acod1,0.27385111092212117,1.468507008457143,4.1863062795273285,0.3507882391784651,0.7257472210175899,0.9981171756121147
Acot6,65.63669201859672,0.11798069320054917,0.29583317655329233,0.3988081883686083,0.6900345431167031,0.9981171756121147
Acox1,535.0480168914986,0.00802797033614267,0.15814187567978724,0.05076435511867878,0.9595132947312448,0.9981171756121147
Acp2,94.563665531411,0.10821486596870324,0.24460207736688394,0.44241188437001466,0.6581911806668703,0.9981171756121147
Acp5,0.09877207360782624,-0.45211653757778947,4.435042509789109,-0.10194187239014495,0.9188028137063071,0.9981171756121147
Acr,1.4702532060130098,-0.3447009819835852,1.605636640529773,-0.2146818111162763,0.8300154045735401,0.9981171756121147
Acsl1,196.41110546861447,-0.20680033487498078,0.20507598924778483,-1.0084083252921066,0.3132584778501324,0.9981171756121147
Acsl4,117.44847990962937,0.07757744557072158,0.24506773272454954,0.31655512012230846,0.7515811945478559,0.9981171756121147
Acsl6,284.2589053835657,-0.23189538727529452,0.22743719724297837,-1.0196018509125107,0.3079173268289047,0.9981171756121147
Acss1,39.41737821201,-0.15383271683546454,0.35461009527509424,-0.4338080581606861,0.664427829510856,0.9981171756121147
Acss2,164.1172671651176,0.2760700911098644,0.22096698230757542,1.2493725905420028,0.21152882874258205,0.9981171756121147
Actc1,0.0,,,,,
Actg2,1.6659646767659162,0.6255540402574462,1.423786296615257,0.43935950342025715,0.6604010649695023,0.9981171756121147
Actl6a,57.95360577285481,0.25082053739549204,0.30407308679485434,0.8248692445599776,0.40944582889060654,0.9981171756121147
Actl6b,50.32618066284109,-0.18466614824770308,0.2970762371582407,-0.6216119808644903,0.53419704106408,0.9981171756121147
Actn1,103.20786534862468,-0.14593728748783732,0.2556714420808497,-0.5708001108770229,0.5681351477752487,0.9981171756121147
Actn2,134.34310333812314,0.05706135388392976,0.3082648830897449,0.1851049438781437,0.8531467239645164,0.9981171756121147
Actr1a,122.62861750817397,-0.3027464451739491,0.22270459239333346,-1.3594081824736166,0.17401727967991776,0.9981171756121147
Actr1b,125.71767027531605,-0.07043360467080553,0.21786661737580096,-0.32328773227939595,0.7464773438320691,0.9981171756121147
Actr2,785.4256886942802,0.004647668658143464,0.14718179018864494,0.03157774241084092,0.9748087935195507,0.9981171756121147
Acvr1,61.26381290771315,0.17601308057071818,0.2759178920831754,0.6379183286803999,0.5235268459028872,0.9981171756121147
Acvr1b,70.30695199732331,0.05102470193773908,0.2606294034704272,0.1957749250787381,0.8447863371574542,0.9981171756121147
Acvr1c,31.131627202514007,-0.2499911667644395,0.3758232147598444,-0.6651828757416886,0.5059335318756147,0.9981171756121147
Acvr2a,75.9186983101345,0.17152231152823236,0.25772393423596773,0.6655272900311594,0.5057132946609257,0.9981171756121147
Acvr2b,30.93719985979339,-0.03469253282169423,0.36016812644923957,-0.09632316208464838,0.9232639159326304,0.9981171756121147
Acvrl1,18.563924150229496,-0.4938940966147334,0.46425023442472513,-1.0638531981071402,0.28739520757777426,0.9981171756121147
Ada,27.615542686062366,0.7552543127199197,0.46503592978216723,1.6240773332798113,0.10435930488850831,0.9981171756121147
Adad1,0.19353026122812536,1.4685041306821252,4.434566981015867,0.33114938549100936,0.740531649762339,0.9981171756121147
Adad2,0.0,,,,,
Adam10,396.3598858565188,-0.05458648223451888,0.1729106899327469,-0.31569177276286464,0.7522364719856196,0.9981171756121147
Adam17,54.65679572681001,-0.15148878046255956,0.31647195229704533,-0.478679956827169,0.632166326766274,0.9981171756121147
Adam18,8.103066556079037,0.9921111949998801,0.7958155138278928,1.2466597820238514,0.21252227140588176,0.9981171756121147
Adam28,0.0,,,,,
Adamdec1,0.0,,,,,
Adamts1,217.28252362256896,0.40572631206044585,0.7547561527697454,0.5375594628431223,0.5908812225947697,0.9981171756121147
Adamts13,0.2815614667829107,0.5020161678893961,3.624618577878668,0.13850179187218215,0.8898438535561748,0.9981171756121147
Adamts14,0.6935413650144798,3.1058178967557217,2.920968415789213,1.0632836288017733,0.2876533471031245,0.9981171756121147
Adamts18,0.09877207360782624,-0.45211653757778947,4.435042509789109,-0.10194187239014495,0.9188028137063071,0.9981171756121147
Adamts20,75.11525103495833,-0.28747077607775257,0.29627001252521035,-0.970299942365213,0.33189700601328187,0.9981171756121147
Adamts3,32.795951815744615,0.17895982895840515,0.39136624711234735,0.4572694510036072,0.6474773845170959,0.9981171756121147
Adamts5,3.6841213278150398,-0.06526762498704963,1.0156670589266132,-0.06426084651797842,0.9487625289406545,0.9981171756121147
Adamts6,36.586500496992905,0.1137463340622255,0.3339522086485713,0.34060662309296014,0.733399742788519,0.9981171756121147
Adar,96.74434107286986,0.1156228766442819,0.2306856078156109,0.5012140884692742,0.6162204601761356,0.9981171756121147
Adarb1,85.74333050986523,-0.03787432871283933,0.2670095396691507,-0.14184635035800255,0.8872013718973182,0.9981171756121147
Adcy1,100.48098180027513,-0.05930854103377359,0.27596843527305537,-0.21491059647851066,0.8298370231258618,0.9981171756121147
Adcy2,47.18674150116525,-0.19751719896942838,0.34554685744702157,-0.5716075684459415,0.5675878668619123,0.9981171756121147
Adcy3,11.427620124524976,0.12261401187645471,0.5837833814696669,0.21003340582901756,0.8336416004196978,0.9981171756121147
Adcy8,5.244146245398597,0.07083098364783331,0.8223721191079277,0.08613008880294674,0.9313630050868292,0.9981171756121147
Adcyap1,1.2511376113285548,-1.2120850715588065,1.8919285274963757,-0.6406611317198019,0.5217428723900173,0.9981171756121147
Adcyap1r1,89.37799198959728,0.2171961850762995,0.25953177557299695,0.8368770436559126,0.4026616853323086,0.9981171756121147
Add2,320.1853472533725,0.0733048333902771,0.22698269439568763,0.3229534021765045,0.7467305322710538,0.9981171756121147
Adgra2,5.838291488309775,0.5603748635882071,0.7753793295236069,0.7227106040246153,0.4698576993758997,0.9981171756121147
Adgra3,18.346919925995316,-0.1009980642525634,0.464363850230232,-0.21749768894044716,0.8278205078526839,0.9981171756121147
Adgrb1,362.8350301099396,-0.031823485719622305,0.20524685095957645,-0.15504981231546383,0.8767820475540914,0.9981171756121147
Adgre1,4.866669677048622,0.6061664049921432,0.8801308373194616,0.6887230617192006,0.49099756063852285,0.9981171756121147
Adgre5,8.260266708029432,-1.191775830706374,0.7039587427572255,-1.6929626103349384,0.09046258437756964,0.9981171756121147
Adgrf1,0.29978743652474793,-1.402084615240994,3.6862814707163842,-0.380352023137429,0.7036841231276579,0.9981171756121147
Adgrf5,43.200323040243184,-0.05486283960271442,0.36504461637275953,-0.15029077855703013,0.8805352080045482,0.9981171756121147
Adgrg1,423.81686299043986,0.48876431023548106,1.0336372241285228,0.47285865758904594,0.6363140219882344,0.9981171756121147
Adgrg2,9.656715483743378,0.5097549511764615,0.6556561316830616,0.7774730175525492,0.43687974771296123,0.9981171756121147
Adgrg5,0.644067831755294,-0.8505046591201908,2.5308596470212232,-0.33605366465944475,0.7368303986844802,0.9981171756121147
Adgrg6,3.312013130530969,-0.44774372871100643,1.178697110244027,-0.37986326157897304,0.7040469197792992,0.9981171756121147
Adgrg7,0.0,,,,,
Adgrl1,197.75599687075734,0.016955917338761395,0.24856881060242017,0.06821417899400892,0.9456151400578054,0.9981171756121147
Adgrl2,29.248878892870678,0.01174495508462001,0.402798786674044,0.02915836758496583,0.9767382849577814,0.9981171756121147
Adgrl3,137.83660342567757,0.19184068428511747,0.20851384081219515,0.9200381305042723,0.3575528336213938,0.9981171756121147
Adgrv1,1.1099280505654079,0.8757264361900235,1.8473506228675065,0.4740445183225141,0.6354681614089858,0.9981171756121147
Adh5,491.110939509093,-0.0916690979065287,0.1544283802868866,-0.5936026638123904,0.5527778989480086,0.9981171756121147
Adipoq,0.0,,,,,
Adipor1,317.45555416372594,-0.055580727561428594,0.18053001612395697,-0.3078752705769732,0.7581772436251464,0.9981171756121147
Adm,1.211638474423214,4.0208232839942495,2.5348647633588652,1.5862082041277779,0.11269208733996237,0.9981171756121147
Adora1,417.49750738692114,0.07475963232446448,0.17230598847036105,0.43387715649432657,0.6643776488576295,0.9981171756121147
Adora2a,217.15900181219533,-0.08344579494099362,0.21556094392622654,-0.387109990432924,0.6986747818208868,0.9981171756121147
Adora2b,3.938648140958797,0.7231404423163185,0.9628773204091121,0.7510203293697549,0.45264042119693215,0.9981171756121147
Adprhl1,1.8970692364943653,0.4457379904744562,1.4080954196465374,0.31655382458835507,0.7515821777192752,0.9981171756121147
Adra1a,14.703073474725791,-0.22505527508066225,0.5250681671795107,-0.42862106131777783,0.6681990158214943,0.9981171756121147
Adra1b,5.764114028612295,-0.13055380013926612,0.7824342146432602,-0.1668559448142107,0.867483398047032,0.9981171756121147
Adra2a,1.9720803010326946,1.4685898968486633,1.344134416435329,1.0925915435923386,0.2745731772519634,0.9981171756121147
Adrb1,19.97704762764763,0.11428847612333545,0.462246046002395,0.2472459788714846,0.8047178636194651,0.9981171756121147
Adrb2,0.7058896553582731,-1.1154479872239782,2.4473806672101532,-0.45577216579695906,0.6485538215624533,0.9981171756121147
Adrb3,0.4456265796949854,-0.41920576832084416,2.846245931408079,-0.14728374793440885,0.8829080598494075,0.9981171756121147
Adtrp,0.5554125777050319,1.4258276061704587,2.6776449184211204,0.532493160822534,0.5943844773758302,0.9981171756121147
Aebp2,260.9785578665932,0.12971650134487794,0.21473567104466185,0.6040752368426894,0.545793622369646,0.9981171756121147
Afap1l2,12.957030611212069,-0.2801734746082184,0.5459457402329033,-0.5131892310189927,0.6078189582157607,0.9981171756121147
Afdn,118.13036213497661,-0.0734495235155188,0.23778468136384015,-0.3088908969839478,0.7574045215865094,0.9981171756121147
Afg3l2,121.22656745105871,0.34374547998853244,0.21806756390017426,1.5763255838722092,0.11495078850584077,0.9981171756121147
Afp,0.40716697083801984,-1.9112226679067725,3.6022722712774815,-0.5305603030469963,0.5957235105245732,0.9981171756121147
Ager,2.3134559220452933,-0.031021404165449736,1.2059741026996307,-0.025723109721847957,0.9794781910615804,0.9981171756121147
Agl,91.16317797409236,0.09002343933996547,0.24745744731858535,0.36379361508593494,0.7160121308639307,0.9981171756121147
Ago1,95.3906205281401,-0.04272394930760977,0.2324775752181436,-0.18377664713476158,0.854188676978587,0.9981171756121147
Ago2,51.506415641032675,0.3024339314596783,0.30175247711427605,1.0022583222909025,0.31621884615544116,0.9981171756121147
Ago3,175.8662148128792,-0.15891981437978323,0.1998837952971978,-0.7950610210472182,0.42657800719097905,0.9981171756121147
Agpat3,865.5563621301595,0.08571552210731632,0.1453760557380747,0.5896123792335565,0.555450550413085,0.9981171756121147
Agpat4,1452.2148717117518,-0.07191711276294173,0.19604498586960328,-0.36683984772136147,0.7137384824301513,0.9981171756121147
Agps,323.14915467379393,-0.018776711825599993,0.18018263518116695,-0.10420933075332539,0.9170032294203323,0.9981171756121147
Agr3,1.6655082754302784,-0.13469083675742494,1.5766891522470423,-0.08542637371828699,0.931922426600971,0.9981171756121147
Agrn,60.591355249301444,-0.0032894487879760828,0.2988378862140894,-0.011007469065081998,0.991217487734416,0.9981171756121147
Agrp,0.29978743652474793,-1.402084615240994,3.6862814707163842,-0.380352023137429,0.7036841231276579,0.9981171756121147
Agt,5.458350849250869,0.3688837336427876,0.8065785039223349,0.4573438690083257,0.6474239026925538,0.9981171756121147
Agtr1a,0.14583914317023747,1.4685041306821252,4.434566981015867,0.33114938549100936,0.740531649762339,0.9981171756121147
Agtr1b,0.14583914317023747,1.4685041306821252,4.434566981015867,0.33114938549100936,0.740531649762339,0.9981171756121147
Agtr2,0.39855951013257424,-1.8615688890479165,3.3569000551072468,-0.554549989123356,0.5792025043172966,0.9981171756121147
Agtrap,3.4667087597757096,-0.7399903159124185,1.0511157609384665,-0.7040045858048345,0.48142991777276845,0.9981171756121147
Agxt2,0.27385111092212117,1.468507008457143,4.1863062795273285,0.3507882391784651,0.7257472210175899,0.9981171756121147
Ahi1,323.1744677761372,0.25505715800179557,0.1935132715867073,1.3180344475108123,0.18749211666224774,0.9981171756121147
Ahr,2.849520170991839,0.2000351486588828,1.11208913290042,0.17987330578186178,0.8572520322707624,0.9981171756121147
Aicda,0.13572232361267328,-0.46032403864503774,4.433790464391391,-0.10382178462017705,0.9173107782646794,0.9981171756121147
Aida,104.17983699814162,-0.40303310796667896,0.23337520105427353,-1.726974871991433,0.08417217641988652,0.9981171756121147
Aif1,32.752593268732,-0.09649704063803959,0.35879727922201987,-0.26894585390188613,0.7879713501621609,0.9981171756121147
Aif1l,84.10746878691856,-0.49173212466218463,0.2726488944481882,-1.8035361033001698,0.07130406073996148,0.9981171756121147
Aifm1,25.630037388969697,0.048807507780475254,0.3922925843794141,0.12441608565628666,0.9009858377906953,0.9981171756121147
Aim2,13.857116732328072,-0.8231287506029233,0.6081342096606034,-1.3535314039680604,0.1758859244472073,0.9981171756121147
Aip,327.1956210655115,0.08620955577650442,0.18765652431276644,0.45940079137786477,0.6459463800695322,0.9981171756121147
Aire,0.29167828634047493,2.0902489199145853,4.023094876336202,0.5195624225044766,0.6033685947468979,0.9981171756121147
Ajuba,0.8517287985285106,-0.22997634798021302,2.0558180607653243,-0.11186609961710288,0.9109295764304793,0.9981171756121147
Ak4,17.312075242556762,-0.00332717379044447,0.47573241358398355,-0.006993792509067929,0.9944198064263854,0.9981171756121147
Akap5,158.80578516955228,-0.054712341392501564,0.215816785619841,-0.2535129102000286,0.7998718860488989,0.9981171756121147
Akap9,117.16559883427453,0.06462772775888596,0.2145862360076941,0.3011736864454284,0.7632820540032474,0.9981171756121147
Akip1,23.6386354548161,0.17163250060170085,0.40600126482583204,0.42273883229237824,0.6724858201105179,0.9981171756121147
Akr1b3,127.51804273350092,0.04021441211187467,0.22122947018160746,0.18177692184889574,0.8557577964626962,0.9981171756121147
Akt1,160.9959209924984,-0.03434200338057251,0.21090008864080018,-0.16283541463589882,0.8706480235438505,0.9981171756121147
Akt1s1,181.30267182581383,-0.22594355036168864,0.1952766120095842,-1.1570435805727688,0.24725455550689046,0.9981171756121147
Akt2,68.11861941714737,0.08039599290392327,0.26103085852350866,0.3079942094152165,0.7580867385306935,0.9981171756121147
Akt3,60.94569673356253,0.06767649316862065,0.2778306420570924,0.2435890176387152,0.8075491347902204,0.9981171756121147
Aldh1a2,1.8094417160044642,-1.8585772914774152,1.6782735952014598,-1.107434030298446,0.26810631966361054,0.9981171756121147
Aldh1a3,0.29230233483595164,0.5094768886628668,3.582136449186346,0.14222710270531164,0.8869006245356488,0.9981171756121147
Aldh1l1,32.6746735181324,-0.29547191616926877,0.35557279488129645,-0.8309744739270853,0.4059880496896491,0.9981171756121147
Aldh1l2,11.636457378484003,0.44425388311897335,0.7324937090246182,0.6064951516246299,0.5441860009057082,0.9981171756121147
Aldh2,13.869647114484522,0.3791455610623275,0.519519910429875,0.7297998660890682,0.46551252635540297,0.9981171756121147
Aldh3a1,0.29230233483595164,0.5094768886628668,3.582136449186346,0.14222710270531164,0.8869006245356488,0.9981171756121147
Aldh4a1,49.68520340972926,0.36075041005703873,0.30043826587740874,1.2007472117557751,0.22984927432815339,0.9981171756121147
Aldh9a1,76.32472271265272,-0.06505041253712252,0.26966604627960966,-0.24122581776451546,0.8093801019499253,0.9981171756121147
Aldoa,2660.6511032153794,0.040375664977324865,0.1370026381009758,0.29470720810183654,0.7682175563457734,0.9981171756121147
Aldoc,1088.1570791256797,-0.06336191275157942,0.19299782033412471,-0.3283037738036886,0.7426819910904001,0.9981171756121147
Alg13,23.546380341572156,-0.23328724652532815,0.4204867752842994,-0.554802814827168,0.5790295416070368,0.9981171756121147
Alk,6.556522088261134,-1.021542155960344,0.7694639689187677,-1.327602327365361,0.1843095152880977,0.9981171756121147
Alkbh5,95.72043364670206,-0.014508667098022485,0.2737507693136918,-0.05299954821824431,0.9577322676788379,0.9981171756121147
Alox12,0.5738638016188623,0.5127148236070577,2.3911531279038867,0.2144215766124981,0.8302183172237925,0.9981171756121147
Alox12b,0.29230233483595164,0.5094768886628668,3.582136449186346,0.14222710270531164,0.8869006245356488,0.9981171756121147
Alox12e,0.0,,,,,
Alox15,0.6148279376112366,-1.1990446740931224,2.512648900002208,-0.47720343024927553,0.6332172687282993,0.9981171756121147
Alox5,1.1292763793238942,0.9663801720012247,1.745671125329609,0.5535866166193002,0.5798617873508086,0.9981171756121147
Alpl,10.96524309812518,-0.05037847549021215,0.6049343213015528,-0.08327924820304428,0.9336295005027069,0.9981171756121147
Als2,73.51492401272745,-0.05912320961674317,0.27077640602143505,-0.21834697670100137,0.8271587752065082,0.9981171756121147
Alx1,0.2010153629169217,-0.46032403864503774,4.433790464391391,-0.10382178462017705,0.9173107782646794,0.9981171756121147
Alx4,0.4456265796949854,-0.41920576832084416,2.846245931408079,-0.14728374793440885,0.8829080598494075,0.9981171756121147
Ambra1,242.23251725769526,0.17741399297596908,0.19231266439323777,0.9225289116331719,0.35625275685625546,0.9981171756121147
Amd1,504.46829124068654,0.09498566003723098,0.1861198037742899,0.5103468739544849,0.6098084690356491,0.9981171756121147
Amelx,0.13572232361267328,-0.46032403864503774,4.433790464391391,-0.10382178462017705,0.9173107782646794,0.9981171756121147
Amer1,13.094282882244881,-0.33043532556966915,0.5318678479880118,-0.6212733610795687,0.5344197779179762,0.9981171756121147
Amfr,617.9850237306669,0.033776659944828966,0.15416628390314946,0.2190923922512667,0.8265780769188678,0.9981171756121147
Amh,2.188123474339364,1.1816202359269037,1.2560528148420682,0.9407408844312621,0.34683766183588827,0.9981171756121147
Amhr2,0.5302679477577205,-0.5738773201547389,2.710288297106237,-0.21174032325914005,0.8323096278643145,0.9981171756121147
Amigo3,0.7572772432894235,0.03705886923938874,2.2677671268540265,0.016341567350788296,0.9869618960114441,0.9981171756121147
Amy1,75.67043295072949,0.17340176613746758,0.3112911076742761,0.5570405381412598,0.5774997324106729,0.9981171756121147
Amy2a5,7.406999351816346,0.5563171187397083,0.6892842286097319,0.8070939325882811,0.41961236749047137,0.9981171756121147
Anapc11,155.75240375258346,0.14867544487735743,0.20499681548352616,0.7252573388843945,0.4682941723006373,0.9981171756121147
Anapc15,6.724540042166236,-0.15501790601381873,0.7421538293684137,-0.2088757072718223,0.8345452686573388,0.9981171756121147
Anapc16,189.86273520305784,0.005149904950819532,0.19119960813002823,0.02693470452783177,0.9785118133410823,0.9981171756121147
Anapc2,316.61369144835385,-0.14810104468990257,0.17330830191414626,-0.8545525116463787,0.3927989269258684,0.9981171756121147
Anapc4,211.361867198961,-0.06764153083176974,0.1908300659758702,-0.3544595055598984,0.7229945464102315,0.9981171756121147
Anapc5,326.2957924249082,0.027812519947794438,0.17167256396315875,0.16200911377873436,0.8712986769282403,0.9981171756121147
Ang,0.5738638016188623,0.5127148236070577,2.3911531279038867,0.2144215766124981,0.8302183172237925,0.9981171756121147
Angpt1,1.0757889600771813,0.008378913515489625,1.9966947325011632,0.004196391856552736,0.9966517735534604,0.9986440189872052
Angpt2,1.0564406313186947,-0.08602328925536247,1.7786691057426989,-0.048363851925927896,0.9614262675596279,0.9981171756121147
Angpt4,0.09877207360782624,-0.45211653757778947,4.435042509789109,-0.10194187239014495,0.9188028137063071,0.9981171756121147
Angptl3,0.0,,,,,
Angptl4,1.4180498914464217,-0.8016633377080818,1.5895755035156232,-0.5043254226899344,0.6140327152998013,0.9981171756121147
Angptl8,0.0,,,,,
Ank,628.0146581834928,-0.0784122912094017,0.1698502351698744,-0.46165547625517417,0.6443284046629293,0.9981171756121147
Ank1,20.18719543407659,0.051846851647146384,0.4569522486024752,0.11346229678421052,0.9096640528154636,0.9981171756121147
Ank2,666.9676512889135,-0.2152199800145849,0.15903759616434318,-1.3532647952763637,0.17597105171892968,0.9981171756121147
Ankle2,212.838128645625,-0.05931155299071999,0.185123793281953,-0.3203886001859602,0.7486737662100997,0.9981171756121147
Ankrd11,116.70896584964436,0.13221909505615717,0.22700001218541774,0.5824629425489115,0.5602548955595619,0.9981171756121147
Ankrd13a,473.8105212443665,-0.072901248189281,0.23990633453399388,-0.30387379445769136,0.7612240432934816,0.9981171756121147
Ankrd13b,180.69179008842113,-0.02747603701973293,0.21042033288783982,-0.13057691071317934,0.8961100088971929,0.9981171756121147
Ankrd13d,16.425028366409304,-0.530713762581091,0.48285903649347683,-1.0991070322202836,0.27172138293807435,0.9981171756121147
Anks6,12.700842931887069,0.06160781605766937,0.5375773022492065,0.1146027107169596,0.9087600310270749,0.9981171756121147
Anln,1417.064742931214,-0.21078254218358156,0.5225104923937193,-0.4034034631877858,0.6866514394605088,0.9981171756121147
Ano1,1.10814563536411,-1.0727771740912861,1.7886428390173033,-0.5997715981580088,0.5486584641555715,0.9981171756121147
Ano5,0.8659408822828207,0.12593946295362202,2.070977005732835,0.060811618190351246,0.9515092374696409,0.9981171756121147
Anp32e,123.04619839292234,0.08856904072089068,0.22022180296634383,0.40218107166449163,0.6875507714679181,0.9981171756121147
Anxa2,79.74385797230735,0.2920206577077299,0.3990153610274153,0.7318531721581162,0.4642581906980764,0.9981171756121147
Anxa6,102.85632681119175,0.280595276128091,0.25646615828387404,1.0940830478597072,0.27391855660073416,0.9981171756121147
Anxa8,0.09877207360782624,-0.45211653757778947,4.435042509789109,-0.10194187239014495,0.9188028137063071,0.9981171756121147
Aox3,1.9589773290479642,-0.959938067899575,1.4145560856101034,-0.6786143565919835,0.4973822438525738,0.9981171756121147
Ap1b1,190.08077277673314,0.014697390903560946,0.19298956692989958,0.07615640128826001,0.9392946686404309,0.9981171756121147
Ap1g1,250.84515450422668,-0.008030318975263706,0.17745407051411738,-0.04525294320946474,0.9639056948625244,0.9981171756121147
Ap1s1,119.23896298088698,0.016565873676792922,0.22396765054460413,0.07396547508763439,0.9410378568715843,0.9981171756121147
Ap2a1,110.77289312927131,0.09593165023850073,0.23147171219190654,0.41444221987249374,0.6785502743728322,0.9981171756121147
Ap2a2,172.34735245851095,0.04599934136677151,0.20873009361359515,0.22037714145774448,0.8255774462928445,0.9981171756121147
Ap2b1,587.4233948257657,-0.026323284217079333,0.16982366534892632,-0.1550036278100257,0.8768184572957569,0.9981171756121147
Ap3b1,119.50531277780591,-0.05257031020545322,0.23938009367386875,-0.21961019982336114,0.8261747470210885,0.9981171756121147
Ap3b2,126.98323917202968,-0.2702889972676759,0.23164425407612485,-1.1668279808868098,0.2432798447603438,0.9981171756121147
Ap3m2,117.79076644074092,0.08229237485823486,0.2298425045084253,0.3580381054158687,0.7203147972371756,0.9981171756121147
Ap3s2,76.33076464976861,0.0399926747161749,0.2608546798477175,0.15331400126507963,0.8781506597941371,0.9981171756121147
Ap4s1,117.90971363058664,-0.056919221079710966,0.23036819182907864,-0.24707934123970599,0.8048468214610148,0.9981171756121147
Ap5z1,53.37697801885716,-0.1531951745210093,0.28799066607361495,-0.5319449293604892,0.5947641379608124,0.9981171756121147
Apaf1,37.046475426796256,0.21662348854926944,0.3522959285840914,0.6148906955010762,0.5386269079554166,0.9981171756121147
Apba1,95.34038322911455,-0.11771772719173336,0.23964566002287382,-0.4912157690671192,0.6232738469788788,0.9981171756121147
Apba3,84.42003552633447,0.04800486768426372,0.2616019074692793,0.18350350786299627,0.8544029666326316,0.9981171756121147
Apc,418.03665877063173,-0.1245125762613693,0.1682167496619799,-0.7401913097926863,0.4591839198648131,0.9981171756121147
Apc2,93.2660386022127,-0.005770931126428824,0.2578049775568057,-0.022384870847411142,0.9821409486439189,0.9981171756121147
Apcs,0.0,,,,,
Apex1,2.2045670288799033,-0.2889884745843905,1.2516122240571035,-0.2308929786956169,0.8173979455625636,0.9981171756121147
Aph1c,3.277499016916323,-1.017492329422589,1.1381601405171053,-0.8939799358641283,0.37133262641661413,0.9981171756121147
Apip,81.81971696863933,0.23574110322074635,0.2711879573872584,0.8692904563018862,0.3846882816094195,0.9981171756121147
Apln,148.99599811522316,-0.12162278789451293,0.3028806411000855,-0.4015535210595491,0.6880126418459729,0.9981171756121147
Aplnr,0.09877207360782624,-0.45211653757778947,4.435042509789109,-0.10194187239014495,0.9188028137063071,0.9981171756121147
Aplp1,18824.94789770379,-0.21023907285455876,0.16314677901865904,-1.288649853335528,0.19751984341540885,0.9981171756121147
Aplp2,600.5111733251879,0.16684973291433325,0.15740317745262722,1.0600150239314523,0.2891377644059129,0.9981171756121147
Apmap,140.33047147069007,0.11546205235407289,0.2373941731945509,0.4863727310587722,0.6267029208133117,0.9981171756121147
Apoa1,0.48257682969983245,-0.5794186705020172,2.7806951780295104,-0.20837187588199146,0.8349386141579795,0.9981171756121147
Apoa4,3.034271421016074,0.057639731818116775,1.114734113145432,0.05170715701475702,0.9587620343974365,0.9981171756121147
Apob,0.24461121677806372,0.5095569421313735,3.7994315150776345,0.13411399576732771,0.8933124326044014,0.9981171756121147
Apobec1,2.1016996910753307,0.12164163894059425,1.2499808739410392,0.09731480015135976,0.9224764029646673,0.9981171756121147
Apobec3,6.378219854289422,0.4001508397584216,0.7645620601661107,0.5233726084596504,0.6007149819869654,0.9981171756121147
Apod,3973.16576407376,-0.06193171383800128,0.2153429343721603,-0.2875957552011879,0.7736561945268714,0.9981171756121147
App,2721.0099960360926,-0.036154672156449616,0.17150981150947855,-0.2108023549104741,0.8330415008835947,0.9981171756121147
Appbp2,419.11046994596876,-0.0313048664366521,0.17777988318974244,-0.17608778830865116,0.860224974541543,0.9981171756121147
Appl1,341.63718628281345,-0.05976545131405143,0.16855708405732758,-0.3545709849472997,0.7229110162451735,0.9981171756121147
Appl2,440.63460649292097,-0.09111211166125979,0.17119826483170042,-0.5322023079546351,0.5945858846545786,0.9981171756121147
Aqp2,0.29167828634047493,2.0902489199145853,4.023094876336202,0.5195624225044766,0.6033685947468979,0.9981171756121147
Aqp3,0.09877207360782624,-0.45211653757778947,4.435042509789109,-0.10194187239014495,0.9188028137063071,0.9981171756121147
Aqp4,63.62657542012536,-0.06019983035864101,0.2680912853630087,-0.224549747214377,0.8223295623553812,0.9981171756121147
Aqp5,1.1954187212956127,0.5894713287836443,1.75737662271982,0.3354268636345826,0.737303106284658,0.9981171756121147
Aqp6,0.19353026122812536,1.4685041306821252,4.434566981015867,0.33114938549100936,0.740531649762339,0.9981171756121147
Ar,27.05574339570937,0.3331626024388702,0.4026770565024221,0.8273692207166172,0.4080278206126181,0.9981171756121147
Araf,328.9053344051734,-0.049061100379036875,0.17433731874630448,-0.2814147924944891,0.7783922736115074,0.9981171756121147
Arap1,88.38454997726983,0.11703645544745292,0.2642562453856181,0.4428900262193104,0.657845281900362,0.9981171756121147
Arc,376.08409037840266,0.03145557731486339,0.20631537516204956,0.15246356356212784,0.8788213264923747,0.9981171756121147
Arf2,66.00889339675679,0.04907298217048852,0.27902303044788174,0.1758743071914803,0.8603926905906467,0.9981171756121147
Arf6,17.425304513444637,-0.1556709973215968,0.4716250214351192,-0.33007366073984323,0.7413443046405153,0.9981171756121147
Arfip2,191.20001966067048,0.08694779492720614,0.19309391377827284,0.4502875995721291,0.652503079197033,0.9981171756121147
Arg1,0.3332664708283257,-1.6657536247670026,3.529127732487606,-0.47200151171429805,0.6369257095614138,0.9981171756121147
Arg2,7.4637888868454345,0.10393819656086346,0.6961681125266178,0.14930042713912642,0.8813165782425193,0.9981171756121147
Arhgap17,66.52004471841762,0.05317890733144557,0.27379515292758444,0.1942288121715243,0.8459967235804686,0.9981171756121147
Arhgap31,78.10440148934055,0.0617326775295833,0.28230633218562645,0.21867266331451565,0.8269050451370658,0.9981171756121147
Arhgap35,243.46808351591594,-0.012050088703237052,0.1971111072396479,-0.061133483911622204,0.9512529027059355,0.9981171756121147
Arhgap44,89.36459988889544,0.007374250402549615,0.2423411228291209,0.03042921612502939,0.9757247445412914,0.9981171756121147
Arhgef1,100.09365227682025,-0.051307143579131465,0.280111358242197,-0.18316695153350038,0.8546670244997745,0.9981171756121147
Arhgef11,73.07993082060612,0.08678995170616177,0.2644595247311136,0.32817858155952045,0.7427766412932317,0.9981171756121147
Arhgef12,385.6792843243024,0.001142473186373724,0.1964639623506085,0.005815179398320759,0.9953601842900379,0.9981171756121147
Arhgef15,12.91909623644004,0.0783003376917134,0.5873933419831634,0.13330137081117568,0.8939550435260797,0.9981171756121147
Arhgef28,241.85823609057024,-0.24934296216099938,0.22097130522195088,-1.1283952090998923,0.2591530501991215,0.9981171756121147
Arhgef3,75.71911173304224,0.09839143976704447,0.2522922872036794,0.3899898837874959,0.6965440274304338,0.9981171756121147
Arhgef6,5.114485933573222,-0.715036573552445,0.850293682915092,-0.8409289495143134,0.4003877392634807,0.9981171756121147
Arhgef7,107.06597308266868,0.19677943478378804,0.24009775892623975,0.819580472819992,0.41245530930584096,0.9981171756121147
Arid1a,193.66593167004274,0.1291581064315041,0.19183430209348373,0.6732795179068832,0.5007694807669476,0.9981171756121147
Arid1b,110.48865387674219,0.1270084671581422,0.2376096469449578,0.5345257180890626,0.5929778609807078,0.9981171756121147
Arid2,127.20936657478343,0.0535313708197941,0.2254116471160999,0.23748271885978625,0.8122823241418435,0.9981171756121147
Arid3a,8.448632062314914,-0.4394115445669893,0.6841462042241693,-0.6422772528063467,0.5206931811035174,0.9981171756121147
Arid3b,12.30447151167372,-0.23480421421001235,0.5482568130654991,-0.42827413834976047,0.6684515452351043,0.9981171756121147
Arid5b,181.62353953151603,0.8107682031063934,0.28126318252777577,2.8825962780476146,0.003944125844307399,0.9981171756121147
Arl13b,81.00624603744954,-0.037667503476256414,0.24888083198038782,-0.1513475472439142,0.8797015639529775,0.9981171756121147
Armc12,0.4791056139985632,-0.728269443817554,2.7347015770170557,-0.26630673340669664,0.7900029877823641,0.9981171756121147
Arnt,141.51396677715115,0.19745501366593568,0.21276437998383077,0.9280454448293528,0.3533839967930924,0.9981171756121147
Arnt2,303.76184900822955,-0.038072678856379355,0.21774307687593603,-0.17485138633395958,0.8611964097797742,0.9981171756121147
Arntl,37.414103399481256,-0.2705351822993156,0.3628072993765148,-0.7456718284451028,0.45586568103409797,0.9981171756121147
Arr3,0.3468545060871591,0.5022934414257615,3.404314214859431,0.1475461457797608,0.8827009591994037,0.9981171756121147
Arrb1,108.48720287496887,-0.05644855003218262,0.2559100351876594,-0.22057966578289423,0.825419735443964,0.9981171756121147
Arrb2,44.42117210870205,-0.19819350729777163,0.3640208056488056,-0.5444565371600812,0.5861273492486871,0.9981171756121147
Arrdc2,295.6256327716596,0.46852131303643485,0.28762279723496237,1.6289435939728185,0.10332496033532577,0.9981171756121147
Arrdc3,793.812973454589,0.07983325808214344,0.21487093228752724,0.37154052077791244,0.7102349810664188,0.9981171756121147
Arx,25.626884245464705,0.409706135217328,0.3998726406577902,1.0245915663131184,0.30555594557001564,0.9981171756121147
Asap1,132.84061325582803,-0.0077334739731241605,0.2108220715176027,-0.03668246838414378,0.970738187437444,0.9981171756121147
Asap2,62.04803310705653,0.07592890118389514,0.3114755883048127,0.243771595703964,0.8074077201286832,0.9981171756121147
Asb9,0.29230233483595164,0.5094768886628668,3.582136449186346,0.14222710270531164,0.8869006245356488,0.9981171756121147
Ascc2,55.01539997141913,0.19098111407504303,0.3428004250907623,0.5571204120428891,0.5774451621815005,0.9981171756121147
Ascl1,4.513975488905637,0.14737950673390737,0.872741361934544,0.16886962525440716,0.8658991915671599,0.9981171756121147
Ascl2,4.324322583452971,1.6593435920053627,1.0531693639157231,1.5755714596898842,0.11512459783055101,0.9981171756121147
Asf1a,169.39717693187177,-0.2776366046417076,0.2149301934488609,-1.2917524531413342,0.1964428860477173,0.9981171756121147
Ash1l,196.3897723252794,0.05324714294551247,0.18723990584658393,0.28437924439644197,0.7761197632460175,0.9981171756121147
Ash2l,246.77284925106252,-0.08920235973657774,0.1857912271569193,-0.48012148421430806,0.6311410123714419,0.9981171756121147
Asic1,34.29762668124287,-0.21136146495851937,0.3779699982566113,-0.5592016983713661,0.5760240741877214,0.9981171756121147
Asic3,3.1198079042704197,1.0794053139643967,1.0706843176551912,1.0081452545492628,0.31338473498559327,0.9981171756121147
Asna1,309.9151164363903,0.07169607638396969,0.1699997820574308,0.42174216646788815,0.6732132230883956,0.9981171756121147
Aspa,1343.0127509486053,-0.32237114449016085,0.1556787100889165,-2.070746502884288,0.03838249198100583,0.9981171756121147
Asxl3,17.012625349787793,-0.07909071042471572,0.5207203212932836,-0.15188712095637555,0.8792759664231914,0.9981171756121147
Atad3a,45.8172041929647,0.29926713042483905,0.3294801454713295,0.9083009539064335,0.36371923868002765,0.9981171756121147
Atf1,58.948100240790616,-0.03435017050528115,0.29838969254849895,-0.1151184888857983,0.9083512053182536,0.9981171756121147
Atf2,87.68196995273121,0.023117213340985293,0.2594176243161764,0.0891119614633823,0.9289929313425609,0.9981171756121147
Atf4,532.4222068410978,0.5389221783020595,0.28793166271848863,1.871701685093816,0.061247886294387315,0.9981171756121147
Atf5,182.4341139910218,1.1391306486383228,0.8418586215394745,1.3531139546391275,0.17601922824073268,0.9981171756121147
Atf6,41.71591009379984,0.12949530955588973,0.3229959792663268,0.4009192617506677,0.6884795680331597,0.9981171756121147
Atf6b,124.2281695900718,0.09289827096831764,0.22881587647567772,0.40599573945295,0.6847457309019831,0.9981171756121147
Atg101,126.71916211895847,0.1273351815338539,0.21505341806399067,0.5921095450617967,0.553777235628566,0.9981171756121147
Atg13,324.54887954308623,0.0430652951729178,0.17285769154116012,0.24913728043546898,0.8032545928030677,0.9981171756121147
Atg14,66.85997438161706,0.4792951462780226,0.2690882892620346,1.7811817362712927,0.07488276630277267,0.9981171756121147
Atg16l1,115.92125070875299,-0.059863853366669675,0.22923604974439568,-0.26114502249283855,0.7939806729824164,0.9981171756121147
Atg3,172.0408176446358,-0.03424477739628766,0.19905175765713576,-0.17203956297273132,0.8634064259169822,0.9981171756121147
Atg5,121.1007257983789,-0.1600003243285459,0.2192794139334144,-0.7296641369952358,0.46559550764800006,0.9981171756121147
Atg7,80.20499330322362,-0.006248724541004098,0.2651718237475262,-0.02356481338286377,0.9811997392051965,0.9981171756121147
Atg9a,163.40642653465287,-0.07894992406516013,0.20998237777895715,-0.37598357014638917,0.7069291105188102,0.9981171756121147
Atl1,268.78092452008735,0.08850422549720031,0.22213986444192424,0.39841667194470926,0.690323070550624,0.9981171756121147
Atm,24.141531022957853,0.3717213734868409,0.44355253001671896,0.8380549051829995,0.40199986785156483,0.9981171756121147
Atn1,234.61536196960188,0.08387454874627463,0.1868312195936189,0.4489321909299323,0.6534805733655524,0.9981171756121147
Atoh1,0.4095734345347945,0.502544893843937,3.2344305285202872,0.1553735315730665,0.8765268494907043,0.9981171756121147
Atoh7,1.2240345669441934,1.7847190962060515,1.8243771215658773,0.978262155948444,0.32794468193003645,0.9981171756121147
Atp1b2,717.4453466131571,-0.0469054352515806,0.1863877105800003,-0.251655192853759,0.8013075934096194,0.9981171756121147
Atp2a2,1075.1153000269032,0.012444251886906475,0.14755770711396018,0.08433481469928009,0.9327902328604888,0.9981171756121147
Atp2a3,1.2872385586659318,-1.1750013104309824,1.7107076400043406,-0.6868510334284829,0.49217660653547346,0.9981171756121147
Atp2b2,631.5808596484102,-0.12315393156134861,0.23044230622757939,-0.5344241410243686,0.593048120421687,0.9981171756121147
Atp2b3,41.549348009151224,0.1856663498601431,0.32115488032964323,0.5781209043735206,0.5631824945551156,0.9981171756121147
Atp2b4,55.48834192242892,0.23329367664869904,0.35908105275743096,0.649696426077639,0.5158883329287998,0.9981171756121147
Atp4a,0.3292525848407986,0.5022352423470765,3.4473755284261705,0.14568625849019756,0.8841690697581248,0.9981171756121147
Atp4b,0.0,,,,,
Atp5f1,922.3921868268684,-0.14889010368168387,0.15154168830261538,-0.9825026060443742,0.3258522997204679,0.9981171756121147
Atp5o,915.0965636474695,-0.024551606179015004,0.14775294483189666,-0.1661666114807266,0.868025834299972,0.9981171756121147
Atp6ap2,449.45485878270955,0.18242570118686782,0.1971378429823217,0.9253712956736917,0.35477280456443705,0.9981171756121147
Atp6v0a1,419.77106232995203,0.014072015851775192,0.15821138963368633,0.08894439195785298,0.929126103653631,0.9981171756121147
Atp6v0d2,0.0,,,,,
Atp6v1a,817.5098848090864,0.08063473625989644,0.17295633995186702,0.4662144000175809,0.6410620429711245,0.9981171756121147
Atp6v1b2,722.816425045619,-0.019863837917473568,0.14833090491814688,-0.13391570642972206,0.8934692302230578,0.9981171756121147
Atp7a,70.25741398108728,0.2610034676154099,0.26919612098708773,0.9695662279915586,0.33226275357279944,0.9981171756121147
Atp7b,6.698934379924943,0.6171752075990565,0.7289325697393133,0.8466835386704914,0.39717153645456427,0.9981171756121147
Atr,30.34070283575707,-0.3420856774197439,0.36564840726322534,-0.9355590524245906,0.3495002655783842,0.9981171756121147
Atraid,193.76740481472063,-0.006770526985731025,0.18742283823300465,-0.036124343487499024,0.9711832116971436,0.9981171756121147
Atrx,157.85479918784554,0.005949771453119968,0.21564977875108593,0.027589972443178346,0.9779891794536015,0.9981171756121147
Atxn1,87.8393499545637,-0.2020510445359699,0.25329796191911924,-0.7976812880969291,0.4250554652392211,0.9981171756121147
Atxn10,884.1246261135024,-0.09146330808342136,0.15166931867117509,-0.6030442338949075,0.5464792631078355,0.9981171756121147
Atxn3,86.25273297818258,-0.007173352553965708,0.24519175850284233,-0.0292560916311653,0.9766603457007408,0.9981171756121147
Aurka,4.022442665438323,-0.4790726842260317,1.0140622465235694,-0.47242926740286334,0.6366204180284514,0.9981171756121147
Aurkb,0.3702167208331728,-1.7946432221697082,3.425596754087445,-0.5238921423043525,0.6003535603797365,0.9981171756121147
Avil,0.09877207360782624,-0.45211653757778947,4.435042509789109,-0.10194187239014495,0.9188028137063071,0.9981171756121147
Avpr1b,0.2010153629169217,-0.46032403864503774,4.433790464391391,-0.10382178462017705,0.9173107782646794,0.9981171756121147
Avpr2,0.0,,,,,
Axin1,25.84014203902727,0.05514864217662706,0.417094899003943,0.13222085023894217,0.89480960980033,0.9981171756121147
Axin2,51.83350204165132,-0.32269785057078976,0.2944278250718383,-1.0960168268473056,0.27307141074052643,0.9981171756121147
Axl,22.29935657443291,0.1095031818952454,0.4250769568378428,0.25760789930802663,0.7967095326670254,0.9981171756121147
Azi2,109.92393508201849,-0.12640966968444434,0.23588786757150915,-0.5358888144008652,0.592035395518269,0.9981171756121147
Azin2,1.5420479732107786,0.1662834822141896,1.4804389809662353,0.11232038898736756,0.9105693760224257,0.9981171756121147
B2m,476.0078873743771,0.383189435222084,0.22857203374367807,1.6764493404814114,0.09365021124861198,0.9981171756121147
B3glct,10.929944634605926,0.6923776454760115,0.5893376237053998,1.1748403930547624,0.24005857649582485,0.9981171756121147
B3gnt2,136.53338666106143,-0.0004798228005291567,0.2216931985571703,-0.002164355080137562,0.9982730958457242,0.9994278384364038
B3gnt6,0.0,,,,,
B4galnt1,84.11887196029856,0.036733613423061494,0.2562791067470039,0.1433344055601245,0.8860260846506745,0.9981171756121147
B4galnt2,0.0,,,,,
B9d2,18.035430288949325,0.3347170572663859,0.4518317376184703,0.7408002346860885,0.45881457286598837,0.9981171756121147
Babam2,113.5636061901116,-0.023919927989468126,0.23177670344758375,-0.1032024687281723,0.917802280614363,0.9981171756121147
Bace1,193.01362273455842,-0.020446938650734273,0.27947622617902684,-0.07316163857757395,0.9416774925264254,0.9981171756121147
Bace2,14.314851657048242,0.03898631355594167,0.5853409876089196,0.06660444831515772,0.946896604368603,0.9981171756121147
Bach1,95.25050238759188,0.10282898604906385,0.23164193034746947,0.4439135259096549,0.6571051050479906,0.9981171756121147
Bach2,123.07975786125802,0.3994138953876223,0.3064982397115398,1.3031523305436594,0.1925227608387302,0.9981171756121147
Bad,84.73399290850261,-0.15747040559950337,0.25826175405547036,-0.6097318055296771,0.5420394819885651,0.9981171756121147
Bag2,3.67027446235218,-0.4269312504654401,0.9878477816653275,-0.43218323550386833,0.6656082427955805,0.9981171756121147
Baiap2,316.67666607801476,-0.06433668072019047,0.17947178086842927,-0.3584779758069915,0.7199856469829163,0.9981171756121147
Bak1,25.19164662581139,-0.10090509950586762,0.3939957666045592,-0.2561070652496193,0.7978681666022507,0.9981171756121147
Banp,46.580384047968344,0.19882419277486513,0.30120395958392815,0.660098204052541,0.50919081113336,0.9981171756121147
Bap1,107.22639925324465,0.17772640918367072,0.22936842858659395,0.7748512307419558,0.4384275728157778,0.9981171756121147
Bard1,3.8722205061457906,-0.44378737699983356,0.9886217439384188,-0.44889501947620225,0.6535073890787406,0.9981171756121147
Barhl1,0.0,,,,,
Barhl2,0.24461121677806372,0.5095569421313735,3.7994315150776345,0.13411399576732771,0.8933124326044014,0.9981171756121147
Barx1,0.09877207360782624,-0.45211653757778947,4.435042509789109,-0.10194187239014495,0.9188028137063071,0.9981171756121147
Batf,0.7722474466670163,-2.78221361423717,2.68102754877749,-1.037741523956298,0.299390407450036,0.9981171756121147
Batf3,2.327859683939564,0.36095801783619225,1.2074478998856017,0.2989429339935833,0.7649835875228974,0.9981171756121147
Bax,133.00219155319425,0.4351654696271834,0.2960709774706775,1.4698011718162467,0.14161561170779174,0.9981171756121147
Baz1a,14.910977569801458,0.7146004012151016,0.504091433711174,1.4176007633260863,0.1563073571729313,0.9981171756121147
Baz1b,275.61953389051047,-0.14829273813169566,0.20506617892817997,-0.7231457615623297,0.4695903372046084,0.9981171756121147
Bbc3,8.648530454169725,1.349630267918736,0.7648031892558361,1.7646765689248034,0.07761813870745149,0.9981171756121147
Bbox1,1.0192651271418545,-0.5321192413653832,1.9540545688901194,-0.2723154459640402,0.7853794806834024,0.9981171756121147
Bbs1,45.239854129470196,0.18892935204640313,0.33276033614797845,0.5677640377258973,0.5701952019925017,0.9981171756121147
Bbs2,76.55321014354143,0.3147523787898052,0.26422110162467266,1.1912461830429897,0.23355695414396005,0.9981171756121147
Bbs4,76.10609307251552,0.17900993459363088,0.2519550071877586,0.7104837351385973,0.4774042135894039,0.9981171756121147
Bbs5,24.6608065491519,0.36380294625201626,0.4177349846706444,0.8708941304948402,0.38381196191878997,0.9981171756121147
Bbs7,49.283123898390386,0.1802435057156469,0.3028673311157004,0.5951236307054552,0.5517608339199433,0.9981171756121147
Bbs9,185.85408930137476,0.17092500863159188,0.19637088928193389,0.8704192829019132,0.38407131256441107,0.9981171756121147
Bcam,7.768277948582739,-0.07074127739692106,0.7112757039171976,-0.09945690118097486,0.9207755060528112,0.9981171756121147
Bcar1,140.67794633250026,-0.09701088486232863,0.23571628016815985,-0.4115578473965444,0.6806635331697746,0.9981171756121147
Bcl10,93.4152116137551,0.21389291697420526,0.27192105655564874,0.7865993155643392,0.43151646006769684,0.9981171756121147
Bcl11a,46.93637168925545,0.13869887126089492,0.357517566070603,0.3879498084116642,0.6980531772905034,0.9981171756121147
Bcl11b,135.1033930637592,-0.06594019937244855,0.2368637973903638,-0.27838867779264587,0.7807140099444059,0.9981171756121147
Bcl2,11.847066994961581,-0.1455356505298919,0.5603871024135091,-0.25970556763903047,0.7950908976164882,0.9981171756121147
Bcl2a1a,3.6840877517830073,-0.016915052529131933,0.9625950834100372,-0.017572344613697364,0.9859800190713348,0.9981171756121147
Bcl2l1,438.20663085645657,0.5808913366009631,0.2428189823803488,2.392281406117837,0.01674399886262632,0.9981171756121147
Bcl2l11,18.65543441001964,0.13509368721263643,0.4964885131611808,0.27209831372026005,0.7855464261044761,0.9981171756121147
Bcl2l12,17.18965565728668,0.715777212217581,0.5205862588536957,1.3749444977546772,0.16914865241683363,0.9981171756121147
Bcl2l2,123.03459207103118,0.04712340242878259,0.22882182916572225,0.20593927861075645,0.8368383431063315,0.9981171756121147
Bcl3,0.24461121677806372,0.5095569421313735,3.7994315150776345,0.13411399576732771,0.8933124326044014,0.9981171756121147
Bcl6,123.98064619598621,0.36155525248942055,0.24599555959004824,1.4697633286224867,0.14162586429268206,0.9981171756121147
Bcl7a,107.88316503421277,-0.12443191084196853,0.23380275024999755,-0.5322089270075635,0.5945813008033003,0.9981171756121147
Bcl7b,279.82528825282947,-0.1266488928065194,0.18951367726402893,-0.6682836544302455,0.5039525451412812,0.9981171756121147
Bcl7c,73.68107074583435,0.03204874857055174,0.2618554182842451,0.12239100791018463,0.9025893596212342,0.9981171756121147
Bclaf1,158.11452785009013,0.15680688543970728,0.2021286812865257,0.7757775118387434,0.4378803641543819,0.9981171756121147
Bco1,0.2010153629169217,-0.46032403864503774,4.433790464391391,-0.10382178462017705,0.9173107782646794,0.9981171756121147
Bcor,60.12529311401701,-0.17452681949488077,0.2971748614508214,-0.5872866185343968,0.5570112267265885,0.9981171756121147
Bcr,371.51980324203697,-0.014510465842940138,0.18383830446789814,-0.07893059003638687,0.9370878318069182,0.9981171756121147
Bdh1,92.90006980109005,-0.2649559209615586,0.24020468514695867,-1.1030422691358288,0.2700088094918981,0.9981171756121147
Bdkrb1,0.2344943972204995,-1.2123042177937502,3.9780828204562106,-0.3047458468083683,0.7605597286868574,0.9981171756121147
Bdkrb2,1.18070832702013,-1.060259547212827,1.9660262066648222,-0.539290648119822,0.5896863206906021,0.9981171756121147
Bdnf,2.4191802318906266,0.5772742881464432,1.2691204246362189,0.4548617112610991,0.6492087302564791,0.9981171756121147
Becn1,152.0394391975103,0.08587586424913767,0.20566318066270753,0.41755585016443025,0.6762718820866067,0.9981171756121147
Bex3,242.52569794142292,0.12488962393011117,0.1881294564496972,0.6638493848171227,0.5067867142261243,0.9981171756121147
Bfsp1,6.703620116585133,0.4579235922006663,0.746138744986483,0.6137244517559024,0.5393974275639304,0.9981171756121147
Bglap,0.14583914317023747,1.4685041306821252,4.434566981015867,0.33114938549100936,0.740531649762339,0.9981171756121147
Bglap2,0.9323562806037184,1.1938764410142728,2.1428978838594053,0.5571317466906429,0.5774374184930298,0.9981171756121147
Bhlha15,0.6793628572922024,1.9723598310310948,2.660147583795912,0.741447520823873,0.4584221402716607,0.9981171756121147
Bhlhe22,6.716768435737744,-0.215105487241384,0.7849041601850943,-0.2740531878320766,0.7840437477048078,0.9981171756121147
Bhlhe40,37.49393198460361,0.3573681730017995,0.3677129974357972,0.9718671232560827,0.3311166574459441,0.9981171756121147
Bhmt,0.33936940439836283,2.2357748292719086,3.5536531379614233,0.6291482996436945,0.5292519722359541,0.9981171756121147
Bicd2,337.48975301845087,-0.1098152521184105,0.21520144055159846,-0.5102905065920332,0.6098479526743307,0.9981171756121147
Bid,8.89763081537445,0.5066705870964331,0.6958535373714004,0.7281282049817417,0.4665351097011575,0.9981171756121147
Bin1,3339.246105809148,-0.1316149998192821,0.14692295252817517,-0.8958096577459027,0.370354430935979,0.9981171756121147
Birc2,51.311088340564616,-0.14388278749245964,0.299287522381945,-0.480751039493184,0.6306934513910913,0.9981171756121147
Birc3,2.280792614377153,0.023893290697585664,1.2202919864499873,0.019579978368205825,0.9843784357198389,0.9981171756121147
Birc5,2.946567436410522,0.15327366783433788,1.1428563080387044,0.1341145573211878,0.8933119885606845,0.9981171756121147
Blk,0.27385111092212117,1.468507008457143,4.1863062795273285,0.3507882391784651,0.7257472210175899,0.9981171756121147
Blmh,175.35400784637298,-0.03983807704245209,0.200651891520951,-0.19854324193247094,0.8426200559030433,0.9981171756121147
Blnk,10.088467733087993,-0.496404251687694,0.6129001851359971,-0.809926744560448,0.41798227966203705,0.9981171756121147
Bloc1s5,24.92505120087895,0.009308081827096285,0.39794572131061773,0.023390330209960553,0.9813389182720146,0.9981171756121147
Bloc1s6,12.45585523922353,-0.5278508617902893,0.5710545145796522,-0.9243440832944563,0.3553071976868465,0.9981171756121147
Bmf,18.496836463661598,-0.08231026847516205,0.4864789689052452,-0.16919594419547082,0.8656425198631992,0.9981171756121147
Bmi1,304.313367025074,0.05794118318261408,0.19605839792822236,0.29553022872208995,0.7675888637942075,0.9981171756121147
Bmp1,301.6751463526736,0.1440614870411878,0.1804934739285091,0.7981534395988661,0.4247814530759293,0.9981171756121147
Bmp10,0.0,,,,,
Bmp15,0.13572232361267328,-0.46032403864503774,4.433790464391391,-0.10382178462017705,0.9173107782646794,0.9981171756121147
Bmp2,10.374072750047146,-0.7817083874174802,0.6282601826825169,-1.2442430842581447,0.21341011134054566,0.9981171756121147
Bmp3,0.9499582018500791,0.9758554345037903,1.9405510167756708,0.5028754338678642,0.6150518538723673,0.9981171756121147
Bmp4,5.7465337066889175,0.007822162477661005,0.9544054452472982,0.008195848542790098,0.9934607321943213,0.9981171756121147
Bmp5,0.6031036957629198,1.5544739443149347,2.618386358509079,0.5936763072658457,0.5527286326626796,0.9981171756121147
Bmp6,15.06723868879925,-0.10780850350163504,0.5070310188209874,-0.21262703759688112,0.8316178806891983,0.9981171756121147
Bmp7,6.304178197184272,0.3047986484133506,0.8499504639246249,0.35860754402786077,0.7198887023776246,0.9981171756121147
Bmp8b,0.0,,,,,
Bmpr1a,23.91055826599869,0.4598058905600808,0.40282023650600507,1.1414667111770742,0.25367575718919033,0.9981171756121147
Bmpr1b,37.32812997546145,0.15361810726907912,0.36414423982656224,0.4218605993664644,0.6731267704278661,0.9981171756121147
Bmpr2,381.9680791013811,-0.014383644959814784,0.16845061086055893,-0.08538790620190369,0.931953007500399,0.9981171756121147
Bnc1,0.14583914317023747,1.4685041306821252,4.434566981015867,0.33114938549100936,0.740531649762339,0.9981171756121147
Bnc2,5.360127338920953,0.2554071441930979,0.8652370659231838,0.29518747433755116,0.7678506699398826,0.9981171756121147
Bnip3,342.0007115307651,-0.05104056755132886,0.19901041102132744,-0.25647184631892933,0.7975865169690218,0.9981171756121147
Boc,2.1962326245236365,0.3204646551000153,1.2330636891673414,0.2598930273556409,0.7949462898835999,0.9981171756121147
Borcs8,49.13011470545126,-0.00815929589341458,0.3354103696709168,-0.024326307804436578,0.9805923287442261,0.9981171756121147
Bpifb1,0.0,,,,,
Braf,98.17068077247659,0.15547269589589888,0.23325040947287945,0.6665484371377964,0.5050606144450076,0.9981171756121147
Brca1,5.198678246051026,0.3481101898801882,0.8314376220289461,0.4186846741800059,0.6754465977293984,0.9981171756121147
Brca2,9.31073796336407,0.4316095655076132,0.6221092883981969,0.6937841526509253,0.4878175823331783,0.9981171756121147
Brcc3,50.46172230612476,-0.13494678611040378,0.3070988509928916,-0.4394245881223678,0.6603539134850003,0.9981171756121147
Brd2,283.62485657362635,0.05211300874491534,0.20730598196071112,0.251382079050627,0.8015187217933073,0.9981171756121147
Brd4,239.18888787510832,0.11693741526063907,0.18431058582774362,0.6344584861225963,0.5257816511179808,0.9981171756121147
Brd7,208.17547049840354,-0.08749342311179378,0.19183789031164958,-0.45607999008775923,0.6483324586514958,0.9981171756121147
Brd8,182.33228963522072,0.010297168333860336,0.2036158557745567,0.05057154461124752,0.959666937911868,0.9981171756121147
Brip1,0.7197029447890998,1.0113165580423495,2.1857608220401183,0.4626839990198101,0.6435908892239759,0.9981171756121147
Brpf1,83.33722395121606,0.21513632217120188,0.24835339836751136,0.8662507684023911,0.38635265794485485,0.9981171756121147
Brpf3,30.32307978054399,0.059387892887514816,0.35952690952344707,0.1651834433373387,0.8687995965513259,0.9981171756121147
Brs3,0.4852085475686003,2.7222416880492872,3.1760011194447726,0.8571286928655707,0.3913737653983068,0.9981171756121147
Brsk2,316.0073725678655,-0.029108325587868477,0.17343454648793635,-0.16783464527289652,0.8667133660921943,0.9981171756121147
Brwd3,67.06784124222133,-0.08928775967121859,0.2773776170290716,-0.32189965660372827,0.747528713344173,0.9981171756121147
Bsn,153.93763480816966,-0.2296124595591802,0.2308743043145649,-0.9945344946067908,0.31996272051540253,0.9981171756121147
Bsnd,0.0,,,,,
Bsx,0.4748664738390429,0.5027519297791732,3.1113126607120174,0.16158836626342765,0.8716300192851323,0.9981171756121147
Btbd2,42.52724562320444,-0.29104313873454035,0.32506608500983797,-0.8953352938241222,0.3706078788692221,0.9981171756121147
Btbd9,52.40485155800414,0.005256221813206382,0.32360654159648083,0.01624263152183306,0.9870408249060034,0.9981171756121147
Btc,6.545452032957981,0.607746333087002,0.8574935691870252,0.708747394645998,0.478481247833319,0.9981171756121147
Btk,1.85098554072723,-1.106898298281501,1.4084526063897405,-0.7858967303974765,0.43192799021956796,0.9981171756121147
Btla,0.46497490845347195,-0.3933607448554362,3.003416658036603,-0.13097108714599207,0.8957981794702864,0.9981171756121147
Btrc,157.87741737159413,-0.09462761588631909,0.20058700362423404,-0.4717534744354025,0.6371027633389158,0.9981171756121147
Bub1,0.29230233483595164,0.5094768886628668,3.582136449186346,0.14222710270531164,0.8869006245356488,0.9981171756121147
Bub1b,2.770720474637976,0.10940254861075614,1.1305782248987688,0.09676689874382816,0.9229115115099001,0.9981171756121147
C030029H02Rik,130.13529012106895,-1.132354447409326,0.34081882825593285,-3.3224527330368057,0.0008922978753464294,0.9349241319106167
C1ql1,25.44702464489048,0.3745234285358572,0.4227203318693678,0.885983948015056,0.37562617712664603,0.9981171756121147
C1qtnf12,28.073794547291005,-0.03513716527474833,0.38628759982365185,-0.09096115249567722,0.9275234588631395,0.9981171756121147
C1qtnf5,24.728765374141148,-0.08453437233797455,0.47138540691891073,-0.1793317550717399,0.8576772140573496,0.9981171756121147
C2,1.0117800254530582,0.5930797298554161,1.8431926076143534,0.32176763698235533,0.7476287334032763,0.9981171756121147
C2cd6,0.8970134528896239,-1.7808847951540527,2.249530472238345,-0.7916695582176415,0.42855337688924056,0.9981171756121147
C3,0.27385111092212117,1.468507008457143,4.1863062795273285,0.3507882391784651,0.7257472210175899,0.9981171756121147
C3ar1,3.0345410349531523,-0.7962452856934554,1.0772990087339136,-0.739112613339574,0.4598386182942473,0.9981171756121147
C4b,51.59296369466451,-0.017033695593673442,0.3053737859949119,-0.05577982254821721,0.9555172091877276,0.9981171756121147
C4bp,0.0,,,,,
C5ar1,0.2815614667829107,0.5020161678893961,3.624618577878668,0.13850179187218215,0.8898438535561748,0.9981171756121147
C5ar2,0.3945456241450471,0.5024832506138347,3.2738417065691423,0.15348428410743703,0.8780163829283766,0.9981171756121147
C6,0.19353026122812536,1.4685041306821252,4.434566981015867,0.33114938549100936,0.740531649762339,0.9981171756121147
C7,0.2010153629169217,-0.46032403864503774,4.433790464391391,-0.10382178462017705,0.9173107782646794,0.9981171756121147
Cab39l,205.09452753764617,0.1232628215328907,0.23430921595261464,0.5260690281931492,0.598840246965295,0.9981171756121147
Cabp1,203.4770322613957,-0.07902763340845868,0.23207936035550072,-0.3405198690973795,0.7334650624745275,0.9981171756121147
Cacna1a,67.00628532561207,-0.23206880370421604,0.30291276633591085,-0.7661242096573329,0.44360239914268185,0.9981171756121147
Cacna1b,62.7013499715452,0.15964011984708923,0.3100701026988002,0.5148517011398628,0.6066566538418325,0.9981171756121147
Cacna1c,38.30010939257012,0.2148574901579963,0.36601795303502604,0.587013528643595,0.5571946207647848,0.9981171756121147
Cacna1d,31.054642491068268,0.1737745761860979,0.366886116067656,0.473647185259125,0.635751521522941,0.9981171756121147
Cacna1g,7.351939065208998,0.15870562979322592,0.6963583358137766,0.2279079916631711,0.8197177697625333,0.9981171756121147
Cacna1h,34.917734958328715,0.31718157857362483,0.37683741350291045,0.8416934391552263,0.3999595716014829,0.9981171756121147
Cacna1s,0.3332664708283257,-1.6657536247670026,3.529127732487606,-0.47200151171429805,0.6369257095614138,0.9981171756121147
Cacna2d1,67.20037426427568,0.10569732749139801,0.2704755382658593,0.39078331507932756,0.6959574089126204,0.9981171756121147
Cacna2d2,66.2785543469029,-0.07133176273426545,0.30849281833855086,-0.2312266558373604,0.8171387226889949,0.9981171756121147
Cacnb1,113.61694561314381,-0.09658936156168937,0.24051104795043105,-0.4016005184992429,0.6879780482104232,0.9981171756121147
Cacng1,1.3410326102938568,0.5707225388608945,1.5670522514690006,0.3642013457597744,0.7157076621300253,0.9981171756121147
Cacng2,36.88471897357058,-0.2895044268412873,0.3452379054406778,-0.8385650077205467,0.40171345376691814,0.9981171756121147
Cacng3,40.13942735924396,-0.3182249840174261,0.3549661096321326,-0.8964939902212553,0.36998898860984586,0.9981171756121147
Cadm1,236.40350273011083,-0.05768855755440043,0.19527022595386506,-0.29542935832946726,0.7676659088926301,0.9981171756121147
Cadm3,41.15332711129816,-0.5810453098893484,0.32934813533336116,-1.7642283272720618,0.0776935453172798,0.9981171756121147
Cadps2,23.45397390729508,-0.9116478660516193,0.47091233082128664,-1.935918442529792,0.052877690597497716,0.9981171756121147
Calb1,123.62382984639642,-0.3871959430724381,0.35041752026171696,-1.1049560044350875,0.2691786532726551,0.9981171756121147
Calb2,14.985610683937628,0.23361588838348127,0.6814383004917955,0.34282764589968034,0.7317281265275288,0.9981171756121147
Calcr,0.13572232361267328,-0.46032403864503774,4.433790464391391,-0.10382178462017705,0.9173107782646794,0.9981171756121147
Calcrl,5.249672932650345,0.783821506412926,0.8200204367981829,0.9558560631408192,0.33914495941285905,0.9981171756121147
Calu,137.80712953406078,0.1927950558179813,0.21588979298251096,0.8930253401725178,0.3718436026345585,0.9981171756121147
Camk1d,103.64773503970572,-0.14409637420606183,0.2464194790628551,-0.5847604854700088,0.5587087772976034,0.9981171756121147
Camk2a,1224.177451882959,-0.16289937059067428,0.2240389929916737,-0.7271027619586219,0.46716300692496393,0.9981171756121147
Camk2b,1298.58959783525,-0.046582851799635956,0.18384480773979225,-0.25338138385484216,0.7999735119153389,0.9981171756121147
Camk2d,58.101407424526435,0.1956914129349275,0.28360872248795355,0.6900049166972981,0.4901910954233064,0.9981171756121147
Camk2g,126.46721185080885,-0.11579620009856202,0.24002482785665277,-0.4824342595413406,0.6294974886873504,0.9981171756121147
Camk4,354.5372519103974,-0.04797834425983422,0.22100760413599843,-0.21708911079055201,0.8281388999505273,0.9981171756121147
Camkv,421.9637427548125,-0.04191910296247033,0.2201051249194656,-0.19045037219286984,0.8489562286127483,0.9981171756121147
Camsap1,123.76115309822355,0.08876524333210167,0.22099892606350743,0.4016546365777073,0.6879382140602348,0.9981171756121147
Camsap2,243.3512578198187,0.0516478933129221,0.1809535191649564,0.285420772976734,0.7753217946046501,0.9981171756121147
Camsap3,28.33731137223837,0.3414530100037514,0.4016581605786193,0.8501084840697927,0.3952647751626558,0.9981171756121147
Camta2,81.80280228940485,0.007718372301258859,0.2616010881049369,0.02950435855283126,0.9764623428337406,0.9981171756121147
Canx,814.9530927703121,0.047388746085374946,0.15805114647536012,0.2998317136077388,0.7643055236208821,0.9981171756121147
Cap2,236.50185486903248,-0.029694673179135458,0.21765181245053686,-0.13643200506719333,0.8914797738344857,0.9981171756121147
Capn1,5.344717419437136,-0.35263525431643505,0.8506242425092589,-0.41456055058599706,0.6784636322322644,0.9981171756121147
Capn10,110.00719799743428,0.1645967747538585,0.25139107974224256,0.6547438951398897,0.5126326586357228,0.9981171756121147
Capn2,367.7114388602609,0.02014930390745887,0.18023446590488768,0.11179495445722322,0.9109859882052357,0.9981171756121147
Caprin1,547.9195011146668,-0.10719039936538172,0.1636020220004405,-0.6551899423657068,0.5123454690301603,0.9981171756121147
Car2,10319.463782987234,-0.24074322451948196,0.4599852158075735,-0.5233716568407984,0.6007156440852703,0.9981171756121147
Car4,9.066953256954497,0.0943460448976323,0.6417438295995822,0.14701511809860293,0.88312008746395,0.9981171756121147
Car7,2.9802619200511242,-0.292678547163103,1.0857158335862123,-0.269571961750213,0.7874895732878919,0.9981171756121147
Card9,0.7278120949733728,-1.3270694292372716,2.2958931573745693,-0.5780188093573222,0.5632514203285608,0.9981171756121147
Carm1,127.49071792904978,-0.04842075068631834,0.21225237889258605,-0.22812818842809057,0.8195465866095539,0.9981171756121147
Carmil1,27.44217034194611,-0.15465600098323143,0.40099436699434,-0.3856812307426114,0.6997327650793288,0.9981171756121147
Carns1,182.27342276693716,-0.2757875286909667,0.33526158956166086,-0.8226040121433124,0.41073321633521054,0.9981171756121147
Cartpt,5.964753636353305,-0.8027118697733592,0.9363024914544444,-0.857321087041468,0.3912674577048222,0.9981171756121147
Casc4,85.4249941769476,0.14392186466940007,0.25196958326982,0.5711874536669066,0.5678725819649806,0.9981171756121147
Caskin1,121.54463559215746,-0.0840438924826257,0.23392555730232245,-0.35927623066003184,0.7193884541002302,0.9981171756121147
Casp1,1.4583037099926999,0.5788034209241073,1.5412057826011292,0.37555232887022205,0.7072497366050254,0.9981171756121147
Casp12,0.7034831916614985,-2.7299242707389277,2.8447447627253726,-0.9596376822655812,0.33723759706147294,0.9981171756121147
Casp2,31.267693713846015,-0.4073328306943193,0.36805140534580544,-1.1067280949833807,0.26841150462512176,0.9981171756121147
Casp3,5.673451105188742,-0.39506174771598707,0.7947462367997742,-0.49709168716141733,0.6191243964378272,0.9981171756121147
Casp4,0.6172344013080111,0.7786646759745548,2.484612873506848,0.31339476836708446,0.7539807584204297,0.9981171756121147
Casp7,6.475254883215996,-0.1829079432107377,0.8084543035116635,-0.22624400960727759,0.8210116431449381,0.9981171756121147
Casp8,1.556946603214121,-0.533265565384951,1.6263027213953543,-0.3279005552714156,0.7429868538798723,0.9981171756121147
Casp9,42.010152895810116,-0.0648446112272379,0.3197209338250156,-0.20281628247316327,0.8392786308519868,0.9981171756121147
Casq1,2.3422141908975935,-3.3145524748337523,1.7371552222450062,-1.9080347181354365,0.05638672918098144,0.9981171756121147
Casq2,1.8327595709853928,-0.5599630564213656,1.42533800439842,-0.3928633451808536,0.6944204156220992,0.9981171756121147
Casr,3.8995323748260327,-3.1027017592232924,1.5010403067969416,-2.0670342729464233,0.03873092459408153,0.9981171756121147
Casz1,4.699915239255625,-0.1782702651433474,0.8800938970596678,-0.20255823354637034,0.8394803379808221,0.9981171756121147
Cat,164.549068096748,-0.25422320142720867,0.22643372867232595,-1.1227267373894507,0.2615535687916296,0.9981171756121147
Cav1,15.367941368157124,0.020692283657302517,0.516409218195378,0.04006954742135104,0.9680376799326652,0.9981171756121147
Cav2,71.02410006130607,-0.05167893451101587,0.27755029050293584,-0.18619665076686068,0.8522905503352654,0.9981171756121147
Cav3,0.0,,,,,
Cavin1,5.30320916039945,-1.1875669441928327,0.8601045434203992,-1.3807239518468366,0.16736385386503905,0.9981171756121147
Cbfb,104.60823438687954,0.2795642175238922,0.2582676789329604,1.0824591705741848,0.2790485483493752,0.9981171756121147
Cbl,232.65016449480183,0.08304207153245705,0.18510132021733375,0.44863035787618655,0.6536983305023867,0.9981171756121147
Cblb,15.83971728262991,-0.19179879928127178,0.49507553340536464,-0.38741320533856427,0.6984503291903364,0.9981171756121147
Cblc,0.0,,,,,
Cblif,0.14583914317023747,1.4685041306821252,4.434566981015867,0.33114938549100936,0.740531649762339,0.9981171756121147
Cbln1,2.690533696071786,-0.5690506414104196,1.1401705507238111,-0.49909256211640524,0.6177141771691455,0.9981171756121147
Cbln2,5.382032627950377,-1.5379442278219542,0.8896502647422933,-1.7287065364584064,0.08386163090064995,0.9981171756121147
Cbln3,0.686223910485522,1.7801854146590579,2.489612907407481,0.7150450615685576,0.4745811994946757,0.9981171756121147
Cbln4,5.976847731881171,-0.3048470505526578,0.8810016542019858,-0.34602324422283776,0.729325246167827,0.9981171756121147
Cbr2,1.5831559851659271,-0.6826059655035186,1.6678514861571987,-0.4092726307881717,0.6823395984441307,0.9981171756121147
Cbs,47.98505471360436,-0.146717877171004,0.33144384901684226,-0.442662845022502,0.6580096208535275,0.9981171756121147
Cbx1,21.00481925947265,0.20099279585120589,0.4533645891724474,0.44333589488779807,0.6575227962835608,0.9981171756121147
Cbx2,3.3416351422738058,0.14514529230115264,1.0788135483017764,0.13454159203843366,0.8929743243510609,0.9981171756121147
Cbx3,878.2670117388876,-0.07672150387113308,0.15829647735048627,-0.4846696853604835,0.627910673523559,0.9981171756121147
Cbx5,77.88981411339783,0.07171188865848191,0.26854244324152055,0.2670411715662614,0.7894374614121432,0.9981171756121147
Cbx7,198.9287074123014,0.14898322563938668,0.20764172155468633,0.7175013986779587,0.4730647736996223,0.9981171756121147
Ccar2,126.15102261129998,-0.13885969218113806,0.23466981720675545,-0.5917236985734555,0.5540356244709885,0.9981171756121147
Ccdc130,64.5181666160545,-0.01933808800049178,0.26797707006193594,-0.07216321902475568,0.9424720157955733,0.9981171756121147
Ccdc184,3.731906060574254,1.1242635729462458,1.0415839224759502,1.0793787698582729,0.28041891111187467,0.9981171756121147
Cckbr,11.584532528979578,-0.10967731006046964,0.5677224485087137,-0.19318825660068342,0.8468115353736964,0.9981171756121147
Ccl1,0.0,,,,,
Ccl11,0.0,,,,,
Ccl12,1.1391679447094651,1.544474569034917,1.9021239169766728,0.8119736864934537,0.416806730511054,0.9981171756121147
Ccl17,3.7458519683738314,-0.7214561406057124,1.0223759147485583,-0.7056662135699336,0.4803957367589997,0.9981171756121147
Ccl19,0.0,,,,,
Ccl2,0.9837068500907352,-1.9738473728470904,2.3897271516056158,-0.8259718568795174,0.4088200565901122,0.9981171756121147
Ccl20,0.27144464722534656,-1.3554418184190844,4.1182740685403,-0.3291286096700973,0.7420584804245125,0.9981171756121147
Ccl21a,5.204117211593098,0.3022026165692535,0.9038532399954149,0.3343492098017888,0.7381160608199762,0.9981171756121147
Ccl21b,1.2574559942356165,-0.4754783026873226,1.672799571235405,-0.28424104768042824,0.7762256606422792,0.9981171756121147
Ccl24,1.0229615970151171,0.09824965098632496,1.924813912146814,0.05104371407869948,0.959290687130477,0.9981171756121147
Ccl25,10.060872279678822,-0.46171111350449795,0.6562312215475858,-0.7035799247948729,0.4816944169395918,0.9981171756121147
Ccl3,2.0013201951767523,1.907927016291621,1.3881433745292167,1.3744452131529188,0.16930350784515613,0.9981171756121147
Ccl5,0.5631229335658214,0.26019861259835164,2.724489405700775,0.09550362429521914,0.9239148116493715,0.9981171756121147
Ccl7,0.0,,,,,
Ccl8,0.24461121677806372,0.5095569421313735,3.7994315150776345,0.13411399576732771,0.8933124326044014,0.9981171756121147
Ccn1,13.556715496982127,-0.2069295347137362,0.6495725450685134,-0.31856262442851613,0.75005819924528,0.9981171756121147
Ccn2,14.117309646100772,0.814727119361557,0.5666448109247475,1.4378091948498506,0.15048819973665264,0.9981171756121147
Ccna1,0.39508829443130494,-1.922463257930912,3.619697890159217,-0.5311115226376945,0.5953414998637795,0.9981171756121147
Ccna2,5.111230167208977,-0.9755332771249995,0.8904046662753564,-1.0956066540012013,0.2732509485117188,0.9981171756121147
Ccnb1,0.8785622289757935,-1.5580364622597491,2.2842556441903423,-0.6820762230455153,0.4951907544536378,0.9981171756121147
Ccnb3,0.0,,,,,
Ccnd1,60.85707596091251,2.0171091536819508,1.1872038405272274,1.6990419714159357,,
Ccnd2,52.03554704897894,-0.3186457121512517,0.3578941043523327,-0.8903351809270306,0.3732859359107662,0.9981171756121147
Ccnd3,57.87328435848489,0.025818526000033468,0.2855656598646198,0.09041187239485815,0.927959922526505,0.9981171756121147
Ccne1,5.540006064886438,-0.31159276883782255,0.8306898802243278,-0.3751011975175103,0.7075852064579707,0.9981171756121147
Ccnt1,85.69234500423055,0.2385699227588954,0.24147371810262128,0.987974694030711,0.32316504191205364,0.9981171756121147
Ccp110,1333.6625556708852,-0.3910120140578654,0.20241409261371976,-1.9317430372995796,0.053391229951865654,0.9981171756121147
Ccr1,0.14583914317023747,1.4685041306821252,4.434566981015867,0.33114938549100936,0.740531649762339,0.9981171756121147
Ccr10,0.5738638016188623,0.5127148236070577,2.3911531279038867,0.2144215766124981,0.8302183172237925,0.9981171756121147
Ccr2,0.0,,,,,
Ccr3,0.0,,,,,
Ccr4,0.24461121677806372,0.5095569421313735,3.7994315150776345,0.13411399576732771,0.8933124326044014,0.9981171756121147
Ccr5,1.214901121181905,-0.6903989597410171,1.9114139208836063,-0.361198038895657,0.717951408055246,0.9981171756121147
Ccr6,0.4274006099531482,1.145664446309638,3.0895136702297776,0.3708235562603712,0.7107689549486119,0.9981171756121147
Ccr7,0.0,,,,,
Ccr9,0.0,,,,,
Ccser2,62.52016954388008,-0.21288914991097244,0.2933561977721889,-0.7257018993554566,0.46802153716734884,0.9981171756121147
Cct3,256.35027252200666,0.0139024766976932,0.19439132287417227,0.07151799006323008,0.9429855072188669,0.9981171756121147
Cct5,594.9686417649783,0.1529769092393318,0.1535105179275461,0.9965239600815746,0.3189956313488791,0.9981171756121147
Cct7,355.05130617228116,0.09485441242879583,0.18729389383821793,0.5064469026989734,0.6125429555226254,0.9981171756121147
Cct8,677.468474486371,-0.02719312392888447,0.14912583320910017,-0.18235018939176698,0.8553079134448072,0.9981171756121147
Cd109,0.7809007198966023,1.4205189759519234,2.414045867478833,0.5884390993098555,0.5562376001216008,0.9981171756121147
Cd14,5.571560260784999,0.4336173634426774,0.8224399371188917,0.5272328639118528,0.5980318894094256,0.9981171756121147
Cd151,48.23921781075527,0.422373595281063,0.34606403304831623,1.2205070592299683,0.22227271513065083,0.9981171756121147
Cd160,0.29978743652474793,-1.402084615240994,3.6862814707163842,-0.380352023137429,0.7036841231276579,0.9981171756121147
Cd163,2.0777134278338405,1.0040018847674375,1.32354332309027,0.7585712286495069,0.448109089100877,0.9981171756121147
Cd177,0.0,,,,,
Cd180,2.085832382853082,0.8253237115099901,1.4087384138095662,0.5858601592882791,0.5579694923637234,0.9981171756121147
Cd19,0.3292525848407986,0.5022352423470765,3.4473755284261705,0.14568625849019756,0.8841690697581248,0.9981171756121147
Cd1d1,0.9280357622349794,1.3254195347126243,2.0527052456253534,0.6456940359738971,0.5184775237751411,0.9981171756121147
Cd2,0.7890912482900942,0.1350709110626698,2.4422816839972783,0.05530521395124229,0.9558953083934997,0.9981171756121147
Cd200,42.09720188585353,-0.1444661949339444,0.4010317723274032,-0.3602362827651518,0.7186704438170274,0.9981171756121147
Cd200r1,0.7163131072970493,1.9668854309403523,2.6188881136397053,0.7510383588731456,0.4526295708657544,0.9981171756121147
Cd207,0.4020307258338434,-1.7948158324823222,3.6380678575891334,-0.49334314332215534,0.6217701489177591,0.9981171756121147
Cd209a,0.2344943972204995,-1.2123042177937502,3.9780828204562106,-0.3047458468083683,0.7605597286868574,0.9981171756121147
Cd209b,0.09877207360782624,-0.45211653757778947,4.435042509789109,-0.10194187239014495,0.9188028137063071,0.9981171756121147
Cd209d,0.0,,,,,
Cd22,0.19353026122812536,1.4685041306821252,4.434566981015867,0.33114938549100936,0.740531649762339,0.9981171756121147
Cd226,0.5377530494465167,-2.2300988137131097,3.1138112369834805,-0.7161958911399937,0.47387039983669377,0.9981171756121147
Cd244a,0.27385111092212117,1.468507008457143,4.1863062795273285,0.3507882391784651,0.7257472210175899,0.9981171756121147
Cd247,0.6030460887507652,-2.385074854497142,3.2371464626704007,-0.7367831150060586,0.46125425295799116,0.9981171756121147
Cd248,1.359258580035694,-0.11899591388921749,1.7152867341741802,-0.06937377379444826,0.9446921040927722,0.9981171756121147
Cd24a,7.654668289966071,-0.8319708241851778,0.7096227278464079,-1.1724128773469205,0.24103133190400206,0.9981171756121147
Cd27,0.0,,,,,
Cd274,5.128093109070777,0.5990860788105534,0.8563124079623584,0.6996115824551826,0.48416990723178,0.9981171756121147
Cd276,4.16946249375239,-1.8574490380506983,1.0296331505880367,-1.8039910981788858,0.07123270246841076,0.9981171756121147
Cd28,0.2815614667829107,0.5020161678893961,3.624618577878668,0.13850179187218215,0.8898438535561748,0.9981171756121147
Cd2ap,70.350324312035,-0.18795056704883578,0.26640596071606665,-0.7055043608770901,0.4804964190541168,0.9981171756121147
Cd2bp2,49.75814921680455,0.18526635506223288,0.3027101129571891,0.6120256546844678,0.5405207840344645,0.9981171756121147
Cd300a,0.09877207360782624,-0.45211653757778947,4.435042509789109,-0.10194187239014495,0.9188028137063071,0.9981171756121147
Cd300lb,0.0,,,,,
Cd300ld,0.3945456241450471,0.5024832506138347,3.2738417065691423,0.15348428410743703,0.8780163829283766,0.9981171756121147
Cd300lf,0.2010153629169217,-0.46032403864503774,4.433790464391391,-0.10382178462017705,0.9173107782646794,0.9981171756121147
Cd320,4.563083803873372,0.879616009864304,0.8795591185179386,1.0000646816628556,0.3172792067376027,0.9981171756121147
Cd33,3.251250165940833,-0.8670835306166004,1.1214159569133604,-0.7732042024827281,0.4394015394406723,0.9981171756121147
Cd34,5.268592069252603,-1.8134032453354112,1.013616694307328,-1.7890424018466182,0.07360798707480463,0.9981171756121147
Cd36,3.015264279568916,-1.3768595502539058,1.2640562125467023,-1.0892391782798472,0.2760484261708621,0.9981171756121147
Cd37,0.5452957581474678,-0.39300533814736865,2.8710709170229753,-0.13688458052958072,0.8911220270567286,0.9981171756121147
Cd38,7.580033701313216,-0.14948911289993685,0.6994511666463927,-0.2137234449356649,0.830762727333936,0.9981171756121147
Cd3d,0.7454140162197334,-1.446782623818513,2.400281150419066,-0.6027554828591303,0.5466713656636835,0.9981171756121147
Cd3e,0.2010153629169217,-0.46032403864503774,4.433790464391391,-0.10382178462017705,0.9173107782646794,0.9981171756121147
Cd3eap,8.349569062657208,-0.48373961901755935,0.6828854890041434,-0.7083758943582183,0.4787118579507532,0.9981171756121147
Cd3g,0.9424154931491279,-0.5690116758400792,2.178007884331847,-0.2612532672326099,0.793897202678855,0.9981171756121147
Cd4,61.555404879993205,0.17956971900349955,0.32103718114062363,0.5593424361798229,0.5759280389994296,0.9981171756121147
Cd40,11.029044659376448,3.442740448409731,1.7253524602958261,1.995383857869507,0.04600103012357102,0.9981171756121147
Cd40lg,0.2010153629169217,-0.46032403864503774,4.433790464391391,-0.10382178462017705,0.9173107782646794,0.9981171756121147
Cd44,5.102667563481755,2.602608654716275,1.1490355918654467,2.265037456751856,0.023510381052533173,0.9981171756121147
Cd47,809.2869305402659,-0.0880318404766767,0.16060120989457893,-0.5481393355284317,0.5835962329691363,0.9981171756121147
Cd48,1.8195141757969433,0.47531533801272124,1.3504691058395417,0.35196313337152096,0.7248659109315445,0.9981171756121147
Cd5,0.29230233483595164,0.5094768886628668,3.582136449186346,0.14222710270531164,0.8869006245356488,0.9981171756121147
Cd53,11.374736165205718,0.08375385289341954,0.5615782446753769,0.14914013085003652,0.8814430601419017,0.9981171756121147
Cd55,4.977074809460578,-0.24986131818522403,0.8772909760470039,-0.2848100858293074,0.7757896447411134,0.9981171756121147
Cd59a,12.715107239128749,0.10652943296365729,0.5962095969379666,0.1786778232198454,0.8581906834472448,0.9981171756121147
Cd59b,6.33366320485407,-0.012581895026269451,0.7742896938518667,-0.016249596405807976,0.9870352684659333,0.9981171756121147
Cd5l,0.27385111092212117,1.468507008457143,4.1863062795273285,0.3507882391784651,0.7257472210175899,0.9981171756121147
Cd6,0.8918772078854476,-1.6903140918828006,2.2785311119929283,-0.741843761968367,0.45818200257560804,0.9981171756121147
Cd68,27.86184493166326,0.48610957370633023,0.3967721768256452,1.2251604373961504,0.22051477745034054,0.9981171756121147
Cd69,0.522782846068924,1.3943215901125225,2.896778156242179,0.4813353025007943,0.6302782105851668,0.9981171756121147
Cd70,0.13572232361267328,-0.46032403864503774,4.433790464391391,-0.10382178462017705,0.9173107782646794,0.9981171756121147
Cd72,3.041729309095705,-0.9353752720541958,1.160136646010175,-0.8062630167498323,0.4200912101511367,0.9981171756121147
Cd74,5.5271538497352894,-0.3817520863934684,1.0528550192187514,-0.3625875162534149,0.7169130371361943,0.9981171756121147
Cd79a,0.33936940439836283,2.2357748292719086,3.5536531379614233,0.6291482996436945,0.5292519722359541,0.9981171756121147
Cd79b,1.4174258429509452,-0.3212530097247007,1.6521557922167125,-0.19444474379360593,0.845827657939607,0.9981171756121147
Cd80,0.3726231845299474,0.5093577618301208,3.3285387681599885,0.15302743855727813,0.8783766372851214,0.9981171756121147
Cd81,1385.1353263153385,-0.06949551473880175,0.1641457733777812,-0.4233768150633886,0.6720203578824852,0.9981171756121147
Cd82,200.1321330697974,-0.047533919484415675,0.2445309828620578,-0.19438812590562402,0.8458719867471798,0.9981171756121147
Cd83,5.694469819347797,1.235479594217024,0.8742637276837144,1.4131657932215942,0.15760698174536414,0.9981171756121147
Cd84,10.298954085522984,-0.4783226340063268,0.6278012879674539,-0.761901326381356,0.446118898315907,0.9981171756121147
Cd86,0.9874511221411839,-0.6012363020079099,1.9384872963135669,-0.31015746306477465,0.7564412160646999,0.9981171756121147
Cd8a,0.0,,,,,
Cd8b1,0.2010153629169217,-0.46032403864503774,4.433790464391391,-0.10382178462017705,0.9173107782646794,0.9981171756121147
Cd9,318.38701599733486,-0.3655734257710195,0.22571353581270737,-1.6196344825077973,0.10531081775642971,0.9981171756121147
Cd93,2.0940756041651607,-0.7490902019136005,1.4105867865941761,-0.5310486451686243,0.5953850700675352,0.9981171756121147
Cd96,0.3468545060871591,0.5022934414257615,3.404314214859431,0.1475461457797608,0.8827009591994037,0.9981171756121147
Cdc16,144.70757836957188,0.02232637873307002,0.21133505505724404,0.10564446455427143,0.9158644445149375,0.9981171756121147
Cdc20,4.653377597162158,1.2298310086039463,0.93471959969171,1.3157218582017218,0.18826741496727517,0.9981171756121147
Cdc23,213.11543167062402,-0.11171394979125532,0.18958327492858013,-0.5892605760362576,0.5556864869562719,0.9981171756121147
Cdc25a,18.393739422947725,0.3704557461155905,0.4536218076098218,0.8166621178720629,0.41412154563277837,0.9981171756121147
Cdc27,105.96759322865587,-0.02368943788062869,0.22456926653335868,-0.10548833438483772,0.9159883261548296,0.9981171756121147
Cdc37,452.05285701295253,0.24884978189670995,0.165761983779242,1.501247609512941,0.13329153006093353,0.9981171756121147
Cdc42,113.2507427155836,-0.05020531740755983,0.23780182740924613,-0.2111225046271775,0.832791679843735,0.9981171756121147
Cdc42bpb,151.4049117526983,0.20816188644357553,0.21382732197103904,0.9735046229114217,0.33030256372593914,0.9981171756121147
Cdc42ep4,35.54922340076214,-0.48117801956356704,0.36942790016259897,-1.3024950723856608,0.19274720136085244,0.9981171756121147
Cdc5l,55.141926279297486,-0.045141033322332144,0.32742551406910414,-0.13786657234293903,0.8903458694856756,0.9981171756121147
Cdc6,1.2842894246828995,-1.3054481216333171,1.8422058092493145,-0.7086331587268622,0.4785521537207815,0.9981171756121147
Cdc73,145.27269033291597,0.09908358009424867,0.2029176392348484,0.4882945635868229,0.6253412116333819,0.9981171756121147
Cdca5,0.880968692672568,0.42918174878197834,2.1670856260998876,0.19804558879123682,0.8430093953707406,0.9981171756121147
Cdca8,2.3520209400916,1.9186330490115584,1.330536907425451,1.4419991195314197,0.14930262199730118,0.9981171756121147
Cdcp1,0.4355097601374212,-1.9708017347970357,3.0928789392644394,-0.6372062319599678,0.5239905188969805,0.9981171756121147
Cdh1,0.0,,,,,
Cdh10,184.24013277666722,0.05212668810889774,0.1984308401809672,0.2626944887264432,0.7927860650025995,0.9981171756121147
Cdh11,39.20952390468961,-0.16228199530567408,0.33369098951904236,-0.4863241753682813,0.6267373413242552,0.9981171756121147
Cdh12,9.141573879245255,-0.09824179522957686,0.6487071926565149,-0.15144243248986927,0.8796267191519689,0.9981171756121147
Cdh13,36.50770051909836,0.106851291112817,0.3642503780234072,0.29334572469805537,0.7692579068074048,0.9981171756121147
Cdh2,124.81018147548588,-0.2143359291548475,0.22268454824972503,-0.9625092124240469,0.3357938778358337,0.9981171756121147
Cdh20,161.2983114543363,-0.12962689714115228,0.21057073110956748,-0.6155978870287664,0.5381599461829649,0.9981171756121147
Cdh23,0.0,,,,,
Cdh26,0.5736385474468692,-0.4102932115699486,2.6661842115364385,-0.15388779582244597,0.8776982070005194,0.9981171756121147
Cdh3,0.09877207360782624,-0.45211653757778947,4.435042509789109,-0.10194187239014495,0.9188028137063071,0.9981171756121147
Cdh4,23.878548416901182,0.07097082601961718,0.4560285234540743,0.15562804160157867,0.8763262202487447,0.9981171756121147
Cdh5,15.10985262162417,0.4909587716344122,0.512527709320806,0.9579165432538728,0.3381048437158992,0.9981171756121147
Cdh6,29.477508317615644,0.5853478044895691,0.44031002559324106,1.3293992197904532,0.18371629511380483,0.9981171756121147
Cdh7,12.70168732046097,-0.3220416395776211,0.5457752609638437,-0.5900627284001346,0.5551485955097506,0.9981171756121147
Cdh8,13.036689857072462,0.18845062650919372,0.5746837974345366,0.3279205492663303,0.7429717360027883,0.9981171756121147
Cdh9,34.307027717519325,-0.2560325842830674,0.4379757339926091,-0.5845816660869801,0.5588290383451333,0.9981171756121147
Cdhr1,2.3029846679293313,-1.2040648077718028,1.3497975436321739,-0.8920336338231744,0.3723749049763423,0.9981171756121147
Cdipt,161.38657882460393,0.2369885114506837,0.20238687160462354,1.1709678081968518,0.24161171709426066,0.9981171756121147
Cdk1,0.3468545060871591,0.5022934414257615,3.404314214859431,0.1475461457797608,0.8827009591994037,0.9981171756121147
Cdk2,13.501660885539495,0.5426011977216794,0.5779065738332058,0.9389081597093647,0.34777789944826065,0.9981171756121147
Cdk4,2.759625172026537,-0.6134763816000025,1.1477492597994745,-0.5345038355391178,0.5929929965133873,0.9981171756121147
Cdk5,142.46490427063108,-0.1681617561696835,0.21098022162478167,-0.7970498602885688,0.4254220744021293,0.9981171756121147
Cdk5r1,344.4898404659626,0.2616070957785577,0.20279926944938884,1.2899804643716681,0.19705744104291378,0.9981171756121147
Cdk5r2,385.4180750733729,-0.14886159091550547,0.20875342638997627,-0.7130977128845506,0.4757852946724558,0.9981171756121147
Cdk5rap2,153.32830795559258,-0.012520660520800656,0.20573039210116678,-0.06085955698098164,0.9514710585636136,0.9981171756121147
Cdk6,0.8416119789709464,-1.48759437092891,2.3046013074968092,-0.6454888166945855,0.5186104631989118,0.9981171756121147
Cdk7,37.52174829606279,0.1271721273315101,0.33905934121788506,0.3750733628948662,0.7076059066727929,0.9981171756121147
Cdk8,87.4242728540015,-0.03235801626255339,0.24385598953221102,-0.13269313714469666,0.8944360706337553,0.9981171756121147
Cdk9,113.70876378910611,0.047817897366867194,0.22172726065224482,0.21566088547796738,0.8292520925802286,0.9981171756121147
Cdkn1a,28.197874194673066,2.892647229205101,1.229782071090435,2.3521624661841267,0.018664620718275966,0.9981171756121147
Cdkn1b,698.4021767829972,0.03378578480634611,0.1796119768805472,0.18810429790445263,0.8507948919990763,0.9981171756121147
Cdkn1c,13.639367094393927,-0.01831016851221389,0.5781611361978278,-0.031669663292533644,0.9747354879313657,0.9981171756121147
Cdkn2a,0.19353026122812536,1.4685041306821252,4.434566981015867,0.33114938549100936,0.740531649762339,0.9981171756121147
Cdkn2b,0.7278120949733728,-1.3270694292372716,2.2958931573745693,-0.5780188093573222,0.5632514203285608,0.9981171756121147
Cdkn2c,27.95726642113027,-0.1779232589584405,0.40234905345920197,-0.44221120300580463,0.6583363799685045,0.9981171756121147
Cdkn2d,244.40662902364247,-0.02030146863669711,0.31545629506873496,-0.06435588369626168,0.948686856878713,0.9981171756121147
Cdx1,0.09877207360782624,-0.45211653757778947,4.435042509789109,-0.10194187239014495,0.9188028137063071,0.9981171756121147
Cdx2,0.41969025409235866,2.40697739346095,3.347408063403607,0.719057057840018,0.47210576446248076,0.9981171756121147
Ceacam1,9.56502826474181,-0.157940346041315,0.67903288021784,-0.23259602096241094,0.8160751173936798,0.9981171756121147
Cebpa,8.240484042614549,0.32271617849409007,0.6638971106937079,0.4860936631534411,0.6269007595869389,0.9981171756121147
Cebpg,122.02133487641555,0.8490454211783973,0.6668729640022616,1.2731741531142922,0.2029562502116513,0.9981171756121147
Celf6,8.705782710682742,0.4338446538573018,0.6717168742425397,0.6458742819979414,0.5183607763578637,0.9981171756121147
Celsr1,14.144788673587227,0.6802702056885284,0.5304955795053122,1.2823296403767983,0.19972703447266293,0.9981171756121147
Celsr2,206.15126014539734,0.029547994256143285,0.21010368835001583,0.14063529530675684,0.8881580637095414,0.9981171756121147
Celsr3,28.81981372304584,-0.08699219462580561,0.39281209870147693,-0.22146006936491167,0.8247342247192516,0.9981171756121147
Cemip,1.8379653997107737,0.2291932753992045,1.37373716126328,0.1668392483380444,0.8674965357643287,0.9981171756121147
Cemip2,70.77151860958976,-0.10085239236470774,0.36384120687698734,-0.27718793379773876,0.781635804210483,0.9981171756121147
Cenpa,7.807906265874485,-0.5756023621886888,0.6893265504634184,-0.8350213143563447,0.40370570764485003,0.9981171756121147
Cenpe,2.510150766593476,-0.1911736101719198,1.1978705574041077,-0.15959454800042006,0.8732004739979122,0.9981171756121147
Cenpf,2.6690100507801695,-0.9997707473898599,1.2504270185416677,-0.7995434620053715,0.4239753558682199,0.9981171756121147
Cenps,1.4939580608294072,0.8436806753068343,1.5664553990841972,0.5385922100304156,0.590168263879661,0.9981171756121147
Cenpu,3.350827173946333,0.41898970589475754,1.1274921256564696,0.3716120905507925,0.7101816858280876,0.9981171756121147
Cep104,100.0879375685139,-0.04079733417279741,0.24619294306518677,-0.1657128497058306,0.8683829332725053,0.9981171756121147
Cep152,22.069341567583393,-0.19064323984445275,0.4448001313113243,-0.4286042795950027,0.668211230575928,0.9981171756121147
Cep164,10.071794033634061,0.07586415413201025,0.6112002472715986,0.12412323861233414,0.9012176986871951,0.9981171756121147
Cep250,95.39689215782454,0.17042645787285776,0.26341925543920985,0.6469779803632755,0.5176461947440121,0.9981171756121147
Cep290,37.695711058077826,0.09337226656556522,0.3537593976854601,0.2639428582716713,0.7918239501431339,0.9981171756121147
Cer1,0.0,,,,,
Cercam,109.47946889620128,-0.24621429364090694,0.264233400560032,-0.9318060968789931,0.3514367432159514,0.9981171756121147
Cers1,71.12238756218424,0.040660400558599485,0.30695149692550394,0.13246522973780325,0.8946163232808317,0.9981171756121147
Cers2,764.8998534637417,-0.09653661221373,0.1970838705501914,-0.48982502700110614,0.624257719365083,0.9981171756121147
Cers4,26.370858299902732,-0.13465756163709328,0.3955393251930455,-0.34044038875621985,0.7335249073016816,0.9981171756121147
Cers5,136.46463729654724,0.31637928530149584,0.23657961549842832,1.3373057718220769,0.18112284774482512,0.9981171756121147
Cers6,13.801328919085684,1.0320388818374113,0.5219671107930163,1.9772105569438105,0.04801783479873557,0.9981171756121147
Cetn2,67.95100562248659,-0.11608179495063764,0.2834334480751354,-0.40955573782479443,0.6821318716545128,0.9981171756121147
Cetn3,168.4762420017211,-0.1632898969010838,0.19722555449223028,-0.8279347842194386,0.40770743435952783,0.9981171756121147
Cfap299,0.7271880464778961,-0.31058490670584243,2.190993553745393,-0.14175528092034465,0.8872733079220105,0.9981171756121147
Cfap36,301.95874489562624,-0.08474996975739939,0.18101845810507125,-0.46818413240602624,0.6396529184086324,0.9981171756121147
Cfap44,1.7013075044800108,3.274453255904415,1.879835130307251,1.741883212582169,0.08152888201169711,0.9981171756121147
Cfap45,1.545303739575023,1.0184523385553714,1.6572286935747331,0.6145514753057492,0.5388509686735475,0.9981171756121147
Cfap52,0.8245779519669632,3.480210825352143,2.750919286386952,1.265108301277367,0.20583250751918036,0.9981171756121147
Cfap53,3.545143237838122,-0.30304617392146693,1.0329200861707921,-0.293387821554434,0.7692257330966449,0.9981171756121147
Cfap57,0.9204930535340283,-0.2161275323669177,2.049423358052219,-0.1054577286424247,0.9160126105511907,0.9981171756121147
Cfap61,1.3097864995355633,4.1478705420700175,2.4937482015903667,1.6633076825578252,0.09625086166629952,0.9981171756121147
Cfap65,0.09877207360782624,-0.45211653757778947,4.435042509789109,-0.10194187239014495,0.9188028137063071,0.9981171756121147
Cfap69,4.604887437698247,0.18957132887473158,0.8792024874251687,0.21561737095388564,0.8292860142250102,0.9981171756121147
Cfb,0.27385111092212117,1.468507008457143,4.1863062795273285,0.3507882391784651,0.7257472210175899,0.9981171756121147
Cfc1,0.33936940439836283,2.2357748292719086,3.5536531379614233,0.6291482996436945,0.5292519722359541,0.9981171756121147
Cflar,31.64897772292946,0.19599404319691136,0.3603088617924479,0.5439612065656372,0.5864681685399804,0.9981171756121147
Cftr,1.7462855264599122,0.6957876389933333,1.475754945197424,0.4714791173545768,0.6372986288297281,0.9981171756121147
Cga,1.566967348986097,0.6429599263290027,1.6530745796051434,0.38894792422649277,0.6973146694876438,0.9981171756121147
Cgas,0.5369135516140152,0.6438565198363139,2.591390155614413,0.24845989263382723,0.803778598310009,0.9981171756121147
Cgn,6.883497855147824,0.9178767995740446,0.7683881896691113,1.1945482920154034,0.23226356207667953,0.9981171756121147
Ch25h,0.380333540390737,-0.260574422223632,2.981357064725813,-0.08740127954032781,0.9303525523464115,0.9981171756121147
Champ1,65.0337075602748,-0.11974334442704164,0.28437844022975667,-0.42107040298237064,0.6737036730829884,0.9981171756121147
Chat,18.35463589171253,-0.8215204463794729,0.4913593238855439,-1.6719341761607356,0.09453730264473552,0.9981171756121147
Chchd3,157.20368922400118,-0.1865512233325898,0.21058934321019274,-0.885853103907494,0.37569668958622615,0.9981171756121147
Chd1,86.03376425295873,0.1411337624865116,0.2512419020835984,0.5617445231709425,0.574290094788978,0.9981171756121147
Chd4,344.9840625569157,0.048570360462868646,0.1762581071682648,0.2755638378466243,0.7828830877945734,0.9981171756121147
Chd6,54.7848789719028,0.18264982239149907,0.29755071161543484,0.6138443474050979,0.5393181888670217,0.9981171756121147
Chd7,115.43070056207836,0.1865571868829794,0.23671012952787468,0.7881250677994778,0.430623553599604,0.9981171756121147
Chek1,4.651705481891601,0.6282654369084293,0.8707388764213595,0.7215313958307809,0.47058263127662614,0.9981171756121147
Chek2,6.487615410051898,-0.009182701583060136,0.7437707435355676,-0.012346145183675153,0.9901494516219009,0.9981171756121147
Chia1,3.998063500865001,0.27590633380858476,0.9553069251395501,0.2888143344802831,0.7727234620265951,0.9981171756121147
Chic2,29.709819046227107,0.7085589651289943,0.42155566078963685,1.6808194766066178,0.09279798435992917,0.9981171756121147
Chil1,16.347814776158433,0.005185832631950633,0.4872090135971639,0.010643958726589579,0.9915075100243587,0.9981171756121147
Chil3,0.14583914317023747,1.4685041306821252,4.434566981015867,0.33114938549100936,0.740531649762339,0.9981171756121147
Chil4,0.14583914317023747,1.4685041306821252,4.434566981015867,0.33114938549100936,0.740531649762339,0.9981171756121147
Chka,137.60747060052495,0.3860326436424626,0.23411828285917585,1.6488786733271255,0.0991724930908943,0.9981171756121147
Chmp3,143.53460132615746,-0.03321730259985149,0.22276108063211641,-0.14911627518412393,0.8814618837303951,0.9981171756121147
Chmp4c,0.14583914317023747,1.4685041306821252,4.434566981015867,0.33114938549100936,0.740531649762339,0.9981171756121147
Chrd,2.1003175229565714,1.7151270059345127,1.3535592194681703,1.2671237292509496,0.2051110520092374,0.9981171756121147
Chrm1,86.00331127576736,0.10349751669934504,0.2576041288285424,0.40176963455516473,0.6878535715294835,0.9981171756121147
Chrm2,9.370682746309464,-0.47851923419405556,0.6653714829876197,-0.7191760489124527,0.47203245477170863,0.9981171756121147
Chrm3,6.328062493648523,0.13239770989457034,0.8069654044178409,0.16406863190136928,0.8696771152680512,0.9981171756121147
Chrm4,39.57538519755097,0.15576423229004827,0.36644447852499373,0.4250691207492821,0.6707862875781992,0.9981171756121147
Chrm5,0.9381525817925436,2.4445316873838547,2.2656305874943143,1.0789630493501579,0.2806042001365384,0.9981171756121147
Chrna1,0.27385111092212117,1.468507008457143,4.1863062795273285,0.3507882391784651,0.7257472210175899,0.9981171756121147
Chrna2,1.5746299026697006,-0.3220017351163074,1.5751064540969015,-0.2044317285849288,0.8380161378691041,0.9981171756121147
Chrna4,7.194051178108531,0.2435306082257418,0.7321432981973565,0.33262697183099216,0.7394158810561438,0.9981171756121147
Chrna6,0.09877207360782624,-0.45211653757778947,4.435042509789109,-0.10194187239014495,0.9188028137063071,0.9981171756121147
Chrna7,15.499255921122598,-0.39641682648132764,0.5325684989623586,-0.744348994080001,0.45666536796787505,0.9981171756121147
Chrnb1,0.900484668590893,-1.7210297670883508,2.179630726528061,-0.7895969469240248,0.42976319184281075,0.9981171756121147
Chrnb2,29.2491364610414,-0.25233839484914,0.39797554648205846,-0.6340550244348139,0.5260449130197684,0.9981171756121147
Chrnb3,0.19353026122812536,1.4685041306821252,4.434566981015867,0.33114938549100936,0.740531649762339,0.9981171756121147
Chrnb4,0.3870605224562507,2.3594687187878343,3.671364721323727,0.6426680261657897,0.5204395322495254,0.9981171756121147
Chrnd,0.27385111092212117,1.468507008457143,4.1863062795273285,0.3507882391784651,0.7257472210175899,0.9981171756121147
Chrng,0.0,,,,,
Chst10,39.435849760633836,0.07650441571774061,0.34359591960731606,0.22265810317297968,0.8238016115826204,0.9981171756121147
Chst8,30.246403047630167,-0.4747328564976307,0.40381395321324703,-1.175622716154468,0.23974567392092117,0.9981171756121147
Chtop,287.5671763213277,-0.20590092960076492,0.17845038615176803,-1.1538273132435297,0.24857097392386496,0.9981171756121147
Chuk,109.95824922437532,-0.11420900536605987,0.23893068618781402,-0.47800057492943643,0.6326497958346404,0.9981171756121147
Ciart,17.581726136944344,0.7303684713706056,0.5613299079832368,1.3011394208348808,0.19321073645413145,0.9981171756121147
Cib2,14.151474752792412,-0.07849702340908361,0.5224317795931375,-0.15025315548417822,0.8805648898417626,0.9981171756121147
Cic,245.11407858107646,0.1304181298177419,0.18947673531751813,0.6883068235221174,0.4912595856377193,0.9981171756121147
Cidea,2.1084266731408445,0.7814626949693372,1.2745220702174207,0.6131417519007948,0.5397826152758189,0.9981171756121147
Cideb,8.43019455507937,-0.019345396673499764,0.6891744391467156,-0.028070392014903793,0.9776060085136283,0.9981171756121147
Ciita,0.5083455081426207,-0.2655461774471825,2.7560220922753063,-0.09635125138926368,0.9232416076706145,0.9981171756121147
Cisd2,390.0862117234455,0.010324543114630312,0.17845264748815862,0.05785592570329004,0.9538633904731585,0.9981171756121147
Cish,4.584582225208869,0.013377694581713761,0.9158421088584687,0.014606987877406179,0.9883457243282533,0.9981171756121147
Cit,171.8740395175479,-0.15056628704988842,0.2321486943585563,-0.6485769281016807,0.5166118723507457,0.9981171756121147
Cited1,3.135268085015683,0.742138518346815,1.1383416840836638,0.651947063630739,0.5144353224637745,0.9981171756121147
Cited2,64.4772592459607,0.2826045371698251,0.300602853334053,0.9401259303941908,0.3471529694380642,0.9981171756121147
Cited4,10.664660062606512,-0.0047808363210742,0.6062819421702467,-0.007885500109009878,0.9937083464125487,0.9981171756121147
Ckb,4445.652278136369,-0.1663280996118619,0.13581928277671385,-1.2246280219672812,0.2207154049157104,0.9981171756121147
Cklf,0.9808055182848889,-1.7202804865562802,2.145584395721487,-0.8017771242122631,0.4226818935326886,0.9981171756121147
Cks1b,5.258775261464861,0.32509447635403094,0.8179218275014298,0.3974639940189916,0.69102533303916,0.9981171756121147
Clca3a2,0.0,,,,,
Clcn4,132.9674095200627,-0.035691413142900315,0.20892937974518605,-0.1708300344663359,0.8643574121076635,0.9981171756121147
Clcn7,122.91897206010573,-0.09004110115370402,0.2389246556176739,-0.3768598134877606,0.7062777874307127,0.9981171756121147
Clcnka,0.4274006099531482,1.145664446309638,3.0895136702297776,0.3708235562603712,0.7107689549486119,0.9981171756121147
Clcnkb,0.09877207360782624,-0.45211653757778947,4.435042509789109,-0.10194187239014495,0.9188028137063071,0.9981171756121147
Cldn1,1.9107435407038187,-0.3692488606812546,1.3973947967693787,-0.2642409013794218,0.7915942959851521,0.9981171756121147
Cldn10,107.36654558157653,0.27008283109578035,0.2826648834814649,0.9554877414176226,0.33933110164278435,0.9981171756121147
Cldn11,11544.094734850325,-0.2849380894878905,0.23470221187664742,-1.2140409210870393,0.22473209823192852,0.9981171756121147
Cldn12,39.441488242849964,0.3998899067276823,0.3432921821574483,1.1648675021217814,0.2440726298827557,0.9981171756121147
Cldn14,38.93519631776045,0.10859234490961191,0.42563822396874673,0.2551282727783995,0.7986240280229177,0.9981171756121147
Cldn16,0.29230233483595164,0.5094768886628668,3.582136449186346,0.14222710270531164,0.8869006245356488,0.9981171756121147
Cldn17,0.09877207360782624,-0.45211653757778947,4.435042509789109,-0.10194187239014495,0.9188028137063071,0.9981171756121147
Cldn19,0.27385111092212117,1.468507008457143,4.1863062795273285,0.3507882391784651,0.7257472210175899,0.9981171756121147
Cldn2,0.9933288015392279,1.2148381457856101,2.012192510139638,0.6037385288256069,0.5460174940471527,0.9981171756121147
Cldn23,0.3726231845299474,0.5093577618301208,3.3285387681599885,0.15302743855727813,0.8783766372851214,0.9981171756121147
Cldn6,0.8000237944830956,1.1318048287885671,2.1270628095316164,0.5320975119854561,0.5946584605024695,0.9981171756121147
Cldn7,0.27144464722534656,-1.3554418184190844,4.1182740685403,-0.3291286096700973,0.7420584804245125,0.9981171756121147
Cldn8,0.0,,,,,
Cldn9,0.19754414721565247,-1.047741613991868,4.3594515893970955,-0.24033793987760943,0.8100682850102667,0.9981171756121147
Clec10a,0.0,,,,,
Clec14a,3.707792606599405,0.4891703319072966,0.9853560065434693,0.4964401989320158,0.6195838692457136,0.9981171756121147
Clec1b,0.09877207360782624,-0.45211653757778947,4.435042509789109,-0.10194187239014495,0.9188028137063071,0.9981171756121147
Clec4e,0.3726231845299474,0.5093577618301208,3.3285387681599885,0.15302743855727813,0.8783766372851214,0.9981171756121147
Clec4n,0.0,,,,,
Clec9a,0.2010153629169217,-0.46032403864503774,4.433790464391391,-0.10382178462017705,0.9173107782646794,0.9981171756121147
Clgn,45.08110748351595,-0.6085164519276358,0.33018825395051943,-1.842937913893283,0.06533807587151566,0.9981171756121147
Clic3,0.7781349309000286,1.3241835619786506,2.4363645978655177,0.543507963930669,0.586780109079708,0.9981171756121147
Clic4,700.6154041945646,-0.15587310132491333,0.19200551141216773,-0.8118157660084511,0.4168973540300218,0.9981171756121147
Clic5,8.146608710341587,-0.80252957510619,0.7800001952878773,-1.0288838130482745,0.30353427566087987,0.9981171756121147
Clic6,21.600378698885663,0.505560823831043,0.4290289453488411,1.1783839512739034,0.23864357283872728,0.9981171756121147
Clk1,647.2473645083404,0.20715381525840856,0.1987669538131647,1.0421944457282737,0.2973215376483118,0.9981171756121147
Clmp,11.1752779633181,0.2865855701357214,0.564613227114141,0.5075785624090344,0.6117489278948649,0.9981171756121147
Cln3,27.008714892240047,0.17677157231973012,0.3986727365600705,0.44340020299606026,0.6574762891013133,0.9981171756121147
Cln6,22.011356628481938,-0.08185588660147239,0.42211458795253837,-0.19391863948250015,0.8462395885339136,0.9981171756121147
Cln8,126.28402503100601,0.056456319260674466,0.2406748206801017,0.23457509639412857,0.8145385404656003,0.9981171756121147
Clock,146.37436734447576,0.030699386981238395,0.33082373946425464,0.09279680784381995,0.9260649870410648,0.9981171756121147
Clspn,13.20638860964482,-0.9184203182257143,0.5452673878490158,-1.6843485209132374,0.0921143333830231,0.9981171756121147
Cltb,92.8949878036769,0.10875661341441654,0.28068457977384204,0.3874691424161804,0.6984089250551055,0.9981171756121147
Cltc,1159.6280611156528,0.05608660126897047,0.1420777464522388,0.3947599301754457,0.6930200692489221,0.9981171756121147
Cltrn,5.744058820390058,-1.3446145887477603,0.8817585681365685,-1.5249237572926015,0.12727811547079848,0.9981171756121147
Cmah,0.0,,,,,
Cmip,483.1851828224214,-0.031327601150659044,0.15998202311999785,-0.1958195085904191,0.8447514400316849,0.9981171756121147
Cmklr1,3.1111210550088004,0.05208792158493738,1.0805221928100874,0.048206248730045614,0.961551870212944,0.9981171756121147
Cmtm6,50.314199508904046,0.2228561692822778,0.29584942279891446,0.753275660212292,0.4512842818742663,0.9981171756121147
Cndp1,0.7113685404328335,3.228629776098849,2.880402732737886,1.1208952621114776,0.2623324478705471,0.9981171756121147
Cnga2,0.29167828634047493,2.0902489199145853,4.023094876336202,0.5195624225044766,0.6033685947468979,0.9981171756121147
Cngb3,0.49733158374040043,-2.1990873127087216,3.148325563629091,-0.6984942529812013,0.4848681506989142,0.9981171756121147
Cnksr3,63.229618210454795,-0.0677203834682919,0.32962834656192547,-0.2054446596435833,0.8372247309909631,0.9981171756121147
Cnmd,0.7404334416663456,-2.7930162990848375,2.824138416898395,-0.9889799601792404,0.3226729465401049,0.9981171756121147
Cnn1,0.09877207360782624,-0.45211653757778947,4.435042509789109,-0.10194187239014495,0.9188028137063071,0.9981171756121147
Cnot11,17.11446758683259,-0.026334523604369907,0.4679664946640044,-0.056274378410954076,0.955123229548054,0.9981171756121147
Cnot2,59.9307450347468,0.29179319864755526,0.27436250530187845,1.063531616051173,0.28754093539542025,0.9981171756121147
Cnot4,37.72319239428439,0.06701541960118196,0.3384495772117948,0.19800710094917648,0.8430395079750355,0.9981171756121147
Cnot8,32.366208783422245,0.3454453114752233,0.3627581249955019,0.9522744982748674,0.34095778755944983,0.9981171756121147
Cnot9,51.31167968318798,0.18765150557954502,0.30906374306882584,0.6071611756082196,0.5437439548359415,0.9981171756121147
Cnp,15734.149338424962,-0.21385116661378073,0.1703451946403213,-1.2553988802872953,0.20933399562656418,0.9981171756121147
Cnppd1,99.35557046934544,0.055508813868784715,0.24600150500577483,0.22564420436160199,0.8214781572591497,0.9981171756121147
Cnpy1,0.19754414721565247,-1.047741613991868,4.3594515893970955,-0.24033793987760943,0.8100682850102667,0.9981171756121147
Cnr2,0.0,,,,,
Cntf,6.75095799306062,0.5044339569418771,0.7958327702497716,0.6338441639988773,0.526182527902056,0.9981171756121147
Cntn1,254.2399719727517,-0.14916281858898545,0.20071294110016155,-0.7431649288351014,0.4573818336372716,0.9981171756121147
Cntn2,1470.6373635046486,-0.12662799609405526,0.22001919841946313,-0.5755315763519917,0.5649318415911859,0.9981171756121147
Cntn3,49.05531534170526,0.014853335386800188,0.32515051760265806,0.04568141393811751,0.9635641778714331,0.9981171756121147
Cntn4,16.922843287983575,0.3831298533725861,0.49363097069540557,0.7761463038529566,0.4376626064401974,0.9981171756121147
Cntn6,19.24388800836489,-0.1134160869795093,0.44268747337661596,-0.25619899771372273,0.7977971825183924,0.9981171756121147
Cntnap1,75.39995584135724,-0.09567485069429216,0.3039918235733366,-0.31472836857801556,0.752967903034577,0.9981171756121147
Cntnap3,14.713934168839073,-0.03241505034007625,0.5405655388172563,-0.05996506993582972,0.9521834547586792,0.9981171756121147
Cntnap4,14.002487703026821,-0.21924853257966226,0.5673882629002318,-0.38641710961549164,0.699187780675432,0.9981171756121147
Cntnap5b,13.494701745555375,0.23901173888510657,0.5586895055586328,0.42780781902484294,0.6687910438089677,0.9981171756121147
Cntrob,8.7069869848026,-0.42543675237187634,0.6759009355936136,-0.6294365490088192,0.5290632964499198,0.9981171756121147
Coa7,12.578223580259126,0.47009769785995087,0.5387288449511106,0.8726053974381341,0.38287819760073993,0.9981171756121147
Col10a1,0.6031036957629198,1.5544739443149347,2.618386358509079,0.5936763072658457,0.5527286326626796,0.9981171756121147
Col12a1,1.2473391746780524,-1.2450586988828254,1.7557221949798956,-0.7091433385320292,0.47823553110120653,0.9981171756121147
Col13a1,0.8477149125409835,1.2098744125579663,2.008388573248254,0.6024105238764548,0.5469009065173762,0.9981171756121147
Col14a1,1.1283792744792382,0.42928930391720516,1.8045387837930313,0.23789419644107898,0.8119631568863009,0.9981171756121147
Col15a1,4.086661147903108,-0.5835516359574358,0.9483161526972427,-0.6153555797796678,0.5383199198765133,0.9981171756121147
Col18a1,1.9506429246916983,-0.32393576955033027,1.4837375103555392,-0.21832417613591737,0.8271765389368169,0.9981171756121147
Col1a1,2.4777462891293616,-0.01223243005142193,1.209963473150744,-0.010109751511397853,0.9919337227608376,0.9981171756121147
Col1a2,3.4465209331847215,-0.19703756535686043,1.0077099589351826,-0.19553003680251826,0.8449780254908247,0.9981171756121147
Col20a1,10.989593600760038,0.10362491143378888,0.5743375971991818,0.18042508785621342,0.8568188602420678,0.9981171756121147
Col23a1,4.849024374935261,0.37764205429231945,0.8611409997459991,0.43853684170618773,0.6609971694482746,0.9981171756121147
Col24a1,0.43751742951071243,2.589154891400885,3.513693107882538,0.7368756496099316,0.4611979733341589,0.9981171756121147
Col26a1,2.815155826331619,-0.3179118182083418,1.1258070119939827,-0.2823857151549177,0.7776477671356429,0.9981171756121147
Col4a1,12.573678795121188,-0.04446320193262639,0.5511440101225791,-0.0806743811345013,0.9357009112840446,0.9981171756121147
Col4a2,7.22302879963646,-0.23464408017612406,0.7882201127864431,-0.2976885217336461,0.765940904804255,0.9981171756121147
Col4a3,1.4943568551528905,0.11046351609359224,1.4903452638798282,0.07411941297818578,0.9409153684243103,0.9981171756121147
Col4a3bp,73.68742416954473,0.2598617253586095,0.2932964389047601,0.8860036839485541,0.3756155420555255,0.9981171756121147
Col4a5,2.1812048141338893,0.21932856649083948,1.265339411228927,0.17333575840953416,0.8623875179308889,0.9981171756121147
Col5a1,0.2963162208234787,-1.5093550987342084,3.9781067039489035,-0.3794154383128872,0.7043793880009106,0.9981171756121147
Col6a1,4.951526494448381,0.38965313960997733,0.838298024712519,0.464814574439207,0.6420642497589807,0.9981171756121147
Col6a2,5.156689814480637,-0.2901651737214831,0.8467895980065626,-0.34266501903727253,0.731850481876936,0.9981171756121147
Col6a3,7.324221772734373,-0.8757328346592884,0.8018389724317827,-1.0921554885308251,0.27476476333412836,0.9981171756121147
Col7a1,3.932045917969502,0.8810737078291926,1.0491820463700718,0.8397720022731086,0.40103623426521795,0.9981171756121147
Col9a2,10.744891200937786,-0.11274322551581716,0.5809162223351402,-0.19407828733481938,0.8461145825745506,0.9981171756121147
Col9a3,70.3371599063393,-0.28824446595670294,0.317730511276732,-0.9071979420498657,0.3643021318203884,0.9981171756121147
Colgalt2,5.311493303494269,-0.5570696535620703,0.8618304859892397,-0.6463796101650383,0.5180335419754318,0.9981171756121147
Colq,3.178691377623419,0.03306878359997424,1.0770117833147672,0.030704198516934483,0.9755054428103133,0.9981171756121147
Commd1,272.2162452118728,0.02240990040283666,0.17399364975600903,0.12879723159012998,0.8975180961561375,0.9981171756121147
Commd10,56.66283512086668,0.2288391778350867,0.2817083547928988,0.8123265566735518,0.4166042760529248,0.9981171756121147
Comt,130.80306371667007,-0.1653491767842195,0.21171594638155333,-0.7809953837214894,0.43480520978110937,0.9981171756121147
Cop1,50.50722710133385,-0.1834400342349998,0.29935427928933506,-0.6127857422666051,0.5400180195046836,0.9981171756121147
Copg1,212.59506352651545,-0.04275265520993759,0.18389862511588986,-0.2324794716817245,0.8161656297104934,0.9981171756121147
Coprs,68.614659728603,0.178117218859779,0.2589539706209249,0.6878335112324636,0.4915576304247564,0.9981171756121147
Cops2,328.3539375679545,0.1286446485315954,0.18323674733300316,0.7020679552764849,0.48263678531096676,0.9981171756121147
Cops5,51.0238331166257,-0.2621915289490185,0.358154833623778,-0.7320619585004298,0.46413075152825833,0.9981171756121147
Cops8,250.43175142692647,-0.011990684554995796,0.18404442013371544,-0.06515103552872778,0.9480537462368719,0.9981171756121147
Cops9,71.7490228743149,-0.19090734844463644,0.26544665469471884,-0.7191928964567005,0.4720220756070477,0.9981171756121147
Coq8a,86.2427096162935,-0.07616742951455384,0.26282095402635997,-0.28980729408247463,0.7719636673634426,0.9981171756121147
Coro1c,421.8340962730304,0.27505587051240404,0.2702259616350167,1.0178735930780436,0.30873803248544585,0.9981171756121147
Coro2b,317.59155169307536,-0.1157586143111352,0.21368655732914543,-0.5417215558994196,0.5880103377734889,0.9981171756121147
Coro6,12.35269841962342,0.1400896383777101,0.5588102217257287,0.2506926912415498,0.8020517118214023,0.9981171756121147
Cort,4.233443208442142,0.4646251866437877,0.986871159720951,0.47080632772282627,0.6377790454076182,0.9981171756121147
Cox7a1,0.547869869004081,-0.7898035190096707,2.8615315505728423,-0.27600727269687525,0.7825424803260969,0.9981171756121147
Cox8b,0.14583914317023747,1.4685041306821252,4.434566981015867,0.33114938549100936,0.740531649762339,0.9981171756121147
Cpa4,0.686223910485522,1.7801854146590579,2.489612907407481,0.7150450615685576,0.4745811994946757,0.9981171756121147
Cpeb2,413.86377549651064,-0.044186779743456354,0.17516911540080593,-0.25225211443439793,0.8008461986165027,0.9981171756121147
Cpeb4,409.2089128095873,0.05962087148327254,0.1670292024262591,0.35694878869815755,0.7211301441936075,0.9981171756121147
Cplx3,9.068029006769956,0.35113938651525245,0.676553502469537,0.5190120001352931,0.6037523730160357,0.9981171756121147
Cpn1,0.9247321936935485,-0.8949317784831611,1.9956683295082802,-0.4484371301836846,0.6538377498992187,0.9981171756121147
Cpne4,68.23735153783149,-0.627437534992231,0.34592842699136805,-1.8137784756494943,0.06971183758994601,0.9981171756121147
Cpox,1041.2468832664074,-0.22599604763416467,0.20322880887153807,-1.1120276150268533,0.2661262771671158,0.9981171756121147
Cps1,0.5184623277001849,1.4339232667094646,2.728490135634628,0.5255372735206697,0.5992097490576849,0.9981171756121147
Cpsf6,242.44891902306063,0.18811730805071425,0.19391978386870976,0.9700779585133821,0.3320076347617468,0.9981171756121147
Cpt1a,75.21798203139245,0.12169044236696158,0.2825609905508692,0.43066964809869523,0.6667085911114791,0.9981171756121147
Cpt1c,116.65233007988523,0.08380236637630988,0.2171404003791249,0.3859363169174958,0.6995438333236371,0.9981171756121147
Cpt2,31.487400246350173,0.013187400792605913,0.36247329597853833,0.03638171677448682,0.9709779924279947,0.9981171756121147
Cptp,35.630242792691426,0.10860682310452226,0.3460613204296554,0.31383693204915397,0.7536448927383886,0.9981171756121147
Cr1l,37.51921901440247,-0.009294438397912781,0.3488151832928992,-0.026645739185350386,0.9787422916018452,0.9981171756121147
Cr2,0.14583914317023747,1.4685041306821252,4.434566981015867,0.33114938549100936,0.740531649762339,0.9981171756121147
Crabp1,16.706067237932153,0.503648858045562,0.4890726048652468,1.0298038635476863,0.3031020867268459,0.9981171756121147
Crabp2,9.550999274695611,-0.8583573316955282,0.7064828077038906,-1.2149727103554557,0.22437649985329944,0.9981171756121147
Crb1,1.1283792744792382,0.42928930391720516,1.8045387837930313,0.23789419644107898,0.8119631568863009,0.9981171756121147
Crb2,5.1163161509517066,-0.15458705682802168,0.9043544368220267,-0.17093636137978477,0.8642738051660384,0.9981171756121147
Crbn,113.97323520037952,-0.10695215436080628,0.23353512873427446,-0.457970305968404,0.646973774787218,0.9981171756121147
Creb1,136.06970696076144,0.11977496290051952,0.22360398330887277,0.5356566601725953,0.5921958618838827,0.9981171756121147
Crebbp,178.92820080909712,-0.035497334406736004,0.20281566041326637,-0.1750226502943857,0.8610618359241828,0.9981171756121147
Crebrf,302.14486275129985,0.0077668764580048535,0.17788749756845199,0.04366173319750097,0.9651740425947977,0.9981171756121147
Creg1,7.891121106053376,0.23745972679379726,0.7015302272944447,0.3384882326590486,0.7349952933002035,0.9981171756121147
Creld1,53.3466535007752,0.24681816172624485,0.3054355410313647,0.8080859250787041,0.419041119500452,0.9981171756121147
Crh,3.336254762641973,-0.34414017542090447,1.1373883040024275,-0.3025705242527006,0.7622171803440417,0.9981171756121147
Crhbp,9.152995392050967,-0.06027355265445743,0.786306844389873,-0.07665398449027376,0.938898811835087,0.9981171756121147
Crhr1,4.459716702788572,-0.793189747353498,0.9647333733254775,-0.8221854548468027,0.41097135565649123,0.9981171756121147
Crhr2,0.4095734345347945,0.502544893843937,3.2344305285202872,0.1553735315730665,0.8765268494907043,0.9981171756121147
Crisp1,0.0,,,,,
Crk,338.7085625246862,0.06711976604644827,0.16745050623623922,0.40083346151104304,0.6885427411925502,0.9981171756121147
Crlf2,21.10897505580476,0.45106672464716213,0.42573941548900796,1.0594901675454762,0.2893766048046925,0.9981171756121147
Crmp1,115.76912231340098,-0.03909970338793449,0.26164040676025896,-0.14944061535480463,0.8812059651136778,0.9981171756121147
Crocc,32.978532921517804,0.05313989285075894,0.3473224507435317,0.15299872708199408,0.8783992791138453,0.9981171756121147
Crtc1,0.4280246584486249,-0.2626097938833926,2.8816131467179664,-0.09113291080813324,0.9273869823965722,0.9981171756121147
Crtc2,16.19578418103144,-0.09855362713981013,0.523539083387367,-0.18824502366118523,0.8506845795479808,0.9981171756121147
Crx,0.613220515320484,2.971401286776958,2.860374065825992,1.0388156298427718,0.29889049083706865,0.9981171756121147
Crxos,0.0,,,,,
Cry1,41.34677227762925,-0.3213820508200433,0.3351558325629336,-0.9589033506069033,0.33760743668484683,0.9981171756121147
Cry2,177.83218011260104,0.1619889089916933,0.2124695282865598,0.7624100749789269,0.44581529500014894,0.9981171756121147
Cryaa,0.09877207360782624,-0.45211653757778947,4.435042509789109,-0.10194187239014495,0.9188028137063071,0.9981171756121147
Cryab,1864.2014189239842,-0.21937949409523463,0.17751806350850086,-1.2358150475471423,0.21652732033465028,0.9981171756121147
Cryba2,0.0,,,,,
Cryba4,0.7529567249206844,0.1487150830975922,2.153195422492708,0.06906715551411861,0.9449361646779755,0.9981171756121147
Crybb3,1.2640153291412917,2.8580804620977127,2.1113191195319834,1.3536942074068197,0.1758339569530708,0.9981171756121147
Crygb,0.0,,,,,
Crygc,0.0,,,,,
Crygd,0.3870605224562507,2.3594687187878343,3.671364721323727,0.6426680261657897,0.5204395322495254,0.9981171756121147
Cryge,0.29167828634047493,2.0902489199145853,4.023094876336202,0.5195624225044766,0.6033685947468979,0.9981171756121147
Crygf,0.0,,,,,
Crygs,0.0,,,,,
Crym,118.18430273120919,-0.4691771914478157,0.6940083890591316,-0.6760396543388764,0.499015468642779,0.9981171756121147
Cs,378.12482582906387,0.022169452821322586,0.16472442626505232,0.13458509660036996,0.8929399255811563,0.9981171756121147
Csde1,662.1755701491829,0.004223556967328393,0.15281551381729544,0.027638273509180692,0.9779506554696074,0.9981171756121147
Cse1l,102.33220664136627,0.216443991915195,0.23206920000396086,0.9326700480352448,0.35099035412787116,0.9981171756121147
Csf1,206.43206652916618,-0.03735827203122015,0.2798078193252377,-0.13351403874741738,0.8937868623542479,0.9981171756121147
Csf1r,78.15146871969229,0.17010193183957573,0.27471608795448305,0.6191917375722075,0.5357900542891538,0.9981171756121147
Csf2,0.0,,,,,
Csf2rb,0.438141478006189,1.284343193551702,2.862034917716106,0.44875175547355073,0.6536107447884214,0.9981171756121147
Csf2rb2,0.46497490845347195,-0.3933607448554362,3.003416658036603,-0.13097108714599207,0.8957981794702864,0.9981171756121147
Csf3,0.0,,,,,
Csf3r,2.6623180975057434,0.9543939203066413,1.1558641438889823,0.8256973151667453,0.4089758156730091,0.9981171756121147
Csk,33.69911237407883,0.18326260964365543,0.3515485458945016,0.5213010031867742,0.6021571022691821,0.9981171756121147
Csnk1a1,277.22723488421906,-0.025230631411388753,0.19939202554611524,-0.126537815854393,0.8993062168840215,0.9981171756121147
Csnk1d,318.6608047424142,-0.08304275623511938,0.17807686133732192,-0.46633097422924424,0.6409786109970803,0.9981171756121147
Csnk1e,175.79023970810377,0.041196120714623155,0.20169939053813454,0.20424514226201568,0.8381619363699577,0.9981171756121147
Csnk2a1,245.27552279510397,-0.05803804467898437,0.1817497653008184,-0.31932940646676605,0.7494767359021132,0.9981171756121147
Csnk2a2,83.87671061143644,0.1666255251190271,0.24155358035634275,0.6898077224656289,0.4903151116567841,0.9981171756121147
Cspg4,12.285758229221678,0.0042106831933272915,0.573435469895008,0.007342906768739363,0.9941412607067127,0.9981171756121147
Cspg5,268.2618780352907,-0.037970604595733655,0.23203677122597582,-0.16364046265216672,0.8700141894542006,0.9981171756121147
Cst7,0.5839806211764266,1.7787136401240649,2.5883322782985503,0.6872045196968717,0.49195385661672697,0.9981171756121147
Csta1,0.2010153629169217,-0.46032403864503774,4.433790464391391,-0.10382178462017705,0.9173107782646794,0.9981171756121147
Ctbp1,317.5120051908641,-0.11941667903415151,0.17261648316100464,-0.6918034526446003,0.4890607681060748,0.9981171756121147
Ctbp2,18.993646407687855,0.08916494376927207,0.45310543617351023,0.19678630325487342,0.8439947699579589,0.9981171756121147
Ctcf,216.68061810213047,-0.03382968187513794,0.1831754981837554,-0.18468453592631237,0.8534764760650191,0.9981171756121147
Ctdsp1,269.522332530504,0.06345375167090911,0.1855929525655039,0.34189742010011664,0.7324280912346908,0.9981171756121147
Ctdspl2,75.60915811122452,0.21740452397303248,0.25082800888946166,0.8667473976913053,0.38608042934211784,0.9981171756121147
Cth,9.895834576704525,-0.5099050174663984,0.609649759493673,-0.8363900904182842,0.40293548559679004,0.9981171756121147
Ctla4,0.29978743652474793,-1.402084615240994,3.6862814707163842,-0.380352023137429,0.7036841231276579,0.9981171756121147
Ctnna1,338.73254461064454,0.107434355072553,0.2129794146225984,0.5044353946738361,0.6139554508083183,0.9981171756121147
Ctnna3,34.4434131478232,-1.237055441227029,0.4492166913404709,-2.753805602226473,0.005890674583224061,0.9981171756121147
Ctnnal1,152.0931870550493,-0.2866850942494775,0.21210333552437113,-1.351629353403246,0.17649391525300995,0.9981171756121147
Ctnnb1,870.2002209622606,0.10773774011664357,0.17032586472093797,0.6325389293819889,0.5270347787654424,0.9981171756121147
Ctnnbip1,84.53416070026785,0.1963373094317498,0.26474558010343846,0.7416075061764547,0.4583251743702439,0.9981171756121147
Ctnnd1,510.5692731406205,0.04037093525957741,0.18880656156744186,0.2138216750754019,0.8306861215652215,0.9981171756121147
Ctps,203.57016528349345,-0.15113459506094135,0.2433114975418156,-0.6211568158013877,0.534496449751009,0.9981171756121147
Ctr9,231.48488363532886,-0.1993694076713613,0.18812689798458979,-1.0597602459149273,0.28925368673511065,0.9981171756121147
Ctsk,18.638756496664755,0.006451968845943017,0.4912158761025264,0.013134691201626317,0.9895203340057024,0.9981171756121147
Ctsl,72.5453860181271,-0.10529903613473655,0.2954606087499967,-0.35638942389046213,0.7215489486326059,0.9981171756121147
Ctsq,0.0,,,,,
Ctss,245.66559496526222,-0.05013460651226341,0.2532250022380632,-0.1979844251916744,0.8430572494282091,0.9981171756121147
Cttn,106.5842190781516,0.05740429316007126,0.22400620070154872,0.25626207212251684,0.7977484816566373,0.9981171756121147
Cttnbp2,395.7911157572623,-0.08206597980726318,0.16866974166123092,-0.48654832217678207,0.6265784532901782,0.9981171756121147
Cubn,0.3870605224562507,2.3594687187878343,3.671364721323727,0.6426680261657897,0.5204395322495254,0.9981171756121147
Cul1,312.6718006187745,0.07223802847827443,0.1692831461609575,0.4267290047267269,0.6695767220175188,0.9981171756121147
Cul3,517.4684609509311,0.05176725396530342,0.1556234955690656,0.33264420501548975,0.7394028710041844,0.9981171756121147
Cul4a,134.27677861342534,-0.09436007106705886,0.2112931939859909,-0.4465835803178549,0.6551757531893487,0.9981171756121147
Cux1,150.0664652387163,-0.027094512289281624,0.2356997925272298,-0.11495348383113856,0.9084819920657284,0.9981171756121147
Cux2,29.33740651418349,-0.3305107475598153,0.3976610112447694,-0.8311369186665837,0.4058962857192613,0.9981171756121147
Cwc27,46.28121235864245,0.32732049310437583,0.3401084514327048,0.9624003511983906,0.3358485373316117,0.9981171756121147
Cx3cl1,87.51978123632581,-0.05979279441631384,0.25796793800071643,-0.23178382119776367,0.8167059237092915,0.9981171756121147
Cx3cr1,34.61848527799666,0.1671995684973415,0.36596587697874433,0.45687201735218774,0.6477630380975845,0.9981171756121147
Cxadr,27.84383314072043,0.25604845605971227,0.3955301560561047,0.6473550806158826,0.5174021607686345,0.9981171756121147
Cxcl1,0.6541846513128582,0.6380051582117355,2.305699605027195,0.27670784035382195,0.7820044511314412,0.9981171756121147
Cxcl10,0.0,,,,,
Cxcl12,25.360505062116573,-0.22380249586630913,0.44041442454395924,-0.5081634101745245,0.6113387488534093,0.9981171756121147
Cxcl13,0.27385111092212117,1.468507008457143,4.1863062795273285,0.3507882391784651,0.7257472210175899,0.9981171756121147
Cxcl14,77.48397852885181,-0.2513425525804017,0.31933900964249656,-0.7870712471419713,0.43124015991729747,0.9981171756121147
Cxcl16,2.342071767693874,0.5094999186487758,1.1918751029245884,0.4274776085166807,0.6690314908478938,0.9981171756121147
Cxcl2,0.09877207360782624,-0.45211653757778947,4.435042509789109,-0.10194187239014495,0.9188028137063071,0.9981171756121147
Cxcl3,0.4673813721502465,2.54198392338013,3.253706874317502,0.7812578150308443,0.4346508758508396,0.9981171756121147
Cxcl5,0.13572232361267328,-0.46032403864503774,4.433790464391391,-0.10382178462017705,0.9173107782646794,0.9981171756121147
Cxcl9,0.27385111092212117,1.468507008457143,4.1863062795273285,0.3507882391784651,0.7257472210175899,0.9981171756121147
Cxcr1,1.264941095924413,-1.412776622996137,1.8345137036530814,-0.7701096046232109,0.44123487911616144,0.9981171756121147
Cxcr2,0.13572232361267328,-0.46032403864503774,4.433790464391391,-0.10382178462017705,0.9173107782646794,0.9981171756121147
Cxcr3,0.2010153629169217,-0.46032403864503774,4.433790464391391,-0.10382178462017705,0.9173107782646794,0.9981171756121147
Cxcr4,2.8295931642579224,-0.0289243899979889,1.1474464092688892,-0.02520761733562656,0.9798893611328324,0.9981171756121147
Cxcr5,0.4926936492573966,1.151373107677119,2.969941220369664,0.3876753855531893,0.698256273445202,0.9981171756121147
Cxcr6,0.6030460887507652,-2.385074854497142,3.2371464626704007,-0.7367831150060586,0.46125425295799116,0.9981171756121147
Cxxc1,52.51358206752092,-0.00021730114189283544,0.30302841423277294,-0.000717098237942513,0.9994278384364038,0.9994278384364038
Cxxc5,197.21539626540638,-0.2625592226157164,0.2035576095047701,-1.2898521615305358,0.19710199317523935,0.9981171756121147
Cyb561,24.532866860636375,0.049539114543506686,0.44702973022754866,0.11081838901025691,0.9117603628476256,0.9981171756121147
Cyb5a,212.6257899975534,-0.1397175205720749,0.19924453859143534,-0.7012363880074791,0.4831555046394035,0.9981171756121147
Cyb5r3,98.07556265962945,0.4517111182255765,0.2478981701089313,1.8221639878466462,0.06843010701132872,0.9981171756121147
Cybb,0.380333540390737,-0.260574422223632,2.981357064725813,-0.08740127954032781,0.9303525523464115,0.9981171756121147
Cybc1,58.16527711857589,0.289426611613617,0.29861369128872806,0.9692342315737019,0.33242833522229664,0.9981171756121147
Cyct,0.14583914317023747,1.4685041306821252,4.434566981015867,0.33114938549100936,0.740531649762339,0.9981171756121147
Cyfip1,301.72270893907347,0.014623663708502113,0.18375856790849726,0.0795808536981197,0.9365706234477075,0.9981171756121147
Cyfip2,1045.755308545281,-0.022581737089274002,0.18247467144902604,-0.12375272091163715,0.9015110672021812,0.9981171756121147
Cygb,25.84536923407531,0.09676217731232929,0.41625203693719337,0.23246054968117633,0.8161803247911661,0.9981171756121147
Cyld,682.2930655640764,-0.10896689437731605,0.1703304858719588,-0.6397380587479148,0.5223429080917767,0.9981171756121147
Cyp11a1,0.5778776876063895,-1.1055188850566635,2.5745316444036423,-0.4294058251176567,0.6676279153565348,0.9981171756121147
Cyp11b2,0.0,,,,,
Cyp17a1,0.09877207360782624,-0.45211653757778947,4.435042509789109,-0.10194187239014495,0.9188028137063071,0.9981171756121147
Cyp19a1,0.8116041603686379,-1.2313869056573583,2.3986678474923884,-0.5133628263474131,0.607697543826721,0.9981171756121147
Cyp1a1,0.0,,,,,
Cyp1a2,0.3945456241450471,0.5024832506138347,3.2738417065691423,0.15348428410743703,0.8780163829283766,0.9981171756121147
Cyp1b1,0.818475018396926,0.5296154801598493,2.036957819624831,0.26000316504216786,0.7948613321892297,0.9981171756121147
Cyp21a1,0.13572232361267328,-0.46032403864503774,4.433790464391391,-0.10382178462017705,0.9173107782646794,0.9981171756121147
Cyp24a1,0.09877207360782624,-0.45211653757778947,4.435042509789109,-0.10194187239014495,0.9188028137063071,0.9981171756121147
Cyp26a1,0.29167828634047493,2.0902489199145853,4.023094876336202,0.5195624225044766,0.6033685947468979,0.9981171756121147
Cyp26b1,9.09387761066291,-0.24901077402740937,0.7053079609361181,-0.3530525498349834,0.724049044829125,0.9981171756121147
Cyp27a1,154.3127559572646,-0.1816946740655288,0.2924525188940743,-0.6212792242399466,0.5344159208577137,0.9981171756121147
Cyp27b1,0.6541846513128582,0.6380051582117355,2.305699605027195,0.27670784035382195,0.7820044511314412,0.9981171756121147
Cyp2a5,0.9643141615671635,0.9045347928986173,1.917359865378669,0.47176057516984493,0.6370976944100641,0.9981171756121147
Cyp2c29,0.0,,,,,
Cyp2e1,0.4852085475686003,2.7222416880492872,3.1760011194447726,0.8571286928655707,0.3913737653983068,0.9981171756121147
Cyp2g1,0.3292525848407986,0.5022352423470765,3.4473755284261705,0.14568625849019756,0.8841690697581248,0.9981171756121147
Cyp2r1,1.494582109324884,0.39616527124615375,1.505012025137881,0.2632306351239016,0.7923728197556156,0.9981171756121147
Cyp3a13,40.846108285617674,0.10507659769154634,0.3433395167138091,0.3060428310066418,0.7595720348839421,0.9981171756121147
Cyp7a1,0.2344943972204995,-1.2123042177937502,3.9780828204562106,-0.3047458468083683,0.7605597286868574,0.9981171756121147
Cyp7b1,21.140663859725112,0.14253778051600774,0.4283735964348511,0.33274175089753805,0.7393292309427486,0.9981171756121147
Cyp8b1,0.44215536399371613,-0.5846022634823556,3.022495803193158,-0.19341706376059956,0.8466323528022254,0.9981171756121147
Cyren,0.9532139682143236,2.4846406983064075,2.2795565582250297,1.0899666820467337,0.275727820940076,0.9981171756121147
Cysltr1,1.2306225637883337,0.26034083659379476,1.748445205605552,0.1488984817820636,0.8816337392226672,0.9981171756121147
D1Ertd622e,121.96737361692907,0.12145494416978314,0.2533489886173294,0.4793977857682889,0.6316556683998287,0.9981171756121147
D1Pas1,0.0,,,,,
Daam2,358.09699193800265,-0.08011054683931751,0.25824036756366436,-0.3102169796113218,0.7563959591731406,0.9981171756121147
Dab2,4.931652180633052,-0.2135338237738102,0.8607218491194024,-0.24808690983303716,0.804067163525068,0.9981171756121147
Dach1,31.550824319961816,0.024658922522258726,0.38332551182992697,0.06432893653370857,0.9487083131437848,0.9981171756121147
Dact2,48.846424339607275,-0.3321318805227687,0.3223247238124801,-1.0304263247146817,0.3028099209591376,0.9981171756121147
Dag1,39.131811234667644,-0.044544058110526974,0.3462475641900294,-0.12864800425304965,0.8976361799849192,0.9981171756121147
Dagla,27.734587148339177,0.06254881011763541,0.39262267865515177,0.1593102322359052,0.8734244595564843,0.9981171756121147
Daglb,32.931587686591094,-0.13378719323729274,0.3539426595718624,-0.3779911508805549,0.7054371677376792,0.9981171756121147
Dao,0.14583914317023747,1.4685041306821252,4.434566981015867,0.33114938549100936,0.740531649762339,0.9981171756121147
Dapk1,49.321446647550516,0.3397657572104278,0.33800042520725554,1.0052228691786107,0.31478954551963,0.9981171756121147
Daxx,23.760658250263205,0.02959724354925356,0.43965519812707055,0.0673192166846604,0.9463275788882115,0.9981171756121147
Dazl,10.489057490814925,-0.7214712597826854,0.6160497852138153,-1.171124927074329,0.24154856559748816,0.9981171756121147
Dbh,0.09877207360782624,-0.45211653757778947,4.435042509789109,-0.10194187239014495,0.9188028137063071,0.9981171756121147
Dbn1,207.48237583957385,-0.08008265106025503,0.198228344079261,-0.4039919287639019,0.6862186544249216,0.9981171756121147
Dbnl,138.9042666578106,0.01047828189367886,0.2156896502383086,0.04858036480703521,0.9612537181004122,0.9981171756121147
Dbp,444.5496886036953,0.2439667577395956,0.27911117453709766,0.8740845225713781,0.38207222561727705,0.9981171756121147
Dbx1,0.09877207360782624,-0.45211653757778947,4.435042509789109,-0.10194187239014495,0.9188028137063071,0.9981171756121147
Dbx2,65.60541796844556,0.04173514383195607,0.28308462780071386,0.14742991930079938,0.8827926913550742,0.9981171756121147
Dcaf1,64.48517240168395,0.2094998993245097,0.2937299480281822,0.7132398338367902,0.47569736104744187,0.9981171756121147
Dcaf11,25.089090628908398,-0.15760583482284987,0.4196399002808191,-0.3755739974139293,0.7072336248938027,0.9981171756121147
Dcaf7,398.77844586159875,0.10874214561116682,0.1614853339223261,0.673387130397064,0.5007010339885813,0.9981171756121147
Dcc,54.53005655695947,-0.07614379094075922,0.31289310426635325,-0.2433540078145701,0.807731169389434,0.9981171756121147
Dct,0.380333540390737,-0.260574422223632,2.981357064725813,-0.08740127954032781,0.9303525523464115,0.9981171756121147
Dctn1,617.9559048385548,0.050261115794534184,0.15568235669527108,0.32284400661350526,0.746813383550927,0.9981171756121147
Dctn2,469.6796580635723,-0.09277976512235316,0.16883178948775537,-0.5495396655087996,0.5826351513088053,0.9981171756121147
Dctn3,40.510367835850836,0.3790746499866103,0.333187408013983,1.1377220173059528,0.2552365767372434,0.9981171756121147
Dctn4,134.12383546371538,-0.2933179514126743,0.237336514461848,-1.2358736795210892,0.21650552200859763,0.9981171756121147
Dcx,13.187849850672107,-0.12208213183661996,0.570792292962677,-0.2138818854805432,0.8306391666666794,0.9981171756121147
Ddah1,154.49860054051192,-0.17633416962379778,0.21893195897647835,-0.8054290951772044,0.4205721076102009,0.9981171756121147
Ddb1,185.38229929823976,0.05344725675461618,0.23929798026258414,0.22335022090854237,0.8232629436613578,0.9981171756121147
Ddc,16.140254044697933,-0.3893762854485447,0.5023265897326685,-0.7751456789411956,0.43825358236152256,0.9981171756121147
Ddit3,131.1057425335036,0.6960776976115733,0.598073247372326,1.1638669689203394,0.24447792742555285,0.9981171756121147
Ddit4,965.8460334378493,0.5210187228877776,0.22353293575147518,2.3308364878589902,0.019761983310812366,0.9981171756121147
Ddr1,496.36409504990223,-0.22948466755018376,0.17495497833161286,-1.3116784085744295,0.18962866486120034,0.9981171756121147
Ddx19b,27.887542035137262,0.09212133498806126,0.41556425111240436,0.22167771828656094,0.8245647768079577,0.9981171756121147
Ddx21,109.19126085687232,0.4399089584470982,0.2787613538063067,1.5780844526704467,0.11454620945036403,0.9981171756121147
Ddx4,0.19353026122812536,1.4685041306821252,4.434566981015867,0.33114938549100936,0.740531649762339,0.9981171756121147
Ddx41,32.699072757731926,0.09294010052445274,0.35755566723178994,0.2599318345140455,0.7949163546509557,0.9981171756121147
Ddx42,211.42770075247077,0.10444565077062302,0.18292265817391404,0.570982577080862,0.5680114532333738,0.9981171756121147
Ddx56,116.33027580454184,0.344133559230935,0.22604356305060266,1.5224214066821113,0.12790352440901004,0.9981171756121147
Ddx58,8.23535467800482,-0.3801077470712684,0.6729663397394751,-0.5648243078820543,0.5721932716534334,0.9981171756121147
Ddx6,359.6158395462617,-0.01578069016770431,0.1665040570153124,-0.09477661055581997,0.9244922653000881,0.9981171756121147
Decr1,60.8168448552372,-0.3836524061566104,0.28923100954697956,-1.3264566851165867,0.18468847341218753,0.9981171756121147
Def6,2.0897023928778347,0.39512986074121614,1.374379697735534,0.2874968696003317,0.7737318985149069,0.9981171756121147
Defa5,0.29230233483595164,0.5094768886628668,3.582136449186346,0.14222710270531164,0.8869006245356488,0.9981171756121147
Dek,305.64421551073605,0.004815789504865101,0.17763644485447452,0.02711036864541142,0.9783717048181446,0.9981171756121147
Dennd1a,58.715152073932764,0.08171773484062658,0.30287178007092846,0.2698096693640107,0.7873066835434013,0.9981171756121147
Derl2,26.29931012234192,0.283680670752775,0.3943264744976593,0.7194055918111044,0.4718910524831358,0.9981171756121147
Des,3.2846311368057766,0.15169609287176167,1.0334798799346896,0.14678185402249733,0.8833042079296288,0.9981171756121147
Dffb,16.806985232490614,-0.08826010620548404,0.532298612536402,-0.16580938617315719,0.8683069592775885,0.9981171756121147
Dgat1,37.06850720636643,0.1784874407420205,0.3647279942560791,0.48937137689711496,0.6245787965822127,0.9981171756121147
Dgcr2,282.9769896892352,0.2648370704552655,0.19459738650130873,1.3609487527905952,0.1735298851285929,0.9981171756121147
Dgcr8,47.22743851008673,0.16987835824552203,0.32427866478755485,0.5238653562263021,0.6003721921173921,0.9981171756121147
Dgka,5.015718774058963,0.2645509662242904,0.9066950424123184,0.2917750223056654,0.770458643969925,0.9981171756121147
Dgkg,23.901852276498357,0.07750377112798101,0.41902220342724916,0.1849633992997635,0.8532577433170478,0.9981171756121147
Dgkq,44.53064507597619,0.053418897518845675,0.329034190230571,0.1623505979163209,0.8710297717773506,0.9981171756121147
Dglucy,19.66395251225879,0.6453029684323928,0.4857656465186598,1.3284244636422733,0.18403792217248094,0.9981171756121147
Dhfr,27.68555749271334,-0.0016005201335944456,0.3969381249490786,-0.004032165299817872,0.9967828062783867,0.9986440189872052
Dhh,0.41969025409235866,2.40697739346095,3.347408063403607,0.719057057840018,0.47210576446248076,0.9981171756121147
Dhodh,19.502739717076967,0.7606600702918428,0.4417401824122612,1.7219625937989593,0.08507629482225439,0.9981171756121147
Dhx33,42.29939023258101,0.1769341808649253,0.34483882973641117,0.5130923944967877,0.6078866913927523,0.9981171756121147
Dhx58,5.289926751196623,1.2367423252951062,0.8570849437122411,1.4429635409746877,0.1490307419745763,0.9981171756121147
Diablo,77.82093226284577,0.13489178092450888,0.25072063075266937,0.5380162793925674,0.5905658096769026,0.9981171756121147
Diaph1,88.40303709127517,0.06650873376176833,0.2674090398293716,0.2487153530942942,0.8035809719087897,0.9981171756121147
Diaph3,7.220252226906833,0.11938846188195366,0.724220856242768,0.16485090266709074,0.8690613375547616,0.9981171756121147
Dicer1,128.8413153011675,-0.14816874981000186,0.2364828531882511,-0.6265517681827562,0.5309530927256572,0.9981171756121147
Dio1,0.09877207360782624,-0.45211653757778947,4.435042509789109,-0.10194187239014495,0.9188028137063071,0.9981171756121147
Dio2,83.17050992314522,-0.10137902989213549,0.26140971894604004,-0.38781660567510134,0.6981517558962922,0.9981171756121147
Dio3,0.0,,,,,
Dip2a,854.3011689294103,-0.16034325194621876,0.1971987003396512,-0.8131050137249722,0.41615785213625334,0.9981171756121147
Diras1,44.98408417753965,-0.058963147348851254,0.3127037361486274,-0.18855913931525975,0.8504383603434702,0.9981171756121147
Disc1,0.5879945071639536,0.0514106847838714,2.6546263775658465,0.019366448408085324,0.9845487756779319,0.9981171756121147
Disp2,64.99170691806862,-0.180418946246455,0.33483815948257384,-0.5388243279238447,0.5900080754592155,0.9981171756121147
Dixdc1,243.13943108852072,-0.4322299891882769,0.1930853032094644,-2.2385442185590976,0.0251855872070304,0.9981171756121147
Dkk1,0.0,,,,,
Dkk2,0.6172344013080111,0.7786646759745548,2.484612873506848,0.31339476836708446,0.7539807584204297,0.9981171756121147
Dkk3,69.49187105450419,-0.21564571548712216,0.33448542348151566,-0.644708858289124,0.5191158747092579,0.9981171756121147
Dkk4,0.27385111092212117,1.468507008457143,4.1863062795273285,0.3507882391784651,0.7257472210175899,0.9981171756121147
Dlg1,774.1867848613933,0.039721796269049,0.14866933841830957,0.2671821687756768,0.7893289045160798,0.9981171756121147
Dlg3,121.67516669247944,-0.007597911208877391,0.226089966186291,-0.033605698373261515,0.9731915781916798,0.9981171756121147
Dlg4,683.7182133940447,-0.07788143609721555,0.19343265918944208,-0.40262816229466625,0.6872217887472494,0.9981171756121147
Dlg5,65.68927488917329,-0.1888211826966422,0.3067218558807315,-0.6156104596930488,0.5381516462340993,0.9981171756121147
Dlgap4,203.45672963349762,-0.06607330214357403,0.19563839667357777,-0.3377317707925055,0.7355653304671205,0.9981171756121147
Dlk1,3.8686323465502244,0.12108447003648048,1.1730934149573435,0.1032180971204952,0.917789877200493,0.9981171756121147
Dll1,68.47975500468455,0.32452972402314206,0.3585382486845055,0.9051467318029738,0.3653876575870453,0.9981171756121147
Dll3,2.4539600561037447,-0.9525869886843065,1.3320045484018372,-0.7151529548658353,0.4745145352930278,0.9981171756121147
Dll4,1.7625555408489613,-0.15865058025602438,1.4652037211324875,-0.10827885431071656,0.9137744958009948,0.9981171756121147
Dlx1,9.4689253968781,0.20313698216703346,0.6181358298455578,0.3286283893586747,0.7424365872370514,0.9981171756121147
Dlx2,11.641516647666736,0.8010347249384966,0.5957263168849731,1.344635451270765,0.1787429890187362,0.9981171756121147
Dlx3,0.13572232361267328,-0.46032403864503774,4.433790464391391,-0.10382178462017705,0.9173107782646794,0.9981171756121147
Dlx4,0.34338329038588994,-0.10621807815370968,3.317924511976791,-0.032013410121385144,0.974461356648966,0.9981171756121147
Dlx5,53.291394156507316,-0.04081183889395156,0.3058494175213045,-0.13343768716220863,0.8938472418478843,0.9981171756121147
Dlx6,39.81415332171799,0.16026093555621998,0.35097113010686565,0.4566214192814743,0.6479431809582927,0.9981171756121147
Dmap1,68.02908464924768,0.09648500621629971,0.266785888764658,0.36165708262558377,0.7176083021447099,0.9981171756121147
Dmbx1,0.4095734345347945,0.502544893843937,3.2344305285202872,0.1553735315730665,0.8765268494907043,0.9981171756121147
Dmc1,0.5738638016188623,0.5127148236070577,2.3911531279038867,0.2144215766124981,0.8302183172237925,0.9981171756121147
Dmd,39.901609077631534,0.07417849368760931,0.3447774093325473,0.21514893864772364,0.8296511996680215,0.9981171756121147
Dmp1,3.2564307707100943,-1.990106446284195,1.235802404209789,-1.6103759302497327,0.10731581197243988,0.9981171756121147
Dmrt1,0.24461121677806372,0.5095569421313735,3.7994315150776345,0.13411399576732771,0.8933124326044014,0.9981171756121147
Dmrt2,0.5184623277001849,1.4339232667094646,2.728490135634628,0.5255372735206697,0.5992097490576849,0.9981171756121147
Dmrta1,0.3332664708283257,-1.6657536247670026,3.529127732487606,-0.47200151171429805,0.6369257095614138,0.9981171756121147
Dmrta2,6.99484200158997,0.39346368905571993,0.7186201871854847,0.5475266296049127,0.5840169806140042,0.9981171756121147
Dnah11,0.33936940439836283,2.2357748292719086,3.5536531379614233,0.6291482996436945,0.5292519722359541,0.9981171756121147
Dnah12,0.2010153629169217,-0.46032403864503774,4.433790464391391,-0.10382178462017705,0.9173107782646794,0.9981171756121147
Dnah5,0.6356856252218416,0.15602764906945993,2.4166901830702465,0.06456253687894616,0.948522313688068,0.9981171756121147
Dnajb1,233.3799239878574,0.29316975126408,0.20183437227890155,1.4525263856394497,0.1463552980336472,0.9981171756121147
Dnajb6,215.6166753817996,-0.24596295867403511,0.18732368570532365,-1.313037151430792,0.18917042974228626,0.9981171756121147
Dnajc5,136.3481125559941,0.09502262703354254,0.22108937177512733,0.42979283115513667,0.667346348155323,0.9981171756121147
Dnajc7,293.38879254005343,0.1985434914376049,0.2178834555832099,0.9112371148427144,0.3621704522722027,0.9981171756121147
Dner,225.45798212726092,0.01857609484677731,0.19097554958115565,0.09726949280951457,0.9225123823036797,0.9981171756121147
Dnm1,531.2943987563154,0.06955315741378215,0.17941794697940933,0.3876599781947362,0.6982676768359874,0.9981171756121147
Dnm1l,300.58901976251735,0.043842058551201483,0.1858438877019837,0.2359079929575403,0.8135040658018529,0.9981171756121147
Dnm2,763.9776998536248,0.10631957312608396,0.16519924785573764,0.6435838813196588,0.51984530527767,0.9981171756121147
Dnmt1,76.63824280729601,0.0982887251961214,0.2723097950708555,0.36094450870027095,0.7181409300987909,0.9981171756121147
Dnmt3a,112.92679901013264,-0.10323886689240984,0.2397884648292781,-0.43054142310770743,0.6668018411569494,0.9981171756121147
Dnmt3b,1.5672261791901227,0.7726540929625577,1.7468849487655331,0.44230393850984134,0.658269281302291,0.9981171756121147
Dnmt3l,0.0,,,,,
Dnttip1,72.12777252877561,0.042530774156191276,0.26135762838369064,0.162730180937184,0.8707308827707394,0.9981171756121147
Dnttip2,67.19566867708492,-0.07574705734308342,0.2862018966390323,-0.2646630166767141,0.791269070183895,0.9981171756121147
Doc2a,11.682534688476105,0.16922243921666383,0.5611948024894154,0.3015395696218257,0.7630030810526292,0.9981171756121147
Dock2,4.576180409005479,-0.5801876835705211,0.924659687856808,-0.6274607741528021,0.5303572409984367,0.9981171756121147
Dock3,100.14337860658765,-0.48986341330688604,0.2388805328867826,-2.050662761787528,0.04029979976104808,0.9981171756121147
Dock5,202.06246210926125,-0.12436550940739273,0.2370000896020413,-0.5247487864507607,0.5997578377030888,0.9981171756121147
Dock7,17.81880008116156,-0.15654642799678253,0.4602814642314048,-0.34011021551386955,0.7337735290096774,0.9981171756121147
Dock8,3.042251390813942,-0.9712615949605528,1.1120613386202256,-0.8733885094554513,0.3824513519183387,0.9981171756121147
Dot1l,44.284524504420965,-0.31993198161229836,0.3145851234444471,-1.0169965385181206,0.30915507609448445,0.9981171756121147
Dpf2,261.61006194484315,0.2604630008631716,0.1939621294886249,1.3428549250818917,0.17931895430946698,0.9981171756121147
Dpf3,7.83728315558687,0.23157366892667539,0.7290244464121525,0.3176487017223503,0.7507514272879451,0.9981171756121147
Dpm1,142.4024092738828,0.12761609076946837,0.22475472427250726,0.5678015943048135,0.5701696971445142,0.9981171756121147
Dpp10,49.82665653193944,0.1297975348564776,0.3076545205664323,0.42189380028449874,0.6731025354734441,0.9981171756121147
Dpp4,0.4355097601374212,-1.9708017347970357,3.0928789392644394,-0.6372062319599678,0.5239905188969805,0.9981171756121147
Dpp9,63.13607986428519,0.2456835355006203,0.2951592809303391,0.832376114775142,0.4051966797154427,0.9981171756121147
Dppa3,0.14583914317023747,1.4685041306821252,4.434566981015867,0.33114938549100936,0.740531649762339,0.9981171756121147
Dpy30,171.82490967650372,0.1407721258981054,0.2003126039349094,0.7027621983479811,0.48220395865577703,0.9981171756121147
Dpyd,62.12632079198062,0.19640856970475276,0.35390862376088666,0.5549697196343354,0.5789153722544911,0.9981171756121147
Dpysl2,1863.239005032734,-0.3033093723504309,0.16139028650782444,-1.8793533298283476,0.06019626433443931,0.9981171756121147
Dpysl3,29.974384059267383,-0.1598444275188866,0.3729251562840204,-0.42862334392145124,0.668197354411054,0.9981171756121147
Dpysl4,34.66417557964858,0.13631147511695288,0.34475579854811833,0.3953855908762259,0.69255834141974,0.9981171756121147
Dpysl5,63.41518260759733,-0.08308288524805521,0.3465490700811938,-0.23974349499362246,0.8105291139277822,0.9981171756121147
Drc7,0.6431707269106378,-1.2419228639358448,2.5060740769132286,-0.4955651053481791,0.6202012772900922,0.9981171756121147
Drd1,108.06370808318074,0.114918240038578,0.28326745857890656,0.40568811050552267,0.684971779305366,0.9981171756121147
Drd2,64.28717271626913,-0.22570022534365966,0.3148259920275092,-0.7169046745160043,0.4734329174576276,0.9981171756121147
Drd3,1.567063422771685,-0.03417047608308036,1.7248122694303138,-0.019811127673834607,0.9841940410262325,0.9981171756121147
Drd4,0.29978743652474793,-1.402084615240994,3.6862814707163842,-0.380352023137429,0.7036841231276579,0.9981171756121147
Drd5,3.763818129013559,0.15682946093873654,0.9605564607033779,0.16326938327383325,0.8703063390201665,0.9981171756121147
Drosha,261.3048913280443,-0.030732760172923663,0.18113361253813484,-0.1696690069958902,0.8652704494546987,0.9981171756121147
Dsc1,0.2344943972204995,-1.2123042177937502,3.9780828204562106,-0.3047458468083683,0.7605597286868574,0.9981171756121147
Dsc3,0.0,,,,,
Dscam,34.830126108646326,0.45907204074906194,0.3633664042006495,1.2633860352581308,0.20645048030823865,0.9981171756121147
Dscaml1,87.70251176272741,0.1394697533677221,0.33361254939431073,0.41805907367974016,0.6759039267595769,0.9981171756121147
Dsg1a,0.7197029447890998,1.0113165580423495,2.1857608220401183,0.4626839990198101,0.6435908892239759,0.9981171756121147
Dsg1b,0.4355097601374212,-1.9708017347970357,3.0928789392644394,-0.6372062319599678,0.5239905188969805,0.9981171756121147
Dsg2,0.6172344013080111,0.7786646759745548,2.484612873506848,0.31339476836708446,0.7539807584204297,0.9981171756121147
Dsp,0.4750917280110361,1.2798485405357827,2.7968690364356634,0.45760045388711684,0.6472395173580121,0.9981171756121147
Dspp,0.13572232361267328,-0.46032403864503774,4.433790464391391,-0.10382178462017705,0.9173107782646794,0.9981171756121147
Dst,1657.755501371478,-0.03342199471491705,0.1611456645537952,-0.2074023822326278,0.8356956222968862,0.9981171756121147
Dtl,0.5701673317455999,-0.6022139103336704,2.8029970662181287,-0.21484642905680668,0.8298870528790081,0.9981171756121147
Dtnbp1,130.21622760051005,0.10840152184357411,0.23232513391328502,0.4665940357707264,0.640790354945316,0.9981171756121147
Dusp1,20.26461516604265,0.4078593225062935,0.45010472509230637,0.9061431701758977,0.3648600780972764,0.9981171756121147
Dusp11,50.6410106201794,-0.03423267355733001,0.29780378825597903,-0.11495043013994538,0.9084844125139955,0.9981171756121147
Dusp15,126.8171977246086,-0.05340750719838305,0.31982688917757895,-0.1669887961444335,0.8673788645262627,0.9981171756121147
Dusp3,256.5966557027654,-0.057859206373508165,0.20380146481961886,-0.28389985530633133,0.7764871273852054,0.9981171756121147
Dusp4,3.0215258080302636,1.6970665213635967,1.2686588382422075,1.3376854913295448,0.18099898250342183,0.9981171756121147
Dusp5,4.304267849091705,3.3511357960644643,1.1632380549050487,2.880868436115604,0.003965811420277471,0.9981171756121147
Dusp6,69.73002370462164,0.6032439029730268,0.2690993659122836,2.241714323361363,0.02497984156024159,0.9981171756121147
Dusp7,331.85593645713743,-0.032548704545762384,0.20497492418560523,-0.15879359231419674,0.8738314973486541,0.9981171756121147
Dut,15.116807826412805,0.14823474543192366,0.532307327212718,0.2784758688333569,0.7806470865924979,0.9981171756121147
Duxbl1,13.304489815907823,-0.24695310861392625,0.5847730934630317,-0.42230586765110484,0.6728017758496116,0.9981171756121147
Dvl1,160.38052639082125,-0.033345213489113,0.21025454198872365,-0.15859449776310355,0.8739883640782498,0.9981171756121147
Dvl2,58.893607465061166,0.05853133187244097,0.2980149267905878,0.19640402748540972,0.8442939441750981,0.9981171756121147
Dvl3,76.46405572773249,0.015280962831633466,0.25757835937241086,0.05932549174109774,0.9526928573955458,0.9981171756121147
Dxo,29.125465154147225,0.056476227602997246,0.3692456541503185,0.15295028382380363,0.8784374816240806,0.9981171756121147
Dydc2,1.120894172790442,1.3550343626068069,1.9159712288406479,0.7072310597412972,0.47942289974130836,0.9981171756121147
Dync1h1,630.2822662267766,0.00860298162035783,0.1561467498539488,0.05509548952126505,0.9560623895291895,0.9981171756121147
Dync1i1,27.504407367991053,0.13447806068929094,0.4006162767289988,0.3356779754115185,0.7371137161488097,0.9981171756121147
Dync1i2,392.7405349440642,0.1738369116391175,0.16165068148748069,1.0753861971969516,0.2822018588845304,0.9981171756121147
Dync1li1,228.06901739197755,0.3406882723843046,0.19978062990974155,1.7053118339762137,0.08813628167013958,0.9981171756121147
Dync2h1,50.41839505137077,0.0666880958045461,0.3086738644069154,0.21604710827293497,0.8289510274684861,0.9981171756121147
Dyrk1a,183.62542428806566,0.025883860570915816,0.2006922581005476,0.12897289021456873,0.8973791001160326,0.9981171756121147
Dysf,0.818475018396926,0.5296154801598493,2.036957819624831,0.26000316504216786,0.7948613321892297,0.9981171756121147
E2f1,9.09718361086148,0.21519993605488208,0.6792120043107358,0.3168376511149371,0.7513667934398717,0.9981171756121147
E2f2,5.057536634028993,-0.1662505486299427,0.9073217291482534,-0.18323219128236917,0.8546158369397576,0.9981171756121147
E2f3,31.47729196108956,-0.15977297139098975,0.3559506894134657,-0.44886265469597236,0.653530737592785,0.9981171756121147
E2f4,87.78333058592345,0.07253036891540146,0.24352060911305068,0.2978407830843194,0.7658246859359547,0.9981171756121147
E2f5,127.53255271575425,-0.10547631812669411,0.21078780634243865,-0.500390985403306,0.6167997995597239,0.9981171756121147
Ebf2,0.48922243355612743,0.5276158540749938,2.863457459853754,0.18425831760110759,0.8538108117395532,0.9981171756121147
Ebf3,0.09877207360782624,-0.45211653757778947,4.435042509789109,-0.10194187239014495,0.9188028137063071,0.9981171756121147
Ebi3,1.9375769711511017,-0.8600728895157815,1.3793168125136162,-0.6235499210282346,0.5329232078046503,0.9981171756121147
Ece1,117.54354537888811,0.6217549788357136,0.33106342305180664,1.8780539786130888,0.06037378117286689,0.9981171756121147
Ecel1,21.618522305495905,-0.573691415944569,0.49516986653298045,-1.158574975414742,0.2466294741707955,0.9981171756121147
Echdc1,134.59029823229469,-0.07198841139814036,0.21649056229684643,-0.3325244788243085,0.7394932588554823,0.9981171756121147
Echs1,472.41476004309976,-0.10686539568691425,0.17217767012738466,-0.6206693098347219,0.5348172262626256,0.9981171756121147
Eci3,0.4748664738390429,0.5027519297791732,3.1113126607120174,0.16158836626342765,0.8716300192851323,0.9981171756121147
Ecpas,170.92176895290666,0.013026563279620434,0.1983865133339052,0.06566254459896359,0.9476464931080475,0.9981171756121147
Ecscr,0.19353026122812536,1.4685041306821252,4.434566981015867,0.33114938549100936,0.740531649762339,0.9981171756121147
Ect2,3.1809598668537813,0.12726899189979995,1.0777570157753447,0.11808690645195374,0.9059987979979017,0.9981171756121147
Eda,3.2927978940022045,0.323272496290462,1.0202915151693228,0.3168432663451222,0.751362532467923,0.9981171756121147
Edar,0.14583914317023747,1.4685041306821252,4.434566981015867,0.33114938549100936,0.740531649762339,0.9981171756121147
Edc4,169.95247650409172,0.1093605821669982,0.2094321906673331,0.5221765661646021,0.6015474004436331,0.9981171756121147
Edil3,1911.5155870975489,-0.005389000467701588,0.15794207572704896,-0.034120106646025765,0.9727813750340417,0.9981171756121147
Edn1,2.510816724274487,-0.25624519506527554,1.233747579447726,-0.20769661422961494,0.8354658614875569,0.9981171756121147
Edn3,1.721464214123228,-1.9296810938761157,1.691926466353757,-1.140523026414227,0.2540684651313836,0.9981171756121147
Ednra,4.491381198617874,0.18983073828909258,0.882363154291689,0.21513901318950462,0.8296589378608514,0.9981171756121147
Ednrb,64.59726974323813,0.09255929319417663,0.2774734008433695,0.3335789769860689,0.738697284366657,0.9981171756121147
Eea1,96.60097143881644,0.29469400988343175,0.2471448809345122,1.19239374398177,0.233106892165169,0.9981171756121147
Eed,160.18397211261944,0.2316634721744665,0.22204739339232782,1.0433064249718453,0.29680639635167927,0.9981171756121147
Eepd1,48.94246099905391,0.3618440325708101,0.3098604977549566,1.167764317144301,0.24290184514717106,0.9981171756121147
Efcab14,497.3586996840325,-0.2791761110923999,0.20796680783917787,-1.3424070600164653,0.17946404683655937,0.9981171756121147
Efcab3,0.2010153629169217,-0.46032403864503774,4.433790464391391,-0.10382178462017705,0.9173107782646794,0.9981171756121147
Efemp1,30.576662232064606,-0.23371048184733217,0.3657017056086035,-0.6390740821358475,0.5227747396069957,0.9981171756121147
Efna1,51.38563712371013,0.08472100767482209,0.3194506308427439,0.2652084531851425,0.7908488833012498,0.9981171756121147
Efna2,12.809993623807614,-0.44070445366477234,0.5441596930670813,-0.8098807377312389,0.41800872358718555,0.9981171756121147
Efna3,39.442632619841525,0.34846759697834573,0.3556116378446737,0.9799105538006931,0.32713027293228747,0.9981171756121147
Efna5,11.308791134582554,-0.19439017337167214,0.5953914817821059,-0.3264913579042649,0.7440526267926326,0.9981171756121147
Efnb1,18.38198207449859,0.3276218984652534,0.46119372084774796,0.7103780551544193,0.47746972786908193,0.9981171756121147
Efnb2,32.22456947025671,0.054689162219025915,0.421851056411965,0.12964092749744924,0.8968505210094667,0.9981171756121147
Efnb3,1438.2055676361151,-0.11637100713908717,0.1705462865526055,-0.6823426618743305,0.4950223028540144,0.9981171756121147
Egfl7,18.852684419534707,-0.1854909934046472,0.44779802348982434,-0.4142291472370964,0.6787062975761315,0.9981171756121147
Egfr,15.176381781210319,0.43620874056382897,0.5003123156636703,0.8718728820120945,0.3832777290500089,0.9981171756121147
Egln1,235.6212860690931,-0.022479625669984384,0.21070829397154803,-0.10668600293930436,0.9150380872618665,0.9981171756121147
Egln2,184.79231108765654,-0.10271652729703112,0.1936801396629387,-0.5303410431022435,0.5958754948929464,0.9981171756121147
Egln3,9.796797803253186,0.2708595657549082,0.6543017748602223,0.41396734070111857,0.6788980252089579,0.9981171756121147
Egr1,145.8365103790687,0.4796329078364191,0.2581454414242756,1.8579948775780135,0.06316974173521803,0.9981171756121147
Egr2,8.922452387494193,1.6151480406590248,0.6922340450639077,2.3332398228259823,0.01963556183663778,0.9981171756121147
Egr3,125.01511697287931,0.050409597486651685,0.24973673664063478,0.20185094978313062,0.8400332490795049,0.9981171756121147
Egr4,18.851421368778865,0.3870893486813078,0.46382907809302193,0.8345517065742829,0.40397016294133126,0.9981171756121147
Ehd4,15.120379564636972,-0.42305176286592366,0.5070206520821726,-0.8343876351556578,0.4040625826860885,0.9981171756121147
Ehhadh,31.42614486423052,-0.07849126248037788,0.36320441027886324,-0.21610768002545286,0.8289038133682681,0.9981171756121147
Ehmt1,19.111949425826353,-0.014233590640654792,0.46020746982616767,-0.03092863887244418,0.9753264503266421,0.9981171756121147
Ehmt2,220.9482110041632,0.028994171158886375,0.19566926541770316,0.14817948591461894,0.8822011209521798,0.9981171756121147
Eif2a,143.7812809645123,0.20219885287967082,0.23065803025657683,0.8766174438182408,0.38069446120748585,0.9981171756121147
Eif2ak2,10.451314566256679,-0.029965015753261517,0.5980253251629452,-0.05010659999239478,0.9600374403133781,0.9981171756121147
Eif2ak3,118.02742883843877,0.1979285736169006,0.23631076490036085,0.8375774743074279,0.40226804829406604,0.9981171756121147
Eif2ak4,18.598822371095967,-0.4789483109007757,0.45863445294133315,-1.0442920452860986,0.29635029208746533,0.9981171756121147
Eif2b1,95.59593514992827,-0.2558542324701005,0.24971747038634157,-1.0245748207935337,0.30556385024237165,0.9981171756121147
Eif2s1,25.68350080466341,-0.28830291743610953,0.4220618926339027,-0.6830820845656966,0.49455497536281834,0.9981171756121147
Eif2s2,85.19535833399318,0.2807338867304865,0.3146866012905237,0.8921062593043434,0.3723359802342059,0.9981171756121147
Eif3i,129.8939742003381,0.005326299040975667,0.22704590568836977,0.02345912834158851,0.9812840403632994,0.9981171756121147
Eif4a3,586.6947367489707,-0.023710723393428543,0.17377275517802215,-0.13644672531742966,0.8914681375881556,0.9981171756121147
Eif4e,163.44047676781474,-0.21024399385557124,0.21122969281985496,-0.9953335208174338,0.3195740797025537,0.9981171756121147
Eif4ebp1,3.659699275158099,2.290656645099312,1.3208046537360107,1.734288744834439,0.08286686349643027,0.9981171756121147
Eif4ebp2,79.35061378437213,0.03623809175720849,0.2598528052938438,0.13945622682899322,0.8890896437968366,0.9981171756121147
Eif4enif1,183.68718352341855,-0.05933519517034347,0.19886259697732825,-0.2983728266261559,0.7654186262597167,0.9981171756121147
Eif4g1,319.9667717221365,0.04931004095382386,0.16687584694812868,0.295489382409854,0.7676200620492832,0.9981171756121147
Eif4g3,208.66346326961477,-0.054785109232166396,0.21895805779222283,-0.25020823524181035,0.8024263169693056,0.9981171756121147
Eipr1,54.49613947338665,0.058215904656254806,0.28456277973481287,0.20458017984821078,0.8379001420654788,0.9981171756121147
Elac2,48.743974494360806,-0.31595521452656383,0.2977178907570032,-1.0612570636020189,0.2885730927345651,0.9981171756121147
Elavl1,567.0749031214702,-0.032561119389219205,0.15704755937691173,-0.20733285839274343,0.8357499143408313,0.9981171756121147
Elavl2,56.43126672957968,0.26305368581077543,0.3231886219916387,0.8139323847161332,0.415683687073897,0.9981171756121147
Elavl3,240.00060011398656,-0.013104326945792196,0.20302849571129852,-0.06454427443734906,0.9485368546794863,0.9981171756121147
Elavl4,14.390461736851671,-0.3135550152624796,0.5121838098642254,-0.6121923598982947,0.5404104958284399,0.9981171756121147
Elf2,142.4937631522859,0.24764864075834309,0.2122137693934974,1.1669772487719237,0.24321955752654867,0.9981171756121147
Elf3,0.8843921061966512,-0.3551562324843363,2.1464856964944685,-0.16545939861810374,0.8685824045231867,0.9981171756121147
Elk1,35.82162318926872,0.185043116629532,0.354304080971163,0.5222720441783247,0.6014809307882956,0.9981171756121147
Elmo1,884.5811273955028,0.09713278031575501,0.18488688036089274,0.5253632930911876,0.5993306658285673,0.9981171756121147
Elmo3,1.7998232069680729,-1.1968312713154274,1.5396438485047486,-0.7773429371200038,0.43695646906369834,0.9981171756121147
Eln,1.5121840305712446,0.26501271557624323,1.5316967360172904,0.17301905092866351,0.8626364529789154,0.9981171756121147
Elob,40.27434596071217,0.18613280443262595,0.33504702931709834,0.5555423213630836,0.578523770878062,0.9981171756121147
Eloc,100.91431946778387,-0.22567761710564674,0.25345338431845016,-0.8904107463883587,0.37324537414235737,0.9981171756121147
Elovl1,152.29637834738455,-0.24346989281798936,0.22167845919985188,-1.0983019897232849,0.2720726433697973,0.9981171756121147
Elovl4,38.78051709284883,-0.24213758236417252,0.34707995806749214,-0.6976420756541845,0.48540106130212923,0.9981171756121147
Elp2,98.72239624123576,0.007251237218784691,0.2514371883863076,0.028839159653837307,0.9769928689706776,0.9981171756121147
Emc1,575.8457556849139,0.325838322032442,0.1790643427673266,1.8196717280325945,0.06880901123218493,0.9981171756121147
Emc10,273.0253545308663,0.18304414009919961,0.18393820145454468,0.9951393383849847,0.3196685002735564,0.9981171756121147
Emc2,141.78454822429092,-0.15321107228186823,0.21805266297323894,-0.7026333464254525,0.482284275585127,0.9981171756121147
Emc3,210.12250200879296,0.13268968127001554,0.19331165824645086,0.6864028919603542,0.49245908132602634,0.9981171756121147
Emc4,128.42449408315608,-0.04361457420832303,0.22787972233557266,-0.1913929583611515,0.8482177365080441,0.9981171756121147
Emc6,97.01650924283224,-0.04820389279199359,0.2532102014439076,-0.19037105344538005,0.8490183788751646,0.9981171756121147
Emd,49.570747140529704,0.16159947957034154,0.3291506491986116,0.49095901819969184,0.623455433357992,0.9981171756121147
Eme1,0.19754414721565247,-1.047741613991868,4.3594515893970955,-0.24033793987760943,0.8100682850102667,0.9981171756121147
Emilin1,0.5267967320564512,-0.7328519324667798,2.6625493682419985,-0.2752444485003709,0.783128440257796,0.9981171756121147
Emsy,103.70861598672703,0.07726296711960462,0.23160818282068416,0.33359342566675726,0.7386863799066661,0.9981171756121147
Emx1,2.661692596251212,-1.3088912239457657,1.1998238249262392,-1.0909028448624378,0.27531563519828917,0.9981171756121147
Emx2,23.554396048858436,-0.3239540074475664,0.46406300809680834,-0.6980819453292564,0.4851259484347231,0.9981171756121147
En1,0.818475018396926,0.5296154801598493,2.036957819624831,0.26000316504216786,0.7948613321892297,0.9981171756121147
En2,20.987683789296153,-2.3938374850722495,0.5259814619785143,-4.551182233814232,5.334531832104741e-06,0.025760454217233796
Enah,179.37152414539696,0.013160330452965567,0.20030115983419658,0.06570271716778527,0.9476145091029103,0.9981171756121147
Eng,11.377286504865268,0.19491918021904953,0.5635254983806759,0.34589238779640213,0.7294235896216161,0.9981171756121147
Eno1,52.458719054417294,0.08349586050840374,0.297528925201696,0.280631069573493,0.7789933831754707,0.9981171756121147
Eno2,1124.2726735220806,0.12329599179878149,0.16721543270939315,0.7373481609981533,0.46091065134183784,0.9981171756121147
Enpp1,101.26348456218001,0.09845007811014007,0.2782304521002641,0.3538436478357238,0.7234560606613685,0.9981171756121147
Enpp6,426.77999005525743,-0.07241444262784358,0.30123574876780773,-0.2403912647288771,0.8100269494335276,0.9981171756121147
Entpd1,14.220840532282196,-0.1129316957422628,0.6466002532018892,-0.17465458014134422,0.8613510588974597,0.9981171756121147
Eomes,0.913007951845232,1.106891365003813,1.9680105390358151,0.5624417873016629,0.5738150549991523,0.9981171756121147
Ep300,163.6372046758565,-0.00141337453493499,0.22188661972298568,-0.006369805158596391,0.9949176651774527,0.9981171756121147
Ep400,128.30072523746352,0.1479075750471843,0.21527879918429235,0.6870512823725201,0.4920504127112465,0.9981171756121147
Epas1,453.737120845934,-0.2574800577977253,0.19291336040067392,-1.3346927204157801,0.18197693709725793,0.9981171756121147
Epb41,48.37736986921343,-0.002327981708265271,0.30621764254429035,-0.007602376169193317,0.9939342398588116,0.9981171756121147
Epb41l1,307.0911377194206,-0.14710868919692746,0.19443677379575353,-0.7565888197232591,0.4492962415808991,0.9981171756121147
Epb41l2,179.21293274425443,-0.18128942978149395,0.20973180068962477,-0.8643869417293482,0.3873753638633096,0.9981171756121147
Epb41l3,304.41488510421044,-0.8848032377710493,0.5592167287665394,-1.582218829044428,0.1135996233922047,0.9981171756121147
Epb41l4a,11.16718352763261,-0.17879822863153308,0.6420818882488633,-0.278466394869299,0.7806543582406549,0.9981171756121147
Epb42,0.2010153629169217,-0.46032403864503774,4.433790464391391,-0.10382178462017705,0.9173107782646794,0.9981171756121147
Epc1,124.63061007618323,0.05218739647471071,0.22013828229559732,0.2370664290213481,0.812605255818509,0.9981171756121147
Epc2,104.88107173810893,0.10800946746327474,0.225115452739683,0.47979588317366095,0.631372540484568,0.9981171756121147
Epcam,2.4956330612129154,0.0023857856361352045,1.4348833113616102,0.0016627035921626618,0.9986733550858921,0.9994278384364038
Epha1,2.591593975304121,0.25789977106842743,1.164934359310248,0.22138566779086907,0.8247921510301993,0.9981171756121147
Epha10,12.323207768645782,-0.22428129882769296,0.5602245116434329,-0.40034181683653586,0.6889047721260604,0.9981171756121147
Epha2,0.7012517208752693,1.9125830344126848,2.467758086123168,0.7750285755997016,0.4383227743737196,0.9981171756121147
Epha3,6.201279013217655,-0.6390799580071412,0.790929357335024,-0.8080114261537494,0.41908400449603034,0.9981171756121147
Epha4,44.168991648403654,0.3894072209256423,0.32690506445972867,1.1911936010205595,0.23357759103939324,0.9981171756121147
Epha5,48.86916933399173,0.4620270314173125,0.31300580091019,1.4760973441188103,0.13991776178609086,0.9981171756121147
Epha7,36.078797896043795,0.2563068293237345,0.36759713200497557,0.6972492628703787,0.48564681419598055,0.9981171756121147
Ephb1,196.43546142331306,-0.03407095315476346,0.2582498928659857,-0.13193017343261393,0.8950395222751582,0.9981171756121147
Ephb2,40.763222107892524,1.078554875341815,1.0051709565228422,1.0730064058683386,0.28326824198591605,0.9981171756121147
Ephb3,4.515750558356228,-0.8644213188519295,0.907175132182315,-0.9528714888518425,0.3406551874021284,0.9981171756121147
Ephb4,2.09415698237438,-0.4791771900328833,1.3055621200307468,-0.3670274915923559,0.7135985115572484,0.9981171756121147
Ephx2,17.457480554107715,-0.17567661966613515,0.4853761564639136,-0.3619391214969915,0.7173975243201693,0.9981171756121147
Epm2a,53.610213512001486,-0.23647099776863031,0.2932001619176964,-0.8065172823301837,0.419944647143467,0.9981171756121147
Epn3,1.3184383200060943,0.6635650777291882,1.7863524609081283,0.37146369053722544,0.7102921951486814,0.9981171756121147
Epo,0.4748664738390429,0.5027519297791732,3.1113126607120174,0.16158836626342765,0.8716300192851323,0.9981171756121147
Epor,12.585012594721933,-0.4694527341679349,0.5755035925502952,-0.815725114916477,0.4146573714079781,0.9981171756121147
Eps15,1036.3866802406958,-0.24592700331950443,0.16364761752055568,-1.5027838904444404,0.1328947814297297,0.9981171756121147
Eps15l1,75.86975991918983,0.03338104648056919,0.24983430197321607,0.13361274339401105,0.8937088067786594,0.9981171756121147
Epx,0.4274006099531482,1.145664446309638,3.0895136702297776,0.3708235562603712,0.7107689549486119,0.9981171756121147
Erap1,16.086882774263007,0.47696587839198296,0.5083290749075686,0.9383013916304345,0.34808954479234533,0.9981171756121147
Erbb2,4.010391202640773,-0.018426586235574895,0.9848500648438967,-0.018710042161083264,0.9850724171718483,0.9981171756121147
Erbb3,108.55630654858862,-0.5620159887184324,0.2557808416694638,-2.1972559987299793,0.0280021682579264,0.9981171756121147
Erbb4,164.3985909296389,0.03707315771623409,0.22604239843007348,0.16400975203642035,0.8697234667562672,0.9981171756121147
Erbin,1065.9252282461478,-0.34985669406624254,0.18287317736795752,-1.9131110373955988,0.05573383905468829,0.9981171756121147
Erc2,98.88913187296977,0.05426276601184465,0.2485093850900182,0.2183529849071451,0.827154094277877,0.9981171756121147
Ercc1,21.18668749347079,-0.3096993145919271,0.43325258441794046,-0.7148239288820336,0.4747178471689971,0.9981171756121147
Ercc2,22.90414862869171,-0.14974836613164547,0.4212174449265411,-0.35551321042213974,0.7222051499944511,0.9981171756121147
Ercc6,82.18473708198377,0.13107784906103498,0.2578012138646288,0.5084454300896498,0.6111409996372998,0.9981171756121147
Ercc6l,0.4280246584486249,-0.2626097938833926,2.8816131467179664,-0.09113291080813324,0.9273869823965722,0.9981171756121147
Ereg,0.9933288015392279,1.2148381457856101,2.012192510139638,0.6037385288256069,0.5460174940471527,0.9981171756121147
Erg,2.253368711466426,0.6579004275004948,1.3525343941424925,0.4864204787321538,0.6266690738881044,0.9981171756121147
Erg28,57.77763080882439,0.07953273781160436,0.28080731671983516,0.28322886575977335,0.7770014022170033,0.9981171756121147
Ermn,6629.169077660498,-0.3125070846913231,0.1923913041151183,-1.6243306116597294,0.10430526737071097,0.9981171756121147
Ern1,20.572231159926037,-0.042354294490832306,0.453319761072149,-0.09343138801330861,0.9255608555429844,0.9981171756121147
Ern2,0.29978743652474793,-1.402084615240994,3.6862814707163842,-0.380352023137429,0.7036841231276579,0.9981171756121147
Ero1l,235.3183176826883,0.439836408752048,0.2466916634615495,1.782939895821015,0.07459608780183999,0.9981171756121147
Ero1lb,28.36682535240898,0.27966712050179116,0.3720340525615152,0.7517245224630308,0.4522167401281525,0.9981171756121147
Erp44,165.19103947408732,0.07042065765496712,0.19810608158394147,0.3554694388578297,0.7222379361387496,0.9981171756121147
Esam,7.2577909597220795,0.3930733838508249,0.7551027997586868,0.52055612027454,0.6026760236494257,0.9981171756121147
Esd,97.43911305887981,-0.13261565731410677,0.27855824819451824,-0.4760787310146378,0.6340182889390562,0.9981171756121147
Espl1,2.848634860635197,-0.3850660863954125,1.1203460273218364,-0.3437028177052628,0.7310697919188883,0.9981171756121147
Espn,0.3870605224562507,2.3594687187878343,3.671364721323727,0.6426680261657897,0.5204395322495254,0.9981171756121147
Esr1,2.437588074937456,-0.1691307879109593,1.2379245793884253,-0.13662446866877412,0.8913276346606505,0.9981171756121147
Esr2,0.19353026122812536,1.4685041306821252,4.434566981015867,0.33114938549100936,0.740531649762339,0.9981171756121147
Esrra,21.400583494211215,-0.41221137914661166,0.4515417218877903,-0.9128976552227606,0.36129637085226196,0.9981171756121147
Esrrb,2.156875910822015,-0.3314659261240565,1.2421481318617973,-0.26684895112086016,0.7895854628042095,0.9981171756121147
Esrrg,9.579572934047727,0.6572348927266914,0.6240584462376481,1.0531624027990634,0.2922665666027817,0.9981171756121147
Ess2,61.09061970513645,0.29127244841094285,0.2740880667645029,1.0626965699356943,0.2879195768833358,0.9981171756121147
Esyt2,59.75947574620535,0.11460495101146263,0.3086216871802623,0.37134445106096264,0.7103809938505635,0.9981171756121147
Esyt3,2.2483783320780697,-0.48323190156577195,1.2567244063817795,-0.38451700238482617,0.7005952966286673,0.9981171756121147
Etfbkmt,10.06427535591323,0.2026964448502333,0.6122312060208029,0.331078263990591,0.7405853694819764,0.9981171756121147
Etnk1,791.3810677259165,-0.11087752905742831,0.1592065630053502,-0.6964381804643458,0.4861544593594421,0.9981171756121147
Etnppl,52.36814768857925,0.3014215370738197,0.3256543615028511,0.925587287339865,0.35466050246999603,0.9981171756121147
Ets1,12.903590452818795,-0.6308002711639539,0.6375086996022594,-0.9894771185985527,0.32242975950915065,0.9981171756121147
Ets2,71.59759275957911,0.30559900310266946,0.2796484684724948,1.0927969846283174,0.27448294586534305,0.9981171756121147
Etv1,84.88489988413785,-0.6115842840699558,0.27354320322111136,-2.235786803942622,0.025365739747724426,0.9981171756121147
Etv2,0.09877207360782624,-0.45211653757778947,4.435042509789109,-0.10194187239014495,0.9188028137063071,0.9981171756121147
Etv3,38.44073937242724,0.03837777430102161,0.34286667691496714,0.11193206247494127,0.9108772741607394,0.9981171756121147
Etv4,1.9434644553841138,0.7432325520418465,1.3737112624114793,0.5410398621447858,0.5884801074922188,0.9981171756121147
Etv5,216.92303434365934,0.1428201344793155,0.2870864117606083,0.497481345785214,0.6188496543665081,0.9981171756121147
Etv6,35.18168231148377,-0.1901594318817747,0.3607712750548804,-0.5270913873418767,0.5981301273807091,0.9981171756121147
Eva1a,15.065781043967633,-0.032167295769023004,0.5155656670572176,-0.06239223793281229,0.9502504761508761,0.9981171756121147
Evl,266.69131049894804,-0.06286052441760065,0.1933051302218442,-0.32518808137921407,0.7450387285969553,0.9981171756121147
Evpl,2.944821028898396,0.04056351508012305,1.1130873496226579,0.03644234668004652,0.9709296488209066,0.9981171756121147
Evx1,0.09877207360782624,-0.45211653757778947,4.435042509789109,-0.10194187239014495,0.9188028137063071,0.9981171756121147
Evx2,0.14583914317023747,1.4685041306821252,4.434566981015867,0.33114938549100936,0.740531649762339,0.9981171756121147
Ewsr1,178.56833185891583,0.023839680602812056,0.20639811177957573,0.1155033851679409,0.9080461374605526,0.9981171756121147
Exoc3l2,0.417283790395584,-0.39353692121274025,3.1067027592025807,-0.12667350297578908,0.8991988184278425,0.9981171756121147
Exoc4,322.6852804135461,0.15439071821746853,0.21089804198380782,0.7320633077727778,0.4641299280216925,0.9981171756121147
Exosc9,82.08130579962496,-0.013643846365728081,0.2482875099698653,-0.05495180312285559,0.956176861269337,0.9981171756121147
Exph5,15.7438646788164,-0.06525683154955227,0.5111215634473346,-0.12767379859581343,0.8984071260591975,0.9981171756121147
Ext1,54.144222778105984,0.09658970090773361,0.28905305346277926,0.33415907478095974,0.738259524253764,0.9981171756121147
Ext2,147.34962644667792,0.11065540080744218,0.20577790854142497,0.5377418868321633,0.5907552570884442,0.9981171756121147
Extl1,20.440678373829268,0.1277119993132921,0.4419264744201216,0.28898924754591976,0.7725896058912392,0.9981171756121147
Eya1,8.741790043318792,-0.01763841352646581,0.6430603370598447,-0.027428862440981708,0.978117678005807,0.9981171756121147
Eya2,1.1147912392204047,-0.3718650518144629,1.8212660654302926,-0.20417942159736338,0.8382132918025245,0.9981171756121147
Eya3,51.16113135940632,0.19999547475491739,0.3014848651485836,0.6633682080735688,0.5070947620297248,0.9981171756121147
Eya4,3.919548837569367,0.3795356821011831,0.9618749288593833,0.3945790359160796,0.6931535876499739,0.9981171756121147
Ezh1,167.7618913582237,-0.08305336386008917,0.21522208176154042,-0.38589610870928104,0.6995736126422074,0.9981171756121147
Ezh2,38.089051286664755,-0.3370091822623082,0.3630196539713546,-0.9283496873392457,0.3532262078401469,0.9981171756121147
Ezr,49.40841511375123,-0.1108106414618824,0.3112655804920243,-0.3560003045846624,0.7218403370796236,0.9981171756121147
F11r,5.633886287900803,0.7711595552020755,0.794362235278688,0.9707908067048627,0.3316524615172096,0.9981171756121147
F13a1,2.9944803473058905,0.788683140146565,2.703410915307239,0.2917363156599271,0.770488240563474,0.9981171756121147
F2r,3.2000351392630884,-0.224210941078881,1.1246787825731293,-0.19935553560094152,0.841984639760548,0.9981171756121147
F2rl1,0.0,,,,,
F2rl2,0.9681841715919163,-0.09923148587734099,2.016925777795598,-0.04919937410180567,0.9607604100586309,0.9981171756121147
F2rl3,0.29230233483595164,0.5094768886628668,3.582136449186346,0.14222710270531164,0.8869006245356488,0.9981171756121147
F3,23.586782134575316,0.48927765066122614,0.4094011046718004,1.1951058389387086,0.2320456809852426,0.9981171756121147
F8,9.38232070028475,0.17893535638812166,0.6769410844909393,0.26432929022572377,0.791526192313333,0.9981171756121147
F9,1.2245196302182966,-1.414607590773613,1.8227747191269315,-0.7760737385315386,0.4377054485891264,0.9981171756121147
Faah,74.98362392068817,-0.1031421351492101,0.2760570613896125,-0.37362614319668014,0.7086824808805811,0.9981171756121147
Faap100,14.647214151142174,0.19681713169880252,0.51183224507919,0.384534451650953,0.7005823662921056,0.9981171756121147
Fabp12,0.8077341503438852,0.33085080023907487,2.1838524420542256,0.15149869737895955,0.8795823383191838,0.9981171756121147
Fabp3,43.38419605896826,0.291608539708922,0.3509198015173002,0.8309834282593079,0.40598299112335956,0.9981171756121147
Fabp7,42.05759015037287,-0.34567378409272,0.3320761176773002,-1.040947438528637,0.29789994325158653,0.9981171756121147
Fadd,53.12807986824711,-0.1907026304294191,0.2986946710403199,-0.6384534071706848,0.5231785747030238,0.9981171756121147
Fah,206.9126635733377,-0.4761730091806008,0.24389816954921562,-1.952343513117326,0.05089743460598064,0.9981171756121147
Fam104a,8.864902814726507,-0.0418196971522588,0.6325924689384717,-0.06610843347919519,0.947291496596149,0.9981171756121147
Fam107a,987.2775743553728,-0.16027051082133684,0.22670258049032715,-0.7069637693346644,0.4795889932610494,0.9981171756121147
Fam107b,94.5021832415353,-0.08930180730713881,0.25744655272502476,-0.346875133350575,0.728685128838171,0.9981171756121147
Fam129a,1.5026912595091568,-0.7732350512974201,1.5416580952500099,-0.5015606597077708,0.6159765982018289,0.9981171756121147
Fam136a,71.51653720800196,-0.11022871603502978,0.288075912863111,-0.3826377392663463,0.701988384068772,0.9981171756121147
Fam13b,149.17173779831586,-0.056215410227594395,0.22787541694681732,-0.24669361434767764,0.8051453488728364,0.9981171756121147
Fam192a,58.97766764085515,-0.1056617908573374,0.2879466053499643,-0.3669492499448579,0.713656873878495,0.9981171756121147
Fam20a,7.545780849559736,-0.04930782418318048,0.7073756540337837,-0.06970528869915782,0.9444282322504245,0.9981171756121147
Fam20c,55.2788817587159,-0.2119979844297355,0.28313357826095875,-0.7487560667719215,0.4540042438634907,0.9981171756121147
Fam210a,95.46346051523443,-0.035487758104339164,0.24926952568807303,-0.14236701420432465,0.8867901158088995,0.9981171756121147
Fam210b,31.344689884384024,0.17534162794215363,0.37419577075162547,0.46858260206937935,0.6393680154799669,0.9981171756121147
Fam214a,194.71308925457734,-0.18642121472000991,0.21189097696587447,-0.8797977969115385,0.3789688583621773,0.9981171756121147
Fam49b,501.2013996853496,-0.08379301177389055,0.1579654541067383,-0.5304514980678691,0.5957989286388945,0.9981171756121147
Fam83d,47.735049508364256,0.20136040729212723,0.8407667264883428,0.23949616575950342,0.8107208692496606,0.9981171756121147
Fam92a,151.55204935969377,0.01628074901067811,0.21845787036753744,0.07452580666142668,0.9405920075141708,0.9981171756121147
Fancc,23.683535540998886,0.20247204431704013,0.4028955376879853,0.502542285474109,0.6152861155011997,0.9981171756121147
Fanci,0.336737686529595,-1.5694851248218602,3.5623707969401486,-0.44057320652020526,0.6595220035413772,0.9981171756121147
Fancl,23.153244541159125,-0.08408993753162952,0.4200341460224347,-0.2001978608832867,0.8413258400788781,0.9981171756121147
Fap,0.7982413792817976,-1.5556194067694333,2.3331410649695226,-0.6667489720728712,0.5049324919408328,0.9981171756121147
Far2,15.791372475239996,0.4440188085135127,0.48732946787549214,0.9111265330397691,0.3622287077445755,0.9981171756121147
Fas,2.13601822321141,-0.8470960368267013,1.2928367072206128,-0.6552227609995844,0.5123243419122192,0.9981171756121147
Fasl,1.1649366231522535,1.919520073812357,2.028352447483364,0.9463444462987491,0.34397293051370337,0.9981171756121147
Fasn,918.2259017287162,-0.1080155016031736,0.20223423281464775,-0.5341108678775084,0.5932648311131468,0.9981171756121147
Fat1,502.00301599043405,0.09742706116490223,0.19361313161935476,0.5032048206133287,0.6148202759214934,0.9981171756121147
Fat4,7.8297029675152805,-0.28565510393733096,0.6814182615412069,-0.4192067046915454,0.675065072519305,0.9981171756121147
Fbh1,105.52041512492555,0.15779551351541796,0.25035897266570173,0.6302770451375772,0.5285133388500295,0.9981171756121147
Fbl,54.63583232363598,0.4782270478407661,0.3502853905853608,1.3652497668875154,0.17217456139440557,0.9981171756121147
Fbln1,5.798207306576381,-0.5838097081238058,0.8032688741456144,-0.7267923940719934,0.4673531431101988,0.9981171756121147
Fbln2,2.597696908874158,1.1237524828158472,1.1694896637748298,0.960891333736671,0.3366068086849129,0.9981171756121147
Fbn1,4.925897780125052,0.012494923059345133,0.8711408570391648,0.014343171897381672,0.9885561969738929,0.9981171756121147
Fbxl12,52.3342935353134,0.07051933600508306,0.2924891619106303,0.2411006806010479,0.8094770852921198,0.9981171756121147
Fbxl13,0.19353026122812536,1.4685041306821252,4.434566981015867,0.33114938549100936,0.740531649762339,0.9981171756121147
Fbxl16,137.03715733706773,-0.3426954060477372,0.28870657943736716,-1.1870024116373923,0.23522666925070335,0.9981171756121147
Fbxl17,111.59972883683413,-0.13516281467701785,0.22629658003652636,-0.5972817382180559,0.5503192947830087,0.9981171756121147
Fbxl19,109.25753178199322,-0.23563773828051643,0.23153826930377383,-1.0177053624399524,0.30881799810770627,0.9981171756121147
Fbxl20,183.8756824812367,-0.11886402374908192,0.20020842861728977,-0.5937013969391745,0.5527118485668521,0.9981171756121147
Fbxl3,263.981891113458,0.11400970080616254,0.18178166026019987,0.6271793350493695,0.5305416875107416,0.9981171756121147
Fbxl4,54.20332958751566,-0.31039735771397436,0.2870435244707202,-1.0813599027754288,0.27953705062644574,0.9981171756121147
Fbxl7,1.9591065094343694,-0.3071433636831583,1.3583163405885685,-0.2261206425228388,0.8211075899344216,0.9981171756121147
Fbxo11,170.13954847657814,0.0037675468438401294,0.19476858832862315,0.019343708737485633,0.9845669159118636,0.9981171756121147
Fbxo17,4.306619164860586,0.9522234303163991,0.9493621239077864,1.003013925178345,0.3158541425418414,0.9981171756121147
Fbxo2,323.3375838528445,0.09402405140988566,0.17457612137750775,0.5385848343288927,0.5901733543023425,0.9981171756121147
Fbxo21,169.79735071570326,-0.12580705719777452,0.22697045508559907,-0.5542882537303279,0.5793815878584679,0.9981171756121147
Fbxo3,221.64599657503982,-0.03093898943239415,0.18596985315628983,-0.1663656173691383,0.8678692302179697,0.9981171756121147
Fbxo31,132.27199835040398,-0.03419850502685084,0.22056366611804804,-0.15505049235329374,0.8767815114454651,0.9981171756121147
Fbxo32,98.08177340939307,-0.1046942347920005,0.2417194044975482,-0.43312300478988824,0.6649254109285113,0.9981171756121147
Fbxo33,105.58334749194393,0.11308216930944537,0.2268972193434636,0.49838499403674164,0.6182127114214915,0.9981171756121147
Fbxo4,19.229260981951672,-0.33590551380744804,0.46943077270270284,-0.7155592120079903,0.47426356670220904,0.9981171756121147
Fbxo41,23.177338135780232,0.14568904356535675,0.41193582145326396,0.3536692755958487,0.7235867507981111,0.9981171756121147
Fbxo5,13.295676710700322,-0.0346039515715879,0.5379698555171789,-0.06432321665741159,0.9487128675123842,0.9981171756121147
Fbxw11,227.6204341387901,-0.09287174424792284,0.21248501397365224,-0.43707432590723205,0.6620574460440318,0.9981171756121147
Fbxw7,145.26245158666802,0.2275062716249127,0.20724559217188948,1.0977616905657468,0.2723085638194529,0.9981171756121147
Fcgr1,3.9543237710410843,0.16931823940481888,0.9454336246338828,0.17909056224902833,0.8578665924390257,0.9981171756121147
Fcgr2b,1.637574085289329,0.14938219497734342,1.5194855581425535,0.09831103308408598,0.9216853174895395,0.9981171756121147
Fcgr3,18.60144966357959,0.4740867590698722,0.45836163389104145,1.0343072456683162,0.30099255062717156,0.9981171756121147
Fcgr4,0.7089620767360589,0.7691996162376239,2.4879234960488814,0.30917333971852606,0.7571896728907261,0.9981171756121147
Fcgrt,22.129351284369235,0.09332761772125306,0.41369579942050766,0.22559479175757527,0.8215165920131433,0.9981171756121147
Fcmr,0.5083455081426207,-0.2655461774471825,2.7560220922753063,-0.09635125138926368,0.9232416076706145,0.9981171756121147
Fcrls,14.311097051773544,0.3317802241263284,0.5119803757482682,0.648033088458568,0.5169635494342147,0.9981171756121147
Fdx1,64.81308160448798,-0.20471610311909771,0.28351833628771556,-0.7220559551793891,0.47026007611641274,0.9981171756121147
Fen1,19.066227979799535,0.16224450053674802,0.443200192193503,0.36607497784186754,0.71430912830651,0.9981171756121147
Fermt1,0.0,,,,,
Fermt3,3.664254359750417,0.9939543288452788,0.9805024331298805,1.013719390448077,0.310716668879657,0.9981171756121147
Fezf1,0.14583914317023747,1.4685041306821252,4.434566981015867,0.33114938549100936,0.740531649762339,0.9981171756121147
Fezf2,9.76854518624301,0.3090746973447734,0.6050743711953107,0.5108044763723892,0.6094879743788384,0.9981171756121147
Ffar1,0.0,,,,,
Ffar2,0.14583914317023747,1.4685041306821252,4.434566981015867,0.33114938549100936,0.740531649762339,0.9981171756121147
Ffar3,0.24461121677806372,0.5095569421313735,3.7994315150776345,0.13411399576732771,0.8933124326044014,0.9981171756121147
Ffar4,0.336737686529595,-1.5694851248218602,3.5623707969401486,-0.44057320652020526,0.6595220035413772,0.9981171756121147
Fga,0.09877207360782624,-0.45211653757778947,4.435042509789109,-0.10194187239014495,0.9188028137063071,0.9981171756121147
Fgb,0.0,,,,,
Fgf1,85.69999016734432,-0.7290228112719304,0.4049870132894269,-1.8001140464988907,0.07184263209585412,0.9981171756121147
Fgf10,0.6766497612142156,-1.4026620684888398,2.4588252096879826,-0.5704602600307784,0.5683655683151387,0.9981171756121147
Fgf12,105.05177283793284,0.07016779056882019,0.23302636866310655,0.30111523846584054,0.7633266213642222,0.9981171756121147
Fgf15,0.39045035994830113,1.1487373388080757,3.180510877058833,0.3611801321271904,0.7179647933759628,0.9981171756121147
Fgf16,1.0671814993717357,0.06288323513516089,1.7695353843501753,0.03553657965322543,0.971651878440257,0.9981171756121147
Fgf17,0.7647623449782199,-1.4047308555251725,2.273522776700864,-0.6178653101349592,0.5366641276459116,0.9981171756121147
Fgf18,2.7471330057199688,0.36635605718819747,1.2393220969667813,0.29561004204221597,0.7675279037763665,0.9981171756121147
Fgf2,6.991102620280922,-0.25251146382682144,0.7835055049243244,-0.3222842242202376,0.7472373833393122,0.9981171756121147
Fgf21,0.4673813721502465,2.54198392338013,3.253706874317502,0.7812578150308443,0.4346508758508396,0.9981171756121147
Fgf22,36.789395162901634,-0.4964502122013076,0.3641784166977478,-1.3632060260543655,0.1728175886231742,0.9981171756121147
Fgf23,0.09877207360782624,-0.45211653757778947,4.435042509789109,-0.10194187239014495,0.9188028137063071,0.9981171756121147
Fgf3,1.7057142917993697,0.563896718731485,1.4442055465837096,0.39045461365620104,0.6962004102303543,0.9981171756121147
Fgf4,0.33936940439836283,2.2357748292719086,3.5536531379614233,0.6291482996436945,0.5292519722359541,0.9981171756121147
Fgf5,0.29230233483595164,0.5094768886628668,3.582136449186346,0.14222710270531164,0.8869006245356488,0.9981171756121147
Fgf7,50.283564261868186,0.7187795148751679,0.9229072530607537,0.7788209622271238,0.43608518771752003,0.9981171756121147
Fgf8,0.29230233483595164,0.5094768886628668,3.582136449186346,0.14222710270531164,0.8869006245356488,0.9981171756121147
Fgf9,7.091259317016814,0.6716257834564325,0.7303540496761616,0.9195893193913705,0.3577874102049813,0.9981171756121147
Fgfbp3,45.633033556359074,0.3506864872382975,0.32970427720983037,1.0636394838612107,0.28749204856553534,0.9981171756121147
Fgfr1,53.77293805801171,0.29046272687123725,0.305029333541163,0.9522452267104335,0.34097262903661396,0.9981171756121147
Fgfr1op,26.83078470841387,0.3004681765903771,0.39708141275617925,0.7566916177335005,0.44923463785007245,0.9981171756121147
Fgfr2,666.5166644061349,-0.01849355984545347,0.2149296751218668,-0.08604470199365201,0.931430881918117,0.9981171756121147
Fgfr3,214.15467347860215,-0.1988734400852957,0.2525789253481604,-0.7873714713575732,0.4310644420833084,0.9981171756121147
Fgfr4,0.9623064921938725,-1.8719272123684558,2.1091210646618093,-0.8875390055755823,0.3747887757413988,0.9981171756121147
Fgg,0.3870605224562507,2.3594687187878343,3.671364721323727,0.6426680261657897,0.5204395322495254,0.9981171756121147
Fgl1,0.5452957581474678,-0.39300533814736865,2.8710709170229753,-0.13688458052958072,0.8911220270567286,0.9981171756121147
Fgr,0.5369135516140152,0.6438565198363139,2.591390155614413,0.24845989263382723,0.803778598310009,0.9981171756121147
Fh1,201.00355227814416,-0.11191684172789904,0.1879179653304856,-0.5955622259482977,0.5514677177453591,0.9981171756121147
Fhl2,4.785904220507002,0.12465065336875056,0.9460862414248573,0.1317540070987819,0.8951788663321603,0.9981171756121147
Fhod1,4.331885629443597,-0.022142032741671654,0.9561276280815422,-0.023158030467228898,0.9815242164561527,0.9981171756121147
Fibcd1,7.443230927869429,-0.16797502387396132,0.7366821761339788,-0.2280155938555137,0.8196341176752359,0.9981171756121147
Fign,67.22040275985091,0.1772266722690161,0.27702053242093805,0.6397600593724826,0.5223286026492596,0.9981171756121147
Fkbp5,110.96777856073503,0.7243907524248405,0.3134493778138291,2.311029479392002,0.020831226644502588,0.9981171756121147
Fli1,6.5650792877051325,-0.36062800596671907,0.7319337704389524,-0.4927057891459834,0.6222204865431074,0.9981171756121147
Flna,94.75169740590508,0.8631584221331147,0.6692160331855496,1.289805353324211,0.19711824878511064,0.9981171756121147
Flnb,192.07218113862302,0.13803425414220766,0.23201384421904503,0.5949397313200374,0.5518837578962417,0.9981171756121147
Flot1,108.0245470682496,-0.1328582129992551,0.2377147721827439,-0.5588975888175767,0.5762316150824952,0.9981171756121147
Flot2,153.84115418322838,-0.06484935884569125,0.2092781463653629,-0.3098716228711031,0.7566585830338082,0.9981171756121147
Flt1,19.474190526279312,-0.2920030884222035,0.48808562602795036,-0.5982620115214822,0.5496651200914509,0.9981171756121147
Flt3,1.045259059756636,0.33410860495635475,1.794086044895732,0.18622774861156244,0.852266164323728,0.9981171756121147
Flt3l,1.2497456383748269,0.0019855986595367003,1.6495517212567208,0.0012037201586040359,0.9990395705018571,0.9994278384364038
Flt4,2.558067138823357,0.032529071166235386,1.147975210742438,0.028336039717440968,0.9773941365942702,0.9981171756121147
Fmc1,202.11931070757328,0.05677858006982603,0.19331352767607132,0.2937123995014353,0.7689776785858949,0.9981171756121147
Fmo4,0.0,,,,,
Fmod,2.6822328677475524,-0.15364471146325842,1.1823597596692266,-0.12994751403434232,0.8966079521981519,0.9981171756121147
Fmr1,309.19892544113367,-0.12310662548272515,0.17312536470147805,-0.7110837033903106,0.4770323680199686,0.9981171756121147
Fn1,12.705084243920668,-0.18102995549106965,0.5782120097935268,-0.3130857755025072,0.7542154957387195,0.9981171756121147
Fndc5,17.19588531180406,-0.49308473254640217,0.48455830856885823,-1.0175962806266323,0.30886985564190395,0.9981171756121147
Folr1,0.7673940628469876,1.1017339175112209,2.1494154417771334,0.5125737426545652,0.6082495243642699,0.9981171756121147
Folr2,0.3332664708283257,-1.6657536247670026,3.529127732487606,-0.47200151171429805,0.6369257095614138,0.9981171756121147
Fopnl,74.67377721549515,-0.004127586981466692,0.25526213890204486,-0.01616999293048557,0.987098774505972,0.9981171756121147
Fos,28.95984228470859,1.5871557832810024,0.4238685510911295,3.74445280074523,0.00018078735764519402,0.291007383356214
Fosb,19.240320181984043,0.4073079777872126,0.4486253869381121,0.9079022044809086,0.363929892815572,0.9981171756121147
Fosl1,0.5328996656264882,2.8305804955371845,3.1025165521830598,0.9123498450138712,0.36158458289923856,0.9981171756121147
Fosl2,8.272506410984596,-0.10634114808409752,0.668567701005339,-0.15905815959130262,0.8736230522892973,0.9981171756121147
Foxa1,0.0,,,,,
Foxa2,0.8193145162294275,-1.5951092231923187,2.352460876479802,-0.6780598305121333,0.4977337586727313,0.9981171756121147
Foxb1,0.0,,,,,
Foxc1,3.3560832639331615,-0.501638371003387,1.0217176740230673,-0.4909755246066748,0.6234437585562256,0.9981171756121147
Foxc2,0.5839806211764266,1.7787136401240649,2.5883322782985503,0.6872045196968717,0.49195385661672697,0.9981171756121147
Foxd1,0.7412324830723677,3.190101453989145,2.8809456295796427,1.1073105376357315,0.26815968992579586,0.9981171756121147
Foxd2,0.19754414721565247,-1.047741613991868,4.3594515893970955,-0.24033793987760943,0.8100682850102667,0.9981171756121147
Foxd3,0.0,,,,,
Foxf1,0.0,,,,,
Foxg1,209.4944103279486,0.06435745718621405,0.21389941658519313,0.30087719832831517,0.763508138232577,0.9981171756121147
Foxh1,0.5813489033076588,-0.9998427837396973,2.4626858542173813,-0.40599688426660413,0.6847448897357515,0.9981171756121147
Foxi1,0.0,,,,,
Foxi2,0.0,,,,,
Foxj1,27.62180501364389,-2.0196818694791174,0.6149589431619497,-3.284254813979075,0.001022524263032145,0.9349241319106167
Foxj2,143.39825797089932,0.13269171645848954,0.20382945636823288,0.6509938201413451,0.5150504761457912,0.9981171756121147
Foxj3,33.40407537126904,-0.13652274793875055,0.3526330731373487,-0.38715242085524876,0.6986433714231972,0.9981171756121147
Foxl2,0.6330539073530738,-2.5496205721454346,2.7955441919865183,-0.9120301440606704,0.36175284945966546,0.9981171756121147
Foxm1,3.2901661761334364,-0.2501385922592408,1.0168991603834034,-0.2459817079256222,0.8056963924971211,0.9981171756121147
Foxn1,0.0,,,,,
Foxn4,0.09877207360782624,-0.45211653757778947,4.435042509789109,-0.10194187239014495,0.9188028137063071,0.9981171756121147
Foxo1,160.33463102062987,0.10233595954647963,0.20705296962369213,0.4942501415578335,0.6211295320523942,0.9981171756121147
Foxo3,57.432172114402,0.2253562679129919,0.3191584231999229,0.7060953167193312,0.4801288639570438,0.9981171756121147
Foxo4,8.13288024153208,-0.4391915268243241,0.683856454607834,-0.6422276544515236,0.5207253796787614,0.9981171756121147
Foxp1,334.29969956277154,-0.1771905337769229,0.20264482523061123,-0.8743896301091273,0.38190610274468795,0.9981171756121147
Foxp2,53.10099520462486,0.07009920316119633,0.3011273504745295,0.23278922705204616,0.8159250787090493,0.9981171756121147
Foxp3,0.29167828634047493,2.0902489199145853,4.023094876336202,0.5195624225044766,0.6033685947468979,0.9981171756121147
Foxp4,48.62624037714469,0.14149797918951607,0.30102339716606347,0.4700564159518035,0.6383147116860387,0.9981171756121147
Fpr1,0.13572232361267328,-0.46032403864503774,4.433790464391391,-0.10382178462017705,0.9173107782646794,0.9981171756121147
Fpr2,0.2344943972204995,-1.2123042177937502,3.9780828204562106,-0.3047458468083683,0.7605597286868574,0.9981171756121147
Fras1,8.82783735069735,-0.5784907118673736,0.6532430360009388,-0.8855673615884398,0.3758507057814673,0.9981171756121147
Frk,0.2815614667829107,0.5020161678893961,3.624618577878668,0.13850179187218215,0.8898438535561748,0.9981171756121147
Frmd4a,400.67497045743585,0.043954138769791394,0.21250082963499656,0.20684219842948148,0.8361330991350455,0.9981171756121147
Frmd7,1.2594636636089076,1.7086677299781219,1.836894976229967,0.9301934798063317,0.35227091718718484,0.9981171756121147
Frmpd1,10.049739963053005,0.3049661761221779,0.6426333757890699,0.4745570143283007,0.6351027510666103,0.9981171756121147
Frrs1,0.6911349013177053,0.525685223342186,2.390312531375717,0.2199232177558112,0.8259309537975742,0.9981171756121147
Frrs1l,145.29635897506114,0.012250492293125437,0.25195513881869425,0.04862172032117525,0.9612207601215564,0.9981171756121147
Frs2,156.2228627293787,-0.05703049660233376,0.21796070347039137,-0.26165494831998926,0.7935874766977515,0.9981171756121147
Fryl,341.7504557966461,-0.10941714361327717,0.17610350567909275,-0.6213229156985904,0.5343871790215857,0.9981171756121147
Frzb,3.1581846821591104,-0.9079045487265437,1.1015753853501704,-0.8241873963423191,0.40983308731902623,0.9981171756121147
Fscn1,2812.9594155564814,-0.05041031605758703,0.23151546804281317,-0.21774059627093625,0.8276312312192329,0.9981171756121147
Fscn2,0.8268572249303784,-0.04328974624826875,2.235667667502691,-0.019363229552192215,0.9845513434718498,0.9981171756121147
Fshb,0.09877207360782624,-0.45211653757778947,4.435042509789109,-0.10194187239014495,0.9188028137063071,0.9981171756121147
Fshr,0.0,,,,,
Fst,2.6743153957032395,0.7082481462661525,1.1830942546671834,0.598640508541215,0.5494126368471866,0.9981171756121147
Fstl1,41.66948728168127,-0.2160799337777116,0.37981826746038333,-0.5689034790835847,0.569421644214216,0.9981171756121147
Fstl4,17.557565868195102,0.17148626638648373,0.4748892681954784,0.3611079000334346,0.71801878779046,0.9981171756121147
Fstl5,17.95091708608828,-0.4318133978043061,0.5405865734874756,-0.7987867604971333,0.42441406870473397,0.9981171756121147
Fthl17a,0.0,,,,,
Fto,238.2301520428608,-0.17604244276757655,0.2114137834199437,-0.8326914164243162,0.4050187867222502,0.9981171756121147
Ftsj1,69.16995693748983,0.010361095432224778,0.2693539626813112,0.038466467428524935,0.9693157668020651,0.9981171756121147
Fubp1,154.9354531199358,0.031119551119526585,0.20525487546131096,0.1516141872371377,0.879491242975817,0.9981171756121147
Fundc1,254.75798459545365,-0.10260457774268136,0.1814269282335736,-0.5655421647804434,0.5717050532612318,0.9981171756121147
Furin,88.22968170070497,0.06462294029050235,0.2477982944841,0.26078847889184675,0.7942556296066685,0.9981171756121147
Fus,209.0802796807928,0.06090956756040163,0.20497016367709006,0.29716309177738937,0.7663419982666003,0.9981171756121147
Fut1,0.3870605224562507,2.3594687187878343,3.671364721323727,0.6426680261657897,0.5204395322495254,0.9981171756121147
Fut4,0.8006478429785723,0.2647428410464651,2.1135419019280404,0.12526027556158612,0.9003174999414535,0.9981171756121147
Fv1,19.18216571988201,-0.2408559503206439,0.45817074535065927,-0.5256903736538345,0.5991033532820618,0.9981171756121147
Fxn,5.3709101161595285,0.36889738566167996,0.8054593879638955,0.4579962580040295,0.6469551296689879,0.9981171756121147
Fxr1,227.03229712935453,0.005702757012159869,0.19131904709453004,0.02980757587268432,0.9762205167801246,0.9981171756121147
Fyn,457.04583184746895,0.0824461424410994,0.18157105539227594,0.45407095455263113,0.6497777579757107,0.9981171756121147
Fzd1,12.401471654349391,1.3081738728365195,0.6471044674571957,2.0215806544760904,0.0432196922864065,0.9981171756121147
Fzd10,0.5369135516140152,0.6438565198363139,2.591390155614413,0.24845989263382723,0.803778598310009,0.9981171756121147
Fzd2,9.57132088679876,0.4157253938507947,0.6810622831925914,0.6104073065124288,0.5415920292964972,0.9981171756121147
Fzd3,127.82016994853221,0.11578636101761898,0.2699659391928564,0.42889247941350234,0.6680014734932825,0.9981171756121147
Fzd4,7.928351753728354,-0.4752545840182105,0.6807464230827809,-0.6981374677901437,0.4850912283716764,0.9981171756121147
Fzd5,25.557772272996605,-0.10582690202467777,0.42529560845320996,-0.24883140084509148,0.8034912005211392,0.9981171756121147
Fzd6,4.329547556492028,-0.45500919006306495,0.9339407240351159,-0.4871927932397953,0.6261217120177045,0.9981171756121147
Fzd7,14.575081816836459,-0.2481400533837446,0.538483966722063,-0.4608123337343884,0.6449332521108228,0.9981171756121147
Fzd8,10.023845557053612,0.13540919236399024,0.6563397464870062,0.20630960274576482,0.836549077979321,0.9981171756121147
G3bp1,124.88913374297088,-0.0394268718931146,0.24287486477912829,-0.16233409714492114,0.8710427651347781,0.9981171756121147
G6pc,0.3726231845299474,0.5093577618301208,3.3285387681599885,0.15302743855727813,0.8783766372851214,0.9981171756121147
G6pc2,0.0,,,,,
G6pdx,10.36321887329529,0.3407191783940736,0.6225303271800702,0.5473133814017687,0.5841634521440038,0.9981171756121147
Gaa,93.04570199148871,0.4513791811673805,0.23451253275463252,1.9247550476956932,0.05426001016714136,0.9981171756121147
Gab1,782.0809583297463,0.038950011354357036,0.18506230344913535,0.21046972089084856,0.83330108160468,0.9981171756121147
Gabbr1,1387.9653748345527,-0.02879956301783486,0.15006919684193917,-0.191908557011657,0.8478138345041344,0.9981171756121147
Gabbr2,43.08557835013796,0.20628262897668814,0.32311424024467583,0.6384201105481522,0.5232002432956169,0.9981171756121147
Gabpb1,68.97488245191711,-0.02130882530971362,0.2624845945672856,-0.08118124168331443,0.935297817239652,0.9981171756121147
Gabra1,115.57823228127602,-0.48660216102046433,0.278101367105458,-1.7497294820414937,0.08016500390621677,0.9981171756121147
Gabra2,16.745785521939922,-0.17426290825809898,0.5301028792553991,-0.3287341289352639,0.7423566555619583,0.9981171756121147
Gabra5,22.80613387803012,-0.035153436130639024,0.4266103888940844,-0.0824017348048377,0.9343272565685482,0.9981171756121147
Gabra6,0.0,,,,,
Gabrb2,64.0834834725391,0.08424758388251927,0.3039045011078128,0.27721729548399054,0.7816132599921854,0.9981171756121147
Gabrb3,212.60843158925005,0.026854592588067286,0.20734564310712303,0.1295160688483487,0.8969493109361969,0.9981171756121147
Gabrd,43.69842066820769,0.1933961376290248,0.37201045067657373,0.5198674856507287,0.6031559387930079,0.9981171756121147
Gabrg1,22.04483610478961,0.11158224547657246,0.44761120123979636,0.24928385430818362,0.8031412195788903,0.9981171756121147
Gabrg2,48.0536065067464,-0.3805878126842314,0.31434524270401726,-1.2107318991386398,0.22599817267004718,0.9981171756121147
Gabrg3,58.540755235954,0.08551578657320803,0.32879549706470235,0.2600880709640002,0.7947958393621171,0.9981171756121147
Gabrp,0.0,,,,,
Gabrq,1.204686238185707,1.7401080586808586,1.7832952701584461,0.9757823551711937,0.32917233051108097,0.9981171756121147
Gabrr2,27.09866945601367,0.022258810201934986,0.4214292873249537,0.05281742601047982,0.9578773769314426,0.9981171756121147
Gad1,208.15319066547593,0.09182690346513454,0.22780394842625606,0.4030961890674184,0.6868774640242155,0.9981171756121147
Gad2,234.44820819459082,0.09461677323801818,0.19863087109369257,0.4763447530438922,0.6338287870571171,0.9981171756121147
Gadd45a,14.949874471612217,0.8818493043968562,0.5969999856846415,1.4771345486475154,0.1396395741617778,0.9981171756121147
Gak,88.00906872387743,0.033387489962618824,0.250546663944984,0.13325856922984286,0.8939888922710009,0.9981171756121147
Gal,0.9574433035388754,-0.30485726748014985,2.0316311484170484,-0.15005542109239678,0.8807208904903895,0.9981171756121147
Galc,71.6411526902233,0.1469083076287001,0.26061004775413155,0.5637093001391045,0.5729519870437192,0.9981171756121147
Galnt14,17.2747622059176,0.16861132515564822,0.478818276156162,0.3521405375526168,0.7247328683768539,0.9981171756121147
Galnt15,2.3049538705291885,1.5001902603688477,1.3290732260611677,1.1287491395901499,0.25900367345315756,0.9981171756121147
Galnt17,56.79592230879039,-0.018998732297291633,0.3243627090067526,-0.05857249236655042,0.9532926209665096,0.9981171756121147
Galnt18,36.53922332976138,0.014654657173454324,0.35222703866481325,0.041605713260985645,0.966813018663763,0.9981171756121147
Galntl5,0.2815614667829107,0.5020161678893961,3.624618577878668,0.13850179187218215,0.8898438535561748,0.9981171756121147
Galp,0.19353026122812536,1.4685041306821252,4.434566981015867,0.33114938549100936,0.740531649762339,0.9981171756121147
Galr1,3.503479568132704,0.16276289051398923,1.0586850604591966,0.15374061332592343,0.877814260644398,0.9981171756121147
Galr2,0.5914657228652228,0.2559384805750739,2.5141152209828532,0.10180061694826335,0.9189149359420998,0.9981171756121147
Gap43,420.462275842329,-0.03739426667010244,0.19450813061529668,-0.19225040388703243,0.8475460656073023,0.9981171756121147
Gar1,49.8661811576581,0.25969778722185993,0.3523128498027948,0.737122666309856,0.46104775636468287,0.9981171756121147
Garem1,65.65558908137064,-0.08536067244037504,0.32165276876695925,-0.26538143218104776,0.7907156384904344,0.9981171756121147
Gars,328.619345155421,0.3818570216055719,0.2303096974238972,1.6580153848352455,0.09731436111538878,0.9981171756121147
Gart,96.70564600527644,0.0688008869252313,0.24617379578781326,0.2794809524915213,0.7798757535895807,0.9981171756121147
Gas1,5.661779556259012,-0.5051417496261228,0.8788395794703993,-0.574782658207688,0.5654382965876972,0.9981171756121147
Gas6,32.37140426439438,-0.18276938796288572,0.38168326476346254,-0.4788509343634752,0.6320446786418006,0.9981171756121147
Gast,0.2815614667829107,0.5020161678893961,3.624618577878668,0.13850179187218215,0.8898438535561748,0.9981171756121147
Gata1,0.19754414721565247,-1.047741613991868,4.3594515893970955,-0.24033793987760943,0.8100682850102667,0.9981171756121147
Gata2,2.2358145923972517,1.2126898493669276,1.2453626842784338,0.9737644018694547,0.33017353208235756,0.9981171756121147
Gata3,0.24461121677806372,0.5095569421313735,3.7994315150776345,0.13411399576732771,0.8933124326044014,0.9981171756121147
Gata4,0.0,,,,,
Gata5,0.4673813721502465,2.54198392338013,3.253706874317502,0.7812578150308443,0.4346508758508396,0.9981171756121147
Gata6,0.2963162208234787,-1.5093550987342084,3.9781067039489035,-0.3794154383128872,0.7043793880009106,0.9981171756121147
Gatad2b,249.05615484407974,0.12482431926737897,0.18761748872002765,0.6653128134213978,0.5058504367329667,0.9981171756121147
Gatd3a,168.76371930231343,0.15085711381537545,0.19704277116168745,0.7656059287330393,0.44391081572551117,0.9981171756121147
Gba,49.13802967170697,-0.28576440989325996,0.306786470531713,-0.9314765719556725,0.35160709793565814,0.9981171756121147
Gba2,61.57824452974151,0.33193442749767127,0.2804950074503472,1.1833880057791393,0.23665540864610146,0.9981171756121147
Gbf1,126.71199055779088,-0.07168909939968185,0.21913587314244712,-0.32714451710551773,0.7435585828091189,0.9981171756121147
Gbp2,3.9466636764417427,-0.8296543044459856,0.9880667495945615,-0.8396743487081434,0.40109100014157284,0.9981171756121147
Gbp2b,0.0,,,,,
Gbp3,6.107292653394214,-0.4279898820348874,0.8136548433089625,-0.5260091371106979,0.5988818585126381,0.9981171756121147
Gbp7,15.563544524202579,-0.9428040227920162,0.5114364434772609,-1.8434431781628298,0.06526433076971115,0.9981171756121147
Gbx1,1.155212704926521,-0.34009203626057843,1.6982249135214038,-0.20026324755498415,0.8412747044777048,0.9981171756121147
Gbx2,0.9273639115623166,1.0081463347125192,2.0697054778463264,0.48709651953067545,0.6261899327806335,0.9981171756121147
Gcat,56.844980164188435,0.21569924669606647,0.2927651767662108,0.7367653799492495,0.46126503987263967,0.9981171756121147
Gcg,0.0,,,,,
Gcgr,0.14583914317023747,1.4685041306821252,4.434566981015867,0.33114938549100936,0.740531649762339,0.9981171756121147
Gch1,1.6404212524951214,0.6354319888378257,1.4539993784110044,0.43702356292081374,0.6620942597504397,0.9981171756121147
Gck,0.33936940439836283,2.2357748292719086,3.5536531379614233,0.6291482996436945,0.5292519722359541,0.9981171756121147
Gckr,0.3468545060871591,0.5022934414257615,3.404314214859431,0.1475461457797608,0.8827009591994037,0.9981171756121147
Gcm1,0.0,,,,,
Gcm2,0.0,,,,,
Gcnt3,0.7775108824045519,2.242174816432983,2.3620349779453877,0.9492555518307078,0.34249065397280043,0.9981171756121147
Gcnt4,5.654860896053538,-0.8772699378923963,0.8522198712820559,-1.029393901098147,0.30329461389702406,0.9981171756121147
Gdap1,49.5947522100954,-0.023251134899375525,0.30123749020074064,-0.07718539576160086,0.9384760594794149,0.9981171756121147
Gdf1,25.074314908274687,-0.03819002544811876,0.48018056331533865,-0.0795326349414086,0.9366089748885597,0.9981171756121147
Gdf10,18.586054621893183,0.20648230479212099,0.5164971370925643,0.39977434522568545,0.6893227281098981,0.9981171756121147
Gdf11,12.515116641221057,0.30242194684204615,0.5442652969366732,0.555651717175776,0.5784489694305058,0.9981171756121147
Gdf15,6.824640098534325,5.494852878621545,3.1225222161946333,1.759748209355587,0.07845050782466695,0.9981171756121147
Gdf2,0.3292525848407986,0.5022352423470765,3.4473755284261705,0.14568625849019756,0.8841690697581248,0.9981171756121147
Gdf5,0.0,,,,,
Gdf7,0.5261726835609745,0.3948918696081895,2.6047178950418095,0.15160638714844432,0.879497395429114,0.9981171756121147
Gdf9,0.5813489033076588,-0.9998427837396973,2.4626858542173813,-0.40599688426660413,0.6847448897357515,0.9981171756121147
Gdnf,8.076582665018996,-0.019182540673946136,0.7494612421559113,-0.02559510698480599,0.9795802888535298,0.9981171756121147
Gdpd1,70.85402799436822,-0.07305022420712456,0.2687513031069124,-0.27181346978646775,0.7857654476420893,0.9981171756121147
Gdpd2,4.309825657366178,0.8112043899070229,0.9865288014165566,0.8222815073844925,0.4109166990547415,0.9981171756121147
Gem,4.754932144995973,0.15127829808012178,0.9048915547787066,0.16717837323293092,0.8672297005929044,0.9981171756121147
Gen1,3.6714664050900345,0.3234686479357716,0.9756050264018717,0.3315569715018342,0.740223814998904,0.9981171756121147
Gfap,294.99699515288444,0.2905880598522586,0.21248204943104335,1.3675887475217663,0.1714408406207807,0.9981171756121147
Gfi1,0.19754414721565247,-1.047741613991868,4.3594515893970955,-0.24033793987760943,0.8100682850102667,0.9981171756121147
Gfi1b,0.09877207360782624,-0.45211653757778947,4.435042509789109,-0.10194187239014495,0.9188028137063071,0.9981171756121147
Gfpt1,180.46749447348796,0.03146321614712894,0.19353736480285072,0.16256920816907547,0.8708576327391482,0.9981171756121147
Gfpt2,7.819115771755272,0.09153084933186317,0.7489137383676243,0.12221814695423948,0.9027262550019615,0.9981171756121147
Gfra1,173.64344302617314,0.22195294147646538,0.21696190476311028,1.0230042076686439,0.3063058563801665,0.9981171756121147
Gfra2,9.18582099521104,0.11952286008123925,0.6223836825965511,0.1920404782827794,0.8477104983968948,0.9981171756121147
Gfra3,0.29978743652474793,-1.402084615240994,3.6862814707163842,-0.380352023137429,0.7036841231276579,0.9981171756121147
Ggnbp1,7.888325644363374,0.6315463819346882,0.7164979041614679,0.8814350722683548,0.378082381751506,0.9981171756121147
Ggnbp2,319.8230719398293,-0.0010804227652798722,0.17775659600153462,-0.00607810224533409,0.9951504059195083,0.9981171756121147
Ggps1,138.37723603828402,-0.05650076350199763,0.2129708551439301,-0.26529810130035514,0.790779827066262,0.9981171756121147
Gh,13.817915890575483,0.7883929749184981,0.7186642017959722,1.0970255272883647,0.2726302331917445,0.9981171756121147
Ghr,22.24201383914328,-0.5349862026198182,0.47941834470017963,-1.1159068244549337,0.2644620203090374,0.9981171756121147
Ghrh,0.09877207360782624,-0.45211653757778947,4.435042509789109,-0.10194187239014495,0.9188028137063071,0.9981171756121147
Ghrhr,0.27144464722534656,-1.3554418184190844,4.1182740685403,-0.3291286096700973,0.7420584804245125,0.9981171756121147
Ghrl,0.5403847673152845,1.2822895876280194,2.7123605605263186,0.4727577912352472,0.6363859906844272,0.9981171756121147
Ghsr,0.14583914317023747,1.4685041306821252,4.434566981015867,0.33114938549100936,0.740531649762339,0.9981171756121147
Gigyf2,94.23501638346396,-0.1270660553559537,0.2405804698425816,-0.5281644658816091,0.5973851901694711,0.9981171756121147
Gimap4,0.6683967350671681,1.5497122203877634,2.56123490700078,0.6050644617375158,0.5451361662838841,0.9981171756121147
Gip,0.14583914317023747,1.4685041306821252,4.434566981015867,0.33114938549100936,0.740531649762339,0.9981171756121147
Gipc1,164.25826416933157,-0.18758838849930554,0.23951504110809752,-0.7832008696883611,0.4335091642795914,0.9981171756121147
Gipr,24.72771171483751,-0.4362295190097931,0.40475502150947534,-1.0777618456293343,0.2811400506914665,0.9981171756121147
Gja1,536.1234502799539,-0.06390317716236064,0.21381827064976988,-0.29886677582867927,0.765041698169074,0.9981171756121147
Gja3,0.0,,,,,
Gja4,1.4948995254391484,-0.7737264746910182,1.586079706098547,-0.4878231981129357,0.6256750782797522,0.9981171756121147
Gja5,0.4355097601374212,-1.9708017347970357,3.0928789392644394,-0.6372062319599678,0.5239905188969805,0.9981171756121147
Gja8,0.41969025409235866,2.40697739346095,3.347408063403607,0.719057057840018,0.47210576446248076,0.9981171756121147
Gjb1,318.3734094783809,-0.1262832677238298,0.17750210056557114,-0.7114466100483101,0.4768075243762653,0.9981171756121147
Gjb2,10.332239452033555,-0.2895288298840476,0.6084956456520559,-0.47581084918659083,0.6342091399099861,0.9981171756121147
Gjb6,83.10066652037334,0.004553701768354924,0.31690493857786967,0.01436929884649302,0.9885353528326917,0.9981171756121147
Gjc1,3.0430026300427784,0.09963544335983135,1.2220797326784048,0.0815294130943998,0.9350209344660038,0.9981171756121147
Gjd2,1.88627076142917,-1.027556651843573,1.4275521534675761,-0.7198032305493011,0.4716461555869702,0.9981171756121147
Gk,34.4404681401162,-0.12825298332733187,0.34573298246073986,-0.37095964178626145,0.7106675915655148,0.9981171756121147
Gkn2,0.14583914317023747,1.4685041306821252,4.434566981015867,0.33114938549100936,0.740531649762339,0.9981171756121147
Gla,27.56849035842585,0.18018349994842017,0.3821866796723318,0.47145415979149435,0.637316447470746,0.9981171756121147
Glb1,44.42258635374426,-0.13802549065704314,0.3118374254972429,-0.44262003009085094,0.6580405942865654,0.9981171756121147
Gldc,19.814171723758633,-0.18106725913096886,0.4820220294128568,-0.3756410456001854,0.7071837718426688,0.9981171756121147
Gldn,2.082975410812321,-0.26449933529892816,1.289598658942677,-0.20510205517411695,0.8374923907715366,0.9981171756121147
Glg1,453.32996598525915,0.2141885376431109,0.16244651484692685,1.3185172845655724,0.1873305428207569,0.9981171756121147
Gli1,0.336737686529595,-1.5694851248218602,3.5623707969401486,-0.44057320652020526,0.6595220035413772,0.9981171756121147
Gli2,7.66840120343793,-0.2725200397373101,0.7531233157440087,-0.36185314415354175,0.7174617760119661,0.9981171756121147
Gli3,28.170078028020935,-0.03004114422083726,0.43784394498696444,-0.06861153286413874,0.9452988386043222,0.9981171756121147
Glis3,13.941846040608148,0.9142257395178882,0.5396005313758561,1.6942639718808743,0.0902151334901426,0.9981171756121147
Glmp,51.46354488059125,0.2978854875571261,0.2993996982944444,0.994942510810986,0.3197642256579648,0.9981171756121147
Glo1,137.58439718554658,-0.02801277591861871,0.22363185770870594,-0.12526290397814005,0.9003154191569067,0.9981171756121147
Glp1r,0.468988794440999,-2.146151572557585,3.174073291030785,-0.6761506039013419,0.4989450307025919,0.9981171756121147
Glra1,3.846555247239298,0.9619447977459763,0.9827517291931692,0.9788278862004391,0.3276650285673912,0.9981171756121147
Glra2,20.685954269245617,-0.09462372462555663,0.4775778200185183,-0.198132577894609,0.8429413365823526,0.9981171756121147
Glra3,3.86968240297835,0.16858966453627353,0.9581347194451165,0.17595611672845826,0.8603284182490817,0.9981171756121147
Glud1,473.96139810280573,-0.08263033336931908,0.18282871052303268,-0.45195490977829406,0.6513014659399492,0.9981171756121147
Glyat,0.0,,,,,
Gm2a,257.684906056211,0.009917379161349967,0.18511248624862497,0.05357487958986145,0.9572738709436038,0.9981171756121147
Gmds,30.02055522139089,0.37042130418633085,0.3663866896417542,1.0110119026117503,0.312010733018406,0.9981171756121147
Gmfb,570.1130862438098,-0.028771608388160543,0.1737806273939785,-0.1655628065085319,0.8685010193626583,0.9981171756121147
Gmnc,1.0714684417084421,0.11214586526937757,1.8657228518089732,0.06010853389110973,0.952069193192696,0.9981171756121147
Gmnn,16.456650693270014,-0.5719004927781618,0.4943763585777469,-1.1568119770602325,0.24734918740583733,0.9981171756121147
Gna11,53.91617762893915,-0.04438475253094743,0.2948639839816996,-0.15052619153956123,0.8803494882886989,0.9981171756121147
Gna12,153.66937093300618,-0.3436412284276335,0.24977707596482326,-1.3757917018615007,0.16888613127717123,0.9981171756121147
Gna13,90.16696223019107,0.15670043780575293,0.2456824881624637,0.637816878922729,0.5235928908009698,0.9981171756121147
Gna14,0.8696373521560833,0.8486313678964029,2.0678505389862125,0.41039299112616434,0.6815176868987283,0.9981171756121147
Gnai1,575.1466451302775,-0.20606662590524263,0.19275033836480893,-1.0690856765980388,0.28503106516906285,0.9981171756121147
Gnai2,1310.1420777220353,0.1047266156980192,0.19125563017819158,0.5475740274963206,0.5839844272501091,0.9981171756121147
Gnai3,197.54036455244116,0.06459628195929602,0.19154530184355295,0.33723762127068957,0.7359377789865681,0.9981171756121147
Gnal,881.1643007349718,-0.01119996821386204,0.19645049099016856,-0.057011658038678796,0.9545359084752403,0.9981171756121147
Gnao1,2845.532857142733,-0.1529811009937686,0.13382105932740362,-1.1431765804475396,0.2529652837882004,0.9981171756121147
Gnaq,356.33995989011345,-0.19037950561469005,0.1710384987919924,-1.113079844358428,0.26567413931181705,0.9981171756121147
Gnat1,0.0,,,,,
Gnat2,0.0,,,,,
Gnat3,0.2010153629169217,-0.46032403864503774,4.433790464391391,-0.10382178462017705,0.9173107782646794,0.9981171756121147
Gnaz,6.326699182633259,-0.4036762577416814,0.8709704082450094,-0.4634787289215511,0.6430212582354999,0.9981171756121147
Gnb1,1043.8088303970405,-0.0518380142065595,0.15344203117768937,-0.33783451515008883,0.7354878981785216,0.9981171756121147
Gnb3,0.7271880464778961,-0.31058490670584243,2.190993553745393,-0.14175528092034465,0.8872733079220105,0.9981171756121147
Gng11,1050.323554462049,-0.5983016802617274,0.19238975721744175,-3.1098416512138845,0.0018718766491624443,0.9981171756121147
Gnrh1,1.940041041860031,1.135708045524013,1.3552830016880246,0.8379858997046905,0.40203862268365276,0.9981171756121147
Gnrhr,0.5846046696719033,0.7637690294351688,2.694563699313989,0.28344812543478465,0.776833341545853,0.9981171756121147
Golga2,75.38957857429823,-0.058470767913638186,0.257189970781027,-0.22734466564180503,0.8201557440925589,0.9981171756121147
Golga3,79.54357327769662,-0.08175717701090081,0.25483842219131475,-0.3208196641145552,0.7483470566630228,0.9981171756121147
Golga5,67.23700320524536,0.03354956950208328,0.28223712201199547,0.11887015167571535,0.9053782295725729,0.9981171756121147
Gopc,174.9767397208674,-0.021335765431112375,0.21199282434542135,-0.10064380951096653,0.9198332182832738,0.9981171756121147
Gorasp1,31.376167150810673,0.038228907479730234,0.3922749548680281,0.09745436716088966,0.9223655714004928,0.9981171756121147
Gosr1,92.8626187840735,0.1055214177724813,0.25049085042866087,0.42125857128874855,0.6735662786733004,0.9981171756121147
Got2,119.62211759253142,-0.011396874784431495,0.2293452875551227,-0.04969308463201921,0.9603669673170651,0.9981171756121147
Gpa33,1.1373855295081674,-0.6642663140776094,1.7802046503825653,-0.3731404217682831,0.7090439354524445,0.9981171756121147
Gpam,139.5931801967159,-0.22576700994143709,0.2200679700660582,-1.0258967257873475,0.3049402661621723,0.9981171756121147
Gpat2,0.7653050152644778,-2.865052158080358,2.7930044326372325,-1.0257957791263137,0.30498785606671486,0.9981171756121147
Gpbar1,0.2010153629169217,-0.46032403864503774,4.433790464391391,-0.10382178462017705,0.9173107782646794,0.9981171756121147
Gpc3,3.3937511771348117,0.5421129453797763,1.054188588368656,0.5142466455823521,0.6070795592339134,0.9981171756121147
Gpc4,19.51849281760011,-0.16771242865073605,0.4454499709444711,-0.3765011552142244,0.7065443568247165,0.9981171756121147
Gpc6,10.967506673261974,-0.46761286595982243,0.6441661087080184,-0.7259196962375083,0.4678880011967722,0.9981171756121147
Gpd1,90.36509837867366,0.3069270749966214,0.2926123052038154,1.0489206008709553,0.29421466315455747,0.9981171756121147
Gper1,0.6827526947842527,1.1287182795323893,2.3538197664786638,0.4795262133519094,0.6315643244603912,0.9981171756121147
Gphn,308.80776456784974,-0.22997067172031502,0.19871303298687215,-1.1573003957697525,0.24714965190077232,0.9981171756121147
Gpi1,408.43987066504366,0.13634502403355958,0.1715457047157466,0.7948029025820554,0.4267281623091964,0.9981171756121147
Gpm6a,172.1099466512835,0.013203139632790213,0.23251302235382773,0.056784516837505454,0.9547168478094074,0.9981171756121147
Gpnmb,0.8803782202091242,1.0669047641993337,2.1986075674922976,0.48526384606973355,0.6274891978375902,0.9981171756121147
Gpr101,9.01400604890978,0.43121763784850675,0.710542203736784,0.606885327262346,0.5439270161735172,0.9981171756121147
Gpr107,72.31385250745787,0.24895982570532696,0.25495020928949996,0.9765037118390013,0.3288149093764867,0.9981171756121147
Gpr139,1.546061859198306,-0.6494889638607396,1.5024408263875424,-0.43228921396017045,0.6655312254702364,0.9981171756121147
Gpr141b,0.2010153629169217,-0.46032403864503774,4.433790464391391,-0.10382178462017705,0.9173107782646794,0.9981171756121147
Gpr143,0.0,,,,,
Gpr149,14.165981464791761,0.5897550232480756,0.5296070247713751,1.1135709982371658,0.26546327404571124,0.9981171756121147
Gpr17,116.47616303572174,-0.2661168686342623,0.26436576836127085,-1.0066237784258,0.3141156031860842,0.9981171756121147
Gpr183,1.811746212923999,-0.520131989481704,1.5441924790774189,-0.33683105994173607,0.7362442574099859,0.9981171756121147
Gpr20,0.0,,,,,
Gpr22,18.05530312665343,-0.2957587721793646,0.4752997660638125,-0.6222573485122582,0.5337726618518066,0.9981171756121147
Gpr26,30.025455400708097,-0.2742072487378784,0.38748253763637885,-0.7076634999102845,0.47915424910229065,0.9981171756121147
Gpr34,15.65687644372209,-0.1748802138200458,0.5165894396432616,-0.3385284336064088,0.7349650036746469,0.9981171756121147
Gpr35,0.8837680577011744,0.3996530857409335,1.994785491637365,0.20034890338654368,0.841207718407291,0.9981171756121147
Gpr37l1,368.42293086660334,-0.27130489204136055,0.19893212308173094,-1.3638063468004882,0.17262852223958824,0.9981171756121147
Gpr39,0.14583914317023747,1.4685041306821252,4.434566981015867,0.33114938549100936,0.740531649762339,0.9981171756121147
Gpr4,3.315392184289967,0.2735020061948257,1.0170183602959948,0.26892533790169254,0.7879871381683361,0.9981171756121147
Gpr50,0.2815614667829107,0.5020161678893961,3.624618577878668,0.13850179187218215,0.8898438535561748,0.9981171756121147
Gpr6,58.94478389187595,-0.0034691792717796424,0.33181321190479757,-0.010455217415438554,0.9916580954224439,0.9981171756121147
Gpr65,0.0,,,,,
Gpr83,75.10532540046357,0.1755293317580837,0.2805356097193004,0.6256935863996574,0.5315159408163883,0.9981171756121147
Gpr84,0.13572232361267328,-0.46032403864503774,4.433790464391391,-0.10382178462017705,0.9173107782646794,0.9981171756121147
Gpr88,1041.7640594774116,-0.2336122940735119,0.2089667368490083,-1.1179400970514823,0.2635925783565676,0.9981171756121147
Gprc5b,2904.77895895092,-0.17642641138687257,0.136846017847427,-1.2892330676627706,0.1973170721931793,0.9981171756121147
Gprc6a,0.0,,,,,
Gps1,554.923196535822,0.021388647689694323,0.15629148432391718,0.13685101131528019,0.8911485617128414,0.9981171756121147
Gpsm1,91.97338601666364,0.07512528989549111,0.23734866183532813,0.3165187000195217,0.7516088336561277,0.9981171756121147
Gpsm2,155.2992411411996,0.12717715655715855,0.2571007710397955,0.494658790958948,0.6208409949705522,0.9981171756121147
Gpt2,293.0122447589489,0.12105969999106302,0.21753200687664614,0.5565144262182586,0.5778592352332548,0.9981171756121147
Gpx2,0.19353026122812536,1.4685041306821252,4.434566981015867,0.33114938549100936,0.740531649762339,0.9981171756121147
Gpx5,0.0,,,,,
Gramd1a,91.64009156740597,0.1814770938068427,0.2399152232122937,0.7564217533885257,0.44939636959117224,0.9981171756121147
Gramd1b,238.0910940674684,-0.15807737048416964,0.1906867321897293,-0.828989876059578,0.40711013596553125,0.9981171756121147
Grb10,52.5580384075121,-0.00864027897839002,0.3271169636033048,-0.026413423758934428,0.9789275872746483,0.9981171756121147
Grb2,209.81556163112887,0.0548538871066639,0.19693920989911873,0.27853207664823354,0.7806039452302518,0.9981171756121147
Grb7,2.933362497648552,-1.231798839034215,1.1452597485025393,-1.0755628499515748,0.28212280957021996,0.9981171756121147
Greb1,0.7414001302322063,0.04622858347024355,2.3466828154748733,0.01969954489179176,0.9842830538338734,0.9981171756121147
Grem1,1.2095494268407039,0.30786272907539675,1.7311579635213372,0.1778363012287886,0.8588515374717797,0.9981171756121147
Grhl2,0.7488852319210025,-1.3929850247537912,2.608051627783026,-0.534109451636085,0.593265810898551,0.9981171756121147
Grhl3,0.27385111092212117,1.468507008457143,4.1863062795273285,0.3507882391784651,0.7257472210175899,0.9981171756121147
Gria1,314.1868096487504,0.10761880835410258,0.20277859508768023,0.5307207514065716,0.595612303771881,0.9981171756121147
Gria2,411.18947750506885,-0.13286832976152357,0.19843785061858993,-0.6695715023486365,0.5031309856271691,0.9981171756121147
Gria3,67.24546957283432,0.10602090737038712,0.27516325650168405,0.3853018339668409,0.7000138029245373,0.9981171756121147
Gria4,246.42719443570272,-0.056170255683661845,0.24786208864323198,-0.2266189879667812,0.8207200261307027,0.9981171756121147
Grid1,51.42511492107554,0.05983150441459855,0.3146702092418138,0.19014035220798414,0.8491991503308797,0.9981171756121147
Grid2,57.329598798540566,-0.08007921410530729,0.3176466382590025,-0.25210156337311007,0.8009625615881554,0.9981171756121147
Grifin,0.6618950071736477,-0.1796227254087526,2.3736345624075663,-0.07567412787693911,0.9396783599203342,0.9981171756121147
Grik1,10.98019469975258,-0.4229774247420112,0.752132727565743,-0.5623707216025103,0.5738634628999028,0.9981171756121147
Grik2,422.6189565802975,-0.01855119262397939,0.16111407977179806,-0.11514321187977672,0.9083316095265955,0.9981171756121147
Grik3,105.17910501815753,0.1201058903940004,0.2621692193053391,0.4581235383476402,0.6468636889122414,0.9981171756121147
Grik4,21.669785135945375,-0.04259921778633502,0.46986679136773,-0.09066232934303238,0.9277609041422548,0.9981171756121147
Grin1,240.23231272168422,0.04404679296996143,0.2543159049490775,0.17319716192654588,0.8624964543852418,0.9981171756121147
Grin2a,134.6444002419613,-0.16054685016607298,0.22464260739114245,-0.7146767571413225,0.4748088030740749,0.9981171756121147
Grin2b,67.44259901825173,0.18703487012542908,0.2828474986654324,0.6612569353023137,0.5084475539507519,0.9981171756121147
Grin2c,24.715616776283067,0.12609006659378058,0.47119184082325466,0.2675981535959518,0.7890086523637985,0.9981171756121147
Grin2d,12.708560373715505,0.20863880376691224,0.5851447705359757,0.35655928972210604,0.7214217588194305,0.9981171756121147
Grk2,351.70542286643445,-0.013543679575570032,0.17035552464809578,-0.07950243823056091,0.936632992326182,0.9981171756121147
Grk3,22.743493126240242,0.23768796954448715,0.4294107157772671,0.553521281168434,0.5799065123423968,0.9981171756121147
Grk5,13.3567247168534,-0.010111029360190536,0.529555871328724,-0.01909341375976185,0.9847665855320136,0.9981171756121147
Grm1,53.5430649654944,-0.015301571912970125,0.36918956413970744,-0.04144638256128973,0.9669400366060783,0.9981171756121147
Grm2,2.2806487384143783,0.11262314796416246,1.3290897109578816,0.08473705502015691,0.932470436249952,0.9981171756121147
Grm3,342.12990811499725,-0.16171905850082405,0.1898241407172489,-0.8519414753559266,0.3942465754648764,0.9981171756121147
Grm4,13.996160976548557,-0.06210026978959081,0.5390110572855837,-0.11521149510795338,0.9082774875724061,0.9981171756121147
Grm6,0.7271880464778961,-0.31058490670584243,2.190993553745393,-0.14175528092034465,0.8872733079220105,0.9981171756121147
Grm8,34.92391802475815,-0.04316600102729946,0.36421220042964664,-0.1185188222041388,0.905656582240764,0.9981171756121147
Grn,160.8917986402213,0.3834879836438402,0.25913230474851096,1.4798926132194012,0.13890190731952073,0.9981171756121147
Grp,0.14583914317023747,1.4685041306821252,4.434566981015867,0.33114938549100936,0.740531649762339,0.9981171756121147
Grpel1,77.77498487095905,0.19258879710337143,0.26228073488751336,0.7342849530521892,0.46277508656989663,0.9981171756121147
Grpr,0.417283790395584,-0.39353692121274025,3.1067027592025807,-0.12667350297578908,0.8991988184278425,0.9981171756121147
Grxcr1,0.0,,,,,
Grxcr2,0.6255688056642774,-1.10961931572619,2.5193780588413417,-0.44043382525785046,0.6596229308000139,0.9981171756121147
Gsc,0.2010153629169217,-0.46032403864503774,4.433790464391391,-0.10382178462017705,0.9173107782646794,0.9981171756121147
Gsc2,1.5304676073252363,1.2148726695237402,1.5218001370533536,0.7983128927009338,0.42468893811221997,0.9981171756121147
Gsdma3,0.5920897713606995,-0.8974702299529708,2.581756327497456,-0.3476200369470596,0.7281255563973165,0.9981171756121147
Gsdmd,1.5679842988134054,-0.8353560492588666,1.5500802659264235,-0.5389114793740093,0.5899479359660447,0.9981171756121147
Gsdme,6.618033841500556,0.2395802844509705,0.7287940578326786,0.3287352330553372,0.7423558209395766,0.9981171756121147
Gsk3a,478.3858199848258,0.055674932557972706,0.15834423166038658,0.3516069513500381,0.7251330512830061,0.9981171756121147
Gsk3b,74.17047874762565,-0.051115252105156425,0.28268217746097957,-0.1808223375250185,0.8565070293120706,0.9981171756121147
Gsta1,0.13572232361267328,-0.46032403864503774,4.433790464391391,-0.10382178462017705,0.9173107782646794,0.9981171756121147
Gstk1,59.635877658650635,-0.151201754963269,0.31233678839217405,-0.4840984494385534,0.6283160016679685,0.9981171756121147
Gstp1,1025.4963244759113,0.5481188492257332,0.27655072211048753,1.9819830700234033,0.04748113551659577,0.9981171756121147
Gsx1,1.2805929548096369,-2.2186846342112383,1.9752291094930048,-1.1232543220167117,0.2613294975445076,0.9981171756121147
Gsx2,1.1625301594554789,0.36633022207955324,1.8044564348696936,0.20301416814532697,0.8391239582245819,0.9981171756121147
Gtf2a1,587.8883185357315,-0.026997296573706045,0.15422337052328683,-0.1750532132847506,0.8610378209077282,0.9981171756121147
Gtf2a2,176.56796740494315,-0.01211340173954536,0.21675774696610056,-0.05588451582051097,0.9554338061368327,0.9981171756121147
Gtf2b,57.87288686053202,-0.1883612787575113,0.28863121125784696,-0.6526019065527874,0.5140129561294213,0.9981171756121147
Gtf2e1,43.91764099739552,-0.1582742695387349,0.32760569287484315,-0.48312429539861884,0.6290074843317364,0.9981171756121147
Gtf2e2,21.33843915410441,0.14976280394773875,0.43436274743278797,0.34478740369168653,0.7302542034749193,0.9981171756121147
Gtf2h1,75.61336423116842,0.020805993742951404,0.2633851895823517,0.07899454702044312,0.9370369603582218,0.9981171756121147
Gtf2i,599.4596077746357,-0.04727486122110195,0.16839414426377944,-0.28073934178523857,0.7789103313272826,0.9981171756121147
Gtpbp2,115.42970614636151,0.3019390664325063,0.2428782702724175,1.243170358936783,0.21380506292543333,0.9981171756121147
Gtse1,1.7100012341360762,0.5896163930468306,1.4934495318854102,0.39480168593475495,0.6929892505968513,0.9981171756121147
Gucy1a1,204.56356427719854,0.08988554251205748,0.23007566594460288,0.3906781803413314,0.696035129185449,0.9981171756121147
Gucy2e,0.09877207360782624,-0.45211653757778947,4.435042509789109,-0.10194187239014495,0.9188028137063071,0.9981171756121147
Gucy2f,0.8872392734024438,0.5684178149420475,2.1628815526756724,0.26280579916124636,0.7927002655320659,0.9981171756121147
Gusb,18.08989738422591,0.5937840439414922,0.4873130892308035,1.2184857272739116,0.22303944531655606,0.9981171756121147
Gyg,54.55766700042017,0.09905973605205265,0.3058569865034058,0.3238759957211231,0.746031917933097,0.9981171756121147
Gys2,0.2010153629169217,-0.46032403864503774,4.433790464391391,-0.10382178462017705,0.9173107782646794,0.9981171756121147
Gzma,0.27385111092212117,1.468507008457143,4.1863062795273285,0.3507882391784651,0.7257472210175899,0.9981171756121147
Gzmb,0.4020307258338434,-1.7948158324823222,3.6380678575891334,-0.49334314332215534,0.6217701489177591,0.9981171756121147
Gzmk,1.1653295244840853,0.3665100465288203,1.6951236262948797,0.21621434616537108,0.828820671398647,0.9981171756121147
H19,0.29167828634047493,2.0902489199145853,4.023094876336202,0.5195624225044766,0.6033685947468979,0.9981171756121147
H1foo,0.0,,,,,
H2-Aa,1.345271750453377,0.010756649196232636,1.6393848437134881,0.006561393584600294,0.9947648029257078,0.9981171756121147
H2-Ab1,1.8132771710991005,0.3206282419861572,1.5173058179710412,0.21131418477977296,0.832642114981126,0.9981171756121147
H2-D1,227.54801524919824,0.9604836804457828,0.32197244082557785,2.9831238909236513,0.002853224734784381,0.9981171756121147
H2-DMa,17.67036668057078,0.170062379576256,0.47459368334018687,0.35833258120790445,0.7200944384489288,0.9981171756121147
H2-DMb2,0.438141478006189,1.284343193551702,2.862034917716106,0.44875175547355073,0.6536107447884214,0.9981171756121147
H2-Eb1,0.7384715848171949,-1.5635768801733985,2.5770783299081215,-0.6067246237832218,0.5440336780107154,0.9981171756121147
H2-K1,176.33650121793616,0.5753521566974187,0.2110811672425437,2.7257389383123316,0.006415772078321816,0.9981171756121147
H2-T23,182.4383423608273,-0.06921401392806385,0.19413401305095165,-0.3565269827801799,0.7214459485762289,0.9981171756121147
H2afv,40.61885802515289,-0.2530489342315442,0.32146758015539134,-0.7871678198754135,0.4311836324590904,0.9981171756121147
H2afx,36.46781240152766,-0.11659881235872166,0.3519365352025118,-0.33130635980043455,0.7404130879020221,0.9981171756121147
H2afy,172.98840373781547,-0.12378252158238157,0.2088487231193521,-0.5926898653416367,0.553388725169683,0.9981171756121147
H2afz,121.94166106023391,0.1275146771586013,0.24480195232767585,0.520889134854278,0.6024440047367314,0.9981171756121147
Hace1,97.60455315219616,0.02916539602668282,0.23597143617657657,0.12359714590565299,0.9016342523968464,0.9981171756121147
Hacl1,45.41416926574294,-0.20356367227732008,0.33288262557155884,-0.611517864375774,0.5408567953652443,0.9981171756121147
Hadh,272.20605101417055,-0.08539996006368535,0.18147816203771033,-0.4705798158014165,0.6379408242510396,0.9981171756121147
Hadhb,262.4474998548721,0.05449301411121383,0.20778966732983467,0.2622508366824343,0.7931280624457654,0.9981171756121147
Hal,0.13572232361267328,-0.46032403864503774,4.433790464391391,-0.10382178462017705,0.9173107782646794,0.9981171756121147
Hamp,0.5452957581474678,-0.39300533814736865,2.8710709170229753,-0.13688458052958072,0.8911220270567286,0.9981171756121147
Hand1,0.0,,,,,
Hand2,0.14583914317023747,1.4685041306821252,4.434566981015867,0.33114938549100936,0.740531649762339,0.9981171756121147
Hao1,0.29230233483595164,0.5094768886628668,3.582136449186346,0.14222710270531164,0.8869006245356488,0.9981171756121147
Hap1,44.7120627808719,0.29619368385039946,0.33843769693201825,0.8751793506912313,0.3814763268583351,0.9981171756121147
Hapln1,35.802658171085014,0.27546083550191214,0.34704753189424364,0.7937265365306034,0.4273546482207594,0.9981171756121147
Has2,0.4926936492573966,1.151373107677119,2.969941220369664,0.3876753855531893,0.698256273445202,0.9981171756121147
Haspin,0.14583914317023747,1.4685041306821252,4.434566981015867,0.33114938549100936,0.740531649762339,0.9981171756121147
Hat1,154.26308000160392,0.10682879283029693,0.2088417588515055,0.5115298464147504,0.6089800946701506,0.9981171756121147
Havcr1,0.2010153629169217,-0.46032403864503774,4.433790464391391,-0.10382178462017705,0.9173107782646794,0.9981171756121147
Havcr2,6.075908568169507,-0.09079193344275582,0.7953034279588899,-0.11416011832838341,0.909110866128197,0.9981171756121147
Hba-x,0.0,,,,,
Hbegf,16.212043648118325,-0.22603297091633048,0.5024229003156455,-0.4498858845293994,0.652792726096376,0.9981171756121147
Hc,0.0,,,,,
Hcar2,0.5261726835609745,0.3948918696081895,2.6047178950418095,0.15160638714844432,0.879497395429114,0.9981171756121147
Hcfc1,239.49713993547164,0.013658255984498838,0.1813852724757001,0.07529969659652833,0.9399762628797136,0.9981171756121147
Hck,2.2114856890853773,0.6155854115700109,1.272931379084422,0.4835966978933156,0.6286721187181366,0.9981171756121147
Hcn1,14.229450907328916,-0.36328851767900694,0.5197507143501786,-0.6989668463144116,0.4845727503030717,0.9981171756121147
Hcn2,476.3902057582286,-0.015657104132815597,0.28865510645451264,-0.054241562968098414,0.9567427069468637,0.9981171756121147
Hcn3,3.8135169164447373,0.8727182774513167,0.9724335074605434,0.8974580480370041,0.36947454964510484,0.9981171756121147
Hcn4,4.974039406526926,0.2197700718496899,0.8248770286360462,0.26642767857541744,0.789909850906521,0.9981171756121147
Hcrt,0.4095734345347945,0.502544893843937,3.2344305285202872,0.1553735315730665,0.8765268494907043,0.9981171756121147
Hcrtr1,0.09877207360782624,-0.45211653757778947,4.435042509789109,-0.10194187239014495,0.9188028137063071,0.9981171756121147
Hcrtr2,1.7802388403045406,0.06845252499462572,1.4312507368993415,0.047827067074858676,0.9618540648288035,0.9981171756121147
Hdac1,72.59368822523987,-0.24757867679304335,0.2627743177936228,-0.942172274946162,0.3461044460610673,0.9981171756121147
Hdac2,121.30726038490961,0.09007066646483128,0.21668373429691906,0.4156780238123853,0.6776456243597154,0.9981171756121147
Hdac3,214.85639716069576,0.011676315676659204,0.19025229800377744,0.061372797065648965,0.9510623163062236,0.9981171756121147
Hdac4,100.50921031134108,0.16526276726973688,0.24502858842193567,0.6744632058409314,0.5000168704994289,0.9981171756121147
Hdac5,149.3288687083157,-0.02132047884419915,0.20778721061708488,-0.1026072720302744,0.9182746710615257,0.9981171756121147
Hdac6,86.17773251958602,0.09458237100101721,0.2401671662567061,0.39381890736855135,0.6937147441163669,0.9981171756121147
Hdac8,30.35162113688251,-0.16814983505773645,0.3902397444406791,-0.4308885433971914,0.666549414100832,0.9981171756121147
Hdac9,18.645405379634525,-0.05338354501565945,0.47725704970869653,-0.11185491141145672,0.91093844765126,0.9981171756121147
Hdc,0.6541846513128582,0.6380051582117355,2.305699605027195,0.27670784035382195,0.7820044511314412,0.9981171756121147
Hdgfl2,177.61607177092426,0.39723430053879966,0.2489488319599116,1.5956463720334568,0.11056776809539888,0.9981171756121147
Hecw2,191.05674349972415,0.18522566718434738,0.22341742084122182,0.8290565099486287,0.40707243136138993,0.9981171756121147
Hells,9.660994101431294,0.2484666790036955,0.6222774720212834,0.3992859940704994,0.6896824859677824,0.9981171756121147
Herc6,20.65248996237528,0.1427359848546236,0.43527537552221124,0.32792111128128837,0.7429713110529743,0.9981171756121147
Hes1,7.116055154119032,-0.24927407667638235,0.7388322536723939,-0.33738927264931384,0.7358234702743041,0.9981171756121147
Hes2,0.0,,,,,
Hes5,13.662930513409401,0.13720358647389086,0.5398947504393232,0.25413024735329537,0.7993949362462143,0.9981171756121147
Hes6,15.7703939593189,-0.015505920633776387,0.5267626500763106,-0.029436256787625483,0.9765166565899069,0.9981171756121147
Hesx1,0.0,,,,,
Hexa,94.90103205853107,0.21480153224976964,0.2464748286990744,0.8714948028710257,0.3834840423375748,0.9981171756121147
Hexb,299.83063400963266,0.0326085192053506,0.18424268858684695,0.17698677464739582,0.8595187778863387,0.9981171756121147
Hey1,84.55241935411996,0.05185146731991826,0.2565987824312051,0.20207214870093856,0.839860320825978,0.9981171756121147
Hey2,5.948470387651653,0.4835663621113796,0.761717580848955,0.6348368138916154,0.5255348505094617,0.9981171756121147
Heyl,2.2081821205439467,-0.275218081610258,1.273301863150343,-0.21614519665378212,0.8288745704455679,0.9981171756121147
Hfe,3.6317981682657994,0.5507300047764926,1.0153732349988729,0.5423916898667355,0.5875487032115766,0.9981171756121147
Hfm1,2.2301967221013177,-1.5662888170483327,1.3730735926007658,-1.1407173115037441,0.2539875801569369,0.9981171756121147
Hgf,3.3892448821224748,-0.015370292947566458,1.021099527544285,-0.015052688335417773,0.9879901459192862,0.9981171756121147
Hgs,145.65516352197616,-0.04167010196992607,0.21857383761614194,-0.19064542410197716,0.8488033995409993,0.9981171756121147
Hhex,5.03456387820271,-1.018052480022876,0.8683517667335263,-1.1723963939780742,0.2410379466027539,0.9981171756121147
Hibadh,237.65324134171337,-0.2160776973371313,0.1835126377422021,-1.1774540434685292,0.23901433008523354,0.9981171756121147
Hic1,3.8861499884990116,0.05202815139764765,1.080864001111056,0.04813570564304685,0.9616080901874418,0.9981171756121147
Hif1a,344.80310924381314,-0.03977781150492273,0.17334819967773057,-0.2294676932259646,0.818505427813873,0.9981171756121147
Hif1an,60.13395784598408,-0.07188444984452214,0.2826747272592914,-0.2543009434960349,0.7992630709531319,0.9981171756121147
Hif3a,5.746107411546088,0.33602796350442976,0.8160005836157622,0.4117986803581239,0.6804869887108502,0.9981171756121147
Hikeshi,16.43213327711935,0.37213363518713355,0.4843184882705596,0.768365536727652,0.4422700490817655,0.9981171756121147
Hip1r,189.50804079242334,-0.21456475421856613,0.2170588648857953,-0.9885095194405379,0.32290317464183427,0.9981171756121147
Hipk2,536.0739234810525,-0.07713399637881439,0.1722738794117088,-0.44774052016600663,0.6543404745328867,0.9981171756121147
Hira,41.33232244945207,0.09154680870137837,0.32250131581331426,0.28386491531207236,0.776513904462143,0.9981171756121147
Hist1h2ba,0.2010153629169217,-0.46032403864503774,4.433790464391391,-0.10382178462017705,0.9173107782646794,0.9981171756121147
Hist1h2bc,376.39471202007326,-0.26745872357628653,0.19409238772899134,-1.3779969771392357,0.168204221443501,0.9981171756121147
Hist1h4h,25.142572356306903,-0.33478236985365334,0.4039152540634339,-0.8288430963814913,0.4071931981925869,0.9981171756121147
Hist2h2bb,113.83513571065055,0.005158895797729702,0.23628057328056543,0.02183377044546062,0.9825805556825853,0.9981171756121147
Hist2h2be,22.32311290683892,0.45360949528215266,0.4368974405699247,1.038251665403275,0.29915290493401514,0.9981171756121147
Hivep2,232.77345799188467,-0.058620965520277485,0.1929306382876419,-0.3038447705380988,0.7612461562503219,0.9981171756121147
Hjv,0.0,,,,,
Hk1,132.69966700494086,-0.011736664778029142,0.22336255053508627,-0.05254535619293764,0.9580941562119308,0.9981171756121147
Hk2,12.811144131220905,0.6092549468966287,0.5601595278400769,1.0876454235204374,0.276751669766772,0.9981171756121147
Hkdc1,1.074666601060532,-0.9410234319556359,1.8261713434392464,-0.5152985426785842,0.6063444171640406,0.9981171756121147
Hlf,118.45610239060426,-0.2528561275733781,0.24750965130063005,-1.0216010819968153,0.3069697453703082,0.9981171756121147
Hmcn1,0.8659408822828207,0.12593946295362202,2.070977005732835,0.060811618190351246,0.9515092374696409,0.9981171756121147
Hmcn2,1.2018390709799143,0.830156776010587,1.787990395163491,0.4642959930076575,0.6424356944230133,0.9981171756121147
Hmga1,35.5392751824291,0.3728025450334837,0.3751684662022712,0.9936937099411977,0.32037200595312,0.9981171756121147
Hmga1b,7.327562359719937,-0.10975286020298132,0.6963210858767553,-0.15761817705805756,0.8747576793989166,0.9981171756121147
Hmga2,5.217707705936193,-0.5393758048268802,0.8358632315775301,-0.6452919382623312,0.5187380160401521,0.9981171756121147
Hmgcr,260.72135509293156,-0.2796213517536357,0.20564302292789224,-1.3597414965626313,0.17391174157889555,0.9981171756121147
Hmox1,17.97422584752529,1.0287269617696575,0.5524544724193117,1.8621026946612467,0.06258861627234544,0.9981171756121147
Hmx2,0.6937090121743182,-0.1071233695350434,2.553680266143678,-0.04194862252540753,0.9665396553162481,0.9981171756121147
Hmx3,0.24461121677806372,0.5095569421313735,3.7994315150776345,0.13411399576732771,0.8933124326044014,0.9981171756121147
Hnf1a,0.14583914317023747,1.4685041306821252,4.434566981015867,0.33114938549100936,0.740531649762339,0.9981171756121147
Hnf1b,0.0,,,,,
Hnf4a,0.4355097601374212,-1.9708017347970357,3.0928789392644394,-0.6372062319599678,0.5239905188969805,0.9981171756121147
Hnrnpa1,1166.6313100219447,0.09584055899528945,0.14935262758477494,0.6417065474183828,0.5210637372434139,0.9981171756121147
Hnrnpdl,268.2962575201462,-0.08294431121734154,0.179888849014204,-0.4610864523947912,0.6447365810574611,0.9981171756121147
Hnrnph1,622.5906492579414,0.13759288858827087,0.17202256329344456,0.799853728220281,0.4237955495231296,0.9981171756121147
Hnrnpk,232.02921771111974,0.051369672937821326,0.1823021264783841,0.2817831800986278,0.7781097688787442,0.9981171756121147
Hnrnpm,522.3618265595057,0.17034238768393978,0.1739914356721573,0.9790274275620483,0.3275664276555168,0.9981171756121147
Homer1,281.28325659121725,-0.08995229170212762,0.19012963545789094,-0.4731103148938076,0.636134478088739,0.9981171756121147
Homer3,56.73798578472759,-0.27290196807873857,0.2976261534576299,-0.9169287205050309,0.3591799928343755,0.9981171756121147
Hopx,103.31737733884341,0.07186305017123176,0.2512621119537466,0.286008302694123,0.774871762437345,0.9981171756121147
Hoxa1,0.09877207360782624,-0.45211653757778947,4.435042509789109,-0.10194187239014495,0.9188028137063071,0.9981171756121147
Hoxa10,0.14583914317023747,1.4685041306821252,4.434566981015867,0.33114938549100936,0.740531649762339,0.9981171756121147
Hoxa11,0.0,,,,,
Hoxa13,0.09877207360782624,-0.45211653757778947,4.435042509789109,-0.10194187239014495,0.9188028137063071,0.9981171756121147
Hoxa2,0.14583914317023747,1.4685041306821252,4.434566981015867,0.33114938549100936,0.740531649762339,0.9981171756121147
Hoxa3,0.2010153629169217,-0.46032403864503774,4.433790464391391,-0.10382178462017705,0.9173107782646794,0.9981171756121147
Hoxa4,0.0,,,,,
Hoxa5,0.2010153629169217,-0.46032403864503774,4.433790464391391,-0.10382178462017705,0.9173107782646794,0.9981171756121147
Hoxa7,0.0,,,,,
Hoxa9,1.8985391263227995,0.7527146990436198,1.5224243564414377,0.4944184555763668,0.6210106826887244,0.9981171756121147
Hoxb1,0.0,,,,,
Hoxb13,0.0,,,,,
Hoxb2,0.0,,,,,
Hoxb3,0.2344943972204995,-1.2123042177937502,3.9780828204562106,-0.3047458468083683,0.7605597286868574,0.9981171756121147
Hoxb4,0.29167828634047493,2.0902489199145853,4.023094876336202,0.5195624225044766,0.6033685947468979,0.9981171756121147
Hoxb5,0.0,,,,,
Hoxb6,0.09877207360782624,-0.45211653757778947,4.435042509789109,-0.10194187239014495,0.9188028137063071,0.9981171756121147
Hoxb7,0.5554125777050319,1.4258276061704587,2.6776449184211204,0.532493160822534,0.5943844773758302,0.9981171756121147
Hoxb8,1.0235856455105938,-0.6160880270088048,1.9548599079531017,-0.3151571243045746,0.7526423577651743,0.9981171756121147
Hoxb9,0.0,,,,,
Hoxc10,0.0,,,,,
Hoxc11,0.0,,,,,
Hoxc12,0.3468545060871591,0.5022934414257615,3.404314214859431,0.1475461457797608,0.8827009591994037,0.9981171756121147
Hoxc5,0.0,,,,,
Hoxc6,0.8101406140406597,2.273082261784685,2.360606189198632,0.9629231136415604,0.3355861092729304,0.9981171756121147
Hoxc8,0.0,,,,,
Hoxd1,2.0651482353939676,-0.41625229604171415,1.383588650393034,-0.3008497474473139,0.763529071664508,0.9981171756121147
Hoxd10,0.0,,,,,
Hoxd11,0.0,,,,,
Hoxd12,0.14583914317023747,1.4685041306821252,4.434566981015867,0.33114938549100936,0.740531649762339,0.9981171756121147
Hoxd13,0.27385111092212117,1.468507008457143,4.1863062795273285,0.3507882391784651,0.7257472210175899,0.9981171756121147
Hoxd3,0.0,,,,,
Hoxd4,0.0,,,,,
Hoxd9,0.0,,,,,
Hpcal4,681.0239426840889,-0.06558546624696678,0.18682213391149174,-0.3510583295127029,0.7255445890141048,0.9981171756121147
Hpd,0.0,,,,,
Hpgds,11.435164026201925,0.42268195481713766,0.5788856975209931,0.7301647918185252,0.4652894608674254,0.9981171756121147
Hprt,110.77670490081846,0.13974917182910587,0.2308553207555844,0.6053539133155341,0.5449438661041781,0.9981171756121147
Hps4,25.284389261413704,-0.07606302716071917,0.3963416625760287,-0.19191277209250818,0.8478105327213218,0.9981171756121147
Hps5,88.80371222479543,0.05405564365109309,0.25025875311981344,0.2159990129304828,0.8289885169727618,0.9981171756121147
Hps6,12.688488748551622,0.2297212670965369,0.5504020540007722,0.4173699306293188,0.6764078453853208,0.9981171756121147
Hpse,0.0,,,,,
Hpse2,0.29978743652474793,-1.402084615240994,3.6862814707163842,-0.380352023137429,0.7036841231276579,0.9981171756121147
Hr,56.25133520816221,-0.5615533820939225,0.30063694260451207,-1.8678788349462625,0.06177896163437239,0.9981171756121147
Hras,16.053514553431995,-0.5633689951208127,0.5221875078737057,-1.078863409457637,0.2806486225602658,0.9981171756121147
Hrg,0.19353026122812536,1.4685041306821252,4.434566981015867,0.33114938549100936,0.740531649762339,0.9981171756121147
Hrh1,11.257038328359952,-0.16356178944092967,0.5908395329949214,-0.27682946097368805,0.7819110582870099,0.9981171756121147
Hrh3,85.61747293368352,0.14100312246620877,0.32318800292648986,0.43628823220359564,0.6626276187785443,0.9981171756121147
Hs3st2,19.268473752227745,0.09521225017024453,0.4684934749448385,0.2032306857239688,0.8389547295297297,0.9981171756121147
Hsd17b3,0.27144464722534656,-1.3554418184190844,4.1182740685403,-0.3291286096700973,0.7420584804245125,0.9981171756121147
Hsd17b4,387.6351612761708,-0.017563980390733286,0.18060796776724286,-0.09724920006502001,0.922528497172342,0.9981171756121147
Hsd17b7,24.11571599066718,0.02295514934200128,0.43977588784251115,0.052197380476261546,0.9583714201672882,0.9981171756121147
Hsf1,86.42679638291192,0.29494965255833494,0.26324295302815975,1.120446527306596,0.26252352728051154,0.9981171756121147
Hsf2,54.49334259079446,0.11077094811977427,0.28783061627435624,0.3848476911649625,0.7003502628480023,0.9981171756121147
Hspa1a,28.182079521870225,1.0481420019548553,0.4711072151079299,2.2248481202197836,0.026091435767518455,0.9981171756121147
Hspa1b,14.084094651483744,0.6386430500904302,0.5834418552839248,1.0946130180866822,0.2736862098966072,0.9981171756121147
Hspa5,535.1691425500536,0.014063257612194192,0.18582532002567811,0.0756799859688167,0.9396736992043954,0.9981171756121147
Hspa9,549.8951664414425,0.3606798927870542,0.24810299652967255,1.453750651270017,0.14601544971452757,0.9981171756121147
Hspb2,3.024697271744768,-0.685371838218366,1.0973248482188604,-0.6245842690346781,0.5322439468930793,0.9981171756121147
Hspb3,1.4989947896358944,-1.3081070798519152,1.6452737271594402,-0.7950695730797075,0.42657303274896274,0.9981171756121147
Hspd1,489.435940966969,0.1649567379913372,0.16346925106973673,1.009099490649565,0.3129269222491171,0.9981171756121147
Hspg2,18.534764158538234,0.2767961280153767,0.5219690825938286,0.5302921901808622,0.5959093606697329,0.9981171756121147
Hsph1,537.1965263551862,0.08231250219630883,0.180305520000886,0.45651681765430335,0.6480183801193441,0.9981171756121147
Htr1a,5.340018435529878,-1.1654503898992088,0.9619657591737635,-1.2115300142285927,0.22569233870014682,0.9981171756121147
Htr1b,28.23479238084504,0.01230849671172643,0.41788055548922753,0.02945458109989453,0.976502042240993,0.9981171756121147
Htr1d,4.784796087635507,0.12071863720946006,0.869249646533301,0.13887683209409893,0.889547478848621,0.9981171756121147
Htr1f,10.152617097187834,0.5643008487029046,0.6235222681148773,0.9050211637332225,0.3654541752932522,0.9981171756121147
Htr2a,43.72979466138725,0.17993670055894592,0.329512664030423,0.5460691505997258,0.5850184044802031,0.9981171756121147
Htr2b,0.24461121677806372,0.5095569421313735,3.7994315150776345,0.13411399576732771,0.8933124326044014,0.9981171756121147
Htr2c,32.234015460314275,0.02832641910432177,0.38848311616777015,0.0729154445211172,0.9418734037083165,0.9981171756121147
Htr3a,3.3041544584748084,1.9079667201424313,1.1021745260119027,1.7310931028738243,0.08343516031706844,0.9981171756121147
Htr3b,0.13572232361267328,-0.46032403864503774,4.433790464391391,-0.10382178462017705,0.9173107782646794,0.9981171756121147
Htr4,8.631638357586079,0.2675751477960969,0.6977734511440137,0.38346994623742425,0.7013713497325051,0.9981171756121147
Htr7,4.396877929358284,-0.2399717202361448,0.96434885363789,-0.24884326800501744,0.8034820205546613,0.9981171756121147
Htra2,12.972326050315603,0.7940515401542879,0.5563887813601265,1.4271523200255407,0.15353599441409166,0.9981171756121147
Htt,143.42945925880406,0.23804372274742486,0.21629104258455278,1.1005713408328894,0.2710832644262904,0.9981171756121147
Huwe1,138.50281659110053,0.018043068992123316,0.20565579820930305,0.08773430727083249,0.9300878514899421,0.9981171756121147
Ibsp,0.5377530494465167,-2.2300988137131097,3.1138112369834805,-0.7161958911399937,0.47387039983669377,0.9981171756121147
Icam1,1.5564039329278632,0.22568187975014625,1.4901186532968247,0.15145228821264306,0.8796189450902261,0.9981171756121147
Ick,93.77720531553122,-0.35274535387752265,0.2406670715267885,-1.4656984507257729,0.1427304564347076,0.9981171756121147
Icos,0.2010153629169217,-0.46032403864503774,4.433790464391391,-0.10382178462017705,0.9173107782646794,0.9981171756121147
Icosl,4.886192998717655,1.7937706604911752,0.9286272987108236,1.931636796572097,0.05340435081034545,0.9981171756121147
Id1,13.340450281154164,0.1413435207868401,0.5403963714748546,0.2615552735875781,0.7936643302920022,0.9981171756121147
Id2,149.24293414251096,-0.29847814395402716,0.23478153339458005,-1.2713016208663945,0.2036213659407723,0.9981171756121147
Id4,460.1941319179237,0.04816422246406621,0.21129485501734935,0.2279479188459722,0.8196867293360182,0.9981171756121147
Idh1,209.91860090803831,-0.19869736680514358,0.20606355495875034,-0.9642528337673233,0.3349191816572099,0.9981171756121147
Idh2,206.5893161880931,0.2695478993675482,0.23086225428395565,1.1675702474775718,0.24298015726936362,0.9981171756121147
Idi1,81.27332746791272,-0.7818267133177528,0.28985104860484184,-2.697339606259726,0.006989594739221818,0.9981171756121147
Ido1,26.77574499552708,-0.21771212772054438,0.45889096783473843,-0.47443105874977604,0.6351925493307553,0.9981171756121147
Ido2,1.3268205265395467,0.3184371326924111,1.5947002937852994,0.19968462659309166,0.8417272378298114,0.9981171756121147
Idua,32.056090816377605,0.10930300892272585,0.38284464276823305,0.28550225525526246,0.7752593768312896,0.9981171756121147
Ifi204,0.2815614667829107,0.5020161678893961,3.624618577878668,0.13850179187218215,0.8898438535561748,0.9981171756121147
Ifi208,0.2010153629169217,-0.46032403864503774,4.433790464391391,-0.10382178462017705,0.9173107782646794,0.9981171756121147
Ifi209,0.09877207360782624,-0.45211653757778947,4.435042509789109,-0.10194187239014495,0.9188028137063071,0.9981171756121147
Ifi27,84.5104041355059,-0.03271349968150818,0.2572298479631534,-0.12717614204007224,0.8988009879306166,0.9981171756121147
Ifi44,0.4456265796949854,-0.41920576832084416,2.846245931408079,-0.14728374793440885,0.8829080598494075,0.9981171756121147
Ifih1,7.527524765120378,-0.14086538956591535,0.6963588369510969,-0.20228850714765595,0.8396911842194927,0.9981171756121147
Ifit1,0.9253562421890255,-1.8144313726907666,2.15070801406724,-0.8436437493248863,0.39886850926433837,0.9981171756121147
Ifit3,13.933445490513023,0.17931494914355672,0.5337617663641142,0.3359456604863566,0.7369118439027997,0.9981171756121147
Ifnar1,82.34355955170498,0.006353939783217569,0.26957436096354787,0.023570267441259948,0.9811953887045732,0.9981171756121147
Ifnar2,10.296081881011864,0.33660094200298596,0.6380921103412615,0.5275115246652503,0.5978384154293197,0.9981171756121147
Ifnb1,0.13572232361267328,-0.46032403864503774,4.433790464391391,-0.10382178462017705,0.9173107782646794,0.9981171756121147
Ifng,0.29978743652474793,-1.402084615240994,3.6862814707163842,-0.380352023137429,0.7036841231276579,0.9981171756121147
Ifngr1,101.74970820579438,0.2362651631487225,0.23588758439013388,1.0016006724540625,0.31653649608164447,0.9981171756121147
Ifngr2,13.588805769982677,0.25036576067513433,0.5260892720913362,0.47589976446367727,0.6341457900001132,0.9981171756121147
Ifnlr1,0.0,,,,,
Ift122,68.71547307947304,0.2989051069620277,0.27279578271767563,1.0957101461915686,0.2732056410771715,0.9981171756121147
Ift27,107.17253975571568,-0.25276550343672066,0.2521969975482241,-1.0022542135474384,0.31622083006037105,0.9981171756121147
Ift88,42.21208722267773,0.055316490072969085,0.32681229176483295,0.16926073916697612,0.8655915559635792,0.9981171756121147
Igdcc4,33.961180384206415,0.25320145309172154,0.36776197058419674,0.6884927571208799,0.49114252979314066,0.9981171756121147
Igf1,1.7243152846676262,0.39183573032847074,1.5615314364588078,0.25093041432266233,0.8018679093053034,0.9981171756121147
Igf1r,132.28969794521814,0.2631122687390231,0.2547662178669443,1.0327596450658056,0.30171639323406585,0.9981171756121147
Igf2,32.893395286442,-1.0749180254578614,0.47316027831693214,-2.271784160076641,0.023099550035025493,0.9981171756121147
Igf2bp1,0.2815614667829107,0.5020161678893961,3.624618577878668,0.13850179187218215,0.8898438535561748,0.9981171756121147
Igf2r,41.736525495840795,0.41931816172632713,0.3337312905476751,1.2564544398524882,0.2089512544102955,0.9981171756121147
Igfbp1,0.0,,,,,
Igfbp2,4.081756050062577,-0.37684314313967987,1.0509269340088956,-0.35858167770252436,0.7199080555343134,0.9981171756121147
Igfbp3,7.949348426560332,0.04313794845162464,0.6904064264556234,0.062481962505888375,0.9501790257060421,0.9981171756121147
Igfn1,0.8219462340981952,0.7567934164921966,2.098609891844602,0.3606165297481766,0.7183861307323272,0.9981171756121147
Igha,0.2815614667829107,0.5020161678893961,3.624618577878668,0.13850179187218215,0.8898438535561748,0.9981171756121147
Ighd,1.1904741544313968,1.2768852126578387,1.8014921605990684,0.7087930997341799,0.4784528804319681,0.9981171756121147
Ighm,35.773130315012445,-0.3399079868915262,0.34956246082600084,-0.9723812622452033,0.33086091021963926,0.9981171756121147
Igkc,0.4933176977528733,-0.41547222578760745,2.7673254121390505,-0.15013493677509407,0.8806581567997208,0.9981171756121147
Igll1,0.19353026122812536,1.4685041306821252,4.434566981015867,0.33114938549100936,0.740531649762339,0.9981171756121147
Igsf11,702.3815758266883,0.14968354059805122,0.16590686171641236,0.9022142848673013,0.36694304795904753,0.9981171756121147
Igsf21,33.27079089215892,-0.2503591057713173,0.3533195189621102,-0.7085912108868394,0.47857819205838925,0.9981171756121147
Igsf5,3.190434499927399,-0.10606564530147633,1.205807052975465,-0.08796236930257405,0.9299065851137737,0.9981171756121147
Igsf8,87.39674019780979,-0.3056583659357615,0.24285262763622503,-1.2586166718097644,0.2081688222643141,0.9981171756121147
Igsf9b,49.00664259389629,-0.18195490190313893,0.3082638389921541,-0.5902570424673458,0.5550183345196111,0.9981171756121147
Igtp,1.275514316817615,0.32634071093345307,1.6947570521316035,0.19255899276123006,0.8473043628377349,0.9981171756121147
Ihh,0.19353026122812536,1.4685041306821252,4.434566981015867,0.33114938549100936,0.740531649762339,0.9981171756121147
Ikbkb,113.12452536332808,0.14460995050792352,0.24121641072466318,0.5995029528608182,0.5488375415576139,0.9981171756121147
Ikbkg,99.68359794148863,0.17206137349378853,0.23727082056180174,0.7251687042106041,0.46834853970647916,0.9981171756121147
Ikzf1,6.329793194829318,0.1521096517708771,0.7567996286165899,0.20099065329739865,0.8407058825283993,0.9981171756121147
Ikzf2,119.41465958514688,0.45569962964426214,0.29043685251498036,1.5690144886856525,0.11664456303884302,0.9981171756121147
Il10,0.29230233483595164,0.5094768886628668,3.582136449186346,0.14222710270531164,0.8869006245356488,0.9981171756121147
Il10ra,5.337922046626416,-0.5186292121078114,0.8688344638175215,-0.5969252299558152,0.5505573017090281,0.9981171756121147
Il11,4.979797240942317,1.2353408419229621,0.9223568212178876,1.3393307378502473,0.1804630263990945,0.9981171756121147
Il11ra1,60.981412933335754,0.11200276715966803,0.32398002837142603,0.34570886274280693,0.7295615229995416,0.9981171756121147
Il12a,0.7746539103637908,-1.1399344216997571,2.422966070815001,-0.47047064976701175,0.6380187987334285,0.9981171756121147
Il12b,0.27144464722534656,-1.3554418184190844,4.1182740685403,-0.3291286096700973,0.7420584804245125,0.9981171756121147
Il12rb1,27.441067387380993,0.7093442453979829,0.41725762759035573,1.70001504704519,0.0891280952318509,0.9981171756121147
Il12rb2,0.2010153629169217,-0.46032403864503774,4.433790464391391,-0.10382178462017705,0.9173107782646794,0.9981171756121147
Il13,0.4095734345347945,0.502544893843937,3.2344305285202872,0.1553735315730665,0.8765268494907043,0.9981171756121147
Il13ra1,10.351536540632509,0.5603435761863609,0.6160488683252107,0.9095765043927602,0.3630458942732562,0.9981171756121147
Il13ra2,0.19754414721565247,-1.047741613991868,4.3594515893970955,-0.24033793987760943,0.8100682850102667,0.9981171756121147
Il15,2.9519887144729275,0.28490410687113543,1.0764074963927237,0.2646805302136145,0.7912555773706351,0.9981171756121147
Il15ra,2.200553142892376,0.27092713784680383,1.2717813939602556,0.21302964419313608,0.8313038406199696,0.9981171756121147
Il17a,0.5631229335658214,0.26019861259835164,2.724489405700775,0.09550362429521914,0.9239148116493715,0.9981171756121147
Il17f,0.14583914317023747,1.4685041306821252,4.434566981015867,0.33114938549100936,0.740531649762339,0.9981171756121147
Il17ra,26.250621203200158,0.5225893993076607,0.42421780325839814,1.231889362713386,0.21799041549807885,0.9981171756121147
Il17rb,10.185127990166494,-0.3405543354439115,0.6493719455641899,-0.5244364770763691,0.599974991145352,0.9981171756121147
Il17rc,3.6762600100238263,-0.5064874379214921,1.0573901358144133,-0.47899769514247453,0.6319402683444211,0.9981171756121147
Il18,127.08086215410033,-0.4615052822305251,0.24828530666535797,-1.8587700111168788,0.06305974492396386,0.9981171756121147
Il18r1,0.14583914317023747,1.4685041306821252,4.434566981015867,0.33114938549100936,0.740531649762339,0.9981171756121147
Il18rap,0.19353026122812536,1.4685041306821252,4.434566981015867,0.33114938549100936,0.740531649762339,0.9981171756121147
Il1a,1.3793650284174632,-2.3673864243892315,1.9304401385823948,-1.2263454209606857,0.22006871554707808,0.9981171756121147
Il1f10,0.5083455081426207,-0.2655461774471825,2.7560220922753063,-0.09635125138926368,0.9232416076706145,0.9981171756121147
Il1f5,0.13572232361267328,-0.46032403864503774,4.433790464391391,-0.10382178462017705,0.9173107782646794,0.9981171756121147
Il1r1,2.672577340267027,-1.1675591506422627,1.2339762035963213,-0.9461763907922277,0.34405862586482483,0.9981171756121147
Il1rap,734.7214978121765,0.15601132041963048,0.15664757114936018,0.9959383300675436,0.3192801101149543,0.9981171756121147
Il1rapl2,6.871369904882457,0.6244489023938489,0.7240121267162685,0.8624840376997758,0.38842121322587697,0.9981171756121147
Il1rl1,0.438141478006189,1.284343193551702,2.862034917716106,0.44875175547355073,0.6536107447884214,0.9981171756121147
Il1rn,0.24461121677806372,0.5095569421313735,3.7994315150776345,0.13411399576732771,0.8933124326044014,0.9981171756121147
Il2,0.27385111092212117,1.468507008457143,4.1863062795273285,0.3507882391784651,0.7257472210175899,0.9981171756121147
Il21,0.6935413650144798,3.1058178967557217,2.920968415789213,1.0632836288017733,0.2876533471031245,0.9981171756121147
Il21r,0.7647623449782199,-1.4047308555251725,2.273522776700864,-0.6178653101349592,0.5366641276459116,0.9981171756121147
Il22,0.19754414721565247,-1.047741613991868,4.3594515893970955,-0.24033793987760943,0.8100682850102667,0.9981171756121147
Il22ra1,0.09877207360782624,-0.45211653757778947,4.435042509789109,-0.10194187239014495,0.9188028137063071,0.9981171756121147
Il22ra2,0.33936940439836283,2.2357748292719086,3.5536531379614233,0.6291482996436945,0.5292519722359541,0.9981171756121147
Il23a,0.39045035994830113,1.1487373388080757,3.180510877058833,0.3611801321271904,0.7179647933759628,0.9981171756121147
Il23r,0.14583914317023747,1.4685041306821252,4.434566981015867,0.33114938549100936,0.740531649762339,0.9981171756121147
Il25,0.9758945274527058,-0.7005081897914428,1.9059249205833648,-0.36754238439624975,0.713214482485969,0.9981171756121147
Il27,0.0,,,,,
Il27ra,0.39107440844377783,-0.11142738939079232,3.181156152942921,-0.035027324668645915,0.9720579523032575,0.9981171756121147
Il2ra,0.24461121677806372,0.5095569421313735,3.7994315150776345,0.13411399576732771,0.8933124326044014,0.9981171756121147
Il2rb,2.12500429880919,-1.5892653111276809,1.3724530074411418,-1.1579743004030227,0.24687452425781553,0.9981171756121147
Il2rg,0.29978743652474793,-1.402084615240994,3.6862814707163842,-0.380352023137429,0.7036841231276579,0.9981171756121147
Il3,0.0,,,,,
Il31,0.0,,,,,
Il33,334.19160681428144,-3.547919714727541,1.4252296368059838,-2.489367062755318,,
Il34,54.87285575023926,0.09849014875031194,0.28634324340094774,0.3439583472636811,0.7308776110408429,0.9981171756121147
Il3ra,0.0,,,,,
Il4,0.0,,,,,
Il4ra,2.718616676269077,0.9548570029483607,1.1464418267143306,0.8328874441758232,0.4049082115294039,0.9981171756121147
Il5,0.2815614667829107,0.5020161678893961,3.624618577878668,0.13850179187218215,0.8898438535561748,0.9981171756121147
Il5ra,0.34338329038588994,-0.10621807815370968,3.317924511976791,-0.032013410121385144,0.974461356648966,0.9981171756121147
Il6ra,1.7724471062345322,0.05271342199025332,1.3618801158216405,0.03870635996359387,0.9691245026932024,0.9981171756121147
Il6st,265.9943982510286,-0.026978479805296083,0.17949568211770778,-0.15030155314602178,0.8805267076772431,0.9981171756121147
Il7,0.27385111092212117,1.468507008457143,4.1863062795273285,0.3507882391784651,0.7257472210175899,0.9981171756121147
Il7r,0.8367009881387633,-0.4565079506707305,2.0760031995021397,-0.21989751787483217,0.8259509694526893,0.9981171756121147
Il9,0.0,,,,,
Ilf2,281.41119298652956,0.07715463286937226,0.17730987687713767,0.4351400735720694,0.6634607573156979,0.9981171756121147
Ilk,65.60106344653333,-0.3062044903623638,0.2718327126190832,-1.1264445967967271,0.25997737899582163,0.9981171756121147
Ilkap,149.79126676121263,0.12019650154209946,0.2038281132579846,0.5896954037442672,0.5553948772251588,0.9981171756121147
Immt,432.7296271328244,0.04945363436577105,0.17492035022445615,0.2827208743997631,0.7773908133522727,0.9981171756121147
Impact,534.4246005275703,0.15263546018325183,0.16295973659729043,0.936645231333724,0.34894107728307844,0.9981171756121147
Impad1,155.8214482415287,-0.20930565171650126,0.21918422062384607,-0.9549302916093675,0.33961294994276203,0.9981171756121147
Ina,115.23802278550234,0.2713002582015069,0.24749700806278868,1.0961759106707238,0.2730017994845978,0.9981171756121147
Ing3,94.6908536742103,-0.06741846055145,0.23757577541111294,-0.2837766621398404,0.7765815405150657,0.9981171756121147
Inha,10.343259269427428,-0.13349894348018912,0.5982275425448251,-0.2231574676623754,0.8234129531215454,0.9981171756121147
Inhba,7.964769138281912,-0.10991156229936622,0.6718783862810255,-0.1635884775334828,0.8700551160983974,0.9981171756121147
Inhbb,0.29167828634047493,2.0902489199145853,4.023094876336202,0.5195624225044766,0.6033685947468979,0.9981171756121147
Inka2,32.43886385109844,0.47710129770157234,0.36005835208473647,1.3250666036189902,0.18514906162461775,0.9981171756121147
Ino80d,174.35958076917106,0.045037245609821454,0.20253849721868647,0.22236387762467438,0.8240306293798794,0.9981171756121147
Inpp1,31.35004527649063,-0.03761361409869638,0.36628264233263963,-0.10269013529867892,0.9182089031436164,0.9981171756121147
Inpp4b,26.705623595533933,-0.2752047866376382,0.40548687432440594,-0.6787020839975777,0.49732664544832517,0.9981171756121147
Inpp5b,85.16408091296765,-0.07831534496354975,0.25477023978894464,-0.3073959699077385,0.7585419953454227,0.9981171756121147
Inpp5d,11.606381405567378,0.17018174153081314,0.5837440718206601,0.29153485190869216,0.7706422929103649,0.9981171756121147
Inpp5e,24.066400841056605,-0.03961388418257205,0.443087340069105,-0.08940423388398722,0.9287606587953912,0.9981171756121147
Ins1,0.0,,,,,
Insm1,1.4943568551528905,0.11046351609359224,1.4903452638798282,0.07411941297818578,0.9409153684243103,0.9981171756121147
Insr,119.01294816864821,0.35327193520227124,0.23058110127748166,1.5320940582079328,0.1254992257951762,0.9981171756121147
Insrr,0.39045035994830113,1.1487373388080757,3.180510877058833,0.3611801321271904,0.7179647933759628,0.9981171756121147
Ints11,44.2767004191518,-0.12646752478678916,0.3377352280204772,-0.3744576055273729,0.7080638919563833,0.9981171756121147
Ints4,157.6181116233136,-0.021496407950429508,0.22840395571786531,-0.09411574279818001,0.9250172149457291,0.9981171756121147
Invs,49.5769856335925,0.04178653018806342,0.31363253994377005,0.1332340394129868,0.8940082912561081,0.9981171756121147
Ipmk,64.3725533790633,0.39068502575583774,0.27109664965840097,1.4411281963392972,0.1495484690439322,0.9981171756121147
Ipo9,95.7715913160878,0.3162289568735849,0.23918303498629523,1.3221211817623446,0.1861278014518668,0.9981171756121147
Iqgap1,37.74062069941177,0.315239090787674,0.34996494808214296,0.900773327486734,0.36770885184173396,0.9981171756121147
Iqgap2,4.510092231633815,-0.8199752952355426,0.9492880501906136,-0.8637792238835141,0.38770918307409674,0.9981171756121147
Iqgap3,0.14583914317023747,1.4685041306821252,4.434566981015867,0.33114938549100936,0.740531649762339,0.9981171756121147
Irak1,36.90946336086511,-0.041445347088813075,0.3328406241920647,-0.12452009783786837,0.9009034884445326,0.9981171756121147
Irak2,20.27588235047332,-0.29100567772361546,0.4354239507202372,-0.6683272182025388,0.5039247428492778,0.9981171756121147
Irak3,22.40309191313958,0.1185987990460734,0.45957892120519095,0.2580597011174102,0.7963608322624193,0.9981171756121147
Ireb2,134.17926272027816,-0.04997797411743428,0.210128221123218,-0.23784513022706968,0.8120012140124705,0.9981171756121147
Irf1,12.083084021633434,1.0228487962571382,0.6574931658606097,1.555679738386794,0.11978426696249565,0.9981171756121147
Irf3,156.04561350122233,0.18912466193673647,0.2150253175635902,0.8795460184859673,0.3791052931494142,0.9981171756121147
Irf4,0.48583259606407697,1.4006581316720497,2.963090498668648,0.4727017727947837,0.636425961630994,0.9981171756121147
Irf5,3.4023108356630716,0.2713381643668384,1.020027200915399,0.26601071434500223,0.7902309573764257,0.9981171756121147
Irf7,0.3332664708283257,-1.6657536247670026,3.529127732487606,-0.47200151171429805,0.6369257095614138,0.9981171756121147
Irf8,4.703209002962087,-0.0908595494977545,0.8944769360750443,-0.10157841508630204,0.9190913130785691,0.9981171756121147
Irf9,24.692135285305266,0.17891885308852665,0.3983901213173378,0.4491046426977259,0.6533561714638199,0.9981171756121147
Irgm1,11.83832546312833,0.0015821552041928183,0.5698681719419324,0.002776352991958348,0.9977847936582299,0.9994278384364038
Irgm2,12.288021076738737,0.4944774939587222,0.5455821852748072,0.9063299852975518,0.3647612189825281,0.9981171756121147
Irs1,22.982383336321305,0.2786620997608285,0.41543580447557543,0.6707705420638866,0.5023667162667853,0.9981171756121147
Irs2,390.9447216318718,0.13006392017192672,0.21483880663237906,0.6054023582177372,0.5449116845183983,0.9981171756121147
Irx2,0.34338329038588994,-0.10621807815370968,3.317924511976791,-0.032013410121385144,0.974461356648966,0.9981171756121147
Irx3,0.19353026122812536,1.4685041306821252,4.434566981015867,0.33114938549100936,0.740531649762339,0.9981171756121147
Irx4,0.0,,,,,
Irx5,0.3332664708283257,-1.6657536247670026,3.529127732487606,-0.47200151171429805,0.6369257095614138,0.9981171756121147
Irx6,0.417283790395584,-0.39353692121274025,3.1067027592025807,-0.12667350297578908,0.8991988184278425,0.9981171756121147
Isca1,125.90282613668796,-0.012331312449040998,0.21572359525257268,-0.05716255764513519,0.9544157040381964,0.9981171756121147
Isg15,3.1423075691018933,-0.9355091285105999,1.2117020898787225,-0.7720619914126199,0.4400777123810584,0.9981171756121147
Isg20,4.17914497665356,1.4715719114765338,1.0140910088370687,1.451124108835253,0.14674530435484878,0.9981171756121147
Isl1,14.33892828773446,0.8140483571402444,0.5314282723995256,1.5318122866602892,0.12556876321472296,0.9981171756121147
Isl2,0.0,,,,,
Itch,595.377561271867,-0.16703975469100985,0.1507379420110943,-1.1081467111891161,0.26779846042501265,0.9981171756121147
Itga1,5.179860351086689,-0.6270052412940326,0.8448343944818614,-0.7421634883586578,0.45798828727563723,0.9981171756121147
Itga11,0.13572232361267328,-0.46032403864503774,4.433790464391391,-0.10382178462017705,0.9173107782646794,0.9981171756121147
Itga2,0.39855951013257424,-1.8615688890479165,3.3569000551072468,-0.554549989123356,0.5792025043172966,0.9981171756121147
Itga2b,4.29502754138102,-0.5344329960924271,0.9139365330087001,-0.5847594190518475,0.55870949445644,0.9981171756121147
Itga3,8.141563178950381,-0.21387526571677457,0.7014639147395615,-0.3048984576721696,0.7604434904696584,0.9981171756121147
Itga4,12.852911264573224,-0.21343257276690422,0.5691977936277116,-0.37497083642334267,0.7076821560222213,0.9981171756121147
Itga5,11.146619206233735,-0.17619221330223436,0.6026475335383011,-0.2923636180302006,0.7700086221986315,0.9981171756121147
Itga6,4.456062142100843,-0.7788357404503611,0.9071247221484497,-0.8585762480442085,0.39057434695100735,0.9981171756121147
Itga7,4.443857727719824,-0.23920314593049014,0.9173330701817167,-0.26075931818647485,0.7942781186725619,0.9981171756121147
Itga8,1.6065493168597118,2.1855100880787317,1.6573853020595826,1.3186493722146952,0.18728635967663343,0.9981171756121147
Itga9,8.136273003464652,0.3901425775741521,0.7029019065150965,0.5550455532386195,0.5788635026257094,0.9981171756121147
Itgae,0.5880758853731725,1.3944651982918395,2.8099758350478923,0.4962552278561046,0.619714350241032,0.9981171756121147
Itgal,0.774879164535784,-0.19667312984799806,2.0499499116629623,-0.09594045626629613,0.9235678633066632,0.9981171756121147
Itgam,22.11143194700861,0.18387629847422302,0.411415938898629,0.4469352815218209,0.6549217889133578,0.9981171756121147
Itgav,254.80411125255,0.09570218239134472,0.1849426227949792,0.5174695856748865,0.6048283949381342,0.9981171756121147
Itgax,0.19353026122812536,1.4685041306821252,4.434566981015867,0.33114938549100936,0.740531649762339,0.9981171756121147
Itgb1,395.7329417790081,0.11359665564384898,0.19698475741495544,0.5766773893299447,0.564157409394276,0.9981171756121147
Itgb2,5.7574684247559995,-0.26512315199878733,0.7999354434598768,-0.33143068502137873,0.7403191900998671,0.9981171756121147
Itgb3,16.930962779896806,-0.1583876211684875,0.4915386628424701,-0.322228205310572,0.7472798183361795,0.9981171756121147
Itgb4,166.2885141739631,-0.7095461716444663,0.6466708099391251,-1.0972293178213195,0.27254116012352547,0.9981171756121147
Itgb5,71.79217016094475,-0.21503679568679526,0.2784389627939307,-0.7722941988041429,0.43994020053830774,0.9981171756121147
Itgb6,0.09877207360782624,-0.45211653757778947,4.435042509789109,-0.10194187239014495,0.9188028137063071,0.9981171756121147
Itgb7,1.5020672110136803,-0.2856985408341869,1.519703055170243,-0.18799629300092566,0.850879557128282,0.9981171756121147
Itgb8,274.1067681000084,0.023363308571652492,0.20619543997304102,0.11330662101308896,0.9097874682378831,0.9981171756121147
Itih5,142.85808407265756,-0.05366001413966936,0.26305559412532115,-0.20398735224807815,0.8383633825557247,0.9981171756121147
Itk,1.1359457543772533,0.04069927340509558,1.9925499540257317,0.020425722990215178,0.9837037641499432,0.9981171756121147
Itln1,0.0,,,,,
Itpa,33.80473787801834,0.35359086118443633,0.3493144163578698,1.0122423943195786,0.31142217056975874,0.9981171756121147
Itpkb,21.479899383721417,0.19125586112992532,0.46341853085547513,0.41270654580183735,0.6798216284176456,0.9981171756121147
Itpr1,516.5333735667037,-0.17647188020053112,0.247723166409536,-0.71237536140963,0.47623236851587514,0.9981171756121147
Itpr2,37.152041684313765,-0.2326037053428016,0.33251676226211857,-0.6995247510543339,0.4842241505139835,0.9981171756121147
Itpr3,0.19754414721565247,-1.047741613991868,4.3594515893970955,-0.24033793987760943,0.8100682850102667,0.9981171756121147
Itsn1,123.38657560182561,0.11500099676371593,0.21780835426259648,0.5279916702601186,0.5975051173753358,0.9981171756121147
Itsn2,320.28156737174805,0.16125156828401385,0.17274947618809502,0.9334417205898681,0.3505919478391517,0.9981171756121147
Ivd,224.06269615314696,-0.024928948384266673,0.21620009795321907,-0.11530498191384146,0.9082033897066952,0.9981171756121147
Izumo1r,0.0,,,,,
Jade1,60.0114010006144,-0.030136117656259204,0.28615559584538974,-0.10531374571665475,0.9161268561253948,0.9981171756121147
Jade2,164.83953778080215,0.4021756083244318,0.22973469999466647,1.750608890749933,0.08001330276901175,0.9981171756121147
Jade3,15.060978923659304,0.10739844833834629,0.511425372162743,0.20999827967895685,0.8336690157179857,0.9981171756121147
Jag1,15.270844871154367,0.07399214352973113,0.49934975461822717,0.14817698986615319,0.8822030907661758,0.9981171756121147
Jag2,20.4104192804218,0.12477837626307367,0.43140073821900904,0.28924006198553953,0.7723976763399176,0.9981171756121147
Jak1,171.5329782728918,0.05372597450469283,0.20253568939153171,0.26526670270360353,0.7908040133207007,0.9981171756121147
Jak2,269.42665282676177,-0.12264587707935136,0.20367960892510478,-0.6021509847087815,0.547073639201058,0.9981171756121147
Jak3,5.099829708327548,1.2702871158459432,0.8552657963201978,1.4852541997018762,0.137476499379619,0.9981171756121147
Jam2,46.4301906278215,-0.4217656932816031,0.31679131632300567,-1.3313675961103804,0.18306808619861192,0.9981171756121147
Jam3,360.5356372174776,-0.17926668281193758,0.19460586529344778,-0.9211782108500166,0.3569573922359731,0.9981171756121147
Jaml,0.0,,,,,
Jarid2,83.19357834260987,-0.041514784075188424,0.24998953641909877,-0.16606608688449398,0.868104942280586,0.9981171756121147
Jazf1,6.794981562966768,0.323047805790201,0.7522322186541162,0.4294522326738328,0.6675941489541295,0.9981171756121147
Jchain,0.774879164535784,-0.19667312984799806,2.0499499116629623,-0.09594045626629613,0.9235678633066632,0.9981171756121147
Jmjd6,213.38101813058879,0.18920193635375254,0.18703259191515437,1.0115987508721596,0.3117299433994355,0.9981171756121147
Jph2,1.6884297866672737,-0.35376968594630037,1.431317632491144,-0.2471636469192237,0.8047815781605484,0.9981171756121147
Jpt1,63.56046274677212,0.13535734375543365,0.2809932266881529,0.4817103435224566,0.6300117271887204,0.9981171756121147
Jun,1023.4823450841646,-0.19600423700365402,0.23382704334806864,-0.8382445169607152,0.4018933896925474,0.9981171756121147
Jup,522.2123902163395,-0.31603809376218195,0.18030539324949835,-1.7527933472564678,0.07963748551765078,0.9981171756121147
Kansl2,219.5326209005486,0.05790996447099543,0.19620539214152957,0.29514970938832824,0.7678795175687625,0.9981171756121147
Kat14,120.79885199788788,0.1568722626433216,0.23464722996760587,0.6685451290645048,0.5037856848264763,0.9981171756121147
Kat2a,266.595995599168,0.03336091224491922,0.21778516142059323,0.15318266877003447,0.8782542246826346,0.9981171756121147
Kat2b,152.37904192912518,0.048094484079189356,0.21356058356100577,0.2252029999040093,0.8218213558048462,0.9981171756121147
Kat5,175.35412729357543,0.17717874396503788,0.21494432122300117,0.8243006512426904,0.4097687486666901,0.9981171756121147
Kat6a,127.67003754951354,-0.0597107153517419,0.24813341296820543,-0.24063956013611487,0.8098344864179033,0.9981171756121147
Kat6b,34.007288173986694,-0.16841129166220084,0.3507748080179953,-0.48011227663065553,0.6311475591950879,0.9981171756121147
Kat8,71.02031201911315,0.44836114873363875,0.2778973227298558,1.6134057871780616,0.10665637666930228,0.9981171756121147
Katna1,42.78670099741717,0.3102887268591978,0.31336319431912046,0.99018880482565,0.32208184349121405,0.9981171756121147
Katnal2,7.992786159391135,0.7429891517565448,0.6895300218771061,1.0775298075258666,0.28124364164254545,0.9981171756121147
Kcna10,0.6108140516237094,0.3889914575488506,2.4811385135633466,0.15677942018246746,0.8754186925750571,0.9981171756121147
Kcna4,49.702445977893895,-0.052613220145721354,0.3018170868390476,-0.1743215425499711,0.8616127699315342,0.9981171756121147
Kcnab2,225.1043664823131,-0.020987310048449653,0.2050061832973496,-0.10237403433831445,0.9184597929655721,0.9981171756121147
Kcnab3,17.135029899656008,0.43089460970752486,0.49245545447842326,0.8749920541826476,0.38157822911870454,0.9981171756121147
Kcnc1,54.724528947384066,0.05508199374751228,0.2878977229649545,0.19132486766565132,0.8482710793663706,0.9981171756121147
Kcnc2,22.114266308971427,0.17950374787212284,0.47614963072033795,0.37699020705017133,0.706180882568495,0.9981171756121147
Kcnc4,21.36391121464911,-0.12934096847122198,0.4475935242872496,-0.2889697045487538,0.7726045612712132,0.9981171756121147
Kcnf1,19.170086013797924,-0.05191674839975324,0.48538088910686916,-0.1069608416089131,0.9148200453518663,0.9981171756121147
Kcng1,23.96173019458986,-0.36674384868228505,0.442420981662518,-0.8289476853112722,0.4071340105621387,0.9981171756121147
Kcng2,8.135770311668947,0.4116878306424254,0.9181165885087312,0.4484047405255115,0.6538611211614851,0.9981171756121147
Kcnh1,79.81866377003767,0.28526404344117867,0.2551910159825703,1.1178451652885082,0.2636331279205968,0.9981171756121147
Kcnh2,10.296859610305082,0.39716288814489564,0.5930351044753196,0.6697122736035678,0.5030412260451246,0.9981171756121147
Kcnh5,38.238577573164015,0.28892211801086204,0.3469936503888638,0.8326438183726906,0.4050456385205624,0.9981171756121147
Kcnh8,1.6116279548517334,0.12619719523728865,1.518110237412172,0.08312782044893469,0.9337499048781364,0.9981171756121147
Kcnip3,207.73685683220074,0.30731726249868685,0.2922172067999026,1.0516740812909215,0.29294910640153027,0.9981171756121147
Kcnj10,766.8242739477147,-0.05564082671427289,0.17524698298362282,-0.3174994842534472,0.7508646307511484,0.9981171756121147
Kcnj11,22.037602296828386,-0.06348710748314515,0.4266307158335339,-0.14881044689692957,0.8817032069978885,0.9981171756121147
Kcnj2,53.5891761507419,0.11523698983991204,0.3156009827935895,0.3651350791745783,0.7150105765841464,0.9981171756121147
Kcnj3,22.642110665798867,0.08126220691356399,0.4245821894298906,0.19139334841783903,0.8482174309361574,0.9981171756121147
Kcnj5,1.1807561291973159,-0.46364245513263663,1.8457653596416634,-0.2511925216879398,0.8016652660793347,0.9981171756121147
Kcnj6,3.3262193212936277,-0.4246176218834089,1.0226497372906493,-0.4152131530472662,0.6779858709308242,0.9981171756121147
Kcnj8,1.9374093239912629,0.11243555027333857,1.3176708730177165,0.08532900937230238,0.9319998294862832,0.9981171756121147
Kcnj9,3.462565693401777,-0.737168740119262,1.0107213901606242,-0.7293491038139708,0.46578814254297674,0.9981171756121147
Kcnk10,5.122995330840034,-0.03682916608698903,0.8330940985216654,-0.044207690526607724,0.9647388518945582,0.9981171756121147
Kcnk18,0.6284159728700699,0.10267075242180072,2.4663970836096536,0.0416278275319474,0.9667953893016378,0.9981171756121147
Kcnk2,83.75120362097398,-0.1706983040732017,0.2761569334200469,-0.6181206532068563,0.5364958089799494,0.9981171756121147
Kcnk5,8.372185394272046,0.11853035780017689,0.7132928801594671,0.16617347669820798,0.868020431755052,0.9981171756121147
Kcnma1,94.96451501624828,-0.14733795611078157,0.2355341836554587,-0.6255480789417333,0.5316114034859277,0.9981171756121147
Kcnmb2,1.1908729487548804,0.34140979036026164,1.8144547791765868,0.1881610907466076,0.8507503727352143,0.9981171756121147
Kcnn2,43.99168593456011,0.3910587940374014,0.3459356599317348,1.1304379378366802,0.2582917357891411,0.9981171756121147
Kcnn4,0.4095734345347945,0.502544893843937,3.2344305285202872,0.1553735315730665,0.8765268494907043,0.9981171756121147
Kcnq1,0.8178509699014493,1.303565141215463,2.229101363752717,0.5847940171822857,0.5586862276811593,0.9981171756121147
Kcnq3,151.95852397509,-0.1505274426495975,0.2202586535601844,-0.6834121620945383,0.494346437026428,0.9981171756121147
Kcns2,34.84261286807594,0.08254543124671297,0.37088259442720767,0.2225648560677171,0.8238741911707358,0.9981171756121147
Kcns3,1.5304676073252363,1.2148726695237402,1.5218001370533536,0.7983128927009338,0.42468893811221997,0.9981171756121147
Kcnt2,64.63123303403951,-0.0683146432054309,0.29326930956540276,-0.23294167162144144,0.8158066990938988,0.9981171756121147
Kctd15,10.329615572698875,0.6909427412930189,0.7176834012952964,0.9627403114604361,0.3356778614105168,0.9981171756121147
Kdf1,0.0,,,,,
Kdm1a,95.74031973791902,-0.12100645208590613,0.23227411634077624,-0.5209639971608975,0.6023918519864454,0.9981171756121147
Kdm1b,51.60434412965383,0.02702583143060012,0.29919970046508887,0.09032706713472644,0.928027311600458,0.9981171756121147
Kdm2a,173.11981449385897,0.021422273491597983,0.21123819918580083,0.10141287690468988,0.9192227148826917,0.9981171756121147
Kdm2b,12.406339777856397,-0.2971227935320261,0.5487830598414168,-0.5414212195578456,0.5882172845922223,0.9981171756121147
Kdm4a,312.1844769197993,0.18872661410041486,0.18624092713911364,1.0133466204205723,0.3108946265566318,0.9981171756121147
Kdm4b,137.5734697205792,0.14872069233170257,0.21073309556277975,0.7057301176852736,0.4803559876486817,0.9981171756121147
Kdm4c,165.14321382996306,-0.015567094932979909,0.19697266512882577,-0.07903175256728431,0.9370073671475101,0.9981171756121147
Kdm5a,202.61071031487464,-0.03376134106581682,0.18820570970701836,-0.17938531789696188,0.8576351590200182,0.9981171756121147
Kdm5b,365.3373587213561,-0.042598463217687135,0.17752255993802254,-0.23996084347003163,0.8103606121902474,0.9981171756121147
Kdm5c,170.6960553387087,-0.01653930449401808,0.22792221403650956,-0.07256556612497957,0.9421518287035695,0.9981171756121147
Kdm6a,210.79170542761435,-0.11018979041985576,0.2439866030421772,-0.45162229829810613,0.6515411034136211,0.9981171756121147
Kdm6b,39.451770617735725,-0.1628555262716747,0.35667282673054845,-0.4565963932954874,0.6479611720643019,0.9981171756121147
Kdm7a,89.71176108009242,0.49892232261809033,0.2490207477917628,2.003537163237905,0.04511966280304612,0.9981171756121147
Kdm8,28.087238515861316,0.05727666651718736,0.38243854110053566,0.14976698308795827,0.8809484591818432,0.9981171756121147
Kdr,1210.700941749548,-0.008020341027707314,1.8090043639558573,-0.0044335664343941985,0.9964625373817358,0.9986440189872052
Keap1,68.78095411548054,-0.1445271079459251,0.27059506193284916,-0.5341084457106277,0.593266506819248,0.9981171756121147
Khdrbs1,665.4005183916046,0.22136782169668212,0.1744185444260387,1.269175949295644,0.20437831695581643,0.9981171756121147
Khdrbs2,18.853647483467434,-0.2885186171377413,0.4528177995360801,-0.6371627118751377,0.5240188632882973,0.9981171756121147
Khsrp,231.42354751729894,0.15942794678283964,0.18202997575815819,0.8758334780786479,0.3811205673312652,0.9981171756121147
Kif19a,41.55415716338351,-0.09759012915243359,0.38996850254700566,-0.2502513113624359,0.8023930065588202,0.9981171756121147
Kif1b,2445.4620825388583,-0.15238163157526302,0.14848248840844686,-1.0262599529992409,0.3047690684954093,0.9981171756121147
Kif1c,206.90131529924602,0.049845051575814696,0.1989315620627217,0.25056381731974187,0.8021513590227956,0.9981171756121147
Kif20a,1.0711953853592628,-1.019787252109842,1.826262613770809,-0.5584012093442671,0.5765704472033877,0.9981171756121147
Kif20b,4.564970175504955,0.6488799444136596,0.9099490194700073,0.7130948333694503,0.4757870763892881,0.9981171756121147
Kif21b,214.12188886573904,-0.1558320659836064,0.2102456886943028,-0.741190304311953,0.4585780613498366,0.9981171756121147
Kif24,4.5594336834182405,-0.5525235023943591,0.9853834232039249,-0.5607192990905577,0.5749889086901687,0.9981171756121147
Kif2b,0.0,,,,,
Kif2c,0.13572232361267328,-0.46032403864503774,4.433790464391391,-0.10382178462017705,0.9173107782646794,0.9981171756121147
Kif3a,91.93038567167652,-0.10962299557149631,0.27013859547659036,-0.405802789409246,0.6848875089587154,0.9981171756121147
Kif3b,80.11149557645318,0.19272595038104154,0.2606907304389854,0.7392896174578367,0.45973115251099395,0.9981171756121147
Kif4,2.291216066315929,0.9021554356326253,1.2307911194153798,0.7329882556035545,0.4635655925079323,0.9981171756121147
Kif5a,2012.572685367618,0.02229683781575938,0.21871787002493162,0.10194337487475426,0.9188016211100706,0.9981171756121147
Kif5b,1182.6479173011282,-0.03490561090246863,0.1600789454965535,-0.21805247900774152,0.8273882227084496,0.9981171756121147
Kif5c,809.9177231543332,-0.11861880399112514,0.1926449876159984,-0.6157378162756534,0.5380675743484832,0.9981171756121147
Kifap3,149.6705464867848,-0.037026799836061934,0.2098984944339301,-0.17640336075739163,0.8599770645658094,0.9981171756121147
Kirrel,1.8922923167899883,-0.15669744932885232,1.4149148355999803,-0.11074691238388659,0.9118170440564426,0.9981171756121147
Kiss1,0.0,,,,,
Kiss1r,3.141505089713526,0.855802745062987,1.0670728501449604,0.8020096706112685,0.42254736424779715,0.9981171756121147
Kit,72.28065860585062,0.06360594190385985,0.34693466468991335,0.1833369460521052,0.8545336469001062,0.9981171756121147
Kitl,24.461852531499897,-0.4119377977851271,0.4551261062719851,-0.9051069409297993,0.36540873535684615,0.9981171756121147
Kl,6.455839867749705,2.1620229224325644,0.8346877687745891,2.5902175679495647,0.009591529082265045,0.9981171756121147
Klb,0.24461121677806372,0.5095569421313735,3.7994315150776345,0.13411399576732771,0.8933124326044014,0.9981171756121147
Klc1,934.9046660153067,-0.06563925908929488,0.15534776534286857,-0.42253108015054003,0.6726374199229785,0.9981171756121147
Klc2,174.72640321354402,0.13465620954367943,0.1969713884581947,0.6836333469429695,0.4942067218720413,0.9981171756121147
Klc3,8.386374899805288,0.6044105313629005,0.6685590136131326,0.9040496336986756,0.36596908351800617,0.9981171756121147
Klf1,1.5680419058255601,0.6924854745043514,1.5074400217708763,0.45937845917799697,0.6459624141872713,0.9981171756121147
Klf10,8.041603074448018,-0.3328652496026005,0.6790481343122788,-0.4901938946341664,0.6239967007129466,0.9981171756121147
Klf11,28.785137887119888,0.15320440265894134,0.38371173320250956,0.39926952814363237,0.6896946172871924,0.9981171756121147
Klf12,32.01643108199344,-0.20827003065816282,0.36496561062101623,-0.5706565895449048,0.5682324504911965,0.9981171756121147
Klf15,79.17973317962581,0.7735708518203959,0.295719234857735,2.615896298367424,0.008899358142182477,0.9981171756121147
Klf17,0.27385111092212117,1.468507008457143,4.1863062795273285,0.3507882391784651,0.7257472210175899,0.9981171756121147
Klf4,4.1775424451042085,1.2589283239060862,1.0779152448826395,1.1679288607177598,0.24283546146741242,0.9981171756121147
Klf5,24.079588789696306,-0.020171513113041765,0.460799857271689,-0.04377499861322348,0.9650837561916075,0.9981171756121147
Klhl18,34.52554993900677,0.643002723789935,0.3480678584049018,1.847348751868781,0.06469661152470405,0.9981171756121147
Klhl21,38.28620766922477,-0.06157377328925914,0.3427037744168209,-0.17967054315068237,0.8574112202341391,0.9981171756121147
Klhl22,38.07103293031958,0.13941485392349662,0.3349985846393984,0.41616550133657,0.6772889021452998,0.9981171756121147
Klhl3,61.55211549189179,0.18525488581130778,0.2825194046449997,0.6557244662330014,0.512001423862464,0.9981171756121147
Klhl36,33.83888488708309,0.0498866083845144,0.36962932577945684,0.1349638811241935,0.8926404316767624,0.9981171756121147
Klhl41,1.3051471122935043,-0.400947866673722,1.6549083698196843,-0.24227798589078897,0.8085647704252407,0.9981171756121147
Klk1b4,0.13572232361267328,-0.46032403864503774,4.433790464391391,-0.10382178462017705,0.9173107782646794,0.9981171756121147
Klk5,0.0,,,,,
Klk6,68.63852565237208,-2.374222809980644,1.3297289528273537,-1.785493806788535,,
Klk8,6.465860617596636,-0.2459275652360802,0.762665915564119,-0.3224577894688995,0.7471059104435007,0.9981171756121147
Klra8,0.7540214769251788,-1.4864386552838709,2.4162847360459043,-0.6151752867157256,0.5384389666570683,0.9981171756121147
Klrb1,0.2010153629169217,-0.46032403864503774,4.433790464391391,-0.10382178462017705,0.9173107782646794,0.9981171756121147
Klrb1c,0.4791056139985632,-0.728269443817554,2.7347015770170557,-0.26630673340669664,0.7900029877823641,0.9981171756121147
Klrc1,0.27385111092212117,1.468507008457143,4.1863062795273285,0.3507882391784651,0.7257472210175899,0.9981171756121147
Klrd1,0.14583914317023747,1.4685041306821252,4.434566981015867,0.33114938549100936,0.740531649762339,0.9981171756121147
Klrg1,0.0,,,,,
Klrk1,0.13572232361267328,-0.46032403864503774,4.433790464391391,-0.10382178462017705,0.9173107782646794,0.9981171756121147
Kmt2a,145.34762011006003,0.1217739553423759,0.2144372836005073,0.5678767856863853,0.5701186359609212,0.9981171756121147
Kmt2b,106.71512870329609,0.17992546253143532,0.23544046760797827,0.7642078881317099,0.4447433665655387,0.9981171756121147
Kmt2c,131.6631247253278,-0.08134503485954657,0.21846518657061534,-0.37234781493779606,0.7096339025889296,0.9981171756121147
Kmt2d,125.09000983154328,-0.040777566825751003,0.22172716892550726,-0.18390875156779218,0.8540850391559355,0.9981171756121147
Kmt2e,403.1256083526337,0.052085051586666084,0.1610122270181379,0.3234850703654869,0.746327912391749,0.9981171756121147
Kmt5b,277.7703322772141,0.08383077902049979,0.17293171343653965,0.4847623223906989,0.6278449522414967,0.9981171756121147
Kmt5c,37.02271619330189,0.028421795066834177,0.3683994509803975,0.0771493958288947,0.9385046978747865,0.9981171756121147
Kndc1,371.8104910000561,0.2537002154541898,0.2611234846520663,0.9715718055472199,0.33126361459546316,0.9981171756121147
Knl1,2.355269360705137,-0.6461741150124413,1.2932821841463171,-0.49963892098225604,0.6173293472033657,0.9981171756121147
Knstrn,8.195304797442777,0.928262146211272,0.681184265096696,1.3627181274944782,0.17297136252592682,0.9981171756121147
Kpna2,32.35450657687671,-0.2385798095587516,0.35642507884151314,-0.66936875018505,0.5032602807914127,0.9981171756121147
Kpnb1,782.1093526822375,0.009676290081923156,0.15317303308036043,0.0631722822701213,0.9496293162259857,0.9981171756121147
Kras,129.5551339526405,0.25156770267948136,0.21345093718103236,1.1785738961929284,0.2385678911308664,0.9981171756121147
Kremen1,7.219536995367169,-0.09156739236203455,0.7144384849089229,-0.1281669371068492,0.8980168646021607,0.9981171756121147
Kremen2,1.499138665598669,-1.1695272241715822,1.748384910852482,-0.6689186213585777,0.5035473909096568,0.9981171756121147
Krit1,108.61391022587185,0.29346655626093193,0.23489490879217492,1.2493525626840158,0.21153615071265308,0.9981171756121147
Krt2,0.0,,,,,
Krt20,0.19754414721565247,-1.047741613991868,4.3594515893970955,-0.24033793987760943,0.8100682850102667,0.9981171756121147
Krt28,3.404430534837092,-1.0444795727670344,1.1125336192439341,-0.9388296719310394,0.34781820197435864,0.9981171756121147
Krt40,0.27385111092212117,1.468507008457143,4.1863062795273285,0.3507882391784651,0.7257472210175899,0.9981171756121147
Krt71,0.5403847673152845,1.2822895876280194,2.7123605605263186,0.4727577912352472,0.6363859906844272,0.9981171756121147
Krt76,0.2010153629169217,-0.46032403864503774,4.433790464391391,-0.10382178462017705,0.9173107782646794,0.9981171756121147
Krt78,0.09877207360782624,-0.45211653757778947,4.435042509789109,-0.10194187239014495,0.9188028137063071,0.9981171756121147
Krt79,0.6834245454569157,1.7311198328273485,2.682512397625087,0.6453352589758629,0.5187099481922013,0.9981171756121147
Krt82,0.09877207360782624,-0.45211653757778947,4.435042509789109,-0.10194187239014495,0.9188028137063071,0.9981171756121147
Ksr2,32.0569399922983,0.3274396856274766,0.39527978109797796,0.8283744863396242,0.407458450993054,0.9981171756121147
Kyat1,36.74171158734449,0.36407175623362836,0.34486724279849224,1.0556866847639612,0.29111138245135937,0.9981171756121147
L1cam,46.19511403300624,0.02153585690762128,0.3166085189005532,0.06802045940648141,0.9457693477507878,0.9981171756121147
L3hypdh,1.810021404734856,-0.38265752794601005,1.369631718527046,-0.27938716865986024,0.7799477171165443,0.9981171756121147
L3mbtl2,67.42028345979631,0.19143222235508833,0.262999506395337,0.7278805385563357,0.4666867173984188,0.9981171756121147
Lacc1,3.275186167920875,-0.08431913631392328,1.0417113213597535,-0.0809429009601824,0.9354873618438149,0.9981171756121147
Lag3,7.844036158285551,0.4142770325368721,0.7171662834563243,0.5776582671180495,0.5634948599800675,0.9981171756121147
Lama1,1.546334915547485,0.2011644707203383,1.5465716772620948,0.13007122377700656,0.8965100767761986,0.9981171756121147
Lama2,74.60567374648487,0.009196705294752007,0.3352965307512833,0.027428572774509115,0.9781179090392896,0.9981171756121147
Lama3,2.8121253141393683,-0.5820849107771983,1.1258952474718453,-0.5169973957028842,0.6051579768067559,0.9981171756121147
Lama4,1.8266004831622562,0.46953804590821213,1.515390004563203,0.30984633955240587,0.7566778106423575,0.9981171756121147
Lama5,4.183115481774085,0.8052839214589901,0.9238707279514198,0.8716413423386812,0.383404069424521,0.9981171756121147
Lamb1,5.280448675710904,0.5079911320944493,0.888734312543108,0.5715894220859278,0.5676001633809572,0.9981171756121147
Lamb2,20.460455607179004,-0.49659520757033637,0.45628547926166785,-1.088343219630603,0.2764436174021577,0.9981171756121147
Lamb3,2.802453101429428,-0.08123101500238675,1.1287937378250057,-0.07196267332143882,0.9426316131772059,0.9981171756121147
Lamc1,311.7503278571014,0.3211546324470994,0.22133717753139148,1.4509746443366984,0.1467869207997179,0.9981171756121147
Lamp1,1638.2442097245348,-0.06214689669141941,0.15479790091702875,-0.40147118483686656,0.6880732490462813,0.9981171756121147
Lamp2,531.4019470283376,-0.05442660914430314,0.15836409381200178,-0.3436802360572619,0.7310867761317188,0.9981171756121147
Lamp3,0.2010153629169217,-0.46032403864503774,4.433790464391391,-0.10382178462017705,0.9173107782646794,0.9981171756121147
Lamp5,33.62265026356265,-0.012852093664187459,0.3722672657225477,-0.03452383501740971,0.972459436079467,0.9981171756121147
Lamtor1,177.9892855400819,-0.08118409873561176,0.20520505806510717,-0.39562425751637076,0.6923822392493846,0.9981171756121147
Lamtor2,238.38548076920947,0.24963106535986246,0.18570954581444352,1.34420158245009,0.17888321009753338,0.9981171756121147
Lamtor3,38.92925096046645,-0.0557703751595451,0.3865518938513712,-0.1442765539288465,0.8852820918418277,0.9981171756121147
Lamtor4,198.58927645774972,-0.14368242103285,0.192074235202855,-0.7480567129740383,0.45442595026420207,0.9981171756121147
Lamtor5,45.58548481923034,0.14185214349101885,0.3096962069839908,0.45803642502586944,0.646926272297549,0.9981171756121147
Lancl2,68.7599464196494,-0.12155367798369977,0.2656336411193516,-0.4575989602502365,0.6472405906428702,0.9981171756121147
Laptm4b,496.51267784570973,0.07901316039766207,0.1634528897747088,0.483400204833135,0.6288116027856583,0.9981171756121147
Large1,52.49458277494859,-0.1974192697309521,0.2946703894452545,-0.669966433012197,0.5028791885225172,0.9981171756121147
Large2,0.27385111092212117,1.468507008457143,4.1863062795273285,0.3507882391784651,0.7257472210175899,0.9981171756121147
Lasp1,24.532974978593785,-0.28431241928041123,0.44138039560205333,-0.6441437411206321,0.5194822283502827,0.9981171756121147
Lat,4.513375211607224,-0.08751555123207151,0.9208034484900058,-0.09504259717487513,0.9242809923856234,0.9981171756121147
Lats1,166.8680220835832,0.08890588549638408,0.19911000442593674,0.44651641565029715,0.6552242574928369,0.9981171756121147
Lats2,78.41579943387548,-0.04887220915657081,0.26714128686727606,-0.18294517380554512,0.8548410374180149,0.9981171756121147
Lbh,364.14531871435696,-0.24850775104834275,0.224937055737389,-1.1047879604971456,0.26925147854768117,0.9981171756121147
Lbr,73.46776294228867,0.3035604483337254,0.25553057364759535,1.1879613621200902,0.2348486324729696,0.9981171756121147
Lbx1,0.0,,,,,
Lck,2.4818893555032937,0.0808105664694997,1.2056144052224909,0.06702853426389382,0.9465589872182928,0.9981171756121147
Lcp2,3.969222401044427,-0.13558150852445977,0.9500453232568936,-0.14271056885966937,0.8865187694176753,0.9981171756121147
Ldah,302.07561000024356,-0.24804611593028772,0.18598735236086394,-1.333671955547889,0.18231138961564664,0.9981171756121147
Ldb1,313.36982515196786,-0.03673904485563025,0.16858082991185386,-0.21793133225669883,0.8274826142097568,0.9981171756121147
Ldb2,24.66895641554571,0.22269268003024148,0.3928315818462129,0.5668909790390071,0.5707882534397983,0.9981171756121147
Ldha,253.2951930017458,-0.062498105282026845,0.20067350748931143,-0.31144173470609077,0.7554648306403391,0.9981171756121147
Ldhb,997.3001415223657,-0.10384744306109188,0.19253496555196972,-0.5393692660622779,0.5896320833184047,0.9981171756121147
Ldlr,24.906456882831936,-0.5357084230446005,0.47415581769018866,-1.1298151431617152,0.2585541259455908,0.9981171756121147
Ldlrad4,127.35720710111212,-0.2290929265971526,0.2828641070303415,-0.8099045474602364,0.41799503804610905,0.9981171756121147
Lect2,0.0,,,,,
Lef1,5.5928309688642415,0.618332784280736,0.817859647787567,0.7560377699931998,0.4496265506539767,0.9981171756121147
Lefty1,17.01559308552102,0.053411623408501537,0.5868878882814033,0.09100822231126283,0.9274860577121853,0.9981171756121147
Lefty2,0.14583914317023747,1.4685041306821252,4.434566981015867,0.33114938549100936,0.740531649762339,0.9981171756121147
Leo1,65.29845170699431,-0.16340097431761508,0.27793695331437346,-0.587906618278257,0.5565949739096059,0.9981171756121147
Lep,0.0,,,,,
Lepr,3.5344945317273524,-1.059899374594428,1.0874529511559883,-0.9746622816809958,0.3297278084742351,0.9981171756121147
Leprot,206.9221825485632,-0.12023588239804038,0.18511939983867287,-0.6495044954922233,0.5160123416678717,0.9981171756121147
Letmd1,111.58000545125633,-0.03982215359783001,0.2525056853663134,-0.15770794839751615,0.8746869369649066,0.9981171756121147
Lfng,22.65691493863369,-0.11918259847038153,0.4416652419640174,-0.2698482632239631,0.787276990938933,0.9981171756121147
Lgals1,18.452715014132384,0.854911267859778,0.5109129436452553,1.673301251207628,0.09426800627658669,0.9981171756121147
Lgals9,10.988425429219248,-0.3053574093867924,0.581436589766566,-0.5251774909958569,0.5994598108871316,0.9981171756121147
Lgi3,946.8697651469669,-0.33857341227655824,0.20079402803737043,-1.686172719307893,0.09176253678665011,0.9981171756121147
Lgr4,46.317740969651005,-0.005887932450199481,0.34947720221266193,-0.016847829881093616,0.9865580125744646,0.9981171756121147
Lgr5,1.995217261606715,0.605161340428908,1.2916764093646402,0.4685084716586095,0.6394210141615251,0.9981171756121147
Lgr6,0.9280357622349794,1.3254195347126243,2.0527052456253534,0.6456940359738971,0.5184775237751411,0.9981171756121147
Lhb,0.0,,,,,
Lhcgr,2.3250987856843914,-1.0022451289858503,1.3874345098678482,-0.7223729277725066,0.4700652266859727,0.9981171756121147
Lhfpl5,2.3302183454591523,0.6336484731563775,1.2959972262419113,0.4889273374402272,0.6248931407683052,0.9981171756121147
Lhx1,0.0,,,,,
Lhx2,23.955657657258033,-0.40397806273066383,0.4276826534745684,-0.944574346068693,0.3448762292721599,0.9981171756121147
Lhx3,0.0,,,,,
Lhx4,0.2010153629169217,-0.46032403864503774,4.433790464391391,-0.10382178462017705,0.9173107782646794,0.9981171756121147
Lhx5,0.39107440844377783,-0.11142738939079232,3.181156152942921,-0.035027324668645915,0.9720579523032575,0.9981171756121147
Lhx6,11.80100018149235,0.10680335124387162,0.6820893056087197,0.15658265034452734,0.8755737768816803,0.9981171756121147
Lhx8,12.037780195176724,0.09602354536953474,0.623782617211651,0.15393751399929395,0.8776590047289948,0.9981171756121147
Lhx9,1.4316955337174102,1.5918860584120351,1.593120885861197,0.9992249003449011,0.31768575608418204,0.9981171756121147
Lif,1.074666601060532,-0.9410234319556359,1.8261713434392464,-0.5152985426785842,0.6063444171640406,0.9981171756121147
Lifr,332.2743423189206,0.06823194774615873,0.2007188124752034,0.3399379804251684,0.7339032337697177,0.9981171756121147
Lig4,31.31124392889934,-0.44129994357343433,0.3735432994994707,-1.1813889960407646,0.2374482273985673,0.9981171756121147
Lilra5,1.0010391574000173,0.4254411510331827,1.847780047255274,0.2302444772391285,0.8179018022671222,0.9981171756121147
Lima1,113.43424506536076,0.1778492457373583,0.24831011036699854,0.716238438598009,0.4738441320001465,0.9981171756121147
Limd1,66.1391584346179,0.011859226687251204,0.2767575599443494,0.04285059706999825,0.9658206303730359,0.9981171756121147
Limk1,64.244380711654,-0.22177127835882146,0.26795249833114027,-0.827651467107251,0.40786791201665185,0.9981171756121147
Limk2,110.40846797208492,0.0936029287011,0.23029637207756828,0.406445519990965,0.68441527910139,0.9981171756121147
Lin28a,0.0,,,,,
Lin28b,6.568960555323908,0.7029782231659238,0.7380036321997304,0.9525403297414564,0.34082302273345366,0.9981171756121147
Lin7c,181.28094097990285,0.07580360230657301,0.19654552185425808,0.385679620636601,0.6997339576771536,0.9981171756121147
Lingo1,100.94809860874716,-0.24543635083880064,0.2331097353813595,-1.0528790247102944,0.29239644055017566,0.9981171756121147
Lipe,110.68803911077384,-0.26964610601386124,0.26962035343035534,-1.0000955142413332,0.31726428677005114,0.9981171756121147
Lipg,1.7660267565502306,-0.09416204433148458,1.4136454119653943,-0.06660937992970307,0.9468926782282876,0.9981171756121147
Lipm,0.2010153629169217,-0.46032403864503774,4.433790464391391,-0.10382178462017705,0.9173107782646794,0.9981171756121147
Litaf,604.9672967831293,-0.24934502183834287,0.16705968053988762,-1.492550572541102,0.13555486984474413,0.9981171756121147
Llgl2,3.425913723702229,1.0595987433189968,1.140756677942544,0.9288560512572036,0.3529636916865412,0.9981171756121147
Lmna,96.96826988347568,0.16836974217293602,0.2981454329428309,0.564723532777444,0.5722618252042493,0.9981171756121147
Lmnb1,49.84026137917446,-0.08327949909267222,0.3251364855296733,-0.2561370464376007,0.7978450169557316,0.9981171756121147
Lmnb2,19.392322861714728,-0.08250611916112394,0.4408380761622989,-0.1871574249651441,0.8515372048999883,0.9981171756121147
Lmo2,25.144664095329613,0.04573672604126384,0.4099708042878536,0.11156093449315631,0.9111715483558773,0.9981171756121147
Lmo4,232.9349720684885,0.1892001718856619,0.18454074237903462,1.0252487848838123,0.30524581462606104,0.9981171756121147
Lmx1a,0.27385111092212117,1.468507008457143,4.1863062795273285,0.3507882391784651,0.7257472210175899,0.9981171756121147
Lmx1b,0.0,,,,,
Lnpk,164.3788368107547,0.09364819350727983,0.2127236841539413,0.44023397714149054,0.6597676534762729,0.9981171756121147
Lox,0.5813489033076588,-0.9998427837396973,2.4626858542173813,-0.40599688426660413,0.6847448897357515,0.9981171756121147
Loxl1,1.1067634672453506,1.8069773784080525,1.895680216245391,0.9532079107661816,0.34048473904128607,0.9981171756121147
Lpar1,252.12700808409082,-0.30402334587828916,0.20577889605757335,-1.4774272372091488,0.1395611495073707,0.9981171756121147
Lpar2,1.6073986195271817,1.733644521240515,1.5626739033646486,1.1094090184188419,0.2672537736274978,0.9981171756121147
Lpar5,0.4933176977528733,-0.41547222578760745,2.7673254121390505,-0.15013493677509407,0.8806581567997208,0.9981171756121147
Lpar6,47.25758821910259,0.44087824937672515,0.3645609351653542,1.2093403512275818,0.2265321145448158,0.9981171756121147
Lpin1,105.88076970502635,0.23053128517314123,0.31101660030368006,0.741218587522492,0.4585609150054869,0.9981171756121147
Lpin2,20.289112504686702,0.2288374957407656,0.4506585906794815,0.5077846078463418,0.6116044054152063,0.9981171756121147
Lpin3,2.053816894877482,-0.22466644266958521,1.376152577205634,-0.1632569283311483,0.8703161450625484,0.9981171756121147
Lpl,57.40630049243743,-0.300001917279501,0.3651264690810331,-0.8216383710404767,0.4112827440692356,0.9981171756121147
Lpp,8.517763457802154,-0.06191414219974502,0.6711261178987253,-0.09225410924789552,0.9264961483336402,0.9981171756121147
Lratd2,13.196648471545934,0.2019796326188609,0.5413579373374714,0.3730981272986323,0.7090754124167736,0.9981171756121147
Lrig1,28.92478999964355,0.1060487972043228,0.3796889396006596,0.27930441512428655,0.7800112182877986,0.9981171756121147
Lrp1,337.23143152145184,-0.06197264349862802,0.21530582155039515,-0.2878354289371712,0.7734727161030418,0.9981171756121147
Lrp12,117.52949082019548,0.038975448807732196,0.22481556697510877,0.1733663257048721,0.8623634924730119,0.9981171756121147
Lrp2,0.2010153629169217,-0.46032403864503774,4.433790464391391,-0.10382178462017705,0.9173107782646794,0.9981171756121147
Lrp5,2.5559780912408474,-1.2821478692566752,1.2283593012376717,-1.0437889532523645,0.2965830436173601,0.9981171756121147
Lrp6,146.1866811345606,-0.06415503529265357,0.20283421288494516,-0.3162929684305507,0.7517801477972136,0.9981171756121147
Lrp8,36.46756486077454,0.26686286158670636,0.3624100774626499,0.736356073360596,0.4615140297575713,0.9981171756121147
Lrpprc,169.27399732884473,0.16583573341282423,0.21287462351176203,0.7790300726176563,0.4359620001093897,0.9981171756121147
Lrrc15,0.2010153629169217,-0.46032403864503774,4.433790464391391,-0.10382178462017705,0.9173107782646794,0.9981171756121147
Lrrc52,0.19754414721565247,-1.047741613991868,4.3594515893970955,-0.24033793987760943,0.8100682850102667,0.9981171756121147
Lrrc6,4.431226576191883,-0.3571922151929795,1.035939695771773,-0.3448002008716077,0.7302445820527126,0.9981171756121147
Lrrk1,1.780556256418805,-0.9931216181122746,1.4191106417833703,-0.6998197243199,0.48403989512986667,0.9981171756121147
Lrrk2,78.36223203804451,-0.37005400164559854,0.2812480517661717,-1.3157566757236054,0.18825572484189845,0.9981171756121147
Lrrtm1,44.578300076607555,0.09705199125189179,0.32794365996136093,0.2959410505552285,0.767275100619345,0.9981171756121147
Lrrtm3,91.16259945841637,-0.05492126917559841,0.26585295457025654,-0.20658513750346325,0.8363338684370116,0.9981171756121147
Lsm14a,278.9180154850445,-0.014567855241381863,0.18104923682172686,-0.0804634998584741,0.9358686249692345,0.9981171756121147
Lsr,2.4376216509694886,-0.23786005687699396,1.2516905848101862,-0.19003103463709803,0.8492848114898557,0.9981171756121147
Lss,72.46190035211272,-0.10843720286661351,0.271919239564308,-0.39878459148518053,0.6900519315287874,0.9981171756121147
Lta,0.5920897713606995,-0.8974702299529708,2.581756327497456,-0.3476200369470596,0.7281255563973165,0.9981171756121147
Lta4h,152.37625641443182,-0.08263233315109253,0.23540295379393258,-0.3510250479840085,0.7255695570405196,0.9981171756121147
Ltb4r1,0.3468545060871591,0.5022934414257615,3.404314214859431,0.1475461457797608,0.8827009591994037,0.9981171756121147
Ltbp1,5.844387076129105,-0.24094727550190317,0.7896182266275187,-0.30514401438147604,0.7602564700917742,0.9981171756121147
Ltbr,8.82264769365956,0.7104035414103363,0.6832697880968697,1.0397116245824993,0.298473898244192,0.9981171756121147
Luc7l3,285.263472254208,0.1360369503735949,0.20147522732255696,0.675204352323688,0.49954594184370904,0.9981171756121147
Lum,1.3562280678434426,-0.6698817085851861,1.6039706711009483,-0.41763962437379637,0.6762106213020684,0.9981171756121147
Lurap1,11.66232753942536,-0.2036315746558436,0.5677205722103845,-0.3586827475055498,0.7198324362365358,0.9981171756121147
Luzp2,443.1265271998904,-0.42017516897549184,0.18622412390045406,-2.256287532329034,0.024052629694398524,0.9981171756121147
Lvrn,0.5083455081426207,-0.2655461774471825,2.7560220922753063,-0.09635125138926368,0.9232416076706145,0.9981171756121147
Ly6g,0.0,,,,,
Ly6g5b,1.7842527262920675,-0.5899525538651674,1.4006050571848208,-0.4212126400935297,0.6735998151415148,0.9981171756121147
Ly6g6d,4.369743768026152,-0.5779663627300373,0.9058089566300171,-0.6380665133631604,0.5234303837402432,0.9981171756121147
Ly6g6e,3.0183212818255516,-2.0579696486663313,1.2190317371126085,-1.6882002215470013,0.09137280071876804,0.9981171756121147
Ly6h,61.26416768779121,0.2979239223658054,0.29642930091145003,1.0050420840644287,0.3148765858963386,0.9981171756121147
Ly6i,0.09877207360782624,-0.45211653757778947,4.435042509789109,-0.10194187239014495,0.9188028137063071,0.9981171756121147
Ly6k,0.5554125777050319,1.4258276061704587,2.6776449184211204,0.532493160822534,0.5943844773758302,0.9981171756121147
Ly6m,0.09877207360782624,-0.45211653757778947,4.435042509789109,-0.10194187239014495,0.9188028137063071,0.9981171756121147
Ly75,2.8457315391763047,0.784383140993873,1.0983463550143815,0.7141491729023879,0.4751349422618606,0.9981171756121147
Ly86,15.86563447242357,0.20497960245071634,0.5015625925224122,0.4086819980330907,0.6827730464470332,0.9981171756121147
Ly96,10.46825643131839,-0.15349387463365366,0.6232144278101552,-0.24629384010411778,0.805454777995201,0.9981171756121147
Lyar,48.51247946595686,0.13151748061462626,0.3610113023253037,0.3643029449978748,0.7156318009667701,0.9981171756121147
Lyg1,0.0,,,,,
Lyn,5.63860658799582,-0.5414729989794501,0.8234069640563446,-0.6576007036811968,0.5107947422745209,0.9981171756121147
Lypd1,74.64115498440368,0.18454301745218935,0.2626616814492964,0.7025882741400675,0.4823123720907856,0.9981171756121147
Lypd6,31.02481465508276,-0.6925909268385276,0.39197343215891783,-1.766933342966292,0.07723939218206811,0.9981171756121147
Lypd6b,2.785834553978343,-0.6958046381698764,1.132584501195295,-0.6143511918409138,0.538983281248175,0.9981171756121147
Lyplal1,5.404012674577632,-1.0402278871654678,0.841543767286973,-1.2360948147938,0.21642332205588433,0.9981171756121147
Lyst,69.85760171079373,-0.09421947533093611,0.2635182060737195,-0.35754446242920346,0.72068424667587,0.9981171756121147
Lyve1,0.2963162208234787,-1.5093550987342084,3.9781067039489035,-0.3794154383128872,0.7043793880009106,0.9981171756121147
Lyzl6,0.0,,,,,
Lztr1,205.4159622274293,0.02869137652269587,0.18398052063621545,0.15594790374263212,0.8760740854674999,0.9981171756121147
Mad1l1,97.52271852201392,-0.0019349624518230823,0.28303033275605527,-0.00683659038584685,0.9945452325743327,0.9981171756121147
Mad2l1,6.652543791993538,-0.6303376567799535,0.7829717079626449,-0.8050580249191155,0.420786196535913,0.9981171756121147
Mad2l2,80.26374236745936,-0.0019858011928940308,0.26117621929960866,-0.007603300171123223,0.9939335026332449,0.9981171756121147
Madcam1,0.0,,,,,
Mael,0.5409274376015424,-0.9901901244709518,2.826823806170912,-0.3502836371723566,0.726125843995195,0.9981171756121147
Maf,22.45543682680572,0.3829578348535413,0.4193867975516101,0.9131375548521271,0.36117020104222897,0.9981171756121147
Maf1,122.38380659353633,0.08670908112709551,0.23033862338230784,0.37644177886388974,0.7065884912134768,0.9981171756121147
Mafa,15.3026074304223,0.11626555016513701,0.5073357373709212,0.22916885525872865,0.8187376783577074,0.9981171756121147
Mafb,7.750487791608518,0.37615776679858276,0.7169520494027031,0.5246623775076199,0.5998179155910027,0.9981171756121147
Maff,6.331282457896797,1.4480099527788397,0.9619111304662,1.5053469150284673,0.13223490938592805,0.9981171756121147
Mafk,7.450010626205696,0.7739057787144082,0.6946524488439474,1.1140906218676054,0.2652403114834232,0.9981171756121147
Mag,2648.202878573332,-0.2971689424409103,0.1945204780445752,-1.527700041806461,0.12658702974678573,0.9981171756121147
Mageb4,0.5302679477577205,-0.5738773201547389,2.710288297106237,-0.21174032325914005,0.8323096278643145,0.9981171756121147
Magoh,142.86443409053206,-0.10402800321609634,0.22039339522003942,-0.47201052968141544,0.63691927275358,0.9981171756121147
Maip1,62.940989547849576,-0.014651243783867502,0.2798053705211842,-0.05236226794566922,0.9582400386687079,0.9981171756121147
Mal,9992.670007307766,-0.2911360983622889,0.2121096512891146,-1.3725735561436467,0.16988495737817355,0.9981171756121147
Malt1,10.442788483760452,0.03254419482748588,0.5891230924184089,0.055241757191843766,0.9559458622780225,0.9981171756121147
Maml1,49.645786634006164,0.07798676216035506,0.2975510499601621,0.2620954023546426,0.793247891309246,0.9981171756121147
Man2b2,52.11261907517716,0.08104842283804345,0.31377575220540893,0.2583004654387259,0.7961750270829522,0.9981171756121147
Maoa,149.93934491572054,0.029916583544858846,0.20406964512969936,0.14659987047973225,0.8834478559206498,0.9981171756121147
Maob,52.54419670391362,-0.03822254576851751,0.3650333358989885,-0.1047097402060134,0.9166061328868811,0.9981171756121147
Map1b,762.2680054527832,0.011621450567306114,0.18337518353194762,0.0633752634542363,0.9494676845492734,0.9981171756121147
Map1lc3a,228.6989447301635,-0.10799887534076047,0.20199088463656453,-0.534672025101921,0.5928766691619147,0.9981171756121147
Map2,1052.159902987213,-0.08666248387964645,0.17450129541844672,-0.49662945866294855,0.6194503753786047,0.9981171756121147
Map2k1,397.43559823521315,0.09619751689203232,0.17008494064993535,0.5655851513040399,0.5716758241789117,0.9981171756121147
Map2k2,142.41788496799475,0.12337254313765493,0.21363198910607767,0.5775003249929721,0.5636015191469304,0.9981171756121147
Map2k3,5.593905525703704,0.6338573058909001,0.7840556405666588,0.8084340869390263,0.4188407358032814,0.9981171756121147
Map2k4,65.00478823461172,-0.0657566179700586,0.2704270960391685,-0.243158392532287,0.8078826975886738,0.9981171756121147
Map2k5,106.56397054196185,-0.16366268437273207,0.23105432192162573,-0.7083298984047869,0.4787404143244539,0.9981171756121147
Map3k1,6.726964643851481,0.38128421177226973,0.7433000079351865,0.5129613987647321,0.6079783228920568,0.9981171756121147
Map3k11,100.55883611231981,-0.140412149633237,0.23601335424200748,-0.5949330709874101,0.5518882101187608,0.9981171756121147
Map3k14,10.23014593610864,1.1062872518840188,0.6170405859481976,1.7928921971704712,0.07299016325234589,0.9981171756121147
Map3k15,2.641916811230777,1.050452792341352,1.181589138574907,0.8890169671060819,0.3739939611963792,0.9981171756121147
Map3k5,17.256025215301513,-0.7307816894769668,0.47367048372426057,-1.5428060531261205,0.1228778403740393,0.9981171756121147
Map3k7,293.3393985351514,-0.16213313188789097,0.18288427587381625,-0.8865340178275203,0.37532983152268784,0.9981171756121147
Map3k8,0.737928914530937,-0.10751251680350712,2.171536499164893,-0.04950988244722259,0.960512961805462,0.9981171756121147
Map4,812.0232994172339,-0.11601142862914386,0.15099113477265666,-0.76833271571751,0.4422895428984246,0.9981171756121147
Map4k4,722.7097505141588,-0.222663855377856,0.17420261171806456,-1.2781889615881463,0.20118280727904247,0.9981171756121147
Map6,53.37755496129311,0.040689276895674115,0.3195757057955756,0.12732281008150853,0.8986849073925905,0.9981171756121147
Map7,1974.2466377568478,0.1337829764697904,0.1917011357954565,0.6978726334336157,0.4852568503050948,0.9981171756121147
Map9,45.806152421584414,0.15075564838061922,0.32488725634200477,0.46402450523304195,0.6426301888259237,0.9981171756121147
Mapk1,447.4194506304869,0.06957388139371823,0.15979008513982368,0.4354080000197627,0.6632663045282932,0.9981171756121147
Mapk10,122.68334341384629,0.11320696026423759,0.2322484836244954,0.48743896406778336,0.6259472868205241,0.9981171756121147
Mapk11,1.6752824549174585,-1.3167385295162222,1.5681971843770384,-0.8396511246379343,0.40110402527903766,0.9981171756121147
Mapk14,24.86131894723714,0.25029067908157,0.40511550978862637,0.6178254671418579,0.5366903939982977,0.9981171756121147
Mapk3,404.1802743077837,-0.1083509687129939,0.21296430837941857,-0.5087752475403302,0.6109097712926468,0.9981171756121147
Mapk7,25.4842144130573,0.008665354455286173,0.4102734278522048,0.0211209253805434,0.9831491925775544,0.9981171756121147
Mapk8,143.11026643155256,-0.05560184755041507,0.2065922807468833,-0.26913806919310024,0.7878234358832188,0.9981171756121147
Mapk8ip1,2106.6902165319175,-0.3521847413600568,0.18693460855528027,-1.8839996728369792,0.05956501972291931,0.9981171756121147
Mapk8ip2,330.200751091067,-0.07654552227639244,0.21272963239452827,-0.3598253868761977,0.7189777170652516,0.9981171756121147
Mapk9,233.83562412469766,0.02058774583328734,0.19136278249750116,0.10758490007614818,0.9143249754550064,0.9981171756121147
Mapkap1,179.28989479615964,-0.268863427902934,0.21118845574759315,-1.2730971820934778,0.2029835587778024,0.9981171756121147
Mapkapk2,60.89160176315922,0.03201062434184174,0.3086254579211351,0.10371997358047372,0.9173915755197065,0.9981171756121147
Mapre1,193.66412260671618,-0.14034740755390918,0.2138090114745724,-0.6564148376440169,0.5115572461784701,0.9981171756121147
Mapre2,731.0321304071252,-0.2376854838282428,0.19372787564745067,-1.2269038879091771,0.21985871711378702,0.9981171756121147
Mapt,1678.5344642778964,-0.15533139345211186,0.14868010253158984,-1.0447355820131266,0.29614519474560974,0.9981171756121147
March2,107.08194229711556,0.09511249397904475,0.22326144718802454,0.42601396334649605,0.670097671317537,0.9981171756121147
March5,87.86786064737542,-0.12297538964111077,0.2440951004202577,-0.5038011391026876,0.6144011271528271,0.9981171756121147
Marcks,268.6841349618026,-0.21339785315823961,0.23271344309645745,-0.9169983921804993,0.35914348264352947,0.9981171756121147
Marcksl1,397.3086710176726,-0.24377462846208897,0.2339983440433538,-1.0417792889035313,0.29751401849901915,0.9981171756121147
Marco,0.2010153629169217,-0.46032403864503774,4.433790464391391,-0.10382178462017705,0.9173107782646794,0.9981171756121147
Mark2,283.35122655622223,0.09670415974798127,0.18209043266847172,0.5310776537285103,0.5953649687458599,0.9981171756121147
Mark3,198.94572903162998,0.20945638770700756,0.18845515801444623,1.1114388691391055,0.2663794893767917,0.9981171756121147
Marveld2,1.0738749054052168,1.6450425327970124,1.9365929320930393,0.8494518933408872,0.39562988796119036,0.9981171756121147
Mas1,5.300531093112551,-0.3813682593090055,0.8275886796304474,-0.4608186031245645,0.6449287537535091,0.9981171756121147
Mast2,186.77684561421665,0.23082845639870603,0.22165391167110707,1.041391305294049,0.297693976190773,0.9981171756121147
Mast3,713.5415537339209,0.004676243642202001,0.16605251646871516,0.028161233214933065,0.9775335563649977,0.9981171756121147
Matn1,3.738436268185204,-0.06653691528166672,1.0723102305672982,-0.0620500610597232,0.9505229658148255,0.9981171756121147
Mavs,29.290785244444702,-0.20887161180337616,0.37322287471449017,-0.5596431139521117,0.5757228909872054,0.9981171756121147
Max,224.30139666658604,0.09641192938693688,0.18907489979324538,0.5099139520494996,0.6101117469142037,0.9981171756121147
Maz,50.321447119928756,0.12130159738728415,0.29099369526935565,0.41685300870523134,0.6767859267772329,0.9981171756121147
Mbd2,324.22032220031474,0.12306432296799144,0.19595565044434318,0.6280213032333309,0.5299899845557514,0.9981171756121147
Mbd3,257.90338345437584,-0.1515568966866456,0.1806912658359245,-0.8387616080141129,0.4016030986749072,0.9981171756121147
Mbd5,38.364955460832384,-0.06953244227697437,0.33642845529493237,-0.20667824371757815,0.8362611495424866,0.9981171756121147
Mbl1,0.14583914317023747,1.4685041306821252,4.434566981015867,0.33114938549100936,0.740531649762339,0.9981171756121147
Mbl2,0.39855951013257424,-1.8615688890479165,3.3569000551072468,-0.554549989123356,0.5792025043172966,0.9981171756121147
Mbnl1,282.7329814605402,-0.19113004565638428,0.193906875527193,-0.9856795698282534,0.3242903779688716,0.9981171756121147
Mboat1,115.94591453878132,-0.09742765637456982,0.30340881160098754,-0.3211101742908402,0.7481269003053866,0.9981171756121147
Mboat7,179.3349225987516,0.1614801509349872,0.20909053236635056,0.7722977655059745,0.4399380885508708,0.9981171756121147
Mbp,20627.161645478398,-0.14677512965525563,0.17067014967181351,-0.859992974386521,0.38979291528986093,0.9981171756121147
Mbtd1,143.99954471285952,-0.0945197092245589,0.2073778198895404,-0.4557850462257957,0.6485445583528928,0.9981171756121147
Mc1r,0.0,,,,,
Mc3r,0.8142358782374058,1.9994883678585789,2.2861650405280174,0.8746036845164831,0.38178958230940596,0.9981171756121147
Mc4r,3.1810017675346054,0.9287564894071554,1.278320017627678,0.726544587114229,0.46750498429616827,0.9981171756121147
Mc5r,0.818475018396926,0.5296154801598493,2.036957819624831,0.26000316504216786,0.7948613321892297,0.9981171756121147
Mcam,535.2652512701293,-0.13158059133778371,0.23008498837421756,-0.5718782101671789,0.567404487034056,0.9981171756121147
Mcl1,323.7316092100079,0.04514196570393743,0.1934871259277275,0.23330733498413295,0.8155227632641194,0.9981171756121147
Mcm2,16.882616701968875,0.06761701508933173,0.46595258598426775,0.14511565580540575,0.8846195575866057,0.9981171756121147
Mcph1,9.958056647390043,0.0043086031469193025,0.605170430178374,0.00711965246823005,0.9943193872085486,0.9981171756121147
Mctp2,0.6801209769154849,-1.3271474431214927,2.3324092609491855,-0.5690028183910586,0.5693542272862782,0.9981171756121147
Mcu,103.18748659805566,0.11812092085641611,0.23597779925075435,0.5005594646253084,0.6166811963734791,0.9981171756121147
Mcub,1.434142453840664,-1.6832488478741192,1.7300909733129632,-0.9729250506699392,0.3305905536242173,0.9981171756121147
Mcur1,54.89701331713059,0.21668977329805192,0.29471101456156573,0.7352618755034179,0.4621800220012423,0.9981171756121147
Mdk,35.789328760457,0.023415132204087245,0.34267093913648033,0.0683312458975734,0.9455219516194646,0.9981171756121147
Mdm2,148.73201957307168,0.36700564077479936,0.25685906316051593,1.428821067316012,0.15305566878504864,0.9981171756121147
Mdm4,388.0134864583956,0.15166599237835618,0.1678833859976498,0.9034008426568151,0.3663131929374389,0.9981171756121147
Mdp1,82.31877916682053,0.00682452643021844,0.24487812839736242,0.027869072974717926,0.9777665750489554,0.9981171756121147
Me1,19.18678324801803,-0.269244505148255,0.5021274299376735,-0.5362075224244868,0.591815135175682,0.9981171756121147
Meaf6,41.772486820797205,-0.04133642636056854,0.32014128611243914,-0.12911932372899407,0.8972632318745083,0.9981171756121147
Mecom,1.8712191798423585,-0.11325346910342089,1.3362857226124694,-0.08475243519178499,0.9324582086347538,0.9981171756121147
Mecp2,237.0334399468422,0.11924229484265934,0.18270690260839784,0.6526425282258523,0.513986761549621,0.9981171756121147
Med1,133.55315765788455,0.17452703653180407,0.23228054148895963,0.7513631379238859,0.45243414082442945,0.9981171756121147
Med12,70.81991925193266,0.35662360648407254,0.285999518035595,1.2469377883346218,0.21242030954220759,0.9981171756121147
Med14,53.95004713291741,-0.11193484132230576,0.28861760747562426,-0.38783095148399577,0.6981411388288513,0.9981171756121147
Med15,159.14664997942836,0.00827223282084451,0.2314832238061763,0.035735776808478135,0.9714930429933356,0.9981171756121147
Med21,106.97219434463331,-0.20511243494361636,0.24060725229015906,-0.8524781900433412,0.3939487390210671,0.9981171756121147
Med24,86.89779579635494,0.2877766386756052,0.25432915362989184,1.1315125874023362,0.25783940848570075,0.9981171756121147
Med6,62.928527059905925,-0.06518179507070845,0.2799902725661824,-0.23280021292633007,0.8159165475754515,0.9981171756121147
Medag,3.7475184504357943,0.876054344637263,1.0345124452638592,0.8468282316447334,0.3970908698263278,0.9981171756121147
Mef2a,298.11840113669246,0.11555540945000861,0.17319435750861722,0.6672007743916206,0.5046438965607621,0.9981171756121147
Mef2c,44.03445808330526,0.19088862532891251,0.3064683554911084,0.6228656952950915,0.5333727827325788,0.9981171756121147
Mef2d,319.83765482490054,-0.026005654352512293,0.17132562964751638,-0.15179079981212423,0.8793519387363378,0.9981171756121147
Meg3,823.7983355149923,0.07928666720687838,0.2594951922148141,0.3055419506240549,0.7599534244973559,0.9981171756121147
Megf11,3.7240207118029196,-0.04306658720540603,0.9757696149289415,-0.04413601996465351,0.9647959809684221,0.9981171756121147
Mei4,3.982978083463099,-0.35566460587613086,0.9670400057402015,-0.36778685862524835,0.7130321685892476,0.9981171756121147
Meiob,0.29978743652474793,-1.402084615240994,3.6862814707163842,-0.380352023137429,0.7036841231276579,0.9981171756121147
Meis1,131.0251522168894,0.050148554065096995,0.21876143752680913,0.2292385469397517,0.8186835140351955,0.9981171756121147
Meis2,417.1107112366012,0.01618436745100268,0.19681792161774797,0.08223015118732593,0.9344636974478797,0.9981171756121147
Meis3,54.26861446298932,0.260393780530828,0.2832764041769421,0.9192215683738311,0.357979691924885,0.9981171756121147
Memo1,59.41045228852469,0.3179579562546881,0.2868682030110223,1.108376435301445,0.26769927750047384,0.9981171756121147
Men1,94.84439162061317,0.22982594900568615,0.26870500461187274,0.8553095218217281,0.3923798175968767,0.9981171756121147
Meox1,0.7069544073627677,-2.686287686699049,2.7406988320493,-0.9801469812319485,0.3270135711547404,0.9981171756121147
Meox2,0.0,,,,,
Mep1a,0.0,,,,,
Mep1b,0.0,,,,,
Mepe,0.29230233483595164,0.5094768886628668,3.582136449186346,0.14222710270531164,0.8869006245356488,0.9981171756121147
Mertk,43.55900473828374,0.09795223439921862,0.3555849058322918,0.2754679200174398,0.7829567688728309,0.9981171756121147
Mesp1,0.09877207360782624,-0.45211653757778947,4.435042509789109,-0.10194187239014495,0.9188028137063071,0.9981171756121147
Mesp2,0.9675601230964395,0.7016764631035803,2.1116853827638162,0.33228267280290213,0.7396758224210532,0.9981171756121147
Mest,56.70200819103173,0.3226677595791203,0.3346945876328587,0.964066260710104,0.3350127067452029,0.9981171756121147
Met,1.6696611466391789,1.0098958430404128,1.427570815165272,0.7074225896972374,0.47930390286391444,0.9981171756121147
Metrnl,0.29978743652474793,-1.402084615240994,3.6862814707163842,-0.380352023137429,0.7036841231276579,0.9981171756121147
Mettl14,78.74963178594096,-0.08934710624866538,0.25812992921730077,-0.3461323005804978,0.7292432896754242,0.9981171756121147
Mettl21c,0.29230233483595164,0.5094768886628668,3.582136449186346,0.14222710270531164,0.8869006245356488,0.9981171756121147
Mettl3,92.59539519765882,0.18983733608279427,0.2503909524998973,0.7581637203240087,0.448352977171814,0.9981171756121147
Mettl7b,0.5920897713606995,-0.8974702299529708,2.581756327497456,-0.3476200369470596,0.7281255563973165,0.9981171756121147
Mfap5,1.001663205895494,-0.3241938327296059,1.8708887646103567,-0.1732833286842281,0.8624287272431108,0.9981171756121147
Mfn1,271.8304276892239,-0.02810242408911654,0.20882369801718542,-0.13457487993917153,0.8929480038096221,0.9981171756121147
Mfn2,183.1953744436452,0.023408140490962168,0.1970839156960824,0.11877245491234914,0.9054556319755335,0.9981171756121147
Mfrp,0.7463111210643895,-1.097965242026237,2.4434205068273345,-0.4493558267839426,0.6531749914977636,0.9981171756121147
Mfsd2a,54.5162682575343,-0.480914693055122,0.3156210658710019,-1.5237091089847519,0.12758139298957044,0.9981171756121147
Mfsd2b,7.170104383890724,0.5241955380497549,0.7057909831788756,0.7427064818663218,0.4576594045758057,0.9981171756121147
Mgst3,38.10550808845237,-0.2738516740453397,0.3448280604373596,-0.7941687625363272,0.427097191074025,0.9981171756121147
Mia,0.7298197643466641,2.1622133918924624,2.419473144852053,0.8936711682429848,0.37149785593810614,0.9981171756121147
Mia2,185.30301628327598,0.12359932616297523,0.1996439181202,0.6190988802802375,0.5358512209332615,0.9981171756121147
Mib1,303.38503629619646,-0.04745093158876152,0.19175668321850164,-0.2474538607590143,0.8045569950449527,0.9981171756121147
Micu1,222.02418981319587,0.07681317684916548,0.19246492681107769,0.39910220590250606,0.6898178969565416,0.9981171756121147
Micu2,169.66648168517358,-0.04262531785112721,0.20910940559116994,-0.2038421836197269,0.838476827092088,0.9981171756121147
Miga1,67.62726773777078,-0.0018677089155390977,0.264573451877309,-0.007059320964694571,0.9943675235740405,0.9981171756121147
Miga2,60.69036285825763,-0.2579600927409917,0.27520808815888254,-0.9373274399990262,0.34859015228488355,0.9981171756121147
Minar2,59.29868256569993,-0.22679618842949606,0.2878061108334231,-0.7880172793160792,0.4306865987649384,0.9981171756121147
Mindy1,59.6604431909714,-0.38756695438402533,0.30266245245580903,-1.2805253880661427,0.20036042175149726,0.9981171756121147
Mip,0.0,,,,,
Misp,0.6316717392343144,1.8789994707275157,2.536002172745743,0.7409297558657504,0.45873603250905803,0.9981171756121147
Mitf,28.862266728641966,-0.06977494732422941,0.4194316081853403,-0.16635595878457723,0.8678768307466127,0.9981171756121147
Mixl1,0.19353026122812536,1.4685041306821252,4.434566981015867,0.33114938549100936,0.740531649762339,0.9981171756121147
Mki67,1.221672463012504,-2.3236565891463234,2.0274091752214236,-1.1461211764973616,0.25174501655924597,0.9981171756121147
Mkks,28.541337665104724,-0.011193836325303241,0.38353428751776963,-0.029186012019289453,0.9767162372739124,0.9981171756121147
Mkln1,301.4175410734669,0.07880714757111713,0.17247843132237184,0.45691015953074254,0.6477356213340966,0.9981171756121147
Mknk1,46.48344815626839,-0.1933975378317483,0.3252876081418291,-0.594543207275897,0.5521488524623758,0.9981171756121147
Mknk2,62.575005518367874,0.21307957568150349,0.28483968897759915,0.748068418577233,0.4544188900352609,0.9981171756121147
Mkx,6.224552969360004,0.03364753813551378,0.7444804529271167,0.04519599944259089,0.9639510829761169,0.9981171756121147
Mlc1,237.43828596840137,0.08108328409341292,0.2116533635336042,0.38309471080311625,0.7016495412044079,0.9981171756121147
Mlec,69.92762147600368,-0.10642131708076696,0.2842540008051155,-0.37438810633919417,0.708115590389885,0.9981171756121147
Mlf1,1.446890991266996,0.34046447552621756,1.5440105839478635,0.22050656845608385,0.8254766573814292,0.9981171756121147
Mlh1,40.07661930111894,-0.13951790525602548,0.3472285673699108,-0.40180422455677084,0.6878281128443264,0.9981171756121147
Mlkl,6.673248058589458,-0.023693298734113327,0.7740450480422267,-0.03060971553792665,0.975580793902848,0.9981171756121147
Mllt10,77.04543232892797,0.1280050738940414,0.2635417347421063,0.48571082686126804,0.6271722062342027,0.9981171756121147
Mllt6,338.7496982830771,0.1369812087450477,0.17262106033783226,0.7935370601765817,0.42746498608670835,0.9981171756121147
Mlph,0.6625190556691244,-1.201688121600683,2.4624305166461573,-0.48800894623308533,0.6255435043150461,0.9981171756121147
Mlst8,62.47640733515474,-0.16742988758039232,0.2746560695102348,-0.6095983528743871,0.5421279030033681,0.9981171756121147
Mlx,20.609310030071132,0.07421622675922308,0.45034127321459044,0.16479996654416923,0.8691014303757782,0.9981171756121147
Mlxipl,3.296211502691319,-0.339985271211038,1.0435573394430107,-0.32579452835097883,0.7445798188182222,0.9981171756121147
Mlycd,20.11244519790004,-0.2376076395296136,0.47027361509151466,-0.505254030642088,0.6133804255102722,0.9981171756121147
Mmd2,80.12648056143753,-0.3596455504332501,0.26063346686887845,-1.3798901374940593,0.16762047368343436,0.9981171756121147
Mme,66.6601126253967,-0.3019172526926374,0.35136304895263154,-0.8592743420021378,0.39018917648130724,0.9981171756121147
Mmp12,0.3726231845299474,0.5093577618301208,3.3285387681599885,0.15302743855727813,0.8783766372851214,0.9981171756121147
Mmp13,0.19754414721565247,-1.047741613991868,4.3594515893970955,-0.24033793987760943,0.8100682850102667,0.9981171756121147
Mmp14,9.271135662275737,-0.613591273643471,0.6427165132139033,-0.9546841586117157,0.3397374432875889,0.9981171756121147
Mmp15,35.93587114835861,-0.20325854982446293,0.36632060591800225,-0.5548651824133547,0.5789868785251899,0.9981171756121147
Mmp16,36.04964253938583,0.019898511371666285,0.359888371957601,0.05529078714999595,0.9559068017294782,0.9981171756121147
Mmp2,3.8505282114440855,-0.9976812183404082,1.06468668604301,-0.9370655531049865,0.34872483917051433,0.9981171756121147
Mmp25,0.2010153629169217,-0.46032403864503774,4.433790464391391,-0.10382178462017705,0.9173107782646794,0.9981171756121147
Mmp28,3.5005402389846396,0.5611124521325004,0.9866665861922201,0.5686950992208687,0.5695630742301406,0.9981171756121147
Mmp3,0.0,,,,,
Mmp7,0.09877207360782624,-0.45211653757778947,4.435042509789109,-0.10194187239014495,0.9188028137063071,0.9981171756121147
Mmp9,0.5362895031185386,1.6547032456799593,2.8459888519777885,0.5814159266752017,0.5609601659319747,0.9981171756121147
Mmrn1,0.2344943972204995,-1.2123042177937502,3.9780828204562106,-0.3047458468083683,0.7605597286868574,0.9981171756121147
Mms19,95.6037880782305,0.3934033656821667,0.2464515172530688,1.5962708205938954,0.1104283418563762,0.9981171756121147
Mmut,127.12366561215083,-0.04387380999132824,0.22455797499857091,-0.19537854307604732,0.8450966130603939,0.9981171756121147
Mnx1,0.24461121677806372,0.5095569421313735,3.7994315150776345,0.13411399576732771,0.8933124326044014,0.9981171756121147
Mob2,106.59511600444966,0.12610372854535182,0.22535597449912137,0.5595757060607395,0.5757688793966012,0.9981171756121147
Mog,3964.9867634026455,-0.3103450612989945,0.24349790198180696,-1.2745286869953483,0.20247611264996823,0.9981171756121147
Mos,0.09877207360782624,-0.45211653757778947,4.435042509789109,-0.10194187239014495,0.9188028137063071,0.9981171756121147
Mov10l1,0.3945456241450471,0.5024832506138347,3.2738417065691423,0.15348428410743703,0.8780163829283766,0.9981171756121147
Moxd1,7.8267001298587,-0.2458602458767933,0.7245237387916448,-0.3393404973684329,0.7343532380769622,0.9981171756121147
Mpc1,485.97126004011665,-0.2529618712412212,0.1768194849289814,-1.4306221474563283,0.1525385365099556,0.9981171756121147
Mpc2,112.10913259739391,-0.03314752061735145,0.23961025644236827,-0.13833932282161795,0.889972249146383,0.9981171756121147
Mpi,59.53538858321243,0.2058928262332598,0.2786905235263714,0.73878660683551,0.46003658576231454,0.9981171756121147
Mpl,1.0596963976829394,1.0402498713637,1.8732210818123383,0.555326801232271,0.5786711501270687,0.9981171756121147
Mplkip,52.87040729295496,-0.19298741327621968,0.30244211595112847,-0.6380970212078679,0.5234105255142198,0.9981171756121147
Mpp2,415.45518872087047,-0.41602962545346667,0.20720135002566073,-2.0078519054144373,0.044659031217013714,0.9981171756121147
Mpp3,41.55020933263835,-0.18945321631781084,0.3263538663293929,-0.5805146985039651,0.5615675775898368,0.9981171756121147
Mprip,744.4955767457283,-0.14152492156051485,0.1534286681308934,-0.9224151084970431,0.3563120919791407,0.9981171756121147
Mpzl1,393.26425840245656,0.21538858638341765,0.2523683878898377,0.8534689633054904,0.39339929198358625,0.9981171756121147
Mrc1,1.9182862494047697,0.28533048204880684,1.3187523182673344,0.21636396622505527,0.8287040518060609,0.9981171756121147
Mre11a,49.6356396237836,0.19672147892130598,0.30211210233991403,0.6511539173626669,0.5149471344100207,0.9981171756121147
Mrgprf,2.2432420870738934,-0.4245560890185076,1.3141677083937897,-0.32306081355279326,0.7466491865728635,0.9981171756121147
Mrm3,27.34434490682465,0.10739230488660183,0.38959563471939507,0.275650688344983,0.7828163736364473,0.9981171756121147
Mrnip,14.082982288027807,0.5380982549330539,0.5391857026864848,0.9979831665639265,0.31828752140202776,0.9981171756121147
Mrtfa,2.2996845418000014,-0.42283733003112195,1.2786038134238311,-0.3307023845790455,0.7408693009265672,0.9981171756121147
Ms4a1,0.0,,,,,
Ms4a2,0.0,,,,,
Ms4a7,0.14583914317023747,1.4685041306821252,4.434566981015867,0.33114938549100936,0.740531649762339,0.9981171756121147
Msh2,60.00449721413137,0.165260656156449,0.27519791831237816,0.600515647683283,0.5481626356820628,0.9981171756121147
Msi1,23.614357254769768,0.13046010548890918,0.41410805703423226,0.3150388003151668,0.7527321943071565,0.9981171756121147
Msln,0.0,,,,,
Msmo1,290.33178355431386,-0.44177990686093666,0.21663500950783005,-2.039282144952517,0.041421876592310614,0.9981171756121147
Msn,70.33291668356446,0.5403733387558673,0.36084643685570206,1.4975160721122924,0.13425902676543802,0.9981171756121147
Msr1,0.14583914317023747,1.4685041306821252,4.434566981015867,0.33114938549100936,0.740531649762339,0.9981171756121147
Msra,62.74677933922617,-0.09236457126412437,0.26815086978477537,-0.34445001553885873,0.7305078804413803,0.9981171756121147
Msrb1,30.697320259662433,-0.17753619736722184,0.39525639713753213,-0.44916717010261803,0.6533110683153502,0.9981171756121147
Mst1,0.14583914317023747,1.4685041306821252,4.434566981015867,0.33114938549100936,0.740531649762339,0.9981171756121147
Mst1r,1.5059948280505875,0.63990198713134,1.5840479264844867,0.4039663045748174,0.6862374975075167,0.9981171756121147
Mstn,0.29978743652474793,-1.402084615240994,3.6862814707163842,-0.380352023137429,0.7036841231276579,0.9981171756121147
Msx1,3.8799766745307207,0.2913756525941115,0.9686688734747047,0.30080005724651826,0.763566964747283,0.9981171756121147
Msx2,0.547869869004081,-0.7898035190096707,2.8615315505728423,-0.27600727269687525,0.7825424803260969,0.9981171756121147
Mt1,25.786128567615737,1.3725669739039876,0.4225706478122768,3.248136095135832,0.0011616369416988404,0.9349241319106167
Mt2,1070.2961022724628,0.4386658393487902,0.1800162862116248,2.436811960630609,0.01481738232277183,0.9981171756121147
Mta1,121.5711651501257,0.04899936916705264,0.2234710839013759,0.21926491925316582,0.8264436873568419,0.9981171756121147
Mta2,160.81930385240176,-0.12755518213356357,0.20883617604898783,-0.6107906424394701,0.5413381891337132,0.9981171756121147
Mta3,238.19129264881417,-0.06717749605885755,0.2267829646865418,-0.2962193220805183,0.7670625937630541,0.9981171756121147
Mtch1,940.3768137847827,-0.0856641028351744,0.1600904430282313,-0.5350981683526722,0.5925819764474064,0.9981171756121147
Mtch2,169.47193774056987,-0.04694551679456519,0.209158875088997,-0.22444907859917443,0.822407885467909,0.9981171756121147
Mtcl1,55.322988337381595,-0.340734401466258,0.31032305494252155,-1.0979989918227935,0.2722049295059129,0.9981171756121147
Mtf1,127.91387748515784,-0.0832734682995499,0.2142296831919536,-0.388711158317568,0.6974898271272584,0.9981171756121147
Mtf2,89.76292365435744,0.28113561140245036,0.24318703928577406,1.1560468527768955,0.2476619931719135,0.9981171756121147
Mtfp1,40.15775013074592,0.08198932127203581,0.33693306112034993,0.24334008956974945,0.807741950550991,0.9981171756121147
Mthfr,8.77249985064345,1.0811155952298295,0.6565286655321294,1.6467149905077854,0.09961664153496619,0.9981171756121147
Mtif2,84.68531882304767,0.06973211792177895,0.2402095142021126,0.290297069012455,0.7715889809432976,0.9981171756121147
Mtmr12,54.69890934053831,0.13283753565935752,0.2901260568193282,0.4578614451789147,0.647051987724928,0.9981171756121147
Mtnr1a,0.2344943972204995,-1.2123042177937502,3.9780828204562106,-0.3047458468083683,0.7605597286868574,0.9981171756121147
Mtnr1b,0.14583914317023747,1.4685041306821252,4.434566981015867,0.33114938549100936,0.740531649762339,0.9981171756121147
Mtor,181.41040962368746,0.1563159542944011,0.1993477253881914,0.7841371351993398,0.4329596475698392,0.9981171756121147
Mtrex,157.50056513771008,0.0013915545654366792,0.20143649856856236,0.006908155052958488,0.9944881335797521,0.9981171756121147
Mttp,8.70590454531844,-0.16002056337782683,0.6500909032361644,-0.24615105761554504,0.8055653004059651,0.9981171756121147
Mturn,62.37515836224284,-0.37229598447119944,0.3102339856644053,-1.2000490006724458,0.2301203105083699,0.9981171756121147
Mtus1,237.41291348119327,-0.030049549704619698,0.19828471543033943,-0.15154748382598648,0.8795438566665323,0.9981171756121147
Mtx1,20.389782962566994,-0.31927789448538824,0.471899475385006,-0.6765803124169629,0.49867227388098734,0.9981171756121147
Muc1,0.33936940439836283,2.2357748292719086,3.5536531379614233,0.6291482996436945,0.5292519722359541,0.9981171756121147
Muc2,0.5813489033076588,-0.9998427837396973,2.4626858542173813,-0.40599688426660413,0.6847448897357515,0.9981171756121147
Muc20,0.2010153629169217,-0.46032403864503774,4.433790464391391,-0.10382178462017705,0.9173107782646794,0.9981171756121147
Muc5ac,0.0,,,,,
Mus81,37.79972608384431,0.1402126106435339,0.3438720509908262,0.4077464575545702,0.6834598261690328,0.9981171756121147
Musk,6.253890926942695,-0.4512671374137216,0.7755382071936705,-0.5818760871197535,0.560650148718269,0.9981171756121147
Mxd1,52.48727219673913,-0.03692083020161045,0.31086178940410125,-0.11876927773073981,0.9054581491824124,0.9981171756121147
Mxd4,50.092391474172416,0.005726956907829592,0.32678227456392844,0.017525298504858858,0.9860175506556398,0.9981171756121147
Myb,1.344503825995126,0.7333606182082212,1.6758921698840734,0.4375941551531624,0.661680508916255,0.9981171756121147
Mybbp1a,105.3382806589268,0.4032143016173097,0.26752781980875584,1.5071864373041663,0.1317628756957619,0.9981171756121147
Mybl2,0.8292158864499669,0.7296000659148482,2.1680791351645174,0.33651911227838316,0.7364794416048432,0.9981171756121147
Mybpc3,0.14583914317023747,1.4685041306821252,4.434566981015867,0.33114938549100936,0.740531649762339,0.9981171756121147
Mybph,0.5184623277001849,1.4339232667094646,2.728490135634628,0.5255372735206697,0.5992097490576849,0.9981171756121147
Myc,27.159371086889035,1.269212269318414,1.0961152394724913,1.1579186417745877,0.24689723926343043,0.9981171756121147
Mycbp2,144.22342526314782,-0.01484909253626997,0.24504496421327357,-0.06059741967741946,0.9516798285486276,0.9981171756121147
Mycl,20.056918964905144,-0.31428251813987396,0.4697003724142956,-0.66911277188144,0.5034235433570761,0.9981171756121147
Mycn,9.454322401445005,0.050412959154828484,0.6557071607760859,0.07688334392316289,0.9387163479469417,0.9981171756121147
Myd88,18.914781754496175,0.4051350420871869,0.45213846495036053,0.8960419727431639,0.37023034661886167,0.9981171756121147
Myf5,0.0,,,,,
Myf6,0.2010153629169217,-0.46032403864503774,4.433790464391391,-0.10382178462017705,0.9173107782646794,0.9981171756121147
Myh1,0.4748664738390429,0.5027519297791732,3.1113126607120174,0.16158836626342765,0.8716300192851323,0.9981171756121147
Myh10,220.219802579936,-0.04242366259220732,0.20838597114486565,-0.2035821430738985,0.8386800486670899,0.9981171756121147
Myh11,2.4095148995751328,-1.242971036753759,1.2913649812054362,-0.9625249676458599,0.3357859675736502,0.9981171756121147
Myh2,0.7564279406219536,0.367106512495364,2.2108025551747477,0.16605124308188027,0.8681166237450644,0.9981171756121147
Myh3,1.0779223674247767,0.21816293973568435,1.9810978047783963,0.11012224596356456,0.9123124257249354,0.9981171756121147
Myh4,0.39045035994830113,1.1487373388080757,3.180510877058833,0.3611801321271904,0.7179647933759628,0.9981171756121147
Myh7,0.5880758853731725,1.3944651982918395,2.8099758350478923,0.4962552278561046,0.619714350241032,0.9981171756121147
Myh8,0.19353026122812536,1.4685041306821252,4.434566981015867,0.33114938549100936,0.740531649762339,0.9981171756121147
Myh9,150.28919530629233,0.31708708903669586,0.20763250246884665,1.5271553599093757,0.12672238365930802,0.9981171756121147
Myl2,0.9616824436983956,-0.956051578130335,1.9588278899462412,-0.48807329272638306,0.6254979275057804,0.9981171756121147
Mylk,22.01524693986453,-0.06429539923115023,0.46588537090929416,-0.13800690737651056,0.890234958490422,0.9981171756121147
Mymk,0.8091976966718631,-2.8504271756765895,2.792752786640325,-1.0206514480308322,0.3074196051060353,0.9981171756121147
Myo10,27.184772384826292,-0.5365537825553369,0.38485160200391977,-1.394183575595125,0.1632621764035037,0.9981171756121147
Myo16,44.54158588626538,-0.05306915475715705,0.32067543620947886,-0.1654917987621915,0.8685569044727424,0.9981171756121147
Myo18a,406.7528095081382,-0.09075518351772457,0.16357572868841888,-0.554820597440811,0.5790173771073145,0.9981171756121147
Myo1c,32.789920768946395,0.2770090517793568,0.40886593647582087,0.6775058205313181,0.49808507834762095,0.9981171756121147
Myo1d,590.2968458462401,-0.15753807478412632,0.18464350142992428,-0.853201296358188,0.3935476846183267,0.9981171756121147
Myo1e,283.46275827477353,-0.03410995050984492,0.21721858666855245,-0.1570305333120149,0.8752207845086394,0.9981171756121147
Myo5a,366.16969318922503,0.07415182925056434,0.1821132953944533,0.4071741664437687,0.6838800739449254,0.9981171756121147
Myo6,1074.6741181721752,-0.14238237591847713,0.14522614857822,-0.9804183152443021,0.32687967263577555,0.9981171756121147
Myo7a,13.46680999298924,-0.2337543421332463,0.5261521470913841,-0.44427138314546677,0.6568463883292184,0.9981171756121147
Myo9a,153.26208344440406,-0.0015620472443122313,0.20706186993821507,-0.007543867177372292,0.9939809219413684,0.9981171756121147
Myocd,0.2815614667829107,0.5020161678893961,3.624618577878668,0.13850179187218215,0.8898438535561748,0.9981171756121147
Myod1,0.14583914317023747,1.4685041306821252,4.434566981015867,0.33114938549100936,0.740531649762339,0.9981171756121147
Myog,0.644067831755294,-0.8505046591201908,2.5308596470212232,-0.33605366465944475,0.7368303986844802,0.9981171756121147
Myrf,474.18485706629167,0.0026395756555619232,0.1823213262757567,0.014477602316086859,0.9884489481545696,0.9981171756121147
Myt1,23.06235608645265,0.42194249032285225,0.4532969283193358,0.9308302438475929,0.35194138249107976,0.9981171756121147
Mzb1,2.2883590942751684,-0.17863907594500064,1.2518893101590758,-0.14269558378312316,0.8865306046559083,0.9981171756121147
Naa15,167.73716014823302,0.10288483954843847,0.20656643382034295,0.49807143225370537,0.6184336952188743,0.9981171756121147
Naaa,74.4333536115069,0.13889088249181536,0.2551262981074274,0.5444004930974691,0.5861659065567988,0.9981171756121147
Nadk2,129.44949061233842,-0.1021606775462419,0.2199566583207919,-0.4644582179333142,0.6423194878509889,0.9981171756121147
Nae1,177.71224594913656,-0.10192149994603612,0.2023050551323489,-0.503801053707524,0.6144011871675757,0.9981171756121147
Nagk,48.146827612793345,0.20793376256419632,0.3172094457539598,0.6555093656494643,0.5121398584089198,0.9981171756121147
Naip1,1.158458666455797,-0.7726260596884522,1.9262974523096994,-0.40109384911559015,0.6883510292346775,0.9981171756121147
Naip5,0.3945456241450471,0.5024832506138347,3.2738417065691423,0.15348428410743703,0.8780163829283766,0.9981171756121147
Nampt,110.908288266349,0.04083511480917428,0.30352672221740135,0.13453548508301055,0.8929791530965127,0.9981171756121147
Nanog,0.0,,,,,
Nat1,1.1626978066153175,-1.2891817509995427,1.8402380004199779,-0.7005516409862891,0.483582866834413,0.9981171756121147
Nbn,72.76702813332996,-0.05299864146665245,0.2604997697214775,-0.20344985918151798,0.8387834326016551,0.9981171756121147
Nbr1,558.0917077176705,-0.013876796221422242,0.16296059558685605,-0.0851543047658173,0.9321387180845959,0.9981171756121147
Ncam1,987.3409699075592,0.09990025314630804,0.1648795419371712,0.6058984151252429,0.5445822119499434,0.9981171756121147
Ncam2,475.68726207379285,-0.1409015558951483,0.18216775265821936,-0.7734714505673562,0.4392434184771373,0.9981171756121147
Ncan,85.39442603742499,-0.16372075482883258,0.25443771226739825,-0.6434610395206362,0.5199249874127956,0.9981171756121147
Ncaph,3.497625659931724,-0.8785712265485668,1.0707495234879427,-0.8205198389317424,0.4119198243451814,0.9981171756121147
Ncbp2,120.94283249146703,-0.3361997189967022,0.22314594027629947,-1.5066360543257897,0.13190397053348432,0.9981171756121147
Ncf1,7.035158058106745,-0.06015984950687492,0.7418962226194012,-0.08108930558302277,0.9353709305880253,0.9981171756121147
Ncf4,0.2344943972204995,-1.2123042177937502,3.9780828204562106,-0.3047458468083683,0.7605597286868574,0.9981171756121147
Nck1,69.62322299135926,-0.014124024496841992,0.25922280559764677,-0.054486041319854496,0.9565479294826943,0.9981171756121147
Ncl,248.0030838206745,-0.09482855190121246,0.1871796687695261,-0.5066177994896157,0.6124230168026006,0.9981171756121147
Ncoa1,135.77829546666356,0.011356163041322346,0.20864229387437036,0.05442886401622973,0.9565934827736324,0.9981171756121147
Ncoa2,256.03353260122975,-0.00726420386130303,0.18746836084090798,-0.03874895917753119,0.9690905389176268,0.9981171756121147
Ncoa3,231.61516341766148,-0.09572499649947154,0.19072357982143115,-0.5019043612179261,0.6157347973489677,0.9981171756121147
Ncor1,344.5871386795823,0.026518272619541816,0.1779649309072428,0.14900841690750533,0.8815469913839212,0.9981171756121147
Ncor2,164.31225137648772,0.09706734360532131,0.21202608225361927,0.45780850437642034,0.6470900253791789,0.9981171756121147
Ncr1,0.27385111092212117,1.468507008457143,4.1863062795273285,0.3507882391784651,0.7257472210175899,0.9981171756121147
Ncstn,105.56279602497278,0.005374333803025222,0.24977393348906715,0.021516792116581942,0.9828334083919171,0.9981171756121147
Ndc1,51.30795826806406,0.07083999011695369,0.31192178797873116,0.22710818175286943,0.8203396221495298,0.9981171756121147
Ndc80,0.8701800224423412,-0.632949161712605,2.0386395279498615,-0.31047625292987635,0.7561988152723432,0.9981171756121147
Nde1,272.19385822217714,0.0024599080116730716,0.26236716652424125,0.009375822608679162,0.9925192854958791,0.9981171756121147
Ndel1,170.46399034342585,-0.006434906617235021,0.19674102330631585,-0.032707497953877146,0.9739078445892059,0.9981171756121147
Ndn,223.93589788412123,0.12486434913099236,0.2133386062912479,0.5852871700142669,0.5583546402487699,0.9981171756121147
Ndor1,77.94691453633926,0.3411551031588313,0.2922693881777588,1.167262522037854,0.243104368811497,0.9981171756121147
Ndrg2,1070.8552557846326,-0.11379335067678076,0.16624633231206087,-0.6844863829126728,0.49366808512937355,0.9981171756121147
Ndrg4,615.2266274710986,0.037117035706231864,0.2049553006972291,0.18109819838747734,0.8562904986958024,0.9981171756121147
Ndst1,96.51212301631193,-0.07335737636601253,0.24878609114023953,-0.294861244170846,0.7680998789947784,0.9981171756121147
Ndst2,60.69416078579605,0.24451091069988382,0.28846443278377415,0.8476293189433277,0.39664444087276074,0.9981171756121147
Ndst3,8.46753278381777,-0.5732835100830735,0.712430536858722,-0.8046868858412761,0.4210003891499635,0.9981171756121147
Ndufa12,20.960220868225345,-0.3933220903446338,0.4403808162300523,-0.8931408359513205,0.37178175685076364,0.9981171756121147
Ndufa9,208.4306112665164,0.1527055717918946,0.197998761741157,0.7712450848128332,0.44056167555263803,0.9981171756121147
Ndufaf6,38.74502250245231,0.14323474840243655,0.34095189119317765,0.42010251915946145,0.6744105624646171,0.9981171756121147
Ndufs1,426.25889506075185,0.016175770945124502,0.16089330033098279,0.10053725613091659,0.9199178065444283,0.9981171756121147
Ndufs4,49.61065627857326,0.18005783023257863,0.292544859159334,0.6154879314919374,0.5382325369823744,0.9981171756121147
Ndufv2,91.79739201770211,-0.28461763832087666,0.24316031802054497,-1.1704937739751964,0.24180231821569342,0.9981171756121147
Neat1,618.5953898063515,0.12362482804671873,0.6865470110176395,0.18006753516190377,0.8570995491659682,0.9981171756121147
Nectin2,6.508612082883876,0.6007611450349015,0.7674696998380012,0.7827815810340281,0.4337553855513273,0.9981171756121147
Nectin3,45.86566391232129,0.02983212036473762,0.3255791338446329,0.09162786328614529,0.9269937128666355,0.9981171756121147
Nedd4,933.398142872973,-0.06199700648367932,0.14974142747144897,-0.414027083423525,0.6788542722526139,0.9981171756121147
Nedd4l,240.1971960687605,0.10752423466679464,0.20602377420789084,0.5219020721283165,0.601738515503563,0.9981171756121147
Nefh,44.00208025034465,-0.3441242914756302,0.38399831558391456,-0.8961609400612832,0.37016681367610826,0.9981171756121147
Nefl,237.09203971331377,-0.044014004905217695,0.24227511098869275,-0.1816695273633447,0.855842081623198,0.9981171756121147
Nefm,93.20049910946143,-0.1553685690924995,0.2808100235362573,-0.5532871196545405,0.5800668194902067,0.9981171756121147
Neil1,54.49990247109884,-0.025655764571669036,0.31017143612142306,-0.08271478796527722,0.9340783260718395,0.9981171756121147
Nek2,2.726371391894952,-0.36838368771733593,1.1753529855839036,-0.3134238754107785,0.7539586474000924,0.9981171756121147
Nek7,208.98856517752276,-0.1569902611270765,0.19537424346228677,-0.8035361178884384,0.42166492960565627,0.9981171756121147
Nelfb,132.1423161243531,0.05577318902586694,0.219330651006005,0.2542881661548524,0.7992729414398899,0.9981171756121147
Nelfe,67.80956304283036,0.07604428816624693,0.2900207697198648,0.26220290443232463,0.7931650142967062,0.9981171756121147
Nell1,15.810622995913151,0.11820795119017534,0.567166519762591,0.20841842222925244,0.8349022732913794,0.9981171756121147
Neo1,243.1224789407855,0.05024703866827938,0.1923214453047947,0.2612659164902121,0.7938874486649188,0.9981171756121147
Nes,8.627953638090224,1.928099009530816,0.8141029915440429,2.3683723430053334,0.017866544906921526,0.9981171756121147
Neu1,93.90859046332766,-0.08085736757182281,0.24945191629225727,-0.324140093905274,0.7458319736022835,0.9981171756121147
Neurod1,0.4280246584486249,-0.2626097938833926,2.8816131467179664,-0.09113291080813324,0.9273869823965722,0.9981171756121147
Neurod2,2.4927740995191088,0.07330657044881224,1.1641408380434184,0.06297053419414375,0.9497899680460439,0.9981171756121147
Neurod4,0.14583914317023747,1.4685041306821252,4.434566981015867,0.33114938549100936,0.740531649762339,0.9981171756121147
Neurod6,11.855056040380143,-0.44694022540826794,0.5878254162292353,-0.7603281740951021,0.44705844497695624,0.9981171756121147
Neurog1,1.2690125889240946,-0.38668033533152296,1.7183603474669358,-0.22502866520490594,0.821956974479774,0.9981171756121147
Neurog2,0.27144464722534656,-1.3554418184190844,4.1182740685403,-0.3291286096700973,0.7420584804245125,0.9981171756121147
Neurog3,0.19353026122812536,1.4685041306821252,4.434566981015867,0.33114938549100936,0.740531649762339,0.9981171756121147
Nf1,521.3974165288263,-0.076135942156671,0.16239083417682368,-0.46884383926354056,0.6391812616395962,0.9981171756121147
Nf2,140.27355116224308,0.08614969708373978,0.21988039528936712,0.3918025386954804,0.6952041191315441,0.9981171756121147
Nfat5,260.3409261664662,-0.01115165614997745,0.2123339675201384,-0.05251941684233726,0.9581148242812717,0.9981171756121147
Nfatc1,8.721173047923743,-0.368732197964861,0.6923350591082085,-0.532592121565853,0.5943159570071488,0.9981171756121147
Nfatc2,22.573411348708756,0.051421574989263565,0.4503109418325304,0.11419126255294754,0.9090861780756525,0.9981171756121147
Nfatc3,97.81657433301937,-0.08077794829889656,0.25930177720474673,-0.3115209975406904,0.7554045827427589,0.9981171756121147
Nfe2,0.0,,,,,
Nfe2l1,383.5224067928725,0.37548368774389485,0.20084935511972007,1.8694791801551003,0.06155617757980378,0.9981171756121147
Nfe2l2,99.91323406822265,0.07218498324917864,0.2319258275621652,0.3112416758751469,0.7556169025190208,0.9981171756121147
Nfia,263.7370027045518,-0.07861599262975401,0.1939697249665619,-0.4053003253126563,0.6852567674043436,0.9981171756121147
Nfib,157.73106747276168,0.02759497147117325,0.21054484830643497,0.13106457694472048,0.8957242228923249,0.9981171756121147
Nfil3,17.894424228241277,0.0556486107692971,0.5278833082574422,0.10541839436635105,0.9160438207946947,0.9981171756121147
Nfix,395.8678518814132,-0.4214943170119883,0.16453005434354004,-2.56180743812255,0.010412903458248067,0.9981171756121147
Nfkb1,49.996401369753464,0.2332431592352972,0.31112222914480736,0.7496833635977118,0.45344542954228095,0.9981171756121147
Nfkb2,21.337062627698955,0.026005740774352675,0.4526165505711071,0.0574564512533598,0.95418159563276,0.9981171756121147
Nfkbib,133.34933059253274,0.05334684173016577,0.22154890963680016,0.2407903600952981,0.8097176013664844,0.9981171756121147
Nfkbie,4.490565471982436,0.21051357845136673,0.881237809255108,0.23888396099267403,0.8111955628302122,0.9981171756121147
Nfu1,75.54445553587901,0.2392149442930424,0.254158428154668,0.9412040593336856,0.34660029689502336,0.9981171756121147
Nfya,30.762768200167546,-0.3006027163139431,0.40133084230913335,-0.7490147395210599,0.45384832157716315,0.9981171756121147
Nfyc,44.007208986654284,0.022829178496968403,0.3123477186737909,0.073088987471718,0.9417353049447801,0.9981171756121147
Ngb,2.8923481003947296,0.7855242047847362,1.1820477686231912,0.6645452287429027,0.5063414112055531,0.9981171756121147
Ngf,3.4268789595090348,-0.24924404440684278,1.140795415358597,-0.21848268414411143,0.8270530484980555,0.9981171756121147
Ngfr,23.99270625383674,-0.03766482177792989,0.44901981428375587,-0.0838823156123079,0.9331500000976565,0.9981171756121147
Nhlh1,0.39045035994830113,1.1487373388080757,3.180510877058833,0.3611801321271904,0.7179647933759628,0.9981171756121147
Nhlh2,0.3945456241450471,0.5024832506138347,3.2738417065691423,0.15348428410743703,0.8780163829283766,0.9981171756121147
Nhsl1,52.10594252808942,0.007699005689831972,0.2935952071936147,0.026223199497785992,0.9790793117201438,0.9981171756121147
Nid1,5.922239219726073,-2.1199496145931773,0.9514989847717608,-2.2280103799603075,0.02587982282735084,0.9981171756121147
Nid2,1.6352154237697405,-0.2521167417206458,1.5012998460660076,-0.16793230371753531,0.8666365363104062,0.9981171756121147
Ninj2,134.0026623763399,-0.2593842633364679,0.29474600819005864,-0.8800263824750811,0.37884501759535916,0.9981171756121147
Ninl,14.697399454606511,0.5686842523722198,0.5022573636180803,1.132256674696861,0.25752653916295776,0.9981171756121147
Nipbl,169.35259074186547,-0.08653304507271614,0.2113658080893826,-0.40939944759713903,0.682246544976719,0.9981171756121147
Nipsnap2,160.97208517888524,-0.0017937140810712518,0.21949769839848837,-0.008171903824771972,0.9934798366753603,0.9981171756121147
Nkain1,162.85169401148673,-0.2684473889559264,0.22476089138629018,-1.1943687680725268,0.23233374827197362,0.9981171756121147
Nkain3,5.115909023474721,-0.057719686728444,0.8412160675414179,-0.06861457948269888,0.9452964134696,0.9981171756121147
Nkd2,1.0133874477438107,-2.056553668669026,2.077887372432077,-0.9897329835841481,0.322304648743008,0.9981171756121147
Nkx2-1,2.6705326568793577,1.6404215276597653,1.225892377153161,1.3381448145303327,0.1808492344437942,0.9981171756121147
Nkx2-2,54.949344866600576,-0.0994641543978504,0.3652058474983287,-0.2723509359972819,0.7853521945710651,0.9981171756121147
Nkx2-5,0.41969025409235866,2.40697739346095,3.347408063403607,0.719057057840018,0.47210576446248076,0.9981171756121147
Nkx3-1,0.0,,,,,
Nkx3-2,0.0,,,,,
Nkx6-1,0.2344943972204995,-1.2123042177937502,3.9780828204562106,-0.3047458468083683,0.7605597286868574,0.9981171756121147
Nkx6-2,966.2502023707192,-0.21399994545344148,0.14702952999470942,-1.4554895568335278,0.1455337792617808,0.9981171756121147
Nlgn2,115.1148106164117,0.28341192531715953,0.2372684844361443,1.194477749502521,0.23229113939174206,0.9981171756121147
Nlgn3,167.5286533053951,0.22701572653064256,0.26700023260933964,0.8502454260509943,0.39518865101259393,0.9981171756121147
Nlk,101.47449876257814,0.17412193752860733,0.23465111823891868,0.7420460589977613,0.45805942984397696,0.9981171756121147
Nlrc4,2.101969305012409,-1.0426000613390667,1.410369917992532,-0.739238725981241,0.4597620491789556,0.9981171756121147
Nlrc5,7.280763455765304,0.40434555722829085,0.7348736801291252,0.550224573503902,0.5821653508839458,0.9981171756121147
Nlrp12,0.4280246584486249,-0.2626097938833926,2.8816131467179664,-0.09113291080813324,0.9273869823965722,0.9981171756121147
Nlrp3,1.490486845128138,0.7145752608457611,1.5995939308775122,0.44672291326696667,0.6550751357625222,0.9981171756121147
Nlrp4e,0.29167828634047493,2.0902489199145853,4.023094876336202,0.5195624225044766,0.6033685947468979,0.9981171756121147
Nlrp4f,0.14583914317023747,1.4685041306821252,4.434566981015867,0.33114938549100936,0.740531649762339,0.9981171756121147
Nlrp6,0.5403847673152845,1.2822895876280194,2.7123605605263186,0.4727577912352472,0.6363859906844272,0.9981171756121147
Nlrp9b,0.6902377964730491,-0.22401490584622885,2.345988170255799,-0.09548850615977446,0.9239268192993406,0.9981171756121147
Nmb,9.569046062572655,-0.1417013035743161,0.6098597827394993,-0.2323506281030563,0.8162656926486058,0.9981171756121147
Nme5,5.995878644525393,0.02834842792882189,0.7831799554563611,0.03619656980662023,0.9711256210966757,0.9981171756121147
Nmrk1,12.369203742703242,-0.3317062548555145,0.5906806339952261,-0.5615661590459311,0.5744116425636034,0.9981171756121147
Nmt1,119.71277043684431,0.10341158283683843,0.21684533039225565,0.4768909833095103,0.6334397529727127,0.9981171756121147
Nmu,371.26897191895637,4.360841094529828,2.424735357034294,1.7984812577087153,0.07210077610948051,0.9981171756121147
Nmur1,0.3870605224562507,2.3594687187878343,3.671364721323727,0.6426680261657897,0.5204395322495254,0.9981171756121147
Nobox,0.0,,,,,
Noct,65.13234054526664,0.06829058461041182,0.2698386099736652,0.25307936702266814,0.8002068827104054,0.9981171756121147
Nod1,59.432770061128764,0.31884627418056216,0.281886396910694,1.131116214457052,0.2580061805609589,0.9981171756121147
Nod2,0.34338329038588994,-0.10621807815370968,3.317924511976791,-0.032013410121385144,0.974461356648966,0.9981171756121147
Nodal,0.7093608710595424,-0.9957126391358465,2.3569771920684537,-0.42245323479860303,0.6726942282562058,0.9981171756121147
Nog,6.107270612067136,-1.4517171444585004,0.8256712097720467,-1.7582266733743739,0.078708948470455,0.9981171756121147
Nos1ap,41.364787242696416,-0.1375604473666186,0.3203458028430497,-0.4294123604735193,0.6676231601536473,0.9981171756121147
Nos2,0.27144464722534656,-1.3554418184190844,4.1182740685403,-0.3291286096700973,0.7420584804245125,0.9981171756121147
Nos3,4.136134681162294,-0.035056589741209815,0.948991589423035,-0.03694088560102352,0.9705321399851354,0.9981171756121147
Nosip,348.1208842398271,0.15237678343608552,0.1701116345176427,0.8957458075584016,0.3703885391860715,0.9981171756121147
Notch1,54.477139271617936,-0.1350006339905168,0.309108329847765,-0.43674214168542225,0.6622983633970763,0.9981171756121147
Notch2,56.14463535299279,0.2353255159991029,0.2993313282678939,0.7861706870471391,0.43176749662516734,0.9981171756121147
Notch3,9.250179911226498,-0.34338287567862374,0.6484126079914728,-0.5295746434392891,0.5964068788053133,0.9981171756121147
Notch4,4.349013271148906,0.12201798548683788,0.8824131938125366,0.13827760774932368,0.8900210219188562,0.9981171756121147
Noto,0.0,,,,,
Nova2,36.82474769205609,0.05379171107359696,0.351381257186537,0.15308645516354524,0.878330097185465,0.9981171756121147
Nox1,0.0,,,,,
Nox3,0.0,,,,,
Nox4,0.5554125777050319,1.4258276061704587,2.6776449184211204,0.532493160822534,0.5943844773758302,0.9981171756121147
Noxo1,8.58267195228024,1.1900025043633118,0.6848294127867127,1.7376626677305598,0.08227027046800588,0.9981171756121147
Npas1,0.5403847673152845,1.2822895876280194,2.7123605605263186,0.4727577912352472,0.6363859906844272,0.9981171756121147
Npas2,73.09782340113217,0.012796244133230472,0.30119991128832224,0.04248422278246067,0.9661126887905506,0.9981171756121147
Npas4,17.89314417127597,0.7972576956148927,0.5629640820248311,1.4161786179099922,0.15672321456808433,0.9981171756121147
Npbwr1,1.3223561322080333,0.6747591784179231,1.911625751533098,0.35297661055087554,0.7241059754374226,0.9981171756121147
Npc1,1429.0181588336839,0.019119526964916263,0.16375369785976754,0.11675783334852993,0.9070519592452875,0.9981171756121147
Npc1l1,2.0878385994673176,-0.9152496518719181,1.3875036869213504,-0.6596376359206015,0.5094863961805826,0.9981171756121147
Npepps,510.8516260438094,-0.004083741506158482,0.16995894125125408,-0.02402781210622745,0.980830424255228,0.9981171756121147
Npffr2,2.6171315065832643,0.11821709477553323,1.1729713809294169,0.10078429593215019,0.9197216933899983,0.9981171756121147
Nphs1,4.362745182370514,0.2976828469420501,0.9212560708299098,0.323127148213942,0.7465989508522268,0.9981171756121147
Nphs2,0.5920897713606995,-0.8974702299529708,2.581756327497456,-0.3476200369470596,0.7281255563973165,0.9981171756121147
Nploc4,120.53027867178548,0.2008102030475512,0.21769438260266424,0.9224409038338391,0.35629864215991736,0.9981171756121147
Nppa,0.4020307258338434,-1.7948158324823222,3.6380678575891334,-0.49334314332215534,0.6217701489177591,0.9981171756121147
Nppb,0.0,,,,,
Npr1,18.652424231042104,0.5113709117766638,0.48871100244809246,1.0463666854543103,0.29539176777465004,0.9981171756121147
Npsr1,1.3745116445974348,0.37707030104264133,1.5822423437036266,0.2383138730569021,0.8116376621380448,0.9981171756121147
Nptx2,14.106782023653798,0.430700486967448,0.5288654871112243,0.8143856944041209,0.41542403132695316,0.9981171756121147
Nptxr,37.88777386963937,0.09564487519103801,0.3413577925440894,0.28018951750950466,0.7793321085287934,0.9981171756121147
Npy1r,5.1489218516076924,-0.6620357611495308,0.9026489826569101,-0.7334365560362742,0.4632922099722825,0.9981171756121147
Npy2r,5.591614995146266,-0.3629843915353837,0.8222212370066858,-0.4414680322012069,0.6588741996870415,0.9981171756121147
Npy4r,0.2815614667829107,0.5020161678893961,3.624618577878668,0.13850179187218215,0.8898438535561748,0.9981171756121147
Nqo1,24.808114389174577,0.3215067078326153,0.3926362177258024,0.8188411901857194,0.4128770268441839,0.9981171756121147
Nr0b1,0.09877207360782624,-0.45211653757778947,4.435042509789109,-0.10194187239014495,0.9188028137063071,0.9981171756121147
Nr0b2,0.27144464722534656,-1.3554418184190844,4.1182740685403,-0.3291286096700973,0.7420584804245125,0.9981171756121147
Nr1d1,225.39314039192405,0.4166062894788149,0.26192351013628007,1.5905647005954242,0.11170757390788862,0.9981171756121147
Nr1h2,97.90188006198268,0.04466198108855866,0.31606228987230034,0.14130752867291946,0.8876270022748777,0.9981171756121147
Nr1h3,5.340016987200578,0.1366092558816981,0.8098693984331251,0.16868059979300304,0.8660478792249102,0.9981171756121147
Nr1h4,0.0,,,,,
Nr1i2,0.09877207360782624,-0.45211653757778947,4.435042509789109,-0.10194187239014495,0.9188028137063071,0.9981171756121147
Nr1i3,0.19754414721565247,-1.047741613991868,4.3594515893970955,-0.24033793987760943,0.8100682850102667,0.9981171756121147
Nr2c2,127.25812509058086,0.10684507378117472,0.22320784437433902,0.4786797438981858,0.6321664782684738,0.9981171756121147
Nr2e1,28.164608969538975,-0.22653429334973998,0.3859758754980486,-0.5869130889525899,0.5572620786271718,0.9981171756121147
Nr2e3,0.09877207360782624,-0.45211653757778947,4.435042509789109,-0.10194187239014495,0.9188028137063071,0.9981171756121147
Nr2f1,57.81393887234529,0.05122176995715429,0.2829268692197379,0.18104243721501193,0.8563342662692286,0.9981171756121147
Nr2f2,8.196950686506963,0.13726615900469036,0.6606086404617192,0.2077874108772645,0.8353949627491143,0.9981171756121147
Nr3c1,191.80898468097266,-0.09570915877481638,0.2051604581143397,-0.4665087983059382,0.6408513513302775,0.9981171756121147
Nr3c2,77.22626865742093,0.15787292554712565,0.26056188241874595,0.6058941702509268,0.5445850309033973,0.9981171756121147
Nr4a1,40.29553772383387,0.5782982294576864,0.4133794620424526,1.3989524941572866,0.16182722932044946,0.9981171756121147
Nr4a2,5.475681703801096,-0.3918017231436984,0.8232887727514716,-0.4758982948768726,0.6341468370221509,0.9981171756121147
Nr4a3,14.174220264793654,0.3669130124673981,0.5191764650182668,0.706721196336372,0.47973975462074847,0.9981171756121147
Nr5a1,0.09877207360782624,-0.45211653757778947,4.435042509789109,-0.10194187239014495,0.9188028137063071,0.9981171756121147
Nr5a2,0.44215536399371613,-0.5846022634823556,3.022495803193158,-0.19341706376059956,0.8466323528022254,0.9981171756121147
Nr6a1,10.144032223208166,-0.001455233482333508,0.597227584359754,-0.0024366481395757407,0.9980558379931543,0.9994278384364038
Nrarp,14.973349394593946,0.37644558364511044,0.5463292723345009,0.6890452382983869,0.4907947996808413,0.9981171756121147
Nras,59.02255199959337,-0.19873427381196818,0.28132949223842985,-0.706411091957393,0.47993252499975436,0.9981171756121147
Nrcam,117.8861391674065,0.010244704598534032,0.23903001333927845,0.04285949055273126,0.9658135409135518,0.9981171756121147
Nrep,22.114082521980876,-0.025030076175586384,0.4248806191538607,-0.05891084471076408,0.9530231202249889,0.9981171756121147
Nrf1,40.09497978399268,-0.09019497725318026,0.3245404965461353,-0.2779159402695945,0.7810768871861905,0.9981171756121147
Nrg1,15.507156506794047,0.03914528990044212,0.5170202010866972,0.07571326965206529,0.9396472186427255,0.9981171756121147
Nrip1,78.70805069309026,-0.06641980133122105,0.2539761032028174,-0.26151988511368046,0.7936916168408784,0.9981171756121147
Nrip3,19.13371666442188,-0.10640674108988102,0.49432560825979155,-0.21525638023179092,0.8295674359587228,0.9981171756121147
Nrl,0.14583914317023747,1.4685041306821252,4.434566981015867,0.33114938549100936,0.740531649762339,0.9981171756121147
Nrn1,22.68604137197559,-0.2766592944743595,0.4551283261851953,-0.6078709642031479,0.5432730585271517,0.9981171756121147
Nrp1,10.309335091382236,0.5403428681232554,0.6093705053385886,0.8867230418758469,0.3752280297193118,0.9981171756121147
Nrp2,21.02053379390271,-0.48513889062179694,0.45517693109558777,-1.0658248638701708,0.28650281904061603,0.9981171756121147
Nsf,339.273132707144,0.08938511065933016,0.17996075071344117,0.4966922526438097,0.6194060865766664,0.9981171756121147
Nsmce3,19.198780805998584,-0.05710305786456068,0.4413193011651123,-0.12939170735067515,0.8970477090977339,0.9981171756121147
Nsmf,839.5234502195276,-0.13595202305882997,0.16837191734890933,-0.8074507031781488,0.4194068651716436,0.9981171756121147
Nsun2,90.91098760742479,-0.0200369990235244,0.2832917839957118,-0.07072919214567726,0.9436132870403264,0.9981171756121147
Nt5c1b,0.4274006099531482,1.145664446309638,3.0895136702297776,0.3708235562603712,0.7107689549486119,0.9981171756121147
Nt5e,59.54256045774121,0.007890593184744943,0.30402852476853803,0.025953463382267117,0.9792944567751227,0.9981171756121147
Ntf3,0.7012517208752693,1.9125830344126848,2.467758086123168,0.7750285755997016,0.4383227743737196,0.9981171756121147
Ntf5,0.0,,,,,
Nthl1,32.046728128632516,0.22300764830684097,0.36130151552608025,0.6172341900701033,0.5370802673003516,0.9981171756121147
Ntmt1,24.858441204407324,0.19537949217978914,0.4160834729179209,0.46956801915160623,0.6386636778863762,0.9981171756121147
Ntn1,15.719731097200034,-0.18559279508478574,0.5454540951519733,-0.34025373855351887,0.7336654521826915,0.9981171756121147
Ntn4,7.9239464191680495,0.7010236070975657,0.6831567389543963,1.0261533951498678,0.3048192851432845,0.9981171756121147
Ntng1,12.159279651302034,0.27071363433723233,0.564102780540801,0.47990125855735244,0.6312976062857735,0.9981171756121147
Ntng2,72.13370134207965,-0.17372273959101384,0.270433705087902,-0.6423856801967301,0.5206227950931855,0.9981171756121147
Ntrk1,10.28517437212419,-0.6445397255791664,0.5993837844756428,-1.0753372751700772,0.2822237533734563,0.9981171756121147
Ntrk2,581.5384298150342,-0.16250591305182002,0.20106764837877789,-0.8082151174598015,0.4189667565652918,0.9981171756121147
Ntrk3,42.50831979250373,-0.20885172789458878,0.3411769970107511,-0.6121506717172011,0.54043807468263,0.9981171756121147
Nts,9.087942584035769,-0.20388040236760985,0.6315119972649521,-0.3228448600352899,0.7468127371963199,0.9981171756121147
Ntsr1,1.7531801556852644,0.36660869882844654,1.4605877657767001,0.25100080078617815,0.8018134900665909,0.9981171756121147
Ntsr2,504.8531543109819,-0.10660209383257654,0.1966453645320947,-0.5421032633351391,0.58774737077236,0.9981171756121147
Nuak2,2.0439731316690977,-0.03346429927529057,1.3358854651235825,-0.025050275752640808,0.9800148619216714,0.9981171756121147
Nubpl,7.045613893101557,-0.1110619440417917,0.7219212458653615,-0.15384218801964,0.8777341685481217,0.9981171756121147
Numb,37.72423902722283,-0.17268382883445196,0.36108912992102576,-0.47823048251887246,0.6324861689308283,0.9981171756121147
Nup155,29.54264037607659,0.22816048930973823,0.38609943568124355,0.5909371219545196,0.5545625519556887,0.9981171756121147
Nup205,62.83123588028025,0.19717588385719292,0.29857646117708225,0.660386565906313,0.5090057909774279,0.9981171756121147
Nup62,19.484528743374597,0.4523627064625373,0.513206788736246,0.8814433409512468,0.37807790804910746,0.9981171756121147
Nup98,90.91151192156973,0.04650182640837294,0.2650831604515607,0.17542354002856522,0.8607468451069653,0.9981171756121147
Nxn,8.684649065634602,0.25509403232878014,0.6597268594822342,0.3866661310848896,0.6990033929860937,0.9981171756121147
Nxph2,4.783319294060459,-0.4810310716000095,0.96351864563916,-0.49924417527064313,0.6176073773369514,0.9981171756121147
Nxph4,9.375017964684327,0.7669081930252618,0.642109041392319,1.1943581908803749,0.23233788397191246,0.9981171756121147
Nyap1,37.19458058242992,0.07985751019704289,0.355384658381789,0.22470725258841118,0.8222070221426361,0.9981171756121147
Nyap2,42.47230805967074,0.04033710567403921,0.36749710846841377,0.10976169538353299,0.9125983700932878,0.9981171756121147
Oasl2,3.1834106903156414,-0.3713450113031318,1.0649735407895307,-0.34868942474179293,0.7273224844111719,0.9981171756121147
Oc90,0.0,,,,,
Oca2,0.3870605224562507,2.3594687187878343,3.671364721323727,0.6426680261657897,0.5204395322495254,0.9981171756121147
Ocln,3.3130300803582773,-1.171042228418905,1.088350237277807,-1.0759792099167709,0.2819365544810807,0.9981171756121147
Ocstamp,0.0,,,,,
Odam,0.2815614667829107,0.5020161678893961,3.624618577878668,0.13850179187218215,0.8898438535561748,0.9981171756121147
Odc1,63.03429839452861,0.4199138836949553,0.30072875211112204,1.3963210392992065,0.1626178409075003,0.9981171756121147
Odf2,151.7729457059037,-0.023550068553156625,0.1996682189120957,-0.11794600403344403,0.9061104416686294,0.9981171756121147
Odr4,156.8746273711976,-0.06962692836281416,0.2126884182487134,-0.327365866633104,0.7433911798742177,0.9981171756121147
Ofd1,21.307640109278005,0.1631697963398059,0.424102176905653,0.38474170901533744,0.7004287901096404,0.9981171756121147
Ogdh,257.47127424676097,-0.07531456402488233,0.17950235049260782,-0.4195742496864068,0.6747965028912506,0.9981171756121147
Ogg1,24.961924985173606,-0.334544942469424,0.44581441669946137,-0.7504130192697472,0.4530059921593128,0.9981171756121147
Ogn,1.3903311506424973,-1.3805046890747859,1.7246873315317452,-0.8004376583718043,0.4234572696942319,0.9981171756121147
Ogt,186.79995585923152,0.1246728953381891,0.18941624053285885,0.6581953848701878,0.510412589995333,0.9981171756121147
Olfm3,19.922816245865473,-0.06443934497308104,0.46947897219959994,-0.1372571484323786,0.890827540386015,0.9981171756121147
Olfml3,8.696371317829874,0.3358169289776237,0.6416423288958079,0.5233709090787787,0.6007161643483829,0.9981171756121147
Olfr17,0.336737686529595,-1.5694851248218602,3.5623707969401486,-0.44057320652020526,0.6595220035413772,0.9981171756121147
Olig1,355.6244387922241,-0.1037814026558942,0.1814195903667424,-0.5720517968654794,0.5672868841169495,0.9981171756121147
Olig2,886.5722744859676,0.30670462105695245,0.2472591433603971,1.2404177127230016,0.2148209328493672,0.9981171756121147
Olig3,0.27385111092212117,1.468507008457143,4.1863062795273285,0.3507882391784651,0.7257472210175899,0.9981171756121147
Olr1,0.4750917280110361,1.2798485405357827,2.7968690364356634,0.45760045388711684,0.6472395173580121,0.9981171756121147
Omp,5.771389573955719,-0.08027287898733591,0.8280122830302984,-0.09694648332215453,0.9227688942807621,0.9981171756121147
Onecut1,0.3468545060871591,0.5022934414257615,3.404314214859431,0.1475461457797608,0.8827009591994037,0.9981171756121147
Onecut2,13.175752321236851,-0.7673345291149172,0.594273359824558,-1.2912147523177726,0.19662922102792912,0.9981171756121147
Onecut3,0.9874511221411839,-0.6012363020079099,1.9384872963135669,-0.31015746306477465,0.7564412160646999,0.9981171756121147
Opa1,202.37465378105648,-0.11349698005967426,0.18967945301020747,-0.5983620168578118,0.5495984041743407,0.9981171756121147
Opalin,414.37852905508345,-0.5490080572747683,0.24378603537342136,-2.2520078167472573,0.02432177804751729,0.9981171756121147
Opn1mw,0.380333540390737,-0.260574422223632,2.981357064725813,-0.08740127954032781,0.9303525523464115,0.9981171756121147
Opn1sw,0.09877207360782624,-0.45211653757778947,4.435042509789109,-0.10194187239014495,0.9188028137063071,0.9981171756121147
Opn3,4.6724933259979435,-0.45594152422508966,0.9499380255845743,-0.4799697579686966,0.6312488972402339,0.9981171756121147
Opn4,0.48922243355612743,0.5276158540749938,2.863457459853754,0.18425831760110759,0.8538108117395532,0.9981171756121147
Oprd1,16.181220102880577,-0.2071464994170997,0.501593563147067,-0.4129767896490419,0.679623619075381,0.9981171756121147
Oprk1,4.114062472592768,0.008094404710338253,0.9548892736911864,0.008476799282757474,0.9932365737262951,0.9981171756121147
Oprl1,7.5588201308149126,0.3983691423864089,0.7044777583552195,0.5654815040811251,0.571746301270873,0.9981171756121147
Oprm1,16.74085368275666,-0.33418855925221297,0.4899455193652389,-0.6820933063847164,0.49517995287269456,0.9981171756121147
Orai1,1.4793866517752978,1.6351711792203294,1.584290898529964,1.0321154913769792,0.30201801757148417,0.9981171756121147
Orc1,0.27385111092212117,1.468507008457143,4.1863062795273285,0.3507882391784651,0.7257472210175899,0.9981171756121147
Orm1,0.14583914317023747,1.4685041306821252,4.434566981015867,0.33114938549100936,0.740531649762339,0.9981171756121147
Osgep,103.31110820109932,0.05698262264018174,0.22913537550778232,0.2486854005580923,0.8036041427978938,0.9981171756121147
Osm,0.14583914317023747,1.4685041306821252,4.434566981015867,0.33114938549100936,0.740531649762339,0.9981171756121147
Osmr,4.612393127955065,-0.32286435070047376,0.8975600589072493,-0.359713366806396,0.7190614950025318,0.9981171756121147
Osr1,0.3468545060871591,0.5022934414257615,3.404314214859431,0.1475461457797608,0.8827009591994037,0.9981171756121147
Osr2,0.0,,,,,
Otc,0.24461121677806372,0.5095569421313735,3.7994315150776345,0.13411399576732771,0.8933124326044014,0.9981171756121147
Otof,79.2586955588266,0.08700812055536085,0.38257295635373084,0.2274288318354428,0.8200903030502278,0.9981171756121147
Otp,0.0,,,,,
Otud5,149.24104503759636,-0.05372592624843442,0.2005603313589541,-0.26787912586900403,0.7887923618129187,0.9981171756121147
Otud7b,498.29527393565064,-0.1404929549140385,0.17610914690055726,-0.7977606920858574,0.4250093760754292,0.9981171756121147
Otx1,4.897497383813495,-0.4993729938674872,0.9072403489482171,-0.5504307590005457,0.5820239562775048,0.9981171756121147
Otx2,1.7462855264599122,0.6957876389933333,1.475754945197424,0.4714791173545768,0.6372986288297281,0.9981171756121147
Ovol1,0.0,,,,,
Oxt,0.0,,,,,
Oxtr,2.59252954692221,-0.7522150340829132,1.2359503070509499,-0.6086126843382098,0.5427811948642985,0.9981171756121147
P2rx3,1.83435030804673,0.27360539027718384,1.373136345402018,0.19925580674734772,0.8420626470526593,0.9981171756121147
P2rx4,85.41176192650168,-0.08434502418849746,0.2960713272438789,-0.2848807582066907,0.7757354981518462,0.9981171756121147
P2rx7,99.69629560033856,0.04930829552219893,0.2503953252973038,0.19692178942898927,0.8438887420345392,0.9981171756121147
P2ry1,6.137325695952641,0.2633235774364164,0.8051925502292756,0.3270318104178137,0.7436438256447824,0.9981171756121147
P2ry12,130.81908368989312,0.1306882404504611,0.2639556281310159,0.4951144303147543,0.6205193482274087,0.9981171756121147
P2ry13,13.082024303263807,-0.044775453766625326,0.5397761136630423,-0.0829518991916278,0.933889786615174,0.9981171756121147
P2ry2,0.7665447601795178,1.912752812712167,2.4228339273393007,0.789469220786712,0.4298378123840777,0.9981171756121147
P3h1,12.738478279811646,0.49723626430010626,0.564137594275,0.8814095521131298,0.37809618942574785,0.9981171756121147
P3h3,10.466622518963254,0.3554258863531179,0.5895424141645335,0.6028843350597727,0.5465856377281262,0.9981171756121147
P4hb,405.45560835254065,0.25315261009247453,0.18251221633851203,1.387044742380111,0.16542812000119222,0.9981171756121147
Pa2g4,170.13312594591972,0.05673230788179986,0.22027828125945143,0.25754835001176796,0.7967554958120454,0.9981171756121147
Pacsin3,157.12152788393112,-0.1359044456320368,0.2228913530352773,-0.6097340420851903,0.5420380001871896,0.9981171756121147
Padi2,284.12796598757575,-0.052509021973467615,0.247180731601656,-0.2124316957605276,0.8317702603706822,0.9981171756121147
Padi4,0.336737686529595,-1.5694851248218602,3.5623707969401486,-0.44057320652020526,0.6595220035413772,0.9981171756121147
Padi6,0.0,,,,,
Pafah1b1,422.837536351006,-0.17000092362703587,0.16507526250877483,-1.0298388810255517,0.30308564553436423,0.9981171756121147
Pafah1b2,502.7467372042225,-0.23834078274670395,0.18239024322624492,-1.3067627880240036,0.19129328687819525,0.9981171756121147
Pafah1b3,9.430336138203515,0.24500460683438074,0.6474155966171218,0.3784348231871145,0.7051076031505841,0.9981171756121147
Pah,0.6720118267312118,0.9037217201941373,2.3773168858761715,0.38014356670884725,0.7038388473771169,0.9981171756121147
Paip1,529.144747150291,-0.15002785925087106,0.1560349528501796,-0.9615016155702217,0.3363000135574963,0.9981171756121147
Pak1,1493.0375261953607,-0.07840797303718043,0.1630452314272742,-0.48089706366023993,0.6305896598060816,0.9981171756121147
Pak2,427.0860946060591,-0.07253537604956917,0.19148455624251573,-0.3788053588912043,0.7048324076205847,0.9981171756121147
Pak3,102.27713833400378,0.0643829154137314,0.23862835347331215,0.2698041304673876,0.787310944978926,0.9981171756121147
Pakap,39.17850722855285,-0.3384518327996539,0.32611054640769027,-1.0378438738885036,0.29934274711724984,0.9981171756121147
Pald1,5.051018220906058,0.5309926641078067,0.8771071267856337,0.605390889997388,0.5449193026860355,0.9981171756121147
Palmd,6.534990090893605,-0.4057095806313974,0.7588917803490998,-0.5346079521967756,0.5929209835878725,0.9981171756121147
Panx1,21.163162796936856,0.3595956915727095,0.4749080536426554,0.757190131467611,0.44893596165139604,0.9981171756121147
Panx2,70.8271527546462,-0.11448398292758906,0.3078954190853983,-0.3718274967119132,0.7100212897553948,0.9981171756121147
Panx3,0.13572232361267328,-0.46032403864503774,4.433790464391391,-0.10382178462017705,0.9173107782646794,0.9981171756121147
Pard3,409.28115277552087,-0.17163729904037991,0.19038325582312446,-0.9015356854693121,0.36730356901568395,0.9981171756121147
Pard6a,17.07687342897852,0.1846590509667967,0.5141447985655418,0.3591576759737594,0.7194771367778725,0.9981171756121147
Pard6b,7.492183390165338,0.3691721655249051,0.6924384409047375,0.5331479936939175,0.5939311385545882,0.9981171756121147
Park7,505.0552371980089,0.10723211682916851,0.15868883754104826,0.6757382465633767,0.4992068484154347,0.9981171756121147
Parp1,140.71611219620658,0.03816522062654153,0.21091972696386166,0.18094666239104623,0.8564094420403152,0.9981171756121147
Parp2,58.53779770767371,-0.00957010071211154,0.3276577573579801,-0.029207612202679506,0.9766990101652978,0.9981171756121147
Parpbp,1.9448466235028732,-0.8179468855918491,1.3648768383600531,-0.5992825598642589,0.5489844757930362,0.9981171756121147
Parva,19.149638378104825,0.2501195320617338,0.4748229599999918,0.5267637690935125,0.5983576458369415,0.9981171756121147
Parvb,224.45718864269432,-0.029511765854407342,0.21460533262338333,-0.13751646100145298,0.8906225823528281,0.9981171756121147
Patj,9.570494376430274,0.745749449630983,0.6373635574368532,1.1700534819248245,0.2419794469402754,0.9981171756121147
Patz1,65.77183198031682,0.0629264895708106,0.26435886855026886,0.23803434292140985,0.8118544578081446,0.9981171756121147
Pawr,0.3332664708283257,-1.6657536247670026,3.529127732487606,-0.47200151171429805,0.6369257095614138,0.9981171756121147
Pax1,0.913007951845232,1.106891365003813,1.9680105390358151,0.5624417873016629,0.5738150549991523,0.9981171756121147
Pax2,0.09877207360782624,-0.45211653757778947,4.435042509789109,-0.10194187239014495,0.9188028137063071,0.9981171756121147
Pax3,0.2010153629169217,-0.46032403864503774,4.433790464391391,-0.10382178462017705,0.9173107782646794,0.9981171756121147
Pax4,0.2010153629169217,-0.46032403864503774,4.433790464391391,-0.10382178462017705,0.9173107782646794,0.9981171756121147
Pax5,0.0,,,,,
Pax6,16.61830688340105,-0.3740605222227229,0.50739529632804,-0.7372171656492578,0.4609902962098199,0.9981171756121147
Pax7,0.29167828634047493,2.0902489199145853,4.023094876336202,0.5195624225044766,0.6033685947468979,0.9981171756121147
Pax8,0.438141478006189,1.284343193551702,2.862034917716106,0.44875175547355073,0.6536107447884214,0.9981171756121147
Pax9,0.2010153629169217,-0.46032403864503774,4.433790464391391,-0.10382178462017705,0.9173107782646794,0.9981171756121147
Paxbp1,207.29658069572278,-0.04521714304273796,0.1995739574754885,-0.22656835398121267,0.8207594022413547,0.9981171756121147
Paxip1,111.11878608753626,-0.13988647666390353,0.23609728679128927,-0.5924950623747048,0.5535191261743504,0.9981171756121147
Pbrm1,178.08791460313117,-0.08241567656434873,0.19741528850681336,-0.4174736272338113,0.676332010565819,0.9981171756121147
Pbx2,80.41434169248923,0.2761861204345376,0.25078920026844037,1.1012679977403843,0.27078003501853454,0.9981171756121147
Pbx3,137.17370148938917,-0.1746214214227552,0.23127017974572878,-0.7550537713714048,0.45021671934951957,0.9981171756121147
Pcbp3,67.65107746488253,0.20719234907936251,0.2626630305089996,0.7888142791844606,0.43022056251041674,0.9981171756121147
Pcdh10,587.5382924303929,0.07362555238375618,0.16509307454869102,0.4459639060270923,0.6556233185167772,0.9981171756121147
Pcdh11x,112.44190465129522,0.13009279589912023,0.2559182235538227,0.5083373668845437,0.611216769000261,0.9981171756121147
Pcdh15,71.62876519255185,0.2241112858785021,0.2795116189804458,0.8017959564470934,0.42267099805470343,0.9981171756121147
Pcdh20,16.759924296780504,0.48905993157874056,0.5037524929388464,0.9708337694283342,0.3316310633934856,0.9981171756121147
Pcdh8,40.503928332993354,-0.06544433829206645,0.3917916830799331,-0.16703861035946116,0.867339669014502,0.9981171756121147
Pcdha2,2.0351404167916587,-0.26573578784549484,1.4861904339838325,-0.17880332275667551,0.8580921361489684,0.9981171756121147
Pcdha7,7.233476022772301,-0.2273648983635632,0.6983547658095083,-0.3255722012579234,0.7447480473743716,0.9981171756121147
Pcgf1,10.789315768898378,0.049261414909908686,0.5852911601595808,0.08416565679289853,0.9329247231811395,0.9981171756121147
Pcgf2,12.788177249463862,0.7401412882866807,0.5658019053884823,1.3081279529776346,0.19082991378358038,0.9981171756121147
Pcif1,67.39599701549841,0.21837159973598336,0.2818628228209287,0.7747442445601199,0.4384908011523676,0.9981171756121147
Pclaf,0.4095734345347945,0.502544893843937,3.2344305285202872,0.1553735315730665,0.8765268494907043,0.9981171756121147
Pcm1,283.06641184866453,-0.09528148797959991,0.18605812857599519,-0.5121060214291165,0.6085768105616904,0.9981171756121147
Pcmtd2,173.7765762621306,0.15426695807860955,0.19940785422957966,0.773625285095345,0.43915241500697655,0.9981171756121147
Pcna,241.34485668517016,-0.006716899234593783,0.18075074104265773,-0.03716111588725699,0.9703565422099205,0.9981171756121147
Pcnt,103.57226007021137,0.009537441688886738,0.25413559612315895,0.0375289484605089,0.9700632588657552,0.9981171756121147
Pcp2,0.6391568409231108,0.38595324542878534,2.3204664277073532,0.16632571832125642,0.8679006276362037,0.9981171756121147
Pcsk1,8.602998740740434,0.3267632280414279,0.655482415505696,0.49850800008011564,0.618126031898032,0.9981171756121147
Pcsk4,2.662457082727117,2.546131899648904,1.3184455215886222,1.9311620070437325,0.053463020806418536,0.9981171756121147
Pcsk6,146.26591799553117,-0.09563941575441592,0.22894211040951057,-0.41774497309972786,0.6761335869644718,0.9981171756121147
Pcsk9,2.137752836235522,-0.1610911610838755,1.2831402211549,-0.12554447162359558,0.9000925202527833,0.9981171756121147
Pcx,364.3982914478891,0.011581867684322704,0.19569676222398438,0.059182725113595375,0.9528065688846811,0.9981171756121147
Pdap1,252.86338817210742,-0.056669540966421114,0.1960119957097327,-0.2891126166091439,0.7724951990252976,0.9981171756121147
Pdc,0.0,,,,,
Pdcd1,0.14583914317023747,1.4685041306821252,4.434566981015867,0.33114938549100936,0.740531649762339,0.9981171756121147
Pdcd1lg2,0.19353026122812536,1.4685041306821252,4.434566981015867,0.33114938549100936,0.740531649762339,0.9981171756121147
Pdcd4,294.1730382261273,-0.021077446380497383,0.17854797077105103,-0.11804920710930189,0.9060286687936511,0.9981171756121147
Pde10a,743.6822054798002,-0.059579412580194654,0.21594839186928413,-0.2758965327987194,0.782627537027744,0.9981171756121147
Pde12,15.747998951110326,-0.0394890629241395,0.4961094636792786,-0.07959747961927231,0.9365573998303809,0.9981171756121147
Pde1b,464.06922745799756,-0.10716630852700955,0.21904104828773932,-0.4892521715209857,0.6246631776867024,0.9981171756121147
Pde1c,178.30511071427603,0.1832437610608109,0.22034157413500377,0.8316349820961932,0.40561501017244284,0.9981171756121147
Pde3b,14.335976717664531,-0.3191487581093107,0.5353122253387756,-0.5961917979873063,0.5510471043060771,0.9981171756121147
Pde4c,0.5655293972625961,2.877426058746956,3.0581253075469936,0.9409117578164311,0.3467500816828668,0.9981171756121147
Pde6b,0.0,,,,,
Pde6c,0.0,,,,,
Pde6g,1.4726596697097845,0.5937530868798091,1.5261124263023238,0.38906248101159635,0.6972299270286494,0.9981171756121147
Pde7b,131.11818781700774,0.10154051724017892,0.27133716120862855,0.37422267111472207,0.7082386582743865,0.9981171756121147
Pde8a,595.1764960629101,-0.1583381286720778,0.14994533962453763,-1.0559723234383656,0.2909808596006367,0.9981171756121147
Pde8b,133.58207159235081,-0.11948882811733087,0.23998440742016583,-0.4979024654219691,0.6185527895145067,0.9981171756121147
Pdgfa,141.6874490137644,-0.17768916193160042,0.25859923010788594,-0.687121774714757,0.4920059936456961,0.9981171756121147
Pdgfb,13.400747039573695,0.04027770667395036,0.5303397936060358,0.07594698183985558,0.9394612786628629,0.9981171756121147
Pdgfra,36.74921184394163,-0.07212145115593115,0.3553058583259562,-0.2029841317442259,0.8391474350630033,0.9981171756121147
Pdgfrb,22.415832544569053,-0.017644890160910656,0.437417797991709,-0.04033875677195262,0.9678230554756352,0.9981171756121147
Pdia3,950.0312358188922,0.0377819510583485,0.1787739650437839,0.2113392240816231,0.8326225776739984,0.9981171756121147
Pdk1,60.66673149333625,-0.20846058997881908,0.31333010430441666,-0.6653066115099131,0.5058544026919547,0.9981171756121147
Pdk4,27.93232451283903,-0.1337265053815401,0.40610184135738814,-0.32929302889778006,0.7419342127136372,0.9981171756121147
Pdlim1,3.0829976183850296,0.6953362656726956,1.18187502268689,0.588333159027178,0.5563086928524336,0.9981171756121147
Pdlim4,18.041406031786003,0.22411806264173653,0.45742964470215736,0.4899508924212046,0.6241686489905829,0.9981171756121147
Pdpk1,131.49846131213744,0.07851300903311875,0.24958357197031267,0.3145760292366425,0.7530835816957586,0.9981171756121147
Pdpn,9.942172188582118,-0.6838862082306488,0.6636369164031904,-1.0305126061057701,0.30276943768388287,0.9981171756121147
Pdx1,0.0,,,,,
Pdxk,207.79915504381606,0.4230096671107691,0.20717108787645203,2.0418373598686412,0.04116766700555005,0.9981171756121147
Pdyn,143.82239461021905,0.19433709398843851,0.26365910063999315,0.7370771329975494,0.4610754442430395,0.9981171756121147
Pdzd7,3.7769880389844412,-0.4679183588427857,1.0568014058933206,-0.44276848633377003,0.6579331996976965,0.9981171756121147
Pdzk1,1.0405635182614776,-0.18826629354238195,2.192210336911497,-0.08587966691536612,0.9315620752360242,0.9981171756121147
Pecam1,11.598894832197116,0.1809299423374693,0.5863608885711463,0.3085641383386984,0.7576531039202854,0.9981171756121147
Peg10,98.05492861895635,0.16299487405808089,0.27401554339983775,0.5948380593149133,0.551951724349171,0.9981171756121147
Peg3,236.21662341784733,0.11359777339951053,0.20712462766787315,0.5484513101052664,0.5833820530374555,0.9981171756121147
Per1,80.39539810029068,0.969739163735597,0.36681154529577237,2.6436985862963067,0.008200564510327555,0.9981171756121147
Per2,33.230074766705684,0.1476865431095818,0.3686754749828017,0.4005868389169939,0.6887243370295288,0.9981171756121147
Per3,33.2455810096589,0.02616586138507372,0.45921651281449183,0.05697935647981339,0.9545616395628252,0.9981171756121147
Pex3,86.31845754762632,-0.13381023152220764,0.26713993329509056,-0.5008993970751537,0.616441926861152,0.9981171756121147
Pf4,0.13572232361267328,-0.46032403864503774,4.433790464391391,-0.10382178462017705,0.9173107782646794,0.9981171756121147
Pfas,51.14237914482459,0.07073542338540056,0.31266129007755183,0.22623658773958075,0.8210174153089042,0.9981171756121147
Pfkfb1,1.9723977171469593,0.4721077851105512,1.3939848573060998,0.3386749738608407,0.7348545956018124,0.9981171756121147
Pfkfb2,97.82178064537906,0.12080610888912367,0.23336659473802646,0.5176666738645205,0.6046908540070561,0.9981171756121147
Pfkl,168.60789387725004,0.2971666862255451,0.21273430518227013,1.3968912346832523,0.1624462808507544,0.9981171756121147
Pfkp,204.16104051816282,0.014972978321323143,0.20848529598775162,0.07181791046886489,0.9427468191326505,0.9981171756121147
Pfn4,27.95135388633901,0.12816908126079465,0.4001199652588848,0.3203266329833528,0.7487207357545305,0.9981171756121147
Pgam5,88.70235247026784,0.17212743748450626,0.23837031738595912,0.7221009703393767,0.47023240167441316,0.9981171756121147
Pgf,3.7653057063216586,0.16339590060045195,0.9996668934632261,0.16345034697946875,0.8701638646802022,0.9981171756121147
Pgk1,775.2112840849845,-0.03353393516951516,0.16243243298606178,-0.20644851864278044,0.8364405746149197,0.9981171756121147
Pgk2,0.380333540390737,-0.260574422223632,2.981357064725813,-0.08740127954032781,0.9303525523464115,0.9981171756121147
Pgpep1,18.770424035859328,0.1288108182626888,0.4715274035192874,0.2731777990023435,0.7847165449830196,0.9981171756121147
Pgr,20.9589722343404,0.09136348384694334,0.4809653061113464,0.18995857432135063,0.8493415923146612,0.9981171756121147
Phb,46.994603327057966,-0.036887770886934144,0.32499580797527017,-0.11350229751191447,0.9096323417027591,0.9981171756121147
Phb2,112.07832411541689,0.12320450310933531,0.24315838130166886,0.5066841720602032,0.6123764380299841,0.9981171756121147
Phc1,118.14885166520044,-0.1469523609857921,0.2483367446800866,-0.5917463449684004,0.5540204572868608,0.9981171756121147
Phc2,130.59429576589073,-0.042847717130782156,0.20930037800763168,-0.20471877565944865,0.8377918502252991,0.9981171756121147
Phex,1.8090429216809811,-0.9501268200612203,1.5629485510627377,-0.6079066514474676,0.5432493878372695,0.9981171756121147
Phf10,132.2732893632605,0.08793628999904564,0.2098474103311902,0.4190487262161625,0.6751805220438551,0.9981171756121147
Phf3,26.0696103089533,0.023348631242802943,0.3981226362365319,0.0586468316986907,0.9532334085486012,0.9981171756121147
Phf6,96.01831948131569,0.2138542655864227,0.23147139628172206,0.9238906794606376,0.35554323629194395,0.9981171756121147
Phlda2,0.13572232361267328,-0.46032403864503774,4.433790464391391,-0.10382178462017705,0.9173107782646794,0.9981171756121147
Phox2a,0.09877207360782624,-0.45211653757778947,4.435042509789109,-0.10194187239014495,0.9188028137063071,0.9981171756121147
Phox2b,0.3468545060871591,0.5022934414257615,3.404314214859431,0.1475461457797608,0.8827009591994037,0.9981171756121147
Phtf1,86.07915472949162,0.1528887313256048,0.2521661076785699,0.6063016665208967,0.5443144521817067,0.9981171756121147
Phyhd1,43.37844609337816,0.9667142398279504,0.8220975370223201,1.175911855093788,0.23963010100641635,0.9981171756121147
Phykpl,7.715063585685205,-0.04344158120254353,0.6897230206470463,-0.06298409637217837,0.9497791684312328,0.9981171756121147
Pi4ka,296.66663513107,0.06347612720248594,0.17718444904140662,0.35824886182676263,0.7201570840229095,0.9981171756121147
Pianp,70.11685139380008,0.0794668179841839,0.2842069615194605,0.27960897776510857,0.7797775184834914,0.9981171756121147
Pias1,101.66183851538318,-0.053332043237118036,0.24359391439202538,-0.21893832352186213,0.8266980927404498,0.9981171756121147
Pias2,222.20170204077917,0.1374768536735012,0.18916718477051309,0.7267478967891833,0.46738040635230793,0.9981171756121147
Pias3,35.711777184446255,0.20444093493709523,0.36047697242189936,0.5671400687914655,0.5706190217660786,0.9981171756121147
Picalm,1143.3395314456602,-0.04147765699485527,0.14696167877964056,-0.28223450724898363,0.7777637004207578,0.9981171756121147
Pick1,127.96105775390332,0.054551551948273456,0.2183302428411952,0.24985797312538188,0.8026971851120261,0.9981171756121147
Piezo1,1.2347178279850795,-0.2114894655378877,1.8125270775948346,-0.11668209989917913,0.9071119755818927,0.9981171756121147
Piezo2,6.426959835799437,0.12553043418677007,0.8407680390605133,0.14930447918434156,0.8813133810126115,0.9981171756121147
Pifo,0.866166136454814,0.6156216890594679,2.0054190091009008,0.30697908330662155,0.7588592931557447,0.9981171756121147
Pik3c3,281.0342878168679,-0.02085227398906308,0.17730124502286987,-0.11760929251440604,0.9063772416895993,0.9981171756121147
Pik3ca,43.2450416415638,-0.11338256492747967,0.3516788545153916,-0.3224037029002475,0.7471468793639048,0.9981171756121147
Pik3cb,93.50310707092741,0.12814025868973764,0.2529278325660192,0.506627749859401,0.6124160337577669,0.9981171756121147
Pik3cd,14.6060908833645,0.48680208074762327,0.5212691735022187,0.933878513239094,0.3503665636090795,0.9981171756121147
Pik3cg,7.347173939992634,-0.14232854546581453,0.7113451902452701,-0.2000836547678631,0.8414151564976018,0.9981171756121147
Pik3r1,785.4904586147613,-0.16397098960652437,0.1717986915071957,-0.9544367781151379,0.3398625970932909,0.9981171756121147
Pik3r2,291.5320462605074,0.06515108116057972,0.17777541398200603,0.3664797043711238,0.714007154373604,0.9981171756121147
Pim1,1.0798028460647082,-1.0501412495311189,1.900213856026793,-0.5526437175481326,0.5805073999776093,0.9981171756121147
Pim2,24.172131494402397,0.15550893042460506,0.4058529314640848,0.38316571932502236,0.7015968939461151,0.9981171756121147
Pin1,1.2641829763011303,0.6274988378274468,1.7897340213912958,0.35061010760674055,0.7258808725803333,0.9981171756121147
Pink1,950.1252484112146,-0.09360469082465636,0.1647005936793897,-0.5683324433357514,0.5698092532758668,0.9981171756121147
Pinlyp,0.27385111092212117,1.468507008457143,4.1863062795273285,0.3507882391784651,0.7257472210175899,0.9981171756121147
Pip,0.4926936492573966,1.151373107677119,2.969941220369664,0.3876753855531893,0.698256273445202,0.9981171756121147
Pip4k2c,106.19472120397619,0.14008007586742763,0.2323020262769125,0.6030084115600742,0.5465030934548065,0.9981171756121147
Pip4p1,197.13117506469482,0.031395626794411,0.20071029400413526,0.15642260378415943,0.8756999212315846,0.9981171756121147
Pip5k1c,105.64335431171638,0.03284686500870236,0.22680037510521261,0.14482720759815634,0.8848473001382509,0.9981171756121147
Pirb,0.0,,,,,
Pisd,55.86477020617689,0.36168529651004305,0.28560329506265536,1.266390489054746,0.20537331432590533,0.9981171756121147
Pithd1,43.067415639539284,0.06814119164615612,0.3437474327327922,0.1982304016191005,0.8428648023727774,0.9981171756121147
Pitpnm1,115.46701463486676,0.20008535884430825,0.22916325476150756,0.8731127468604817,0.38260162672302633,0.9981171756121147
Pitrm1,62.86299200523279,0.126609582892961,0.29627525798994553,0.4273376850700697,0.6691333881497525,0.9981171756121147
Pitx1,0.19754414721565247,-1.047741613991868,4.3594515893970955,-0.24033793987760943,0.8100682850102667,0.9981171756121147
Pitx2,0.24461121677806372,0.5095569421313735,3.7994315150776345,0.13411399576732771,0.8933124326044014,0.9981171756121147
Piwil1,0.14583914317023747,1.4685041306821252,4.434566981015867,0.33114938549100936,0.740531649762339,0.9981171756121147
Piwil2,3.2814567486507507,-0.03404240952197738,1.0748623400208488,-0.0316714134028708,0.974734092245476,0.9981171756121147
Piwil4,0.09877207360782624,-0.45211653757778947,4.435042509789109,-0.10194187239014495,0.9188028137063071,0.9981171756121147
Pja1,104.8923250069568,0.017111281763718202,0.2406607246583213,0.07110126418846278,0.9433171620423197,0.9981171756121147
Pja2,771.2128495798282,0.01024785995080586,0.1478974574707823,0.06929030509419246,0.9447585426052518,0.9981171756121147
Pkd1,79.44779247143454,0.14462527259695732,0.2634523489760868,0.5489617881907165,0.5830316735173063,0.9981171756121147
Pkd2,110.00271948035221,0.015963489837190835,0.2300692062591102,0.06938559964957812,0.9446826911077246,0.9981171756121147
Pkd2l1,69.84788191741089,0.964100139220093,1.009185288312351,0.9553252018094185,0.3394132666574502,0.9981171756121147
Pkia,45.35903269883551,0.1056043261617598,0.31564785947037965,0.33456373294896274,0.7379542066531855,0.9981171756121147
Pkib,6.369176138812264,-0.7177584867799154,0.7734390658971262,-0.9280090939644666,0.35340285238151437,0.9981171756121147
Pkig,58.307440602024315,0.030615356209804236,0.2983363380410714,0.10262027217612853,0.9182643529120337,0.9981171756121147
Pklr,0.0,,,,,
Pkm,317.8975641422594,0.05362388827201053,0.17368195688540383,0.3087476052989881,0.7575135279530758,0.9981171756121147
Pkn1,73.40738562816955,-0.020918262331747154,0.26529387523033804,-0.07884939791235338,0.9371524124729985,0.9981171756121147
Pknox2,44.760501169193276,0.058835518729940556,0.3378192618995524,0.17416271173854728,0.8617375893503718,0.9981171756121147
Pkp4,582.4815105418833,-0.09782684397033285,0.16771806943368844,-0.5832814812420146,0.5597038269662891,0.9981171756121147
Pla2g10,0.34338329038588994,-0.10621807815370968,3.317924511976791,-0.032013410121385144,0.974461356648966,0.9981171756121147
Pla2g2e,0.2344943972204995,-1.2123042177937502,3.9780828204562106,-0.3047458468083683,0.7605597286868574,0.9981171756121147
Pla2g2f,0.2010153629169217,-0.46032403864503774,4.433790464391391,-0.10382178462017705,0.9173107782646794,0.9981171756121147
Pla2g4a,131.40432524704212,-0.13001185914371502,0.29218616503688866,-0.44496240650990765,0.6563469220056611,0.9981171756121147
Pla2g6,21.61664363588252,-0.04022208476766733,0.4693984975212731,-0.08568856734750087,0.9317139906347267,0.9981171756121147
Pla2r1,0.5554125777050319,1.4258276061704587,2.6776449184211204,0.532493160822534,0.5943844773758302,0.9981171756121147
Plaat1,25.386271472200846,-0.07347385487177363,0.45256698803948353,-0.1623491257947509,0.8710309309824531,0.9981171756121147
Plac8,1.463734792890074,2.147931330227688,1.7362018752013824,1.2371437681914432,0.21603371323301734,0.9981171756121147
Plac9a,0.6148279376112366,-1.1990446740931224,2.512648900002208,-0.47720343024927553,0.6332172687282993,0.9981171756121147
Plagl1,35.47422136740796,-0.24435847924532272,0.43041378707819955,-0.5677292098473755,0.5702188542533366,0.9981171756121147
Plagl2,31.896880973544,0.4340976317927136,0.3531264332669212,1.2292980385996417,0.21896008241518683,0.9981171756121147
Plau,10.826969711308179,-0.5383128624751611,0.6536698378759278,-0.8235240962385318,0.4102100201593195,0.9981171756121147
Plaur,1.0779223674247767,0.21816293973568435,1.9810978047783963,0.11012224596356456,0.9123124257249354,0.9981171756121147
Plcb2,0.7647623449782199,-1.4047308555251725,2.273522776700864,-0.6178653101349592,0.5366641276459116,0.9981171756121147
Plcb4,15.30680021265898,0.5494071296267795,0.5032176825347557,1.0917882035849038,0.2749262052394126,0.9981171756121147
Plcg1,97.4789020033453,0.20083538351962144,0.23788524024773633,0.8442532345027763,0.39852791267838583,0.9981171756121147
Plcg2,3.396375549252873,-0.8567095209952633,1.0629206542721075,-0.8059957415936578,0.4202453044944183,0.9981171756121147
Pld1,102.91644575030283,-0.14520172095844763,0.24672274316896306,-0.5885218326184433,0.5561820838420624,0.9981171756121147
Pld2,41.68525960000516,-0.39833382435389825,0.3419960085173653,-1.1647323782542693,0.24412733849226975,0.9981171756121147
Pld5,32.64000472589952,-0.09634190067695084,0.40936870542645765,-0.23534261266157896,0.8139428236174875,0.9981171756121147
Plec,142.30253365916303,-0.18007288367146396,0.24358192926972827,-0.739270290745016,0.4597428857932998,0.9981171756121147
Plekha1,941.848039437897,0.14827584756069798,0.1667040907056218,0.8894553632912,0.37375840224635704,0.9981171756121147
Plekha2,57.179546288959045,-0.7302680945518439,0.29896576956590665,-2.442647850997059,0.014579956133769412,0.9981171756121147
Plekha5,293.7021233006267,-0.10848507466412469,0.2011510940718406,-0.5393213254180935,0.5896651565962174,0.9981171756121147
Plekhg2,23.228874977529447,0.391147177545859,0.46046866053422975,0.8494545037919738,0.3956284359548027,0.9981171756121147
Plekhg4,1.5050977232059317,0.22014999218430428,1.5542875433000565,0.14164045329532962,0.8873640119344751,0.9981171756121147
Plg,0.336737686529595,-1.5694851248218602,3.5623707969401486,-0.44057320652020526,0.6595220035413772,0.9981171756121147
Plgrkt,31.663292291432587,0.07013669086498146,0.37802675380267375,0.18553366966612136,0.8528104740949783,0.9981171756121147
Plin1,0.336737686529595,-1.5694851248218602,3.5623707969401486,-0.44057320652020526,0.6595220035413772,0.9981171756121147
Plin2,22.113445044017293,-0.2555157420872786,0.42458868016766804,-0.6017959357427445,0.5473099808287016,0.9981171756121147
Plin4,572.472897451041,0.4010964571152738,1.0132430962924328,0.39585412284863286,0.6922126469160882,0.9981171756121147
Plin5,1.7028573197586088,-0.9221408319311462,1.5394523838192689,-0.5990057514110194,0.5491690492542747,0.9981171756121147
Plk1,1.3947452837125631,1.6840009965910088,1.6892585009759842,0.9968876851103975,0.3188190298870496,0.9981171756121147
Plk2,342.5590340903937,0.1984443028824149,0.1946343484419271,1.0195749335663873,0.3079300981142521,0.9981171756121147
Plk3,103.87070325804694,-0.3095176326797545,0.2676650606470234,-1.156361730334028,0.24753322826398405,0.9981171756121147
Plk4,8.34931631617058,-0.6401251547664428,0.7183225575812784,-0.8911388734914015,0.3728546724292243,0.9981171756121147
Pllp,1401.6161832221615,-0.2158039790483131,0.17928557472428033,-1.203688469527979,0.22871001055217277,0.9981171756121147
Pln,1.2462744226735578,-0.11818770998701607,1.6201503639180506,-0.0729486056474411,0.9418470152322241,0.9981171756121147
Plod1,284.80570483442335,-0.04356695232634192,0.21444720742959428,-0.20315933626995586,0.8390104949647049,0.9981171756121147
Plod3,125.26215221637922,0.08205725284884322,0.24030803579589435,0.3414669533504012,0.7327520788745963,0.9981171756121147
Plp2,1.7314015920329393,0.39989733956733875,1.5524548350702105,0.25759032116979635,0.7967231002857894,0.9981171756121147
Plpp3,518.7634432146816,0.029373114047256278,0.18418801821447606,0.15947353325151162,0.8732958088565457,0.9981171756121147
Plppr3,50.1802931572475,-0.1947380390320023,0.3477659292978765,-0.5599687106358276,0.5755007800967911,0.9981171756121147
Plppr4,132.90422493078992,-0.09461609892915092,0.2825792126554833,-0.3348303579729538,0.7377530586733285,0.9981171756121147
Pls1,720.8496718526238,-0.1718376113088193,0.18807220788086665,-0.9136789175020954,0.36088558509175905,0.9981171756121147
Pltp,170.64088622376997,-0.14063422139841333,0.2282696107514988,-0.6160882341518162,0.537836287064583,0.9981171756121147
Plvap,0.0,,,,,
Plxdc2,477.4626130653117,-0.0870549823573642,0.17560452805164245,-0.49574451936548436,0.6200746728120361,0.9981171756121147
Plxna1,7.1897460977833525,-0.07554428652193516,0.7372402027712421,-0.10246902737800878,0.9183843959883339,0.9981171756121147
Plxna2,18.87140816290373,0.3265558986845301,0.47273057573884414,0.6907864975184788,0.4896997221447731,0.9981171756121147
Plxna3,35.31490347440565,0.20077694023552042,0.3444785145411589,0.5828431433610679,0.5599988985084483,0.9981171756121147
Plxna4,17.97026541927652,0.3233947905134346,0.471268280486053,0.6862222727570254,0.4925729547063663,0.9981171756121147
Plxnb2,69.19055668840848,0.3852476485235252,0.310438084763708,1.2409806252243794,0.21461290631479335,0.9981171756121147
Plxnc1,13.22021778355306,0.415142873334835,0.5336093174417115,0.7779903007038158,0.4365747312408421,0.9981171756121147
Plxnd1,18.63674911450164,-0.2756365838187823,0.4577822593619989,-0.6021128564547935,0.5470990172047947,0.9981171756121147
Pmaip1,1.476529679734537,-0.09340203413409986,1.6011499434836443,-0.0583343455834522,0.9534823102651211,0.9981171756121147
Pmch,4.088838919445544,2.8737620771224397,1.2027891316519186,2.389248457188498,0.016882880583903484,0.9981171756121147
Pml,47.74053521711928,0.3086571557591489,0.3042585674747052,1.0144567442125008,0.310364859629106,0.9981171756121147
Pmm2,20.000482877031658,0.24364108869742737,0.4452109618867279,0.547248629424842,0.5842079310311123,0.9981171756121147
Pmp22,258.05722626722337,-0.5803892747897427,0.23032583684508348,-2.5198617868481286,0.011740092287587203,0.9981171756121147
Pms1,30.699764192312145,0.0863081631276058,0.38098359917527547,0.22654036371759623,0.8207811693908694,0.9981171756121147
Pms2,2.92084656014492,0.2862405859575452,1.093714895377068,0.261714078474593,0.7935418856999947,0.9981171756121147
Pnkd,26.09525223866682,0.0644084509475344,0.4081118724677392,0.1578205763975313,0.8745981842322506,0.9981171756121147
Pnoc,0.5813489033076588,-0.9998427837396973,2.4626858542173813,-0.40599688426660413,0.6847448897357515,0.9981171756121147
Pnpla1,0.29978743652474793,-1.402084615240994,3.6862814707163842,-0.380352023137429,0.7036841231276579,0.9981171756121147
Pnpla2,80.13990781803203,0.22222582391488982,0.24854453297310342,0.8941086784593982,0.3712637464027735,0.9981171756121147
Pnpla3,6.718645937321836,0.8715817658083818,0.7679021725365376,1.1350166687631176,0.25636833436786055,0.9981171756121147
Podxl,15.892469610983213,-0.025684841775888492,0.5422672832554366,-0.04736564895026051,0.9622218064438645,0.9981171756121147
Polb,137.64746678491895,0.16616905121207837,0.20555640244496565,0.8083866483145297,0.41886803566797115,0.9981171756121147
Polg,125.50118057715976,0.23292334316986407,0.22501424506708848,1.0351493217703505,0.300599181773169,0.9981171756121147
Polk,48.75071103033775,0.20663946735484578,0.3195049616745935,0.646748852574321,0.5177944999546893,0.9981171756121147
Polr1e,19.60268218487895,0.9002717002333561,0.5210345936820164,1.7278539873357914,0.08401440543533635,0.9981171756121147
Polr2a,295.645408558797,0.028398121563744813,0.1810695061513817,0.15683547256158523,0.8753745157224793,0.9981171756121147
Polr2b,165.67905310344312,-0.017632687666061502,0.19787120678716794,-0.08911194282565517,0.9289929461543888,0.9981171756121147
Polr2e,119.98270645000207,-0.006760737196853161,0.21868141512499836,-0.03091592028059962,0.9753365934441901,0.9981171756121147
Polr2f,130.20222010796306,0.10286008277830942,0.22250369546180152,0.46228482886464234,0.6438770776727429,0.9981171756121147
Polr2h,28.805313200107832,0.4337139719554034,0.41184216350040964,1.0531072590263624,0.2922918363011503,0.9981171756121147
Polr2j,52.861352516633815,-0.013829508686321596,0.28728658819239133,-0.04813837211593111,0.9616059651134061,0.9981171756121147
Polr3e,66.899645092373,0.5439184124865135,0.2790468020884595,1.9492013827633405,0.051271379907907616,0.9981171756121147
Pom121,60.79262677840932,-0.234998885636336,0.30713794633172803,-0.765124884251595,0.4441971833207242,0.9981171756121147
Pomc,4.092677812522526,0.5553677076528919,0.9182744012491316,0.6047949359117747,0.5453152588657549,0.9981171756121147
Pon1,0.13572232361267328,-0.46032403864503774,4.433790464391391,-0.10382178462017705,0.9173107782646794,0.9981171756121147
Pon3,6.400158979133937,-0.3026843091444422,0.7936598711321136,-0.3813778674644079,0.7029228814833266,0.9981171756121147
Por,106.57611874132454,0.29735011961146157,0.23466904578068573,1.2671041407368042,0.2051180551810795,0.9981171756121147
Postn,0.9288274578902946,-1.7487642518019504,2.148288199289086,-0.8140268388480901,0.41562957585251636,0.9981171756121147
Pou1f1,0.8081329446673685,-1.3269657342517929,2.248190839198466,-0.590237141400722,0.5550316747746952,0.9981171756121147
Pou2af1,0.29230233483595164,0.5094768886628668,3.582136449186346,0.14222710270531164,0.8869006245356488,0.9981171756121147
Pou2f1,51.2622319416366,-0.17211614559172453,0.3105345076465823,-0.5542577116344475,0.5794024869418875,0.9981171756121147
Pou2f3,1.1910982029268735,0.6760796360888229,1.6858476802097069,0.4010324562683644,0.6883962282885534,0.9981171756121147
Pou3f1,74.82996206241974,-0.11943073524074722,0.40310235227439145,-0.2962789340396873,0.767017072338456,0.9981171756121147
Pou3f2,39.84099807279231,-0.15176593832554183,0.3286570627277241,-0.46177598334855285,0.6442419753786572,0.9981171756121147
Pou3f3,561.4412380055566,-0.29460783480556896,0.15376002478907103,-1.9160235907201097,0.05536209299123978,0.9981171756121147
Pou3f4,11.90609679928666,0.39562808237496716,0.556006522204466,0.7115529523041796,0.47674164961390564,0.9981171756121147
Pou4f1,0.2010153629169217,-0.46032403864503774,4.433790464391391,-0.10382178462017705,0.9173107782646794,0.9981171756121147
Pou4f2,0.5443986533028117,-0.897769712214734,2.641558427393146,-0.33986365885562064,0.7339592053225548,0.9981171756121147
Pou4f3,1.5387922068465338,-0.6990354086424742,1.5811461648713665,-0.4421067603824874,0.6584119526019276,0.9981171756121147
Pou5f1,0.09877207360782624,-0.45211653757778947,4.435042509789109,-0.10194187239014495,0.9188028137063071,0.9981171756121147
Pou6f1,59.892533015509265,0.08199710815053826,0.30816137460948956,0.26608496361507733,0.7901737749930603,0.9981171756121147
Pou6f2,2.525652856524274,-0.4173153958045539,1.2112232545471298,-0.3445404422660181,0.7304398870820292,0.9981171756121147
Ppara,13.775673742125093,0.552491004604862,0.5297123448021632,1.0430019425188326,0.29694739309344664,0.9981171756121147
Pparg,0.6466419426119071,-1.1501182091390696,2.5300486452718007,-0.4545834370767656,0.6494089527542988,0.9981171756121147
Ppargc1a,54.02516095240532,-0.13841658783942593,0.3059929159901592,-0.4523522624421718,0.6510152314362432,0.9981171756121147
Ppargc1b,46.295987185115486,-0.014363242763692245,0.3035516442813413,-0.04731729520918008,0.9622603439377156,0.9981171756121147
Ppfibp1,34.78964139669517,-0.24728697327488722,0.34761517289260974,-0.7113814141573235,0.476847913080359,0.9981171756121147
Ppif,48.265791473375835,0.1705201081829514,0.30874309296897706,0.552304203935942,0.5807399508358858,0.9981171756121147
Ppl,0.432038544436152,-2.0449874330520004,3.2631226256644963,-0.6266964707265829,0.5308582177511733,0.9981171756121147
Ppm1d,25.708913572791378,0.21126060038891722,0.40098862522843315,0.5268493595512027,0.5982982027180447,0.9981171756121147
Ppm1h,42.78285311510468,0.18312105437606202,0.33808303336538614,0.5416452063660715,0.5880629432444038,0.9981171756121147
Ppp1cc,298.7028758136831,-0.1380699427155594,0.21270442451560048,-0.6491164583435022,0.5162631045187205,0.9981171756121147
Ppp1r10,129.62498730299268,-0.16594326588143654,0.22135085369381882,-0.749684327447753,0.45344484890199444,0.9981171756121147
Ppp1r16b,1969.0057736822348,-0.07207137956055182,0.169433248867362,-0.42536739419410946,0.6705688712612283,0.9981171756121147
Ppp1r1b,827.5718855582991,-0.011217454835734289,0.21133691900277424,-0.05307853870807607,0.9576693309737401,0.9981171756121147
Ppp1r1c,0.13572232361267328,-0.46032403864503774,4.433790464391391,-0.10382178462017705,0.9173107782646794,0.9981171756121147
Ppp1r2,363.74350947090346,0.25106797857096236,0.17790867156283835,1.411218331099076,0.15818024665051456,0.9981171756121147
Ppp1r3a,0.27144464722534656,-1.3554418184190844,4.1182740685403,-0.3291286096700973,0.7420584804245125,0.9981171756121147
Ppp1r7,348.7074456598971,-0.023180725397516363,0.16757031983660806,-0.1383343149318989,0.8899762068134304,0.9981171756121147
Ppp2ca,1467.8995402897226,-0.17140857665969472,0.14478524800567488,-1.1838815005032581,0.2364599741617064,0.9981171756121147
Ppp2r1a,743.1495641581699,0.02331963258796756,0.156767285338959,0.1487531823846176,0.8817483945536316,0.9981171756121147
Ppp2r1b,44.46751096209601,-0.2285513936718205,0.3581023984265755,-0.6382291620386401,0.5233245166094428,0.9981171756121147
Ppp2r2a,177.05212530838568,-0.10667168519050274,0.1945189924998311,-0.5483869920341858,0.5834262063299566,0.9981171756121147
Ppp2r2b,104.31823922012693,-0.04002467269850806,0.254453843557146,-0.157296396623379,0.8750112599878661,0.9981171756121147
Ppp2r5c,541.0347616125841,-0.13781016735615148,0.15540874800689172,-0.8867593949733137,0.37520845315669704,0.9981171756121147
Ppp3cb,657.3853594408898,-0.043772915556612085,0.1552934287787482,-0.2818722975006035,0.7780414319822008,0.9981171756121147
Ppp3r1,812.2168699781727,0.01914971119315412,0.1829859080632016,0.10465128924867804,0.9166525151770333,0.9981171756121147
Ppp3r2,0.7119925889283102,2.006255348237843,2.347681437485377,0.854568816792606,0.39278989692502897,0.9981171756121147
Ppp4r3a,172.08545856586738,0.09418922994146979,0.2252021509219199,0.4182430298995068,0.6757694379105984,0.9981171756121147
Ppp5c,212.82992432490414,-0.09485497981645395,0.19012335118462678,-0.498912833302319,0.6178407927946903,0.9981171756121147
Ppp6c,261.28496770508286,-0.05827382743715204,0.19124396850306988,-0.3047093609972678,0.7605875194203924,0.9981171756121147
Ppp6r3,234.28275327690756,0.14444860352256697,0.20426224731745327,0.707172301389952,0.47945940932643283,0.9981171756121147
Ppt1,717.011402058018,-0.0039435594957230955,0.15603294924685676,-0.025273889359638167,0.9798365005493757,0.9981171756121147
Praf2,69.80400123306809,0.30016414676291603,0.26924004722457323,1.1148569830421586,0.26491171309836936,0.9981171756121147
Prap1,0.0,,,,,
Prdm1,0.6766497612142156,-1.4026620684888398,2.4588252096879826,-0.5704602600307784,0.5683655683151387,0.9981171756121147
Prdm13,0.09877207360782624,-0.45211653757778947,4.435042509789109,-0.10194187239014495,0.9188028137063071,0.9981171756121147
Prdm14,0.13572232361267328,-0.46032403864503774,4.433790464391391,-0.10382178462017705,0.9173107782646794,0.9981171756121147
Prdm16,1.9295697877440683,-0.26498776337681357,1.434477125927087,-0.18472777194377002,0.8534425621856687,0.9981171756121147
Prdm9,4.916039790771513,-0.10551729797849206,0.8699238615974018,-0.12129486571932334,0.9034574865564438,0.9981171756121147
Preb,102.73800944177275,0.002494645298452945,0.2448103555247241,0.010190113457847592,0.991869606507256,0.9981171756121147
Prelp,10.335921226330449,-0.08888560346223431,0.6078456553917725,-0.14623054828769846,0.8837393907107567,0.9981171756121147
Prep,86.38258381553351,0.07589681194591717,0.2602953268801913,0.29157961787324344,0.7706080611469617,0.9981171756121147
Prf1,0.0,,,,,
Prickle3,3.185499737898151,0.6831508847477628,1.0668362815666539,0.6403521295175232,0.5219436971480239,0.9981171756121147
Primpol,20.470810672802326,0.26026643098757685,0.47345451594690174,0.5497179184510428,0.5825128648509847,0.9981171756121147
Prkaa1,188.74139187002348,0.05238206268951811,0.1908640449044362,0.2744469903472145,0.7837411356497801,0.9981171756121147
Prkaa2,55.76607214167541,0.107486404482682,0.29073977079633934,0.36969969463852703,0.7116062593425463,0.9981171756121147
Prkab1,46.600074065326254,0.199563657934574,0.3381872628659493,0.5900980901627779,0.5551248891753279,0.9981171756121147
Prkaca,488.27456951077784,0.03568324208884958,0.15633673441107715,0.22824604993361858,0.8194549634366193,0.9981171756121147
Prkacb,806.0888243896753,-0.15848060213803233,0.1586734617859858,-0.9987845500704234,0.31789907193081424,0.9981171756121147
Prkar1a,1855.5875252557887,-0.05682511902008349,0.13671143070902908,-0.4156574086407428,0.6776607115508471,0.9981171756121147
Prkar2b,194.10445147790423,-0.03070888841078415,0.21877854289483042,-0.14036517477651497,0.8883714719074973,0.9981171756121147
Prkca,129.23018123769643,0.09704258170107032,0.25120205126925915,0.38631285537175825,0.6992649808921494,0.9981171756121147
Prkcd,30.51683405318801,0.6138666379078217,0.3969876899233273,1.5463115191969343,0.12202935130777517,0.9981171756121147
Prkce,576.102251065907,-0.06441615468928796,0.15693969125050208,-0.4104516465912308,0.6814746668541913,0.9981171756121147
Prkcg,75.45896528380072,0.19504406006435535,0.2789844316500862,0.6991216639249164,0.4844760008257851,0.9981171756121147
Prkci,112.89916755186952,-0.11406353080250367,0.21846868219701251,-0.5221047229993474,0.601597418231707,0.9981171756121147
Prkcq,338.8103061833771,-0.07337442924182674,0.19898748429698096,-0.36873891592256275,0.7123223389071611,0.9981171756121147
Prkcz,417.22645562941534,-0.15770094683105843,0.1894803033609977,-0.8322814774610463,0.4052500831399821,0.9981171756121147
Prkd1,38.19917060227589,-0.03635132309094181,0.35690377580217186,-0.10185188713467401,0.9188742397805945,0.9981171756121147
Prkd3,293.6251150293694,0.0669750675281621,0.21167305232370426,0.31640809632082717,0.7516927724288007,0.9981171756121147
Prkdc,33.805231316720516,0.3397443839345999,0.3530424872675239,0.9623328528080327,0.3358824313198332,0.9981171756121147
Prkg2,8.028861882772391,0.15131110917763346,0.6640864297582993,0.22784851850188326,0.8197640062629117,0.9981171756121147
Prkn,29.33576525607765,-0.3902497390464437,0.395021170706295,-0.9879210735684874,0.32319130380339467,0.9981171756121147
Prl,3.440060127073941,1.6045449232859255,1.1119721093275732,1.4429722740584012,0.1490282817589586,0.9981171756121147
Prl2c2,0.3468545060871591,0.5022934414257615,3.404314214859431,0.1475461457797608,0.8827009591994037,0.9981171756121147
Prl3a1,0.0,,,,,
Prl3b1,0.0,,,,,
Prl3c1,0.09877207360782624,-0.45211653757778947,4.435042509789109,-0.10194187239014495,0.9188028137063071,0.9981171756121147
Prl3d1,0.27385111092212117,1.468507008457143,4.1863062795273285,0.3507882391784651,0.7257472210175899,0.9981171756121147
Prl7a1,0.0,,,,,
Prl8a1,0.0,,,,,
Prl8a2,0.0,,,,,
Prl8a6,0.9256292985382046,-0.3922736325167317,2.0164690933276117,-0.19453490946860735,0.845757063999113,0.9981171756121147
Prm1,0.0,,,,,
Prmt1,13.737762696546037,0.4218339909567678,0.5385844502684257,0.7832272000176194,0.4334937048675166,0.9981171756121147
Prmt3,134.60068291108593,0.25434958347602055,0.21470854083439483,1.1846272276248244,0.2361648668077725,0.9981171756121147
Prmt5,99.90968190246798,0.1890132369812617,0.24534359262754665,0.7704021733642769,0.4410613646056619,0.9981171756121147
Prmt7,33.322973796303565,0.26604198556352204,0.3749337553326052,0.7095706422258918,0.47797043034629294,0.9981171756121147
Prodh,31.025210208492386,-0.09997851115977507,0.3875596953191159,-0.25796932025517505,0.7964305849148196,0.9981171756121147
Prok1,0.14583914317023747,1.4685041306821252,4.434566981015867,0.33114938549100936,0.740531649762339,0.9981171756121147
Prokr2,2.591593975304121,0.25789977106842743,1.164934359310248,0.22138566779086907,0.8247921510301993,0.9981171756121147
Prom1,33.86557929602237,-0.644230467994703,0.39527672449603607,-1.6298214088271301,0.10313924765835907,0.9981171756121147
Prom2,0.13572232361267328,-0.46032403864503774,4.433790464391391,-0.10382178462017705,0.9173107782646794,0.9981171756121147
Prop1,0.19353026122812536,1.4685041306821252,4.434566981015867,0.33114938549100936,0.740531649762339,0.9981171756121147
Prorp,11.738356556041248,0.07236351028545361,0.6001506996317741,0.12057556598676407,0.9040272231331987,0.9981171756121147
Prox1,180.26478383696488,-0.061575992735079826,0.21136779140261067,-0.2913215505847372,0.7708054069000876,0.9981171756121147
Prpf19,356.4336458785654,0.07825337638386728,0.16324356192615333,0.4793657738200227,0.631678437728995,0.9981171756121147
Prpf3,22.80861317713445,0.34786723182031637,0.44083589744097784,0.7891082233540004,0.43004875605779247,0.9981171756121147
Prpf31,87.94486887909467,-0.04482094458216985,0.26498222194041854,-0.1691469874995911,0.8656810266807415,0.9981171756121147
Prpf4b,209.67127091035752,-0.029338425762695734,0.18966278501415285,-0.1546873086383629,0.8770678357962278,0.9981171756121147
Prpf8,550.2368759184302,0.05738650321748835,0.16337123369752293,0.3512644295980392,0.725389977843178,0.9981171756121147
Prph,0.9458629376533331,1.4888442393225734,2.012458084213117,0.7398137884221923,0.4594129913084838,0.9981171756121147
Prph2,0.14583914317023747,1.4685041306821252,4.434566981015867,0.33114938549100936,0.740531649762339,0.9981171756121147
Prps1,52.81188487636627,-0.050101833141387185,0.2874847649475128,-0.17427648087902842,0.8616481819260707,0.9981171756121147
Prpsap2,230.87426593854585,-0.042451255678269566,0.1989831480633042,-0.21334095922919158,0.8310610280001077,0.9981171756121147
Prr5,11.386981478017312,-0.23952817337366952,0.6007086518981132,-0.39874267270299973,0.6900828216496225,0.9981171756121147
Prr5l,1092.385349753716,-0.3423688238822809,0.19131669483250593,-1.7895397167613531,0.07352793711964528,0.9981171756121147
Prrc2b,350.477983507589,0.04399204837788888,0.17394594842081934,0.25290642741192776,0.8003405225484836,0.9981171756121147
Prrx1,13.160909281165495,0.24296779032907673,0.5410886189376645,0.44903511518335515,0.6534063255170643,0.9981171756121147
Prrxl1,0.09877207360782624,-0.45211653757778947,4.435042509789109,-0.10194187239014495,0.9188028137063071,0.9981171756121147
Prss1,0.0,,,,,
Prss21,0.09877207360782624,-0.45211653757778947,4.435042509789109,-0.10194187239014495,0.9188028137063071,0.9981171756121147
Prss41,0.8560493168972498,-0.3189122394485365,2.142069730552422,-0.14888041920385653,0.8816479922155107,0.9981171756121147
Prss42,0.4750917280110361,1.2798485405357827,2.7968690364356634,0.45760045388711684,0.6472395173580121,0.9981171756121147
Prss50,2.787299553065376,0.6970337130982449,1.1214839719097547,0.6215280205131053,0.5342522640177603,0.9981171756121147
Prune1,20.927514207117326,-0.8036925343232245,0.4513900510721124,-1.7804834918588615,0.07499686861189306,0.9981171756121147
Psat1,869.6280890343461,-0.15453286595629276,0.19936479860438402,-0.7751261357976492,0.4382651292421055,0.9981171756121147
Psd2,36.6477553292841,0.12058019213829041,0.36633933987664724,0.3291489037974787,0.7420431418013163,0.9981171756121147
Psen1,211.20857507928793,-0.09994928823365404,0.19655404362122597,-0.5085079217513512,0.6110971850188036,0.9981171756121147
Psen2,26.675557450804437,-0.015615183005943093,0.3874014439724958,-0.04030749820088878,0.9678479759388701,0.9981171756121147
Psma4,197.08924034462197,-0.1627689023210242,0.19418826116302706,-0.8382015542349116,0.40191751430581213,0.9981171756121147
Psmb11,0.09877207360782624,-0.45211653757778947,4.435042509789109,-0.10194187239014495,0.9188028137063071,0.9981171756121147
Psmb6,302.5214368898912,-0.06351938788690165,0.1728976189569622,-0.367381507449868,0.7133344635907392,0.9981171756121147
Psmb8,12.46216354018469,0.5022422051234052,0.5528369923009002,0.9084815454065038,0.36362385963592614,0.9981171756121147
Psmb9,0.6609116333783719,3.066529833874067,2.9517133831918128,1.0388982383371175,0.29885206579843027,0.9981171756121147
Psmc2,315.91786128300674,-0.1039146833462498,0.17683099867025082,-0.5876497001525554,0.5567674441186619,0.9981171756121147
Psmd1,307.478098412726,0.04224151261901162,0.1765710395539678,0.23923239465382867,0.8109253845351598,0.9981171756121147
Psmd10,39.5286853766131,-0.20354368964544187,0.3592672313231389,-0.5665523373668521,0.5710183650514407,0.9981171756121147
Psmd11,26.798405517938892,-0.25499337126827976,0.3964767559765867,-0.6431483496180997,0.5201278441805954,0.9981171756121147
Psmd12,140.9423405927141,-0.18319000647903752,0.20990833208503257,-0.8727143160988406,0.38281881255698436,0.9981171756121147
Psmd13,199.5804480042178,0.15099861055397318,0.1866427837812026,0.8090246378396587,0.41850097464923086,0.9981171756121147
Psmd14,301.4378356282893,-0.03989838607082094,0.17353318261993028,-0.22991790658392852,0.8181555615957774,0.9981171756121147
Psmd3,205.22335794263245,-0.032308739372662015,0.18513976586938047,-0.1745099936847518,0.861464677449505,0.9981171756121147
Psmd5,90.99114837513112,0.08530733135677955,0.24244826037921516,0.35185788185631733,0.7249448472169306,0.9981171756121147
Psmd6,143.29234992827327,0.0650577203453743,0.2121213794907194,0.30670043963305765,0.7590713951225831,0.9981171756121147
Psmd9,158.4662837729359,0.13540823992479767,0.20166265451089754,0.6714591764806924,0.5019280575984284,0.9981171756121147
Ptafr,1.5781587253831242,1.257753448921189,1.5136646658447581,0.8309326876037315,0.4060116565134452,0.9981171756121147
Ptar1,125.30428466828857,0.18796885043078754,0.21174510832085874,0.8877128351222976,0.3746952399683713,0.9981171756121147
Ptbp1,112.32247443266787,0.3559598778883391,0.2970296455268622,1.198398487319164,0.2307619210872608,0.9981171756121147
Ptch1,181.9685234599243,0.3249225418359428,0.27186206512603206,1.1951742575239859,0.2320189540121862,0.9981171756121147
Ptch2,0.4933176977528733,-0.41547222578760745,2.7673254121390505,-0.15013493677509407,0.8806581567997208,0.9981171756121147
Ptchd1,18.127923425321608,-0.16451723794945286,0.4738024654394701,-0.3472274839196052,0.7284204246445253,0.9981171756121147
Pten,367.41784728624685,-0.026251804696033568,0.16793005169872857,-0.15632582989452104,0.8757761973140323,0.9981171756121147
Ptf1a,0.24461121677806372,0.5095569421313735,3.7994315150776345,0.13411399576732771,0.8933124326044014,0.9981171756121147
Ptgdr,0.0,,,,,
Ptgds,10417.1385894586,-0.12529469799174922,0.13291288442675175,-0.9426828597704467,0.34584314308307085,0.9981171756121147
Ptger1,2.609963821008733,-0.1285207956203785,1.282723293884772,-0.1001937021281876,0.9201905458298089,0.9981171756121147
Ptger2,0.13572232361267328,-0.46032403864503774,4.433790464391391,-0.10382178462017705,0.9173107782646794,0.9981171756121147
Ptger3,0.2344943972204995,-1.2123042177937502,3.9780828204562106,-0.3047458468083683,0.7605597286868574,0.9981171756121147
Ptger4,0.664925519365899,0.9030366053238083,2.4299895786743515,0.3716215959314722,0.7101746076458131,0.9981171756121147
Ptges,6.806396271345519,-0.015410278413754495,0.7735160589662294,-0.019922376833843194,0.9841052945544102,0.9981171756121147
Ptgfr,0.6643014708704224,1.917789840348155,2.503839066803083,0.7659397386097984,0.4437121594189841,0.9981171756121147
Ptgir,0.8655420879593373,1.3907863500557447,2.055589825527904,0.6765874849076816,0.49866772182618346,0.9981171756121147
Ptgr1,3.585125452794275,1.939028416636265,1.116411550629541,1.7368401603717314,0.0824153881329808,0.9981171756121147
Ptgs1,8.553529110819854,0.403330866992741,0.6656061916364876,0.6059602089954942,0.5445411764454873,0.9981171756121147
Ptgs2,3.3323222548636644,0.17858078998406648,1.0137381919406034,0.17616066101071767,0.8601677253862554,0.9981171756121147
Pth,0.0,,,,,
Pth1r,4.478133371772285,0.17633806924173406,0.9913985926862565,0.17786798422210284,0.8588266547662928,0.9981171756121147
Pth2r,1.0329107694128428,3.7167589365307223,2.534857669355434,1.4662594201889938,0.14257762615631836,0.9981171756121147
Pthlh,9.381731230071557,0.661721448792474,0.6657538174952674,0.9939431534647984,0.3202505436878075,0.9981171756121147
Ptk2,609.5629664554605,-0.05519737405642947,0.17888789463513097,-0.3085584643332792,0.7576574206534337,0.9981171756121147
Ptk2b,259.15707427784554,0.18973505381191008,0.21037837953940489,0.901875250809087,0.36712313977940325,0.9981171756121147
Ptk6,0.14583914317023747,1.4685041306821252,4.434566981015867,0.33114938549100936,0.740531649762339,0.9981171756121147
Ptp4a1,851.0457522313587,-0.3196757811907159,0.17355246127393542,-1.8419547544539816,0.06548176840034418,0.9981171756121147
Ptpa,510.4160864161574,0.023311854534798938,0.15542828553760152,0.1499846340977575,0.8807767383351565,0.9981171756121147
Ptpn1,53.377237291065285,-0.06025421853681218,0.28470168651735117,-0.21163983703039985,0.8323880277910285,0.9981171756121147
Ptpn11,481.49680697663666,0.08337704152384977,0.1889110792621495,0.4413560170716536,0.6589552783885617,0.9981171756121147
Ptpn2,46.02878832201322,-0.06216593947521422,0.3089119847200057,-0.20124159161892252,0.8405096712606425,0.9981171756121147
Ptpn22,0.0,,,,,
Ptpn23,128.5869426266722,0.092064255938832,0.2399661517918167,0.38365517491276263,0.7012340399345522,0.9981171756121147
Ptpn5,480.83393007170133,-0.11121198188213662,0.25136902876272055,-0.44242515647031044,0.6581815783377711,0.9981171756121147
Ptpn6,2.1889727770068337,1.0034747041882037,1.2910205271922215,0.7772724624066301,0.436998038242029,0.9981171756121147
Ptpra,581.9123799671123,0.2830903099146697,0.20194690877231877,1.4018056113640964,0.16097330236323004,0.9981171756121147
Ptprc,1.94142320997879,-0.5109713215622509,1.3818976645447492,-0.3697606086703857,0.7115608679719929,0.9981171756121147
Ptprf,21.17241263485199,0.3383447170293241,0.4474327805000507,0.7561911683162557,0.44953458712643,0.9981171756121147
Ptprk,307.4118299913525,0.01576558255183044,0.21657870959558786,0.0727937782124066,0.9419702220902584,0.9981171756121147
Ptprn2,293.7641153288543,0.031834609349207905,0.23637659620770501,0.13467750132603953,0.8928668624429238,0.9981171756121147
Ptprq,0.2344943972204995,-1.2123042177937502,3.9780828204562106,-0.3047458468083683,0.7605597286868574,0.9981171756121147
Ptpru,19.74850585814875,0.7017322635000188,0.47142916501448995,1.4885211089527102,0.13661351950443928,0.9981171756121147
Ptprz1,371.3013566085183,-0.1077243167151776,0.2004702747801405,-0.5373580538726794,0.5910203117604811,0.9981171756121147
Pttg1,107.59482107110604,0.04908410648310871,0.2431287056025995,0.2018852786693893,0.8400064110352065,0.9981171756121147
Ptx3,0.0,,,,,
Pvalb,1.690878159549583,0.7342221935387694,1.5674841494504557,0.468408049801448,0.639492812544918,0.9981171756121147
Pwp1,44.2704293248801,0.26117899286767476,0.3621797872447741,0.7211307810812772,0.47082905428751487,0.9981171756121147
Pxn,6.701697737264378,0.33324608401894673,0.802148762363495,0.4154417480331856,0.6778185502831853,0.9981171756121147
Pycard,1.471092703845511,-1.7274102501005573,1.7577793934128882,-0.9827230064101693,0.3257437845025156,0.9981171756121147
Pycrl,21.02795687612868,0.6696210969200609,0.437724289379052,1.5297782489291916,0.12607162730212212,0.9981171756121147
Pygb,159.24507317818242,0.14966538745292834,0.2308585137349406,0.6482991899738475,0.5167914578423369,0.9981171756121147
Pygl,6.949892641548534,0.029380898916856083,0.7666575354421497,0.03832336807321853,0.9694298594412707,0.9981171756121147
Pyroxd1,36.12284843710393,-0.33779843072727,0.3501176497511035,-0.9648140588382472,0.33463795293875753,0.9981171756121147
Pzp,0.13572232361267328,-0.46032403864503774,4.433790464391391,-0.10382178462017705,0.9173107782646794,0.9981171756121147
Qdpr,5430.162390116488,-0.2790012445311198,0.24040562901150797,-1.1605437263607679,0.24582750165156275,0.9981171756121147
Qrfpr,0.6464742954520686,1.7423824369076286,2.7262280432519845,0.6391183750091667,0.5227459270746446,0.9981171756121147
Qsox1,82.06764598417892,0.08465135107932241,0.2632152733822225,0.32160501171373035,0.7477519466034181,0.9981171756121147
Rab10,708.7713607023052,-0.2486846019155959,0.15284328743604633,-1.6270560918133359,0.10372518528904799,0.9981171756121147
Rab11a,114.04572501910161,-0.20560261281683467,0.22767063688638586,-0.9030703986629433,0.36648853321680674,0.9981171756121147
Rab1a,222.56381042950792,-0.03148691011808286,0.19106534893130186,-0.16479654889911033,0.8691041204832606,0.9981171756121147
Rab20,1.388099679856268,1.1968451789098697,1.5685655166206167,0.7630189279491514,0.4454521076759147,0.9981171756121147
Rab21,676.4371767928461,-0.04431702617779757,0.17574568690970763,-0.2521656545720306,0.8009130240850613,0.9981171756121147
Rab23,130.7133687214927,-0.02146036056542399,0.21862023508947254,-0.09816273665903397,0.9218030713533855,0.9981171756121147
Rab24,23.05256188271856,-0.14791129602081604,0.41285706803188116,-0.35826271965239603,0.7201467143534992,0.9981171756121147
Rab27a,6.879271938883206,0.6077767357406282,0.7448945991078827,0.8159231339152242,0.41454409996083497,0.9981171756121147
Rab27b,26.559564543871662,0.1762566707068017,0.4429169965768581,0.3979451501500832,0.6906706175638195,0.9981171756121147
Rab28,157.01286913602974,0.02885525946205153,0.21046598464659416,0.1371017721011027,0.8909503517635244,0.9981171756121147
Rab29,18.423766377358998,-0.06946058534745363,0.4684576354592004,-0.14827506286532327,0.8821256947537373,0.9981171756121147
Rab32,5.75511956807138,-0.10767767980731466,0.8072132134433493,-0.13339434738436864,0.8938815155925892,0.9981171756121147
Rab37,47.43638193861428,-0.897303140848149,0.811903004380861,-1.1051851465094802,0.2690793716601433,0.9981171756121147
Rab38,1.0562153771467016,-0.6009675430357222,1.8635919912013517,-0.32247806701954795,0.7470905510036394,0.9981171756121147
Rab39,2.013443231348552,0.14349136009622876,1.3175683726994178,0.10890619649760219,0.9132768917874309,0.9981171756121147
Rab3a,736.3953535932259,-0.03808363227436947,0.1685476040184433,-0.22595178671422808,0.821238919194868,0.9981171756121147
Rab3b,18.881060057246405,0.35977716946632876,0.46950738158856314,0.766286502778794,0.44350584755866285,0.9981171756121147
Rab3d,3.5088648385059376,-0.2673152183504274,1.0050419479058554,-0.2659741903384389,0.7902590864141402,0.9981171756121147
Rab3gap2,182.72889717060738,0.26653943407834957,0.19325294585763372,1.3792257235483736,0.16782516928179336,0.9981171756121147
Rab43,19.013062890760658,0.26921092391862717,0.4775269641486705,0.5637606755852483,0.5729170177471414,0.9981171756121147
Rab4b,92.67721799922089,-0.3148526065422298,0.24167336316696317,-1.302802271695577,0.19264227501629339,0.9981171756121147
Rab5a,914.6648420080506,-0.08526404428984063,0.1569979410442017,-0.5430902069335746,0.5870676949833626,0.9981171756121147
Rab5b,292.8717501733193,-0.0736200294968694,0.17495892209217428,-0.4207846540005767,0.673912338562219,0.9981171756121147
Rab5c,578.1762520180248,-0.10556944355238013,0.16029810485104928,-0.6585819816801727,0.5101642364964494,0.9981171756121147
Rab6a,965.4810811744068,-0.138298313013921,0.1667279823781911,-0.8294847154103819,0.40683018217271016,0.9981171756121147
Rab7,1800.228050138039,-0.07875223402503896,0.13826376180129682,-0.5695797148801452,0.5689627900368057,0.9981171756121147
Rab7b,34.3434447234566,-0.05717896908966969,0.35688440201030086,-0.16021705843008327,0.8727100922910965,0.9981171756121147
Rab8a,128.2409937950141,0.07293360632240833,0.229428232451967,0.3178929007251873,0.7505661778959029,0.9981171756121147
Rab8b,47.862196696019,0.055769723093731516,0.3228477526271204,0.17274310457456984,0.8628533605207727,0.9981171756121147
Rabep1,272.50009461198215,-0.1479869329891912,0.1738685918757994,-0.8511424138921168,0.3946902470728263,0.9981171756121147
Rabep2,19.956168372570918,0.34686283915554034,0.44715951669185944,0.7757026882077203,0.4379245522778751,0.9981171756121147
Rac1,1296.0684893468324,-0.09549228038841355,0.143191634620016,-0.6668844911353864,0.5048459180149568,0.9981171756121147
Racgap1,11.75266324189968,-0.06448183196606459,0.5617464607603195,-0.11478814103926693,0.9086130489997685,0.9981171756121147
Rack1,46.777098202722556,0.7703063512650747,0.3460114561669211,2.226245222624847,0.02599776036556215,0.9981171756121147
Rad21l,0.48257682969983245,-0.5794186705020172,2.7806951780295104,-0.20837187588199146,0.8349386141579795,0.9981171756121147
Rad23b,391.47173256977004,0.09170141081183757,0.16749690961436323,0.5474812103875017,0.584048175796714,0.9981171756121147
Rad50,17.7550475176572,0.18185953638086164,0.4727308754500886,0.3846999335673021,0.7004597444241354,0.9981171756121147
Rad51,4.7395450093064255,0.38629312674245425,0.8462635395753408,0.4564690651050594,0.6480527111008478,0.9981171756121147
Rad51b,6.641236482457175,-0.17217110269291247,0.745221729337494,-0.23103339035212175,0.8172888618969797,0.9981171756121147
Rad51d,53.44870827529616,-0.22441137164771047,0.289418462081668,-0.7753872024390281,0.4381108949381547,0.9981171756121147
Rad54l,9.472733168932356,0.6616108346871967,0.642438862932251,1.0298424844154663,0.303083953726369,0.9981171756121147
Rad9a,46.7780277198864,0.20335049194274152,0.31457641755687066,0.6464263708069561,0.5180032666784558,0.9981171756121147
Rae1,73.38533395555274,0.18820835481878392,0.26632593208021527,0.7066842997552978,0.47976268845167047,0.9981171756121147
Raf1,480.13147761595366,0.03846935966342436,0.1768307888944687,0.2175489907834013,0.827780531938709,0.9981171756121147
Rag1,2.624742346246365,-1.2868831961480132,1.2199998232949136,-1.0548224447053316,0.2915065374654061,0.9981171756121147
Rag2,0.5655293972625961,2.877426058746956,3.0581253075469936,0.9409117578164311,0.3467500816828668,0.9981171756121147
Rai14,4.599951222909945,-0.7193601987850878,0.8828433796003445,-0.8148219892759867,0.41517421217560246,0.9981171756121147
Rala,214.35654007687654,-0.10435375242061301,0.20018997026342134,-0.5212736296593601,0.6021761684248323,0.9981171756121147
Ramp3,11.748547380630201,0.24323190082918092,0.582222808723291,0.41776429433011114,0.676119459034438,0.9981171756121147
Ranbp1,160.82164202721347,0.11720031960581885,0.209773449837484,0.5586994907916919,0.5763668269220702,0.9981171756121147
Ranbp2,165.7311191352675,0.2281364667304497,0.20052284957915864,1.1377080826910466,0.2552423972415313,0.9981171756121147
Rangap1,238.6145403787843,-0.03732598190253764,0.20716125075950276,-0.18017839613195832,0.8570125182510255,0.9981171756121147
Rap1a,691.5254771959881,-0.2779749009259977,0.16277412584235834,-1.7077339502668116,0.08768571959402936,0.9981171756121147
Rap1gap,600.9585394782887,-0.014559491825829758,0.21789006812861897,-0.06682035556221586,0.946724718229297,0.9981171756121147
Rap2a,175.81776524633298,-0.3600353934077392,0.20799102495900432,-1.7310140833177936,0.08344925264799244,0.9981171756121147
Rapgef1,115.9975565053524,0.13289080718178092,0.22409555132425765,0.5930095729097854,0.553174745720554,0.9981171756121147
Rapgef3,126.64195279625937,0.6278599221196366,0.2842788051269982,2.208606166890098,0.027202046039152314,0.9981171756121147
Rapsn,4.921893698972492,0.5849393683997384,0.839815626750436,0.6965092691393345,0.4861099544786517,0.9981171756121147
Rara,15.146324707671772,-0.01671338540462971,0.5016261047727569,-0.03331841235057152,0.9734206709783768,0.9981171756121147
Rarb,40.07740678446784,-0.09874719671520586,0.34161799227255424,-0.2890573650945822,0.7725374792440199,0.9981171756121147
Rarg,8.761797449363844,0.617084304729396,0.6704955594064622,0.9203406287666587,0.35739478385938706,0.9981171756121147
Rasd1,2.8572305268526286,-0.009871806949678734,1.0992300211884203,-0.008980656240634639,0.9928345693577906,0.9981171756121147
Rasgrf1,164.89936799464581,-0.2114855617258215,0.2507997768782834,-0.843244616714545,0.3990916501439037,0.9981171756121147
Rassf5,11.034152239848433,0.10205273783822946,0.5829808367849748,0.17505333177164165,0.8610377278063346,0.9981171756121147
Rax,0.14583914317023747,1.4685041306821252,4.434566981015867,0.33114938549100936,0.740531649762339,0.9981171756121147
Rb1,170.23590855703,0.09587895882987628,0.2068068583773198,0.46361595346584106,0.6429229223352557,0.9981171756121147
Rb1cc1,78.29307391765654,-0.1632310230095495,0.25470680410622903,-0.6408585101694877,0.5216146142409421,0.9981171756121147
Rbbp4,1213.4552383130106,-0.034934916741715484,0.14078167158807176,-0.2481496088776053,0.8040186533524203,0.9981171756121147
Rbbp7,222.3928817850774,0.08271074913187426,0.1865632286845601,0.4433389672501919,0.6575205743420156,0.9981171756121147
Rbck1,92.79549816769686,-0.17321407270703665,0.2433713073118895,-0.7117275845712423,0.47663348274222195,0.9981171756121147
Rbfox2,54.281991675439734,-0.08833963124854924,0.30449863382555575,-0.2901150331569571,0.7717282353530173,0.9981171756121147
Rbfox3,130.16623673816363,-0.04114894760713573,0.24087673825520858,-0.17082989376723653,0.8643575227431367,0.9981171756121147
Rbl1,3.9731678962867463,-0.3068659821381132,0.9778740216028783,-0.313809320381694,0.7536658650817617,0.9981171756121147
Rbl2,118.69619501508892,-0.09991379618192894,0.24475315674675371,-0.40822270695086404,0.6831101789891356,0.9981171756121147
Rbm8a,67.76942996812237,0.28679066539506887,0.27435806697374593,1.0453152282287828,0.2958773017731121,0.9981171756121147
Rbms1,33.37357237966479,-0.3052260091165056,0.41743324927144987,-0.7311971666109957,0.46465873058212237,0.9981171756121147
Rbp1,24.25764663368706,-0.1044328575396106,0.433484502365675,-0.2409148584774873,0.8096211058661689,0.9981171756121147
Rbp3,0.0,,,,,
Rbpj,159.91296917079856,0.07324920221525136,0.21732525286011806,0.33704873801480584,0.7360801597661069,0.9981171756121147
Rbpjl,0.7529567249206844,0.1487150830975922,2.153195422492708,0.06906715551411861,0.9449361646779755,0.9981171756121147
Rcan1,82.87053690329634,0.22898597850360475,0.2649218377253147,0.8643529747103363,0.38739401731040324,0.9981171756121147
Rcc2,49.42334193701952,0.8076918335929315,0.4367220375073319,1.8494414392343816,0.06439409641866507,0.9981171756121147
Rcn2,96.05419263716153,0.06011408022385377,0.26253020476380234,0.22897967217881932,0.8188847156670691,0.9981171756121147
Rcor1,41.7140678912076,0.1293744037361918,0.35365007524383146,0.3658260319808837,0.7144948936357072,0.9981171756121147
Rcor2,19.862982765101073,0.5649543509318452,0.45451541461668094,1.2429817180310678,0.21387457043982727,0.9981171756121147
Rdx,1042.0416859641227,-0.14383175933280168,0.1488681099622799,-0.9661690429820443,0.33395960068185193,0.9981171756121147
Rec114,0.892150264234627,-0.18092944568606253,2.0638599501100767,-0.08766556358458946,0.9301424904894068,0.9981171756121147
Rec8,4.080169224844556,-0.38411899116713427,1.0925330728983753,-0.3515856871482224,0.7251490007219769,0.9981171756121147
Rel,21.143584522495427,0.31509442038190083,0.433498239003122,0.7268643607561035,0.467309051382101,0.9981171756121147
Rela,115.36679440791794,0.11430177963588965,0.23680808901439004,0.48267683807432743,0.6293252115882172,0.9981171756121147
Relb,45.5695899285271,-0.16414887706127254,0.33600078805954153,-0.48853717876454594,0.6251693980328752,0.9981171756121147
Reln,18.153370247417538,0.281119405698486,0.47967684240339453,0.5860599904926671,0.557835201634107,0.9981171756121147
Ren1,0.19754414721565247,-1.047741613991868,4.3594515893970955,-0.24033793987760943,0.8100682850102667,0.9981171756121147
Rest,39.66638743687488,0.03428843761930356,0.3278179383016177,0.10459597725782645,0.9166964068803931,0.9981171756121147
Ret,1.0720924902039188,-0.5583239747932183,1.894194647337046,-0.29475533339624743,0.7681807899857793,0.9981171756121147
Retn,1.0487302754579053,0.5054708276608398,1.7613012115176094,0.2869871571968689,0.7741221538780624,0.9981171756121147
Retreg3,91.5624709665662,-0.28232171417576507,0.24365738612009064,-1.1586831766988508,0.2465853507284428,0.9981171756121147
Rev1,134.4896285916042,0.04525963174104222,0.22228219963338303,0.20361338791720773,0.8386556302664977,0.9981171756121147
Rflna,0.5846046696719033,0.7637690294351688,2.694563699313989,0.28344812543478465,0.776833341545853,0.9981171756121147
Rfx2,2.7688819051835782,0.8140005729631857,1.1844387079181882,0.6872458384899478,0.49192782304673954,0.9981171756121147
Rfx3,85.81272934210075,0.3651171578110839,0.25562210755045545,1.4283473417455335,0.15319190774892158,0.9981171756121147
Rfx4,14.080904569577052,-0.6806751375584409,0.5295509975546152,-1.2853816548390875,0.1986589486569983,0.9981171756121147
Rfx5,14.702124194934127,-0.35755357977515967,0.5106518893631553,-0.7001904569883649,0.48380837048766423,0.9981171756121147
Rfx6,0.09877207360782624,-0.45211653757778947,4.435042509789109,-0.10194187239014495,0.9188028137063071,0.9981171756121147
Rgcc,64.39640677640672,0.09597163373141807,0.29421568981935775,0.3261948191489809,0.7442769609372706,0.9981171756121147
Rgmb,73.92139995264729,0.17563646004463254,0.27130038078348506,0.6473874439004256,0.5173812201979402,0.9981171756121147
Rgr,0.6385327924276342,1.6596375606352636,2.7123502893494296,0.6118817201274308,0.5406160167678047,0.9981171756121147
Rgs18,0.2010153629169217,-0.46032403864503774,4.433790464391391,-0.10382178462017705,0.9173107782646794,0.9981171756121147
Rgs20,347.93181598050984,-0.12467650674100972,0.18370623184474744,-0.6786732572380858,0.49734491442349105,0.9981171756121147
Rgs3,195.1144935656201,-0.09973835965609182,0.24271589441350933,-0.4109263626805171,0.6811265309861949,0.9981171756121147
Rgs6,48.25059883332829,-0.45210462324089584,0.36287571996187024,-1.2458938373953525,0.21280337284520978,0.9981171756121147
Rgs9,317.07801719658784,0.021985647703732635,0.22788269387192178,0.09647791734500627,0.923141011507982,0.9981171756121147
Rhbdf2,0.9783990545881144,-3.1620975484886946,2.5781352585905988,-1.2265056838861639,0.22000843770463674,0.9981171756121147
Rhbdl3,23.091938388311153,0.06444149544179155,0.42738474791119246,0.15078099009556148,0.8801484825116884,0.9981171756121147
Rheb,288.8783921549745,-0.07790597075137806,0.18555525306564793,-0.4198532214219533,0.6745926824726484,0.9981171756121147
Rho,0.19754414721565247,-1.047741613991868,4.3594515893970955,-0.24033793987760943,0.8100682850102667,0.9981171756121147
Rhoa,1057.1772272364421,0.05235741444296834,0.17814454060776216,0.29390412001594063,0.76883116976213,0.9981171756121147
Rhoc,155.6361262706675,0.1298051803531372,0.2711284552180121,0.47875897145787216,0.6321101077246427,0.9981171756121147
Rhod,2.8418157166274116,-0.06246476468285851,1.2036738557306155,-0.0518950913368,0.95861228555326,0.9981171756121147
Rhog,471.63160802980656,-0.12345321584061368,0.19095953311351005,-0.6464888860365546,0.5179627924630291,0.9981171756121147
Rhoj,36.075738898464614,0.4689046979386585,0.3735430804272552,1.2552894766577647,0.20937369392040894,0.9981171756121147
Rhot2,75.93854993504546,-0.025904926159856873,0.25433487431603424,-0.10185361417509596,0.9188728689307654,0.9981171756121147
Rhox13,0.09877207360782624,-0.45211653757778947,4.435042509789109,-0.10194187239014495,0.9188028137063071,0.9981171756121147
Rhox5,0.09877207360782624,-0.45211653757778947,4.435042509789109,-0.10194187239014495,0.9188028137063071,0.9981171756121147
Rhpn1,9.064450719472134,0.03953165606232039,0.6613009375699548,0.05977861789760216,0.9523319555616435,0.9981171756121147
Rhpn2,37.14605269458481,0.45989895530661873,0.34761616046602156,1.3230079829719898,0.18583272308353116,0.9981171756121147
Ric8a,122.95343715999958,0.18039789383051683,0.2271753335435409,0.7940910265944052,0.4271424411896757,0.9981171756121147
Ric8b,158.27717692721149,0.10685434992726185,0.19683049712238523,0.5428749685107078,0.5872158916111274,0.9981171756121147
Rictor,93.20376302084718,0.22255140802104864,0.2433675209228981,0.914466347757044,0.3604718528291776,0.9981171756121147
Rif1,154.63183288072017,0.16528425528519303,0.20918589145776442,0.7901309889178864,0.4294512737672389,0.9981171756121147
Rims2,81.3332523247512,-0.04638790560200908,0.28592155052188667,-0.16223997637582124,0.8711168802014956,0.9981171756121147
Ring1,59.45129386474204,0.09779203775231585,0.28098824840629655,0.34802892401006363,0.7278184615358203,0.9981171756121147
Riok3,274.9825472336037,-0.11208427511607641,0.1804351655584681,-0.6211886400811192,0.5344755129090475,0.9981171756121147
Riox1,17.872754438628373,0.22014209962557238,0.5044046172816402,0.43643950131141135,0.6625178844383,0.9981171756121147
Riox2,16.976416274393756,-0.2297035658737495,0.4896357867862595,-0.4691314893084436,0.6389756521785155,0.9981171756121147
Ripk1,19.69927599416096,0.04590587831725734,0.44355179434469755,0.10349609426127693,0.917569249177789,0.9981171756121147
Ripk2,22.65922633487008,-0.5194829709192506,0.4252486885828141,-1.2215980551297692,0.22185966448025285,0.9981171756121147
Ripk3,0.6350615767263649,1.0240631548444525,2.591481624683681,0.3951651229514123,0.6927210302826778,0.9981171756121147
Rita1,4.505508000824359,-0.5177625343462356,0.9795276353875577,-0.5285838966058154,0.5970941336778306,0.9981171756121147
Rlim,176.43210122964115,0.02998493628803082,0.20303234503164333,0.1476855142630479,0.8825909642099468,0.9981171756121147
Rln1,0.8142358782374058,1.9994883678585789,2.2861650405280174,0.8746036845164831,0.38178958230940596,0.9981171756121147
Rln3,0.3945456241450471,0.5024832506138347,3.2738417065691423,0.15348428410743703,0.8780163829283766,0.9981171756121147
Rmdn3,75.46756812045801,0.10188315633673989,0.272773861551369,0.3735077685130515,0.7087705645710403,0.9981171756121147
Rnase1,0.4355097601374212,-1.9708017347970357,3.0928789392644394,-0.6372062319599678,0.5239905188969805,0.9981171756121147
Rnase4,36.89551890139483,-0.04771864614508254,0.348288200744982,-0.13700908053449196,0.8910236175723989,0.9981171756121147
Rnaseh2b,63.69041652536861,-0.04028351980293086,0.27859482388504886,-0.14459536340686738,0.8850303582263653,0.9981171756121147
Rnaset2a,187.07178104144512,0.1663506150780091,0.22997193221067425,0.7233518172366248,0.4694637652906193,0.9981171756121147
Rnd2,335.51904406790476,-0.16973885128028554,0.21253118384185013,-0.7986538643975774,0.42449114526329357,0.9981171756121147
Rnf10,460.508646784331,0.026204967398060313,0.15843083014333537,0.16540320702954206,0.868626629599483,0.9981171756121147
Rnf13,2855.3674261394513,-0.14425205802124186,0.1423713536261609,-1.0132098511897225,0.31095993604402117,0.9981171756121147
Rnf130,442.6341735285893,0.061577036581563126,0.17818371643564151,0.34558172774336676,0.7296570799893389,0.9981171756121147
Rnf14,762.0230484779596,-0.03896092590319936,0.15117425664962475,-0.2577219611768871,0.7966214959427096,0.9981171756121147
Rnf144a,293.25385208116876,0.4997461452405951,0.24085400096689621,2.074892437885148,0.037996504728132575,0.9981171756121147
Rnf19a,97.2662505355111,0.2727338317850864,0.24684311545637935,1.104887334130582,0.26920841131887885,0.9981171756121147
Rnf2,67.82997694896191,0.046771024236083696,0.289402909306493,0.1616121425598756,0.8716112946421464,0.9981171756121147
Rnf20,75.25480038178878,-0.276491046873212,0.2664380320604594,-1.037731155477351,0.2993952359247579,0.9981171756121147
Rnf219,25.550630511570805,-0.08677073559985375,0.397873464183732,-0.21808625960484845,0.8273619029978757,0.9981171756121147
Rnf220,201.8494128669307,-0.23301667510524982,0.19124707567197155,-1.2184064738585692,0.22306954617542274,0.9981171756121147
Rnf31,19.804874580879446,0.7694206332597335,0.4912294352358893,1.5663162222562177,0.11727460507345264,0.9981171756121147
Rnh1,245.4429157352307,0.15744039580907224,0.21246662659466017,0.7410123572462702,0.4586859477882541,0.9981171756121147
Robo1,63.27205271421155,-0.15532741055516958,0.287696451295854,-0.5399003354248465,0.5892657665600998,0.9981171756121147
Robo2,53.668049834444474,-0.062494780570182,0.3136430834576521,-0.19925445152888252,0.8420637071068333,0.9981171756121147
Robo3,0.7612911292769508,-1.4838850304198858,2.3573712913992027,-0.62946598010835,0.5290440340284742,0.9981171756121147
Rock1,152.233640196796,-0.16999818022876534,0.21842030861011646,-0.7783075727276562,0.43638771222753625,0.9981171756121147
Rock2,301.37043394090955,-0.02572608198711963,0.17338682191333468,-0.14837391736713706,0.8820476831438577,0.9981171756121147
Ror1,1.3860106322737582,-1.341051132685413,1.677732477139323,-0.7993235816546984,0.424102808554349,0.9981171756121147
Ror2,0.13572232361267328,-0.46032403864503774,4.433790464391391,-0.10382178462017705,0.9173107782646794,0.9981171756121147
Rora,60.05476078471361,-0.08362804690989374,0.2745460369117603,-0.3046048227488054,0.7606671464571995,0.9981171756121147
Rorb,48.59689378435087,0.045717136910012994,0.3139444338530678,0.1456217469726172,0.8842199993882232,0.9981171756121147
Rorc,1.8452828542397317,0.6826439760791716,1.3902359305204812,0.49102743001585425,0.6234070470425584,0.9981171756121147
Ros1,0.2010153629169217,-0.46032403864503774,4.433790464391391,-0.10382178462017705,0.9173107782646794,0.9981171756121147
Rp1l1,0.41969025409235866,2.40697739346095,3.347408063403607,0.719057057840018,0.47210576446248076,0.9981171756121147
Rp2,68.72581980651393,0.06003381887481424,0.26605279017545685,0.22564626679999505,0.8214765530358246,0.9981171756121147
Rpa1,178.87410532231675,0.04873939407338809,0.2110886904706,0.23089533581703856,0.8173961143218378,0.9981171756121147
Rpe65,3.040064279792798,-0.8820756433701341,1.2260877746388286,-0.71942291703379,0.47188038080199046,0.9981171756121147
Rph3a,111.1958054235606,-0.27280929392476827,0.25968280613851513,-1.0505481590461998,0.29346616132887726,0.9981171756121147
Rph3al,3.5989096064256656,0.4751695929895931,1.0780972667534603,0.4407483514177716,0.6593951882914053,0.9981171756121147
Rpn1,276.05804918844814,0.2116675504442119,0.19010118444447258,1.1134467734262787,0.26551659612778755,0.9981171756121147
Rprml,52.72287418302695,0.3983395106248979,0.31498861800176625,1.264615569768506,0.2060091689736382,0.9981171756121147
Rptor,72.10341793650615,0.1870334794468499,0.2581972246169967,0.7243822226373295,0.4688311107702626,0.9981171756121147
Rragd,211.96687008922277,0.004544616140221971,0.2311595527950405,0.01966008363172208,0.9843145332675254,0.9981171756121147
Rras2,26.271187668691194,-0.3888893524812699,0.39945308263512347,-0.9735545158791453,0.3302777794652627,0.9981171756121147
Rsad1,41.34365086812176,0.6571836209150579,0.39753139651138764,1.6531615532315125,0.09829798880417878,0.9981171756121147
Rsbn1,134.72037662281699,0.30077109197844465,0.2097509371455341,1.4339439721776162,0.15158825214168092,0.9981171756121147
Rsf1,210.02585645578804,0.02258839670564096,0.19633898929876148,0.11504794226718293,0.9084071218638583,0.9981171756121147
Rsph1,2.555708477303769,-0.239109067408289,1.1684738201240858,-0.20463365399397385,0.8378583596765881,0.9981171756121147
Rsph10b,6.582277523886609,0.2785375604960668,0.736921554637255,0.3779745058932022,0.7054495328903669,0.9981171756121147
Rsph9,17.138744784628674,-0.17723644429999774,0.4857106200602191,-0.3649013156805666,0.7151850721617454,0.9981171756121147
Rspo1,3.361105747672084,-0.03930595471904811,1.0948966603465191,-0.03589923701713396,0.9713627042488922,0.9981171756121147
Rspo2,1.6292396809330627,0.9217051920534539,1.4745907306769972,0.625058311352799,0.5319327877747762,0.9981171756121147
Rspo3,5.370694666822502,0.5686419014272233,0.835085543198858,0.6809385051128987,0.49591040244848217,0.9981171756121147
Rsrp1,1534.0659196889999,0.13172422279307927,0.1508191217661707,0.8733920556658852,0.38244941967263324,0.9981171756121147
Rtbdn,0.5328996656264882,2.8305804955371845,3.1025165521830598,0.9123498450138712,0.36158458289923856,0.9981171756121147
Rtcb,227.8320030777273,0.04182614190818843,0.19621533707068647,0.21316448822306172,0.8311986659760934,0.9981171756121147
Rtf1,64.02852014529635,0.00506058472722741,0.27744909632386405,0.01823968718687132,0.9854476420989429,0.9981171756121147
Rtkn2,69.16418022636779,-0.3471397644310324,0.30009430562705186,-1.1567689153770455,0.24736678496414088,0.9981171756121147
Rtn2,39.51973478872338,-0.47172814799217816,0.34001479732196804,-1.3873753486836857,0.16532733787215392,0.9981171756121147
Rtn3,1201.9769027875025,-0.11217889200009112,0.15387736230587698,-0.729014913688878,0.46599253981501754,0.9981171756121147
Rtn4,1249.8106324920457,-0.1791969877672792,0.17600262347754086,-1.0181495265617218,0.30860690176193806,0.9981171756121147
Rtn4r,11.058940982478292,-0.5524085837883876,0.5765272936729502,-0.9581655367417098,0.3379792924619952,0.9981171756121147
Rubcn,173.84589506989013,0.15217392909044727,0.20332122566321723,0.7484409391792143,0.4541942367057694,0.9981171756121147
Rundc1,36.70687416653692,0.3140471796164421,0.3665398199202861,0.8567887103909747,0.3915616660940049,0.9981171756121147
Runx1,1.7053716517289859,-1.1266064119485673,1.5628217078676472,-0.7208796795417802,0.47098354620364424,0.9981171756121147
Runx2,4.969004149401905,1.0163024772177187,0.9662838338069223,1.051763924491767,0.2929078742571749,0.9981171756121147
Runx3,0.4748664738390429,0.5027519297791732,3.1113126607120174,0.16158836626342765,0.8716300192851323,0.9981171756121147
Ruvbl1,110.63589179286338,0.01885154535716211,0.23150219072785364,0.08143139076952999,0.9350988857740956,0.9981171756121147
Ruvbl2,121.58193958829979,0.3219798185432058,0.2511865549517917,1.2818354016002207,0.19990039260994952,0.9981171756121147
Rxfp1,2.397473241612552,0.271012617941426,1.176305802189613,0.23039299596835663,0.8177864031897145,0.9981171756121147
Rxfp2,0.5362895031185386,1.6547032456799593,2.8459888519777885,0.5814159266752017,0.5609601659319747,0.9981171756121147
Rxfp3,1.4827764892673485,1.1738261719096754,1.5584056369975965,0.7532224884473295,0.4513162277818663,0.9981171756121147
Rxra,54.996737618564275,-0.023064917225228014,0.32894969097335985,-0.07011685330051257,0.9441006527224421,0.9981171756121147
Rxrb,249.50028752304388,-0.10897581034432184,0.18022676763254292,-0.6046594064568047,0.5454053255351935,0.9981171756121147
Rxrg,55.60604591102136,-0.4021684030011286,0.40597456110023317,-0.9906246389212431,0.32186890197290563,0.9981171756121147
Rybp,83.25438845737013,-0.3257776753994778,0.2651264176575666,-1.2287635395890553,0.21916047536590288,0.9981171756121147
Ryk,126.00952755722534,-0.001285547246355634,0.2244534126390789,-0.005727456897359783,0.9954301755535191,0.9981171756121147
Ryr1,14.023740991914167,0.08548354732765122,0.6467317248590351,0.1321777547657549,0.8948436958527483,0.9981171756121147
Ryr2,88.45388923858319,-0.13478011995099456,0.28849717191814117,-0.46718003873271025,0.6403710737826344,0.9981171756121147
Ryr3,17.193073875176506,0.3479616895612514,0.5228509351160109,0.665508400561711,0.5057253723061397,0.9981171756121147
S100a1,555.8776349704077,0.1737280504523647,0.24705027601298593,0.7032092951121934,0.48192532740968197,0.9981171756121147
S100a10,84.99096003816767,-0.09332080862363247,0.2648540392709673,-0.352348066431253,0.7245772446438605,0.9981171756121147
S100b,164.044821443988,-0.3547795810407946,0.2560767245704326,-1.385442513902564,0.16591719888121714,0.9981171756121147
S1pr1,187.4014298825322,-0.1804509553869767,0.2610462526945302,-0.6912604702207157,0.48940186867760627,0.9981171756121147
S1pr2,7.3897864200585,0.22621165272035607,0.6966379844700314,0.32471909049353226,0.7453936848522622,0.9981171756121147
S1pr3,2.3127046828164577,-1.6298872261106536,1.3585862888278064,-1.1996935634592094,0.23025837373181968,0.9981171756121147
S1pr5,426.44717423732783,-0.26170490837822225,0.20784334065782029,-1.2591450250459366,0.2079779540472667,0.9981171756121147
Saa1,0.4355097601374212,-1.9708017347970357,3.0928789392644394,-0.6372062319599678,0.5239905188969805,0.9981171756121147
Saa2,0.0,,,,,
Sacm1l,195.3789695731074,-0.21926189358101328,0.19293121064694557,-1.1364770523430319,0.2557569642008858,0.9981171756121147
Sag,2.599079076992917,-0.1608401979008981,1.2043903615516567,-0.13354490623262896,0.8937624522547949,0.9981171756121147
Sall1,120.54555689971859,-0.19418962321018474,0.23458616785964675,-0.8277965618431888,0.40778572215101405,0.9981171756121147
Sall3,6.3820602001254585,0.43644152587936424,0.7959869405496668,0.5483023698579536,0.5834843004273775,0.9981171756121147
Sall4,0.2815614667829107,0.5020161678893961,3.624618577878668,0.13850179187218215,0.8898438535561748,0.9981171756121147
Samd11,0.0,,,,,
Samd14,16.92624737054319,0.09471860586324676,0.50629878663904,0.18708045202323448,0.8515975545926463,0.9981171756121147
Samd8,253.68204775843955,0.08231607171597904,0.19947432593068545,0.41266499501586346,0.679852074895334,0.9981171756121147
Samhd1,60.351785368022234,-0.0005050652728320311,0.317531600940778,-0.0015905984517308863,0.9987308865880705,0.9994278384364038
Sap130,92.15648666874853,-0.14064431389362766,0.23893077616552233,-0.5886404261131875,0.5561025091257026,0.9981171756121147
Sap18,98.28678291780585,0.07525016866035965,0.2372343247448171,0.31719764305314196,0.7510936382251975,0.9981171756121147
Saraf,585.413267262257,0.10960072432646732,0.1724722135144404,0.6354688798453375,0.525122657044683,0.9981171756121147
Sardh,15.82286216037979,0.41619273679315133,0.50787334542676,0.8194813540439486,0.4125118359484268,0.9981171756121147
Sarm1,11.184629317501676,-0.02451656182454779,0.5738525744929786,-0.042722753045430086,0.9659225418190336,0.9981171756121147
Sart3,98.16249815007995,0.23050273860766987,0.24520472798094456,0.9400419824922087,0.347196026493926,0.9981171756121147
Sass6,98.15631082679425,-0.08399628712879256,0.26568644366791877,-0.3161481856928291,0.7518900339854865,0.9981171756121147
Satb2,4.830374127130763,-1.1199849949266192,0.8925132452387403,-1.2548665254004516,0.2095272176582178,0.9981171756121147
Saysd1,5.560660097648032,-0.11061767387566757,0.8589241906579788,-0.12878630626403584,0.8975267413070572,0.9981171756121147
Scamp4,94.6419949319233,-0.24942277242106167,0.24540031425355602,-1.016391414084945,0.30944303259783523,0.9981171756121147
Scarb1,16.83669158217064,0.5874553716808011,0.5177422769889171,1.1346482560731204,0.2565227256294611,0.9981171756121147
Scarb2,1110.8415279604508,-0.06296040913863636,0.14641672261088526,-0.4300083215628241,0.6671895878705947,0.9981171756121147
Scgb1b27,0.2344943972204995,-1.2123042177937502,3.9780828204562106,-0.3047458468083683,0.7605597286868574,0.9981171756121147
Scimp,0.0,,,,,
Scin,0.09877207360782624,-0.45211653757778947,4.435042509789109,-0.10194187239014495,0.9188028137063071,0.9981171756121147
Scmh1,51.25364682272133,-0.17633357835689176,0.29565966962130324,-0.596407276591864,0.5509031805483918,0.9981171756121147
Scn10a,0.6182991533125057,-1.1043767801245767,2.557861283805866,-0.4317578858230201,0.6659173910555881,0.9981171756121147
Scn1a,68.46604732801369,-0.04996941394585288,0.31134993597016036,-0.16049277090791475,0.8724929157946408,0.9981171756121147
Scn2a,153.1165287551235,0.033695498594095756,0.23334484322442156,0.14440215660428715,0.8851829139349007,0.9981171756121147
Scn3b,48.77999914088116,-0.11205733880882647,0.31069845291902726,-0.3606626867821267,0.7183516214773578,0.9981171756121147
Scn4a,0.0,,,,,
Scn4b,496.0883047496639,-0.2281354993381155,0.29753422535151036,-0.7667538047718496,0.4432279068576376,0.9981171756121147
Scn5a,2.314781935910953,0.3331010739535628,1.4065918721662691,0.23681430310027266,0.8128008548734185,0.9981171756121147
Scn8a,124.85133277536748,0.22872020295908935,0.2539648132395033,0.9005980003355548,0.3678020981975968,0.9981171756121147
Scn9a,1.2529200265298526,0.4632441865646696,1.7516169662274277,0.26446660171509356,0.7914203968647164,0.9981171756121147
Scnn1a,1.0487302754579053,0.5054708276608398,1.7613012115176094,0.2869871571968689,0.7741221538780624,0.9981171756121147
Scnn1b,0.0,,,,,
Scnn1g,0.5328996656264882,2.8305804955371845,3.1025165521830598,0.9123498450138712,0.36158458289923856,0.9981171756121147
Scrib,206.22042906031427,-0.10515375432690259,0.21880179899557603,-0.48058907563657055,0.6308085811692044,0.9981171756121147
Scrt1,54.53086262094533,-0.11838235947659918,0.3164068683030085,-0.37414598523578746,0.7082957077722786,0.9981171756121147
Scrt2,17.34627437171428,0.2992718221245839,0.48858639317528935,0.6125259039238423,0.5401898648205554,0.9981171756121147
Sct,0.46497490845347195,-0.3933607448554362,3.003416658036603,-0.13097108714599207,0.8957981794702864,0.9981171756121147
Scx,0.6983469466573222,-2.6581490783021424,2.873135819743333,-0.9251734846769629,0.3548756735467288,0.9981171756121147
Sdc1,1.5243646737551992,-0.11617683908620978,1.5172490259660185,-0.07657071258440323,0.9389650585017395,0.9981171756121147
Sdc2,30.02417128752326,-0.23365368850233753,0.38253799106581476,-0.6107986499624242,0.5413328872876882,0.9981171756121147
Sdcbp,330.6021495170563,0.058572291450800944,0.17536252946152503,0.3340068806640466,0.7383743665349987,0.9981171756121147
Sdccag8,142.49708808963044,0.06092111126335337,0.20684135772860898,0.2945306099918679,0.7683524767601099,0.9981171756121147
Sdha,924.7225421331328,0.039342752650080914,0.1480926336979244,0.26566313035077266,0.7904986609645184,0.9981171756121147
Sdhb,542.3217005223494,0.17349134458515705,0.1734947870638382,0.9999801580281494,0.3173201103107881,0.9981171756121147
Sdhc,363.78176443167223,-0.030683091301514108,0.1706927306429326,-0.1797562859645102,0.8573439032566834,0.9981171756121147
Sdk1,2.3083363622705324,-1.8771746319755154,1.4041142312000434,-1.3369101959540464,0.18125195227260982,0.9981171756121147
Sdk2,17.508221515322322,0.12615608080150295,0.4602419907384521,0.2741081503647401,0.7840015105504187,0.9981171756121147
Sdr16c5,0.29167828634047493,2.0902489199145853,4.023094876336202,0.5195624225044766,0.6033685947468979,0.9981171756121147
Sec1,0.3292525848407986,0.5022352423470765,3.4473755284261705,0.14568625849019756,0.8841690697581248,0.9981171756121147
Sec22b,182.4389921374792,0.06318906210162255,0.2457663909103156,0.257110265840545,0.7970936528906689,0.9981171756121147
Sec23a,122.04727616221452,0.042432122634989244,0.2220695785956593,0.19107580112199415,0.8484662062369371,0.9981171756121147
Sec24c,162.76349500184838,0.06021185378076993,0.19606282144778509,0.3071049030925294,0.7587635258005887,0.9981171756121147
Sec61a1,131.12973083852515,0.10305184461430557,0.21943228715231997,0.46962936016235224,0.6386198444979911,0.9981171756121147
Sel1l,456.54970660607887,0.13214826722747144,0.18273050650761816,0.7231866739337368,0.4695652048396831,0.9981171756121147
Sele,0.19353026122812536,1.4685041306821252,4.434566981015867,0.33114938549100936,0.740531649762339,0.9981171756121147
Selenof,352.47535998814146,-0.07636514412235067,0.1926700717506349,-0.39635187462423843,0.6918454635508616,0.9981171756121147
Selenoh,7.879254696354642,0.1377756225608912,0.7009154168249137,0.19656526201835148,0.8441677570948268,0.9981171756121147
Selenoi,75.7342868047618,0.18688618564939644,0.2639506475972405,0.7080345790041935,0.4789237841628827,0.9981171756121147
Selenok,3.9369949061439033,0.5724886344864271,1.000962413444107,0.5719381934798239,0.567363847735119,0.9981171756121147
Selenon,37.21617944465133,0.0366507854966969,0.35062498336940573,0.10452987446728222,0.9167488617360494,0.9981171756121147
Selenoo,79.63863122173345,0.18776145424542248,0.2676526336915397,0.7015117006538071,0.48298373518121684,0.9981171756121147
Selenop,2632.162630742869,-0.22266154749355221,0.2310017460338744,-0.9638955173131064,0.33509831150589775,0.9981171756121147
Selenos,285.09728573448734,-0.06792857373628404,0.17502619967863475,-0.3881051743168026,0.6979382029482442,0.9981171756121147
Selenov,1.7288512523733903,-0.3281199058623851,1.3861974283423613,-0.23670503144328908,0.8128856313516055,0.9981171756121147
Sell,0.0,,,,,
Selp,0.3468545060871591,0.5022934414257615,3.404314214859431,0.1475461457797608,0.8827009591994037,0.9981171756121147
Selplg,29.172556254689763,0.1728254541210372,0.37187491223098407,0.4647408266511118,0.6421170676772634,0.9981171756121147
Sema3a,31.49800647452454,0.16440381643215768,0.3860956362796575,0.42581112290291834,0.670245481304425,0.9981171756121147
Sema3b,4.637750775582261,-0.768980767374538,0.9223079191055538,-0.833757090712491,0.40441787964035203,0.9981171756121147
Sema3c,20.01382624959201,-0.1547211325844545,0.48075396889672817,-0.32183017217626025,0.7475813552661397,0.9981171756121147
Sema3d,196.441656725309,0.2741954031517316,0.2788148582747891,0.9834318186927299,0.32539495656848394,0.9981171756121147
Sema3e,20.7603430252577,0.20047240273915065,0.44650853155997,0.4489777654163937,0.6534476962640139,0.9981171756121147
Sema3f,8.419332571505658,-0.4535136869709176,0.7101493727445879,-0.6386173168303679,0.5230719131929511,0.9981171756121147
Sema4a,4.1134467761732045,-0.9909685981004468,0.9735705365798171,-1.0178703656971273,0.3087395664382111,0.9981171756121147
Sema4d,634.9884224075994,-0.21892435406934713,0.19299871834122467,-1.1343306108504077,0.2566558935136545,0.9981171756121147
Sema4g,14.493383243686054,0.4689765609673586,0.506165988520915,0.9265272096566013,0.35417206333967277,0.9981171756121147
Sema5a,54.817012196019995,-0.14460882009514012,0.3127048431264358,-0.4624450924691003,0.643762168966366,0.9981171756121147
Sema5b,9.20334153824818,0.029218812605640493,0.6313898802653479,0.04627697325994676,0.9630894923188957,0.9981171756121147
Sema6a,781.5462352911323,-0.1140464301563516,0.17221141829669753,-0.6622466226941158,0.5078131790896232,0.9981171756121147
Sema6c,9.548908497243115,-0.4082507877656139,0.6340456891155007,-0.6438822860464951,0.519651769341382,0.9981171756121147
Sema6d,324.86993423843325,-0.41575865144338325,0.2606997114746738,-1.5947798679622742,0.11076147051351201,0.9981171756121147
Senp3,32.35588849974141,0.2719680838140697,0.361274177196269,0.7528024447380249,0.45156863747464615,0.9981171756121147
Sept10,41.3814367374539,-0.3891309869749816,0.354295944431584,-1.0983218777716615,0.272063961967569,0.9981171756121147
Sept11,108.36272173259488,0.19568722967819405,0.23673482391939782,0.8266093954340261,0.40845849033778925,0.9981171756121147
Sept2,516.908568470415,-0.09775243833221015,0.15757921919020162,-0.6203383849378056,0.5350350285220591,0.9981171756121147
Sept3,27.324142369809834,-0.12771221382189693,0.38863385438203896,-0.3286183444439504,0.7424441806298273,0.9981171756121147
Sept4,6267.387588015904,-0.15659160672026676,0.1544414477773545,-1.0139221625661783,0.31061989519142774,0.9981171756121147
Sept5,417.47903332060264,-0.11478490450278314,0.2227614935695379,-0.515281625488615,0.6063562369744838,0.9981171756121147
Sept6,37.60776985109595,0.06548384285058048,0.32821571252219506,0.19951464951926165,0.8418601850497079,0.9981171756121147
Sept7,2253.012334930216,-0.18891113208802643,0.1863692924880524,-1.013638725382493,0.31075517208988235,0.9981171756121147
Sept8,1245.552809521562,-0.10519380184066061,0.15887810028641736,-0.6621038497503595,0.5079046687704074,0.9981171756121147
Sept9,34.97949820827519,-0.2232387478644204,0.3448935887827255,-0.6472684767853291,0.5174581996872742,0.9981171756121147
Serpina3a,0.0,,,,,
Serpina3c,0.5813489033076588,-0.9998427837396973,2.4626858542173813,-0.40599688426660413,0.6847448897357515,0.9981171756121147
Serpina3f,0.380333540390737,-0.260574422223632,2.981357064725813,-0.08740127954032781,0.9303525523464115,0.9981171756121147
Serpina3i,0.5184623277001849,1.4339232667094646,2.728490135634628,0.5255372735206697,0.5992097490576849,0.9981171756121147
Serpina3n,26.97061965905085,1.593704894726291,1.2106598577861907,1.3163936050878366,0.18804196769706516,0.9981171756121147
Serpinb13,0.0,,,,,
Serpinb3b,0.14583914317023747,1.4685041306821252,4.434566981015867,0.33114938549100936,0.740531649762339,0.9981171756121147
Serpinb5,0.5738638016188623,0.5127148236070577,2.3911531279038867,0.2144215766124981,0.8302183172237925,0.9981171756121147
Serpinc1,1.4431945213937336,-0.04604960917919233,1.5683961857484752,-0.02936095458381671,0.9765767130973383,0.9981171756121147
Serpind1,33.85644169468362,-3.0981754767788363,1.4528152714602507,-2.132532289301175,0.032963112971558045,0.9981171756121147
Serpine1,0.6793628572922024,1.9723598310310948,2.660147583795912,0.741447520823873,0.4584221402716607,0.9981171756121147
Serpine2,335.1280862077641,0.017220266042811176,0.20676153663373517,0.08328563582556352,0.9336244215615751,0.9981171756121147
Serpinf2,0.5377530494465167,-2.2300988137131097,3.1138112369834805,-0.7161958911399937,0.47387039983669377,0.9981171756121147
Serping1,5.8197037382588315,-0.7429059651442849,0.8507439971361722,-0.8732426765808533,0.382530817965933,0.9981171756121147
Serpini1,92.97263554838685,0.13026564618586434,0.2633970799460822,0.49455994809255266,0.6209107800910665,0.9981171756121147
Sertad1,6.651460182885547,0.5818530686204135,0.7968227225892006,0.7302164611091118,0.4652578821597949,0.9981171756121147
Sesn1,85.08151304697428,0.3523679105756734,0.2432955861525751,1.4483119737104357,0.14752982047122798,0.9981171756121147
Sesn2,44.79442996446185,1.2942000589114624,0.43132411951410565,3.000527910123371,0.00269512053156167,0.9981171756121147
Set,184.18207693285322,0.029811861665780315,0.19619520272167104,0.15195000312047588,0.8792263693617753,0.9981171756121147
Setbp1,35.16520807349484,-0.06362933760894354,0.34612250558846563,-0.18383473071409534,0.8541431092673937,0.9981171756121147
Setd1a,151.27223651298456,0.046497254939593106,0.22934733141848865,0.20273728345567646,0.8393403802885365,0.9981171756121147
Setd1b,159.39282293528916,0.32800896512110517,0.21633150257786896,1.5162330091200549,0.12946044412871074,0.9981171756121147
Setd5,165.3963803971271,-0.06276855602340166,0.20113063536315987,-0.3120785449221461,0.7549808315066028,0.9981171756121147
Setd6,33.76970951519525,-0.09856863248538715,0.38399697912749914,-0.2566911664496695,0.797417191272701,0.9981171756121147
Setdb1,63.74609903228097,0.3910896653512901,0.3022010631776688,1.2941372913746576,0.19561800255162187,0.9981171756121147
Setx,83.92050902613545,-0.19482941670220214,0.24403830151745026,-0.7983558953276464,0.42466398993043575,0.9981171756121147
Sez6,169.93070326740863,-0.1370410780870803,0.2638664484397739,-0.5193577239448053,0.6035113066191915,0.9981171756121147
Sez6l2,865.7024764867001,-1.395923476021136,0.7658117319023945,-1.8228024171860713,0.06833332151247029,0.9981171756121147
Sf1,675.7483296046968,0.018593624097981026,0.16505043206693545,0.11265419826614247,0.9103047144947873,0.9981171756121147
Sf3a1,255.57103390074306,0.1650840904050426,0.20073578807717846,0.8223949101770106,0.4108521752256571,0.9981171756121147
Sf3b6,173.35760052485634,0.03821380886185738,0.20049929860208165,0.19059322964365039,0.8488442949214923,0.9981171756121147
Sfpq,781.2276317295153,0.10038732348331218,0.18267920998339557,0.5495279046391583,0.5826432200125721,0.9981171756121147
Sfrp1,8.802955714075727,0.15550573726391342,0.6802228677173303,0.22860998158699739,0.8191720658216858,0.9981171756121147
Sfrp2,0.9387766302880202,1.5375644980893886,2.1633002578229283,0.710749463709093,0.47723950199260634,0.9981171756121147
Sfrp4,4.029841498176499,-0.1466951945190533,0.961082258545393,-0.15263542034484942,0.8786857908778275,0.9981171756121147
Sfxn1,49.99311175871461,-0.4135213671544452,0.30955674711742737,-1.335849956446208,0.18159832067053128,0.9981171756121147
Sfxn3,117.78980133259051,-0.0964865987543837,0.2269737008231866,-0.425100346006814,0.6707635256929927,0.9981171756121147
Sgca,0.48257682969983245,-0.5794186705020172,2.7806951780295104,-0.20837187588199146,0.8349386141579795,0.9981171756121147
Sgcd,4.658518732907734,0.3624000680426137,0.8736189418310143,0.41482624825311243,0.6782691030070893,0.9981171756121147
Sgk1,1087.7139464210566,1.6366178390286124,0.7978448629483827,2.0512983350931155,0.04023790252472149,0.9981171756121147
Sgms2,11.655328484338506,0.3488201820190944,0.5828790920280028,0.5984434624433851,0.5495440728539542,0.9981171756121147
Sgo1,0.48583259606407697,1.4006581316720497,2.963090498668648,0.4727017727947837,0.636425961630994,0.9981171756121147
Sgo2a,2.628803055512994,0.3277131200444726,1.2305222071141748,0.2663203623224538,0.7899924923422421,0.9981171756121147
Sgpl1,36.3262557838137,0.26025131614507846,0.3581378390947387,0.7266791936951231,0.4674225020942614,0.9981171756121147
Sgsh,40.43434502119441,0.12778778244328862,0.34190150369996264,0.3737561287692652,0.7085857619085091,0.9981171756121147
Sgta,225.041420048047,-0.18846275524362668,0.18627970835822613,-1.0117191877990406,0.3116723384840986,0.9981171756121147
Sh2d1a,0.2010153629169217,-0.46032403864503774,4.433790464391391,-0.10382178462017705,0.9173107782646794,0.9981171756121147
Sh3bp1,17.136780286474224,0.15426780075751417,0.479336749780239,0.32183595526160086,0.747576973912516,0.9981171756121147
Sh3bp2,56.70457038446329,0.30426912172987447,0.2914583258948568,1.0439541255021108,0.2965066145092873,0.9981171756121147
Sh3bp4,106.64246939302741,0.033101075819904846,0.29243368205560033,0.1131917349165386,0.9098785481368037,0.9981171756121147
Sh3bp5,214.42892767034303,-0.20145946771974793,0.215815558454786,-0.9334798156452391,0.35057228719973443,0.9981171756121147
Sh3gl1,118.43651373383592,0.036530884955313064,0.24044498424765973,0.15193032647204668,0.8792418888775506,0.9981171756121147
Sh3gl2,108.68353344678559,0.276704466199828,0.2394374664861506,1.1556439777808667,0.24782681180367583,0.9981171756121147
Sh3gl3,217.5473850934526,-0.1226748151118767,0.2293962630571712,-0.53477250883247,0.5928071751544747,0.9981171756121147
Sh3rf2,34.57972325249547,-0.13319022522075996,0.3956928544001192,-0.33660002635801917,0.7364184363307054,0.9981171756121147
Sh3tc2,22.798756895893273,0.1912051092785579,0.42340406381344287,0.4515901608417374,0.6515642594794482,0.9981171756121147
Shank3,71.63444542999224,-0.17028317978924665,0.31987925300199344,-0.532335805436514,0.5944934376009166,0.9981171756121147
Sharpin,77.83197686626661,-0.03854869141974322,0.2500070883738697,-0.1541903938423382,0.8774596162173917,0.9981171756121147
Shc1,18.65271911304591,-0.15404644447492014,0.4643287663271058,-0.33176157853291177,0.7400692984927824,0.9981171756121147
Shcbp1l,22.828739207759032,0.7280126172853936,0.44508678056105194,1.6356644346248632,0.10190983680752065,0.9981171756121147
She,3.9143050115017686,0.17752945529865588,1.0362632400451954,0.17131694770038658,0.8639745551230477,0.9981171756121147
Shh,4.096117911276024,-0.6372249049141337,0.948928541254597,-0.671520433005046,0.5018890471416722,0.9981171756121147
Shisa3,0.0,,,,,
Shld1,11.392074834937867,0.09143312661416744,0.5746982623493991,0.15909762148989912,0.8735919621291992,0.9981171756121147
Shmt1,18.324747473608365,0.3413729651583233,0.4948560698892872,0.6898429380379183,0.4902929632064088,0.9981171756121147
Shoc2,132.019415315079,-0.11519825342157036,0.21724237040267516,-0.5302752552738293,0.5959211004750413,0.9981171756121147
Shox2,1.2231374620995374,1.142145872308695,1.7548703917875272,0.6508434341668359,0.5151475591445358,0.9981171756121147
Shroom3,32.786914781076646,-0.9779582985661566,0.43931222015031274,-2.2261122129303472,0.026006666094985684,0.9981171756121147
Shtn1,409.3512522814347,-0.26019472227929763,0.20616732269840907,-1.262056075976319,0.20692860906631816,0.9981171756121147
Siah2,104.94035874967017,0.21238780244602273,0.2612215270606727,0.8130562776960278,0.4161857926334751,0.9981171756121147
Sidt1,4.624553182570999,-0.1824883249841428,0.8631575305009893,-0.21141949011117808,0.8325599495452575,0.9981171756121147
Sidt2,24.085883217590734,-0.44663092584923647,0.4148066976719048,-1.0767206227766923,0.2816050962785489,0.9981171756121147
Siglec1,0.0,,,,,
Siglech,38.11518321075537,-0.37010792572814244,0.37759355743556366,-0.9801754252422629,0.32699953286946404,0.9981171756121147
Sigmar1,19.15454450562273,0.013557997290679347,0.4718337871816801,0.028734689331306462,0.9770761896974934,0.9981171756121147
Sim1,0.24461121677806372,0.5095569421313735,3.7994315150776345,0.13411399576732771,0.8933124326044014,0.9981171756121147
Sin3a,92.20540139348526,-0.03607841759017224,0.23302957975585473,-0.15482333885668773,0.8769605913153531,0.9981171756121147
Sin3b,69.12225353216054,-0.05617695616752369,0.26091861610771727,-0.21530451527587313,0.8295299094984773,0.9981171756121147
Sinhcaf,11.764160263275125,0.6481268313248956,0.6073461340951466,1.0671457262019228,0.28590603619830723,0.9981171756121147
Sirpa,164.39891813792642,0.02732173908069131,0.21426595839274237,0.12751320501696994,0.8985342224033036,0.9981171756121147
Sirt1,60.793385058850795,0.2742698629926668,0.28684522054004,0.9561597800943041,0.3389915163967486,0.9981171756121147
Sirt2,976.6738515644837,-0.14836780187319987,0.17580115000487767,-0.8439523966088012,0.39869600702791597,0.9981171756121147
Sirt3,28.515248924812624,-0.2611502509760449,0.37274918417282155,-0.7006058284354691,0.4835490400582779,0.9981171756121147
Sirt4,49.02356795187466,0.19257619502497364,0.3049318351992504,0.6315385040041469,0.5276884815033859,0.9981171756121147
Sirt5,10.749685998847577,-0.1986109424909677,0.5968776558948414,-0.3327498366364701,0.7393231269039514,0.9981171756121147
Sirt6,34.85550796947467,0.4796154463258983,0.34779127785621455,1.379032416460378,0.167884759426719,0.9981171756121147
Sirt7,119.91897011115542,0.2567783597730752,0.22162956331527042,1.1585925448393601,0.2466223091523444,0.9981171756121147
Six1,0.0,,,,,
Six2,0.09877207360782624,-0.45211653757778947,4.435042509789109,-0.10194187239014495,0.9188028137063071,0.9981171756121147
Six3,62.008225348116945,0.18274934289918301,0.317904485462977,0.5748561321273522,0.5653886002875097,0.9981171756121147
Six6,0.0,,,,,
Ska1,0.3726231845299474,0.5093577618301208,3.3285387681599885,0.15302743855727813,0.8783766372851214,0.9981171756121147
Ska2,130.39424646572002,-0.15746332116222073,0.2185441830804939,-0.720510237072858,0.47121089901856106,0.9981171756121147
Skp1a,205.41284153432983,-0.26010813359066565,0.20275649212426017,-1.2828597045921337,0.1995412323467639,0.9981171756121147
Skp2,8.755349416639161,0.6612169006089178,0.6372200942959849,1.0376585837887693,0.2994290331331617,0.9981171756121147
Slamf6,0.866166136454814,0.6156216890594679,2.0054190091009008,0.30697908330662155,0.7588592931557447,0.9981171756121147
Slamf9,0.8624696665815516,0.0031416286633333124,2.1832979836169004,0.0014389371890175156,0.9988518946291176,0.9994278384364038
Slc11a1,5.233724246218876,0.92801532866521,0.864079741171873,1.0739926935523647,0.2828259562684904,0.9981171756121147
Slc11a2,34.939484828185705,0.2797956082080343,0.3592608193106378,0.7788091357830667,0.43609215531348133,0.9981171756121147
Slc12a2,2162.7675889787542,-0.08680494126970012,0.1517137356542351,-0.5721627042889109,0.5672117517745301,0.9981171756121147
Slc12a5,150.86727121125367,0.09009046475621585,0.2211602729663383,0.40735374191696744,0.6837481966026888,0.9981171756121147
Slc12a7,1.2569339125173797,-0.4048308891973148,1.8885226608815149,-0.214363797471379,0.830263370890169,0.9981171756121147
Slc13a4,0.4280246584486249,-0.2626097938833926,2.8816131467179664,-0.09113291080813324,0.9273869823965722,0.9981171756121147
Slc14a1,12.03398964967563,-0.23274197532477622,0.5705464200889993,-0.4079282020356397,0.6833263871278947,0.9981171756121147
Slc15a1,0.4280246584486249,-0.2626097938833926,2.8816131467179664,-0.09113291080813324,0.9273869823965722,0.9981171756121147
Slc16a1,248.2144360755873,-0.17159345558606848,0.21056462380856625,-0.8149206285575862,0.4151177443736962,0.9981171756121147
Slc16a2,13.22347698789965,-0.23158719165566893,0.5275721583893455,-0.438967803689062,0.6606848655582708,0.9981171756121147
Slc16a3,49.415067957459485,0.4714077655373191,0.4104527696382585,1.1485067233260033,0.2507594390946819,0.9981171756121147
Slc16a8,0.8619269962952937,2.0884936787534016,2.358578075068722,0.8854884647787414,0.375893238328572,0.9981171756121147
Slc17a2,0.0,,,,,
Slc17a6,5.456502753666974,0.21074274570303062,0.8784703141341625,0.23989740155390768,0.8104097953083133,0.9981171756121147
Slc17a7,77.04620536476092,-0.41457251745417406,0.30395737603105066,-1.363916621690482,0.17259380883811104,0.9981171756121147
Slc17a8,10.895862425990536,-0.7891238977649647,0.6682025222448041,-1.1809651587574517,0.23761656451631596,0.9981171756121147
Slc18a2,0.73391502854341,1.8770057147846018,2.4484087439570525,0.7666226970546738,0.4433058767271577,0.9981171756121147
Slc18a3,15.757342672333015,-0.5417529685306972,0.5563437602852374,-0.9737737837716388,0.3301688727225506,0.9981171756121147
Slc19a1,20.23773938440574,0.20690101759081192,0.47650907649113944,0.43420162972417,0.6641420297424511,0.9981171756121147
Slc19a2,18.37291678305062,0.35447333850008805,0.4844718983389923,0.7316695554796817,0.46437028288330195,0.9981171756121147
Slc19a3,0.5160558640034103,-0.8451443334317648,2.6795651790181476,-0.3154035363832592,0.7524552821203532,0.9981171756121147
Slc1a1,98.84282694644735,-0.17627400240175894,0.2511644649087615,-0.7018269979624411,0.4827870597647015,0.9981171756121147
Slc1a3,893.1608612050636,-0.18529337897424553,0.19235586314808442,-0.9632842791571065,0.3354048804175377,0.9981171756121147
Slc20a2,231.57462220153153,-0.16070261788983417,0.20744917189472425,-0.7746602043385697,0.43854047220846515,0.9981171756121147
Slc22a18,2.3208211787514377,0.7729014577376757,1.3745752242176328,0.562283856220083,0.5739226357160125,0.9981171756121147
Slc22a2,0.14583914317023747,1.4685041306821252,4.434566981015867,0.33114938549100936,0.740531649762339,0.9981171756121147
Slc22a5,61.25925779976867,0.10036175422141677,0.27165415697910233,0.3694467823996426,0.7117947331420232,0.9981171756121147
Slc22a6,0.44215536399371613,-0.5846022634823556,3.022495803193158,-0.19341706376059956,0.8466323528022254,0.9981171756121147
Slc22a8,4.186767587452508,-1.6545810011522821,1.0408150488446404,-1.5896974231771095,0.11190302480825468,0.9981171756121147
Slc24a3,69.82775291898757,-0.08944683535182309,0.2706148222883791,-0.3305319146802114,0.7409980819579783,0.9981171756121147
Slc24a4,19.453826239526066,0.17538427467385362,0.5037529841600055,0.3481553066455818,0.7277235506239874,0.9981171756121147
Slc25a17,125.08811162949183,0.04787082611404331,0.2165888774658576,0.22102162712205534,0.8250755933667829,0.9981171756121147
Slc25a20,49.60956167005977,0.017386734483211708,0.30278684037865755,0.05742235845345292,0.9542087529146572,0.9981171756121147
Slc25a22,125.70882348377175,0.19852575015647536,0.24450365566435794,0.8119541183016147,0.41681795919241293,0.9981171756121147
Slc25a28,105.52736148773822,0.014267693064835685,0.24584486786095322,0.05803535045891344,0.9537204703737299,0.9981171756121147
Slc25a31,0.0,,,,,
Slc25a51,114.53725662847968,-0.24760770521402675,0.22180981860607848,-1.1163063329210139,0.2642910317482704,0.9981171756121147
Slc26a3,0.09877207360782624,-0.45211653757778947,4.435042509789109,-0.10194187239014495,0.9188028137063071,0.9981171756121147
Slc26a4,0.7194776906171066,0.5126999577070808,2.2458823689337706,0.22828442165939636,0.8194251345575992,0.9981171756121147
Slc26a5,0.5267967320564512,-0.7328519324667798,2.6625493682419985,-0.2752444485003709,0.783128440257796,0.9981171756121147
Slc2a1,154.4867174317397,-0.10585174475267912,0.2182289544517197,-0.48504903952191847,0.6276415596602476,0.9981171756121147
Slc2a2,0.2344943972204995,-1.2123042177937502,3.9780828204562106,-0.3047458468083683,0.7605597286868574,0.9981171756121147
Slc2a3,73.60956317031597,0.028568738091846718,0.2643115229360851,0.10808737271267249,0.9139263845841192,0.9981171756121147
Slc2a4,6.857670385221595,-0.08155440652825673,0.889746637448396,-0.09166025820804158,0.9269679737724841,0.9981171756121147
Slc2a5,6.439282105510062,-0.27037056713520047,0.7713160304847506,-0.3505315025869229,0.7259398523362633,0.9981171756121147
Slc30a10,21.602056510079382,0.15750536902952075,0.4519493861121783,0.3485022302705958,0.727463039169242,0.9981171756121147
Slc30a3,6.0358297425337755,0.36173419594127687,0.7967951295067447,0.4539864546677238,0.6498385760966987,0.9981171756121147
Slc30a8,0.0,,,,,
Slc31a1,15.924529222293003,0.15574282658964897,0.5208879134207844,0.2989948942505728,0.7649439412644491,0.9981171756121147
Slc32a1,445.4085692192989,0.22765072565214525,0.22341510247336918,1.0189585356221877,0.30822265205957267,0.9981171756121147
Slc39a5,0.5261726835609745,0.3948918696081895,2.6047178950418095,0.15160638714844432,0.879497395429114,0.9981171756121147
Slc39a8,1.5128080790667209,-0.17878937297009737,1.5126908720894545,-0.11819293437206942,0.9059147882714491,0.9981171756121147
Slc3a1,3.7592772705663937,1.50876158920617,1.0704125508855085,1.4095141055269143,0.15868320552627901,0.9981171756121147
Slc40a1,8.81133202761753,0.06052527955417543,0.6825793416004523,0.08867142010518668,0.9293430464935372,0.9981171756121147
Slc44a5,9.106692088254897,0.40495781322719215,0.6298899532440794,0.6429024802532021,0.5202873799507914,0.9981171756121147
Slc45a1,13.390861375684485,-0.08843103620801772,0.5350857547900062,-0.16526516622129547,0.868735275101099,0.9981171756121147
Slc45a2,0.09877207360782624,-0.45211653757778947,4.435042509789109,-0.10194187239014495,0.9188028137063071,0.9981171756121147
Slc47a1,0.14583914317023747,1.4685041306821252,4.434566981015867,0.33114938549100936,0.740531649762339,0.9981171756121147
Slc4a1,0.14583914317023747,1.4685041306821252,4.434566981015867,0.33114938549100936,0.740531649762339,0.9981171756121147
Slc4a10,89.39780245062417,0.012530561137379664,0.29960394306734306,0.04182375241491106,0.9666391998880207,0.9981171756121147
Slc4a7,25.77397527828119,-0.3655695662504757,0.40745896848258245,-0.897193569236905,0.36961563611168724,0.9981171756121147
Slc4a9,0.4456265796949854,-0.41920576832084416,2.846245931408079,-0.14728374793440885,0.8829080598494075,0.9981171756121147
Slc52a3,1.6833916051017315,-2.870023656248829,1.8341664176046788,-1.564756408525309,0.11764003644911981,0.9981171756121147
Slc5a12,0.0,,,,,
Slc5a2,0.14583914317023747,1.4685041306821252,4.434566981015867,0.33114938549100936,0.740531649762339,0.9981171756121147
Slc5a7,38.07083805310858,-0.4574659966314989,0.3714503179835063,-1.2315671153949908,0.2181108312967458,0.9981171756121147
Slc6a11,187.8596131042456,-0.35465069953447,0.28658957125054846,-1.237486409526115,0.2159065567390358,0.9981171756121147
Slc6a14,0.09877207360782624,-0.45211653757778947,4.435042509789109,-0.10194187239014495,0.9188028137063071,0.9981171756121147
Slc6a19,0.27385111092212117,1.468507008457143,4.1863062795273285,0.3507882391784651,0.7257472210175899,0.9981171756121147
Slc6a3,0.39855951013257424,-1.8615688890479165,3.3569000551072468,-0.554549989123356,0.5792025043172966,0.9981171756121147
Slc6a4,0.13572232361267328,-0.46032403864503774,4.433790464391391,-0.10382178462017705,0.9173107782646794,0.9981171756121147
Slc6a5,0.2344943972204995,-1.2123042177937502,3.9780828204562106,-0.3047458468083683,0.7605597286868574,0.9981171756121147
Slc6a8,273.7314095509287,0.26497068348699165,0.21360476950810978,1.2404717558375105,0.21480095469843818,0.9981171756121147
Slc6a9,128.22456006986408,-0.2810440984054529,0.24972476687386597,-1.1254154000167957,0.26041304827878387,0.9981171756121147
Slc7a10,10.141410310174367,-0.03429560517579196,0.6159737772551025,-0.05567705386521447,0.9555990795038016,0.9981171756121147
Slc8a1,374.7926664784468,0.06667177939521955,0.2235289297241451,0.2982691299846447,0.7654977632711355,0.9981171756121147
Slc8a3,49.45353781404045,-0.29363469271232306,0.3970541960797538,-0.7395330300283303,0.4595833906518454,0.9981171756121147
Slc8b1,28.30447361965211,0.8919005831398406,0.49200995795849106,1.8127693732879422,0.0698673995401031,0.9981171756121147
Slc9a1,34.78991293725227,0.17353375188549078,0.3669651872933922,0.47288886764822424,0.6362924676134123,0.9981171756121147
Slc9a3,1.2892462280392232,0.9031336629886187,1.725206132159212,0.5234931908445549,0.6006310882587009,0.9981171756121147
Slc9a3r1,64.7117429161384,-0.18152370717755992,0.2810854186018982,-0.6457955310540399,0.5184117825759038,0.9981171756121147
Slc9a3r2,225.73799482066747,-0.17851083698687134,0.2105366904646257,-0.8478846921784623,0.39650219048220103,0.9981171756121147
Slc9a4,0.0,,,,,
Slc9a8,37.22981856120083,0.03656205714585708,0.3377813442661124,0.10824178944901292,0.9138038964837067,0.9981171756121147
Slc9a9,185.05900545410114,-0.038136171873936975,0.2105227077543676,-0.18114992097875382,0.8562499014454332,0.9981171756121147
Slco1a1,0.0,,,,,
Slco3a1,153.27393892626392,-0.07796148041493876,0.28406090420567437,-0.2744533980589273,0.783736212003288,0.9981171756121147
Slco4c1,0.8947819821033948,2.3425725923906637,2.1908561663146067,1.0692498341099543,0.28495710880766756,0.9981171756121147
Slit1,17.688020852731636,-0.23329388963985626,0.46682434953120744,-0.49974661748928423,0.6172535031451765,0.9981171756121147
Slit2,10.063489553249568,0.533273307412172,0.6792226636295183,0.7851229588873755,0.43238147984979713,0.9981171756121147
Slit3,23.422799634123848,-0.04457071337920548,0.4263563705212703,-0.10453863589445747,0.9167419092190422,0.9981171756121147
Slitrk1,58.70711731657412,0.272177420889026,0.2831431483272671,0.9612714363634663,0.3364157059391537,0.9981171756121147
Slitrk3,27.07038373240268,-0.050258589689299714,0.4085059126261462,-0.1230302625638984,0.9020831339427894,0.9981171756121147
Slk,462.9653536929061,0.011940302576020894,0.16528497781276755,0.07224070048003212,0.9424103554697534,0.9981171756121147
Slurp2,0.0,,,,,
Smad1,107.60116228067731,0.08021996102539235,0.22722084380224117,0.35304842497289024,0.7240521371407543,0.9981171756121147
Smad2,87.13061776555169,0.05705185998831026,0.2546473196530789,0.22404264873486743,0.8227241177190854,0.9981171756121147
Smad3,41.436439846473526,0.1502709420746577,0.31859933494703463,0.4716611919470561,0.6371686416415918,0.9981171756121147
Smad4,267.8336883618917,-0.018993239480128717,0.1904478949389554,-0.09972932221811458,0.9205592208218047,0.9981171756121147
Smad5,91.96100717369318,-0.12982769243403341,0.23979073715312718,-0.5414207987155366,0.5882175745973177,0.9981171756121147
Smad6,2.4810089358880525,-1.9941483878034598,1.3787871132022873,-1.4463062271970122,0.14809132992522167,0.9981171756121147
Smad7,245.35010880126435,-0.1009934940812456,0.24437695275865287,-0.41326930768707537,0.6794093142003201,0.9981171756121147
Smad9,16.608672418349517,0.051951662880005,0.4844154537606271,0.10724608902687238,0.9145937524910498,0.9981171756121147
Smap1,147.6737927586207,-0.19066816068829298,0.21961330005360896,-0.8681995154289367,0.3852851194776724,0.9981171756121147
Smap2,122.12406907636863,0.12024044093625198,0.2318740581266751,0.5185592640577474,0.6040681223716768,0.9981171756121147
Smarca1,87.12151824884661,-0.15104817162369327,0.3061435517217313,-0.49339001515533554,0.6217370361056682,0.9981171756121147
Smarca2,189.4175544807906,-0.24058185341294266,0.20827676057923988,-1.1551065646683714,0.24804679028699395,0.9981171756121147
Smarca4,241.1173617604487,0.018868130226487,0.18142678895868805,0.10399858992589779,0.9171704675797353,0.9981171756121147
Smarca5,248.78729030125461,-0.00018653583571416545,0.20425860175969798,-0.0009132336856668457,0.9992713450430839,0.9994278384364038
Smarcb1,136.5591957357329,0.10404272529459263,0.21594095499920896,0.48181098992997307,0.6299402216125078,0.9981171756121147
Smarcc1,125.1188411385411,0.03828716137651677,0.2268971601040599,0.16874235604781243,0.8659993011581093,0.9981171756121147
Smarcc2,373.7825402575415,0.08175064782340208,0.17332318800022806,0.47166595979814613,0.637165237914342,0.9981171756121147
Smarcd1,254.17186721503776,0.034005596710166876,0.18325976479120995,0.18555953484339488,0.8527901888771752,0.9981171756121147
Smarcd2,43.858824390490945,0.25957724629745005,0.318132093500813,0.8159417160368534,0.4145334714966563,0.9981171756121147
Smarcd3,207.13221638159828,0.05288145686961814,0.19289947494949242,0.2741399730790573,0.7839770559838987,0.9981171756121147
Smarce1,63.80116985509206,0.0017044280976925435,0.2689216753167199,0.006338009369029736,0.9949430340349428,0.9981171756121147
Smc1a,174.35793527672425,0.033256818128822745,0.20755717519824848,0.1602296721231509,0.8727001563772012,0.9981171756121147
Smc3,167.54185730023224,-0.038053910559079356,0.20471805357261535,-0.1858844879334557,0.8525353470304095,0.9981171756121147
Smc5,197.60408696032744,0.25033936137213664,0.19873230554056562,1.2596812616408604,0.20778436775001408,0.9981171756121147
Smcp,0.6834245454569157,1.7311198328273485,2.682512397625087,0.6453352589758629,0.5187099481922013,0.9981171756121147
Smdt1,479.60259781511786,-0.14736539501395599,0.17052981857609364,-0.864162034795098,0.3874988847348818,0.9981171756121147
Smg9,104.91613493964174,0.22911309631987126,0.23658019497984262,0.9684373467499781,0.3328259952381246,0.9981171756121147
Smgc,0.29230233483595164,0.5094768886628668,3.582136449186346,0.14222710270531164,0.8869006245356488,0.9981171756121147
Smim7,106.87941515658751,-0.22542978024081892,0.24163512659302475,-0.9329346416611862,0.35085371495158413,0.9981171756121147
Smn1,78.77890921182949,0.128035400817746,0.26219767946798556,0.48831630042469226,0.6253258173540446,0.9981171756121147
Smo,9.509060818771028,-0.04069952518909274,0.6353753862704645,-0.06405587321849432,0.9489257377177454,0.9981171756121147
Smoc1,65.5650522711113,-0.15687740523903665,0.31915886732440435,-0.4915339077186939,0.6230488760188695,0.9981171756121147
Smoc2,0.731283310674642,-1.2380457815890418,2.4546323552457756,-0.504371165377668,0.6140005767256891,0.9981171756121147
Smpd1,277.671003395722,-0.009150393288157118,0.18153202172244695,-0.05040649688872851,0.9597984592012672,0.9981171756121147
Smpd3,51.02476257361547,0.08018527537706462,0.3354364988877273,0.23904755637192338,0.8110687068398433,0.9981171756121147
Smpd4,30.44014867815288,0.2756517365625129,0.36066361503792704,0.7642903943430102,0.4446942083565725,0.9981171756121147
Smtn,45.3248019492513,-0.44093056718076484,0.39537107259311666,-1.115232240661507,0.26475091344829194,0.9981171756121147
Smurf1,155.0708434434387,0.027410119413144772,0.22529775466200105,0.12166175137549114,0.9031669061315005,0.9981171756121147
Smurf2,191.26515766949407,0.0371857048360339,0.20340623052393567,0.18281497444916323,0.8549431987114351,0.9981171756121147
Smyd2,67.54556568252741,0.5188093466145745,0.2835563042200139,1.8296519558670283,0.06730199933359468,0.9981171756121147
Smyd3,96.1464812265267,0.19889367194878435,0.22912253486179224,0.8680668275111303,0.38535774968641945,0.9981171756121147
Snai1,0.33936940439836283,2.2357748292719086,3.5536531379614233,0.6291482996436945,0.5292519722359541,0.9981171756121147
Snai2,0.8877819436887014,-0.8366415191452995,2.1513651144110817,-0.38888867051947296,0.6973585034218074,0.9981171756121147
Snai3,1.436774171709432,-0.22212455247492563,1.549404489910722,-0.14336124228459196,0.8860048909157949,0.9981171756121147
Snap25,957.6243266948695,-0.0187661613707793,0.17383092706270248,-0.10795640159020821,0.9140302765056045,0.9981171756121147
Snap29,53.328116712178314,-0.05404053922281913,0.2994507922967358,-0.18046550756582588,0.8567871307714259,0.9981171756121147
Snap91,42.80136166289544,-0.06786704777331806,0.3165407130713107,-0.21440227108488533,0.8302333707741949,0.9981171756121147
Snapin,411.44591446552516,-0.111527924705342,0.16125572922887177,-0.6916214713031954,0.4891750741838964,0.9981171756121147
Sncb,324.4063271145563,0.15280771261189963,0.2150846774508739,0.710453735816683,0.4774228105938011,0.9981171756121147
Sncg,3.3098152357767727,0.5661116165797,1.1552746942333774,0.4900233852654091,0.624117350937214,0.9981171756121147
Snf8,198.78702349060083,0.05229712505532951,0.19186010523598987,0.2725794661219617,0.7851764980770233,0.9981171756121147
Snph,90.53326630726998,-0.0951918625330397,0.2935614818933494,-0.32426550622067923,0.7457370320226386,0.9981171756121147
Snrk,82.68976988732464,-0.010438557964766865,0.25219068740708706,-0.04139152826018873,0.9669837664799706,0.9981171756121147
Snrpa,206.9313552373723,0.10569683772971569,0.18572251667551462,0.5691115951997575,0.5692804099398028,0.9981171756121147
Snrpd1,28.428498385955617,0.10893976510732975,0.3708590788702541,0.29374975917858703,0.7689491284514387,0.9981171756121147
Snrpn,527.2557172115927,-0.15589890580584592,0.16637384045016798,-0.9370397737049322,0.34873809915116927,0.9981171756121147
Snta1,35.04505841093697,-0.19841413429754326,0.346049442900999,-0.5733693215460758,0.5663946577102187,0.9981171756121147
Sntb1,4.156817375862353,-0.9422657294620912,0.9506404067681913,-0.9911904888047304,0.321592573972729,0.9981171756121147
Sntn,0.0,,,,,
Snu13,29.402943601730204,0.13842362465278368,0.3816528717816012,0.3626950951701363,0.7168326640817799,0.9981171756121147
Snx27,125.31060135250179,0.04582938554611597,0.2227191614782009,0.20577208194366167,0.836968949886692,0.9981171756121147
Snx30,320.92541596959995,-0.09023965064969454,0.181772808934496,-0.4964419660930336,0.6195826227251919,0.9981171756121147
Snx4,45.48628531678768,0.12357160496464696,0.31788766476286834,0.38872727275160707,0.6974779052787288,0.9981171756121147
Snx5,346.9601988932973,-0.012285898371226326,0.1756906819109349,-0.06992914045068463,0.9442500591712517,0.9981171756121147
Snx6,564.3548217226179,0.0300087501896901,0.17213889055757928,0.17432870685112484,0.8616071398465146,0.9981171756121147
Socs1,0.24461121677806372,0.5095569421313735,3.7994315150776345,0.13411399576732771,0.8933124326044014,0.9981171756121147
Socs2,7.245528938328906,0.3779374610990957,0.7459409343881009,0.506658695985252,0.6123943163793983,0.9981171756121147
Socs3,2.0731652236359692,-0.16327196913836067,1.4309747733413887,-0.11409842589825221,0.9091597700276588,0.9981171756121147
Socs6,49.45216075991896,0.07023308481394834,0.2935502471051102,0.23925404766837177,0.8109085953544677,0.9981171756121147
Sod1,540.1666181525604,0.029771140699490526,0.16900842949774633,0.17615180963436805,0.8601746790321029,0.9981171756121147
Sod2,375.5410791953912,0.09736522832994571,0.1714878596194026,0.567767470805435,0.5701928705495831,0.9981171756121147
Sohlh2,0.0,,,,,
Sorbs1,366.06614488493005,-0.06877254443071645,0.2124755985895458,-0.323672670590138,0.7461858636518541,0.9981171756121147
Sorcs3,29.096158317587257,-0.18832684699207747,0.38129394898123203,-0.4939151211165621,0.6213661250533175,0.9981171756121147
Sorl1,241.13597311284227,-0.44034019809934166,0.2678896665118994,-1.6437371543025987,0.1002305077867362,0.9981171756121147
Sort1,683.4851652459041,-0.027820791346890698,0.16192806580821487,-0.17180956993484514,0.8635872416847655,0.9981171756121147
Sos1,191.76642468329132,0.13671095327801835,0.19715270469918725,0.6934267195908367,0.4880417989209016,0.9981171756121147
Sost,0.5554125777050319,1.4258276061704587,2.6776449184211204,0.532493160822534,0.5943844773758302,0.9981171756121147
Sostdc1,1.32253358420284,0.2837947437155826,1.7154518775277683,0.16543439511959657,0.8686020832474373,0.9981171756121147
Sox1,20.55530251875923,-0.09935246209116909,0.43438972472230897,-0.2287173393769428,0.8190886171110171,0.9981171756121147
Sox10,644.0105560378485,-0.26141233607035785,0.1738491554386726,-1.5036733161615743,0.13266550312623251,0.9981171756121147
Sox11,21.803777481922037,0.14197438803148943,0.4364825947762835,0.32526929992307607,0.7449772637516527,0.9981171756121147
Sox13,10.5719090938507,-0.12442792583195697,0.6515415771670885,-0.19097465179884798,0.8485454525746907,0.9981171756121147
Sox14,0.5631229335658214,0.26019861259835164,2.724489405700775,0.09550362429521914,0.9239148116493715,0.9981171756121147
Sox17,2.6016053856723445,-0.6131284593378791,1.2308557251500714,-0.498131866156063,0.6183911015226847,0.9981171756121147
Sox18,5.95912842473642,-0.6803741162790312,0.7838820183995907,-0.8679547435826045,0.3854191082801107,0.9981171756121147
Sox2,128.45444781895765,0.2948422863560316,0.30342475705953176,0.9717146656499878,0.331192518728319,0.9981171756121147
Sox21,44.79363523108898,-0.05655983895191344,0.338915003376778,-0.16688502541457226,0.8674605158985214,0.9981171756121147
Sox3,7.62223269147923,0.5834753860372217,0.700318227602988,0.8331575033171853,0.40475590632937664,0.9981171756121147
Sox30,0.6316717392343144,1.8789994707275157,2.536002172745743,0.7409297558657504,0.45873603250905803,0.9981171756121147
Sox4,16.72844858207776,-0.6364808139133846,0.4863800510977413,-1.3086079753412412,0.19066717799071853,0.9981171756121147
Sox5,23.798199863649856,-0.2120736560506846,0.4502254965210239,-0.4710387521129238,0.6376130617069885,0.9981171756121147
Sox6,42.50571608084622,0.039061664603849744,0.3308164231204207,0.11807655809648508,0.9060069974276977,0.9981171756121147
Sox8,482.7763846803445,-0.15420997148537882,0.21974059890437678,-0.701781883977141,0.48281519819320307,0.9981171756121147
Sox9,167.89618305856632,-0.07487358136873455,0.21783475685821077,-0.34371733165368995,0.7310588756909128,0.9981171756121147
Sp1,80.4483818481103,0.0023754921528957203,0.26278689396945293,0.009039614255541428,0.9927875295774108,0.9981171756121147
Sp3,206.27873695822618,0.029433910289372412,0.1883394152665414,0.15628120246480004,0.8758113725368961,0.9981171756121147
Sp5,0.5637469820612981,-0.8473674998045838,2.614844694434461,-0.3240603549450391,0.7458923408361331,0.9981171756121147
Sp7,10.049049497695682,-1.0043622675271597,1.660685726436278,-0.6047876798956145,0.5453200806947915,0.9981171756121147
Sp8,1.2473391746780524,-1.2450586988828254,1.7557221949798956,-0.7091433385320292,0.47823553110120653,0.9981171756121147
Sp9,0.9606990699031197,1.18712368054333,2.0274726844836124,0.5855189515639195,0.5581988273990373,0.9981171756121147
Spaca6,7.3671823249357695,0.03399718385662555,0.7257299126107364,0.04684550445815894,0.9626363615081501,0.9981171756121147
Spaca9,0.0,,,,,
Spag9,340.7661865828526,-0.05699996698148321,0.20478590370015515,-0.2783393092570562,0.7807519034098197,0.9981171756121147
Spast,332.2446742175298,-0.1384273710688721,0.17411017573578771,-0.7950561791341577,0.4265808235909452,0.9981171756121147
Spata25,0.29978743652474793,-1.402084615240994,3.6862814707163842,-0.380352023137429,0.7036841231276579,0.9981171756121147
Spata4,0.0,,,,,
Spatc1l,0.29167828634047493,2.0902489199145853,4.023094876336202,0.5195624225044766,0.6033685947468979,0.9981171756121147
Spdef,1.109042740208766,-0.6182526172004786,1.9107500266787918,-0.32356541073826744,0.7462670785266643,0.9981171756121147
Spdl1,0.48257682969983245,-0.5794186705020172,2.7806951780295104,-0.20837187588199146,0.8349386141579795,0.9981171756121147
Spdye4a,0.0,,,,,
Speg,58.70571917316301,0.02152709904941528,0.3204957546225935,0.06716812543980487,0.9464478600137396,0.9981171756121147
Sphk1,1.6467957896552825,-1.4663595361706854,1.6281051337202141,-0.9006540829584262,0.3677722694973462,0.9981171756121147
Sphk2,71.43258043657086,-0.08162410539581547,0.26040881920615533,-0.3134460101798507,0.7539418329683645,0.9981171756121147
Spi1,9.71853387343897,-0.10837899584034036,0.6150118346532061,-0.17622261838498327,0.8601190519445243,0.9981171756121147
Spib,0.09877207360782624,-0.45211653757778947,4.435042509789109,-0.10194187239014495,0.9188028137063071,0.9981171756121147
Spink1,0.0,,,,,
Spink12,0.2344943972204995,-1.2123042177937502,3.9780828204562106,-0.3047458468083683,0.7605597286868574,0.9981171756121147
Spink8,1.9625061517613884,0.2547865051354287,1.3495628810162301,0.18879187381292878,0.8502559410713423,0.9981171756121147
Spn,0.0,,,,,
Spo11,0.13572232361267328,-0.46032403864503774,4.433790464391391,-0.10382178462017705,0.9173107782646794,0.9981171756121147
Spock3,748.5734516636952,-0.170116746235326,0.18117206392023086,-0.9389789052148102,0.3477415750306716,0.9981171756121147
Spon1,32.27856702193973,-0.10467696203899457,0.3984952815607662,-0.2626805557872897,0.7927968048624555,0.9981171756121147
Spop,328.87087663681547,-0.03830446617077715,0.1760538966439584,-0.21757238493983447,0.8277623026679255,0.9981171756121147
Spopl,76.5917004641877,-0.04093049815553755,0.25881087078805326,-0.1581482958227692,0.8743399448653676,0.9981171756121147
Spred1,829.7948858586856,-0.08004839701489441,0.15154627686455918,-0.5282109113537361,0.5973529569844633,0.9981171756121147
Sprr2d,0.0,,,,,
Sprr2f,0.0,,,,,
Spry1,24.383285995314893,-0.17176744347264133,0.4167145262586071,-0.4121945184268544,0.6801968546040715,0.9981171756121147
Spry2,175.2723413521071,-0.0021125932459502205,0.2338555026654128,-0.009033754698399375,0.9927922046366972,0.9981171756121147
Spry4,8.42167581833385,0.8847858845184172,0.6767351627676877,1.3074330006731893,0.19106569562821563,0.9981171756121147
Spsb1,184.96328981866938,-0.13716501437420442,0.20692324087238667,-0.6628787264104209,0.5074082275203474,0.9981171756121147
Spsb2,25.65475187121486,0.08364974272609828,0.4226845331032029,0.19790112051645453,0.8431224274712541,0.9981171756121147
Spta1,0.5403847673152845,1.2822895876280194,2.7123605605263186,0.4727577912352472,0.6363859906844272,0.9981171756121147
Sptan1,713.6072915048854,0.06310610236658795,0.15625780324808758,0.4038588861152462,0.6863164911993246,0.9981171756121147
Sptb,113.63159691514262,-0.12039173389106751,0.3247016362657552,-0.37077649276929336,0.7108040114078286,0.9981171756121147
Sptbn2,132.52215699209736,-0.1428947039772185,0.2658429414922141,-0.5375155088757682,0.5909115750758385,0.9981171756121147
Sptlc2,157.25185654789422,-0.10462012085895736,0.20520066537892767,-0.5098429903517309,0.6101614646080591,0.9981171756121147
Sqstm1,531.6339292203623,0.16231250097736602,0.2213470988704215,0.7332940065882009,0.4633791297217098,0.9981171756121147
Sra1,53.604694376073645,-0.022129378694358513,0.2910449643767874,-0.07603422633249815,0.9393918683262757,0.9981171756121147
Src,7.129003721761237,-0.43533438046755396,0.7374113777225257,-0.5903548461810718,0.554952776165917,0.9981171756121147
Srd5a3,80.2230592697805,0.0019212667591377527,0.3012950448168465,0.006376695508901141,0.9949121675849787,0.9981171756121147
Srebf1,164.72996143401113,0.25541966660034915,0.2582005533284146,0.9892297414075318,0.32255075010272727,0.9981171756121147
Srebf2,285.99306257110123,-0.2770232032627264,0.21123399684094912,-1.311451789984895,0.18970517134754683,0.9981171756121147
Srf,42.52293809229972,-0.26540807905210856,0.31880778740121857,-0.83250186959233,0.4051257233281228,0.9981171756121147
Srgap1,110.73107701082871,-0.11636949961242225,0.2690525498685162,-0.4325158771745189,0.6653665152080699,0.9981171756121147
Srp72,42.019721435225,0.2714193843109231,0.3266638874314366,0.8308827352943666,0.40603987771637606,0.9981171756121147
Srpx2,1.9235038726181646,0.5282702333605359,1.415418861500644,0.37322537358337693,0.7089807129604366,0.9981171756121147
Srr,80.53487186692895,-0.03214954544692717,0.25518582687850905,-0.12598483951945025,0.8997439252598576,0.9981171756121147
Srrm1,449.9937194872188,-0.01730859729568754,0.17768839689581153,-0.09740983428330731,0.9224009352422412,0.9981171756121147
Srrm4,14.092347868356535,0.35661934991400746,0.5242785147695651,0.6802097356035113,0.4963716687686289,0.9981171756121147
Srsf1,420.4043484671932,0.07605971701535415,0.1702896936824576,0.44664897428956635,0.6551285290269806,0.9981171756121147
Srsf2,473.3103792015233,0.052142307031861346,0.17444400792464182,0.29890569273314527,0.7650120034008828,0.9981171756121147
Srsf4,169.93887537544128,0.06875427880936422,0.2066769354689958,0.33266546483934223,0.7393868211764699,0.9981171756121147
Sry,0.0,,,,,
Ss18l1,78.88085927487332,0.07792528619888622,0.2551046952717902,0.30546394340513455,0.7600128274536551,0.9981171756121147
Ssbp2,96.9530555072708,-0.018241245397675097,0.24878216023520494,-0.07332216015983366,0.9415497579025466,0.9981171756121147
Ssr2,57.358979118729785,0.20821654937187936,0.30851605356372536,0.6748969687856821,0.4997412264912888,0.9981171756121147
Ssrp1,97.86915303267405,0.2215489993596861,0.24438359625940279,0.9065624810779905,0.36463820988253304,0.9981171756121147
Sst,187.2808267342266,-0.3741413730246984,0.8278846495508295,-0.4519245201945579,0.6513233593089095,0.9981171756121147
Sstr1,4.839344816474613,-0.725932574536774,0.8880215374854908,-0.8174718110917831,0.4136588521267375,0.9981171756121147
Sstr2,2.9283652378657483,-0.1384671104107145,1.1235811589195408,-0.1232373018286168,0.9019191881008277,0.9981171756121147
Sstr3,3.866419290863398,-2.2142359738801987,1.1555712761746808,-1.9161396787310638,0.055347318932545055,0.9981171756121147
Sstr4,15.301369106409439,-0.08878597089219771,0.6055272069886226,-0.1466258986672847,0.8834273104385879,0.9981171756121147
St6galnac5,36.01086449515493,0.04590118730874991,0.39676262211547386,0.115689293169836,0.9078987920846442,0.9981171756121147
Stab1,13.616719626908909,-0.3455796907914262,0.5559434191166008,-0.6216094640360262,0.5341986964071247,0.9981171756121147
Stac,0.4938603680391312,-2.242689939195188,3.3840688142416475,-0.6627199570401655,0.5075099257413964,0.9981171756121147
Stag2,231.0150631497335,-0.14956683851288133,0.19319078659063024,-0.7741923988839711,0.43881702261586275,0.9981171756121147
Stam2,152.70863795387456,0.06023616015570236,0.2238593378743101,0.26908039989613053,0.787867812987813,0.9981171756121147
Star,6.301107765459533,-0.29324459703355804,0.8286303474803234,-0.3538907281458472,0.7234207758526485,0.9981171756121147
Stat1,53.99847662098219,-0.16881697677364876,0.3179267244440556,-0.5309933509642876,0.5954233867393182,0.9981171756121147
Stat2,45.737754211809744,-0.10693256709461856,0.3137203083514801,-0.3408531875303891,0.7332141075658425,0.9981171756121147
Stat3,143.46105425343504,-0.11076248871201798,0.22050286226325858,-0.5023176913675549,0.6154440666027662,0.9981171756121147
Stat4,0.19754414721565247,-1.047741613991868,4.3594515893970955,-0.24033793987760943,0.8100682850102667,0.9981171756121147
Stat5a,14.345258934560752,0.5879824704292834,0.5244603704222811,1.1211189702586224,0.2622372247801654,0.9981171756121147
Stat5b,63.558103101924694,-0.018523799156557986,0.2705499120308344,-0.0684672155962366,0.9454137169780445,0.9981171756121147
Stat6,2.7781577741495855,-0.5532468621466486,1.2149872993903754,-0.4553519715179265,0.6488560422233458,0.9981171756121147
Stau2,60.87246909055071,-0.1176864642176521,0.2851387005661591,-0.4127340974198835,0.6798014401650507,0.9981171756121147
Steap1,2.469868286108733,1.0504128530363817,1.2977028986533534,0.8094401685674059,0.4182620049723518,0.9981171756121147
Stim1,117.69490986325542,-0.21971217962102169,0.23956556056124642,-0.9171275666931721,0.3590757972303089,0.9981171756121147
Stim2,109.06137938359048,-0.002769022856878363,0.24485535332809735,-0.011308810770283515,0.990977066808379,0.9981171756121147
Stimate,57.61141957130147,0.08467162754879838,0.2976113292659304,0.2845040467970226,0.7760241332235736,0.9981171756121147
Stip1,258.67158303022256,-0.03293028065406617,0.20551255998316847,-0.1602348812975867,0.8726960530718108,0.9981171756121147
Stk11,109.11178226663573,-0.11901869912122975,0.2415197327338345,-0.4927907867983344,0.6221604212705911,0.9981171756121147
Stk3,67.75228604847591,-0.036171343091452875,0.291927690744947,-0.12390514582275532,0.9013903785710301,0.9981171756121147
Stk32a,21.360052506328994,-0.3846197770327366,0.4380018129107534,-0.8781237102119167,0.37987658716550854,0.9981171756121147
Stk38,40.84366895649919,-0.10201916741668098,0.33954066248128023,-0.30046229712562206,0.763824551104759,0.9981171756121147
Stk38l,61.87592329448481,-0.18043278966920512,0.281855078372983,-0.6401615706580802,0.5220675637690392,0.9981171756121147
Stk39,540.766460748754,-0.2623927444907216,0.15472380769106914,-1.6958782775992092,0.08990893423848555,0.9981171756121147
Stk4,81.01950514364675,0.005997817076113965,0.26105986113110374,0.02297487269826545,0.9816703163397864,0.9981171756121147
Stmn2,181.39081755656397,-0.05895021681147556,0.21570676229157393,-0.2732886822147546,0.7846313146022585,0.9981171756121147
Stmn4,5284.430946779765,-0.31692652880537703,0.20337901443862777,-1.558304969075429,0.1191609715934223,0.9981171756121147
Stom,14.076191105765874,0.45548508231083473,0.5898187528432572,0.7722458469065983,0.43996883221324734,0.9981171756121147
Stoml3,0.3945456241450471,0.5024832506138347,3.2738417065691423,0.15348428410743703,0.8780163829283766,0.9981171756121147
Stra6l,0.24461121677806372,0.5095569421313735,3.7994315150776345,0.13411399576732771,0.8933124326044014,0.9981171756121147
Stra8,0.0,,,,,
Strn3,516.1526287815046,0.056541716950180065,0.15833064970419966,0.3571116335075603,0.721008235662526,0.9981171756121147
Stub1,141.87226091475526,0.046320163894840574,0.21020843809552603,0.2203534944386537,0.8255958612877818,0.9981171756121147
Stx1a,33.062719810435176,0.12044251183647257,0.39461400691895854,0.30521600785754094,0.7602016412298769,0.9981171756121147
Stx8,81.1597153556771,0.14204606807800457,0.24759460211380832,0.5737042199842155,0.5661679721756827,0.9981171756121147
Stxbp1,731.007350444278,0.01960037682896823,0.18160526816838043,0.10792845949157812,0.9140524415689524,0.9981171756121147
Stxbp4,51.93024676467818,-0.02206410625234631,0.2956351415441934,-0.07463289423949632,0.9405068012807445,0.9981171756121147
Stxbp5l,96.8729434310934,-0.07228251334062426,0.24812789917240302,-0.2913115114491872,0.7708130841929771,0.9981171756121147
Sucnr1,0.0,,,,,
Sufu,111.8194603634841,0.2838422427056025,0.2782243501447133,1.0201919514160682,0.3076374340294298,0.9981171756121147
Sulf1,7.390635722725971,0.19027831869233494,0.6927421773578185,0.27467407776161934,0.7835666483548136,0.9981171756121147
Sulf2,275.01297638597697,-0.14586172479475412,0.24412484498349196,-0.5974882433806256,0.5501814539486878,0.9981171756121147
Sult1a1,39.08481539641506,0.34937565335665305,0.4512525159285436,0.7742353583065167,0.4387916223131735,0.9981171756121147
Sult2a8,0.0,,,,,
Sumf1,25.669220585871997,0.4904393928782487,0.42362076636059004,1.1577321789290709,0.2469733478283619,0.9981171756121147
Sumo1,212.68759443856956,-0.10203007408259229,0.18941040305605317,-0.5386719654062403,0.5901132211089637,0.9981171756121147
Sumo3,187.996831580853,-0.12249808708334924,0.2197135515291731,-0.5575354193256677,0.5771616663247149,0.9981171756121147
Sun1,110.16597433498062,0.20054143466412905,0.23502996432043768,0.8532590099478239,0.39351568575221174,0.9981171756121147
Supt16,111.80965098020829,-0.04046948919470119,0.2388402678852855,-0.16944165049311788,0.8654492647535001,0.9981171756121147
Supt20,62.345804053345255,-0.03697975915642031,0.2733765081808022,-0.13527043491228996,0.8923980597214399,0.9981171756121147
Supt3,32.709621947645005,0.08006851755311402,0.3732960658050396,0.2144906547044383,0.8301644538585743,0.9981171756121147
Supt5,179.11620188495274,0.07124277721328301,0.2076856719346336,0.34303173902004064,0.7315745829190683,0.9981171756121147
Supt6,216.16930873732727,0.018729458250700652,0.1974379090236086,0.09486252332859278,0.9244240242846571,0.9981171756121147
Suv39h1,35.99294595104079,0.10293532738353914,0.3857314486833981,0.2668574930431113,0.789578885733951,0.9981171756121147
Suz12,134.01810779912017,-0.19734008075448992,0.21221576359105837,-0.9299030261237614,0.35242129605478445,0.9981171756121147
Sv2a,917.7925060578806,-0.09474682852232195,0.18702283612845974,-0.5066056663649541,0.6124315317250879,0.9981171756121147
Sv2c,95.1407208383555,0.46070897302882663,0.271095684878963,1.6994330737301144,0.08923761470052669,0.9981171756121147
Svil,40.462744925962326,-0.3397437253287295,0.3666297375244455,-0.9266671264113612,0.3540993906883606,0.9981171756121147
Syce2,5.155446631583251,0.9249310393528355,0.8340207514154164,1.1090024292358858,0.26742913402617696,0.9981171756121147
Sycp1,0.41969025409235866,2.40697739346095,3.347408063403607,0.719057057840018,0.47210576446248076,0.9981171756121147
Sycp3,2.1450702907644796,0.2076458021886523,1.2572958922181527,0.1651526927542238,0.8688237995698824,0.9981171756121147
Syk,5.391820054684627,-0.7704955986625094,0.84645371576895,-0.9102631181228409,0.36268376419099346,0.9981171756121147
Syn1,384.11006918160666,-0.14896644388694838,0.2158684771351455,-0.69007965342567,0.49014409760792943,0.9981171756121147
Syn2,198.2156354636824,-0.014435305076831186,0.19181124374663477,-0.07525786703045893,0.940009543611734,0.9981171756121147
Syn3,47.4567584234558,0.193679326657195,0.31120294637200285,0.6223569825257259,0.5337071599518006,0.9981171756121147
Syncrip,120.56642137790789,-0.101256038778198,0.22430297755008818,-0.4514252993167999,0.6516830527678062,0.9981171756121147
Syne1,158.33392345998982,0.048443807311261605,0.21512136273078789,0.2251929175991985,0.8218291988994425,0.9981171756121147
Syne4,10.330151880562267,0.7938316390287917,0.6185292221794446,1.2834181645155793,0.1993456133738325,0.9981171756121147
Syngr3,132.5860598945756,-0.12460233050172335,0.22906213823359592,-0.5439673769859548,0.5864639223290887,0.9981171756121147
Synj2bp,38.44254972035273,-0.08628100587672011,0.35271070698903495,-0.24462258776681367,0.8067486728263707,0.9981171756121147
Synpo,68.81781684052575,0.15381123412541517,0.2638506354149189,0.5829481285255917,0.5599282198239091,0.9981171756121147
Synpo2,13.454926906565802,-0.0860977209734562,0.5408428347230404,-0.15919175672826633,0.8735177982235297,0.9981171756121147
Syp,271.5866648444086,0.15133694478299853,0.17692025021691654,0.8553963980802022,0.39233173698126567,0.9981171756121147
Sypl2,3.5804622943551525,0.8994119343295259,0.9884507842495932,0.9099208060341989,0.3628642762920946,0.9981171756121147
Syt2,22.823100945290317,0.2870894958383507,0.4870258294904922,0.5894748870685005,0.5555427536035051,0.9981171756121147
Syt4,73.95499503109944,0.4529458801588967,0.29282437977405834,1.5468175174088552,0.12190725490820954,0.9981171756121147
Syt6,37.07246933322365,-0.0016879702298494266,0.3757796746491949,-0.004491914660965135,0.9964159826962063,0.9986440189872052
Syt9,16.942882343440633,-0.3131198726822192,0.4714479447938306,-0.664166375397288,0.5065838316294036,0.9981171756121147
Sytl5,93.54241670056768,-0.15423895933092477,0.24811449479963643,-0.6216442915013072,0.534175790267799,0.9981171756121147
Szt2,31.33752393877873,0.2683541370365948,0.39728261660949155,0.6754741481688668,0.4993745705281665,0.9981171756121147
T,0.9898575858379585,0.956518183683679,2.0654327087811954,0.4631078899917863,0.6432870348376352,0.9981171756121147
Taar5,0.14583914317023747,1.4685041306821252,4.434566981015867,0.33114938549100936,0.740531649762339,0.9981171756121147
Tab1,39.1023907544401,-0.06105908096226042,0.34372457237401055,-0.177639557569429,0.8590060561401492,0.9981171756121147
Tac1,274.4089874057085,0.10242757588143755,0.2616354298237021,0.39148969981036735,0.6954353007471834,0.9981171756121147
Tac2,7.122980900292156,0.353428607828118,0.8654111721020956,0.4083938585743411,0.6829845415024871,0.9981171756121147
Tacr1,8.896376351530876,-0.6485667307599452,0.6759846563180885,-0.9594400179029483,0.33733712333839017,0.9981171756121147
Tacr2,0.0,,,,,
Tacr3,3.8081819073329526,0.08841147541163458,1.0329365518765754,0.08559235826345195,0.931790473389264,0.9981171756121147
Tacstd2,1.1142485689341468,0.7736456920266527,1.7481512721136754,0.44255077027243994,0.6580906998799414,0.9981171756121147
Taf11,71.33100309200832,-0.24701166635611935,0.25809392884474663,-0.9570611267834445,0.3385364029001654,0.9981171756121147
Taf12,77.3213740117294,-0.020140642561066388,0.27014809409876495,-0.07455407978448687,0.940569511409152,0.9981171756121147
Taf15,155.51128716741076,0.05278339226967435,0.2329686943512595,0.22656860578052593,0.8207592064255581,0.9981171756121147
Taf4,112.82503690446602,0.16398600886439946,0.23122172472664726,0.709215403778626,0.47819081592893686,0.9981171756121147
Taf5l,62.02044029595185,0.2855518267506744,0.2923676503473319,0.9766874906010965,0.3287238900541469,0.9981171756121147
Taf6l,2.4443726640151247,1.4822995837312902,1.2519342911658198,1.184007494795075,0.23641009601506613,0.9981171756121147
Taf9,143.0262105673314,0.03068567264318181,0.20710987534223488,0.14816132061532963,0.8822154565321211,0.9981171756121147
Tagln,4.478191957682524,-0.2849266774231813,0.915182639509228,-0.3113331319046599,0.7555473823419405,0.9981171756121147
Tal1,0.7641382964827432,-0.4212234264677619,2.2836526057126014,-0.18445162167575896,0.8536591762214805,0.9981171756121147
Tap1,3.9307963682194935,-0.3830971149070581,0.9851345351885957,-0.38887796663601626,0.6973664219087511,0.9981171756121147
Tardbp,508.45671704651573,0.07279525977967678,0.1708458684851225,0.42608732903608904,0.6700442128281885,0.9981171756121147
Tas1r1,0.41969025409235866,2.40697739346095,3.347408063403607,0.719057057840018,0.47210576446248076,0.9981171756121147
Tas1r2,0.14583914317023747,1.4685041306821252,4.434566981015867,0.33114938549100936,0.740531649762339,0.9981171756121147
Tas1r3,4.978005490337266,-0.1750654275756033,0.8538779696071374,-0.20502394230424936,0.8375534190940973,0.9981171756121147
Tbc1d1,10.829132795778953,0.3967737106397434,0.6100452205010669,0.6504004904978179,0.5154335605650653,0.9981171756121147
Tbc1d22a,54.75627837764699,-0.13402872529247892,0.30240829552689763,-0.4432045260496426,0.6576178054458797,0.9981171756121147
Tbck,163.42003873333275,0.04468979556199354,0.1977620786190394,0.2259775780779595,0.8212188593845796,0.9981171756121147
Tbk1,107.43799149510296,0.00474140463324536,0.23038400511996482,0.020580441905141945,0.9835803422611327,0.9981171756121147
Tbl1xr1,112.96094964826028,-0.0446542973715885,0.22616817196259442,-0.19743846795106873,0.8434844289651748,0.9981171756121147
Tbp,90.80941583239343,0.1468548145817441,0.2340480771625748,0.6274557619191018,0.5303605255770654,0.9981171756121147
Tbpl1,93.88439746478672,0.20080870323099093,0.23461300138253136,0.8559146426142716,0.39204499503654533,0.9981171756121147
Tbpl2,0.0,,,,,
Tbr1,10.758037088433257,-0.706549586669551,0.6243568625197871,-1.1316438227619532,0.2577842082965498,0.9981171756121147
Tbx1,1.3742385882482553,-0.48644866768786127,1.8290514051957738,-0.26595680488039314,0.7902724759559018,0.9981171756121147
Tbx18,0.3332664708283257,-1.6657536247670026,3.529127732487606,-0.47200151171429805,0.6369257095614138,0.9981171756121147
Tbx2,4.422688516986607,-0.020614065262963395,0.8934363880057314,-0.023072784520201516,0.9815922147122251,0.9981171756121147
Tbx20,0.4926936492573966,1.151373107677119,2.969941220369664,0.3876753855531893,0.698256273445202,0.9981171756121147
Tbx21,0.6466419426119071,-1.1501182091390696,2.5300486452718007,-0.4545834370767656,0.6494089527542988,0.9981171756121147
Tbx3,1.9760941870202215,0.755430791325862,1.3095293625590843,0.5768719762416002,0.5640259427664314,0.9981171756121147
Tbx4,1.0594711435109463,0.6760763480840526,1.9021086957540185,0.35543518075135444,0.72226359678893,0.9981171756121147
Tbx5,0.0,,,,,
Tbx6,8.66578580015022,-0.20275117349090455,0.655467249110096,-0.3093231183803194,0.7570757467865511,0.9981171756121147
Tbxa2r,0.24461121677806372,0.5095569421313735,3.7994315150776345,0.13411399576732771,0.8933124326044014,0.9981171756121147
Tcaf1,299.01621182571057,0.025675647726899974,0.17405614375168377,0.14751359632286232,0.8827266488137517,0.9981171756121147
Tcam1,0.09877207360782624,-0.45211653757778947,4.435042509789109,-0.10194187239014495,0.9188028137063071,0.9981171756121147
Tceal5,283.8009037389113,0.14957746235143263,0.19644730374430933,0.7614126511307008,0.44641063339255194,0.9981171756121147
Tceal9,78.1739405006584,-0.013046375660488337,0.25123300527138226,-0.05192938581614952,0.9585849593628942,0.9981171756121147
Tcf12,228.02523188361616,0.09795936165238728,0.21681998734535726,0.45180042140835813,0.651412766106227,0.9981171756121147
Tcf21,0.0,,,,,
Tcf3,66.85201161973953,0.011045242347499158,0.30893007893405183,0.035753211165485174,0.9714791412727873,0.9981171756121147
Tcf7,9.954338865403978,-0.37857688208184764,0.6543266342544971,-0.5785747702493829,0.5628761326014768,0.9981171756121147
Tcf7l1,16.32417462282655,0.08447566879635698,0.5318902620832767,0.15882161193455133,0.8738094210690327,0.9981171756121147
Tcf7l2,63.677454259970524,-0.1499341459185061,0.28752757267907814,-0.5214600621480363,0.6020463202171752,0.9981171756121147
Tcof1,35.21145602921876,0.26768323927175736,0.413838665189345,0.6468299407192495,0.5177420123438683,0.9981171756121147
Tcp1,356.7559764894484,0.04076276810733397,0.1681555249942416,0.24241111381103816,0.8084616235775505,0.9981171756121147
Tctn1,7.793539782207405,0.3469567203534441,0.6964952919319216,0.4981465407914876,0.6183807590618094,0.9981171756121147
Tdg,121.7142398722314,-0.04764806445945423,0.22218683514193127,-0.2144504395546973,0.8301958113632918,0.9981171756121147
Tdgf1,1.3151825536418498,-0.19866111628758498,1.706882482417092,-0.11638827999820103,0.9073448234739244,0.9981171756121147
Tdh,0.09877207360782624,-0.45211653757778947,4.435042509789109,-0.10194187239014495,0.9188028137063071,0.9981171756121147
Tdrd1,0.8000237944830956,1.1318048287885671,2.1270628095316164,0.5320975119854561,0.5946584605024695,0.9981171756121147
Tdrkh,91.85342734495121,-0.2789302078996753,0.24381122944713138,-1.1440416773754845,0.2526063531027266,0.9981171756121147
Tead1,23.116427383384003,0.038156280618038815,0.40570600213799224,0.09404909076267688,0.9250701607316534,0.9981171756121147
Tead2,1.1945694186281426,0.8625959594021779,1.661657859731219,0.519117671758076,0.603678685685209,0.9981171756121147
Tead3,2.4927740995191088,0.07330657044881224,1.1641408380434184,0.06297053419414375,0.9497899680460439,0.9981171756121147
Tec,5.68450005838205,0.9865354356210941,0.8790619651825091,1.1222592657802817,0.26175222028468714,0.9981171756121147
Tecpr2,158.523479936038,-0.07910197833161438,0.19857647125080408,-0.39834517067083836,0.6903757681674951,0.9981171756121147
Tecr,103.0875698926983,0.17552253950849414,0.2296336436324082,0.764358988221544,0.4446533416452736,0.9981171756121147
Tectb,0.09877207360782624,-0.45211653757778947,4.435042509789109,-0.10194187239014495,0.9188028137063071,0.9981171756121147
Tek,6.688678575146006,0.033095810933865856,0.717885588844356,0.0461017903801957,0.9632291190104076,0.9981171756121147
Tenm1,25.989834464718268,0.08143173240566697,0.4781127728624481,0.1703190900300308,0.8647591989259655,0.9981171756121147
Tenm4,46.933692547234614,0.06233519761969594,0.33312468075579327,0.18712272377498373,0.8515644118356545,0.9981171756121147
Tent5c,3.359294670532321,0.8110826016316168,1.0679283072774997,0.7594916213985684,0.4475585242458201,0.9981171756121147
Tepsin,33.888145402662396,0.20820902026196222,0.3564338670430575,0.5841448849663055,0.5591228387450209,0.9981171756121147
Terf1,65.98748814528331,0.08928934277435911,0.2691356413439909,0.33176335296385195,0.7400679585120233,0.9981171756121147
Terf2,131.61315645392008,0.2632188788083368,0.22777062183188107,1.1556313834126524,0.24783196547412756,0.9981171756121147
Tert,0.09877207360782624,-0.45211653757778947,4.435042509789109,-0.10194187239014495,0.9188028137063071,0.9981171756121147
Tesmin,2.6373651456983924,0.7437741585688763,1.1837372794002063,0.6283270549236591,0.5297897117334733,0.9981171756121147
Tespa1,0.8477149125409835,1.2098744125579663,2.008388573248254,0.6024105238764548,0.5469009065173762,0.9981171756121147
Tet1,82.97910059350646,-0.11270925777666486,0.2600839061939898,-0.43335729390575206,0.6647552208327665,0.9981171756121147
Tet2,80.94052669258474,0.02989678220115561,0.24706590866100306,0.12100731486259693,0.9036852413510955,0.9981171756121147
Tet3,105.25976873897709,-0.24781527256143987,0.22740523088772613,-1.0897518566043476,0.2758224663931118,0.9981171756121147
Tex101,0.2344943972204995,-1.2123042177937502,3.9780828204562106,-0.3047458468083683,0.7605597286868574,0.9981171756121147
Tex19.1,0.6105887974517162,-0.5658328813224303,2.619389765590243,-0.2160170619720382,0.8289744480051235,0.9981171756121147
Tfam,40.71572732503494,0.17743931062121684,0.32388928096777153,0.547839403919245,0.5838021795768537,0.9981171756121147
Tfap2a,0.993554055711221,1.5533002651843202,1.8916933622368184,0.8211163057355301,0.4115800230309411,0.9981171756121147
Tfap2b,0.13572232361267328,-0.46032403864503774,4.433790464391391,-0.10382178462017705,0.9173107782646794,0.9981171756121147
Tfap2c,0.24461121677806372,0.5095569421313735,3.7994315150776345,0.13411399576732771,0.8933124326044014,0.9981171756121147
Tfap2d,0.468988794440999,-2.146151572557585,3.174073291030785,-0.6761506039013419,0.4989450307025919,0.9981171756121147
Tfeb,201.12190724100353,-0.4675893287026686,0.18990557428313243,-2.462220134757784,0.013807988836722738,0.9981171756121147
Tfpi,2.509490710408827,-0.6512753298020851,1.2162889766831473,-0.5354610148470887,0.5923311085771314,0.9981171756121147
Tfrc,190.44609290445803,-0.06505314085369297,0.2528335558164806,-0.2572963095963095,0.7969500410983443,0.9981171756121147
Tgfa,240.5282960791939,-0.18893255531233485,0.19153767816914677,-0.9863989013456071,0.3239374040068217,0.9981171756121147
Tgfb1,7.848010315466337,-0.3315909401244413,0.701853068835462,-0.47245065220649113,0.63660515719794,0.9981171756121147
Tgfb1i1,2.178276268718878,-0.436826414754393,1.3034269026334797,-0.3351368717891405,0.7375218398696219,0.9981171756121147
Tgfb2,12.532342086581943,-0.2733735913779809,0.5469346901534633,-0.49982858337487335,0.6171957823242903,0.9981171756121147
Tgfb3,37.21738172504319,0.3248338441106463,0.3386405042327939,0.9592291531887858,0.33744331695358576,0.9981171756121147
Tgfbr1,41.89358260036234,0.06930713091662179,0.33934091898749025,0.2042404173461226,0.8381656284900773,0.9981171756121147
Tgfbr2,13.851495619205293,0.3245753955036823,0.5330107824212259,0.608947147427832,0.5425594719031123,0.9981171756121147
Tgfbr3,30.905295682503496,-0.05026169613106293,0.37159225096945886,-0.13526034517655733,0.8924060368532734,0.9981171756121147
Tgif2,0.9179189426774151,0.32328449682966215,2.1420286584172774,0.15092444984771294,0.8800353132150349,0.9981171756121147
Tgm2,17.137220448659498,-0.13678041235894153,0.49841550712928206,-0.27443049103097544,0.7837538136633238,0.9981171756121147
Tgs1,59.11640819605736,0.08651113578997158,0.2800318089002247,0.30893324629701435,0.7573723060926086,0.9981171756121147
Th,3.847088112690587,0.21731624215864792,0.9675973913186757,0.2245936627242057,0.8222953953651966,0.9981171756121147
Thap12,200.37874605944444,-0.11465813485395249,0.19290291180068986,-0.5943826030600252,0.5522562415557832,0.9981171756121147
Thbd,0.4926936492573966,1.151373107677119,2.969941220369664,0.3876753855531893,0.698256273445202,0.9981171756121147
Thbs1,0.774879164535784,-0.19667312984799806,2.0499499116629623,-0.09594045626629613,0.9235678633066632,0.9981171756121147
Thbs2,3.2549983413298875,0.43273420048663036,1.0572694905750126,0.409294133940516,0.6823238198889852,0.9981171756121147
Thbs3,30.55084103601409,0.30652407617765726,0.42551457444108676,0.7203609337712498,0.47130279660340524,0.9981171756121147
Thbs4,36.81585441454983,0.48709947077215127,0.35683447368816,1.3650572091244488,0.17223506983095282,0.9981171756121147
Themis,0.644067831755294,-0.8505046591201908,2.5308596470212232,-0.33605366465944475,0.7368303986844802,0.9981171756121147
Thpo,0.33936940439836283,2.2357748292719086,3.5536531379614233,0.6291482996436945,0.5292519722359541,0.9981171756121147
Thra,628.7912923843518,-0.07848139852360327,0.16439387293052526,-0.4773985619085111,0.6330783380582601,0.9981171756121147
Thrap3,192.96953687879423,0.04662209533460223,0.20121675422080842,0.23170086166602571,0.8167703620823209,0.9981171756121147
Thrb,29.15868068282303,-0.17236175940909512,0.45715615219358735,-0.37703038356160373,0.7061510254645973,0.9981171756121147
Thumpd1,357.83269676634586,0.1941874968926525,0.17600991709803532,1.1032758840769892,0.26990737604548465,0.9981171756121147
Tiam1,134.18123527609438,0.3030508039760656,0.24715113782746168,1.2261760420768444,0.22013243494772305,0.9981171756121147
Ticam1,4.735714468305358,0.6476765537326487,0.9076289260596474,0.713591794109573,0.47547963319691433,0.9981171756121147
Ticam2,0.24461121677806372,0.5095569421313735,3.7994315150776345,0.13411399576732771,0.8933124326044014,0.9981171756121147
Tie1,5.765542009255195,-0.08425620633519405,0.8174852659562697,-0.10306755343979646,0.9179093564491034,0.9981171756121147
Tigar,12.57917311823931,-0.019278058401666565,0.5573808436830591,-0.034586869319514255,0.9724091720014586,0.9981171756121147
Tigit,0.27385111092212117,1.468507008457143,4.1863062795273285,0.3507882391784651,0.7257472210175899,0.9981171756121147
Timeless,3.4181673601522675,0.6682748340962982,1.16971273637033,0.5713153437740487,0.5677859025936537,0.9981171756121147
Timm50,51.26721184342449,-0.22100417785188814,0.32966638174623736,-0.6703873676206615,0.5026108853446718,0.9981171756121147
Timmdc1,77.3569937256442,-0.1885290217606587,0.2542867169159018,-0.7414033420511279,0.4584489187155455,0.9981171756121147
Timp1,0.6994693056739715,-1.2868604515929776,2.452805303702064,-0.524648429963314,0.5998276132106517,0.9981171756121147
Timp4,21.564945415747122,-0.20980237664072787,0.4660223002449605,-0.45019814830845456,0.6525675713309339,0.9981171756121147
Tiparp,52.70321581576178,0.6820051327834923,0.30794377064213585,2.2147067023351363,0.026780202530144414,0.9981171756121147
Tirap,27.490203712280145,-0.35466437353362074,0.40137658168840956,-0.8836199960687998,0.37690138104778337,0.9981171756121147
Tjp1,255.41397381019704,-0.08231195967079695,0.18325480533723215,-0.44916671908997685,0.6533113936416064,0.9981171756121147
Tjp2,231.72141039940252,-0.14635889121178153,0.1922587964278165,-0.7612597911312314,0.4465019118396123,0.9981171756121147
Tjp3,0.2344943972204995,-1.2123042177937502,3.9780828204562106,-0.3047458468083683,0.7605597286868574,0.9981171756121147
Tlcd1,23.280584666743056,-0.1481504685371339,0.4163690262914954,-0.3558152964851314,0.7219788928709863,0.9981171756121147
Tle1,296.6704199004675,-0.09836749734258861,0.17554923891079605,-0.5603413489737388,0.5752466286947425,0.9981171756121147
Tle4,287.2266505609847,-0.2145206104809358,0.18607770592865697,-1.1528549828703498,0.24896991207503494,0.9981171756121147
Tle6,12.386057823022258,0.9042627735340538,0.5896987003421855,1.5334318576746662,0.12516948431322342,0.9981171756121147
Tll1,3.7083352768856623,0.12099649659194882,0.998327228810189,0.12119923518078637,0.9035332298898872,0.9981171756121147
Tln1,55.09636320023581,0.1629155887952186,0.3040420136344194,0.5358324885688612,0.5920743264301926,0.9981171756121147
Tlr1,0.5655293972625961,2.877426058746956,3.0581253075469936,0.9409117578164311,0.3467500816828668,0.9981171756121147
Tlr11,0.0,,,,,
Tlr12,0.0,,,,,
Tlr13,1.6094467453269523,-0.4928900228412636,1.5349144376705193,-0.3211188915450583,0.7481202944549854,0.9981171756121147
Tlr2,1.7909797083575814,0.16288970634539748,1.43611958376435,0.11342349772741887,0.9096948114249592,0.9981171756121147
Tlr3,15.007178951612604,0.42348877241931016,0.5278731890752456,0.8022547482686112,0.42240561271799304,0.9981171756121147
Tlr4,0.5342818337452475,-2.289438342573774,2.9151707780453515,-0.7853530777050609,0.43224658372342584,0.9981171756121147
Tlr5,0.6030460887507652,-2.385074854497142,3.2371464626704007,-0.7367831150060586,0.46125425295799116,0.9981171756121147
Tlr6,0.5261726835609745,0.3948918696081895,2.6047178950418095,0.15160638714844432,0.879497395429114,0.9981171756121147
Tlr7,1.4174258429509452,-0.3212530097247007,1.6521557922167125,-0.19444474379360593,0.845827657939607,0.9981171756121147
Tlr8,0.33936940439836283,2.2357748292719086,3.5536531379614233,0.6291482996436945,0.5292519722359541,0.9981171756121147
Tlr9,1.2984201302279905,-1.4997555186925333,1.7772615703987904,-0.8438575073426087,0.39874903563138,0.9981171756121147
Tlx1,0.13572232361267328,-0.46032403864503774,4.433790464391391,-0.10382178462017705,0.9173107782646794,0.9981171756121147
Tlx3,0.0,,,,,
Tmco5,1.5238220034689414,0.7811252583425998,1.4808816590634841,0.5274731127648558,0.5978650830972276,0.9981171756121147
Tmem106b,509.5397108260882,-0.10336059901220586,0.1675267474664715,-0.6169796798143667,0.5372481288102962,0.9981171756121147
Tmem108,4.990676091966481,1.0193479165524575,0.8807237818452371,1.15739796922116,0.24710980337044142,0.9981171756121147
Tmem109,115.15252822182238,-0.009850322254101635,0.23013968231779877,-0.04280149409652601,0.9658597729658602,0.9981171756121147
Tmem119,9.433946808557375,0.29031054304693704,0.6484990728611727,0.44766531703135554,0.6543947559862431,0.9981171756121147
Tmem120a,38.316972150616344,0.09757070798516057,0.3335741354486423,0.29250081950728085,0.769903733389703,0.9981171756121147
Tmem163,174.7754748290255,-0.189025446791415,0.22594385899617891,-0.8366036042369788,0.4028154189817452,0.9981171756121147
Tmem173,5.260773126003184,0.5393645192795379,0.838959601088754,0.6428968910774503,0.5202910068587028,0.9981171756121147
Tmem176a,17.41379619036456,-0.26099797005835856,0.4980584121853473,-0.524030843918827,0.6002570871275082,0.9981171756121147
Tmem259,87.71479106144885,0.15099695432718577,0.2703907298418859,0.5584398341447689,0.5765440782719418,0.9981171756121147
Tmem35a,59.240966230135406,0.21919351147563967,0.30439600421751234,0.7200932615364113,0.471467576123341,0.9981171756121147
Tmem41b,99.27382210779537,0.1334874974842562,0.23750508509485205,0.5620405871770935,0.5740883662976353,0.9981171756121147
Tmem43,20.6583301813251,-0.18044050852100582,0.45700331801365895,-0.39483413228875686,0.6929653032835983,0.9981171756121147
Tmem63b,279.69657667663677,-0.14948495493550593,0.17424166292141388,-0.8579174029286343,0.3909380738517161,0.9981171756121147
Tmem94,92.26449021595135,-0.01634148933929903,0.25491678365922565,-0.0641051919168431,0.9488864677999244,0.9981171756121147
Tmem98,144.6010643063145,-0.5025357114265314,0.2535282632285521,-1.9821683982172147,0.04746039633342842,0.9981171756121147
Tmigd1,0.0,,,,,
Tmprss15,0.09877207360782624,-0.45211653757778947,4.435042509789109,-0.10194187239014495,0.9188028137063071,0.9981171756121147
Tmprss2,0.09877207360782624,-0.45211653757778947,4.435042509789109,-0.10194187239014495,0.9188028137063071,0.9981171756121147
Tmprss4,0.29230233483595164,0.5094768886628668,3.582136449186346,0.14222710270531164,0.8869006245356488,0.9981171756121147
Tnc,8.289691399919002,-0.27055915186023954,0.6610145785377638,-0.4093089027760112,0.6823129829125361,0.9981171756121147
Tnf,0.438141478006189,1.284343193551702,2.862034917716106,0.44875175547355073,0.6536107447884214,0.9981171756121147
Tnfaip3,5.875598631957281,-0.023250957746224737,0.8188099598873331,-0.028396036791521233,0.9773462851104691,0.9981171756121147
Tnfrsf11a,4.169238692339452,-0.223274107603253,0.9530560277002103,-0.23427175435008663,0.8147740125807886,0.9981171756121147
Tnfrsf11b,0.5554125777050319,1.4258276061704587,2.6776449184211204,0.532493160822534,0.5943844773758302,0.9981171756121147
Tnfrsf13b,0.9247321936935485,-0.8949317784831611,1.9956683295082802,-0.4484371301836846,0.6538377498992187,0.9981171756121147
Tnfrsf13c,2.7534202716792593,-1.1557675089867436,1.1949631580405384,-0.9671992824297057,0.33344442084529435,0.9981171756121147
Tnfrsf14,0.6310476907388378,3.106932101667865,2.957370076182685,1.0505726444889951,0.29345491042086247,0.9981171756121147
Tnfrsf18,0.19754414721565247,-1.047741613991868,4.3594515893970955,-0.24033793987760943,0.8100682850102667,0.9981171756121147
Tnfrsf1a,15.491961231465496,0.16152642274775653,0.5192813826215356,0.3110576041303617,0.7557568304058415,0.9981171756121147
Tnfrsf1b,4.934821678046677,0.5514209674620147,0.8727313910083053,0.6318335436805288,0.5274956522938733,0.9981171756121147
Tnfrsf4,7.673001121656305,0.3164926519506315,0.6827667937099896,0.4635442948695365,0.6429742725184968,0.9981171756121147
Tnfrsf9,0.09877207360782624,-0.45211653757778947,4.435042509789109,-0.10194187239014495,0.9188028137063071,0.9981171756121147
Tnfsf10,0.8340692702699956,-2.9174706139282316,2.623796369749343,-1.1119272240653886,0.2661694423377444,0.9981171756121147
Tnfsf11,0.6290400213655466,-0.9981369167355767,2.4167682668196995,-0.41300480912431714,0.6796030902962629,0.9981171756121147
Tnfsf12,13.68383310210884,0.3239521405646096,0.5264888085843796,0.6153067933877843,0.5383521320304192,0.9981171756121147
Tnfsf13,9.390543611734275,-0.1804725589674986,0.6308451927539895,-0.28608058052980584,0.7748164047543162,0.9981171756121147
Tnfsf13b,3.3609464525881587,-0.9208763738767497,1.0810376288990204,-0.8518448842660672,0.39430019074754363,0.9981171756121147
Tnfsf14,0.14583914317023747,1.4685041306821252,4.434566981015867,0.33114938549100936,0.740531649762339,0.9981171756121147
Tnfsf4,0.29230233483595164,0.5094768886628668,3.582136449186346,0.14222710270531164,0.8869006245356488,0.9981171756121147
Tnfsf9,0.9170218378327591,-0.34611885579999446,2.0199600337895847,-0.17134935840817184,0.8639490719086107,0.9981171756121147
Tnks2,369.89427596954147,0.2726293960683457,0.1638216006773395,1.6641846675965055,0.09607553113039213,0.9981171756121147
Tnnc1,0.19754414721565247,-1.047741613991868,4.3594515893970955,-0.24033793987760943,0.8100682850102667,0.9981171756121147
Tnni3k,0.0,,,,,
Tnnt2,2.8039644499345915,-0.8059845558318589,1.3347929082722338,-0.6038274183484623,0.5459583884285105,0.9981171756121147
Tnp1,0.09877207360782624,-0.45211653757778947,4.435042509789109,-0.10194187239014495,0.9188028137063071,0.9981171756121147
Tnpo1,265.37684004199724,0.14306445860257272,0.19960000073611936,0.7167558019787319,0.4735247876232398,0.9981171756121147
Tnr,264.07888894592674,-0.31579571404182355,0.22188647742427525,-1.4232310040146423,0.15466920064311693,0.9981171756121147
Tns2,44.171328235144756,-0.14086769477385142,0.3320753079280551,-0.4242040627855737,0.6714169981143503,0.9981171756121147
Tnxb,2.47462950798649,0.7064568526317878,1.2119977820061896,0.5828862586385327,0.5599698716830166,0.9981171756121147
Togaram1,78.54996615263623,0.1043699544350069,0.27525594906739276,0.3791742005527129,0.7045585086093585,0.9981171756121147
Top2a,0.2963162208234787,-1.5093550987342084,3.9781067039489035,-0.3794154383128872,0.7043793880009106,0.9981171756121147
Top2b,198.69708667131556,-0.16109358376770733,0.18612267490646503,-0.8655236867225558,0.38675142089066095,0.9981171756121147
Topbp1,29.867188601990055,-0.05059772253358343,0.3663195418517736,-0.13812455179925165,0.8901419822219863,0.9981171756121147
Tor1a,112.4403209936173,0.29847400399728174,0.21804651102743355,1.3688547575967827,0.17104468033781595,0.9981171756121147
Tor2a,28.51275373751072,0.4415593723869777,0.3992908780529222,1.1058589030136903,0.26878759520226725,0.9981171756121147
Tox,20.735647700579133,-0.42836288701166675,0.4544162120995261,-0.9426663829455249,0.34585157349613305,0.9981171756121147
Tox3,29.893152834484294,0.33638879473145505,0.4148599025510641,0.810849138860919,0.41745231140251127,0.9981171756121147
Tpbpa,0.14583914317023747,1.4685041306821252,4.434566981015867,0.33114938549100936,0.740531649762339,0.9981171756121147
Tpcn1,72.36885443448662,0.12007745782574203,0.25644657224378004,0.4682357684687456,0.639615995998524,0.9981171756121147
Tph1,0.6833767432797294,0.27790807438826187,2.51779722025602,0.1103774649334163,0.9121100242931668,0.9981171756121147
Tph2,0.2010153629169217,-0.46032403864503774,4.433790464391391,-0.10382178462017705,0.9173107782646794,0.9981171756121147
Tpi1,472.78515081578206,0.1517207871067636,0.18237484230565695,0.8319173038816521,0.40545562394280643,0.9981171756121147
Tppp,935.5382655808144,-0.43650545561585513,0.20662984893260342,-2.112499514812259,0.034643627535120014,0.9981171756121147
Tpr,296.5826348640135,0.04727289286592106,0.17907541310573338,0.2639831568502887,0.7917928974167457,0.9981171756121147
Tpsab1,0.0,,,,,
Tpsb2,0.0,,,,,
Traf2,72.42719216274868,0.07387644148628472,0.2770182258588673,0.26668440770363827,0.7897121601179722,0.9981171756121147
Traf3,52.49394025714384,0.0990776915399688,0.30752825586850846,0.3221742706541151,0.7473206752099866,0.9981171756121147
Traf3ip2,0.6031036957629198,1.5544739443149347,2.618386358509079,0.5936763072658457,0.5527286326626796,0.9981171756121147
Traf3ip3,0.8701800224423412,-0.632949161712605,2.0386395279498615,-0.31047625292987635,0.7561988152723432,0.9981171756121147
Traf6,126.47295995802826,0.07639606357989547,0.22454523946431912,0.34022571024951537,0.73368655785785,0.9981171756121147
Trappc10,723.4956991547225,-0.07033525194068077,0.1563849023472255,-0.4497573031987037,0.6528854476116599,0.9981171756121147
Trbc1,3.39068682912747,-1.0152862957423021,1.1690503848339577,-0.8684709477996579,0.3851365699202237,0.9981171756121147
Trdn,1.5209650314281804,-1.0134127207092514,1.7214621494509672,-0.5886930020694694,0.5560672331094245,0.9981171756121147
Treh,0.2010153629169217,-0.46032403864503774,4.433790464391391,-0.10382178462017705,0.9173107782646794,0.9981171756121147
Trem1,0.2344943972204995,-1.2123042177937502,3.9780828204562106,-0.3047458468083683,0.7605597286868574,0.9981171756121147
Trem2,11.417318981082866,0.42381454840107485,0.602085123835956,0.7039113434673521,0.4814879867822873,0.9981171756121147
Trex1,19.914802959818633,0.32724796561961184,0.455930152256092,0.7177589900564407,0.47290590364157237,0.9981171756121147
Trh,3.2938986536958708,0.4694457812531629,1.1543807565939386,0.4066645936114593,0.684254348539628,0.9981171756121147
Trhr,3.0550477304174604,0.18757307920449331,1.0683276683034846,0.17557635617765224,0.8606267788070613,0.9981171756121147
Trhr2,6.20217267565021,-1.2069104837490063,0.7844357835178196,-1.5385714281627867,0.1239089582639327,0.9981171756121147
Trib2,12.958009536270035,0.17121114061838816,0.5334784296896771,0.32093357686079493,0.7482607281001195,0.9981171756121147
Trib3,39.858811663575715,4.379190380547097,2.2900056440443595,1.9123054966856092,,
Trim17,10.159848286841127,-0.6012367868790802,0.6170758119228408,-0.9743321246146315,0.32989165902680684,0.9981171756121147
Trim2,1045.8823795180085,-0.2862786888997776,0.16548031695907978,-1.7299863461741436,0.08363271472017028,0.9981171756121147
Trim21,10.76735044119966,0.4484725032484056,0.6231177725328354,0.7197234985377875,0.4716952551508279,0.9981171756121147
Trim24,100.39122441891665,-0.09513752024096542,0.26002023823859083,-0.3658850591224695,0.7144508455950188,0.9981171756121147
Trim27,79.18409198845792,0.2919382595503448,0.25287945518892163,1.1544562184074743,0.24831317819632304,0.9981171756121147
Trim28,318.428165425349,0.08593603153706533,0.18601333467588527,0.4619885541367377,0.6440895285174009,0.9981171756121147
Trim29,0.09877207360782624,-0.45211653757778947,4.435042509789109,-0.10194187239014495,0.9188028137063071,0.9981171756121147
Trim32,75.11485408497352,0.23825585832837465,0.2771814574706007,0.8595663667496419,0.39002812154532374,0.9981171756121147
Trim33,94.91462991527949,-0.10394963297544943,0.2466877036032983,-0.4213814935121865,0.6734765307231478,0.9981171756121147
Trim34a,4.520661549188411,-1.03472428108676,0.9241434739739428,-1.119657618353679,0.2628596919910129,0.9981171756121147
Trim36,43.506043212332976,-0.48264244404025347,0.31291895488479604,-1.5423880097578069,0.12297933349635846,0.9981171756121147
Trim63,0.09877207360782624,-0.45211653757778947,4.435042509789109,-0.10194187239014495,0.9188028137063071,0.9981171756121147
Trim65,8.207506756814489,-0.6276056638663454,0.6635568817101746,-0.9458204430776566,0.34424017675395024,0.9981171756121147
Trim7,22.467174808684486,0.7949658251283758,0.4521443340533902,1.7582125114820182,0.0787113571900069,0.9981171756121147
Trip13,2.7906016688477515,-1.003833518729574,1.2311556495654492,-0.8153587396393693,0.4148669947861461,0.9981171756121147
Trmt13,50.81206814297504,0.19750136670869392,0.3023435611972144,0.6532349024620591,0.513604852401994,0.9981171756121147
Trmt2a,32.925786936664956,0.07440928864883914,0.3497898187383659,0.21272571316461167,0.8315409095603349,0.9981171756121147
Trp53,130.24064917720477,0.1613529688021317,0.26547902506802074,0.6077804781782291,0.5433330785374424,0.9981171756121147
Trp53bp1,83.75902492782659,-0.16928777365000897,0.25028348579838305,-0.6763841134383891,0.4987968010472922,0.9981171756121147
Trp53cor1,6.08797348378733,2.014687906416432,0.932773603005745,2.159889495076142,0.030781225185248444,0.9981171756121147
Trp63,1.10814563536411,-1.0727771740912861,1.7886428390173033,-0.5997715981580088,0.5486584641555715,0.9981171756121147
Trp73,0.4933176977528733,-0.41547222578760745,2.7673254121390505,-0.15013493677509407,0.8806581567997208,0.9981171756121147
Trpa1,0.13572232361267328,-0.46032403864503774,4.433790464391391,-0.10382178462017705,0.9173107782646794,0.9981171756121147
Trpc1,84.61833708256309,0.09435350888391464,0.2561725030871522,0.3683202051229312,0.7126344883599571,0.9981171756121147
Trpc3,20.73156887033345,-0.9184756538276626,0.5129552138928665,-1.7905572045116034,0.07336437973995222,0.9981171756121147
Trpc4,6.950364740710793,0.49361013861407604,0.7240336508004366,0.6817502723366217,0.4953968731041871,0.9981171756121147
Trpc5,9.423166462975937,0.43997998224665746,0.6237159728213327,0.7054172113894098,0.48055063613911597,0.9981171756121147
Trpc6,6.337422172480888,-0.03652471761747015,0.8099696599380314,-0.04509393304962134,0.964032437230204,0.9981171756121147
Trpc7,2.1987829641831858,0.8779946366710796,1.3311809128408865,0.6595607165049734,0.5095357705491257,0.9981171756121147
Trpm1,0.13572232361267328,-0.46032403864503774,4.433790464391391,-0.10382178462017705,0.9173107782646794,0.9981171756121147
Trpm2,3.2749131115716956,-0.47721571395757395,1.033105625515658,-0.4619234492304496,0.6441362174377665,0.9981171756121147
Trpm5,0.19353026122812536,1.4685041306821252,4.434566981015867,0.33114938549100936,0.740531649762339,0.9981171756121147
Trpm6,0.4750917280110361,1.2798485405357827,2.7968690364356634,0.45760045388711684,0.6472395173580121,0.9981171756121147
Trpm7,125.33723131539524,0.059418765292258646,0.22978040758444285,0.2585893458754643,0.7959521044779874,0.9981171756121147
Trpm8,0.19754414721565247,-1.047741613991868,4.3594515893970955,-0.24033793987760943,0.8100682850102667,0.9981171756121147
Trpv1,0.0,,,,,
Trpv2,12.012909632333553,0.26415776784622375,0.5496970996681683,0.48055150373848804,0.6308352899164831,0.9981171756121147
Trpv3,10.105458872008358,-0.4630506775525467,0.6497824588046652,-0.7126241579441389,0.4760783587331999,0.9981171756121147
Trpv4,3.0014789329615286,-0.34891758883836804,1.1788376401693412,-0.2959844315695974,0.7672419708066158,0.9981171756121147
Trpv5,0.0,,,,,
Trpv6,0.417283790395584,-0.39353692121274025,3.1067027592025807,-0.12667350297578908,0.8991988184278425,0.9981171756121147
Trrap,198.1916909507576,0.0372326467405638,0.18621779988013043,0.1999413953152206,0.8415264152580082,0.9981171756121147
Tsc1,114.1294579680354,-0.0015686417621837455,0.22699938282589904,-0.006910334920984527,0.9944863943382237,0.9981171756121147
Tsc2,156.90079817731936,0.17324901149994099,0.217846822384943,0.7952790387449576,0.42645120387407753,0.9981171756121147
Tsc22d3,654.3121042149327,-0.003010396135100516,0.27134775882629325,-0.011094236223368479,0.9911482617855681,0.9981171756121147
Tsc22d4,503.97650932366474,-0.07217764055282848,0.21272140384676602,-0.33930596191825474,0.7343792518169133,0.9981171756121147
Tsg101,10.076612862523971,0.23796800553292533,0.6230660215081459,0.3819306418875454,0.702512811164238,0.9981171756121147
Tshb,0.19353026122812536,1.4685041306821252,4.434566981015867,0.33114938549100936,0.740531649762339,0.9981171756121147
Tshr,2.1724701626950846,-2.0258027790749775,1.4682365056828428,-1.3797523568131305,0.16766290634829617,0.9981171756121147
Tshz1,104.30219770657112,-0.047487222132224824,0.23828600017000204,-0.1992866643375846,0.8420385102708878,0.9981171756121147
Tslp,0.0,,,,,
Tspyl2,148.5616547637155,0.07732644796995829,0.22044780450151732,0.3507698711030985,0.7257610021411505,0.9981171756121147
Tssc4,185.04803871582462,-0.10471099989538776,0.19862446224179797,-0.5271807848517496,0.5980680510201897,0.9981171756121147
Ttbk1,114.57984239682078,-0.22528799814963985,0.23314516475703076,-0.9662992513030275,0.3338944605990666,0.9981171756121147
Ttc8,54.37663979956017,-0.13829354557955195,0.32028856789122073,-0.43177796350983233,0.6659027971215352,0.9981171756121147
Ttk,1.0154764953263207,1.2267442098193178,1.940010720397549,0.6323388819047,0.5271654616796071,0.9981171756121147
Ttll3,8.180134098493049,0.12456295820008016,0.6953072070629686,0.17914809013161784,0.8578214222865354,0.9981171756121147
Ttll6,0.6787388087967257,3.1920822742621913,2.88908432895263,1.1048768089851522,0.2692129725549197,0.9981171756121147
Ttn,1.618897607203505,0.13432705343606732,1.4605905395408159,0.0919676321320672,0.9267237563893395,0.9981171756121147
Ttyh1,1032.1990522780363,-0.18455875956361112,0.19717067137482994,-0.9360355588218137,0.3492548798200683,0.9981171756121147
Tuba3a,0.0,,,,,
Tubb1,0.0,,,,,
Tubb2b,126.94269815549758,-0.04612434290714413,0.24940159211422258,-0.18494004996575883,0.8532760574588693,0.9981171756121147
Tubb3,277.05897763366306,-0.16738800543969415,0.28781696641640336,-0.5815779643703254,0.560850989164139,0.9981171756121147
Tubg1,34.403318138600945,-0.03390864087414201,0.35769017275183146,-0.09479891665256378,0.9244745473841959,0.9981171756121147
Tubg2,38.32589501443085,-0.09146014876043532,0.3424379782759526,-0.2670852959151991,0.789403488652312,0.9981171756121147
Tubgcp2,41.76112193610556,0.11993765171863686,0.33324115694951334,0.3599124814490055,0.7189125828237404,0.9981171756121147
Tufm,57.70698728707735,0.04328545671903085,0.3024893055389992,0.14309747791546357,0.8862131967763698,0.9981171756121147
Twf1,234.76202982435476,0.02852749376172904,0.18297126516397352,0.15591242557219862,0.8761020508981888,0.9981171756121147
Twf2,146.11344224759884,0.2792478513308378,0.23485728763351937,1.1890107994714953,0.2344354172707971,0.9981171756121147
Twist1,0.2815614667829107,0.5020161678893961,3.624618577878668,0.13850179187218215,0.8898438535561748,0.9981171756121147
Twist2,0.27385111092212117,1.468507008457143,4.1863062795273285,0.3507882391784651,0.7257472210175899,0.9981171756121147
Twnk,9.922445677420335,0.0925061331594139,0.6242405484478731,0.1481898819123868,0.8821929167195198,0.9981171756121147
Txnip,55.079703122570265,0.569937234568767,0.2899760542454929,1.9654631002264062,0.0493606624319017,0.9981171756121147
Tyk2,29.113531355953537,0.17451656883934002,0.38734112893543005,0.4505500598890236,0.652313866837285,0.9981171756121147
Tyr,0.0,,,,,
Tyro3,690.7154523441441,-0.034916722715480054,0.1694612903757467,-0.206045419800942,0.8367554325482206,0.9981171756121147
Tyrp1,0.13572232361267328,-0.46032403864503774,4.433790464391391,-0.10382178462017705,0.9173107782646794,0.9981171756121147
Tyw5,32.884347068372485,-0.05776174694114116,0.34817115851801483,-0.16590043582875488,0.8682353045062133,0.9981171756121147
Uba1y,2.4830097248668968,1.5441742010796982,1.4312528633515482,1.078896846685584,0.2806337147184561,0.9981171756121147
Uba6,103.54920541755989,0.10287503066403642,0.22708114395387555,0.4530320257895666,0.6505256806232782,0.9981171756121147
Ubac1,165.37482818980786,-0.059884774093503665,0.19623464975972746,-0.30516921535940494,0.7602372773693264,0.9981171756121147
Ubap1,205.78075696274342,-0.011212483937288123,0.19927297370179284,-0.056266957475464445,0.9551291412311537,0.9981171756121147
Ubash3b,148.83578418366614,0.10196115549009843,0.235717727255862,0.43255616230943783,0.6653372427380828,0.9981171756121147
Ube2b,174.13769958403978,-0.16901813039068672,0.19753182490706286,-0.8556501235697509,0.39219133613002977,0.9981171756121147
Ube2d1,339.4946796482255,-0.18921805742277403,0.18217060659580467,-1.038685993084527,0.29895079754832876,0.9981171756121147
Ube2g1,171.37343171603973,-0.20416355845171721,0.1996998600247642,-1.0223520358321707,0.3066143130742933,0.9981171756121147
Ube2g2,44.193546533507266,0.18304579221990494,0.3128838613397429,0.5850279123893382,0.5585289486636789,0.9981171756121147
Ube2i,243.52090239034985,-0.17143427164244304,0.1863486486834179,-0.9199651988552251,0.35759094564467087,0.9981171756121147
Ube2m,121.8397257576355,-0.15340303556261267,0.2206122364870215,-0.6953514365538708,0.486835086811371,0.9981171756121147
Ube2n,51.60120845352629,-0.4479643849627035,0.31402899158507735,-1.42650645948828,0.15372220369465409,0.9981171756121147
Ube2r2,92.04147451765787,0.03916377913420159,0.23896794583317588,0.16388716485658678,0.8698199714403814,0.9981171756121147
Ube2u,0.0,,,,,
Ube3a,610.8281128964063,-0.06085715132753291,0.16062615453582665,-0.3788744834450924,0.7047810733377491,0.9981171756121147
Ublcp1,24.42226595602011,0.14785101287063807,0.396279906544582,0.3730974254027807,0.7090759347954222,0.9981171756121147
Ubr5,262.2919940205781,0.14911844883012532,0.17454073659617989,0.8543475393662858,0.39291245395773333,0.9981171756121147
Ubr7,150.31020994052489,0.0558787292156214,0.20951129550675737,0.26670986440355976,0.7896925582683022,0.9981171756121147
Ubtf,255.53146012412716,0.007099414555576136,0.22011626374338691,0.03225302135717097,0.9742702732202455,0.9981171756121147
Ubxn7,193.3569871855193,0.05694948226599588,0.22145568064341656,0.2571597264993838,0.7970554723100048,0.9981171756121147
Uchl1,756.0407530242533,0.13163304050720642,0.20583120466612168,0.6395193611227611,0.5224851225619634,0.9981171756121147
Ucn3,0.7923134386223061,2.1307918448787118,2.400895180227037,0.8874989055862141,0.3748103551546129,0.9981171756121147
Ucp1,0.14583914317023747,1.4685041306821252,4.434566981015867,0.33114938549100936,0.740531649762339,0.9981171756121147
Ucp3,5.649488872927374,0.3687818947013039,0.8452092696246752,0.4363202202752292,0.6626044132388462,0.9981171756121147
Ufd1,244.67687927130325,0.08468625890337915,0.17609667600009604,0.48090776513767336,0.6305820536579032,0.9981171756121147
Ufl1,151.68399664706817,-0.08009160632444953,0.20781246861390795,-0.3854032766111386,0.6999386553448687,0.9981171756121147
Ugt8a,2721.588840354673,-0.3497309262722097,0.2482063043736397,-1.409033211927361,0.1588253478127265,0.9981171756121147
Uhrf1,1.0367496624898243,-3.2915866772518516,2.604773221266611,-1.263674952728233,0.20634671880043454,0.9981171756121147
Uhrf2,46.11957698341107,-0.0828332619021984,0.31174970206411096,-0.2657043819248425,0.790466888373849,0.9981171756121147
Ulk1,90.41414075056356,0.11809933992962836,0.2357052057620699,0.5010468035603867,0.616338183973983,0.9981171756121147
Unc13b,24.242760088217135,-0.18097706003604724,0.47005315518543594,-0.38501403094433395,0.700227020179973,0.9981171756121147
Unc5c,99.24722178230792,0.06662774691633758,0.2520861440712151,0.26430547050422193,0.7915445452698687,0.9981171756121147
Unc93b1,30.607744607506376,-0.23373100720555984,0.378977911450671,-0.6167404488321558,0.5374059369539284,0.9981171756121147
Uncx,0.2344943972204995,-1.2123042177937502,3.9780828204562106,-0.3047458468083683,0.7605597286868574,0.9981171756121147
Ung,2.376615554001947,-0.16425631407085056,1.2075912258231771,-0.1360197975592959,0.8918056302283884,0.9981171756121147
Upk1b,1.159226590914048,-1.346350039085482,1.8407339804591516,-0.7314202124685335,0.4645225230306471,0.9981171756121147
Upk3b,0.0,,,,,
Uri1,162.68381094282347,-0.08312169992679179,0.20932358645517654,-0.3970966737883169,0.6912961726602249,0.9981171756121147
Urm1,37.24432480784392,-0.05056162879138976,0.35321498587476513,-0.1431468958378701,0.8861741687572472,0.9981171756121147
Usp14,144.11050182417873,-0.1298015781362554,0.20606556660245787,-0.6299042594858602,0.528757225879227,0.9981171756121147
Usp18,1.2321437171284664,0.16426818905968937,1.709567863795638,0.09608755085918369,0.9234510385306989,0.9981171756121147
Usp2,185.75108543235476,0.1183538491441544,0.20271045375536134,0.5838566632926997,0.5593167518365869,0.9981171756121147
Usp22,246.23206645145774,-0.15703038810288095,0.184209823372056,-0.8524539312201628,0.3939621979109923,0.9981171756121147
Usp25,239.05291922627666,-0.16661743719304517,0.19420679250559378,-0.8579382576860489,0.3909265574683516,0.9981171756121147
Usp3,23.236976836172868,-0.14554507575814504,0.4238394495183165,-0.3433967176098251,0.7313000285429228,0.9981171756121147
Usp32,269.95775914208735,-0.15375578951144436,0.18420976573940154,-0.8346777321727888,0.40389918260885294,0.9981171756121147
Usp47,118.88122767040925,0.20915324266977794,0.22032021387195797,0.9493148131715692,0.3424605217646731,0.9981171756121147
Usp50,0.0,,,,,
Usp54,416.22964997726484,0.06298856453444966,0.18498542659581743,0.34050555059170184,0.7334758434925639,0.9981171756121147
Usp7,143.78215515062962,0.14191492759538202,0.21506212089244897,0.6598787690108974,0.5093316297275368,0.9981171756121147
Utp25,81.2360612972184,0.2508357456880776,0.2523421295140181,0.9940303910851446,0.32020807192462186,0.9981171756121147
Utrn,184.14472427136093,-0.32511808481714477,0.2099352102531243,-1.548659152626858,0.12146367807522714,0.9981171756121147
Uts2,0.6290400213655466,-0.9981369167355767,2.4167682668196995,-0.41300480912431714,0.6796030902962629,0.9981171756121147
Uts2b,0.2815614667829107,0.5020161678893961,3.624618577878668,0.13850179187218215,0.8898438535561748,0.9981171756121147
Vamp2,665.5664169607584,0.04642197572451017,0.15768937477380532,0.29438873602675725,0.7684608731181375,0.9981171756121147
Vamp3,758.3539742631918,-0.2682039212584837,0.15395354172234108,-1.742109458853476,0.08148929278069443,0.9981171756121147
Vangl1,32.09409937999659,0.387856026783656,0.36068325981212723,1.075336922999095,0.2822239109876936,0.9981171756121147
Vangl2,39.79768973885559,0.2477102557822328,0.34740308832075284,0.7130341211979241,0.47582464325272433,0.9981171756121147
Vasp,1.2238093127722003,1.4851031966293786,1.7940685037331052,0.8277851116271032,0.4077922078423313,0.9981171756121147
Vat1,87.6428374882015,0.3851651243809166,0.35169624001256566,1.095164180223124,0.27344471528709735,0.9981171756121147
Vav1,3.9312730794176836,-0.08741145707835304,0.9736666039871062,-0.0897755522479752,0.9284655762046491,0.9981171756121147
Vav2,7.8830538565499255,0.7948241346003131,0.7297451403100471,1.089180442178232,0.2760743218000907,0.9981171756121147
Vax1,4.777207566410415,-0.9478010164357203,0.9491715800078431,-0.9985560423415634,0.3180098033365928,0.9981171756121147
Vax2,0.0,,,,,
Vcam1,22.379253146064247,-0.237078941576059,0.4192556185040926,-0.5654758841919842,0.5717501227498273,0.9981171756121147
Vcan,17.093102052153615,-0.1254342973630968,0.5048642639409509,-0.2484515271173316,0.803785070157434,0.9981171756121147
Vcl,57.76763008286957,0.07396574551748954,0.30290338067220285,0.2441892373513456,0.8070842621593848,0.9981171756121147
Vcp,205.74831002240717,-0.22419309191505918,0.20400388947392867,-1.0989647917654564,0.2717834234536699,0.9981171756121147
Vdac1,708.6185803979309,-0.15357139180416043,0.1741950536317311,-0.8816059273923386,0.37798994862554125,0.9981171756121147
Vdac2,347.9017078469604,0.02843997724456783,0.168907539426132,0.1683760082065812,0.8662874813096995,0.9981171756121147
Vdr,0.09877207360782624,-0.45211653757778947,4.435042509789109,-0.10194187239014495,0.9188028137063071,0.9981171756121147
Vegfa,178.3800701147363,0.38538980589297767,0.30170628654016973,1.2773675030522313,0.20147253208347948,0.9981171756121147
Vegfb,195.20123180298665,-0.03050913359067194,0.23490068686104487,-0.1298809892740738,0.896660585235235,0.9981171756121147
Vegfc,1.4071413762335425,0.40519731642718,1.63867323542792,0.24727157780261635,0.8046980535415555,0.9981171756121147
Vegfd,1.0087495132608069,-0.186505911277339,1.9048291834250826,-0.09791214503653384,0.9220020559836708,0.9981171756121147
Vgll2,0.3726231845299474,0.5093577618301208,3.3285387681599885,0.15302743855727813,0.8783766372851214,0.9981171756121147
Vhl,37.99742516786673,-0.3130719704853665,0.34603575338237047,-0.9047387948360963,0.3656037833800473,0.9981171756121147
Vil1,1.0161005438217974,0.4760283291048966,1.9424883953443237,0.24506109289806918,0.8064091278589888,0.9981171756121147
Vip,6.309735276244472,-1.0874803362664962,0.918637609469757,-1.1837968803543717,0.23649347744483407,0.9981171756121147
Vipas39,47.75426595676772,-0.4170906881924975,0.3051969782523601,-1.3666278433714216,0.1717419852965134,0.9981171756121147
Vipr1,7.502467856882742,0.23080220583746103,0.7004071967313901,0.32952574861388084,0.7417583351367898,0.9981171756121147
Vipr2,0.438141478006189,1.284343193551702,2.862034917716106,0.44875175547355073,0.6536107447884214,0.9981171756121147
Virma,120.2948264377686,0.0713756806623058,0.22517491943821072,0.3169788217994309,0.7512596720240935,0.9981171756121147
Vit,1.60756626668702,0.3735239654587738,1.4841568970879508,0.25167417689575905,0.8012929184909723,0.9981171756121147
Vldlr,473.8937484843339,-0.16916012336695413,0.1797714887410758,-0.9409730349988636,0.34671867785172206,0.9981171756121147
Vps13a,53.804376825808056,0.16196265187125022,0.29146619064556134,0.5556824670213828,0.5784279444629647,0.9981171756121147
Vps25,93.02817825979822,0.1853461575817379,0.23326697278126815,0.7945666519860698,0.42686562324698507,0.9981171756121147
Vps26b,184.04206255357983,0.02830093834275204,0.1915780735882557,0.14772535192924588,0.8825595232012133,0.9981171756121147
Vps28,381.7779946422079,0.13854812388603513,0.16038703256016476,0.8638361947002333,0.3876778815773013,0.9981171756121147
Vps51,92.66555696801173,0.10803543820156247,0.24014112050953276,0.44988312693941085,0.6527947145707903,0.9981171756121147
Vps54,55.44565008973873,-0.0398339493649446,0.3050892992310747,-0.1305648853150184,0.8961195223339444,0.9981171756121147
Vps72,103.6300166812821,0.21340225660875514,0.25418235521599214,0.8395636134043056,0.40115310792598435,0.9981171756121147
Vps9d1,61.417819302699236,0.0030188820298711542,0.29056315222337575,0.010389762111165195,0.9917103183626155,0.9981171756121147
Vsig1,0.0,,,,,
Vsir,11.778368885694922,0.8161854288282325,0.5709669333081999,1.4294793292130408,0.15286651196749917,0.9981171756121147
Vstm2a,107.06878668166222,-0.11189716138856563,0.28490209496700564,-0.3927565411603041,0.6944993056154354,0.9981171756121147
Vstm4,6.58215522389465,-0.8356195442232466,0.7857019597563619,-1.0635324678105216,0.2875405493471255,0.9981171756121147
Vstm5,15.357509583064846,-0.14506722370496003,0.5015489525239379,-0.28923841426632485,0.7723989371709038,0.9981171756121147
Vsx1,0.19754414721565247,-1.047741613991868,4.3594515893970955,-0.24033793987760943,0.8100682850102667,0.9981171756121147
Vsx2,0.3292525848407986,0.5022352423470765,3.4473755284261705,0.14568625849019756,0.8841690697581248,0.9981171756121147
Vtcn1,0.644067831755294,-0.8505046591201908,2.5308596470212232,-0.33605366465944475,0.7368303986844802,0.9981171756121147
Vtn,10.972570894383097,-0.6941617555449054,0.6136476579355922,-1.1312057441564682,0.25796850481763633,0.9981171756121147
Vwa8,89.21559473299824,0.03239048902165972,0.2441866761012093,0.13264642256006903,0.8944730168940579,0.9981171756121147
Vwc2l,3.422361129791741,0.7711393212181679,1.0435125069858693,0.7389842632989259,0.45991655317173563,0.9981171756121147
Vwf,6.620468967135795,-0.27191612366207246,0.7949132848902218,-0.3420701714648338,0.7322980845915101,0.9981171756121147
Vxn,36.932484665410726,-0.34255425924973654,0.34627767700246537,-0.989247306424831,0.32254215818906284,0.9981171756121147
Wap,0.6935413650144798,3.1058178967557217,2.920968415789213,1.0632836288017733,0.2876533471031245,0.9981171756121147
Wapl,325.8170596085484,0.04411455806175278,0.1741171720640622,0.2533613286891766,0.7999890081471437,0.9981171756121147
Was,1.4660140658534893,0.12725502465005062,1.5119215132373192,0.08416774517453143,0.9329230627852555,0.9981171756121147
Washc1,77.63361601351745,0.026171542660127545,0.2600654268820314,0.10063445562104359,0.9198406439080135,0.9981171756121147
Washc2,403.11352898662085,-0.06242706702899085,0.1858574416056607,-0.3358868307325796,0.7369562082665412,0.9981171756121147
Washc3,37.44134944151437,0.042310227885138885,0.3652976170430783,0.11582399093544972,0.9077920364598578,0.9981171756121147
Washc4,233.31756022879185,0.01144511718430115,0.1833842745383774,0.06241057044346512,0.9502358773746978,0.9981171756121147
Washc5,112.22532812606777,-0.010094642091200076,0.22122871857730425,-0.045629889989498316,0.9636052452110585,0.9981171756121147
Wasl,210.4493128473508,-0.0028200287704687314,0.199555003127664,-0.014131586411114115,0.9887250006569903,0.9981171756121147
Wdr34,19.888554127765556,0.05515863667356482,0.4405167459485536,0.1252134843473274,0.9003545422956138,0.9981171756121147
Wdr36,65.37863097338217,0.3024063729554601,0.2668290672167601,1.1333336960241986,0.2570741464328241,0.9981171756121147
Wdr37,80.70030880623082,0.014882249949148139,0.2572521716004984,0.05785082340241479,0.9538674547130253,0.9981171756121147
Wdr4,13.905957637089685,-0.11802687867903264,0.5393833479761971,-0.21881817286699243,0.8267916900103774,0.9981171756121147
Wdr45,129.52023540541828,-0.06749693218517581,0.22690947480482057,-0.29746193826077233,0.7661138624162908,0.9981171756121147
Wdr5,57.20128746068517,0.5152384998530568,0.2984868869363907,1.726167957129913,0.08431720088295978,0.9981171756121147
Wdr59,126.77189670467628,-0.019917354703479835,0.22544928440647952,-0.08834516710006199,0.9296023411159953,0.9981171756121147
Wdr61,92.17303002262197,-0.005727476369891814,0.2336379011373258,-0.024514328976638786,0.9804423542794928,0.9981171756121147
Wdr62,10.654104011221397,0.06444994817089456,0.6091515878909223,0.10580280746544699,0.9157388092598664,0.9981171756121147
Wdr82,124.51821873939171,0.16163750380245917,0.2134226812075345,0.757358603536993,0.4488350498997603,0.9981171756121147
Wdr83,34.18995645607087,0.1392520960514444,0.3576468818601471,0.3893563822706471,0.697012533216606,0.9981171756121147
Wdtc1,129.62118963527362,-0.0325706436969272,0.23108466225678706,-0.14094680009845867,0.88791197002261,0.9981171756121147
Wee1,16.612785346673764,-0.502411349648127,0.5321578754671085,-0.9441020659651591,0.34511749370699396,0.9981171756121147
Wfdc18,44.27062026394708,-0.7868902855136306,0.40043960498057357,-1.9650660816924062,0.04940658970724558,0.9981171756121147
Whrn,28.323862345553078,0.714357905769867,0.37338509309581647,1.9131934267835151,0.055723294711159506,0.9981171756121147
Wif1,0.6835921926167542,-1.2426923345821879,2.4973233254420406,-0.4976097095325949,0.6187591587981658,0.9981171756121147
Wipf1,40.66986351883743,-0.06943698932355799,0.34083347961491356,-0.20372702060258427,0.8385668256124497,0.9981171756121147
Wiz,130.55502489841288,0.07175824565996922,0.2178684807591811,0.3293649701412593,0.741879841786941,0.9981171756121147
Wls,170.35819543411978,0.16858011594580333,0.23651574376441448,0.7127648809447561,0.475991260610395,0.9981171756121147
Wnt1,0.0,,,,,
Wnt10a,1.3386261465970823,-0.532226782461659,1.6182929276995297,-0.3288816093500707,0.7422451753922276,0.9981171756121147
Wnt10b,0.468988794440999,-2.146151572557585,3.174073291030785,-0.6761506039013419,0.4989450307025919,0.9981171756121147
Wnt11,0.6726358752266886,0.033825032588882,2.2248200206386697,0.015203491642066393,0.9878698360570988,0.9981171756121147
Wnt16,0.13572232361267328,-0.46032403864503774,4.433790464391391,-0.10382178462017705,0.9173107782646794,0.9981171756121147
Wnt2,2.246641729400912,0.0719757039380384,1.287311231760888,0.05591165691888218,0.9554121844793532,0.9981171756121147
Wnt2b,0.993554055711221,1.5533002651843202,1.8916933622368184,0.8211163057355301,0.4115800230309411,0.9981171756121147
Wnt3,27.068972714100124,-0.7505790526751912,0.40491096145109406,-1.8536891418926122,0.06378364603105335,0.9981171756121147
Wnt3a,0.0,,,,,
Wnt4,2.3212476561153017,-0.02632222337888571,1.3081190717690696,-0.02012219219714315,0.9839458969150989,0.9981171756121147
Wnt5a,4.47590287988414,-0.06244021118640583,0.9205062341551297,-0.0678324696450486,0.9459189962408543,0.9981171756121147
Wnt5b,3.9900761853164255,-0.5970501746094611,0.977993642706549,-0.6104847194682721,0.5415407626366926,0.9981171756121147
Wnt6,0.2010153629169217,-0.46032403864503774,4.433790464391391,-0.10382178462017705,0.9173107782646794,0.9981171756121147
Wnt7a,19.02067125649204,-0.15055747630249197,0.44998704980620496,-0.3345817982258206,0.7379405772307577,0.9981171756121147
Wnt7b,22.683865778331533,0.29496102371229094,0.40920961514630133,0.7208066790093286,0.471028465521216,0.9981171756121147
Wnt8a,0.0,,,,,
Wnt8b,0.2344943972204995,-1.2123042177937502,3.9780828204562106,-0.3047458468083683,0.7605597286868574,0.9981171756121147
Wnt9a,2.11756699929758,-0.6643044910750986,1.3545555683231172,-0.4904224725881712,0.6238349777290222,0.9981171756121147
Wnt9b,0.5443986533028117,-0.897769712214734,2.641558427393146,-0.33986365885562064,0.7339592053225548,0.9981171756121147
Wrap53,125.0112012918883,-0.29193842509202356,0.2166660793749445,-1.3474117680729292,0.1778476525717061,0.9981171756121147
Wrap73,74.82047157767668,0.11343704457223493,0.2656200960376702,0.42706499344141235,0.6693319895384615,0.9981171756121147
Wrnip1,143.74939632307934,0.05856318276989481,0.20600995548894582,0.2842735567361317,0.7762007492248931,0.9981171756121147
Wsb1,34.67309729559688,-0.025645074000344718,0.3510256603586253,-0.07305754791300564,0.9417603231990115,0.9981171756121147
Wt1,0.0,,,,,
Wtip,12.806327742492842,0.4915680103835389,0.5569725140043227,0.8825713980918704,0.37746788775661666,0.9981171756121147
Wwox,60.59114841873356,-0.23292665703680376,0.2870860517618008,-0.8113478715088052,0.4171659260106695,0.9981171756121147
Wwtr1,9.189695895977193,-0.33330182558360144,0.6364951924437152,-0.5236517565889943,0.6005207761303892,0.9981171756121147
Xcl1,0.6464742954520686,1.7423824369076286,2.7262280432519845,0.6391183750091667,0.5227459270746446,0.9981171756121147
Xcr1,0.5184623277001849,1.4339232667094646,2.728490135634628,0.5255372735206697,0.5992097490576849,0.9981171756121147
Xiap,188.28268323985176,0.14441894109946735,0.19773814621976224,0.7303544807129071,0.4651735345945194,0.9981171756121147
Xist,161.25629659026097,-0.807125487933123,2.443055713227183,-0.3303753915897977,0.7411163333003972,0.9981171756121147
Xkr6,22.37374704738052,-0.44646601552668325,0.441996150840451,-1.0101129041004833,0.31244120052426394,0.9981171756121147
Xpa,79.75014553270451,-0.18500151278341145,0.261826296485221,-0.7065811007789817,0.4798268370790746,0.9981171756121147
Xpo1,157.30130809627508,-0.13153257239546723,0.21354922634942736,-0.615935607185214,0.537937019729041,0.9981171756121147
Xrcc1,51.94495891377036,0.2784837628883014,0.29655997876167683,0.939047015214747,0.34770660609825954,0.9981171756121147
Xrcc2,13.511729429058903,-0.25680462915349067,0.5300130455324645,-0.48452510993479087,0.6280132483633306,0.9981171756121147
Xrcc4,58.233235036204775,-0.197937220507153,0.2782273469978182,-0.711422592505636,0.4768224029706194,0.9981171756121147
Xrcc5,38.62095336528528,0.040184689551944174,0.33497917570674435,0.11996175424087747,0.9045134448050953,0.9981171756121147
Xrcc6,149.46922426232075,0.07482594410365914,0.2109485022426717,0.35471190033660727,0.7228054347622663,0.9981171756121147
Yap1,8.295666605861689,0.5818718538712184,0.6808470316996507,0.8546293466516953,0.3927563758068362,0.9981171756121147
Yars,208.6786756977209,0.602302530338618,0.2974470530548092,2.0249066990340445,0.042876945602978,0.9981171756121147
Ybx3,514.4564376111531,-0.14239948117717047,0.16794784758487144,-0.8478791674017121,0.39650526761915206,0.9981171756121147
Yeats2,38.70364740877661,-0.12249385548800115,0.3519676425705859,-0.3480258997485413,0.7278207327488078,0.9981171756121147
Yeats4,88.63725909640728,0.10771520225038177,0.24917327134408282,0.4322903563024546,0.6655303953193401,0.9981171756121147
Yes1,76.49711509417331,0.10337502430484391,0.27680093571958975,0.3734634206929376,0.7088035651946403,0.9981171756121147
Yif1a,27.461680967791064,0.38184500277307226,0.38192808452206195,0.9997824675577506,0.3174157922783717,0.9981171756121147
Yipf1,32.80280779438096,-0.11642645559691756,0.3590575091760875,-0.324255732359075,0.7457444310445098,0.9981171756121147
Ywhae,1230.5421360927262,-0.07724514298795186,0.17468816092449158,-0.44218876985796907,0.6583526118599112,0.9981171756121147
Ywhag,581.4962234516494,0.029992457474219993,0.17422648225337894,0.17214637571917296,0.8633224543779863,0.9981171756121147
Ywhaz,3083.348151985035,-0.06884362550623631,0.1481625614050742,-0.4646492666795824,0.6421826451404551,0.9981171756121147
Yy1,216.8024434898579,0.24592963628350178,0.1945747283506477,1.2639341109103654,0.20625367723636412,0.9981171756121147
Zap70,0.5477022218442423,2.7331861752721625,3.3221646537203973,0.8227124360652459,0.41067154161554487,0.9981171756121147
Zbp1,0.6284159728700699,0.10267075242180072,2.4663970836096536,0.0416278275319474,0.9667953893016378,0.9981171756121147
Zbtb16,316.42143968700174,0.9626786176742874,0.5351916263781299,1.7987550070413927,0.07205744339394991,0.9981171756121147
Zbtb4,15.350696877447414,-0.7830493591993568,0.5236222501845057,-1.4954470688047314,0.1347978042197734,0.9981171756121147
Zbtb46,6.6938795131299855,0.7771522977174362,0.7553797428836971,1.0288233236843516,0.3035627045645203,0.9981171756121147
Zbtb7a,118.5445419929343,-0.07606164029432179,0.22001610063547755,-0.3457094279674588,0.7295610981757363,0.9981171756121147
Zbtb7b,18.5938143190754,-0.0712165364359346,0.4611992490861244,-0.15441598523209132,0.8772817504302541,0.9981171756121147
Zbtb8b,3.078983732397503,1.1448027201974933,1.1331248236278446,1.0103059224598578,0.3123487445637383,0.9981171756121147
Zc3h11a,153.38029121038076,0.10533173893264146,0.21966637894910557,0.4795077855635146,0.6315774308535056,0.9981171756121147
Zc3h12a,6.8425001431234165,1.1676445714467498,0.7531125626887566,1.5504250351076794,0.12103953352706337,0.9981171756121147
Zc3h14,43.688764143225136,0.03841087239776193,0.31623213342537576,0.12146416615446863,0.9033233957792773,0.9981171756121147
Zc3hc1,95.15213899577869,0.18680197735428047,0.2682561452029746,0.6963567496764623,0.48620544160080725,0.9981171756121147
Zcchc12,61.279325933335706,0.23383495226256815,0.3285123841192702,0.7117995045741463,0.4765889395466174,0.9981171756121147
Zdhhc18,32.42898379706566,0.04819920375579156,0.36251612125271804,0.13295740776777987,0.8942270650363322,0.9981171756121147
Zdhhc2,231.4939885242131,0.1548490758864845,0.5790558243375786,0.2674164897030902,0.7891485046545728,0.9981171756121147
Zdhhc6,36.91283943756826,0.2569769404720035,0.34075838177118967,0.7541324123453456,0.45076971660982834,0.9981171756121147
Zdhhc7,48.51540732311454,0.09936535138208066,0.3196002088418006,0.31090515160228094,0.7558727280233976,0.9981171756121147
Zdhhc8,128.62311133037718,0.023808304273274974,0.22338626620677546,0.1065790868774226,0.91512291032318,0.9981171756121147
Zeb1,166.83217857259564,0.06771641223291065,0.22721236896373334,0.29803136396909474,0.7656792257532938,0.9981171756121147
Zeb2,995.8370673224669,-0.04351970776537609,0.15393755027841055,-0.2827101489316064,0.7773990357818295,0.9981171756121147
Zfand2a,80.97570211839307,-0.1586217432029014,0.25849247061351954,-0.6136416384833968,0.5394521620271575,0.9981171756121147
Zfand2b,57.75042317935487,-0.12077143161348348,0.2985710302325196,-0.40449815750519985,0.685846432504746,0.9981171756121147
Zfand4,75.32359888821442,0.5468818355723679,0.6964702467686417,0.7852192367293401,0.4323250386141817,0.9981171756121147
Zfhx3,27.929447681444525,-0.1077526061032866,0.40514764306727546,-0.265958862027476,0.7902708916253165,0.9981171756121147
Zfp106,269.3637222372358,-0.07381969430721565,0.18133973690481184,-0.4070795268990866,0.6839495795863609,0.9981171756121147
Zfp111,70.51294421367605,0.016422409594993633,0.2598196386237031,0.06320696034366446,0.949601702311767,0.9981171756121147
Zfp148,176.75430907388295,-0.034116728336391774,0.19757994237279203,-0.17267303516072824,0.8629084402074576,0.9981171756121147
Zfp219,19.729801259093406,-0.267311714656832,0.454926597446561,-0.5875930670073262,0.5568054656882949,0.9981171756121147
Zfp24,132.63614677998163,-0.04501330579211209,0.22407075394385156,-0.20088880409351273,0.8407855222979668,0.9981171756121147
Zfp281,215.0005379326676,0.49913969177599266,0.25565896154226303,1.95236532592064,0.05089484666683299,0.9981171756121147
Zfp42,0.4095734345347945,0.502544893843937,3.2344305285202872,0.1553735315730665,0.8765268494907043,0.9981171756121147
Zfp503,15.535622574983492,0.21695830378334194,0.49305263090125867,0.44003071920894216,0.6599148584773178,0.9981171756121147
Zfp536,339.676616026255,0.0016173536640966951,0.18543703807676132,0.008721848023840817,0.993041060348711,0.9981171756121147
Zfp57,1.4649828898810273,0.9506223443624787,1.7957074961677895,0.5293859642459572,0.596537732796864,0.9981171756121147
Zfp750,0.0,,,,,
Zfp819,0.33936940439836283,2.2357748292719086,3.5536531379614233,0.6291482996436945,0.5292519722359541,0.9981171756121147
Zfp979,1.324188808670779,-1.2218325969416195,1.6953923870502947,-0.7206783552139268,0.471107432555699,0.9981171756121147
Zfpl1,7.248045979067354,-1.3856796622029401,0.7549627537797491,-1.8354278476196122,0.06644232071585707,0.9981171756121147
Zfpm2,15.084956038147832,0.6147605590800171,0.5609341395715665,1.0959585372171545,0.27309691991969687,0.9981171756121147
Zfyve9,176.29211929454382,-0.0880394761980303,0.19596624008013347,-0.4492583832910693,0.6532452754051676,0.9981171756121147
Zic1,19.631469888994598,-0.2870184072147863,0.4510674964817895,-0.6363092208005589,0.5245748961346276,0.9981171756121147
Zic2,6.103889573084849,1.046001412997049,0.7875518072036227,1.3281683864215978,0.18412248561023303,0.9981171756121147
Zic3,2.083647261484984,-0.24564434481617797,1.3774361739305672,-0.17833446620994597,0.8584603125097394,0.9981171756121147
Zic4,2.385442367383023,0.5923087884570603,1.2235414445529076,0.48409376821190964,0.6283193237586397,0.9981171756121147
Zkscan1,60.20429639775711,-0.0665315241951614,0.274655301999256,-0.24223644586821635,0.8085969561083521,0.9981171756121147
Zmpste24,126.10974511389948,-0.006239301535468022,0.22493046763568778,-0.02773880124400758,0.9778704766827198,0.9981171756121147
Zmynd10,1.008308809751789,0.4338939484098214,1.923091575186992,0.2256231341285095,0.821494546329351,0.9981171756121147
Zmynd19,13.353460617335651,-0.15391177786945578,0.5212639424199301,-0.2952664961917978,0.7677903083115261,0.9981171756121147
Zp1,0.5637469820612981,-0.8473674998045838,2.614844694434461,-0.3240603549450391,0.7458923408361331,0.9981171756121147
Zp3,0.5955609870619688,-0.7814797130678527,2.7922790470090253,-0.27987163886966876,0.7795759869324278,0.9981171756121147
Zscan2,20.761481340289492,-0.033058456622911556,0.4348801684219446,-0.07601739288979587,0.9394052607108525,0.9981171756121147
Zscan21,78.33728286415833,0.013926962642622073,0.27215070419952564,0.051173715253044524,0.9591870965835138,0.9981171756121147
Zswim5,53.853869945385014,0.11187752378809157,0.2982166477197964,0.3751551921850165,0.7075450520043911,0.9981171756121147
Zswim9,15.811609552337472,-0.05764811195456659,0.4864674011496377,-0.11850354580457076,0.9056686857486992,0.9981171756121147
Zup1,21.287197645866993,0.2981627531294298,0.4512125244065162,0.660803362055621,0.5087384264384449,0.9981171756121147
Zyx,67.30873958951237,-0.26438698808295585,0.275748523556876,-0.9587974748609064,0.3376607815534388,0.9981171756121147
Zzef1,94.28261241074564,0.1329113990756818,0.24700364731653232,0.5380948845073424,0.5905115439138537,0.9981171756121147
a,0.13572232361267328,-0.46032403864503774,4.433790464391391,-0.10382178462017705,0.9173107782646794,0.9981171756121147
