,baseMean,log2FoldChange,lfcSE,stat,pvalue,padj
2610035D17Rik,42.0882076154581,0.3391650212249031,0.33804769186212624,1.00330524180367,0.31571360778924873,0.9989528241627993
9630013A20Rik,70.65106811027674,-0.19578124394391905,0.3287314809157154,-0.5955658502755813,0.5514652959017314,0.9989528241627993
A1cf,0.0,,,,,
A2m,11.196686977337373,0.15704246208945027,0.6190623461879459,0.25367794222421103,0.7997443762944417,0.9989528241627993
Aatf,60.84176662711129,0.06273414606255212,0.30891622964319765,0.2030781812111681,0.8390739252645465,0.9989528241627993
Abca1,83.56154571953071,0.5815928219693765,0.35519565825981964,1.6373871933534478,0.10154959241045841,0.9989528241627993
Abca13,0.3673413105284456,0.06289684516389088,3.375816271233772,0.01863159606755013,0.985134997190086,0.9989528241627993
Abca3,69.45366748296112,-0.44295164847102186,0.3042965510903843,-1.4556578011935906,0.1454872408175836,0.9989528241627993
Abca4,1.4569276537651532,0.9662776430228591,1.595080073974619,0.6057862917283453,0.5446566737461485,0.9989528241627993
Abca7,18.52135025713331,-0.4811322870452223,0.4977468793710494,-0.9666203988123016,0.33373383327918726,0.9989528241627993
Abca8a,17.946930693750915,-1.158805263810588,0.5763392888952215,-2.0106303459406507,0.044364516268378965,0.9989528241627993
Abca8b,24.228028335307442,-0.6711229352697478,0.4375396560671432,-1.533856248144876,0.125065021561112,0.9989528241627993
Abcb1a,10.162179563579377,0.8688963152771934,0.6518942982359006,1.3328791456353042,0.18257146728300488,0.9989528241627993
Abcb1b,1.434517113897149,-0.4674434643027324,1.5482775319721769,-0.3019119341655166,0.7627191978889515,0.9989528241627993
Abcb4,1.9095934970872126,0.2898239368524022,1.3486307567418034,0.21490236330705992,0.8298434422876253,0.9989528241627993
Abcb8,20.838552893829203,-0.2750099874292642,0.4791246961523422,-0.5739841624482287,0.5659785185711366,0.9989528241627993
Abcc1,27.745633999271703,0.17780748359268042,0.39055575944625887,0.4552678568734487,0.648916547814206,0.9989528241627993
Abcc6,0.422320776720776,2.292715937385947,3.5821300305139703,0.6400426332533171,0.5221448828401631,0.9989528241627993
Abcc8,1.3107500395695642,-0.9994443423103017,1.6839679887412762,-0.5935055470130174,0.552842871816859,0.9989528241627993
Abcc9,0.4885769281531765,1.0392938292721954,2.7772980054445404,0.3742104114267866,0.7082477786055369,0.9989528241627993
Abcd2,4.821210360654295,-0.6022822787105361,0.8816383328096667,-0.6831398503183735,0.49451847637839463,0.9989528241627993
Abcd3,236.66641498059417,-0.25837249092662096,0.21466604910542966,-1.2036020227852873,0.22874343729426594,0.9989528241627993
Abcf1,62.42062079322637,-0.022310600196181987,0.28314369641345577,-0.07879603352922014,0.9371948590247186,0.9989528241627993
Abcg2,9.079512977542144,0.09765382282752708,0.6521479662858255,0.14974181915140258,0.8809683132183608,0.9989528241627993
Abcg8,0.0,,,,,
Abhd17c,44.03507382741419,0.10965267324821631,0.33429138848364753,0.32801524964673195,0.7429001324142055,0.9989528241627993
Abhd4,246.13842600373331,-0.009854669044557899,0.19535177693900913,-0.05044576097014275,0.9597671708021975,0.9989528241627993
Abhd5,136.6234916739471,-0.09579534690229329,0.2301109568234571,-0.416300676094221,0.6771899979065094,0.9989528241627993
Abi1,148.1236707116257,0.1226284793487067,0.22558981558317207,0.543590494241506,0.5867233025434039,0.9989528241627993
Abi3bp,2.085133638391763,-1.0209013529471953,1.4145720549026184,-0.7217033232128115,0.47047689849003227,0.9989528241627993
Abitram,38.16777721915518,0.0963099836337269,0.34211347784320895,0.28151473084572803,0.778315631173125,0.9989528241627993
Abl1,259.9026717078028,-0.269552273678496,0.22911939232809894,-1.1764707951586098,0.23940679615501703,0.9989528241627993
Abracl,2.445910975781224,0.41332289672575134,1.3008378637471067,0.3177359056378948,0.7506852727373605,0.9989528241627993
Abraxas1,9.148970966242265,0.2222929465366489,0.6507184688385396,0.34161155274018457,0.7326432418903293,0.9989528241627993
Abraxas2,37.874551445210066,0.034055386112390625,0.3462226068791989,0.09836268757653062,0.9216443019606426,0.9989528241627993
Acaa2,42.46509665220343,0.2137402845463194,0.33377800229276927,0.6403666001896666,0.5219342915732018,0.9989528241627993
Acaca,219.23994474308094,-0.23579542809553308,0.2279665527319247,-1.0343422105997044,0.3009762102295299,0.9989528241627993
Acacb,3.8006134911256986,-0.2564055517613913,0.9841209558637116,-0.2605427211295968,0.7944451661244608,0.9989528241627993
Acan,0.33957737627553813,-1.9432018914428923,3.8789863832061107,-0.5009561002471917,0.6164020189533028,0.9989528241627993
Ace,6.783656997333572,-0.8717553810583569,0.7574071597870499,-1.1509732510364135,0.24974324020635064,0.9989528241627993
Ace2,0.34124845552893346,0.06638151358308987,3.4550612127406937,0.019212832854684326,0.9846713203552093,0.9989528241627993
Acer1,0.0,,,,,
Ache,2.10012164583959,0.5298742085988856,1.2923565335598275,0.4100062133313429,0.6818013896784523,0.9989528241627993
Ackr1,3.9783449325083855,0.047897682355346805,0.954213925480797,0.050195958239880795,0.9599662323530624,0.9989528241627993
Ackr2,0.0,,,,,
Ackr3,3.719970767552418,-0.382125420275698,1.1565710266740197,-0.33039511751784556,0.741101430258384,0.9989528241627993
Ackr4,0.7672515473812176,-0.634173107358485,2.158244506332186,-0.2938374709157612,0.7688821006804023,0.9989528241627993
Acly,339.03114343916667,-0.21277954941395288,0.20315085108843672,-1.0473967904831691,0.29491661137572134,0.9989528241627993
Acod1,0.0844641553441552,0.792399408974007,4.4542327259096215,0.17789807083153408,0.8588030259342062,0.9989528241627993
Acot6,38.13436835437086,-0.1540744176441538,0.3471706567250043,-0.4438002309803416,0.6571870213972153,0.9989528241627993
Acox1,247.4298168411434,0.09534650489799681,0.21658592035742977,0.44022485275426654,0.6597742613268407,0.9989528241627993
Acp2,57.2518331030574,0.2374038392193946,0.31242195768827047,0.7598820549491347,0.4473250890771273,0.9989528241627993
Acp5,0.14818885007370175,-1.0489721070606506,4.441716510347476,-0.23616367785223408,0.8133056632626426,0.9989528241627993
Acr,0.17145976739116434,1.0513301897027478,4.415151725658759,0.23811870011010441,0.811789031237038,0.9989528241627993
Acsl1,109.13801752654963,-0.17262340806833004,0.26498124527316386,-0.6514551921981347,0.5147526926358923,0.9989528241627993
Acsl4,48.74360369010105,-0.2190343424017098,0.313544968687669,-0.6985739344454164,0.4848183379628058,0.9989528241627993
Acsl6,98.11437589065771,0.024656526687676244,0.26451496807930314,0.09321410756719097,0.925733466968911,0.9989528241627993
Acss1,17.184651248343695,-0.21089487146071928,0.47887094592066093,-0.4404002231859358,0.6596472632974245,0.9989528241627993
Acss2,74.46993740855618,-0.20139357947847605,0.26762617138489186,-0.752518254983508,0.4517394560464276,0.9989528241627993
Actc1,0.17145976739116434,1.0513301897027478,4.415151725658759,0.23811870011010441,0.811789031237038,0.9989528241627993
Actg2,0.7204192317670969,-1.9738185580628114,2.4634963821699505,-0.8012264894516263,0.4230005385843799,0.9989528241627993
Actl6a,36.821561865201694,0.1523999743140846,0.35069295699094155,0.4345681065902362,0.6638759492319428,0.9989528241627993
Actl6b,4.6369249908125285,0.4282674148398766,0.8826129219286137,0.48522676724929614,0.6275154966313213,0.9989528241627993
Actn1,18.859752949260244,-0.31575446570682414,0.5093759006496502,-0.6198849715978234,0.5353335206483998,0.9989528241627993
Actn2,4.204679120049634,-0.7051155547739393,0.9302207383577912,-0.7580088528436252,0.4484456829705068,0.9989528241627993
Actr1a,65.75326278608237,-0.21166144150869987,0.2757850187604688,-0.7674870899805365,0.4427919660500359,0.9989528241627993
Actr1b,52.8535167241459,-0.04769654498917238,0.3091588276655222,-0.15427845081873287,0.8773901876384873,0.9989528241627993
Actr2,319.2387887088869,0.17359265513631167,0.18742673297123585,0.9261894095062349,0.3543475553009773,0.9989528241627993
Acvr1,42.71319224123741,0.09773492927791208,0.33648423313916737,0.2904591646571732,0.7714649866575957,0.9989528241627993
Acvr1b,28.593440066785124,-0.5379445097775064,0.39244169262713413,-1.3707628926384667,0.17044888197184793,0.9989528241627993
Acvr1c,1.7073434604277995,0.6694359814595626,1.4795101725621775,0.45247136104529156,0.6509294483230801,0.9989528241627993
Acvr2a,20.98693002877447,-0.06616255971590533,0.4580460996699448,-0.1444451983404732,0.8851489278966054,0.9989528241627993
Acvr2b,12.131165160488807,-0.2863450426249784,0.5792377056214172,-0.4943480713462568,0.6210603809762139,0.9989528241627993
Acvrl1,3.429094987153258,0.9529205146096115,1.0652896394764921,0.8945177717844871,0.3710449254381446,0.9989528241627993
Ada,29.685561173708738,0.49513179857160894,0.4171078077959523,1.1870595306953011,0.2352041397586495,0.9989528241627993
Adad1,0.0844641553441552,0.792399408974007,4.4542327259096215,0.17789807083153408,0.8588030259342062,0.9989528241627993
Adad2,0.23265300541785697,-0.16790098615632193,3.9558685371806974,-0.0424435201974591,0.9661451354878905,0.9989528241627993
Adam10,234.9098539694644,-0.0037047995152062994,0.2076270140867093,-0.017843533181376384,0.9857636758229348,0.9989528241627993
Adam17,30.89408073209722,-0.06694459898763133,0.3701938027200167,-0.18083662799256145,0.856495812074028,0.9989528241627993
Adam18,5.642125749431514,-0.8547035594487385,0.8514214190766705,-1.0038548952358133,0.3154485600052467,0.9989528241627993
Adam28,0.17145976739116434,1.0513301897027478,4.415151725658759,0.23811870011010441,0.811789031237038,0.9989528241627993
Adamdec1,0.0,,,,,
Adamts1,237.96940195212093,0.9350381578756893,0.675934061107351,1.383327474789272,0.16656447728178603,0.9989528241627993
Adamts13,0.0,,,,,
Adamts14,0.0,,,,,
Adamts18,0.19588154313728123,-1.04897210706065,4.441716510347476,-0.23616367785223397,0.8133056632626428,0.9989528241627993
Adamts20,31.234695610479648,-0.640664224952917,0.39078700871463845,-1.639420478843872,0.10112571952817308,0.9989528241627993
Adamts3,3.931619481104779,0.3287979732557118,0.9635049021143889,0.3412519983387447,0.7329138810189909,0.9989528241627993
Adamts5,1.2854678863739888,0.6919907517655524,1.6806787568767263,0.41173290787080985,0.6805352020022184,0.9989528241627993
Adamts6,20.256653934631007,-0.04540652076941614,0.4606228193699873,-0.09857635978938364,0.9214746407369399,0.9989528241627993
Adar,30.25221950320709,0.038041279233965136,0.38238374832483474,0.09948456073412695,0.9207535458334604,0.9989528241627993
Adarb1,16.952757450915982,0.28140584598910906,0.49233975766558485,0.5715683968391807,0.5676144108796952,0.9989528241627993
Adcy1,14.01922390498516,0.6464189137062349,0.5264709243540912,1.227834024261271,0.21950928036151307,0.9989528241627993
Adcy2,12.360888650421934,-0.18693467956278562,0.5599382601639069,-0.3338487345159545,0.7384937062709483,0.9989528241627993
Adcy3,1.6744090349665015,0.4917159406614297,1.4373682359176434,0.3420946201357433,0.7322796859962069,0.9989528241627993
Adcy8,3.040844196490085,-0.6637956817965291,1.0801191536035053,-0.6145578287191433,0.5388467717064362,0.9989528241627993
Adcyap1,0.5739014609467904,-0.15602148623822976,2.4354779197980663,-0.06406195883359354,0.9489208920518246,0.9989528241627993
Adcyap1r1,28.86599867129225,0.266291723081956,0.39493018839015986,0.6742754312285714,0.5001362209384066,0.9989528241627993
Add2,26.137867406868423,-0.4328964478052013,0.42644080117984395,-1.0151384356456896,0.3100398422402324,0.9989528241627993
Adgra2,1.8566831689301555,-0.6268204213211153,1.3780012098070078,-0.45487653919324417,0.6491980620453612,0.9989528241627993
Adgra3,18.45956373267507,-0.12095498597342201,0.497948111670955,-0.24290680723245575,0.808077592075505,0.9989528241627993
Adgrb1,117.45273324723301,-0.41886765242028023,0.25767893026615707,-1.6255409473627938,0.10404734629129879,0.9989528241627993
Adgre1,1.775425412801365,2.2086008339914884,1.6570029009429803,1.3328889362442278,0.18256825384187114,0.9989528241627993
Adgre5,4.842265644760352,0.37570057669898793,0.9210614795826465,0.40789956482516915,0.6833474122647869,0.9989528241627993
Adgrf1,0.14818885007370175,-1.0489721070606506,4.441716510347476,-0.23616367785223408,0.8133056632626426,0.9989528241627993
Adgrf5,18.34331091155476,-0.3306118887602618,0.4859590623676253,-0.6803286827279204,0.4962963669256062,0.9989528241627993
Adgrg1,120.71831785114784,0.3184450834410383,0.24789933706777684,1.284574163076418,0.19894113211107844,0.9989528241627993
Adgrg2,7.137341223042868,-0.5834434777929096,0.7572709772448443,-0.7704553526079053,0.44102982965199844,0.9989528241627993
Adgrg5,0.42738369012648386,2.219277901059616,3.3453914497534507,0.6633836232298533,0.507084891771217,0.9989528241627993
Adgrg6,0.6035408717863848,1.1453322216353088,2.6685927041427857,0.4291895948966915,0.6677852545687102,0.9989528241627993
Adgrg7,0.0,,,,,
Adgrl1,33.37254777992893,0.23026469746640907,0.37502823050936573,0.6139929710189073,0.5392199720341424,0.9989528241627993
Adgrl2,3.5701861635991516,-0.6349340520409618,1.0504234834556094,-0.6044553097310814,0.5455409727997997,0.9989528241627993
Adgrl3,91.71103894385699,0.3094630882198676,0.3023035090025931,1.0236834141981894,0.3059848318240178,0.9989528241627993
Adgrv1,2.3274112121926387,-0.31946474630479027,1.3015657546029105,-0.24544649025607973,0.8061107356283772,0.9989528241627993
Adh5,296.8672980776808,0.012605789195986187,0.19862813186449904,0.06346426902200165,0.9493968110533285,0.9989528241627993
Adipoq,0.0,,,,,
Adipor1,190.13280605985256,0.19827534804428942,0.20681488616170426,0.9587092676165586,0.3377052283872466,0.9989528241627993
Adm,4.048258045130804,3.414026761815124,1.5010242531217064,2.274464756125634,0.022938057818099947,0.9989528241627993
Adora1,175.21582721429243,0.11291609489566083,0.24985880718051595,0.4519196107987586,0.6513268961810125,0.9989528241627993
Adora2a,6.970104772172562,-0.2988425532819979,0.7435493089552315,-0.401913564685985,0.6877476394329363,0.9989528241627993
Adora2b,2.4317354883055997,-1.3595532732255828,1.263986533747779,-1.075607403185257,0.2821028750741499,0.9989528241627993
Adprhl1,1.2592203096867067,-0.9192791176786834,1.6955956416159144,-0.5421570421132977,0.5877103257116991,0.9989528241627993
Adra1a,4.516345353303964,0.29009020080846337,0.9135513042732386,0.31754122560116105,0.7508329632406838,0.9989528241627993
Adra1b,0.8552622585654551,0.7049779820704014,2.0963683419055683,0.33628535977107277,0.7366556889374987,0.9989528241627993
Adra2a,1.2900105789549556,-2.482840098604555,2.0061625361926656,-1.237606651411474,0.2158619469479759,0.9989528241627993
Adrb1,2.6841318175971813,0.5446945881765316,1.1744037341469042,0.4638052250167629,0.6427872995150238,0.9989528241627993
Adrb2,0.17145976739116434,1.0513301897027478,4.415151725658759,0.23811870011010441,0.811789031237038,0.9989528241627993
Adrb3,0.0,,,,,
Adtrp,0.0,,,,,
Aebp2,131.2522070475944,-0.13140722468368538,0.23516831055269918,-0.5587794731987844,0.5763122331155868,0.9989528241627993
Afap1l2,9.944933622563921,-0.09684892245473892,0.6124410518461226,-0.15813590901981608,0.8743497052890832,0.9989528241627993
Afdn,50.06829985515779,-0.3704825346505038,0.34183018294676326,-1.0838204264373075,0.27844442661139546,0.9989528241627993
Afg3l2,58.60506280731945,0.23896435801216828,0.3270248030103121,0.7307224278172961,0.46494871357476164,0.9989528241627993
Afp,0.0,,,,,
Ager,1.6380509293001524,0.7528384484351259,1.5723703294759817,0.4787920722760151,0.6320865570693295,0.9989528241627993
Agl,51.2740672422756,-0.05205467278466259,0.32112270439299645,-0.16210212505235078,0.8712254327810693,0.9989528241627993
Ago1,48.46337104043377,0.1723205574182417,0.328776272922475,0.5241271089500873,0.6001901345620636,0.9989528241627993
Ago2,19.471443107967293,0.4374436698439902,0.4667251854449228,0.9372617623516096,0.3486239268061069,0.9989528241627993
Ago3,106.1804941823081,-0.19030675767525063,0.24646743704803145,-0.7721375284077131,0.4400329771138951,0.9989528241627993
Agpat3,501.8242880118264,-0.0672436797555033,0.17363236784643052,-0.3872761777629911,0.6985517595933588,0.9989528241627993
Agpat4,754.092939376599,-0.16416319376469826,0.21481246906579857,-0.7642163161134464,0.4447383449288821,0.9989528241627993
Agps,186.18247284981874,-0.31407125110035256,0.2242913763111875,-1.400282330358534,0.16142878995713028,0.9989528241627993
Agr3,0.9998656130382578,2.0366742338466364,2.4614993894250308,0.8274120410496518,0.40800355806090294,0.9989528241627993
Agrn,26.781771421431472,0.11519338825850317,0.3986255410446372,0.2889764362730688,0.7725994097747199,0.9989528241627993
Agrp,0.0,,,,,
Agt,5.035607504683141,-0.8991304752219305,0.8817546354616185,-1.01970598062262,0.3078679244327579,0.9989528241627993
Agtr1a,0.19588154313728123,-1.04897210706065,4.441716510347476,-0.23616367785223397,0.8133056632626428,0.9989528241627993
Agtr1b,0.0,,,,,
Agtr2,0.25592392273531955,1.6399365151295664,3.9421765910468314,0.415997730506052,0.6774116639136933,0.9989528241627993
Agtrap,4.194019475164913,0.378333288014876,0.9212826882422717,0.4106592828056972,0.6813223872502547,0.9989528241627993
Agxt2,0.0,,,,,
Ahi1,143.97524879817124,0.33523778058179526,0.24208988011957225,1.384765775488904,0.1661240991175157,0.9989528241627993
Ahr,2.551422188719799,0.2163513489752704,1.2713933395410348,0.17016869779526445,0.8648774681912875,0.9989528241627993
Aicda,0.14818885007370175,-1.0489721070606506,4.441716510347476,-0.23616367785223408,0.8133056632626426,0.9989528241627993
Aida,64.53296206080925,-0.28071287151536267,0.280910420212029,-0.9992967555403706,0.31765095667301746,0.9989528241627993
Aif1,22.46047257632759,0.3218803351487632,0.4334245579333309,0.7426444331709386,0.45769697979299817,0.9989528241627993
Aif1l,31.691225657141597,-0.3334259886312947,0.41720925116019647,-0.7991816761111766,0.4241850753782358,0.9989528241627993
Aifm1,11.022042724099014,0.6348494241530772,0.6103393197765945,1.0401581605220098,0.29826642627416056,0.9989528241627993
Aim2,1.3601138118865388,-0.25249334829743464,1.6693191144231556,-0.15125529092421935,0.8797743361063969,0.9989528241627993
Aip,214.76040978745564,0.1461329977727497,0.2061304548966977,0.7089345329683782,0.4783651040510435,0.9989528241627993
Aire,0.16978868813776907,-1.0489721070606506,4.441716510347476,-0.23616367785223408,0.8133056632626426,0.9989528241627993
Ajuba,1.9250292389624397,-0.24849703396893094,1.4441615012882545,-0.1720701138669469,0.8633824079741422,0.9989528241627993
Ak4,8.403628722688023,0.8953437883181962,0.7210187491880321,1.2417760139059884,0.2143192149317864,0.9989528241627993
Akap5,12.148430935649422,0.18400593492205325,0.5891782104178527,0.31230947049374735,0.7548053433505291,0.9989528241627993
Akap9,52.8854621732525,-0.40034211432746597,0.3132851098784623,-1.2778842712402676,0.20129023474251173,0.9989528241627993
Akip1,22.379464019037368,-0.17526689440928273,0.4741746586543078,-0.3696251817983788,0.7116617855407765,0.9989528241627993
Akr1b3,84.77750591104582,0.1489609269281166,0.27708459501133964,0.5376008973794462,0.5908526105674216,0.9989528241627993
Akt1,85.92988663231789,-0.01943784254755804,0.26707007791118187,-0.07278180580762171,0.9419797494155507,0.9989528241627993
Akt1s1,97.89077793162988,-0.22605840908490615,0.26441968715265246,-0.8549227613086166,0.39259390888631174,0.9989528241627993
Akt2,44.013358185035806,-0.009292802000234468,0.33107219017095035,-0.02806880878589076,0.9776072712500594,0.9989528241627993
Akt3,16.630338389582857,-0.027536305449961298,0.4888921212224318,-0.05632388875711309,0.955083788562738,0.9989528241627993
Aldh1a2,1.3347744701259712,-2.942886673576986,2.0823885807582783,-1.413226475005624,0.15758914446721417,0.9989528241627993
Aldh1a3,0.0844641553441552,0.792399408974007,4.4542327259096215,0.17789807083153408,0.8588030259342062,0.9989528241627993
Aldh1l1,18.749069834476217,-0.36212477509327373,0.47384579093468604,-0.7642249483296313,0.4447332016369292,0.9989528241627993
Aldh1l2,6.5367705966937875,2.4544180525848867,1.0104886247438132,2.428941793587384,0.015142963218688731,0.9989528241627993
Aldh2,9.095904098229171,0.13794667100120095,0.6332475412843538,0.21784004201803492,0.8275537446535292,0.9989528241627993
Aldh3a1,0.344070393210983,-1.9539272275599722,3.590228627412163,-0.5442347633912002,0.5862799324997358,0.9989528241627993
Aldh4a1,37.115425755853586,0.7838284102569504,0.3793105341768145,2.0664556863890606,0.03878547250673562,0.9989528241627993
Aldh9a1,40.69691571542206,0.12336832254668186,0.3417346215460109,0.3610062158424637,0.7180948004113414,0.9989528241627993
Aldoa,1184.9315472544356,0.2091903180254593,0.18952881585513262,1.1037388540714308,0.269706435988894,0.9989528241627993
Aldoc,459.5920241806588,0.08088508297142827,0.18914321877805473,0.42763934913437635,0.6689137130893125,0.9989528241627993
Alg13,12.721801529494735,1.00184495249477,0.6143620525424244,1.6307077371540424,0.10295200323002308,0.9989528241627993
Alk,1.3331605794375683,0.6187591186932697,1.664211322977766,0.37180321402099753,0.7100393705283614,0.9989528241627993
Alkbh5,68.22840932451548,0.3365753563008207,0.33217295477062125,1.0132533412698799,0.3109391678562201,0.9989528241627993
Alox12,0.2803456984814365,-0.16632470026510202,3.7146320315781236,-0.04477555215460754,0.9642862120979863,0.9989528241627993
Alox12b,0.0,,,,,
Alox12e,0.0,,,,,
Alox15,0.17145976739116434,1.0513301897027478,4.415151725658759,0.23811870011010441,0.811789031237038,0.9989528241627993
Alox5,0.3378566213766208,2.0114954976631876,3.8566635551212376,0.5215636440446396,0.6019741820035962,0.9989528241627993
Alpl,4.511735427478101,-0.751686346092425,0.9527728644071398,-0.7889460060978538,0.43014356495688677,0.9989528241627993
Als2,40.54694310954877,0.08818488513968176,0.33636224417469285,0.26217236526071613,0.7931885577465618,0.9989528241627993
Alx1,0.14818885007370175,-1.0489721070606506,4.441716510347476,-0.23616367785223408,0.8133056632626426,0.9989528241627993
Alx4,0.14818885007370175,-1.0489721070606506,4.441716510347476,-0.23616367785223408,0.8133056632626426,0.9989528241627993
Ambra1,115.77025536227406,-0.09629774120368695,0.24184672016716494,-0.39817675070030206,0.6904999023918461,0.9989528241627993
Amd1,318.5711653997141,-0.07259204692236648,0.19743958616045104,-0.367667134712154,0.713121449298491,0.9989528241627993
Amelx,0.0,,,,,
Amer1,6.116773360590521,0.928223666439202,0.8026352237523865,1.1564701360845828,0.24748890804961698,0.9989528241627993
Amfr,286.8017648991463,-0.07807999999420924,0.1872050984057599,-0.41708265778624154,0.6766179492897032,0.9989528241627993
Amh,0.8184907962848794,0.28304147136417673,2.1452074378093995,0.13194130617652877,0.8950307166054787,0.9989528241627993
Amhr2,0.6487021081471104,1.2476269348144557,2.567312595432837,0.48596611765701697,0.6269911889706199,0.9989528241627993
Amigo3,1.4680532818814485,-0.1175954249059313,1.689482263606852,-0.06960441517443247,0.9445085226654639,0.9989528241627993
Amy1,41.94057838734399,-0.5211088687730657,0.3315509881373575,-1.5717307063406392,0.11601301773828833,0.9989528241627993
Amy2a5,1.7288835781664396,0.8673341882239919,1.55640925760587,0.557266145768215,0.5773456024650827,0.9989528241627993
Anapc11,86.71182627591993,-0.04693830672388699,0.2560275456048638,-0.18333303400224174,0.8545367162454214,0.9989528241627993
Anapc15,5.090999613897531,0.09337098834159926,0.8901546954200018,0.10489299087227083,0.9164607207608432,0.9989528241627993
Anapc16,92.41864311913508,0.2562979290975107,0.2503939053285235,1.0235789435898646,0.306034194965604,0.9989528241627993
Anapc2,174.8148186050961,-0.25183421630908426,0.207512813106555,-1.2135839350786055,0.22490664472123023,0.9989528241627993
Anapc4,113.06506372941176,0.11250168506748673,0.23974410241797894,0.46925736204908614,0.6388856882906421,0.9989528241627993
Anapc5,180.6773095478907,-0.08751852752981062,0.20378769346332082,-0.42945933604946973,0.6675889805569101,0.9989528241627993
Ang,0.17145976739116434,1.0513301897027478,4.415151725658759,0.23811870011010441,0.811789031237038,0.9989528241627993
Angpt1,2.72429511403007,0.2640854392730394,1.1942854012371273,0.22112422960163508,0.8249957046898697,0.9989528241627993
Angpt2,0.23265300541785697,-0.16790098615632193,3.9558685371806974,-0.0424435201974591,0.9661451354878905,0.9989528241627993
Angpt4,0.0,,,,,
Angptl3,0.0,,,,,
Angptl4,0.40244169355562603,-0.9843787307109784,2.999080516060955,-0.32822684334059776,0.7427401530501108,0.9989528241627993
Angptl8,0.0844641553441552,0.792399408974007,4.4542327259096215,0.17789807083153408,0.8588030259342062,0.9989528241627993
Ank,280.43821386357183,-0.09261574372835867,0.1879785415329771,-0.4926931711091666,0.6222294035428853,0.9989528241627993
Ank1,3.6797470372019343,0.6309964871134196,1.0390026591016648,0.6073097903897449,0.5436453422618155,0.9989528241627993
Ank2,322.0438854908029,-0.04913017706434511,0.21209858283501531,-0.231638403272887,0.8168188771228162,0.9989528241627993
Ankle2,123.89218823061732,-0.0355397682475612,0.23086762280493522,-0.1539400276910612,0.8776570227168352,0.9989528241627993
Ankrd11,45.82586907687017,-0.14672482542837628,0.3200656955330434,-0.4584209663082387,0.646650031477062,0.9989528241627993
Ankrd13a,299.4090067189199,-0.16208711033368975,0.2378550797048127,-0.6814532215786439,0.4955847564372047,0.9989528241627993
Ankrd13b,69.0755796185655,-0.03928132118932281,0.28413732725921814,-0.1382476620309957,0.890044687855051,0.9989528241627993
Ankrd13d,10.175431406300602,-0.1090029053902168,0.6057781633215034,-0.17993865079677018,0.857200731451562,0.9989528241627993
Anks6,10.104738299534281,0.46813203203549286,0.6453620730450212,0.7253789021513128,0.46821961258908384,0.9989528241627993
Anln,366.2844797569098,-0.3361330733354241,0.9472082279132533,-0.35486713842841283,0.7226891280399381,0.9989528241627993
Ano1,1.2763742747004165,1.2120908668014299,1.8931972298276802,0.6402348618013534,0.5220199214442539,0.9989528241627993
Ano5,0.19588154313728123,-1.04897210706065,4.441716510347476,-0.23616367785223397,0.8133056632626428,0.9989528241627993
Anp32e,68.27645305092389,0.05517605367493162,0.2802737406173107,0.1968648705847534,0.8439332848834822,0.9989528241627993
Anxa2,139.068815058281,-0.0710725478623583,0.2670037551193374,-0.266185574171391,0.7900962925133936,0.9989528241627993
Anxa6,88.23053840879697,-0.3244959922382317,0.34235809720011945,-0.9478262523715139,0.343217913524935,0.9989528241627993
Anxa8,2.1982410678346285,1.3377607440203005,1.3837196322290077,0.966785982406947,0.3336510333431575,0.9989528241627993
Aox3,1.510042379255502,1.7068457841323594,1.717980834436474,0.9935185247233757,0.3204573274033433,0.9989528241627993
Ap1b1,87.58346744148855,-0.07906422164969872,0.27172923164084956,-0.2909669348868569,0.7710766080563177,0.9989528241627993
Ap1g1,143.26790212031062,-0.0850855659899505,0.21641349793935194,-0.393162010688423,0.6941998261448481,0.9989528241627993
Ap1s1,29.5968298326938,0.156090005554877,0.3812098508223016,0.40945952791665213,0.6822024619547007,0.9989528241627993
Ap2a1,46.428936180512096,-0.06703030557654736,0.32805514982691286,-0.20432633236184106,0.8380984937653794,0.9989528241627993
Ap2a2,85.71983424828404,-0.013321462671092535,0.26277715886448544,-0.050694903349504716,0.959568637966964,0.9989528241627993
Ap2b1,282.676329528204,-0.1336030381839311,0.18545619130756252,-0.7204021458758548,0.4712774291781634,0.9989528241627993
Ap3b1,61.899761476175485,0.09123627755097767,0.28840877562551975,0.31634362495766116,0.7517417020492322,0.9989528241627993
Ap3b2,29.073093638204753,-0.06721465591093802,0.4240624147860855,-0.1585017996580618,0.8740614026673874,0.9989528241627993
Ap3m2,55.21656455745508,0.12672158195668567,0.30095707728828874,0.42106197700510706,0.6737098257136755,0.9989528241627993
Ap3s2,51.763853237367094,-0.017886199812188728,0.3213189445443813,-0.05566494013464011,0.9556087298962703,0.9989528241627993
Ap4s1,47.2264002243518,0.09471683771694109,0.3274672553264318,0.28924063757924057,0.7723972358970717,0.9989528241627993
Ap5z1,27.346524697376466,-0.04487055585714234,0.44221702777517036,-0.10146727294263122,0.9191795358543605,0.9989528241627993
Apaf1,16.89685320157655,0.37109964445923843,0.5059762757534116,0.7334328944705195,0.46329444250403606,0.9989528241627993
Apba1,38.638524106978586,-0.2979692843504784,0.3426224868376584,-0.8696722947191216,0.384479517021762,0.9989528241627993
Apba3,67.86428520031454,0.011251563534387608,0.28625304789801703,0.03930635365111007,0.9686461410516132,0.9989528241627993
Apc,187.99209405078702,-0.17353653168449,0.21177963102967298,-0.8194203136569606,0.41254664907582106,0.9989528241627993
Apc2,33.90047416794774,-0.06809852213252748,0.363697703872684,-0.1872393512727978,0.8514729725366912,0.9989528241627993
Apcs,0.19588154313728123,-1.04897210706065,4.441716510347476,-0.23616367785223397,0.8133056632626428,0.9989528241627993
Apex1,0.7428297716351008,0.5349426583818998,2.1753099481284512,0.24591560335672755,0.8057475649389697,0.9989528241627993
Aph1c,1.9511220939619518,-0.27107310435420684,1.4094872511438095,-0.19232036624256726,0.8474912662135037,0.9989528241627993
Apip,49.982027925634505,0.41649859287679786,0.344415379460539,1.2092915058821225,0.22655087301196009,0.9989528241627993
Apln,57.604310415047706,-0.2535786585588367,0.3681107357380021,-0.6888651537164565,0.49090812987792043,0.9989528241627993
Aplnr,0.5722303816933951,-1.5877526093458239,2.663477892912776,-0.5961200630088428,0.551095022064432,0.9989528241627993
Aplp1,9025.324108562192,-0.185332828671626,0.2508804055012955,-0.7387297876105713,0.4600710941199846,0.9989528241627993
Aplp2,337.73350243595047,-0.0016689317737093026,0.17955988873434464,-0.009294568990173826,0.9925841136787599,0.9989528241627993
Apmap,59.52876649974445,0.2361920533942472,0.3142565479966343,0.7515899188098281,0.45229770771533784,0.9989528241627993
Apoa1,0.42738369012648386,2.219277901059616,3.3453914497534507,0.6633836232298533,0.507084891771217,0.9989528241627993
Apoa4,3.5802133527116915,0.3574640215090925,1.0254836659198432,0.3485809022501131,0.727403967284618,0.9989528241627993
Apob,0.17145976739116434,1.0513301897027478,4.415151725658759,0.23811870011010441,0.811789031237038,0.9989528241627993
Apobec1,2.530270085083131,-1.559759147602329,1.2770406489967054,-1.2213856691466622,0.22194003060536316,0.9989528241627993
Apobec3,6.960804231405266,0.755281228720869,0.7875977040873294,0.95896829663323,0.33757471669337225,0.9989528241627993
Apod,1693.0440714539845,-0.18322315829528918,0.28423613379715473,-0.644615995326078,0.5191760666648713,0.9989528241627993
App,1219.332437504853,0.17752376816716972,0.2199241537781809,0.8072045071785207,0.41954866943513625,0.9989528241627993
Appbp2,220.81656207091098,-0.19765421569448421,0.21266033312967897,-0.9294362177734192,0.3526630655158466,0.9989528241627993
Appl1,165.78809037104813,-0.01967279523041331,0.2117813311117316,-0.09289201804116688,0.9259893470099212,0.9989528241627993
Appl2,229.4971776336606,-0.016327287018434417,0.20066600951499944,-0.08136548415896006,0.9351512977201238,0.9989528241627993
Aqp2,0.43208110439522046,0.05616018437093,3.238048031530516,0.01734383919696984,0.9861623122327801,0.9989528241627993
Aqp3,0.0844641553441552,0.792399408974007,4.4542327259096215,0.17789807083153408,0.8588030259342062,0.9989528241627993
Aqp4,49.68676816710354,0.05718247601659369,0.31166812259120746,0.18347232800447738,0.8544274292728666,0.9989528241627993
Aqp5,0.4885769281531765,1.0392938292721954,2.7772980054445404,0.3742104114267866,0.7082477786055369,0.9989528241627993
Aqp6,0.23265300541785697,-0.16790098615632193,3.9558685371806974,-0.0424435201974591,0.9661451354878905,0.9989528241627993
Ar,3.0020514536514913,-0.7738143802440899,1.0987711875968396,-0.7042543424682678,0.48127439431213215,0.9989528241627993
Araf,128.5433584718006,0.1795648277157258,0.23019142479089372,0.7800674064155204,0.43535120012024786,0.9989528241627993
Arap1,58.75428409115267,-0.06046925374064345,0.29666423341779247,-0.20383061700425667,0.8384858661683012,0.9989528241627993
Arc,176.03851755983388,-0.07915964123068905,0.21074563789415035,-0.37561698558357814,0.7072016612983187,0.9989528241627993
Arf2,34.84788365698022,0.1345494804250512,0.36081463559832744,0.3729047193496796,0.7092193594343517,0.9989528241627993
Arf6,11.205669274848125,0.8401312841225616,0.5983127873071725,1.4041673551784544,0.16026902034793833,0.9989528241627993
Arfip2,97.48034611161536,0.08779728837618457,0.24766802165712481,0.35449586017904405,0.7229673059683336,0.9989528241627993
Arg1,0.2533924660324656,1.6868137779272252,4.265889393319508,0.39541901404401597,0.692533678855827,0.9989528241627993
Arg2,0.40244169355562603,-0.9843787307109784,2.999080516060955,-0.32822684334059776,0.7427401530501108,0.9989528241627993
Arhgap17,50.08185718844143,-0.1538363937835827,0.30860675921086483,-0.4984867932800829,0.6181409754620488,0.9989528241627993
Arhgap31,50.59999839169194,0.09390856087716994,0.30883183859614205,0.30407668232670054,0.7610694710426364,0.9989528241627993
Arhgap35,142.65916348518246,0.03003273283250814,0.21949763957626153,0.13682485556785984,0.8911692365071137,0.9989528241627993
Arhgap44,33.8588878761083,-0.141256562948853,0.3885758359647041,-0.3635237960645703,0.7162136403103263,0.9989528241627993
Arhgef1,57.580702397219,0.0324475817368207,0.29081003039323516,0.11157655632766474,0.9111591612703703,0.9989528241627993
Arhgef11,46.304433092934936,-0.06515690313770663,0.3134263294401702,-0.20788586349489951,0.8353180873432005,0.9989528241627993
Arhgef12,229.9313327217328,0.19136708084148762,0.21864447583293695,0.8752431549549342,0.38144161673802224,0.9989528241627993
Arhgef15,1.7158779115158138,0.0666877655372794,1.4891105735748063,0.044783622331810206,0.9642797794808062,0.9989528241627993
Arhgef28,124.6210423138548,-0.7092382264783557,0.26504476063031057,-2.675918681779243,0.0074524724738238785,0.9989528241627993
Arhgef3,28.739207988930477,-0.37905088048606816,0.40282563886045086,-0.9409800268879636,0.3467150947063554,0.9989528241627993
Arhgef6,2.589713673129995,1.0843854956756314,1.1883931865240946,0.9124804046103016,0.3615158802495547,0.9989528241627993
Arhgef7,50.352022414265015,-0.00840820716640311,0.3310868319188315,-0.02539577644230939,0.979739279933727,0.9989528241627993
Arid1a,105.2173911742009,-0.16149897719328313,0.24839434891853412,-0.6501717043742002,0.5155813162675412,0.9989528241627993
Arid1b,51.88989362447861,0.031120715576361545,0.313319198568909,0.09932591337685646,0.9208795042476074,0.9989528241627993
Arid2,77.44474698374599,0.10351609273391549,0.2622404826681307,0.3947372719905975,0.6930367927765331,0.9989528241627993
Arid3a,1.8799540862476178,-0.14682424698705973,1.3710349217715605,-0.10709008549347755,0.9147175125650069,0.9989528241627993
Arid3b,6.976820935238884,0.31696257044016546,0.73014313119285,0.4341101859334581,0.6642084291042701,0.9989528241627993
Arid5b,148.34292147366972,0.21307736267997557,0.3437758571089611,0.6198147958145876,0.5353797264326942,0.9989528241627993
Arl13b,53.50004441863567,-0.12740258707357224,0.30295527142574175,-0.42053266303636594,0.6740963733902081,0.9989528241627993
Armc12,0.0,,,,,
Arnt,81.16536975963454,0.06567988527062128,0.27867897834154903,0.23568295556948685,0.8136786968496527,0.9989528241627993
Arnt2,161.1912051255303,0.2384874704122452,0.23576312206633115,1.0115554473576558,0.31175065716187944,0.9989528241627993
Arntl,11.193227448315179,-0.10304010687714939,0.6230615837894963,-0.16537708239120372,0.8686471908973418,0.9989528241627993
Arr3,0.0,,,,,
Arrb1,26.394639141570988,0.3646194736918106,0.4116376303486373,0.8857777977756682,0.3757372760945573,0.9989528241627993
Arrb2,25.589898401280397,0.0720889336652957,0.396766776257875,0.18169095292001503,0.855825266322312,0.9989528241627993
Arrdc2,180.0868637640328,0.09058039407113064,0.7634814274052986,0.11864125415462859,0.9055595800655207,0.9989528241627993
Arrdc3,501.31950800885846,-0.5519237058282437,0.2688956897274186,-2.0525569092897413,0.040115570343061124,0.9989528241627993
Arx,22.848051733280958,0.9086344865227822,0.4875309229762949,1.8637473926283903,0.062357186583749516,0.9989528241627993
Asap1,71.28565343384018,-0.028422709565348744,0.2857294095566637,-0.09947421796534447,0.9207617574366735,0.9989528241627993
Asap2,34.19498561060086,-0.31151464081399827,0.36235694626203885,-0.8596899936029543,0.38995995212210943,0.9989528241627993
Asb9,0.0,,,,,
Ascc2,36.55868891178639,-0.21450281270316568,0.35155358338333853,-0.6101568092089935,0.5417579375102739,0.9989528241627993
Ascl1,10.28346873902171,-0.45692890000493663,0.6942770377254648,-0.6581362700715132,0.510450571480658,0.9989528241627993
Ascl2,1.5146240115972853,-2.4073927033981466,1.749438375559113,-1.3760946010051678,0.16879234685533673,0.9989528241627993
Asf1a,105.99156696994669,-0.13966840893225613,0.24396976712055496,-0.5724824455943368,0.5669951751675113,0.9989528241627993
Ash1l,96.39833559872274,-0.042276490482404054,0.24849603641059892,-0.17012943583755635,0.8649083445051298,0.9989528241627993
Ash2l,135.8003899041482,-0.028952879635125325,0.23334463511091194,-0.12407776001091098,0.9012537070098735,0.9989528241627993
Asic1,11.733804209931677,-0.5569433861574851,0.5778500007037368,-0.9638199973681915,0.335136179056154,0.9989528241627993
Asic3,0.647687009009882,-0.354871425928427,2.4836502782659036,-0.14288300934872358,0.8863825774563849,0.9989528241627993
Asna1,199.3427788797499,0.011235326978174252,0.21585430294567307,0.05205051196501743,0.958488445203747,0.9989528241627993
Aspa,775.0766972811861,-0.4858178789819186,0.21447490907639896,-2.2651501803824683,0.023503465155204153,0.9989528241627993
Asxl3,12.585808575467977,-0.3519619105047202,0.5831376252840049,-0.6035657711733221,0.5461323754648616,0.9989528241627993
Atad3a,28.03308666724604,0.0753667749604264,0.4452251990620778,0.16927787357767682,0.8655780791410338,0.9989528241627993
Atf1,34.26185312443563,0.15885673708021322,0.3798982865740886,0.4181559714648322,0.6758330843123761,0.9989528241627993
Atf2,40.0107098904923,-0.04606874754387064,0.3368135446863701,-0.13677819158599566,0.8912061222062868,0.9989528241627993
Atf4,346.68123522444597,0.689117794509467,0.3035979212131383,2.2698369993965732,0.023217474758995382,0.9989528241627993
Atf5,142.2459688691583,1.699650502432112,0.3877744242976668,4.383090776320543,1.1700732889337802e-05,0.03405099235062826
Atf6,19.672961426920498,0.028607946124153846,0.48327591590325747,0.05919588620650528,0.9527960862302659,0.9989528241627993
Atf6b,64.55371138129867,-0.21184034803557006,0.33294360371747056,-0.6362649579997147,0.524603740729755,0.9989528241627993
Atg101,72.04761725735925,0.036991979217543665,0.2794819919596903,0.13235907958921025,0.8947002796077106,0.9989528241627993
Atg13,158.93590756209048,-0.06200594380000824,0.2123972521899728,-0.2919338322915249,0.7703372152318136,0.9989528241627993
Atg14,38.32801818107607,0.2156086592968792,0.34683610655941854,0.6216442152914723,0.5341758403907186,0.9989528241627993
Atg16l1,60.3382094395987,-0.28946907813636036,0.28849653345839477,-1.0033710792511337,0.3156818526778281,0.9989528241627993
Atg3,108.39053788295672,-0.0554833873397543,0.24758059872146804,-0.22410232314759834,0.8226776848432727,0.9989528241627993
Atg5,63.36900929715903,-0.08895470517741531,0.29509889930266137,-0.30144031505241564,0.7630787561023714,0.9989528241627993
Atg7,55.069144400617226,-0.25951845628983344,0.311612411750272,-0.8328245169445081,0.40494370550943226,0.9989528241627993
Atg9a,66.86633114784907,-0.3283192054788557,0.2921351460163741,-1.1238606855624742,0.26107213194610057,0.9989528241627993
Atl1,98.31758059203487,-0.6312128407278211,0.27325418541852187,-2.309984162771532,0.020889030938547295,0.9989528241627993
Atm,16.95001234955998,0.2648359755407147,0.4885197657694048,0.5421192633293056,0.5877363491975958,0.9989528241627993
Atn1,124.06485379107521,-0.0067580641791404085,0.22507009598944397,-0.030026486412736808,0.9760459295881313,0.9989528241627993
Atoh1,0.19588154313728123,-1.04897210706065,4.441716510347476,-0.23616367785223397,0.8133056632626428,0.9989528241627993
Atoh7,0.16978868813776907,-1.0489721070606506,4.441716510347476,-0.23616367785223408,0.8133056632626426,0.9989528241627993
Atp1b2,457.3868430525549,-0.20211069568267256,0.22902315456261987,-0.8824902271067581,0.3775117623839013,0.9989528241627993
Atp2a2,398.9265416770401,0.22141448489269455,0.1827458888238186,1.2115976250834048,0.2256664441184172,0.9989528241627993
Atp2a3,1.8879936590231452,0.31437046449994205,1.410652431027713,0.2228546575933743,0.8236486269027422,0.9989528241627993
Atp2b2,40.81760392331407,-0.20079236279749682,0.34262509094298743,-0.5860410346623112,0.5578479396716645,0.9989528241627993
Atp2b3,9.120723219164999,0.15594899621790156,0.6533465893849593,0.2386926001476601,0.8113439551552072,0.9989528241627993
Atp2b4,9.36565512530376,0.5043762314156337,0.6438840912737086,0.7833338923126592,0.4334310655357093,0.9989528241627993
Atp4a,1.0520041791521952,-1.1710452401050906,1.9053133698910565,-0.6146208065353835,0.5388051704165449,0.9989528241627993
Atp4b,0.0844641553441552,0.792399408974007,4.4542327259096215,0.17789807083153408,0.8588030259342062,0.9989528241627993
Atp5f1,429.45911884031375,-0.10902492188493994,0.1847304725664197,-0.590183743755325,0.5550674695204252,0.9989528241627993
Atp5o,478.75568452524095,0.08763568025159023,0.17406701730872617,0.5034594238847623,0.6146413013802488,0.9989528241627993
Atp6ap2,218.86412002128785,0.4472703878860256,0.2588213013930257,1.7281050109814409,0.08396939928213264,0.9989528241627993
Atp6v0a1,174.94972925521913,0.04376452567103329,0.22172289482046115,0.19738388183354438,0.8435271419365712,0.9989528241627993
Atp6v0d2,0.6858390695646573,2.8718410398911947,3.1507774550256222,0.91147060713872,0.36204746574677393,0.9989528241627993
Atp6v1a,345.6643430866779,0.1253024436197177,0.19310014061295355,0.6488987694259203,0.5164038101891519,0.9989528241627993
Atp6v1b2,209.41892122161235,-0.0333445951683834,0.20249959053718394,-0.16466500045717627,0.869207666456099,0.9989528241627993
Atp7a,56.80086038035702,-0.0041864989810609645,0.2935359254411474,-0.014262305286036744,0.9886207125952878,0.9989528241627993
Atp7b,3.9134504169538413,-0.5339491217274619,1.0048590727885882,-0.5313671699711062,0.5951643670317217,0.9989528241627993
Atr,21.223004182636945,0.14889597371922692,0.4344333527955481,0.3427360555102222,0.7317970354243359,0.9989528241627993
Atraid,110.03080800059804,0.05169895610283193,0.26144907871879713,0.19774005843194037,0.8432484463922434,0.9989528241627993
Atrx,78.2777803065858,-0.2092699513805683,0.29270645537575535,-0.714948193103301,0.4746410561477673,0.9989528241627993
Atxn1,18.072090776954877,-0.08212650824948832,0.5170129510380894,-0.15884806770234638,0.8737885770178454,0.9989528241627993
Atxn10,453.3252519474225,-0.03729712733673617,0.1813996004716888,-0.20560754951914664,0.8370974798630811,0.9989528241627993
Atxn3,43.700751904618635,-0.45993468944967897,0.33555730350276036,-1.3706591531419179,0.17048123369254387,0.9989528241627993
Aurka,3.0523335055750853,0.14252263437252255,1.0703445756373897,0.13315584309627618,0.8940701318956727,0.9989528241627993
Aurkb,2.9501065489861404,0.06507482473991821,1.143755425475493,0.05689575174068765,0.9546282384528506,0.9989528241627993
Avil,0.6268117891038475,2.6636538552582096,3.0439825646660603,0.875055555894889,0.3815436779219624,0.9989528241627993
Avpr1b,0.0,,,,,
Avpr2,0.17145976739116434,1.0513301897027478,4.415151725658759,0.23811870011010441,0.811789031237038,0.9989528241627993
Axin1,18.122085878080565,-0.48512686329835636,0.46739123311203035,-1.0379460052518248,0.2992951936095478,0.9989528241627993
Axin2,37.776508988805745,0.050555565362562595,0.3550945049249519,0.1423721422364656,0.8867860654881059,0.9989528241627993
Axl,15.615517394948677,0.46701402402770564,0.5864163417076899,0.7963864422122422,0.42580745603924275,0.9989528241627993
Azi2,52.55212271793295,0.7022970913516324,0.3110931868399896,2.2575135716902026,0.023976002420134965,0.9989528241627993
Azin2,0.6487021081471104,1.2476269348144557,2.567312595432837,0.48596611765701697,0.6269911889706199,0.9989528241627993
B2m,855.0932779702949,1.1483064574631934,0.5681730624565948,2.021050509677969,0.04327453671002639,0.9989528241627993
B3glct,5.391951551302678,1.4040745636354641,1.0161877172237066,1.3817078673923462,0.16706141775305472,0.9989528241627993
B3gnt2,39.342090044247904,-0.12415957477950909,0.3804609129486771,-0.32633989604145697,0.7441672062952849,0.9989528241627993
B3gnt6,0.33957737627553813,-1.9432018914428923,3.8789863832061107,-0.5009561002471917,0.6164020189533028,0.9989528241627993
B4galnt1,14.87107605820676,0.1376301581880426,0.5208509476801526,0.26424096721152435,0.7915942452608761,0.9989528241627993
B4galnt2,0.0844641553441552,0.792399408974007,4.4542327259096215,0.17789807083153408,0.8588030259342062,0.9989528241627993
B9d2,5.4872021931065404,-0.5279793475601314,0.8295906084089031,-0.6364336122039267,0.5244938387439833,0.9989528241627993
Babam2,68.87537195024477,-0.034162007664371635,0.27638457917026965,-0.12360316109867246,0.9016294894879848,0.9989528241627993
Bace1,79.49631983222856,0.01513850224470046,0.2625224517724246,0.05766555257461834,0.9540150330791416,0.9989528241627993
Bace2,3.772645159539499,-0.2102495636989607,0.9762065881239786,-0.21537404710923638,0.8294757026191169,0.9989528241627993
Bach1,58.03321416739354,-0.41048868426870094,0.31784779653125383,-1.2914630485045309,0.1965431603240586,0.9989528241627993
Bach2,42.17064107070363,-0.16502525433984144,0.35113494652328975,-0.4699767310938838,0.6383716421411264,0.9989528241627993
Bad,36.93302331388653,0.1142912319102707,0.3801500895728211,0.3006476521910097,0.763683190337223,0.9989528241627993
Bag2,6.658187416911246,0.48448044400788515,0.7496196630906579,0.6463016751860374,0.5180840032100672,0.9989528241627993
Baiap2,55.02751360305933,0.247325944684097,0.31885171217627123,0.7756770161151509,0.43793971387587494,0.9989528241627993
Bak1,15.390886634286792,-0.13896452700725687,0.4976899635224418,-0.2792190664720742,0.7800767123670176,0.9989528241627993
Banp,38.6978100226168,0.5454055586345933,0.3530551059358072,1.544817082276554,0.12239051418705704,0.9989528241627993
Bap1,53.565497800394986,0.18075562121126582,0.3133085839296663,0.5769252120198631,0.5639899782302313,0.9989528241627993
Bard1,2.5826205614498305,0.3293799143302006,1.2134743653402917,0.27143541201864063,0.7860561691327966,0.9989528241627993
Barhl1,0.0,,,,,
Barhl2,0.0,,,,,
Barx1,0.0,,,,,
Batf,1.1127025388664002,0.2576289122563976,1.8035507877922565,0.14284538810895567,0.8864122900901902,0.9989528241627993
Batf3,1.6887699573790733,-0.49826446477165903,1.4228568326100548,-0.3501859451717672,0.7261991539289014,0.9989528241627993
Bax,80.04361481862541,0.5482739482479103,0.31542818690422797,1.7381894548770314,0.0821774365801725,0.9989528241627993
Baz1a,7.493158958668476,1.629989061093269,0.76738334044542,2.1240871089893067,0.033662860243058555,0.9989528241627993
Baz1b,145.27004568022087,-0.16923623028850573,0.22577266498981294,-0.7495868921782086,0.45350354775160384,0.9989528241627993
Bbc3,5.710171589591515,1.9224647792834857,1.0179680220014244,1.8885316019099816,0.05895461953929754,0.9989528241627993
Bbox1,7.602785944141835,-0.29294668926678485,0.7245588210575249,-0.4043104310554339,0.6859844558829776,0.9989528241627993
Bbs1,26.169631816284,0.03224453465054149,0.40660883686007476,0.07930111627563499,0.9367931184401349,0.9989528241627993
Bbs2,37.83492632261928,-0.0741620236297542,0.3397301862701305,-0.21829683268352715,0.8271978421093883,0.9989528241627993
Bbs4,30.87449853825463,0.12648919464724953,0.3753070123618939,0.3370285938736496,0.7360953450166965,0.9989528241627993
Bbs5,9.481084248968406,-0.14677860346550162,0.6301849112585406,-0.2329135478226073,0.8158285380895496,0.9989528241627993
Bbs7,23.34192737078702,0.03046368264903153,0.4237396349023537,0.07189245503562951,0.9426874945230497,0.9989528241627993
Bbs9,102.17071730123286,0.16573023627483763,0.2390287300688985,0.693348603856394,0.4880908080664431,0.9989528241627993
Bcam,10.304149990263104,-0.4351589878514594,0.6807266066173081,-0.6392566172987825,0.5226560056538387,0.9989528241627993
Bcar1,103.0188861279954,-0.5947117605145822,0.30603199849319873,-1.9432992740718225,0.051980009175360664,0.9989528241627993
Bcl10,57.46896745737411,0.24375033920816344,0.29844648713881305,0.8167304683160521,0.41408247542259624,0.9989528241627993
Bcl11a,7.698739408570991,0.061094253117152504,0.7228759239409797,0.08451554560577763,0.9326465434553883,0.9989528241627993
Bcl11b,6.735903870352398,-0.4727319630289805,0.7826285735533961,-0.6040310550924801,0.545822995501041,0.9989528241627993
Bcl2,11.580557098007878,0.8108566152469583,0.6137768048458754,1.3210936106498377,0.1864701532228522,0.9989528241627993
Bcl2a1a,6.962543948700525,1.2514101189213591,0.794454388712397,1.5751818313315231,0.11521447969821583,0.9989528241627993
Bcl2l1,296.2130856459425,0.6572780995511258,0.3166057350526029,2.0760145088399025,0.03789260912442979,0.9989528241627993
Bcl2l11,11.140355919947092,0.5581883326134717,0.6029213634660943,0.9258061937041676,0.35454670782122455,0.9989528241627993
Bcl2l12,13.096373439555068,-0.33661648850284165,0.5644696477963227,-0.5963411669998292,0.5509473348958046,0.9989528241627993
Bcl2l2,77.47435444991528,0.513446268751388,0.2811137947736466,1.8264712664307914,0.06777930555740647,0.9989528241627993
Bcl3,1.0169037961250147,-0.5115416418256403,2.0247559908555495,-0.2526435995922112,0.8005436350826279,0.9989528241627993
Bcl6,94.68654064892304,0.5337501326475785,0.26512805151344254,2.0131786493384927,0.044095838519816855,0.9989528241627993
Bcl7a,45.94331333356458,0.31719600274297405,0.3361061091874095,0.9437376889990079,0.3453037093237591,0.9989528241627993
Bcl7b,146.87884979127833,-0.22623536586020893,0.22034967697696076,-1.0267106762487497,0.3045567205649242,0.9989528241627993
Bcl7c,59.26265718181586,0.2706070805496655,0.28981791827259723,0.9337141132010257,0.3504513829491871,0.9989528241627993
Bclaf1,85.90533336248608,0.03980788800587537,0.26890818938301797,0.1480352387080901,0.8823149581445849,0.9989528241627993
Bco1,0.23265300541785697,-0.16790098615632193,3.9558685371806974,-0.0424435201974591,0.9661451354878905,0.9989528241627993
Bcor,24.58485509133033,-0.3845260486524248,0.41663745712111405,-0.922927216648803,0.35604513608740884,0.9989528241627993
Bcr,91.60777360846731,0.20752248265393425,0.2532773111921349,0.8193488855245652,0.41258738885086954,0.9989528241627993
Bdh1,46.342062205141325,-0.31369835960259335,0.3389502133787475,-0.9254998144876889,0.3547059801519614,0.9989528241627993
Bdkrb1,0.0,,,,,
Bdkrb2,0.0844641553441552,0.792399408974007,4.4542327259096215,0.17789807083153408,0.8588030259342062,0.9989528241627993
Bdnf,1.0869001648460836,-0.4535057025829845,1.7637808111819784,-0.25712134960753574,0.7970850968633625,0.9989528241627993
Becn1,74.77437523300641,0.24698550829010252,0.27974993391168573,0.882879594774358,0.37730132958056173,0.9989528241627993
Bex3,79.5067797043142,0.29717049914860016,0.2758948521163242,1.077115056221874,0.2814288674961023,0.9989528241627993
Bfsp1,3.6572106707270726,-2.2058879958541113,1.11843719989425,-1.9722949094170703,0.04857595042535437,0.9989528241627993
Bglap,0.5632228536657268,-1.00110303505028,2.859298757638602,-0.3501218724961281,0.7262472366442003,0.9989528241627993
Bglap2,0.0,,,,,
Bhlha15,0.5093163887677852,2.540158563151883,3.1582024714017436,0.8043051660410022,0.4212207548743412,0.9989528241627993
Bhlhe22,7.128276618445546,0.5232772683398922,0.7497485762038606,0.6979369950782145,0.48521659704658715,0.9989528241627993
Bhlhe40,20.081171695483615,0.2383110167159823,0.4624578915052301,0.5153139801340965,0.606333631313841,0.9989528241627993
Bhmt,1.4056884048614913,0.3660199078634686,1.6583590835543112,0.2207120951627612,0.8253166131230212,0.9989528241627993
Bicd2,201.9588347052949,-0.020558287065421805,0.20683213579856294,-0.09939600046215179,0.9208238582089658,0.9989528241627993
Bid,4.284309388241457,0.9537019956492928,1.0125633252955244,0.9418689891527995,0.3462597187391421,0.9989528241627993
Bin1,1700.040172503251,-0.05725531026408228,0.19554845256445616,-0.2927934714554181,0.7696800187117461,0.9989528241627993
Birc2,22.781470069438488,0.19406919837067962,0.4313674443526603,0.4498930109617179,0.6527875872987721,0.9989528241627993
Birc3,0.8884871650059486,0.059786547006298305,2.1266605396560885,0.028112877392254924,0.9775721234596453,0.9989528241627993
Birc5,5.618498664064817,-0.2840623428885064,0.8381985726579667,-0.33889623790187506,0.7346878986429606,0.9989528241627993
Blk,0.23265300541785697,-0.16790098615632193,3.9558685371806974,-0.0424435201974591,0.9661451354878905,0.9989528241627993
Blmh,89.26777457700234,-0.044552269729221446,0.2734079062740106,-0.16295165101981712,0.8705565026398407,0.9989528241627993
Blnk,6.924188204404627,0.605441282247645,0.7556181546019461,0.801252958998301,0.4229852177903961,0.9989528241627993
Bloc1s5,12.286683242204132,0.12056688819943089,0.5663427342736056,0.21288679257812085,0.8314152642562036,0.9989528241627993
Bloc1s6,3.7972966751311623,0.5506583849495008,1.0154278935599546,0.5422919622770712,0.5876173918416502,0.9989528241627993
Bmf,10.54490897611388,-0.5809198322332816,0.615700315042837,-0.9435106951226173,0.34541974739992576,0.9989528241627993
Bmi1,194.30811661142022,0.3808285681338676,0.23272447479815386,1.6363924269854604,0.10175748311752827,0.9989528241627993
Bmp1,191.81498271712675,-0.30555401288613904,0.26367719659311684,-1.1588184978985603,0.246530175830318,0.9989528241627993
Bmp10,0.14818885007370175,-1.0489721070606506,4.441716510347476,-0.23616367785223408,0.8133056632626426,0.9989528241627993
Bmp15,0.0,,,,,
Bmp2,2.2418822820657334,0.47727497615965664,1.328516776681672,0.3592540075796253,0.7194050773838649,0.9989528241627993
Bmp3,0.0,,,,,
Bmp4,5.272015429214329,-2.892085876087355,1.11035326730656,-2.6046538171611218,0.009196712981754562,0.9989528241627993
Bmp5,0.6625681522471948,1.4916160668118996,2.7261188237430543,0.5471573923413433,0.5842706055213946,0.9989528241627993
Bmp6,13.188827492029228,-0.004137600104865629,0.5433218082428007,-0.007615376452948508,0.9939238674333775,0.9991028666102234
Bmp7,2.7028021401765163,1.119380218069449,1.1720726183007977,0.9550433996933235,0.3395557500189531,0.9989528241627993
Bmp8b,0.0,,,,,
Bmpr1a,17.812676337593633,0.03683764763808707,0.47734313282558916,0.07717225849679657,0.9384865103281637,0.9989528241627993
Bmpr1b,33.18871298349105,0.027536683161697145,0.3761944788748766,0.07319799919460254,0.9416485585302072,0.9989528241627993
Bmpr2,168.1929433289504,-0.07040421928569392,0.2093814993756157,-0.3362485200251321,0.736683467045679,0.9989528241627993
Bnc1,0.0,,,,,
Bnc2,0.5388010779196098,0.9565786226575762,2.9210707628198525,0.3274753336458526,0.7433083962908982,0.9989528241627993
Bnip3,146.02442642244662,0.11825878368722036,0.25990491283954215,0.4550078811331664,0.6491035689666773,0.9989528241627993
Boc,1.5950656951852145,2.044601092188224,1.7012366913607604,1.201832233322465,0.22942853422399656,0.9989528241627993
Borcs8,25.32931782220542,-0.13082594077819523,0.41056083490482814,-0.3186517798477342,0.7499905839308286,0.9989528241627993
Bpifb1,0.0844641553441552,0.792399408974007,4.4542327259096215,0.17789807083153408,0.8588030259342062,0.9989528241627993
Braf,50.75355313495465,0.04555017528107365,0.321455591919377,0.14169974461821747,0.8873171766711816,0.9989528241627993
Brca1,3.3662442671217327,-1.2561652979525917,1.172394434526912,-1.0714527986133637,0.28396588342260665,0.9989528241627993
Brca2,5.19954154000761,-0.3208036713233375,0.8519724846430262,-0.37654229110198695,0.7065137811342095,0.9989528241627993
Brcc3,25.39236653706696,0.10221168622098614,0.44395982864402445,0.23022733055188524,0.817915125500116,0.9989528241627993
Brd2,148.71312840206465,0.02088676141553639,0.24225189280254827,0.08621918769716495,0.9312921779272711,0.9989528241627993
Brd4,149.86625996969426,-0.15761811819827232,0.2199620008344397,-0.7165697602328495,0.4736396089183893,0.9989528241627993
Brd7,117.09929681741806,-0.23453135103024103,0.23194686780486598,-1.011142565751521,0.3119482001308128,0.9989528241627993
Brd8,105.98562779308583,0.13060679926366392,0.24649453612657368,0.5298567721460488,0.596211239506188,0.9989528241627993
Brip1,1.257703952121081,-0.032745415202572604,1.7474614876443646,-0.018738847999857495,0.9850494374665814,0.9989528241627993
Brpf1,49.35200704415075,0.3533189850461229,0.3079479973328225,1.1473332773918465,0.2512439056714256,0.9989528241627993
Brpf3,12.058178535149358,0.2256752059905242,0.5704084575551902,0.39563790298233587,0.6923721713309654,0.9989528241627993
Brs3,0.0844641553441552,0.792399408974007,4.4542327259096215,0.17789807083153408,0.8588030259342062,0.9989528241627993
Brsk2,106.8651022823829,-0.10052829109396497,0.26325077113851597,-0.38187273168924357,0.7025557672229845,0.9989528241627993
Brwd3,36.59716506200095,-0.11299560247844077,0.43744128704808427,-0.25831032832074696,0.7961674158419904,0.9989528241627993
Bsn,17.918494986107905,-0.17718129926530568,0.4800628584115266,-0.3690793740044344,0.7120685624790808,0.9989528241627993
Bsnd,0.2963777001474035,-1.7783385220954793,4.057916322177916,-0.4382393279960565,0.6612128022343146,0.9989528241627993
Bsx,0.0,,,,,
Btbd2,17.912442623293277,-0.055753163178726216,0.4791028188441119,-0.1163699335212363,0.907359363047793,0.9989528241627993
Btbd9,33.515792715649006,-0.1589619661176329,0.3784211462529214,-0.4200662877633935,0.6744370294793849,0.9989528241627993
Btc,1.455622073648729,0.8980419061689757,1.674315309428055,0.5363636712345098,0.5917072338682869,0.9989528241627993
Btk,1.140961351431795,-0.6722199692524933,1.8561891787174698,-0.3621505700819581,0.7172395152745088,0.9989528241627993
Btla,0.16978868813776907,-1.0489721070606506,4.441716510347476,-0.23616367785223408,0.8133056632626426,0.9989528241627993
Btrc,61.685432675556775,-0.18290176954605022,0.288956233966864,-0.632973952612576,0.5267506527889161,0.9989528241627993
Bub1,2.668960193380673,0.4120074579202037,1.1586615025402134,0.35558914921824136,0.7221482708907414,0.9989528241627993
Bub1b,3.188065804903814,-1.0299129523085795,1.1502254396460092,-0.8954009508132103,0.37057279257188447,0.9989528241627993
C030029H02Rik,18.681941787800294,0.09066301210148128,0.6856894510708156,0.13222168134553658,0.8948089524444969,0.9989528241627993
C1ql1,17.1652372276255,0.034429831849583196,0.48650834136293664,0.07076925290351485,0.9435814030769261,0.9989528241627993
C1qtnf12,19.076326915282294,-0.16676789898272704,0.4743747366286676,-0.3515530784120784,0.725173459480271,0.9989528241627993
C1qtnf5,12.45336601522114,-0.13812909011803426,0.5574464001320562,-0.24778900731139747,0.804297660641577,0.9989528241627993
C2,1.0697072600715574,-0.7435100262917324,1.971097204009913,-0.37720616962936604,0.7060203956760749,0.9989528241627993
C2cd6,0.0,,,,,
C3,0.538145097803443,0.7692441642303364,2.7633411790524858,0.27837466110286835,0.7807247685850973,0.9989528241627993
C3ar1,4.236229394668073,1.351351435293811,1.0412173261229312,1.2978572305607827,0.19433639920409107,0.9989528241627993
C4b,64.34806120167198,0.28986177306722855,0.3583379655430601,0.8089061191937726,0.41856914886686236,0.9989528241627993
C4bp,0.344070393210983,-1.9539272275599722,3.590228627412163,-0.5442347633912002,0.5862799324997358,0.9989528241627993
C5ar1,0.19588154313728123,-1.04897210706065,4.441716510347476,-0.23616367785223397,0.8133056632626428,0.9989528241627993
C5ar2,0.455352021712683,2.1630685495409856,3.332982946721688,0.6489887839565975,0.5163456258783948,0.9989528241627993
C6,0.0,,,,,
C7,0.0,,,,,
Cab39l,205.9361340846771,0.6783435289430303,0.2749566354818771,2.4670927753905443,0.013621505993725485,0.9989528241627993
Cabp1,19.160845615435665,-0.2553087651887935,0.45467763682054735,-0.5615159939998523,0.5744458301616435,0.9989528241627993
Cacna1a,9.962086873985463,0.40151950983107787,0.6554660826328902,0.6125709940905648,0.5401600422640742,0.9989528241627993
Cacna1b,9.37771191668307,0.006094994334485884,0.6399571075540197,0.009524066945332577,0.9924010089097988,0.9989528241627993
Cacna1c,5.841561361328348,0.6195254954024705,0.8158607673803665,0.7593519877070377,0.447642026231565,0.9989528241627993
Cacna1d,8.199212594080024,-0.573027557276116,0.6758810257218609,-0.8478231160049293,0.3965364874013151,0.9989528241627993
Cacna1g,3.954079696618305,0.029997142712829387,0.9692675523541069,0.030948258445228954,0.9753108036626166,0.9989528241627993
Cacna1h,14.737048885327576,0.45122680277131594,0.7136343628603653,0.6322941078155538,0.5271947130427947,0.9989528241627993
Cacna1s,1.9070620403843586,0.34179691235738463,1.3391468526922337,0.25523482482166376,0.7985417352433771,0.9989528241627993
Cacna2d1,13.654829225942066,0.4926531604603625,0.5515829881634408,0.8931623545909348,0.37177023473521675,0.9989528241627993
Cacna2d2,5.048858332436237,-0.2937242259482106,0.9502425492991591,-0.3091044767094924,0.7572420539137495,0.9989528241627993
Cacnb1,25.63326020002043,-0.025155855804538343,0.39947803824498496,-0.06297181170473055,0.9497889507590302,0.9989528241627993
Cacng1,0.0,,,,,
Cacng2,5.08407267338201,-0.5018858262159648,0.8490978662871399,-0.5910812476900533,0.554465983822701,0.9989528241627993
Cacng3,3.613276443756337,0.38344063256057836,1.0579983032671159,0.36242083883925663,0.7170375693340276,0.9989528241627993
Cadm1,132.46704305314148,0.3594754647098419,0.22940414089846703,1.5669964077455067,0.11711553127908603,0.9989528241627993
Cadm3,6.2203366105450675,-0.348870360050697,0.7643621246875946,-0.4564202604796583,0.6480877992300309,0.9989528241627993
Cadps2,6.56495907063353,0.010797528847641472,0.7504933880366775,0.014387240473747896,0.9885210389649721,0.9989528241627993
Calb1,12.668090438058405,0.49407735093167654,0.6262417399532438,0.7889562758441575,0.4301375623790471,0.9989528241627993
Calb2,6.963167514983728,0.9779665717516361,0.7753629412144185,1.2613016688931356,0.20720018016895492,0.9989528241627993
Calcr,0.16978868813776907,-1.0489721070606506,4.441716510347476,-0.23616367785223408,0.8133056632626426,0.9989528241627993
Calcrl,2.1178247267589527,0.6706115223742413,1.304607025331581,0.5140333520768813,0.6072286727477783,0.9989528241627993
Calu,81.46736384626814,0.38229748827520105,0.265957317558747,1.4374392544802073,0.15059322162378244,0.9989528241627993
Camk1d,10.83034546811381,0.056718457573966465,0.5925060810105454,0.0957263720858875,0.9237378951830951,0.9989528241627993
Camk2a,94.04290999768159,-0.2943422896593844,0.26707724626423673,-1.1020867324960082,0.2704239668088959,0.9989528241627993
Camk2b,79.09703789346625,0.11910595685755314,0.3100527165860688,0.384147438438876,0.7008691729988508,0.9989528241627993
Camk2d,27.90594905856575,0.5183455928713478,0.44342352171927324,1.1689627804623024,0.24241862737556374,0.9989528241627993
Camk2g,56.22433480931398,-0.19033461200202062,0.311842692054356,-0.6103545693122872,0.5416269558468183,0.9989528241627993
Camk4,18.62142909158925,-0.1565366814457019,0.5217099327175587,-0.30004543066740325,0.764142502452263,0.9989528241627993
Camkv,24.533468002678987,0.2895882544793259,0.42947305982705913,0.6742873571532932,0.5001286403143423,0.9989528241627993
Camsap1,55.02120141113417,0.09639071997611076,0.3068711520234053,0.3141081178225543,0.7534389242129234,0.9989528241627993
Camsap2,118.28911429259932,0.18208946465290873,0.23710470898812358,0.7679706802534634,0.4425046040263316,0.9989528241627993
Camsap3,5.076671251129866,-0.003491080546399615,0.8737689558494435,-0.003995427536110762,0.9968121185367259,0.999437389844584
Camta2,34.258292765168136,0.24867184997634034,0.37209693776865344,0.6682985661412482,0.5039430284329938,0.9989528241627993
Canx,429.141796063359,0.1244188631545254,0.1909880932913614,0.651448270991001,0.5147571591316921,0.9989528241627993
Cap2,29.888231394286198,0.017163163189238096,0.3751124787402035,0.04575471135185831,0.9635057560834845,0.9989528241627993
Capn1,2.1787274838064494,0.7719819095815966,1.3476201254020828,0.572848308681398,0.5667474066257872,0.9989528241627993
Capn10,62.63200285151948,0.005106427521247192,0.291533544625222,0.01751574601067506,0.9860251712735308,0.9989528241627993
Capn2,242.85150890878313,0.170827636668295,0.2106952339501756,0.810780735119484,0.41749159966220584,0.9989528241627993
Caprin1,247.7552255979598,0.05858046777302598,0.20302416033467974,0.28853939194457295,0.7729338816184202,0.9989528241627993
Car2,7221.868053841526,0.389006031055328,0.2646632270378286,1.46981518894473,0.1416118142925009,0.9989528241627993
Car4,3.8292096213393214,0.4018480521374839,0.9783396192632001,0.41074494401046613,0.6812595674338995,0.9989528241627993
Car7,0.4501343866192055,-1.1298544599785658,2.9006254868389605,-0.38952097232306165,0.6968907995915785,0.9989528241627993
Card9,0.8767073749417529,-1.9242280820966615,2.3329561146720454,-0.8248025198567266,0.4094837158426269,0.9989528241627993
Carm1,66.57149717339122,0.19243679450191267,0.2944580858292942,0.6535286472434443,0.5134155272205746,0.9989528241627993
Carmil1,8.574377217202532,-0.2534707085620696,0.7355274449427476,-0.344610809977049,0.7303869778959363,0.9989528241627993
Carns1,33.95598106360468,-0.7846315181581452,0.5450044746803717,-1.4396790386323108,0.14995822642279336,0.9989528241627993
Cartpt,1.9411473242743105,-0.44658669664882406,1.348371287103723,-0.3312045435260522,0.7404899884896096,0.9989528241627993
Casc4,57.57182611130985,-0.0342822531191893,0.30867561100422614,-0.11106239656465747,0.9115668674078771,0.9989528241627993
Caskin1,59.28184754117751,-0.27203386723402206,0.3232406006836774,-0.8415832251847406,0.4000212821430762,0.9989528241627993
Casp1,1.0877605422955423,-1.5190772957091048,1.8509486736096845,-0.820702009389936,0.41181602596818734,0.9989528241627993
Casp12,1.0304043410881278,-1.13875156410698,1.9134550644625892,-0.5951284591189544,0.5517576066418437,0.9989528241627993
Casp2,20.115805911487744,-0.07638478032892435,0.4661000124491995,-0.16388066571281107,0.869825087835537,0.9989528241627993
Casp3,4.518267973775739,0.8734198070549033,0.939653007139744,0.9295131292279357,0.3526232243027365,0.9989528241627993
Casp4,0.17145976739116434,1.0513301897027478,4.415151725658759,0.23811870011010441,0.811789031237038,0.9989528241627993
Casp7,4.147011769293749,2.897092736226662,1.1728198809464998,2.470194088020254,0.013503976275552788,0.9989528241627993
Casp8,2.0738243935067864,1.0601813228875416,1.388506577617088,0.7635407278422779,0.44514098267529834,0.9989528241627993
Casp9,28.816941670367584,-0.18143360212969953,0.3793074313216531,-0.4783286251406017,0.6324163255914054,0.9989528241627993
Casq1,0.6244160916924194,-1.693622725935666,2.602702166433718,-0.6507170692743175,0.5152291424681025,0.9989528241627993
Casq2,0.4501343866192055,-1.1298544599785658,2.9006254868389605,-0.38952097232306165,0.6968907995915785,0.9989528241627993
Casr,0.19588154313728123,-1.04897210706065,4.441716510347476,-0.23616367785223397,0.8133056632626428,0.9989528241627993
Casz1,0.9754827770529578,0.25535861015165806,1.9274531654865588,0.13248498833806752,0.8946006959294448,0.9989528241627993
Cat,85.34617606147184,-0.1366323943857884,0.26555600382887473,-0.5145144241356894,0.6068923783724094,0.9989528241627993
Cav1,13.14678871900965,0.06161303974279162,0.5477026857832503,0.11249358701734498,0.9104320542875338,0.9989528241627993
Cav2,51.631900793287826,0.023433526064285722,0.3350132785734648,0.06994805150431374,0.9442350071912676,0.9989528241627993
Cav3,0.0844641553441552,0.792399408974007,4.4542327259096215,0.17789807083153408,0.8588030259342062,0.9989528241627993
Cavin1,4.820540783289565,0.896695391215253,0.9087732395043432,0.9867097227734416,0.3237849622650073,0.9989528241627993
Cbfb,57.266248983650485,0.22280879203491713,0.32449145410602087,0.6866399383267546,0.4923096542362281,0.9989528241627993
Cbl,157.34042143414385,-0.14251018406407973,0.21563721209991168,-0.6608793662109216,0.508689679567641,0.9989528241627993
Cblb,6.868390942700281,0.5122486523453126,0.7831490923851749,0.6540882921605612,0.5130549239471671,0.9989528241627993
Cblc,0.0,,,,,
Cblif,0.0,,,,,
Cbln1,0.5963120008147943,2.7340795006484893,3.0120133421818065,0.9077248969514887,0.3640235865768351,0.9989528241627993
Cbln2,2.6921235328954527,0.9731897978751083,1.2497022411263832,0.7787373390624247,0.43613445601080514,0.9989528241627993
Cbln3,0.14818885007370175,-1.0489721070606506,4.441716510347476,-0.23616367785223408,0.8133056632626426,0.9989528241627993
Cbln4,1.070007785730658,1.0322455599278484,2.0269797897329282,0.5092530103932884,0.6105748902291567,0.9989528241627993
Cbr2,0.19588154313728123,-1.04897210706065,4.441716510347476,-0.23616367785223397,0.8133056632626428,0.9989528241627993
Cbs,39.332896942266544,0.02166255302539363,0.3453667653129657,0.06272332836010835,0.9499868206218067,0.9989528241627993
Cbx1,12.577258496944191,-0.390963376601915,0.5922855521776861,-0.6600927123149304,0.5091943351109559,0.9989528241627993
Cbx2,2.144932680895693,1.169322473984303,1.3594023452821709,0.8601739419109115,0.3896931665461394,0.9989528241627993
Cbx3,469.73813233447754,-0.015486181874092156,0.17155890066965626,-0.09026743476231197,0.9280746977716141,0.9989528241627993
Cbx5,42.20593841632336,0.2919268017694233,0.3614925683880247,0.8075596216851414,0.41934413915413626,0.9989528241627993
Cbx7,113.18613030051763,0.1267060684342839,0.24519049098430168,0.516765833477597,0.6053196333486925,0.9989528241627993
Ccar2,71.42879668670605,-0.09999665734565406,0.28431603317133897,-0.3517095262981265,0.7250561155358684,0.9989528241627993
Ccdc130,41.60993126257736,-0.07751655874835504,0.34409931892595463,-0.22527379301507866,0.821766285856009,0.9989528241627993
Ccdc184,1.275707558699544,1.612496544950308,1.8491087409929807,0.8720398693720895,0.3831866276832112,0.9989528241627993
Cckbr,0.9415332524544316,-1.0510486602008537,2.1047129350276688,-0.4993786291274142,0.6175126716759705,0.9989528241627993
Ccl1,0.0,,,,,
Ccl11,0.0844641553441552,0.792399408974007,4.4542327259096215,0.17789807083153408,0.8588030259342062,0.9989528241627993
Ccl12,0.6010094150835309,1.2498944129636826,2.6202123994661477,0.4770202649290344,0.6333476913251286,0.9989528241627993
Ccl17,0.5974628592434486,-0.09054448134401563,2.5171246102899936,-0.03597139409541753,0.9713051683915609,0.9989528241627993
Ccl19,0.5076453095143899,1.096404617040834,2.9334444824379196,0.37376013884184256,0.7085827781897858,0.9989528241627993
Ccl2,0.9118077579689333,-2.3375436834710963,2.336021054348722,-1.0006518045372663,0.3169951754317102,0.9989528241627993
Ccl20,0.8351787780670135,-0.5061541090240079,2.2418238355564815,-0.22577782473187363,0.8213742250722755,0.9989528241627993
Ccl21a,0.8480333875938646,2.0298705549215166,2.3428760336841505,0.8664011777565389,0.3862701983094312,0.9989528241627993
Ccl21b,0.14818885007370175,-1.0489721070606506,4.441716510347476,-0.23616367785223408,0.8133056632626426,0.9989528241627993
Ccl24,1.0484576233121128,-1.8074796367321657,1.9849403467579465,-0.9105964517696303,0.362508040753617,0.9989528241627993
Ccl25,5.939360274459719,0.4916731385326612,0.8320334546044861,0.5909295303112325,0.5545676387896434,0.9989528241627993
Ccl3,4.548748492452392,0.07093158472772945,1.1333828141064919,0.06258396002205903,0.9500978024246259,0.9989528241627993
Ccl5,1.8378445274144874,1.5074088289154288,1.7685704447001716,0.8523317990711883,0.39402996153254877,0.9989528241627993
Ccl7,0.0,,,,,
Ccl8,0.0,,,,,
Ccn1,8.03358296257741,-0.3321134576149219,0.6953906521374071,-0.4775926403297369,0.6329401701140711,0.9989528241627993
Ccn2,2.4172287619216974,-0.6668158702448521,1.2532208740771766,-0.5320816817194092,0.5946694240143588,0.9989528241627993
Ccna1,0.48776622634923994,-2.4769963074576613,3.2126881929387197,-0.7710042676727665,0.44070440200871885,0.9989528241627993
Ccna2,13.858665631007982,0.1444648109836603,0.6399296592069589,0.22575107889621834,0.8213950281852608,0.9989528241627993
Ccnb1,6.404871703436947,-0.42163268197355436,0.8238197750265974,-0.5118020891886721,0.6087895280523525,0.9989528241627993
Ccnb3,0.0,,,,,
Ccnd1,34.544199053924906,1.391981486117918,0.49525210026885746,2.810652363437234,0.004944117355627061,0.9989528241627993
Ccnd2,84.44919017056714,0.4454114565995491,0.40461732298827735,1.1008215202206102,0.2709743436774146,0.9989528241627993
Ccnd3,52.36604223801183,0.5765901464698459,0.31632972546695176,1.8227504406002606,0.06834119692081812,0.9989528241627993
Ccne1,1.308943201024743,0.6245744577435551,1.764625566352239,0.3539416347880812,0.7233826240226033,0.9989528241627993
Ccnt1,50.998842827113656,0.04706104447959841,0.31801086315467775,0.14798565059303753,0.8823540927173614,0.9989528241627993
Ccp110,632.8842169188553,-0.4653374691427182,0.3027434853353102,-1.5370684810189175,0.12427654043613805,0.9989528241627993
Ccr1,0.5093660644133072,-2.528116798089916,3.4056027877778816,-0.7423404770406254,0.45788107342642526,0.9989528241627993
Ccr10,0.2803456984814365,-0.16632470026510202,3.7146320315781236,-0.04477555215460754,0.9642862120979863,0.9989528241627993
Ccr2,0.16978868813776907,-1.0489721070606506,4.441716510347476,-0.23616367785223408,0.8133056632626426,0.9989528241627993
Ccr3,0.0,,,,,
Ccr4,0.538145097803443,0.7692441642303364,2.7633411790524858,0.27837466110286835,0.7807247685850973,0.9989528241627993
Ccr5,2.6375421254850004,-0.11168022041671341,1.1616823240076153,-0.09613662712146191,0.9234120617796402,0.9989528241627993
Ccr6,0.0,,,,,
Ccr7,0.19588154313728123,-1.04897210706065,4.441716510347476,-0.23616367785223397,0.8133056632626428,0.9989528241627993
Ccr9,0.17145976739116434,1.0513301897027478,4.415151725658759,0.23811870011010441,0.811789031237038,0.9989528241627993
Ccser2,28.71082342793696,0.420276959219977,0.4228148301074853,0.9939976776905788,0.32022399805707946,0.9989528241627993
Cct3,157.61252501500323,0.1636369178343845,0.22483556201672922,0.7278070976254586,0.4667316791317264,0.9989528241627993
Cct5,364.94864899506365,0.1874361270273085,0.18701157921168282,1.0022701686035447,0.3162131262144551,0.9989528241627993
Cct7,226.6125168775351,0.30982741653378754,0.20418229845676417,1.5174058617005617,0.1291642449036597,0.9989528241627993
Cct8,370.4206650029093,-0.017512804493859366,0.18012520403587393,-0.09722573022247069,0.9225471350768952,0.9989528241627993
Cd109,3.356046940904593,0.1302720395552704,1.0399476558099214,0.12526788134717537,0.9003114788272725,0.9989528241627993
Cd14,7.023535321154362,0.39254392285857814,0.7711028179173932,0.5090681991265017,0.6107044213943942,0.9989528241627993
Cd151,53.741049185139055,-0.01859569745112393,0.36441247348513056,-0.05102925614285458,0.959302207880314,0.9989528241627993
Cd160,0.19588154313728123,-1.04897210706065,4.441716510347476,-0.23616367785223397,0.8133056632626428,0.9989528241627993
Cd163,0.0,,,,,
Cd177,0.0,,,,,
Cd180,1.0299094627756402,1.0047565485798369,2.1313954230818033,0.4714078568898542,0.6373495063330594,0.9989528241627993
Cd19,0.0,,,,,
Cd1d1,1.8489530395301674,1.0026130512719067,1.5496113461412837,0.6470093638437356,0.5176258831898244,0.9989528241627993
Cd2,0.34124845552893346,0.06638151358308987,3.4550612127406937,0.019212832854684326,0.9846713203552093,0.9989528241627993
Cd200,8.32754883630439,0.7827841951954604,0.6912820620606918,1.1323658433462074,0.25748065875509296,0.9989528241627993
Cd200r1,0.25592392273531955,1.6399365151295664,3.9421765910468314,0.415997730506052,0.6774116639136933,0.9989528241627993
Cd207,0.0,,,,,
Cd209a,0.0,,,,,
Cd209b,0.0,,,,,
Cd209d,0.0,,,,,
Cd22,0.1689283106883104,1.3019780290833856,4.382858461404432,0.29706139053967606,0.7664196404032793,0.9989528241627993
Cd226,0.25592392273531955,1.6399365151295664,3.9421765910468314,0.415997730506052,0.6774116639136933,0.9989528241627993
Cd244a,0.19588154313728123,-1.04897210706065,4.441716510347476,-0.23616367785223397,0.8133056632626428,0.9989528241627993
Cd247,0.0844641553441552,0.792399408974007,4.4542327259096215,0.17789807083153408,0.8588030259342062,0.9989528241627993
Cd248,0.5730410834973317,1.3415924137554056,2.626546151341752,0.5107819685826053,0.6095037365880214,0.9989528241627993
Cd24a,25.758790383965703,0.48352238362621064,0.48220988199526094,1.0027218472286776,0.31599508579737423,0.9989528241627993
Cd27,0.17145976739116434,1.0513301897027478,4.415151725658759,0.23811870011010441,0.811789031237038,0.9989528241627993
Cd274,3.4814379506004864,-0.1249416441521085,1.0161800858512882,-0.12295226593369095,0.9021448973359236,0.9989528241627993
Cd276,1.6476601998508225,0.5381123128959971,1.6001676250682255,0.3362849644411809,0.7366559870244951,0.9989528241627993
Cd28,0.16978868813776907,-1.0489721070606506,4.441716510347476,-0.23616367785223408,0.8133056632626426,0.9989528241627993
Cd2ap,34.57388250846554,-0.41409455787349553,0.378761084783251,-1.09328696772126,0.27426782303804254,0.9989528241627993
Cd2bp2,26.865020436073905,0.10433492735179418,0.39919620257645305,0.2613625246893781,0.7938129538368438,0.9989528241627993
Cd300a,0.25592392273531955,1.6399365151295664,3.9421765910468314,0.415997730506052,0.6774116639136933,0.9989528241627993
Cd300lb,0.5143793021734931,2.4566037925177926,3.4092576837056026,0.720568528527199,0.47117502276384815,0.9989528241627993
Cd300ld,0.2542528434819243,-0.16717394861669324,3.8378714626530117,-0.043559027508735436,0.9652559119888277,0.9989528241627993
Cd300lf,0.0,,,,,
Cd320,2.0043229030982044,0.20655610879625513,1.4024187017253944,0.14728562057973793,0.8829065818132235,0.9989528241627993
Cd33,1.8322613931840388,-0.10648272965976285,1.3945657678584615,-0.07635547359181277,0.939136293067707,0.9989528241627993
Cd34,2.7412943573560096,0.4022553801319449,1.1446023608306637,0.3514367905374747,0.7252606855365509,0.9989528241627993
Cd36,0.0,,,,,
Cd37,0.2838922543215187,1.045824023199335,4.202006087173883,0.24888684154732346,0.8034483140148623,0.9989528241627993
Cd38,3.638691517266849,1.0641695558085211,1.0135624389676063,1.0499299450090733,0.29375032271895696,0.9989528241627993
Cd3d,1.3716781391293147,3.872293490328219,2.7130029704014538,1.4273089755427801,0.15349085461934336,0.9989528241627993
Cd3e,0.7982715564950119,3.0322035704608474,2.8717501880750484,1.0558730292948468,0.29102622768588826,0.9989528241627993
Cd3eap,3.1809048583819215,0.6623032995793486,1.0687059845343538,0.6197245165310091,0.5354391719043831,0.9989528241627993
Cd3g,0.8572988369558218,3.1939239871478184,2.98381826627527,1.0704150528359173,0.28443252666709196,0.9989528241627993
Cd4,1.2187665322746228,0.43914061097251794,1.791548002191093,0.24511797084724588,0.8063650885801097,0.9989528241627993
Cd40,14.540489822671505,7.274815098669563,3.352594525232095,2.1699060366287326,0.03001396493586552,0.9989528241627993
Cd40lg,0.0,,,,,
Cd44,5.254299347054091,1.0584864597447081,0.9784209702312959,1.0818313302243359,0.279327482404646,0.9989528241627993
Cd47,360.36486615807166,-0.19722339739983602,0.2101578511227806,-0.9384536259109927,0.34801133826402275,0.9989528241627993
Cd48,1.4079293805851496,0.9775692299113599,1.7588000609705816,0.5558160086552959,0.5783366405784963,0.9989528241627993
Cd5,0.25592392273531955,1.6399365151295664,3.9421765910468314,0.415997730506052,0.6774116639136933,0.9989528241627993
Cd53,8.068441017889468,1.7793638649098713,0.7724876096268564,2.3034205891915573,0.02125519041421407,0.9989528241627993
Cd55,3.9238703893084477,-0.12507750647783483,0.951079619708143,-0.13151107844810853,0.8953710233546731,0.9989528241627993
Cd59a,3.805680069095402,0.5010306608746982,1.0736975018322332,0.46664042714051596,0.6407571580527889,0.9989528241627993
Cd59b,4.0896862813355135,0.47886948092186044,0.9495426516477012,0.5043159252413765,0.614039388250635,0.9989528241627993
Cd5l,0.2838922543215187,1.045824023199335,4.202006087173883,0.24888684154732346,0.8034483140148623,0.9989528241627993
Cd6,0.7470323075913501,1.7381755670574746,2.456019898087407,0.7077204742563592,0.47911886028867456,0.9989528241627993
Cd68,20.416979411164466,1.471618075740478,0.6528865326217698,2.254018121389273,0.02419502798102264,0.9989528241627993
Cd69,0.31797753821147084,-1.8662970128816079,3.6765167983591094,-0.507626407069476,0.6117153677892653,0.9989528241627993
Cd70,0.0,,,,,
Cd72,0.34291953478232867,1.9332222252974967,3.87157603160201,0.4993372749282037,0.6175417997786022,0.9989528241627993
Cd74,6.578414172295342,1.030837052001983,0.8391092725485048,1.2284896445860636,0.21926321436981278,0.9989528241627993
Cd79a,0.0,,,,,
Cd79b,0.1689283106883104,1.3019780290833856,4.382858461404432,0.29706139053967606,0.7664196404032793,0.9989528241627993
Cd80,0.3403880780794748,1.9814013603804286,3.5709597139286235,0.5548652236685616,0.5789868503047007,0.9989528241627993
Cd81,742.9399103201393,-0.07780819339192727,0.18593457881352485,-0.41847080778859147,0.6756029257450247,0.9989528241627993
Cd82,112.25221598120594,-0.23101847948989848,0.2782389922731378,-0.8302879391653182,0.40637600548389297,0.9989528241627993
Cd83,4.707260802566147,0.06674210514634059,0.8949213902179849,0.07457873493233137,0.9405498940609134,0.9989528241627993
Cd84,4.691623195118062,-0.675399561505652,0.9365544623755431,-0.7211535352600005,0.47081505600772555,0.9989528241627993
Cd86,0.25592392273531955,1.6399365151295664,3.9421765910468314,0.415997730506052,0.6774116639136933,0.9989528241627993
Cd8a,0.6858390695646573,2.8718410398911947,3.1507774550256222,0.91147060713872,0.36204746574677393,0.9989528241627993
Cd8b1,0.4911083848560304,0.9593079476048195,3.0045508058151014,0.31928498121853854,0.7495104204114085,0.9989528241627993
Cd9,192.9391158339309,-0.008169655068694005,0.2180066990038137,-0.037474330403723465,0.9701068071366753,0.9989528241627993
Cd93,0.40244169355562603,-0.9843787307109784,2.999080516060955,-0.32822684334059776,0.7427401530501108,0.9989528241627993
Cd96,0.0844641553441552,0.792399408974007,4.4542327259096215,0.17789807083153408,0.8588030259342062,0.9989528241627993
Cdc16,85.47505407788952,0.1577533598482223,0.2558631074252413,0.6165537557786248,0.5375291047554107,0.9989528241627993
Cdc20,6.317075434265906,-0.34491246669478165,0.8025772465443043,-0.4297560990918793,0.6673730706480169,0.9989528241627993
Cdc23,119.1112842972289,-0.11267822332568068,0.22670899203491812,-0.4970170010209643,0.6191770625215378,0.9989528241627993
Cdc25a,14.369348808782464,0.11726473977352966,0.5472367744616184,0.21428519654750336,0.830324661374859,0.9989528241627993
Cdc27,67.07888031141529,-0.2118911814146064,0.2892959358929738,-0.7324374632521501,0.46390159966305167,0.9989528241627993
Cdc37,289.0494189500394,-0.013589819581292416,0.19908646856818837,-0.06826089025049846,0.9455779565382412,0.9989528241627993
Cdc42,27.308492183627788,0.005117078971864778,0.4054295486724493,0.012621376484817879,0.9899298659280168,0.9989528241627993
Cdc42bpb,72.3123552470124,-0.023571904567123745,0.27777701976870867,-0.08485908800789539,0.9323734174581404,0.9989528241627993
Cdc42ep4,27.922665981217133,0.22618018146001795,0.3949429249128883,0.5726908046521051,0.5668540645992364,0.9989528241627993
Cdc5l,36.223494832712014,0.16955173156186418,0.3744911531377173,0.45275230173331316,0.6507271135774977,0.9989528241627993
Cdc6,2.6035644193977308,0.32169044711469247,1.222287808822787,0.2631871518251661,0.7924063331809144,0.9989528241627993
Cdc73,81.75546313228655,0.24586741802671694,0.25819784961859704,0.952244251413812,0.34097312354557785,0.9989528241627993
Cdca5,1.3762533913551884,-0.9024698287118,1.784515309046907,-0.5057226598934591,0.6130513585179989,0.9989528241627993
Cdca8,3.1564623020711937,0.3323871072156525,1.1629636999261586,0.2858103887823473,0.775023350801399,0.9989528241627993
Cdcp1,0.0,,,,,
Cdh1,0.3196486174648661,0.06937732929185016,3.5282803147375463,0.01966321354968953,0.9843120364369622,0.9989528241627993
Cdh10,125.99973875424145,-0.4181372261422051,0.2341803490362622,-1.7855350709954645,0.07417456795631833,0.9989528241627993
Cdh11,10.114970187356073,-0.30556953713993634,0.6220048010409966,-0.49126556037594976,0.6232386348568455,0.9989528241627993
Cdh12,3.169624508577856,0.4603459170698866,1.090022016177037,0.4223271734312557,0.6727862266147859,0.9989528241627993
Cdh13,3.153582462231984,-0.21382589506138355,1.1016312883323482,-0.19409933008082372,0.8460981061703763,0.9989528241627993
Cdh2,57.6421876668338,-0.1589858424451971,0.3339800967603818,-0.4760338834180992,0.634050238672621,0.9989528241627993
Cdh20,84.73410310799864,-0.0660690428077783,0.2749257526312154,-0.24031594776209678,0.8100853326903795,0.9989528241627993
Cdh23,0.9718972814520589,2.030608805086032,2.208235051333807,0.9195618934947681,0.3578017478227703,0.9989528241627993
Cdh26,0.2803456984814365,-0.16632470026510202,3.7146320315781236,-0.04477555215460754,0.9642862120979863,0.9989528241627993
Cdh3,0.1689283106883104,1.3019780290833856,4.382858461404432,0.29706139053967606,0.7664196404032793,0.9989528241627993
Cdh4,6.37639501387418,-0.9404246358790493,0.7729169856240528,-1.2167213987667136,0.22371023452310457,0.9989528241627993
Cdh5,4.926680815663786,0.36610955716440974,0.880157318754314,0.41595922611035524,0.6774398396729885,0.9989528241627993
Cdh6,14.148230292354482,0.9924629563655833,0.5837232614664242,1.7002285532913786,0.08908794341577546,0.9989528241627993
Cdh7,1.1327860193648422,1.23999587090662,1.893723125847343,0.6547925903116306,0.5126013019406339,0.9989528241627993
Cdh8,3.4433330339307986,-0.078301524753661,1.0541024170641216,-0.07428265364550235,0.9407854792803299,0.9989528241627993
Cdh9,6.439003110403764,0.3780704896964408,0.7840842812356278,0.482180932259788,0.6296774209735783,0.9989528241627993
Cdhr1,0.2542528434819243,-0.16717394861669324,3.8378714626530117,-0.043559027508735436,0.9652559119888277,0.9989528241627993
Cdipt,65.049329392942,0.3420896556715606,0.27893086640732606,1.226431696419008,0.22003626428354028,0.9989528241627993
Cdk1,0.7026664752022125,1.6420696810505235,2.639295933375201,0.6221620168794795,0.533835339060667,0.9989528241627993
Cdk2,10.581439745056121,0.44159804870347336,0.6396598641067603,0.6903638534834974,0.48996540196671,0.9989528241627993
Cdk4,2.822173017099266,1.1159943847331084,1.2167064824974814,0.9172256421633872,0.35902441258122175,0.9989528241627993
Cdk5,61.307150144909116,-0.28014498240130986,0.2958650887934782,-0.9468673155853768,0.3437063946514479,0.9989528241627993
Cdk5r1,52.545336339665546,0.30514059943155725,0.3248726406655694,0.9392622253644167,0.3475961279290427,0.9989528241627993
Cdk5r2,38.84313302108378,0.3548794535703571,0.35023231087210155,1.0132687434996612,0.3109318129179046,0.9989528241627993
Cdk5rap2,84.96897371402856,-0.39333014034345887,0.27513993995245206,-1.4295639535700695,0.15284220738970059,0.9989528241627993
Cdk6,2.8404199607718374,0.5575897490480657,1.1226504132081727,0.49667264402874445,0.6194199164492682,0.9989528241627993
Cdk7,17.044642404279923,0.6274324764052541,0.4950239971785807,1.267478910075761,0.20498409997161782,0.9989528241627993
Cdk8,30.350515532030613,0.21276373966314033,0.3987043126065829,0.5336379189684929,0.5935920682425975,0.9989528241627993
Cdk9,53.81210333993496,0.16938083296671502,0.3071779138485643,0.5514095425826029,0.5813529606160469,0.9989528241627993
Cdkn1a,26.46295842205605,6.380177342417154,2.032180729747904,3.139571815154761,0.00169194937903813,0.9559561676575878
Cdkn1b,382.2403989516406,0.19469026421593208,0.18813096659551518,1.034865592513111,0.3007316852510591,0.9989528241627993
Cdkn1c,5.732009405442003,0.2939490771959077,0.8555323449772345,0.3435861647097978,0.7311575309239372,0.9989528241627993
Cdkn2a,0.14818885007370175,-1.0489721070606506,4.441716510347476,-0.23616367785223408,0.8133056632626426,0.9989528241627993
Cdkn2b,0.17145976739116434,1.0513301897027478,4.415151725658759,0.23811870011010441,0.811789031237038,0.9989528241627993
Cdkn2c,29.545854288077553,-0.017333133284627784,0.3829069969259338,-0.04526721481660612,0.9638943194246461,0.9989528241627993
Cdkn2d,78.57014305434915,-0.395019279614532,0.30484313892888154,-1.2958116131545545,0.19504039609541657,0.9989528241627993
Cdx1,0.17145976739116434,1.0513301897027478,4.415151725658759,0.23811870011010441,0.811789031237038,0.9989528241627993
Cdx2,0.17145976739116434,1.0513301897027478,4.415151725658759,0.23811870011010441,0.811789031237038,0.9989528241627993
Ceacam1,7.066921453027668,-1.2109730262800555,0.7504515279588178,-1.6136592187024097,0.10660136426193699,0.9989528241627993
Cebpa,4.7650039970673115,-0.012823908565663775,0.9764197170141742,-0.013133602632358167,0.9895212024834028,0.9989528241627993
Cebpg,73.973227014784,1.035246461226837,0.3952065081741719,2.6195076240257475,0.008805680434343047,0.9989528241627993
Celf6,1.7445022232181797,-0.026357714815840573,1.4910522027404551,-0.01767725822569917,0.9858963231205368,0.9989528241627993
Celsr1,16.06700148839057,-0.6852638949295046,0.5824530731599274,-1.1765134849607837,0.23938974697966142,0.9989528241627993
Celsr2,70.99992966727902,-0.13492934396277106,0.28705723111568643,-0.47004335490295807,0.6383240429420856,0.9989528241627993
Celsr3,5.043106901656823,0.36881332030530745,0.9043435656506192,0.407824342776154,0.6834026406669804,0.9989528241627993
Cemip,0.43208110439522046,0.05616018437093,3.238048031530516,0.01734383919696984,0.9861623122327801,0.9989528241627993
Cemip2,28.07947047346008,0.2338766408674559,0.4710279049855111,0.4965239604533621,0.6195247867234577,0.9989528241627993
Cenpa,9.82206402489098,-0.3108519413018986,0.6313179458878468,-0.4923857199477127,0.6224466923423371,0.9989528241627993
Cenpe,1.5990881669414405,-1.9466228685482485,1.6373401758702182,-1.1888933632949255,0.23448163207248174,0.9989528241627993
Cenpf,11.13939520421497,0.10732342325839155,0.6915402820870598,0.15519475298603116,0.8766677846836036,0.9989528241627993
Cenps,1.9668139390032013,1.5733245796327946,1.46117951893681,1.0767496801334748,0.2815921111979661,0.9989528241627993
Cenpu,0.8760017191800639,1.988950919218886,2.334001248109247,0.8521636056664994,0.3941232932601034,0.9989528241627993
Cep104,65.25418691943018,0.16304959078299588,0.29289364634884796,0.5566853115987274,0.5777424542804747,0.9989528241627993
Cep152,17.512716387197933,-0.29627810180560155,0.48325829647513113,-0.6130843566818066,0.5398205632395421,0.9989528241627993
Cep164,5.762548133491873,-0.13416165051868875,0.8359690590313017,-0.16048638292205653,0.8724979474509286,0.9989528241627993
Cep250,65.31825481579828,0.04172275180695813,0.2850298691222827,0.146380279145616,0.8836211945750859,0.9989528241627993
Cep290,14.678557783744305,0.3916112492150662,0.5307364213999805,0.7378639064982033,0.4605971540446443,0.9989528241627993
Cer1,0.0,,,,,
Cercam,62.138659998914335,-0.42508923209732963,0.3353136097372975,-1.2677362914984784,0.2048921400126238,0.9989528241627993
Cers1,31.36063544170042,-0.3006422385773195,0.38327885014031865,-0.7843955868351571,0.43280802711890487,0.9989528241627993
Cers2,349.46168461208873,-0.33741310754731285,0.23739090516171418,-1.4213396562832181,0.15521804009368714,0.9989528241627993
Cers4,7.503068642882911,-0.01950641440341354,0.709541903250094,-0.027491560842373624,0.9780676707772182,0.9989528241627993
Cers5,82.75811760499049,0.13359707139139154,0.2626889131570134,0.508575218443035,0.611050003018958,0.9989528241627993
Cers6,3.525315408217622,-0.9244571384256144,1.0830888095188365,-0.853537706512087,0.3933611867135217,0.9989528241627993
Cetn2,42.1772879647487,0.14979661464901414,0.32795291533688214,0.45676256451368635,0.6478417159254685,0.9989528241627993
Cetn3,84.07919234215287,-0.0697905547288845,0.2546534727837968,-0.2740608795393783,0.7840378368066454,0.9989528241627993
Cfap299,7.501921449018251,0.609259850517665,0.7222616334741565,0.8435445305145992,0.39892397196457074,0.9989528241627993
Cfap36,146.829049039094,-0.06745629244327954,0.23028462855527412,-0.29292572789802307,0.7695789229646302,0.9989528241627993
Cfap44,6.049312001140965,-0.7103810085922599,0.8378981143316853,-0.8478131128852892,0.3965420591440184,0.9989528241627993
Cfap45,6.116632236151315,-0.5610660464990105,0.8198653413501169,-0.6843392667082042,0.49376095701509826,0.9989528241627993
Cfap52,7.374249391034323,-0.19508336965762726,0.7028813791911723,-0.2775480691807711,0.7813593010743982,0.9989528241627993
Cfap53,3.910662857084965,-1.731547869235033,1.0853558512594221,-1.5953734134530941,0.11062875766178082,0.9989528241627993
Cfap57,1.2486964240934129,0.4227437857944807,1.707890975651237,0.24752387114949417,0.8045028196442288,0.9989528241627993
Cfap61,1.4552565745117578,0.2732068769695008,1.5205382190668653,0.17967774406694254,0.8574055667301685,0.9989528241627993
Cfap65,2.1328263314553424,-1.049936255066501,1.4002582790873985,-0.7498161380276104,0.45336544783294985,0.9989528241627993
Cfap69,2.0444944260427316,3.4514881311813226,1.8273958766278775,1.888746809230197,0.05892576314893439,0.9989528241627993
Cfb,0.0,,,,,
Cfc1,0.0844641553441552,0.792399408974007,4.4542327259096215,0.17789807083153408,0.8588030259342062,0.9989528241627993
Cflar,26.43722946807314,0.4031392644647358,0.4199557006210056,0.9599566427330248,0.33707703660956667,0.9989528241627993
Cftr,0.3171171607620122,0.3566186874546307,3.493825369641108,0.10207112540695278,0.9187002198718679,0.9989528241627993
Cga,0.0844641553441552,0.792399408974007,4.4542327259096215,0.17789807083153408,0.8588030259342062,0.9989528241627993
Cgas,0.2838922543215187,1.045824023199335,4.202006087173883,0.24888684154732346,0.8034483140148623,0.9989528241627993
Cgn,4.091310216703821,0.09832736264933957,1.0365789513064776,0.0948575721370864,0.9244279570297895,0.9989528241627993
Ch25h,0.7947250006549296,1.7386189820940126,2.4175166451328125,0.7191755993053347,0.4720327317601687,0.9989528241627993
Champ1,41.34740355194596,0.06529550427194909,0.3311851945944096,0.1971570750676645,0.8437046203927292,0.9989528241627993
Chat,0.5739014609467904,-0.15602148623822976,2.4354779197980663,-0.06406195883359354,0.9489208920518246,0.9989528241627993
Chchd3,86.38741135976642,-0.366920015195108,0.25580000089889293,-1.4344019308277334,0.15145759697650546,0.9989528241627993
Chd1,52.27775939442523,0.03485858484611314,0.3242869866838905,0.10749301167639115,0.9143978690757388,0.9989528241627993
Chd4,197.18280038198608,-0.04056814419493248,0.20418267400104223,-0.1986855368282884,0.8425087384068983,0.9989528241627993
Chd6,33.1868178015333,-0.1835616437256635,0.35703841595859476,-0.514122950139211,0.6071660327404702,0.9989528241627993
Chd7,81.73855013819372,-0.401357546597559,0.2632069763007758,-1.524874272857091,0.12729045994253765,0.9989528241627993
Chek1,3.373895825795287,0.16487477119875704,1.0866400365278155,0.15172896787936144,0.8794007086236154,0.9989528241627993
Chek2,8.559296138555965,0.1891843419477909,0.6732866483354611,0.2809863264264984,0.7787208874473056,0.9989528241627993
Chia1,1.0736901008621664,-0.7909707766645828,2.015401863304927,-0.39246305715303903,0.6947161024275479,0.9989528241627993
Chic2,6.748404843590449,-0.3196784940352252,0.7660268533465984,-0.41732021878687675,0.6764442015352007,0.9989528241627993
Chil1,9.3629825441617,-0.4714506340134214,0.6345121046930201,-0.7430128291114501,0.45747391333560516,0.9989528241627993
Chil3,0.0844641553441552,0.792399408974007,4.4542327259096215,0.17789807083153408,0.8588030259342062,0.9989528241627993
Chil4,0.0,,,,,
Chka,89.81857513833314,0.17164753120299714,0.2628215169066995,0.6530954284992246,0.5136947592594867,0.9989528241627993
Chmp3,70.09398961698693,0.13278207624562202,0.27382850733464126,0.48490961564988283,0.627740461209641,0.9989528241627993
Chmp4c,0.0,,,,,
Chrd,0.5999943159463026,-0.2234218142429337,2.4039151052650203,-0.0929408088303944,0.9259505852780858,0.9989528241627993
Chrm1,7.05220223718154,0.44042480302257747,0.7372007336768577,0.5974286010621795,0.5502212630565659,0.9989528241627993
Chrm2,0.9936907809647124,1.2343523098575684,2.113646189759619,0.5839919262920484,0.5592257439760402,0.9989528241627993
Chrm3,1.4220316680712644,0.692794124163486,1.5966793899229603,0.43389682896634196,0.6643633625726455,0.9989528241627993
Chrm4,3.5924037556107375,-0.679854749038281,1.0743470595212676,-0.6328073810163602,0.5268594361697307,0.9989528241627993
Chrm5,0.0,,,,,
Chrna1,0.0844641553441552,0.792399408974007,4.4542327259096215,0.17789807083153408,0.8588030259342062,0.9989528241627993
Chrna2,0.25592392273531955,1.6399365151295664,3.9421765910468314,0.415997730506052,0.6774116639136933,0.9989528241627993
Chrna4,2.978586183680642,0.22738487393865428,1.177682604076568,0.1930782310544095,0.846897700971415,0.9989528241627993
Chrna6,0.0,,,,,
Chrna7,1.8632063841400568,0.40087032548970825,1.5233811591702944,0.26314512495877346,0.7924387244699227,0.9989528241627993
Chrnb1,0.6522486639871926,2.6661002502808597,3.0167594673713274,0.8837629513114558,0.3768241898887883,0.9989528241627993
Chrnb2,6.179030659807796,0.93330230533359,0.8205281391080687,1.1374409491283375,0.2553539970715477,0.9989528241627993
Chrnb3,0.0,,,,,
Chrnb4,0.0844641553441552,0.792399408974007,4.4542327259096215,0.17789807083153408,0.8588030259342062,0.9989528241627993
Chrnd,0.17145976739116434,1.0513301897027478,4.415151725658759,0.23811870011010441,0.811789031237038,0.9989528241627993
Chrng,0.0,,,,,
Chst10,9.346552483713854,-0.28339985188323896,0.6273189394402047,-0.45176358318805765,0.6514393071155873,0.9989528241627993
Chst8,14.831390400661169,0.4229353922731358,0.5161575299818979,0.8193920803363434,0.4125627519576587,0.9989528241627993
Chtop,162.87248104619846,0.12432050712621841,0.21498451168730567,0.5782765751378509,0.5630774068753246,0.9989528241627993
Chuk,70.14008115580052,-0.2401686250205812,0.2788142220966878,-0.8613930208240775,0.3890216186142197,0.9989528241627993
Ciart,7.827809872034533,0.5152230535728242,0.7235969831043031,0.7120304058793419,0.4764459477069297,0.9989528241627993
Cib2,7.9452703209371025,0.030053816128798955,0.7142878531196398,0.042075216591657603,0.9664387369651894,0.9989528241627993
Cic,138.37095759477134,0.21459490713206694,0.23176515718940519,0.9259153089896673,0.3544899947583342,0.9989528241627993
Cidea,3.037603419461547,-0.5504635526154804,1.1627199831842077,-0.473427446484569,0.6359082522633093,0.9989528241627993
Cideb,2.732684888110219,0.14531889403473272,1.132295499118014,0.12834007920010887,0.8978798487305011,0.9989528241627993
Ciita,0.16978868813776907,-1.0489721070606506,4.441716510347476,-0.23616367785223408,0.8133056632626426,0.9989528241627993
Cisd2,227.5870647142638,-0.048845940028466435,0.19587829752707933,-0.24936882056427764,0.8030755010422497,0.9989528241627993
Cish,1.8119879158010053,1.1678937614092824,1.5269480136260118,0.7648549596891051,0.44435791660590707,0.9989528241627993
Cit,20.682658543275597,0.2667010269518358,0.45989449925110687,0.579917845040835,0.5619700211260688,0.9989528241627993
Cited1,1.8510864374511433,2.0973924743921573,1.5792960376238616,1.3280553008591096,0.18415983859551088,0.9989528241627993
Cited2,22.450154822467976,0.04421391141696483,0.4392028100627845,0.10066855312388465,0.9198135754961054,0.9989528241627993
Cited4,1.5619765480361474,0.3982609296059861,1.5233927277998762,0.2614302420762931,0.7937607379088425,0.9989528241627993
Ckb,2694.686097529196,-0.08619519566124172,0.18295504542999635,-0.47112773227247434,0.6375495221691639,0.9989528241627993
Cklf,0.552301622882723,-0.08430555766629601,2.6101077360826292,-0.03229964667773664,0.9742330909693951,0.9989528241627993
Cks1b,6.45931847851944,0.518633872630089,0.770216699383808,0.6733609814549706,0.5007176655315663,0.9989528241627993
Clca3a2,0.0844641553441552,0.792399408974007,4.4542327259096215,0.17789807083153408,0.8588030259342062,0.9989528241627993
Clcn4,72.50620749027249,-0.11366416590348803,0.2835748942789236,-0.40082591300091686,0.6885482991275579,0.9989528241627993
Clcn7,67.41836658932023,0.3148754135658886,0.29164180975844506,1.07966485952987,0.2802914475834062,0.9989528241627993
Clcnka,0.0844641553441552,0.792399408974007,4.4542327259096215,0.17789807083153408,0.8588030259342062,0.9989528241627993
Clcnkb,0.0,,,,,
Cldn1,1.4832249060979572,0.1842968205532718,1.5898572305574017,0.11592035876621297,0.907715660505991,0.9989528241627993
Cldn10,43.59466733224911,0.0519786467768187,0.33151031034416284,0.15679345454702817,0.8754076315620116,0.9989528241627993
Cldn11,5977.250149528805,-0.6143609681728609,0.28781074690370334,-2.134600513643835,0.03279365546470463,0.9989528241627993
Cldn12,15.56412604572565,0.7277776749441981,0.5666904460644809,1.2842596518053664,0.19905111943999343,0.9989528241627993
Cldn14,15.600936269564707,-1.2708472917912401,0.573783365552134,-2.2148555850313696,0.026769978512575485,0.9989528241627993
Cldn16,0.0,,,,,
Cldn17,0.0,,,,,
Cldn19,0.0,,,,,
Cldn2,2.6624269334908663,-1.3651904220854738,1.2077176924989739,-1.1303886914670114,0.2583124770951013,0.9989528241627993
Cldn23,0.0,,,,,
Cldn6,0.5110371436667025,-0.8465934781634297,2.946360272081749,-0.2873353561631041,0.7738555532116271,0.9989528241627993
Cldn7,0.5677845086430374,2.4439537832377067,3.3420085026710016,0.7312829339854907,0.4646063523375513,0.9989528241627993
Cldn8,0.0,,,,,
Cldn9,0.2803456984814365,-0.16632470026510202,3.7146320315781236,-0.04477555215460754,0.9642862120979863,0.9989528241627993
Clec10a,0.0,,,,,
Clec14a,1.48317776221287,-1.435911242143413,1.78359046349393,-0.8050677952889267,0.42078055870264264,0.9989528241627993
Clec1b,0.560691396962873,-0.665417777677096,2.8021939738879684,-0.23746313919655135,0.8122975121076169,0.9989528241627993
Clec4e,0.0,,,,,
Clec4n,0.0,,,,,
Clec9a,0.0,,,,,
Clgn,11.305002899962043,-1.0558735534957049,0.6478580307285046,-1.6297915645321155,0.10314555722978981,0.9989528241627993
Clic3,0.5963120008147943,2.7340795006484893,3.0120133421818065,0.9077248969514887,0.3640235865768351,0.9989528241627993
Clic4,535.2862663627333,0.19208339990499634,0.1892059904508267,1.0152078137024814,0.31000677672035837,0.9989528241627993
Clic5,1.4336567364476904,0.30080625262220434,1.59812713028637,0.188224232554204,0.8507008771479535,0.9989528241627993
Clic6,33.69768906866708,0.44308857283248415,0.395814962712612,1.119433610583832,0.2629551988622014,0.9989528241627993
Clk1,462.79376941185654,-0.09987534548296932,0.20218699358408065,-0.49397512526657933,0.6213237469633909,0.9989528241627993
Clmp,1.3354015551612264,1.3923309514177493,1.8770872486692955,0.7417507909687205,0.4582383403162965,0.9989528241627993
Cln3,15.195699893442011,0.5515719575701512,0.5770757394999061,0.9558051392840453,0.33917069138036815,0.9989528241627993
Cln6,12.07866532758212,0.15437159588697313,0.5731346933776562,0.2693461025317008,0.7876633578596185,0.9989528241627993
Cln8,58.34096918594636,0.5860509865852972,0.30652875070776237,1.9118956549169677,0.055889579123169525,0.9989528241627993
Clock,52.12561654339296,0.0012739918651846285,0.3356862360359492,0.00379518648196286,0.9969718865698844,0.999437389844584
Clspn,3.9888038446238085,-0.11596611581347673,1.014829269246299,-0.11427155219872925,0.9090225328120978,0.9989528241627993
Cltb,58.82400304659336,0.4956981619039113,0.2921608177894778,1.696662015305202,0.08976057792613527,0.9989528241627993
Cltc,549.4283562013887,-0.12973749067126222,0.1663337916715924,-0.7799827645810811,0.4354010201806151,0.9989528241627993
Cltrn,2.538775641090234,0.07047242559398366,1.2982242068120062,0.05428370941182785,0.9567091284213998,0.9989528241627993
Cmah,0.0,,,,,
Cmip,222.02213924734897,0.01990066569581325,0.19909452314692563,0.09995586709900187,0.9203793628582032,0.9989528241627993
Cmklr1,2.056111267907519,-0.4371848712266671,1.28713097502024,-0.33965841838262995,0.7341137792064225,0.9989528241627993
Cmtm6,37.44834506644069,0.28563406313396095,0.3548533916930295,0.8049354178952088,0.42085694869827683,0.9989528241627993
Cndp1,0.6844584712904577,0.16080233752877748,2.2567407465730964,0.07125423590324183,0.943195417060514,0.9989528241627993
Cnga2,0.0,,,,,
Cngb3,0.0,,,,,
Cnksr3,29.25790650637082,-0.13978020689585172,0.3928858706601033,-0.3557781466180023,0.7220067161539907,0.9989528241627993
Cnmd,2.1253440787097384,-0.31015759998256337,1.3730597422847066,-0.2258879132720589,0.8212885986970642,0.9989528241627993
Cnn1,0.16978868813776907,-1.0489721070606506,4.441716510347476,-0.23616367785223408,0.8133056632626426,0.9989528241627993
Cnot11,8.781687557870981,0.5506232676199718,0.6554847646896491,0.8400245090069701,0.40089464476552805,0.9989528241627993
Cnot2,30.89635882941343,-0.013310321728490775,0.3718251605940355,-0.035797259408766026,0.9714440183430865,0.9989528241627993
Cnot4,29.372823513311392,-0.25174555404557325,0.3898637714925914,-0.6457269755580692,0.518456187413862,0.9989528241627993
Cnot8,12.758080974826683,0.5988749564069672,0.5592703608938461,1.0708147584467442,0.28425272959935177,0.9989528241627993
Cnot9,34.4983125486207,0.0033134447123330697,0.35401225933031394,0.009359689177434485,0.9925321575467769,0.9989528241627993
Cnp,11614.67150122358,-0.5058052678855172,0.25714781444629586,-1.966982565940308,0.049185220720945985,0.9989528241627993
Cnppd1,49.442659175789025,0.33036466529095937,0.33576541475974836,0.9839151108739016,0.32515725325712574,0.9989528241627993
Cnpy1,0.14818885007370175,-1.0489721070606506,4.441716510347476,-0.23616367785223408,0.8133056632626426,0.9989528241627993
Cnr2,0.0,,,,,
Cntf,4.117863572202648,0.9004243937796281,0.9921773119435024,0.9075236683409478,0.364129939109464,0.9989528241627993
Cntn1,118.58957686281337,-0.34874828382939965,0.2884148231630642,-1.209189874517039,0.22658990686604663,0.9989528241627993
Cntn2,726.649937324848,-0.444172250033196,0.29983532296130117,-1.4813873350423226,0.13850338767676953,0.9989528241627993
Cntn3,25.815416272263885,-0.042047274219763627,0.4825607932491745,-0.08713363126053249,0.9305652931563002,0.9989528241627993
Cntn4,3.8832021698831674,-0.1369372388427581,0.9867495024857318,-0.1387760910928234,0.8896270876879231,0.9989528241627993
Cntn6,3.390111444229935,-0.8562092215409988,1.135081264449109,-0.7543153502375394,0.4506598871800954,0.9989528241627993
Cntnap1,6.375832300719963,0.5619234103711952,0.8511834239776208,0.6601672383906401,0.5091465137735702,0.9989528241627993
Cntnap3,2.9249809356466017,0.4372919184546835,1.1137643625224383,0.3926251666594097,0.6945963489496743,0.9989528241627993
Cntnap4,4.731682578312263,-0.1551178924185481,0.9075825637509762,-0.1709132574974298,0.8642919720735933,0.9989528241627993
Cntnap5b,2.0958115320806585,0.29926618499932706,1.3947275568922364,0.21456963657200462,0.8301028690419332,0.9989528241627993
Cntrob,6.949360058405513,-0.34983260265992894,0.7642349225478612,-0.4577553214836505,0.6471282379021178,0.9989528241627993
Coa7,6.525690411878792,1.1355691246955075,0.7816372068982367,1.4528084316786498,0.14627695025097323,0.9989528241627993
Col10a1,0.0,,,,,
Col12a1,0.0844641553441552,0.792399408974007,4.4542327259096215,0.17789807083153408,0.8588030259342062,0.9989528241627993
Col13a1,0.33957737627553813,-1.9432018914428923,3.8789863832061107,-0.5009561002471917,0.6164020189533028,0.9989528241627993
Col14a1,0.5354589194128194,-2.5848542841733306,3.136127927273906,-0.8242183814294295,0.409815484492731,0.9989528241627993
Col15a1,0.7832835490471847,-1.3732976110564452,2.3110842160872087,-0.594222227600824,0.552363487919496,0.9989528241627993
Col18a1,1.1095151020473795,0.3550754578185251,1.8620862600318298,0.19068690073061145,0.8487709020801781,0.9989528241627993
Col1a1,2.4327505874428286,-0.9501569086512788,1.2677101060401403,-0.7495064558720126,0.45355200898577175,0.9989528241627993
Col1a2,2.5610207233857634,0.3425969018893764,1.2304903077648766,0.2784230803992974,0.7806876040814591,0.9989528241627993
Col20a1,6.508222441541901,-0.4328978780873529,0.7755207506734938,-0.5582028304354291,0.5767058883165241,0.9989528241627993
Col23a1,1.895465867088844,-2.2239181517731565,1.5547945746934817,-1.4303614046322413,0.1526133194558466,0.9989528241627993
Col24a1,0.0,,,,,
Col26a1,0.3808418554915587,-0.9059678798235495,3.272217583421071,-0.2768666376018825,0.7818825108683987,0.9989528241627993
Col4a1,6.6936487595151215,0.20221556127420673,0.8173633064984916,0.24739985226456931,0.8045987885088541,0.9989528241627993
Col4a2,4.020942866113519,-0.007768444726744619,1.033363109430446,-0.007517633110617154,0.9940018531046643,0.9991028666102234
Col4a3,1.197457175189751,-0.231762093800022,1.7725383309915421,-0.13075152720131944,0.8959718693825985,0.9989528241627993
Col4a3bp,36.416006365457186,0.13964976510221808,0.3764999665796222,0.3709157436875494,0.7107002885308686,0.9989528241627993
Col4a5,1.3116104170190228,-2.508524623535573,1.983703960796879,-1.264566020490208,0.20602694021333834,0.9989528241627993
Col5a1,0.23265300541785697,-0.16790098615632193,3.9558685371806974,-0.0424435201974591,0.9661451354878905,0.9989528241627993
Col6a1,1.127063461278972,-1.2120868778256697,1.9981410583232029,-0.606607262673851,0.5441115792958646,0.9989528241627993
Col6a2,1.4175386511358194,0.7178441889682335,1.7350745293729537,0.4137252762437003,0.6790753137012127,0.9989528241627993
Col6a3,1.64678086000502,-1.982243960761584,1.6294785859004963,-1.2164897273971473,0.2237984219109065,0.9989528241627993
Col7a1,2.0754854280802766,0.20858676908963847,1.4075890713344996,0.14818726099648005,0.8821949850723585,0.9989528241627993
Col9a2,3.56873934145904,0.29084681873777224,1.1325335426384722,0.25681077671234726,0.7973248504097619,0.9989528241627993
Col9a3,33.68864579743502,-0.44839468917035513,0.4205141945180306,-1.0663009596721926,0.28628761584419193,0.9989528241627993
Colgalt2,3.6890413816448024,-0.6231134840137006,1.003959785067754,-0.6206558203640086,0.5348261036479789,0.9989528241627993
Colq,0.19588154313728123,-1.04897210706065,4.441716510347476,-0.23616367785223397,0.8133056632626428,0.9989528241627993
Commd1,166.1805251823176,-0.08874891092401319,0.215147924884866,-0.4125018215792979,0.6799716458281321,0.9989528241627993
Commd10,31.495861525235117,0.15407278727709325,0.3804907059901362,0.4049318021478491,0.6855276411156077,0.9989528241627993
Comt,55.76411204587328,-0.5633529211165232,0.297683757232053,-1.8924543493898913,0.05843047052244094,0.9989528241627993
Cop1,26.517192179772948,0.35244292825266904,0.41999245928353013,0.8391648956124246,0.4013767834275125,0.9989528241627993
Copg1,99.53048287196539,0.10125669578327372,0.2637706562877372,0.38388157806612394,0.701066220797111,0.9989528241627993
Coprs,33.30552146088195,0.2684307536387933,0.3880521446298298,0.6917388741527365,0.48910132948630614,0.9989528241627993
Cops2,177.0532112364641,-0.04192328093522016,0.20754211396447472,-0.20199891065191822,0.8399175758016979,0.9989528241627993
Cops5,28.576911842235116,0.010053736859404458,0.3946340200352521,0.025476102791407523,0.9796752095096924,0.9989528241627993
Cops8,124.06091683794153,-0.015683132906059,0.22957048736891475,-0.06831510916669593,0.9455347968517421,0.9989528241627993
Cops9,28.667578136145277,-0.03025018790362494,0.39861479302797465,-0.07588827216831863,0.9395079874066165,0.9989528241627993
Coq8a,35.30161664046481,-0.45184063800828567,0.3774803428518828,-1.1969911720292694,0.23130999565452437,0.9989528241627993
Coro1c,244.9014732756908,0.6084506648349454,0.2755592554327216,2.2080574425978585,0.027240269142463084,0.9989528241627993
Coro2b,71.75416955616645,-0.44365238673355323,0.35229743671205604,-1.2593119918047104,0.20791766350943752,0.9989528241627993
Coro6,3.0361939261064355,0.4989131612577225,1.1672181388133898,0.427437806753864,0.6690604753073225,0.9989528241627993
Cort,0.869418783644735,0.02213565447624685,2.145435097134463,0.010317559597031017,0.9917679245461568,0.9989528241627993
Cox7a1,0.17145976739116434,1.0513301897027478,4.415151725658759,0.23811870011010441,0.811789031237038,0.9989528241627993
Cox8b,1.1885182852039486,2.36662003437391,2.063261233224694,1.1470287893089974,0.2513697226671813,0.9989528241627993
Cpa4,0.4240415316196933,-1.0570825176821437,3.1589422440206905,-0.3346317963498734,0.7379028563699441,0.9989528241627993
Cpeb2,188.30490266453367,-0.025206474329811445,0.21562647909355534,-0.11689878922001476,0.9069402576383033,0.9989528241627993
Cpeb4,216.21235932882405,0.012164936202000234,0.21336261753943095,0.05701531197118945,0.9545329977933904,0.9989528241627993
Cplx3,0.635094698973483,-0.984936687227341,2.478200271949475,-0.3974403111708728,0.6910427941403654,0.9989528241627993
Cpn1,1.777235915910181,3.157365597924791,1.9724555162804405,1.600728417885335,0.1094370841031894,0.9989528241627993
Cpne4,11.695246004306183,0.7502402093013131,0.6020567034616274,1.2461288197401996,0.21271710586434045,0.9989528241627993
Cpox,389.4751309996405,-0.23616637556568823,0.27111501583519076,-0.8710929375791285,0.38370340998535535,0.9989528241627993
Cps1,0.0,,,,,
Cpsf6,136.29460654468616,0.24632769314240005,0.2629412843676938,0.9368163456520524,0.3488530357893028,0.9989528241627993
Cpt1a,63.21766664108332,-0.5705037065755282,0.3417029506927785,-1.6695896404139103,0.09500058146020558,0.9989528241627993
Cpt1c,64.42310693605053,0.03663374192825401,0.3132315831443659,0.11695417671649613,0.9068963658776067,0.9989528241627993
Cpt2,18.22483052373381,-0.005077985547755673,0.4672337632074432,-0.010868190502536823,0.9913286093017564,0.9989528241627993
Cptp,19.833275405039416,0.3766649907469128,0.45234532134549404,0.8326934600020371,0.40501763388929124,0.9989528241627993
Cr1l,17.822918659924166,0.13140151747566273,0.49600605022421845,0.26491918277259513,0.7910717204354007,0.9989528241627993
Cr2,0.0844641553441552,0.792399408974007,4.4542327259096215,0.17789807083153408,0.8588030259342062,0.9989528241627993
Crabp1,3.3584083780873293,-1.2701914246606794,1.1773278231443705,-1.0788765878889126,0.2806427469501199,0.9989528241627993
Crabp2,0.6853188487399163,-1.4734314705810683,2.382206117573092,-0.6185155263064089,0.5362355663313574,0.9989528241627993
Crb1,0.7724691824746953,1.726210451861101,2.3083118138367937,0.7478237738565551,0.45456646023651404,0.9989528241627993
Crb2,5.471497464408896,-0.2802333740106364,0.8230588370014622,-0.3404779359779094,0.7334966358700292,0.9989528241627993
Crbn,50.13347248756168,-0.09933965855525699,0.31349602531924325,-0.31687693154672747,0.7513369866608433,0.9989528241627993
Creb1,88.13693616163557,-0.006015320074853083,0.2565126854991901,-0.0234503804876039,0.9812910182213211,0.9989528241627993
Crebbp,116.47358391529933,0.1497422510577719,0.2383383013419214,0.628276068993841,0.5298231057563991,0.9989528241627993
Crebrf,166.4443862589947,-0.015163945010809149,0.22954694291974845,-0.06606032220655882,0.9473298001079058,0.9989528241627993
Creg1,2.8656631742065954,0.6863224551498159,1.1727341210324995,0.5852327845168889,0.5583912034225422,0.9989528241627993
Creld1,19.452226396463455,-0.5643484858489248,0.4686053470441643,-1.2043150796479007,0.22846782042987956,0.9989528241627993
Crh,0.14818885007370175,-1.0489721070606506,4.441716510347476,-0.23616367785223408,0.8133056632626426,0.9989528241627993
Crhbp,5.249582402608785,0.016533264720919025,0.9801257887490744,0.016868513114036393,0.9865415120871013,0.9989528241627993
Crhr1,0.637626155676337,-1.3595312840895009,2.5504533142965933,-0.5330547618608166,0.593995673013501,0.9989528241627993
Crhr2,0.3196486174648661,0.06937732929185016,3.5282803147375463,0.01966321354968953,0.9843120364369622,0.9989528241627993
Crisp1,0.14818885007370175,-1.0489721070606506,4.441716510347476,-0.23616367785223408,0.8133056632626426,0.9989528241627993
Crk,203.62584446464632,0.20034830373478169,0.22867100834732856,0.8761421274290815,0.3809527733079584,0.9989528241627993
Crlf2,4.739364548859035,1.4615975315918497,0.9735117878137077,1.5013660336607475,0.1332609141385017,0.9989528241627993
Crmp1,27.281451708571495,0.07702126406683003,0.43487535235294883,0.17711112770612683,0.859421101459498,0.9989528241627993
Crocc,17.78253294693363,-0.17542692388179534,0.49516134320026295,-0.35428234915916224,0.7231272943621009,0.9989528241627993
Crtc1,0.16978868813776907,-1.0489721070606506,4.441716510347476,-0.23616367785223408,0.8133056632626426,0.9989528241627993
Crtc2,12.047300783687446,0.24142312460179535,0.6264387682051644,0.38538982076972456,0.699948623113146,0.9989528241627993
Crx,0.23265300541785697,-0.16790098615632193,3.9558685371806974,-0.0424435201974591,0.9661451354878905,0.9989528241627993
Crxos,0.7636189078952316,-2.0507166508779235,2.6200237291161583,-0.7827091900307768,0.43379790431621124,0.9989528241627993
Cry1,18.63432352784493,0.5731565029476837,0.5264711524770533,1.0886759896548468,0.2762967935326166,0.9989528241627993
Cry2,84.64135603578968,-0.0822774606727104,0.2623893725222881,-0.31357009577711276,0.7538475748814839,0.9989528241627993
Cryaa,0.1689283106883104,1.3019780290833856,4.382858461404432,0.29706139053967606,0.7664196404032793,0.9989528241627993
Cryab,1352.0787078042174,0.28453106260983674,0.23371171871513768,1.217444568779372,0.2234351144844653,0.9989528241627993
Cryba2,0.0,,,,,
Cryba4,0.6487021081471104,1.2476269348144557,2.567312595432837,0.48596611765701697,0.6269911889706199,0.9989528241627993
Crybb3,0.1689283106883104,1.3019780290833856,4.382858461404432,0.29706139053967606,0.7664196404032793,0.9989528241627993
Crygb,0.0,,,,,
Crygc,0.0,,,,,
Crygd,0.0,,,,,
Cryge,0.0,,,,,
Crygf,0.0844641553441552,0.792399408974007,4.4542327259096215,0.17789807083153408,0.8588030259342062,0.9989528241627993
Crygs,0.0,,,,,
Crym,13.686557758021499,0.5786306486772107,0.5530243812705369,1.0463022396008024,0.295421511736084,0.9989528241627993
Cs,176.00757147540995,0.009118274426659134,0.22086834295720487,0.041283754405790414,0.9670696841349731,0.9989528241627993
Csde1,405.8681184864927,0.162003570826728,0.1821388473205114,0.8894509502503266,0.3737607730030421,0.9989528241627993
Cse1l,67.52297054432067,0.039673427963851836,0.28158664203031714,0.14089243608217883,0.8879549176732653,0.9989528241627993
Csf1,105.88029902539789,-0.5621880577258349,0.2852582707406387,-1.970803708043877,0.04874633241960419,0.9989528241627993
Csf1r,35.01249019724028,0.24456659658125413,0.3629455872133873,0.673838187313366,0.5004141938169386,0.9989528241627993
Csf2,0.0,,,,,
Csf2rb,1.1411910912773406,3.5688202283561132,2.6732534015572154,1.3350100765895276,0.1818730484898794,0.9989528241627993
Csf2rb2,0.6268117891038475,2.6636538552582096,3.0439825646660603,0.875055555894889,0.3815436779219624,0.9989528241627993
Csf3,0.0844641553441552,0.792399408974007,4.4542327259096215,0.17789807083153408,0.8588030259342062,0.9989528241627993
Csf3r,1.1353174760676958,1.188944920229995,1.8943357012172442,0.6276315858197753,0.5302453121788961,0.9989528241627993
Csk,16.190369790344107,-0.41269246048062713,0.4994365948662906,-0.8263160223393589,0.4086248469085416,0.9989528241627993
Csnk1a1,156.65739426058917,0.0034050767175993336,0.22365279003294508,0.015224834517368419,0.9878528088771736,0.9989528241627993
Csnk1d,180.9340948888514,-0.252929549453659,0.23033206512258914,-1.0981082869162955,0.27215720718395653,0.9989528241627993
Csnk1e,105.99659752390475,-0.15700793220116385,0.25219241889495037,-0.6225719745626644,0.5335658326312199,0.9989528241627993
Csnk2a1,136.6537622631494,-0.034113282870674555,0.22028845728928972,-0.15485733247419278,0.8769337915356061,0.9989528241627993
Csnk2a2,41.6938260398227,0.22590341853758142,0.3310113984873361,0.6824641676084883,0.49494549300355006,0.9989528241627993
Cspg4,7.417000205771591,0.37414940601351393,0.7998403332328555,0.4677801186909997,0.6399418395641456,0.9989528241627993
Cspg5,129.9435796085391,-0.12416523810965041,0.2370209994227411,-0.5238575417876553,0.6003776276981474,0.9989528241627993
Cst7,4.973484112772421,3.757070879938333,3.2216554433478577,1.166192644125247,0.24353656596526574,0.9989528241627993
Csta1,0.0,,,,,
Ctbp1,159.70069029468357,-0.05934446805182655,0.21422796322933918,-0.2770155079535347,0.7817681983289055,0.9989528241627993
Ctbp2,17.919541010513253,0.0740115317116181,0.4754306754172811,0.15567260494215876,0.87629109196198,0.9989528241627993
Ctcf,124.06369164316773,-0.18311031537350686,0.22353815458102616,-0.8191456877538758,0.4127032978430577,0.9989528241627993
Ctdsp1,157.35724370747224,0.16975071979969827,0.21668081325200783,0.7834137100190401,0.43338420776983244,0.9989528241627993
Ctdspl2,40.80616275465787,-0.16571413565974077,0.3532789368252059,-0.46907448586931244,0.6390163954798773,0.9989528241627993
Cth,4.180383170910375,1.3265598898762903,0.9793740250390236,1.354497726058676,0.17557763837294904,0.9989528241627993
Ctla4,0.0,,,,,
Ctnna1,217.85865025928524,-0.08017318598401448,0.22014369253496624,-0.36418570553085583,0.7157193404783523,0.9989528241627993
Ctnna3,5.365499465286768,-1.4727018539426586,0.9787710482572526,-1.5046438659632126,0.13241566208511346,0.9989528241627993
Ctnnal1,119.80394435292506,-0.2641801039674126,0.24020748763730668,-1.099799621426883,0.27141943733147467,0.9989528241627993
Ctnnb1,585.4311207864807,0.20744164157277548,0.17015190994173807,1.2191555278092725,0.2227851676729713,0.9989528241627993
Ctnnbip1,49.64789034115008,-0.41508095113755605,0.3819356518170184,-1.0867824178309944,0.2771329798390134,0.9989528241627993
Ctnnd1,279.88616150150165,0.0642759757662449,0.18708507226491908,0.34356549663795644,0.7311730765071112,0.9989528241627993
Ctps,81.87945109440774,0.07444910628462845,0.28953426417318906,0.257134009673189,0.7970753240544545,0.9989528241627993
Ctr9,123.58186170307442,-0.39298562739626536,0.22824508103329513,-1.7217704128262847,0.08511111628759883,0.9989528241627993
Ctsk,10.237585505871357,-0.05633556599815753,0.649198514216902,-0.08677710248014432,0.9308486885266947,0.9989528241627993
Ctsl,37.08099714037642,0.06555148880497126,0.3754499542102595,0.17459447809190864,0.8613982877848096,0.9989528241627993
Ctsq,0.0,,,,,
Ctss,169.59039216292987,0.4408628610676824,0.22092975093372416,1.995488879177414,0.045989585858237196,0.9989528241627993
Cttn,57.36974755450794,-0.14105085074082913,0.31732120281664217,-0.4445049668563515,0.6566775386683734,0.9989528241627993
Cttnbp2,192.1959712679001,-0.27538888115061394,0.21997110225318717,-1.2519320871231567,0.2105946114717666,0.9989528241627993
Cubn,0.4860454714503226,1.0925390207548489,2.9738522976825275,0.3673817363445541,0.7133342928773554,0.9989528241627993
Cul1,158.01298523107775,0.03524420074027855,0.20946846587871978,0.16825540108115652,0.8663823583674188,0.9989528241627993
Cul3,290.1980706736868,-0.023091646743491463,0.1867894964457735,-0.12362390382156824,0.9016130651546355,0.9989528241627993
Cul4a,79.65378578833355,-0.027988991706351524,0.2650001573621009,-0.10561877390928062,0.9158848286426629,0.9989528241627993
Cux1,64.55197877156037,-0.1753928907327735,0.30850393836911705,-0.568527233914662,0.5696770187003449,0.9989528241627993
Cux2,14.654356227124422,-0.35977882935052774,0.5955309753642037,-0.6041311774429549,0.5457564327856088,0.9989528241627993
Cwc27,22.333298028440183,-0.3310495818837711,0.4548018165625589,-0.7278985479562934,0.46667569211756577,0.9989528241627993
Cx3cl1,9.9813360107515,0.8185642497050838,0.6948688411632276,1.1780125992335286,0.2387915833909846,0.9989528241627993
Cx3cr1,16.889275072472323,0.3783859567926257,0.5015192508913934,0.7544794265027469,0.4505613944943956,0.9989528241627993
Cxadr,5.287521425947332,-0.9752040830609513,0.9559327716297646,-1.0201596932369326,0.30765273017572936,0.9989528241627993
Cxcl1,0.16978868813776907,-1.0489721070606506,4.441716510347476,-0.23616367785223408,0.8133056632626426,0.9989528241627993
Cxcl10,0.36480985382559167,0.3622993413031649,3.336100507545768,0.10859964814719973,0.9135200398423855,0.9989528241627993
Cxcl12,13.814168962876442,0.41055996647281356,0.5713857576990896,0.7185337767712227,0.4724282292524915,0.9989528241627993
Cxcl13,0.0,,,,,
Cxcl14,20.464713114595416,-0.658091639929832,0.4665392857522211,-1.410581402311625,0.1583680785296545,0.9989528241627993
Cxcl16,2.061232083470387,0.7620175340548268,1.407185567071798,0.541518867081975,0.588149996852561,0.9989528241627993
Cxcl2,0.0,,,,,
Cxcl3,0.3196486174648661,0.06937732929185016,3.5282803147375463,0.01966321354968953,0.9843120364369622,0.9989528241627993
Cxcl5,5.515495265900628,0.6117294207365745,0.8535993841177997,0.7166469799750391,0.47359194855856956,0.9989528241627993
Cxcl9,0.0,,,,,
Cxcr1,0.538145097803443,0.7692441642303364,2.7633411790524858,0.27837466110286835,0.7807247685850973,0.9989528241627993
Cxcr2,0.19588154313728123,-1.04897210706065,4.441716510347476,-0.23616367785223397,0.8133056632626428,0.9989528241627993
Cxcr3,0.5143793021734931,2.4566037925177926,3.4092576837056026,0.720568528527199,0.47117502276384815,0.9989528241627993
Cxcr4,8.22941483006917,-0.01203675157690306,0.6757934362976619,-0.017811288080639656,0.9857893996029264,0.9989528241627993
Cxcr5,0.2838922543215187,1.045824023199335,4.202006087173883,0.24888684154732346,0.8034483140148623,0.9989528241627993
Cxcr6,1.1411910912773406,3.5688202283561132,2.6732534015572154,1.3350100765895276,0.1818730484898794,0.9989528241627993
Cxxc1,34.030766737278476,-0.19313402983569297,0.37980477551237224,-0.5085086925912062,0.6110966445705258,0.9989528241627993
Cxxc5,94.67739924830958,-0.2338727799917609,0.24965741385464824,-0.9367748242714826,0.34887439801381215,0.9989528241627993
Cyb561,6.6636394713823925,-0.08905467147186803,0.7676290587867226,-0.11601263716178688,0.9076425264179058,0.9989528241627993
Cyb5a,86.57036487603021,0.10590072140086848,0.2710388702428187,0.3907215275284832,0.696003084630596,0.9989528241627993
Cyb5r3,95.73063541753969,0.3495076694227974,0.2915511082398916,1.1987869692308575,0.23061079069405654,0.9989528241627993
Cybb,0.5398161770568383,2.449536212517956,2.995822979967024,0.8176505183710548,0.4135567723457798,0.9989528241627993
Cybc1,39.30261001599923,0.19787381033044502,0.3607509204509853,0.5485053512353543,0.5833449558991284,0.9989528241627993
Cyct,0.19588154313728123,-1.04897210706065,4.441716510347476,-0.23616367785223397,0.8133056632626428,0.9989528241627993
Cyfip1,211.22910385086558,-0.15336995369748563,0.22179332308431032,-0.6914994174066507,0.4892517467100227,0.9989528241627993
Cyfip2,136.634061581831,0.23097847151928355,0.23445001202864665,0.9851928328801325,0.32452936044393665,0.9989528241627993
Cygb,2.914147606677768,-0.4826403640966066,1.188771065089443,-0.4059994209737035,0.6847430258596967,0.9989528241627993
Cyld,216.16650794909697,-0.23026486130320742,0.20215576933652446,-1.1390466968068091,0.2546836779168724,0.9989528241627993
Cyp11a1,0.48943730560263515,-0.788470236367288,2.801241099490008,-0.28147175068609276,0.7783485922715461,0.9989528241627993
Cyp11b2,0.0,,,,,
Cyp17a1,0.0,,,,,
Cyp19a1,0.8210222529877335,0.1286335745513693,2.202043106238165,0.05841555698295071,0.9534176232521269,0.9989528241627993
Cyp1a1,0.0,,,,,
Cyp1a2,0.0,,,,,
Cyp1b1,1.5334019119793032,-1.603708005362586,1.6366391024206184,-0.9798788278922783,0.3271459350590825,0.9989528241627993
Cyp21a1,0.0,,,,,
Cyp24a1,0.0,,,,,
Cyp26a1,0.0,,,,,
Cyp26b1,4.40658544751567,3.5027879946447555,1.346112747760748,2.6021505260028377,0.009264118058035398,0.9989528241627993
Cyp27a1,58.05549379359136,-0.23393201753721032,0.3113253149445865,-0.7514069891131353,0.45240775780157017,0.9989528241627993
Cyp27b1,0.14818885007370175,-1.0489721070606506,4.441716510347476,-0.23616367785223408,0.8133056632626426,0.9989528241627993
Cyp2a5,0.0,,,,,
Cyp2c29,0.0,,,,,
Cyp2e1,0.14818885007370175,-1.0489721070606506,4.441716510347476,-0.23616367785223408,0.8133056632626426,0.9989528241627993
Cyp2g1,0.0844641553441552,0.792399408974007,4.4542327259096215,0.17789807083153408,0.8588030259342062,0.9989528241627993
Cyp2r1,0.7957400997921579,3.05531208047067,2.7004512571880106,1.1314079720335988,0.25788341765188927,0.9989528241627993
Cyp3a13,14.01157223431627,-0.6253596481895564,0.5431679594100777,-1.1513191037055006,0.2496009807197206,0.9989528241627993
Cyp7a1,0.0844641553441552,0.792399408974007,4.4542327259096215,0.17789807083153408,0.8588030259342062,0.9989528241627993
Cyp7b1,7.517267749899635,-0.1781054813927168,0.7193203275930238,-0.24760245826597174,0.804442008524632,0.9989528241627993
Cyp8b1,0.17145976739116434,1.0513301897027478,4.415151725658759,0.23811870011010441,0.811789031237038,0.9989528241627993
Cyren,0.5983232366929072,-1.638294450513974,2.497072198629145,-0.6560861361611303,0.5117687041549632,0.9989528241627993
Cysltr1,0.5118478454706391,2.4999272957749676,3.149823743038765,0.7936721225433347,0.42738633344862,0.9989528241627993
D1Ertd622e,70.55424909955605,0.2841148127172631,0.33216531994817594,0.8553415894277896,0.39236206975173793,0.9989528241627993
D1Pas1,0.2838922543215187,1.045824023199335,4.202006087173883,0.24888684154732346,0.8034483140148623,0.9989528241627993
Daam2,193.03968973031854,-0.49421228673560497,0.2873368750952299,-1.7199751565886274,0.08543695756435839,0.9989528241627993
Dab2,3.084949575784499,0.7728887116000219,1.1884953309324697,0.6503085805087925,0.515492915653545,0.9989528241627993
Dach1,3.1173845609856663,0.5796958423273156,1.138388072845474,0.5092251545453464,0.6105944131528681,0.9989528241627993
Dact2,3.019968976584051,-0.04729901258763291,1.073482901432111,-0.04406126313193465,0.9648555703214554,0.9989528241627993
Dag1,20.796781088402962,0.21217293336731097,0.46170995770180123,0.45953726972538983,0.6458483946460551,0.9989528241627993
Dagla,6.655479437147789,0.5389808992245502,0.781358587035314,0.6897996747813185,0.4903201732356465,0.9989528241627993
Daglb,19.744329174823367,0.49959534939326505,0.4725872629958884,1.0571494166519921,0.2904434011165641,0.9989528241627993
Dao,0.8766576992962308,1.9958794238292417,2.299980588816852,0.8677809862977822,0.38551424078823937,0.9989528241627993
Dapk1,6.562135314783213,0.6195418011621796,0.7801480555546941,0.7941336221387854,0.4271176459642554,0.9989528241627993
Daxx,12.483107521131155,-0.07620109346359961,0.5547510926422338,-0.13736087134260536,0.890745557970151,0.9989528241627993
Dazl,1.023330191804307,2.3218996689528213,2.242678403006942,1.0353243986474656,0.3005174391029898,0.9989528241627993
Dbh,0.0,,,,,
Dbn1,28.036122123399775,0.410489073248986,0.45702664025602713,0.8981731853071613,0.3690932266725787,0.9989528241627993
Dbnl,75.666802284306,0.03269106880923356,0.2617361193478883,0.12490086920629402,0.9006020302340517,0.9989528241627993
Dbp,193.778631713604,0.07678765577675947,0.20764310791492271,0.3698059451519169,0.711527085203941,0.9989528241627993
Dbx1,0.0,,,,,
Dbx2,35.15013751577789,0.4897547744155844,0.4174886957056899,1.1730970908990521,0.24075687298069082,0.9989528241627993
Dcaf1,45.51430603183312,0.11801555476956634,0.33244310442702024,0.35499474405694514,0.72259352877406,0.9989528241627993
Dcaf11,17.067174810403973,0.0840479637057035,0.4886224468659507,0.1720100340145882,0.8634296405727999,0.9989528241627993
Dcaf7,205.91152878060885,0.12428578078769384,0.19786048342721574,0.6281485753743908,0.5299066143551736,0.9989528241627993
Dcc,22.17811410278836,0.12342879446377872,0.4669705507956461,0.2643181550816749,0.7915347718625163,0.9989528241627993
Dct,0.0844641553441552,0.792399408974007,4.4542327259096215,0.17789807083153408,0.8588030259342062,0.9989528241627993
Dctn1,315.0846012663681,-0.10231638776973155,0.18738991173355243,-0.5460079831576742,0.5850604496555749,0.9989528241627993
Dctn2,248.12346943375886,-0.10919753167023094,0.19535028594478848,-0.5589832190012419,0.5761731728204372,0.9989528241627993
Dctn3,20.392919031224817,-0.23486544325910957,0.44583872467628555,-0.5267946238399112,0.5983362167097777,0.9989528241627993
Dctn4,59.20413878233711,0.3306326959816434,0.32131460447932103,1.0289999003233048,0.30347972170356696,0.9989528241627993
Dcx,11.9094516570455,0.361423228433847,0.6276337978435679,0.5758504874588167,0.5647162445825418,0.9989528241627993
Ddah1,101.40992781571167,0.16706908494348266,0.2523381172525021,0.6620842176463771,0.5079172498061094,0.9989528241627993
Ddb1,101.63197014273221,0.00235263053641389,0.23847209971989533,0.009865433059788728,0.9921286509583298,0.9989528241627993
Ddc,9.490994736382977,-0.39890539578172074,0.6710860247694596,-0.5944176768079145,0.5522327883823965,0.9989528241627993
Ddit3,86.29690589261413,0.8948785490335223,0.36419580373019916,2.4571358040590154,0.014004973309507375,0.9989528241627993
Ddit4,475.87032142964495,-0.3519350069936222,0.303987427429866,-1.1577288244094184,0.24697471719356423,0.9989528241627993
Ddr1,262.2072400730801,-0.2521543450702449,0.20548999839749235,-1.2270881650526209,0.21978945556765295,0.9989528241627993
Ddx19b,10.304174619183192,0.2601339484945222,0.638664145675759,0.40730946030997117,0.6837807154074333,0.9989528241627993
Ddx21,82.07498290453951,0.5094376236756516,0.31923781275413865,1.5957934910047624,0.11053490700856022,0.9989528241627993
Ddx4,0.7453612283379547,0.43347257144294377,2.203259259268823,0.19674151810295654,0.8440298182640185,0.9989528241627993
Ddx41,22.702287719465545,-0.183525240623838,0.43119317212821257,-0.4256218615847375,0.6703834076860359,0.9989528241627993
Ddx42,112.15368766404958,0.0906908488190699,0.23525926842447642,0.3854932025693335,0.6998720416543756,0.9989528241627993
Ddx56,59.834193205572404,0.17088171831720475,0.3139099181908233,0.5443654641499003,0.5861900064407856,0.9989528241627993
Ddx58,15.933462803292324,0.30246741279793327,0.591553895370772,0.5113099840351045,0.6091340150238065,0.9989528241627993
Ddx6,179.71719767945788,0.029771671426426283,0.20735952289671186,0.14357513467686694,0.8858359768441767,0.9989528241627993
Decr1,48.72904851023221,-0.3940095259607145,0.3354987368527382,-1.1743994318931181,0.24023507272007172,0.9989528241627993
Def6,1.3079281018875146,-0.19177373749432045,1.6078368689952842,-0.11927437490232283,0.9050579844197125,0.9989528241627993
Defa5,0.0,,,,,
Dek,166.00825747903832,-0.2711884074078494,0.21452542275573747,-1.2641317934454295,0.20618272681220218,0.9989528241627993
Dennd1a,29.444106198376577,-0.08153548362858677,0.39056125962836274,-0.20876490337564865,0.8346317706650865,0.9989528241627993
Derl2,18.36482142062032,0.0884529898166804,0.4744003294891967,0.1864522099129248,0.8520901525891222,0.9989528241627993
Des,0.536269621216756,1.043099018563927,2.7050887847939715,0.3856062042870704,0.6997883376030043,0.9989528241627993
Dffb,7.364601180722837,0.17839886792776505,0.7258542831552011,0.2457777987508549,0.8058542440246662,0.9989528241627993
Dgat1,17.040587260883456,0.3504375645656334,0.5224483015805197,0.6707602714095989,0.5023732601860535,0.9989528241627993
Dgcr2,166.04121822956944,-0.041747252444626015,0.22199258554482015,-0.18805696749812065,0.8508319941303254,0.9989528241627993
Dgcr8,26.501728975590293,-0.5697061122771553,0.3976556922159699,-1.4326617811062126,0.15195451666714527,0.9989528241627993
Dgka,4.8200205624648245,0.2437076472793776,0.8753064759547136,0.27842550463660287,0.7806857433576332,0.9989528241627993
Dgkg,4.453936974575547,0.31265177498497704,0.9370210738630828,0.3336656812807837,0.738631849180021,0.9989528241627993
Dgkq,19.963981766743043,0.39427079937445325,0.47489546972042146,0.830226490908761,0.4064107402326028,0.9989528241627993
Dglucy,9.971672401570457,1.4187265742563275,0.7900342466924419,1.7957785756705733,0.07252973936493731,0.9989528241627993
Dhfr,18.598626110054337,0.5300293845108346,0.4696027804916651,1.1286759928378278,0.2590345402276981,0.9989528241627993
Dhh,0.6268117891038475,2.6636538552582096,3.0439825646660603,0.875055555894889,0.3815436779219624,0.9989528241627993
Dhodh,8.167278979302589,0.8620939354150147,0.7042759975756318,1.2240853562845366,0.22092002959065415,0.9989528241627993
Dhx33,25.638871326359006,0.9034654866817692,0.4091565424045946,2.208116926035554,0.027236123399329317,0.9989528241627993
Dhx58,8.061356227918054,0.42871750683031473,0.7660388218343477,0.5596550652664218,0.5757147374947953,0.9989528241627993
Diablo,41.39945644778529,0.06797303510586983,0.33936179048028603,0.20029666571970328,0.8412485700837515,0.9989528241627993
Diaph1,38.00000757419577,-0.10507822629774297,0.35732845859391943,-0.29406621210978756,0.7687073088002099,0.9989528241627993
Diaph3,3.3433578113375853,0.17524731978160651,1.054061846367288,0.16625904863702048,0.8679530919084435,0.9989528241627993
Dicer1,75.60228461150162,-0.12370270640644165,0.28979093819659757,-0.42686878746539786,0.6694749007142204,0.9989528241627993
Dio1,0.2542528434819243,-0.16717394861669324,3.8378714626530117,-0.043559027508735436,0.9652559119888277,0.9989528241627993
Dio2,38.442904645723665,0.11112713805959358,0.369632040362815,0.3006426010865182,0.7636870424502342,0.9989528241627993
Dio3,0.0,,,,,
Dip2a,474.0192307785169,0.026801785161699763,0.188025747544506,0.14254316502773504,0.8866509866782901,0.9989528241627993
Diras1,19.07828025484334,-0.04639804608325186,0.4881349424685643,-0.09505167945693599,0.9242737784319737,0.9989528241627993
Disc1,0.8184907962848794,0.28304147136417673,2.1452074378093995,0.13194130617652877,0.8950307166054787,0.9989528241627993
Disp2,16.767210901063503,0.38394778363064813,0.5208306676703577,0.7371835175298377,0.46101075542996195,0.9989528241627993
Dixdc1,95.43367116561144,-0.3290735088304277,0.26053149321025554,-1.2630853367306998,0.20655851308215312,0.9989528241627993
Dkk1,0.0,,,,,
Dkk2,0.3196486174648661,0.06937732929185016,3.5282803147375463,0.01966321354968953,0.9843120364369622,0.9989528241627993
Dkk3,32.390017696098475,-0.1230880544064598,0.3777584391452117,-0.3258380002971802,0.7445469262631235,0.9989528241627993
Dkk4,0.25592392273531955,1.6399365151295664,3.9421765910468314,0.415997730506052,0.6774116639136933,0.9989528241627993
Dlg1,443.78999642133834,0.04853321410239912,0.1822696680543169,0.2662714790698805,0.7900301368377998,0.9989528241627993
Dlg3,23.04519581061109,0.35242467946120193,0.4410325956527396,0.7990898698532799,0.42423830314114974,0.9989528241627993
Dlg4,137.03674899691896,0.09941653680301188,0.250896898673267,0.39624458225160475,0.6919246052627319,0.9989528241627993
Dlg5,38.161549743666065,-0.6622791966916833,0.3547074217680965,-1.8671140101620811,0.061885668343117185,0.9989528241627993
Dlgap4,61.91507839695,0.18567248264165498,0.2939624867693373,0.6316196487592857,0.5276354441077642,0.9989528241627993
Dlk1,0.7724691824746953,1.726210451861101,2.3083118138367937,0.7478237738565551,0.45456646023651404,0.9989528241627993
Dll1,42.956700924750926,0.47917771907198237,0.32868361299907417,1.4578692095408239,0.14487659704016875,0.9989528241627993
Dll3,4.027460828170978,0.5830586281392488,1.0125621556648448,0.575825024545199,0.5647334571040279,0.9989528241627993
Dll4,1.35308933824824,-0.1627510283103449,1.7171457010589988,-0.09477997598571457,0.9244895921090757,0.9989528241627993
Dlx1,17.074518816872455,0.40902539041391306,1.3144538956781509,0.3111751517179607,0.7556674720103571,0.9989528241627993
Dlx2,19.101758203639278,0.3528619839322367,0.6494955345819575,0.5432862354617318,0.5869327398841266,0.9989528241627993
Dlx3,0.344070393210983,-1.9539272275599722,3.590228627412163,-0.5442347633912002,0.5862799324997358,0.9989528241627993
Dlx4,0.538145097803443,0.7692441642303364,2.7633411790524858,0.27837466110286835,0.7807247685850973,0.9989528241627993
Dlx5,11.142335868955707,0.17889647887775956,0.6551893904328169,0.27304544531708747,0.7848182820225575,0.9989528241627993
Dlx6,3.5286765291207556,1.2564718425040453,1.0821592085038287,1.161078547990381,0.24560995774658712,0.9989528241627993
Dmap1,35.782360071372175,-0.25395814934710975,0.35559679550987977,-0.7141744598203328,0.475119307726351,0.9989528241627993
Dmbx1,0.17145976739116434,1.0513301897027478,4.415151725658759,0.23811870011010441,0.811789031237038,0.9989528241627993
Dmc1,0.5739014609467904,-0.15602148623822976,2.4354779197980663,-0.06406195883359354,0.9489208920518246,0.9989528241627993
Dmd,28.788884332391117,-0.053644214661207855,0.4105846153956234,-0.13065325063268232,0.8960496158195187,0.9989528241627993
Dmp1,0.768922626634613,0.475695190505702,2.151731176513295,0.22107556729113687,0.8250335940706919,0.9989528241627993
Dmrt1,0.0,,,,,
Dmrt2,0.23265300541785697,-0.16790098615632193,3.9558685371806974,-0.0424435201974591,0.9661451354878905,0.9989528241627993
Dmrta1,0.5642379528029552,0.7670017698592508,2.7287921396468042,0.28107738904529617,0.7786510432797236,0.9989528241627993
Dmrta2,13.602915364129315,-0.006886614099033223,0.5572612045270521,-0.012357964349730565,0.9901400220111645,0.9989528241627993
Dnah11,2.9494913267990572,-1.8601686255502872,1.264573315181319,-1.4709851957326567,0.14129512055464302,0.9989528241627993
Dnah12,1.3691213399142075,-0.6437954540596943,1.6217628509087323,-0.39697262377107256,0.6913876485318846,0.9989528241627993
Dnah5,2.5412102782624792,0.2927238434355799,1.226297035118945,0.23870549716136846,0.8113339538478664,0.9989528241627993
Dnajb1,275.7730873562446,-0.3383787484920732,0.22907393920738803,-1.4771595130501862,0.13963288373350458,0.9989528241627993
Dnajb6,106.1788804271575,-0.07293167035445522,0.2532938238860602,-0.28793307801797113,0.7733979660277619,0.9989528241627993
Dnajc5,47.68896298022724,0.20716716052323939,0.326974389232881,0.633588340081549,0.5263495122171744,0.9989528241627993
Dnajc7,153.2176675196221,0.17866751823870952,0.22946782577574898,0.7786168611425078,0.43620544367604563,0.9989528241627993
Dner,64.13554130756485,0.07034919497549548,0.2879821646260531,0.24428316617053145,0.8070115200645125,0.9989528241627993
Dnm1,82.7201436008359,0.09458501782456384,0.2551413375789107,0.37071616352763825,0.7108489500993285,0.9989528241627993
Dnm1l,131.24181707057218,0.24445335186998635,0.2379989164476422,1.027119600032986,0.3043641504945708,0.9989528241627993
Dnm2,486.8798317388237,0.04666324561986134,0.16908211709639986,0.27597978083783353,0.7825635959315049,0.9989528241627993
Dnmt1,48.057664855874044,-0.1915144817022897,0.32199970612023937,-0.5947660139502594,0.5519998882551087,0.9989528241627993
Dnmt3a,59.54232570599427,-0.3774405164582118,0.3057976691795538,-1.2342818618299924,0.2170978923388861,0.9989528241627993
Dnmt3b,1.3658045239196703,1.6247867287727789,1.8932074712909361,0.8582190559732331,0.39077151551792766,0.9989528241627993
Dnmt3l,0.2542528434819243,-0.16717394861669324,3.8378714626530117,-0.043559027508735436,0.9652559119888277,0.9989528241627993
Dnttip1,36.97438405344991,0.13712841247629098,0.3626398605465657,0.3781393812296667,0.7053270544800847,0.9989528241627993
Dnttip2,41.16227601823626,0.09879246005495604,0.3549672108506661,0.278314326042125,0.7807710798017449,0.9989528241627993
Doc2a,0.4285345485551382,-1.0628414768993322,2.943075592630831,-0.3611329180808613,0.7180000863203944,0.9989528241627993
Dock2,2.9121842282769106,0.6101050520502943,1.1135055035604353,0.5479138182069893,0.5837510802042308,0.9989528241627993
Dock3,36.74286153328581,-0.0947686292872706,0.3747723214577113,-0.25286987288351326,0.8003687709681216,0.9989528241627993
Dock5,118.29298585326387,-0.4845833599066601,0.2782258478890837,-1.74169065736783,0.08156258817565544,0.9989528241627993
Dock7,6.390716305321132,-0.25906583426203306,0.7918698704468558,-0.32715707962956214,0.7435490816583512,0.9989528241627993
Dock8,4.4391100689314,-0.028583081661538133,0.9002032172696716,-0.0317518101615222,0.9746699771590421,0.9989528241627993
Dot1l,24.314283100163816,-0.16446191948569008,0.43386300460067284,-0.37906416943076465,0.7046402128757967,0.9989528241627993
Dpf2,167.40960033211374,0.04238856153632525,0.2129728286955464,0.19903272072758857,0.842237149167742,0.9989528241627993
Dpf3,3.2858468884424012,-0.22598840047770177,1.0347052152945273,-0.21840848691709217,0.8271108535507077,0.9989528241627993
Dpm1,76.94662766045617,0.1022512753708888,0.2834496717231639,0.3607387327326112,0.7182947670602164,0.9989528241627993
Dpp10,7.916231525657044,-0.1220381308913152,0.7074759459101493,-0.17249792250437054,0.8630460944826845,0.9989528241627993
Dpp4,1.111031459613005,-0.6235829468993201,1.789469314236169,-0.3484736742554846,0.72748448122727,0.9989528241627993
Dpp9,29.285111280038176,-0.12996937290365698,0.3910689329688757,-0.3323438962971803,0.7396295972907132,0.9989528241627993
Dppa3,0.0,,,,,
Dpy30,95.85951676402009,-0.15931748614054253,0.2550293380982327,-0.6247025825678781,0.5321662778234355,0.9989528241627993
Dpyd,41.021106328423,-0.0698908662619578,0.35073309682396303,-0.19927080419512513,0.8420509160427722,0.9989528241627993
Dpysl2,872.0028551926733,-0.12111041513856247,0.2459573226073706,-0.4924041856314025,0.6224336409303461,0.9989528241627993
Dpysl3,35.22184379387898,0.4784686884957942,0.4678280879207934,1.0227446808982583,0.3064285797064359,0.9989528241627993
Dpysl4,8.178861560938683,-0.8525348239142868,0.7210333897867969,-1.1823791186235824,0.23705530487256976,0.9989528241627993
Dpysl5,17.689018687464458,0.32250443201501855,0.5011196378295206,0.643567738458363,0.5198557760905698,0.9989528241627993
Drc7,13.49822448430328,0.13760472039985652,0.6535798065194176,0.21054004274192387,0.8332462023681798,0.9989528241627993
Drd1,5.0197391424213835,0.12745548858529673,0.8615160092891958,0.14794326189069362,0.8823875457946732,0.9989528241627993
Drd2,2.4072747727986665,-0.04514821736633875,1.2848782608169578,-0.03513812844621745,0.9719695980697276,0.9989528241627993
Drd3,0.5983232366929072,-1.638294450513974,2.497072198629145,-0.6560861361611303,0.5117687041549632,0.9989528241627993
Drd4,0.19588154313728123,-1.04897210706065,4.441716510347476,-0.23616367785223397,0.8133056632626428,0.9989528241627993
Drd5,0.9361409183087114,3.1818219158867738,2.7869406810025437,1.1416898599873249,0.25358295715424317,0.9989528241627993
Drosha,153.58629696251867,-0.008372126176530692,0.21909696382322394,-0.038211968027478706,0.969518678759833,0.9989528241627993
Dsc1,0.0,,,,,
Dsc3,1.4211712906218057,1.6099056417094029,1.7059430774975364,0.9437041967842141,0.34532082880477777,0.9989528241627993
Dscam,33.31653507195043,0.04677857477903483,0.46002619116010435,0.1016867640972084,0.9190053084036338,0.9989528241627993
Dscaml1,36.015508584926806,-0.47622818026257935,0.41116588695484424,-1.158238548897128,0.24676670100603382,0.9989528241627993
Dsg1a,1.3340209568870265,-0.22266785930676236,1.6012046751851507,-0.13906270869526083,0.8894005959933254,0.9989528241627993
Dsg1b,0.19588154313728123,-1.04897210706065,4.441716510347476,-0.23616367785223397,0.8133056632626428,0.9989528241627993
Dsg2,2.7404836555520737,-0.38167470435711215,1.178305790844366,-0.32391821148872285,0.7459999559307214,0.9989528241627993
Dsp,0.14818885007370175,-1.0489721070606506,4.441716510347476,-0.23616367785223408,0.8133056632626426,0.9989528241627993
Dspp,0.0844641553441552,0.792399408974007,4.4542327259096215,0.17789807083153408,0.8588030259342062,0.9989528241627993
Dst,1052.249616587458,-0.3477366033277433,0.20231604427333577,-1.718779173331105,0.08565458917674437,0.9989528241627993
Dtl,5.034759018309317,1.0269548265648392,0.9617013106628787,1.0678521648857717,0.2855872030051243,0.9989528241627993
Dtnbp1,42.659796555487176,0.48560921221044595,0.3638415726249767,1.3346721450959071,0.18198367408122618,0.9989528241627993
Dusp1,17.50915370234885,0.4014827633837101,0.49216660485614966,0.8157456426793837,0.4146456282026745,0.9989528241627993
Dusp11,29.28790231483947,-0.24356246046061808,0.3848513946247283,-0.6328740492109112,0.5268158956079754,0.9989528241627993
Dusp15,46.646971122995865,0.12299143224132104,0.33920014216583,0.3625925138356585,0.7169093033337663,0.9989528241627993
Dusp3,160.84857855564653,-0.06430782514655488,0.21962857488177193,-0.2928026336334986,0.7696730150912456,0.9989528241627993
Dusp4,2.054100032029406,1.0811316711932122,1.3357317910834257,0.8093927826006861,0.4182892523492525,0.9989528241627993
Dusp5,1.0899518423736787,2.3805703028091587,2.238212220476953,1.063603478271542,0.2875083660551464,0.9989528241627993
Dusp6,28.15007129568053,0.9490447928540738,0.4085106343786805,2.3231825881289785,0.02016934574648516,0.9989528241627993
Dusp7,181.23422735960185,-0.1847652185201049,0.21247446611299184,-0.869587870487217,0.38452566877154093,0.9989528241627993
Dut,5.465176114771853,0.18011313598898843,0.8084006195275842,0.22280182824976497,0.823689745035924,0.9989528241627993
Duxbl1,8.552431757342362,-1.175455948291552,0.7169372361010466,-1.6395520961975545,0.10109833029785131,0.9989528241627993
Dvl1,84.72493043916664,-0.22946897692960327,0.2549340360639284,-0.900111183553618,0.3680610850466032,0.9989528241627993
Dvl2,42.64430181859947,-0.01002513266682358,0.3431906076051368,-0.02921155895489468,0.9766958624557392,0.9989528241627993
Dvl3,48.706849768872566,0.14888206047087657,0.32122785775278356,0.4634780479887768,0.6430217462114511,0.9989528241627993
Dxo,13.726369029141404,0.24025027932249407,0.5620453011071587,0.42745714420035397,0.6690463933208719,0.9989528241627993
Dydc2,3.9273483071066644,-0.38172868084771105,1.0077626823366364,-0.37878826785153485,0.7048451002246234,0.9989528241627993
Dync1h1,380.86795376839245,0.03920187254972083,0.179955122672611,0.21784249299221156,0.8275518349141022,0.9989528241627993
Dync1i1,4.556760190955231,0.43821874028736996,0.9052510891545106,0.4840852947182411,0.6283253370978866,0.9989528241627993
Dync1i2,221.19848308044413,-0.11554963710669462,0.2153462885447779,-0.5365759395601001,0.5915605675766707,0.9989528241627993
Dync1li1,118.40305730190113,0.4870514951218341,0.2867113805677799,1.6987518742971308,0.08936594484314843,0.9989528241627993
Dync2h1,23.87622538709128,-0.06300378354927884,0.41346529186410025,-0.15237986062923808,0.8788873404682497,0.9989528241627993
Dyrk1a,117.46610249311097,0.07802653702170205,0.23758876228025583,0.32841004882909075,0.742601646093043,0.9989528241627993
Dysf,0.16978868813776907,-1.0489721070606506,4.441716510347476,-0.23616367785223408,0.8133056632626426,0.9989528241627993
E2f1,2.8764668048943807,0.030535336330039152,1.1673975385908448,0.02615675921922714,0.9791323052149777,0.9989528241627993
E2f2,3.273497201907942,-0.654016390204327,1.0410292165056712,-0.6282401875324929,0.5298466075155206,0.9989528241627993
E2f3,16.066063107994903,-0.058229951866422915,0.5227791503479854,-0.11138537531128093,0.9113107567040599,0.9989528241627993
E2f4,55.44902216702395,0.25556899690808527,0.2955551735972376,0.864708249892987,0.38719894024107404,0.9989528241627993
E2f5,80.65828887669342,0.2074078342812323,0.26210084120409854,0.7913283808185999,0.4287523910357077,0.9989528241627993
Ebf2,0.0,,,,,
Ebf3,0.0844641553441552,0.792399408974007,4.4542327259096215,0.17789807083153408,0.8588030259342062,0.9989528241627993
Ebi3,0.7681119248306764,-2.0487590333142265,2.313720859506429,-0.8854823713484931,0.375896523364592,0.9989528241627993
Ece1,65.59740253292715,0.8122564842009248,0.3528172007220402,2.3022020540343333,0.02132378020131817,0.9989528241627993
Ecel1,1.2915458989169248,1.5269649739591393,1.8606735401195174,0.8206517376826121,0.41184466858829594,0.9989528241627993
Echdc1,69.15670931770295,-0.27249846476764994,0.27384798657166926,-0.9950720039211749,0.3197012456965639,0.9989528241627993
Echs1,249.27926966774794,0.013890506375313612,0.19017099171353094,0.0730421935025608,0.9417725416020836,0.9989528241627993
Eci3,0.2542528434819243,-0.16717394861669324,3.8378714626530117,-0.043559027508735436,0.9652559119888277,0.9989528241627993
Ecpas,89.40963627471392,-0.018342850763195945,0.2625514263973805,-0.0698638396861475,0.9443020345245821,0.9989528241627993
Ecscr,0.3403880780794748,1.9814013603804286,3.5709597139286235,0.5548652236685616,0.5789868503047007,0.9989528241627993
Ect2,3.055503826393491,0.3063253947990656,1.3246201350111777,0.23125527591084122,0.817116489619514,0.9989528241627993
Eda,1.9923865731779724,-0.06516615959737765,1.2993925452713573,-0.05015124939305292,0.9600018599791162,0.9989528241627993
Edar,0.7672515473812176,-0.634173107358485,2.158244506332186,-0.2938374709157612,0.7688821006804023,0.9989528241627993
Edc4,104.44180188360012,0.09637902061226779,0.23822854545651329,0.4045653740930933,0.6857970149493651,0.9989528241627993
Edil3,1098.5827787022097,0.1371940715246531,0.2060949639680314,0.6656837648198627,0.5056132528517697,0.9989528241627993
Edn1,0.6134948609094156,-0.9423774795152088,2.694597259851145,-0.3497285080618198,0.7265424567850598,0.9989528241627993
Edn3,0.4501343866192055,-1.1298544599785658,2.9006254868389605,-0.38952097232306165,0.6968907995915785,0.9989528241627993
Ednra,3.6006651713235946,-1.2367022941835304,1.076385995063708,-1.1489394137930358,0.25058096402579555,0.9989528241627993
Ednrb,31.602793497214204,-0.14914107347694305,0.3930957493564861,-0.3794013894098146,0.704389818953481,0.9989528241627993
Eea1,48.47267158733271,0.14565910644502153,0.33793412376812865,0.431028109327499,0.6664479319209433,0.9989528241627993
Eed,93.64260851233239,0.031000155587820998,0.2526485793063484,0.12270069229335281,0.9023441156390271,0.9989528241627993
Eepd1,15.73207378090185,0.0973468392680092,0.5403136455430252,0.18016727889626746,0.857021245709401,0.9989528241627993
Efcab14,281.5745278010159,-0.1412298271096945,0.20323835176729266,-0.6948975224489237,0.4871195254662267,0.9989528241627993
Efcab3,0.0,,,,,
Efemp1,26.548187252750605,0.24036951812082477,0.4108960258531424,0.5849886662246152,0.5585553376047462,0.9989528241627993
Efna1,40.58586875031492,0.18027814745364887,0.3437687148615124,0.5244169689096755,0.5999885566498442,0.9989528241627993
Efna2,8.411592122114847,-0.33891319995667996,0.6800940583978271,-0.4983328346598047,0.618249468536619,0.9989528241627993
Efna3,4.272711396777676,0.5321651972483864,0.967579685983605,0.5499962483269865,0.5823219468057597,0.9989528241627993
Efna5,1.5890845021728877,1.0390082108085406,1.5502619671581501,0.6702146042537506,0.5027209953349296,0.9989528241627993
Efnb1,13.514512790487629,-0.19808589428057705,0.5727018437440913,-0.3458796168449052,0.7294331877033744,0.9989528241627993
Efnb2,5.950632727355568,-0.5090162341836378,0.8039348391920192,-0.6331560835144497,0.526631721174686,0.9989528241627993
Efnb3,559.5271638605676,0.3583468955036882,0.2131355480919584,1.6813098458314313,0.09270274644815664,0.9989528241627993
Egfl7,6.030263709139561,0.19221300023437482,0.7846038210166798,0.24498096374971465,0.8064711710444568,0.9989528241627993
Egfr,13.818999834255989,0.5467090590410321,0.6030665544370634,0.9065484647069533,0.3646456249438207,0.9989528241627993
Egln1,134.834581104578,-0.113205212409775,0.2284646335753298,-0.4955043178376611,0.6202441748811047,0.9989528241627993
Egln2,83.57115299900839,-0.006492776475944013,0.26189076582931303,-0.024791925959602834,0.9802209312314801,0.9989528241627993
Egln3,13.488263373244711,-0.2017268369362888,0.5361855928276201,-0.3762257689030121,0.7067490595480914,0.9989528241627993
Egr1,35.217452772778536,0.8951725638246233,0.5643224226562515,1.5862785668006394,0.11267613209654326,0.9989528241627993
Egr2,4.529737193500929,0.21633372309519422,1.1136068477672525,0.19426400217360076,0.845969170762271,0.9989528241627993
Egr3,9.550605392978133,0.20273450093235457,0.6833509806106673,0.29667697374368823,0.766713138265726,0.9989528241627993
Egr4,4.258680586309917,-0.6786986819401063,0.9767828704136025,-0.6948306553049223,0.48716143437070336,0.9989528241627993
Ehd4,9.83592197686213,0.5417242554694669,0.6317502882210954,0.8574974409507166,0.39117002848654137,0.9989528241627993
Ehhadh,20.912705759197532,-0.40382225612305606,0.4699838846570412,-0.8592257507249107,0.3902159790400952,0.9989528241627993
Ehmt1,8.953890080229016,0.20698884008317003,0.6560681148087554,0.31549900903735817,0.7523828033456519,0.9989528241627993
Ehmt2,115.91120034657678,0.3475891460210123,0.23326443542008515,1.4901077628702384,0.13619590337750123,0.9989528241627993
Eif2a,77.66774640811545,0.30584653130544726,0.2675225960290771,1.1432549468539275,0.25293275476046206,0.9989528241627993
Eif2ak2,10.6623761949612,-0.3362379195037791,0.6015517224504403,-0.5589509712217315,0.576195181474205,0.9989528241627993
Eif2ak3,66.48547501558436,0.08512803149915925,0.2771783686780202,0.3071236471488396,0.7587492591346381,0.9989528241627993
Eif2ak4,15.3542234410137,-0.4386749937524008,0.5146945888737945,-0.8523015458784354,0.39404674825958386,0.9989528241627993
Eif2b1,59.15808752060976,-0.14298461795128348,0.2896423459392351,-0.49365923165558334,0.6215468617604842,0.9989528241627993
Eif2s1,14.6951615000488,0.11805148389525617,0.5306027885620667,0.22248560776541648,0.8239358758690115,0.9989528241627993
Eif2s2,53.36473674301261,0.4041974686126575,0.3128114691631628,1.2921440179094827,0.1963072745087353,0.9989528241627993
Eif3i,65.1031340641455,0.15471563354498705,0.3043218162109795,0.5083948153021213,0.6111764880739035,0.9989528241627993
Eif4a3,347.9839862422962,-0.05625283783881983,0.1879084338152116,-0.2993630285596369,0.7646630683069362,0.9989528241627993
Eif4e,79.60745674392422,0.16915652924760333,0.2799575982732511,0.6042219617932963,0.5456960815813945,0.9989528241627993
Eif4ebp1,3.834458979060963,2.7495255696924343,1.4668283050108415,1.8744699432781347,0.0608656810314879,0.9989528241627993
Eif4ebp2,58.30605074124049,-0.19927085384924886,0.2925067933752682,-0.6812520541825386,0.49571201555631117,0.9989528241627993
Eif4enif1,107.2930609798364,0.03949875253426559,0.24158203516466306,0.16350037165364187,0.8701244805512031,0.9989528241627993
Eif4g1,157.12853407785903,0.07595887090498876,0.22511626930109765,0.33742061886869756,0.7357998434836688,0.9989528241627993
Eif4g3,103.89493286737383,-0.2427000705614804,0.24366116658181933,-0.9960556044534237,0.3192231289920665,0.9989528241627993
Eipr1,26.235943527493756,-0.551415955599684,0.4143843269131681,-1.3306872866242119,0.18329192797766158,0.9989528241627993
Elac2,26.67429770508832,0.21525793708158536,0.40984886610431953,0.5252129623479191,0.5994351549181436,0.9989528241627993
Elavl1,318.0682237137035,-0.09583534989667894,0.19536840998209648,-0.49053657090960234,0.6237542579118005,0.9989528241627993
Elavl2,13.745511147288,0.4838040683212334,0.5601859513998938,0.8636490563753276,0.38778070683642774,0.9989528241627993
Elavl3,122.41670205760413,-0.3181946010740541,0.3065404778092166,-1.0380182198061645,0.29926157274564835,0.9989528241627993
Elavl4,6.353866985906293,0.5143071130257385,0.825566239923647,0.6229749814785359,0.5333009626778532,0.9989528241627993
Elf2,92.52388139074053,0.14762985419601307,0.2486858370243032,0.5936399754907865,0.5527529377663838,0.9989528241627993
Elf3,0.0844641553441552,0.792399408974007,4.4542327259096215,0.17789807083153408,0.8588030259342062,0.9989528241627993
Elk1,11.848827489901565,-0.4309705485350257,0.6030032179576758,-0.7147068799975709,0.47479018559868036,0.9989528241627993
Elmo1,545.2886878173626,-0.01716410158470891,0.19466446616652583,-0.08817275141538093,0.9297393741686114,0.9989528241627993
Elmo3,1.7103201197976186,1.3482162361785743,1.5148094494159074,0.8900236506304013,0.3734531868883979,0.9989528241627993
Eln,0.25592392273531955,1.6399365151295664,3.9421765910468314,0.415997730506052,0.6774116639136933,0.9989528241627993
Elob,17.79842230177894,0.303456314998324,0.4833108390642985,0.6278698727010193,0.5300891885028944,0.9989528241627993
Eloc,43.29435249517656,-0.015688657085272315,0.3463470275104794,-0.04529750752602497,0.9638701741070841,0.9989528241627993
Elovl1,55.79660120271157,-0.24090982129830021,0.30558129429487424,-0.7883657337540807,0.4304828081225317,0.9989528241627993
Elovl4,12.37468685968029,0.44322669185338576,0.5666280059776174,0.7822181169613663,0.43408639906765023,0.9989528241627993
Elp2,50.698190200060715,0.30758241605256315,0.3212710430665364,0.9573922788580161,0.3383692941370888,0.9989528241627993
Emc1,351.00438493075984,0.29113103581768623,0.20630873998715746,1.4111425227831302,0.15820259386193414,0.9989528241627993
Emc10,125.06936953989423,0.42611548877022126,0.23177746352793394,1.8384681680618427,0.06599344826769812,0.9989528241627993
Emc2,73.02872240278425,-0.13900724430192377,0.2714957685456739,-0.5120051964218312,0.608647372761436,0.9989528241627993
Emc3,108.51890546382049,0.09982150445488643,0.23699142722627523,0.42120301828292983,0.6736068405480877,0.9989528241627993
Emc4,59.81205154637158,0.05399421982161785,0.2894409779466139,0.18654656367135702,0.8520161671176568,0.9989528241627993
Emc6,48.45813669687089,0.0370824069223338,0.32881232158328366,0.11277681670740351,0.9102074986525439,0.9989528241627993
Emd,31.257870695258116,-0.20090259229467433,0.3896466179910065,-0.5156020430268726,0.6061323831086497,0.9989528241627993
Eme1,1.454445872707821,-1.2397520320222049,1.6235915637690332,-0.7635861504134841,0.4451139051724703,0.9989528241627993
Emilin1,0.635094698973483,-0.984936687227341,2.478200271949475,-0.3974403111708728,0.6910427941403654,0.9989528241627993
Emsy,63.96329801545607,-0.04479140378153135,0.2980822885255848,-0.15026523046063786,0.8805553635551928,0.9989528241627993
Emx1,8.307790928190483,-0.3953970631044992,0.7020527268105453,-0.5632013779090417,0.5732977647239705,0.9989528241627993
Emx2,23.27151651848826,-0.017807760869678675,0.4208634317792825,-0.042312445142579584,0.9662496243828136,0.9989528241627993
En1,0.6487021081471104,1.2476269348144557,2.567312595432837,0.48596611765701697,0.6269911889706199,0.9989528241627993
En2,2.2754084053701273,-0.5497028473654821,1.3965253211461164,-0.3936218262869346,0.6938602644763872,0.9989528241627993
Enah,112.18656407873313,0.05929316414347183,0.2476951079272731,0.23937963345195,0.8108112211405717,0.9989528241627993
Eng,5.423490978041077,0.5558967220642108,0.8976818716039454,0.6192580463621871,0.5357463777375682,0.9989528241627993
Eno1,19.824143874413252,0.30156354524584145,0.4769822000810069,0.632232282870569,0.5272351052629787,0.9989528241627993
Eno2,228.11367739754405,0.807003494831912,0.34177882430442985,2.3611863504834822,0.018216574175495787,0.9989528241627993
Enpp1,56.62746264429785,0.3304738070878812,0.30315214315899797,1.0901252540858783,0.27565797321356533,0.9989528241627993
Enpp6,128.59096672197637,-0.5803923472476252,0.6514206631445717,-0.8909639808567403,0.37294849398108376,0.9989528241627993
Entpd1,5.834392901886985,0.14609951640300164,0.7944735902611338,0.18389474262445968,0.8540960292536125,0.9989528241627993
Eomes,0.5372847203539843,2.50621852846887,3.130829976211647,0.8004965288793591,0.4234231738636006,0.9989528241627993
Ep300,95.80305666686075,0.13970138825356432,0.2609830590976889,0.5352891054942862,0.5924499586418388,0.9989528241627993
Ep400,76.3411715031661,0.2425804232601323,0.2654589461704844,0.9138152123317067,0.36081395163757857,0.9989528241627993
Epas1,320.2447144200426,-0.264308494543569,0.24049186905585215,-1.09903297596388,0.27175368258297916,0.9989528241627993
Epb41,10.175721196074996,0.1466217331997286,0.6443794591487423,0.22753942745695724,0.82000431445859,0.9989528241627993
Epb41l1,71.18573848165026,0.16838891932683184,0.28974579737061523,0.5811608687854228,0.5611320381157583,0.9989528241627993
Epb41l2,95.30951191180732,-0.5806547913245059,0.2716646026672566,-2.137395838926097,0.032565809578764114,0.9989528241627993
Epb41l3,26.66020318542532,-0.8805459609088536,0.622226223196712,-1.4151540518254178,0.15702333312168268,0.9989528241627993
Epb41l4a,7.718605585692377,0.8785673797648794,0.7653181437844736,1.147976677281414,0.2509781920487114,0.9989528241627993
Epb42,0.0,,,,,
Epc1,69.63063887003578,0.2006328672127457,0.2869833240306855,0.6991098451117431,0.48448338633470933,0.9989528241627993
Epc2,68.09264046223497,-0.08918668349264601,0.2780478557874723,-0.32076019158664704,0.7483921290613387,0.9989528241627993
Epcam,2.168569097350127,2.411262485393566,1.5793818921992775,1.526712758518398,0.12683245342716504,0.9989528241627993
Epha1,0.2533924660324656,1.6868137779272252,4.265889393319508,0.39541901404401597,0.692533678855827,0.9989528241627993
Epha10,0.9874191069731898,0.8419781632039058,1.9957358834816037,0.4218885726176637,0.6731063513775639,0.9989528241627993
Epha2,0.4041127728090213,0.6778065212282057,2.98960653273037,0.22672097943576994,0.8206407126445936,0.9989528241627993
Epha3,2.066434420731516,0.6335477337669004,1.424644851355673,0.44470573361776783,0.6565324252647646,0.9989528241627993
Epha4,8.781098699004374,-0.003877845853845238,0.6586146473326963,-0.005887882799980246,0.995302176361465,0.9993039126460288
Epha5,17.974048202966067,0.666539727627045,0.48527098022499326,1.3735412888650533,0.16958413461217325,0.9989528241627993
Epha7,6.678374810648375,0.13427878031441914,0.7370773417966745,0.18217732753404925,0.8554435652535002,0.9989528241627993
Ephb1,83.33247559995415,-0.11317677005948214,0.297539619197913,-0.38037546181102316,0.7036667268242667,0.9989528241627993
Ephb2,53.52061197904671,0.6550563477945767,0.8196104499616166,0.7992288871197943,0.42415770473005154,0.9989528241627993
Ephb3,2.784715876421474,-0.6123588322941405,1.1707690007734515,-0.5230398412407525,0.6009465281982374,0.9989528241627993
Ephb4,2.5897633487755174,-0.17077708125184335,1.1892777008168949,-0.1435973121622809,0.8858184632436984,0.9989528241627993
Ephx2,7.067300661408538,-0.18300249236609198,0.7400355915654461,-0.24728877158323528,0.8046847479730603,0.9989528241627993
Epm2a,24.863931540059486,-0.1750561634607755,0.44298353711579397,-0.3951753254772007,0.692713501267775,0.9989528241627993
Epn3,3.6985041570193418,0.3273996745700211,0.9942906302084987,0.3292796538788329,0.741944321273837,0.9989528241627993
Epo,0.0,,,,,
Epor,1.0816435899917896,-0.20007740712496733,1.9886483760536984,-0.10060974556095417,0.9198602601264544,0.9989528241627993
Eps15,532.3918965012689,-0.24639326550054186,0.21741633758019524,-1.1332785210295355,0.25709730876011105,0.9989528241627993
Eps15l1,50.84180581471798,-0.27842206758340815,0.337914798005792,-0.8239416244169214,0.40997272784673044,0.9989528241627993
Epx,0.36835640966567396,1.7572836633095952,3.5394358188749715,0.49648694120639747,0.6195508985355251,0.9989528241627993
Erap1,15.119760044482362,0.3873764700402604,0.552661087841274,0.7009295182213302,0.4833470018993308,0.9989528241627993
Erbb2,2.4252312354920424,-0.118157296271117,1.2408489869016919,-0.09522294615894157,0.9241377443993452,0.9989528241627993
Erbb3,38.848726594869625,-0.8117900588703869,0.45862322425098984,-1.770058767076567,0.07671735144080154,0.9989528241627993
Erbb4,124.71498840911563,-0.17905516439494132,0.23180959199773798,-0.7724234482785707,0.43986367044668917,0.9989528241627993
Erbin,691.0883542966695,-0.11447542039911754,0.21323846918331982,-0.5368422538275854,0.5913765819964565,0.9989528241627993
Erc2,10.085850997341222,-0.09308442297670755,0.6315484878120277,-0.14739077802116904,0.882823584101009,0.9989528241627993
Ercc1,17.157097377947817,-0.1984999794559715,0.5105985008712999,-0.3887594247089356,0.6974541187052559,0.9989528241627993
Ercc2,14.699776288043177,0.27758703126970585,0.5443571180810213,0.5099355221959094,0.6100966346399725,0.9989528241627993
Ercc6,45.86829571817977,-0.17820977239952634,0.32439622530569867,-0.5493583417365236,0.582759556731853,0.9989528241627993
Ercc6l,2.037333367525501,-0.9240656812555118,1.4062507268520064,-0.6571130336935714,0.5111082388816772,0.9989528241627993
Ereg,0.3673413105284456,0.06289684516389088,3.375816271233772,0.01863159606755013,0.985134997190086,0.9989528241627993
Erg,0.4285345485551382,-1.0628414768993322,2.943075592630831,-0.3611329180808613,0.7180000863203944,0.9989528241627993
Erg28,31.89022979216264,-0.14255726393386486,0.3756835282349557,-0.37946104425613336,0.7043455271332886,0.9989528241627993
Ermn,3537.453662602566,-0.21377598962739092,0.27024037973558385,-0.7910586487354687,0.4289097680417171,0.9989528241627993
Ern1,15.859060705881419,0.2108779272413145,0.5084510728536682,0.4147457611954041,0.6783280289428931,0.9989528241627993
Ern2,0.19588154313728123,-1.04897210706065,4.441716510347476,-0.23616367785223397,0.8133056632626428,0.9989528241627993
Ero1l,147.0640260271953,0.28403092065502733,0.2610246547001445,1.088138287095185,0.2765340636301683,0.9989528241627993
Ero1lb,15.367129868368616,0.9442377334324835,0.5110595938036157,1.8476078815092642,0.0646590887127175,0.9989528241627993
Erp44,86.48397660555838,-0.3970938078033388,0.25370272996313525,-1.5651932790042868,0.11753759695812996,0.9989528241627993
Esam,1.7121955963843059,1.3429944849968658,1.5270551609053353,0.8794669108093341,0.3791481665995504,0.9989528241627993
Esd,46.96219586212678,-0.05053503727110453,0.3208067042992218,-0.1575248789812374,0.8748312020655731,0.9989528241627993
Espl1,1.940807167649593,1.6192866320175936,1.5190414759650426,1.0659923758756262,0.2864270883821798,0.9989528241627993
Espn,0.0844641553441552,0.792399408974007,4.4542327259096215,0.17789807083153408,0.8588030259342062,0.9989528241627993
Esr1,0.5642379528029552,0.7670017698592508,2.7287921396468042,0.28107738904529617,0.7786510432797236,0.9989528241627993
Esr2,0.2963777001474035,-1.7783385220954793,4.057916322177916,-0.4382393279960565,0.6612128022343146,0.9989528241627993
Esrra,11.630141396667142,-0.36753681250768244,0.5997146980861061,-0.6128527676253686,0.5399736964056334,0.9989528241627993
Esrrb,1.6780913500980097,-0.8076582803918722,1.4622609891642917,-0.552335244102671,0.5807186879697944,0.9989528241627993
Esrrg,1.0447753081806044,0.13336270820964763,1.8909318301016687,0.07052750717220578,0.943773807499602,0.9989528241627993
Ess2,40.195032589119066,-0.1716688630373933,0.33283598025677974,-0.5157761576886983,0.6060107565834623,0.9989528241627993
Esyt2,36.83591924063475,-0.3131001265248703,0.3522984256758569,-0.8887355256391289,0.374145233666592,0.9989528241627993
Esyt3,0.31797753821147084,-1.8662970128816079,3.6765167983591094,-0.507626407069476,0.6117153677892653,0.9989528241627993
Etfbkmt,9.277521538484491,0.18280748317453588,0.6410637710662137,0.28516271145769395,0.7755194867418684,0.9989528241627993
Etnk1,421.15628499288897,-0.007987365332130677,0.18729395343919303,-0.04264614626079672,0.9659836095328487,0.9989528241627993
Etnppl,23.971235915017218,0.716668779321601,0.43989329544875416,1.6291877751637387,0.10327327409070627,0.9989528241627993
Ets1,10.54172142171038,0.59572145055617,0.6593029420942473,0.9035625545123256,0.36622740442248847,0.9989528241627993
Ets2,9.124518365251634,-0.18394228881155256,0.6460483779471341,-0.28471906298417254,0.7758593847198302,0.9989528241627993
Etv1,32.42058213994217,0.44043583133253733,0.46674558961735946,0.9436314796109996,0.34535799991043536,0.9989528241627993
Etv2,0.0,,,,,
Etv3,22.774219592314783,-0.29357799104629617,0.420844857557662,-0.6975919647683271,0.48543240810126487,0.9989528241627993
Etv4,1.692112115885864,0.6716003533502557,1.4955180237956214,0.4490753990685685,0.653377266325051,0.9989528241627993
Etv5,97.84789862448285,1.202332585675525,0.356678689025859,3.3709123159538037,0.0007491969974220941,0.7727484693841591
Etv6,21.21477988851664,0.26978742218924884,0.45382203432838397,0.5944784558301804,0.5521921477202385,0.9989528241627993
Eva1a,8.025676617332874,-0.1183165299881838,0.6842261790393936,-0.17292020330805238,0.8627141509293921,0.9989528241627993
Evl,111.60216262830308,-0.292776070292867,0.24642220734256784,-1.1881074901900361,0.2347910637637448,0.9989528241627993
Evpl,0.1689283106883104,1.3019780290833856,4.382858461404432,0.29706139053967606,0.7664196404032793,0.9989528241627993
Evx1,0.0,,,,,
Evx2,0.0,,,,,
Ewsr1,101.21194719485656,-0.022278298667387654,0.24756290615349758,-0.08999045541004572,0.9282947995335514,0.9989528241627993
Exoc3l2,0.344070393210983,-1.9539272275599722,3.590228627412163,-0.5442347633912002,0.5862799324997358,0.9989528241627993
Exoc4,202.99219009870953,0.2727316678964266,0.24849953492493723,1.0975137960673007,0.27241685325338183,0.9989528241627993
Exosc9,35.10437403506999,-0.09041616749592274,0.36272486798181,-0.24926928224964423,0.8031524907150981,0.9989528241627993
Exph5,2.68665322962013,-0.47234167086902146,1.260004576530772,-0.3748729803581677,0.7077549347058226,0.9989528241627993
Ext1,27.38758247707857,0.21824556471399398,0.42555027301193615,0.5128549517059585,0.6080527871320258,0.9989528241627993
Ext2,73.6654038049442,0.03905516233794131,0.27184664853860857,0.14366615350196077,0.885764099468131,0.9989528241627993
Extl1,1.9493912943831295,-0.6096663754559635,1.4111207701332682,-0.4320440803931939,0.6657093758231745,0.9989528241627993
Eya1,4.795975351343806,0.3064111675429949,0.8803305038438064,0.3480637853682283,0.727792280913928,0.9989528241627993
Eya2,0.4911083848560304,0.9593079476048195,3.0045508058151014,0.31928498121853854,0.7495104204114085,0.9989528241627993
Eya3,33.3482531235913,-0.08561567758073674,0.3573010172433382,-0.23961778290272426,0.8106265775830369,0.9989528241627993
Eya4,5.2722240871193025,0.030861429373190825,0.8572089551457847,0.036002224647714104,0.9712805850933439,0.9989528241627993
Ezh1,110.70072406648858,-0.011146260280447781,0.23524205025569025,-0.04738209120492124,0.9622087021358712,0.9989528241627993
Ezh2,18.56946697089968,0.07931651402754589,0.5280006428213473,0.15022048761857887,0.8805906625210213,0.9989528241627993
Ezr,46.76485709158171,-0.06727999782947575,0.3407869083937933,-0.19742541797330707,0.8434946403717891,0.9989528241627993
F11r,5.900870896256715,-0.48037833983903516,0.7931093183066356,-0.6056899455735674,0.5447206618250013,0.9989528241627993
F13a1,0.8220373521249619,1.6618844883403665,2.426887295507882,0.6847802497530397,0.4934826001328795,0.9989528241627993
F2r,1.9915261957285135,0.47175629587724094,1.3176902036861455,0.3580176088108843,0.7203301358894636,0.9989528241627993
F2rl1,0.0,,,,,
F2rl2,0.3196486174648661,0.06937732929185016,3.5282803147375463,0.01966321354968953,0.9843120364369622,0.9989528241627993
F2rl3,0.2542528434819243,-0.16717394861669324,3.8378714626530117,-0.043559027508735436,0.9652559119888277,0.9989528241627993
F3,11.977968325807367,-0.5586727643056814,0.5787242734215932,-0.9653522237846336,0.3343684225842537,0.9989528241627993
F8,3.15919815610734,-0.002718990845744046,1.092597710157966,-0.0024885562366325467,0.9980144214495204,0.999437389844584
F9,1.019589974515638,2.026205773546858,2.186345666474363,0.9267545405179493,0.3540539926527725,0.9989528241627993
Faah,26.053316029485657,0.21058184586298584,0.4183710354097258,0.5033375354408927,0.6147269805609803,0.9989528241627993
Faap100,9.790642426814015,0.6490243769240207,0.6729597828124861,0.9644326355009912,0.33482906680823454,0.9989528241627993
Fabp12,0.5802699544689222,-0.7135172725073472,2.8631653741604057,-0.2492057493244095,0.8032016323804623,0.9989528241627993
Fabp3,11.976915296288306,0.6475505867064497,0.6097419185988235,1.0620076575914443,0.2882322088534235,0.9989528241627993
Fabp7,63.22269222359051,0.5520525782268294,0.3863332413391244,1.4289543822666715,0.15301734529742989,0.9989528241627993
Fadd,28.861349086273307,-0.009308109988447697,0.40034004682327434,-0.023250509316537743,0.9814504488724285,0.9989528241627993
Fah,66.42369771229141,-0.48366901301694626,0.3304675140816043,-1.46359019391392,0.14330595347970826,0.9989528241627993
Fam104a,5.975333918592753,-0.5847881973281638,0.7844242651386323,-0.745499882292414,0.4559695822785027,0.9989528241627993
Fam107a,490.45945682336264,0.10238767070747883,0.18162603375935357,0.5637279446576361,0.5729392963176607,0.9989528241627993
Fam107b,62.89551603118278,-0.16860960842104467,0.29720066256654737,-0.5673258160495878,0.5704928405668173,0.9989528241627993
Fam129a,3.386535993308941,0.30219669742668787,1.1111226746462672,0.27197419719914734,0.7856418594065028,0.9989528241627993
Fam136a,33.57655332185994,0.46174278854721823,0.42740663487306857,1.0803360333522825,0.2799925693269174,0.9989528241627993
Fam13b,49.91549672962108,-0.33165292646369365,0.32518139095243787,-1.0199013095192841,0.3077752684339614,0.9989528241627993
Fam192a,34.14235217201453,0.05302457967036276,0.3675930924734489,0.14424803065142663,0.8853046145341432,0.9989528241627993
Fam20a,6.2947328188476,0.007607370776029689,0.8037736246932432,0.009464568806836639,0.992448479416301,0.9989528241627993
Fam20c,13.46820410829506,0.05515131544674058,0.5600636733178544,0.09847329522377433,0.9215564762028736,0.9989528241627993
Fam210a,75.70887966164287,-0.10487721268781122,0.27307723021995567,-0.38405696660734295,0.7009362257704079,0.9989528241627993
Fam210b,11.365801855766193,0.4194639139883499,0.6101321200195607,0.6874968555579437,0.4917696815947269,0.9989528241627993
Fam214a,62.70450702989691,-0.06518762024793347,0.3482336700411328,-0.18719505279381402,0.8515077035779872,0.9989528241627993
Fam49b,228.04108978829734,-0.2865544224345167,0.19586414197715676,-1.4630264608002468,0.14346013860130985,0.9989528241627993
Fam83d,24.96331427676861,0.0025494761735735377,1.302808291362982,0.0019569081579196177,0.9984386141904386,0.999437389844584
Fam92a,62.82002674390623,-0.08787785262294195,0.2942519009911292,-0.29864837687349793,0.7652083495449369,0.9989528241627993
Fancc,9.963876980518416,0.11472110373626036,0.6250715040586556,0.18353276863745036,0.8543800097667884,0.9989528241627993
Fanci,0.34291953478232867,1.9332222252974967,3.87157603160201,0.4993372749282037,0.6175417997786022,0.9989528241627993
Fancl,11.924581368141995,0.08115929519227447,0.5665444321752557,0.14325318648117705,0.8860902261951078,0.9989528241627993
Fap,0.9439289498658595,2.0865556865340618,2.1759909919592024,0.9588990461101974,0.33760960537444884,0.9989528241627993
Far2,2.657640903815791,1.1349883037995963,1.1992088095495512,0.946447603421061,0.34392033508471476,0.9989528241627993
Fas,1.7764215495422493,-0.37051968387561224,1.4844211445974949,-0.24960550125825626,0.8028924438420535,0.9989528241627993
Fasl,0.5118478454706391,2.4999272957749676,3.149823743038765,0.7936721225433347,0.42738633344862,0.9989528241627993
Fasn,497.9252846151987,-0.6671756788342084,0.28005211440158534,-2.3823268760524368,0.017203619077247226,0.9989528241627993
Fat1,335.56367321746893,-0.05565468818866505,0.18462834757471738,-0.30144172831391514,0.7630776785679846,0.9989528241627993
Fat4,3.835909353769732,-1.3391246748190835,1.0017753541694412,-1.3367514675277017,0.18130377584148283,0.9989528241627993
Fbh1,51.500788600920494,-0.2045145126134036,0.3139318301326574,-0.6514615371336586,0.5147485980459083,0.9989528241627993
Fbl,37.43639585286406,0.40044455268358975,0.35574397974822414,1.1256537720385378,0.26031209809496436,0.9989528241627993
Fbln1,4.375278509991339,-0.31493367373604986,0.9090300163385436,-0.3464502470496655,0.7290043686993661,0.9989528241627993
Fbln2,2.9652900360508205,0.07342523539993896,1.1852329191620752,0.06195004729690469,0.9506026120245258,0.9989528241627993
Fbn1,3.4939705403114587,0.12526270480623705,1.0395408504241166,0.12049810717407768,0.9040885789775153,0.9989528241627993
Fbxl12,32.57278597635803,0.26165236147696214,0.4082348259254378,0.6409359144796523,0.5215643207082188,0.9989528241627993
Fbxl13,0.7672515473812176,-0.634173107358485,2.158244506332186,-0.2938374709157612,0.7688821006804023,0.9989528241627993
Fbxl16,6.699355076596657,0.6210253787794664,0.7535680207455107,0.8241132342175047,0.40987522112239116,0.9989528241627993
Fbxl17,52.47508939407941,-0.1466509308385522,0.3023289906073809,-0.4850706858906569,0.6276262052180398,0.9989528241627993
Fbxl19,50.33208402998583,0.17981693964346332,0.3100845530849096,0.5798964761531495,0.5619844322226764,0.9989528241627993
Fbxl20,100.01418986240428,-0.10756192135926844,0.2706703018657189,-0.39739092400551035,0.6910792072782594,0.9989528241627993
Fbxl3,177.29033679044537,-0.004353213387407946,0.20430674395934598,-0.021307242742188533,0.9830005662789599,0.9989528241627993
Fbxl4,30.70039770617072,-0.15024392587552085,0.3819014046362522,-0.39341024686364523,0.6940165026601876,0.9989528241627993
Fbxl7,1.2835063261413977,0.6323019140421108,1.6852134707640036,0.37520582704305827,0.70750739689423,0.9989528241627993
Fbxo11,77.83016725420325,-0.1875247803919347,0.2735927537094645,-0.6854157423740554,0.49308161294130803,0.9989528241627993
Fbxo17,2.9999930738882914,-0.4908593147605687,1.1481245365102932,-0.427531421157959,0.6689923041637171,0.9989528241627993
Fbxo2,204.04864993953723,0.07342734285423903,0.2203557715848195,0.333221781876384,0.7389668772264781,0.9989528241627993
Fbxo21,85.17419479348534,-0.17674880239495716,0.25492787404864886,-0.6933286642528055,0.4881033184289413,0.9989528241627993
Fbxo3,105.02128009866145,0.12350517624033812,0.2368888636029437,0.521363369986648,0.6021136636840995,0.9989528241627993
Fbxo31,54.6151563641574,0.034837569425385705,0.30043226820559804,0.11595814801606111,0.9076857110141147,0.9989528241627993
Fbxo32,50.092980284797285,-0.07080502546039404,0.31611912557181504,-0.22398209957185505,0.8227712318757574,0.9989528241627993
Fbxo33,73.83468187533838,-0.13244668574024127,0.2729558061421743,-0.485231245351322,0.6275123204350022,0.9989528241627993
Fbxo4,10.320030405004609,0.050510558935638494,0.6609144620460068,0.07642525899535,0.939080774596904,0.9989528241627993
Fbxo41,3.4136936230912043,-0.3230433181407567,1.0300226564520276,-0.3136273907347806,0.7538040536376719,0.9989528241627993
Fbxo5,9.439210933521306,0.06961032890933991,0.6340672384008319,0.10978382842315385,0.9125808165624804,0.9989528241627993
Fbxw11,126.8509112966275,-0.0181081528669295,0.22709065527001807,-0.07973975347157428,0.9364442414040237,0.9989528241627993
Fbxw7,44.70832639927814,0.10812693202235182,0.34614414269384364,0.3123754490856358,0.7547552063100831,0.9989528241627993
Fcgr1,3.5917516238500458,0.9440494803621948,1.0618355838228768,0.889073124638918,0.3739637815140231,0.9989528241627993
Fcgr2b,1.827815520133681,1.3563250260699802,1.4867944939530868,0.9122478133906626,0.36163827934793735,0.9989528241627993
Fcgr3,12.147738045959647,1.1458636019581663,0.6167257828071806,1.8579790790365265,0.06317198530548554,0.9989528241627993
Fcgr4,0.19588154313728123,-1.04897210706065,4.441716510347476,-0.23616367785223397,0.8133056632626428,0.9989528241627993
Fcgrt,19.42947421753753,-0.05619950502574776,0.5165439116479101,-0.10879908514739173,0.913361849458727,0.9989528241627993
Fcmr,0.0,,,,,
Fcrls,5.048534600607334,1.0906615579861407,0.9601992049653801,1.135870090650059,0.25601093749998305,0.9989528241627993
Fdx1,38.014140050970475,0.01537578525610739,0.34507885563779117,0.04455730916253658,0.9644601711929087,0.9989528241627993
Fen1,16.65730691986418,0.03313624986242815,0.4852660305870102,0.06828470936311848,0.9455589958770457,0.9989528241627993
Fermt1,0.0,,,,,
Fermt3,1.6489721600831562,0.49999527262068116,1.5090461167224616,0.3313320030978474,0.7403937202418166,0.9989528241627993
Fezf1,0.0,,,,,
Fezf2,12.862635186005905,-0.4579979253081417,0.5785705667014882,-0.7916025315965379,0.4285924703302525,0.9989528241627993
Ffar1,0.0,,,,,
Ffar2,0.4240415316196933,-1.0570825176821437,3.1589422440206905,-0.3346317963498734,0.7379028563699441,0.9989528241627993
Ffar3,0.0,,,,,
Ffar4,0.33957737627553813,-1.9432018914428923,3.8789863832061107,-0.5009561002471917,0.6164020189533028,0.9989528241627993
Fga,0.0844641553441552,0.792399408974007,4.4542327259096215,0.17789807083153408,0.8588030259342062,0.9989528241627993
Fgb,0.0,,,,,
Fgf1,19.662095337968008,0.27614558503690406,0.5244106136081833,0.5265827538022104,0.5984833709390527,0.9989528241627993
Fgf10,1.6647455268226663,0.9150682435086955,1.6250710374313748,0.563094303222014,0.5733706704733406,0.9989528241627993
Fgf12,25.992972166619456,-0.20169558899252932,0.42020356515421403,-0.47999494939674625,0.6312309843442889,0.9989528241627993
Fgf15,0.14818885007370175,-1.0489721070606506,4.441716510347476,-0.23616367785223408,0.8133056632626426,0.9989528241627993
Fgf16,0.17145976739116434,1.0513301897027478,4.415151725658759,0.23811870011010441,0.811789031237038,0.9989528241627993
Fgf17,0.2803456984814365,-0.16632470026510202,3.7146320315781236,-0.04477555215460754,0.9642862120979863,0.9989528241627993
Fgf18,2.408493578064386,1.4492085365121001,1.2964724284315272,1.1178089905585984,0.2636485808836073,0.9989528241627993
Fgf2,3.8297108797677186,-0.14580230782669243,0.9950803408676882,-0.14652315178848377,0.8835084146653349,0.9989528241627993
Fgf21,0.14818885007370175,-1.0489721070606506,4.441716510347476,-0.23616367785223408,0.8133056632626426,0.9989528241627993
Fgf22,18.983923648869844,-0.1705125897068213,0.5191667970613048,-0.32843508227412055,0.7425827209626639,0.9989528241627993
Fgf23,0.0,,,,,
Fgf3,0.0,,,,,
Fgf4,0.19588154313728123,-1.04897210706065,4.441716510347476,-0.23616367785223397,0.8133056632626428,0.9989528241627993
Fgf5,0.3403880780794748,1.9814013603804286,3.5709597139286235,0.5548652236685616,0.5789868503047007,0.9989528241627993
Fgf7,46.14016684966388,0.2099063778195357,0.37087159263479696,0.5659812775852956,0.5714065079200533,0.9989528241627993
Fgf8,0.7159733587167393,1.422094193904608,2.697252472360842,0.5272380722520505,0.5980282730014803,0.9989528241627993
Fgf9,1.9079224178338172,-0.231230393203153,1.330911573537104,-0.17373835933263573,0.8620710895625967,0.9989528241627993
Fgfbp3,22.307856703604532,0.10581000337965298,0.42756926956636615,0.24746868147695408,0.8045455264070658,0.9989528241627993
Fgfr1,47.395841902152235,-0.04821784300735119,0.316390008632718,-0.15240001798958505,0.878871442889782,0.9989528241627993
Fgfr1op,14.7712332599444,-0.2467389486259893,0.5339170777833306,-0.462129718064794,0.6439882999352322,0.9989528241627993
Fgfr2,313.012596820422,0.0029854021289828993,0.2190840771517597,0.01362674169567745,0.9891277696619578,0.9989528241627993
Fgfr3,65.86306124764275,-0.3625749909988987,0.290395264643789,-1.2485568297528833,0.21182721040119967,0.9989528241627993
Fgfr4,0.5372847203539843,2.50621852846887,3.130829976211647,0.8004965288793591,0.4234231738636006,0.9989528241627993
Fgg,0.0,,,,,
Fgl1,0.0844641553441552,0.792399408974007,4.4542327259096215,0.17789807083153408,0.8588030259342062,0.9989528241627993
Fgr,0.0,,,,,
Fh1,103.64295473130811,0.18378324655555595,0.2585160125552231,0.710916297752724,0.47713610596721046,0.9989528241627993
Fhl2,1.0484576233121128,-1.8074796367321657,1.9849403467579465,-0.9105964517696303,0.362508040753617,0.9989528241627993
Fhod1,2.5696301926315535,0.6524092463332917,1.1929899351929922,0.5468690280507272,0.5844687153362956,0.9989528241627993
Fibcd1,0.6522486639871926,2.6661002502808597,3.0167594673713274,0.8837629513114558,0.3768241898887883,0.9989528241627993
Fign,45.33938731462923,-0.3168845202552017,0.31901209256811774,-0.9933307471331614,0.32054879827924176,0.9989528241627993
Fkbp5,74.11184411330417,1.267848932699612,0.3792276375337256,3.3432398043163696,0.0008280630833520778,0.7727484693841591
Fli1,3.975774536044715,0.6837395132750972,1.0111237850281236,0.6762174161060602,0.49890261655361823,0.9989528241627993
Flna,71.28658513360354,1.1113737404737098,0.43276958979270963,2.568049527246223,0.01022725426321599,0.9989528241627993
Flnb,151.99529179936494,-0.3663938311914129,0.22230851134850046,-1.6481322688407463,0.09932553184793944,0.9989528241627993
Flot1,75.97017261762811,-0.3185302197928961,0.2629844801290287,-1.2112129949136727,0.2258137836279166,0.9989528241627993
Flot2,81.60814773269932,-0.10101184881046625,0.2607437456274095,-0.38739893287721433,0.6984608936849817,0.9989528241627993
Flt1,8.729478535546912,0.9852417946031632,0.7066712803944933,1.3942009841593679,0.16325692085238608,0.9989528241627993
Flt3,0.16978868813776907,-1.0489721070606506,4.441716510347476,-0.23616367785223408,0.8133056632626426,0.9989528241627993
Flt3l,0.8768620966295225,0.6494945242241995,2.1871757785497294,0.29695579596024313,0.7665002573297679,0.9989528241627993
Flt4,0.8552622585654551,0.7049779820704014,2.0963683419055683,0.33628535977107277,0.7366556889374987,0.9989528241627993
Fmc1,100.50814001735846,-0.17230629067554182,0.23831714952051708,-0.723012552903616,0.4696721720940972,0.9989528241627993
Fmo4,0.0,,,,,
Fmod,0.3378566213766208,2.0114954976631876,3.8566635551212376,0.5215636440446396,0.6019741820035962,0.9989528241627993
Fmr1,145.29062462959183,0.061474887812627804,0.22222708832645502,0.2766309376394306,0.7820635065821641,0.9989528241627993
Fn1,4.628767795554413,-0.282486202708565,0.8773659140116212,-0.32197079712948967,0.7474748179696126,0.9989528241627993
Fndc5,3.1645615951721475,0.5094018176988541,1.081245761034486,0.47112491540450696,0.637551533615953,0.9989528241627993
Folr1,8.489859951228679,-0.2249288545664602,0.6750377929672012,-0.33320927644326587,0.7389763162784863,0.9989528241627993
Folr2,0.0844641553441552,0.792399408974007,4.4542327259096215,0.17789807083153408,0.8588030259342062,0.9989528241627993
Fopnl,40.4880474621904,0.02743971425246826,0.33517400172689704,0.08186707235970646,0.9347524189668063,0.9989528241627993
Fos,23.729262267792066,0.0989756185557039,0.5154685757870067,0.1920109647898322,0.8477336165753757,0.9989528241627993
Fosb,5.94945629683484,-1.0957985422030585,0.9561794444669036,-1.1460176732977108,0.2517878394851387,0.9989528241627993
Fosl1,1.3644736012909926,-2.7254135489113516,1.9930840669597227,-1.367435320010728,0.17148889783584897,0.9989528241627993
Fosl2,4.696830785531636,-0.9311524409995421,0.928388256112272,-1.002977401824152,0.3158717647581053,0.9989528241627993
Foxa1,0.6863339478771447,-0.08516153979605838,2.327518888192424,-0.036588979031743,0.9708127311061365,0.9989528241627993
Foxa2,0.0,,,,,
Foxb1,0.45180546587260073,0.6776671811723891,2.895116889436485,0.23407247688168215,0.8149287126992129,0.9989528241627993
Foxc1,1.0608073098465718,-0.4301498204754586,1.8539400179101333,-0.23201927587730045,0.8165230422951899,0.9989528241627993
Foxc2,0.0,,,,,
Foxd1,0.23265300541785697,-0.16790098615632193,3.9558685371806974,-0.0424435201974591,0.9661451354878905,0.9989528241627993
Foxd2,0.0,,,,,
Foxd3,0.2803456984814365,-0.16632470026510202,3.7146320315781236,-0.04477555215460754,0.9642862120979863,0.9989528241627993
Foxf1,0.14818885007370175,-1.0489721070606506,4.441716510347476,-0.23616367785223408,0.8133056632626426,0.9989528241627993
Foxg1,64.79109305712139,0.26906403947284674,0.30312822090409763,0.8876245130537419,0.37474276330145306,0.9989528241627993
Foxh1,0.0,,,,,
Foxi1,0.16978868813776907,-1.0489721070606506,4.441716510347476,-0.23616367785223408,0.8133056632626426,0.9989528241627993
Foxi2,0.16978868813776907,-1.0489721070606506,4.441716510347476,-0.23616367785223408,0.8133056632626426,0.9989528241627993
Foxj1,28.097957520303396,-0.24541977490531527,0.47543041992425383,-0.5162054521972235,0.6057109227089117,0.9989528241627993
Foxj2,87.90893902273501,0.43291151902425823,0.25435267905702985,1.7020128139762691,0.08875296619403546,0.9989528241627993
Foxj3,22.389466691225156,0.22005590449498116,0.43686737171104756,0.5037132977752579,0.6144628624021187,0.9989528241627993
Foxl2,0.2542528434819243,-0.16717394861669324,3.8378714626530117,-0.043559027508735436,0.9652559119888277,0.9989528241627993
Foxm1,3.9940964978750624,0.7857143045680626,0.9773716719893835,0.8039053382515032,0.4214516468457481,0.9989528241627993
Foxn1,0.0,,,,,
Foxn4,0.16978868813776907,-1.0489721070606506,4.441716510347476,-0.23616367785223408,0.8133056632626426,0.9989528241627993
Foxo1,80.66964478004509,-0.14240698252474834,0.2618158097512347,-0.5439204861618436,0.5864961908817872,0.9989528241627993
Foxo3,33.89641911415925,0.14655321703436197,0.36264511445130493,0.40412295986973995,0.686122302036674,0.9989528241627993
Foxo4,5.762714718027815,0.15436800323954963,0.7975895896161093,0.19354315207881417,0.846533614398105,0.9989528241627993
Foxp1,50.08722900842681,-0.03945255425632461,0.31321357595928334,-0.12596054987556893,0.8997631524257492,0.9989528241627993
Foxp2,5.04842135628091,0.6473004264205336,0.8611702219622978,0.7516521239500924,0.4522602886925937,0.9989528241627993
Foxp3,0.0,,,,,
Foxp4,29.479615275033137,0.009204721039017889,0.4063119183362748,0.022654322021141926,0.9819260122206623,0.9989528241627993
Fpr1,0.0,,,,,
Fpr2,0.14818885007370175,-1.0489721070606506,4.441716510347476,-0.23616367785223408,0.8133056632626426,0.9989528241627993
Fras1,1.229735620534882,0.05801527428017762,1.7437101250418816,0.0332711690131318,0.9734583448205905,0.9989528241627993
Frk,0.14818885007370175,-1.0489721070606506,4.441716510347476,-0.23616367785223408,0.8133056632626426,0.9989528241627993
Frmd4a,252.18188490748594,-0.25032166553059526,0.1948888412107234,-1.284433033597522,0.19899048082276405,0.9989528241627993
Frmd7,1.5671941831296248,1.838678693839031,1.6567757534207987,1.109793338080094,0.2670880906946418,0.9989528241627993
Frmpd1,5.8400757170119,-0.5597866916909914,0.8012581228116283,-0.6986346543691693,0.4847803808639466,0.9989528241627993
Frrs1,0.5677845086430374,2.4439537832377067,3.3420085026710016,0.7312829339854907,0.4646063523375513,0.9989528241627993
Frrs1l,23.159866965244394,0.2964606229655611,0.44510718174357966,0.6660432253738564,0.5053834720097651,0.9989528241627993
Frs2,100.92564791007614,-0.10529678425530392,0.245841378736947,-0.42831188466434955,0.6684240674176922,0.9989528241627993
Fryl,192.3932140343618,-0.17184641786279756,0.21442156631118053,-0.801441855029659,0.4228758926284608,0.9989528241627993
Frzb,0.5372847203539843,2.50621852846887,3.130829976211647,0.8004965288793591,0.4234231738636006,0.9989528241627993
Fscn1,1212.0916575512865,-0.04875931995739414,0.16977946535114874,-0.2871920927336354,0.7739652405041964,0.9989528241627993
Fscn2,0.2803456984814365,-0.16632470026510202,3.7146320315781236,-0.04477555215460754,0.9642862120979863,0.9989528241627993
Fshb,0.0844641553441552,0.792399408974007,4.4542327259096215,0.17789807083153408,0.8588030259342062,0.9989528241627993
Fshr,0.0,,,,,
Fst,0.0,,,,,
Fstl1,16.986993484713658,0.24036035167781508,0.5226785029777885,0.4598627077801004,0.6456147693017622,0.9989528241627993
Fstl4,2.116153647505557,0.2032537678378112,1.2745947286228085,0.1594654075318714,0.8733022103267714,0.9989528241627993
Fstl5,3.565293269713562,0.6756042763309904,1.0203702762165139,0.6621167747419103,0.5078963860092887,0.9989528241627993
Fthl17a,0.19588154313728123,-1.04897210706065,4.441716510347476,-0.23616367785223397,0.8133056632626428,0.9989528241627993
Fto,102.73885641051798,-0.0248623475368995,0.2496645968873606,-0.0995829919294343,0.920675397171137,0.9989528241627993
Ftsj1,32.545499699416844,-0.09146257941492472,0.3739078447951272,-0.24461262497725664,0.8067563876750291,0.9989528241627993
Fubp1,82.62306591329198,-0.0816642281202019,0.25697476924157736,-0.3177908413390998,0.7506435984095654,0.9989528241627993
Fundc1,129.94381276797662,-0.05010639851322597,0.23276519452448688,-0.215265854568969,0.829560049659951,0.9989528241627993
Furin,54.213687187801554,0.07187274357228138,0.30966639903718285,0.2320973273036683,0.8164624207087641,0.9989528241627993
Fus,91.56814936062183,-0.20918990175061145,0.25323819633984973,-0.8260598313134219,0.4087701524579417,0.9989528241627993
Fut1,0.5388010779196098,0.9565786226575762,2.9210707628198525,0.3274753336458526,0.7433083962908982,0.9989528241627993
Fut4,0.25592392273531955,1.6399365151295664,3.9421765910468314,0.415997730506052,0.6774116639136933,0.9989528241627993
Fv1,8.83016194566225,-0.11662428476935467,0.6417451852394858,-0.18172989443751408,0.8557947042345854,0.9989528241627993
Fxn,3.030288464844053,-0.2286879891111815,1.134501640682716,-0.20157572356930445,0.8402484254165952,0.9989528241627993
Fxr1,155.5024258981102,0.028189313914754443,0.22752512964678992,0.12389538667010339,0.9013981057093339,0.9989528241627993
Fyn,281.7654255503449,-0.03473361058356489,0.2284581346938543,-0.15203490403224085,0.8791594062011586,0.9989528241627993
Fzd1,10.938219127614104,0.8183462579355937,0.679107369295007,1.2050322157233146,0.22819086545004574,0.9989528241627993
Fzd10,0.5101767662172438,1.0410423814519696,2.743272532336314,0.3794892301733374,0.7043246003377556,0.9989528241627993
Fzd2,4.220141225245337,-0.7884362532422972,0.9618237797086222,-0.8197304640161304,0.41236977926205265,0.9989528241627993
Fzd3,74.63480478343436,-0.18308004955832544,0.30503981252014783,-0.6001841138236113,0.5483835397664398,0.9989528241627993
Fzd4,4.986067215145659,0.6495189013042015,0.933026174236168,0.6961422082675625,0.4863397756693254,0.9989528241627993
Fzd5,14.468432806294333,-0.27098724261320867,0.5558508643532489,-0.4875178937222872,0.625891365369584,0.9989528241627993
Fzd6,3.761783649081923,-0.1761000518420014,0.9725715508343732,-0.18106642302144704,0.8563154394849637,0.9989528241627993
Fzd7,8.677624755660966,-0.14971471541577164,0.6648591467819541,-0.22518260618120334,0.8218372202411877,0.9989528241627993
Fzd8,3.108790389572224,1.059328992081786,1.096334059038678,0.9662465407766863,0.33392082941688894,0.9989528241627993
G3bp1,95.17516983016105,0.035900647518002975,0.27830569015757,0.12899717392654422,0.8973598850259027,0.9989528241627993
G6pc,0.17145976739116434,1.0513301897027478,4.415151725658759,0.23811870011010441,0.811789031237038,0.9989528241627993
G6pc2,0.17145976739116434,1.0513301897027478,4.415151725658759,0.23811870011010441,0.811789031237038,0.9989528241627993
G6pdx,5.156051382900279,-0.13949524892493675,0.8412825573647821,-0.16581260089581448,0.8683044293185981,0.9989528241627993
Gaa,45.337730424198035,0.17339817928598222,0.3756161406813834,0.4616366564318313,0.644341902923756,0.9989528241627993
Gab1,546.761101012118,-0.009710394795523897,0.17921711685343247,-0.05418229556424157,0.9567899260554424,0.9989528241627993
Gabbr1,444.3774065424238,-0.11013672330759706,0.20405504027606858,-0.5397402737937359,0.5893761615334403,0.9989528241627993
Gabbr2,17.378903485375744,0.6125601547181954,0.4816167802316721,1.2718829157562481,0.20341472279101447,0.9989528241627993
Gabpb1,33.36153009705678,0.44624846126259743,0.3761558032669605,1.1863394300629508,0.2354882811005785,0.9989528241627993
Gabra1,15.742243087034355,0.05650223557561018,0.5001957961139969,0.11296023680041699,0.9100620798160707,0.9989528241627993
Gabra2,4.3133507211220445,1.996929428443412,1.013071204227722,1.971163941991322,0.04870512683820172,0.9989528241627993
Gabra5,4.739092227076045,0.5418555701830978,0.8818851032617696,0.6144287596864635,0.5389320359379572,0.9989528241627993
Gabra6,0.0,,,,,
Gabrb2,9.535967698830264,1.1039184480147874,0.6519312823248206,1.6933049202335515,0.09039744207508316,0.9989528241627993
Gabrb3,22.4571541373855,-0.06248325462216201,0.44084094307676097,-0.14173650520315256,0.8872881390333875,0.9989528241627993
Gabrd,4.914826007441815,-0.3349642339526077,0.9080146256424484,-0.3688973993294548,0.7122042018881107,0.9989528241627993
Gabrg1,4.338141548573792,-0.6028213813643811,0.9387891655111057,-0.642126478990825,0.5207910645874532,0.9989528241627993
Gabrg2,7.777781201884955,0.08851525268156656,0.7015736854505719,0.12616672277940325,0.8995999522072858,0.9989528241627993
Gabrg3,8.965342178113497,-0.9186983222145569,0.6655905546551488,-1.380275479856451,0.1675018416477283,0.9989528241627993
Gabrp,0.16978868813776907,-1.0489721070606506,4.441716510347476,-0.23616367785223408,0.8133056632626426,0.9989528241627993
Gabrq,0.8577937152683092,0.6003750991205388,2.0365204811176247,0.2948043511897598,0.7681433423179171,0.9989528241627993
Gabrr2,20.664024080942642,-0.4160916415428714,0.6102511105642948,-0.6818367625060354,0.49534217559316407,0.9989528241627993
Gad1,22.491996092678676,-0.06816481173300853,0.4799225933627382,-0.14203292921758273,0.8870539955936789,0.9989528241627993
Gad2,27.41012420845027,-0.23167145989756396,0.3952868266694598,-0.5860844436672523,0.5578187696715766,0.9989528241627993
Gadd45a,8.314378391856849,2.78659521169208,0.9424051845367628,2.9568971578417456,0.0031075174529261516,0.9989528241627993
Gak,41.72481969145611,0.48427372617432995,0.33885204365178523,1.429159821364349,0.15295830287691042,0.9989528241627993
Gal,0.0,,,,,
Galc,39.17430463424203,0.3633016509893469,0.34086389284854957,1.065826151175146,0.2865022370101543,0.9989528241627993
Galnt14,2.546942055440749,-2.060513572921032,1.3609790254709075,-1.5139936283794537,0.13002745551506448,0.9989528241627993
Galnt15,1.578212947035406,-0.7103246589771722,1.544014137610535,-0.46005061849786366,0.6454798879488455,0.9989528241627993
Galnt17,14.030308775172374,0.9578821947555176,0.5402418411192574,1.7730618435088348,0.07621845975338987,0.9989528241627993
Galnt18,6.178607280901033,0.44055672823532505,0.7831261221577976,0.5625616561243428,0.5737334082051099,0.9989528241627993
Galntl5,0.0,,,,,
Galp,0.0,,,,,
Galr1,0.841897472893768,-2.165669464059216,2.3953239069372794,-0.9041238463771251,0.365929735042401,0.9989528241627993
Galr2,1.0159365544650416,-1.2415319358859886,2.0669388250649754,-0.6006621583717943,0.5480650282619299,0.9989528241627993
Gap43,71.08796931272975,0.18973976576750096,0.27590452071110794,0.6877008222934204,0.49164120207861284,0.9989528241627993
Gar1,27.95440520952457,0.5483239545844409,0.41717319304285,1.314379647898708,0.18871847591726032,0.9989528241627993
Garem1,26.043355877854804,-0.2574109373207108,0.42704989725733516,-0.6027654823801492,0.5466647125448558,0.9989528241627993
Gars,162.2662152889898,0.29123246773242367,0.25903577635716984,1.124294380598839,0.2608881615037787,0.9989528241627993
Gart,54.84265913356484,-0.20651561607968563,0.2967813644245418,-0.6958510231264649,0.4865221319372255,0.9989528241627993
Gas1,6.092714669805422,0.10113582483640388,0.8123924109818577,0.12449134613920272,0.9009262518599309,0.9989528241627993
Gas6,23.95106863861641,-0.010318968698484832,0.4384467636314791,-0.023535283082071225,0.9812232944434444,0.9989528241627993
Gast,0.0,,,,,
Gata1,0.0,,,,,
Gata2,1.7594430867809197,0.5465897371950288,1.5398035729523947,0.3549736776795539,0.7226093109316158,0.9989528241627993
Gata3,0.7686321456554174,1.7383845680644585,2.438111345736951,0.7130045849235032,0.4758429199979263,0.9989528241627993
Gata4,0.14818885007370175,-1.0489721070606506,4.441716510347476,-0.23616367785223408,0.8133056632626426,0.9989528241627993
Gata5,0.0,,,,,
Gata6,0.0,,,,,
Gatad2b,163.02689621602786,0.05243402945068887,0.2158116384191327,0.24296200999528833,0.8080348273716044,0.9989528241627993
Gatd3a,93.44581401791181,0.03388968148988787,0.24582521511870964,0.1378608840981689,0.8903503651217629,0.9989528241627993
Gba,27.4488017653696,-0.01853241628069222,0.39081327537566635,-0.0474201298890834,0.9621783857346398,0.9989528241627993
Gba2,23.415875041462016,-0.08128721804687243,0.44273305027740645,-0.18360322997332074,0.8543247290484469,0.9989528241627993
Gbf1,75.72316930809791,-0.13883320837459873,0.26259833274023425,-0.5286903649610538,0.5970202621225156,0.9989528241627993
Gbp2,7.528745993496506,0.3822383868909422,0.7288831326720724,0.5244165624874089,0.5999888392674761,0.9989528241627993
Gbp2b,0.0,,,,,
Gbp3,4.045155682578701,-0.7470951778762827,0.9442724421823914,-0.7911860438811548,0.42883543429803495,0.9989528241627993
Gbp7,12.407386882311192,0.32524506845017387,0.6537200201497545,0.4975296127165673,0.6188156258303472,0.9989528241627993
Gbx1,0.3808418554915587,-0.9059678798235495,3.272217583421071,-0.2768666376018825,0.7818825108683987,0.9989528241627993
Gbx2,1.677095213357125,1.9453373797683715,1.6083054738679363,1.2095571465599018,0.22644887027881633,0.9989528241627993
Gcat,42.67635265532346,-0.015987170683778973,0.3423541541502083,-0.04669775578877474,0.9627541190174536,0.9989528241627993
Gcg,0.0,,,,,
Gcgr,0.0,,,,,
Gch1,0.6827873920370625,-1.070277772731978,2.2983997834157712,-0.4656621447907477,0.6414573527498322,0.9989528241627993
Gck,0.42738369012648386,2.219277901059616,3.3453914497534507,0.6633836232298533,0.507084891771217,0.9989528241627993
Gckr,0.16978868813776907,-1.0489721070606506,4.441716510347476,-0.23616367785223408,0.8133056632626426,0.9989528241627993
Gcm1,0.0,,,,,
Gcm2,0.0,,,,,
Gcnt3,0.6721087847559989,-1.798395913617973,2.7282022164528184,-0.6591871756325415,0.5097755810599242,0.9989528241627993
Gcnt4,2.4792924220777532,-0.1830129110407795,1.1726188771259731,-0.156071946828397,0.8759763105507266,0.9989528241627993
Gdap1,9.69784992972816,-0.16396777942312976,0.6393463419957743,-0.2564615899909434,0.7975944355810236,0.9989528241627993
Gdf1,10.551588731179818,-0.512497027536919,0.6018372383645797,-0.8515541991545222,0.39446156935155974,0.9989528241627993
Gdf10,6.126314706691493,0.11446644702792166,0.857110983072901,0.13354915441351403,0.8937590927885456,0.9989528241627993
Gdf11,18.528759103239448,0.885803022243617,0.5809208169945778,1.524825753062805,0.1273025646776877,0.9989528241627993
Gdf15,2.4305710326283827,3.608829280225738,1.9258453711619445,1.8738935816266378,0.06094509429282213,0.9989528241627993
Gdf2,0.14818885007370175,-1.0489721070606506,4.441716510347476,-0.23616367785223408,0.8133056632626426,0.9989528241627993
Gdf5,0.0,,,,,
Gdf7,0.16978868813776907,-1.0489721070606506,4.441716510347476,-0.23616367785223408,0.8133056632626426,0.9989528241627993
Gdf9,0.14818885007370175,-1.0489721070606506,4.441716510347476,-0.23616367785223408,0.8133056632626426,0.9989528241627993
Gdnf,1.1893786626534073,1.0582022550738501,1.847237039837053,0.5728567759594055,0.5667416730595444,0.9989528241627993
Gdpd1,29.221146605562456,0.1719720667683016,0.37730862929146136,0.45578620105043377,0.6485437278410716,0.9989528241627993
Gdpd2,4.138004129270744,-0.6519182610526904,1.006859800901488,-0.6474766998036846,0.517323469694626,0.9989528241627993
Gem,13.933413109968589,-0.6757662254408343,0.5714532695966184,-1.182539783030464,0.23699158979496948,0.9989528241627993
Gen1,2.5431718384950703,0.3251120487167141,1.1997001827058573,0.27099441460735785,0.7863953280841607,0.9989528241627993
Gfap,1010.5959161436475,0.6720553102094052,0.26059094332697125,2.5789664891237503,0.009909639939003288,0.9989528241627993
Gfi1,0.34291953478232867,1.9332222252974967,3.87157603160201,0.4993372749282037,0.6175417997786022,0.9989528241627993
Gfi1b,0.0,,,,,
Gfpt1,124.41387163952827,-0.12992058403936965,0.23382809733792898,-0.5556243476232375,0.5784676834511523,0.9989528241627993
Gfpt2,4.2001364274686654,0.031193231019675968,0.9347961902970106,0.033369018127646644,0.9733803158498854,0.9989528241627993
Gfra1,154.17331766427895,-0.10122650251544103,0.28473796789275957,-0.35550756811457546,0.7222093762143531,0.9989528241627993
Gfra2,3.7115594993154897,-0.12495264269883256,0.9820632254461296,-0.12723482507154196,0.8987545429387059,0.9989528241627993
Gfra3,0.0,,,,,
Ggnbp1,5.830764824348642,0.4704425121200683,0.8265941786341294,0.569133589710771,0.5692654847361008,0.9989528241627993
Ggnbp2,156.62830194170053,0.1926853437242837,0.23164093388767718,0.8318276933631986,0.40550620997157205,0.9989528241627993
Ggps1,91.80387329079234,-0.1524197505584661,0.24497886706748634,-0.6221750977257878,0.5338267386424075,0.9989528241627993
Gh,1.4591815131452062,-2.5855106106672996,4.0024654505354755,-0.6459794950438345,0.5182926349429082,0.9989528241627993
Ghr,6.863233741524399,-0.21325828994365478,0.7751783921491272,-0.27510866157196573,0.7832327572778874,0.9989528241627993
Ghrh,0.17145976739116434,1.0513301897027478,4.415151725658759,0.23811870011010441,0.811789031237038,0.9989528241627993
Ghrhr,0.0,,,,,
Ghrl,0.16978868813776907,-1.0489721070606506,4.441716510347476,-0.23616367785223408,0.8133056632626426,0.9989528241627993
Ghsr,0.0844641553441552,0.792399408974007,4.4542327259096215,0.17789807083153408,0.8588030259342062,0.9989528241627993
Gigyf2,58.83780967033795,-0.16106807965774902,0.2919345467950651,-0.5517266847175065,0.5811356245165511,0.9989528241627993
Gimap4,1.0054876870295235,2.230660735450508,2.4302019631224163,0.9178910927157963,0.3586758853730888,0.9989528241627993
Gip,0.0,,,,,
Gipc1,78.13264856162398,0.31081422998875835,0.2758062448340134,1.1269296319806448,0.25977223376823,0.9989528241627993
Gipr,4.545570280565866,0.21817049931545798,1.0069781458822686,0.21665862383170878,0.8284743954470691,0.9989528241627993
Gja1,257.4159051234481,-0.3390322940866853,0.23558449845348178,-1.4391112161975725,0.15011901466770536,0.9989528241627993
Gja3,0.0,,,,,
Gja4,0.5739014609467904,-0.15602148623822976,2.4354779197980663,-0.06406195883359354,0.9489208920518246,0.9989528241627993
Gja5,0.3673413105284456,0.06289684516389088,3.375816271233772,0.01863159606755013,0.985134997190086,0.9989528241627993
Gja8,0.0,,,,,
Gjb1,117.83590680097386,0.008192638126204087,0.2709762463718596,0.030233787041840432,0.9758806026780175,0.9989528241627993
Gjb2,4.554548110312485,-0.8470000481181524,0.9422748364668243,-0.8988885358480797,0.3687120349417333,0.9989528241627993
Gjb6,33.75998897779831,-0.3064490481349526,0.37445472939315005,-0.8183874420055822,0.41313599013571667,0.9989528241627993
Gjc1,3.392093785027137,-0.3131431216961609,1.0545319032403453,-0.2969498795948617,0.7665047742954445,0.9989528241627993
Gjd2,0.657554914487009,-2.9047109531554653,2.960879438598415,-0.9810297965156127,0.32657804805409096,0.9989528241627993
Gk,14.286589880925058,-0.21331012288022774,0.5326175009848173,-0.4004940177253175,0.6887926887888005,0.9989528241627993
Gkn2,0.0,,,,,
Gla,18.58715391696995,0.3501075190678296,0.4672580929137995,0.749280803002417,0.4536879758327387,0.9989528241627993
Glb1,31.669230833969994,-0.20189740913073903,0.40093460771530137,-0.5035669289843491,0.6145657370634279,0.9989528241627993
Gldc,11.507982346306953,-0.5974190110026383,0.5979600781571496,-0.9990951450200841,0.31774860280960093,0.9989528241627993
Gldn,1.6531746960394056,1.0971515429499363,1.6875924534551028,0.6501282585755088,0.5156093771157382,0.9989528241627993
Glg1,223.48330670566406,0.21888415040598558,0.21175086433624007,1.0336871638852843,0.30128243580793423,0.9989528241627993
Gli1,0.0844641553441552,0.792399408974007,4.4542327259096215,0.17789807083153408,0.8588030259342062,0.9989528241627993
Gli2,5.156659511379286,1.7241466186701924,1.0708928941131013,1.610008459434318,0.10739600953367046,0.9989528241627993
Gli3,9.84038073356888,-0.18526308284577003,0.6713763770541675,-0.2759451913674091,0.7825901632096388,0.9989528241627993
Glis3,18.049920027452412,0.6200944768753539,0.47626638504995167,1.3019908528927928,0.19291951252958173,0.9989528241627993
Glmp,26.376889006374512,0.7368201872293438,0.4178385853570954,1.7634086775390518,0.07783158731164663,0.9989528241627993
Glo1,93.90493800239979,-0.2656092775174918,0.27321852058703316,-0.9721496073794988,0.3309761260581128,0.9989528241627993
Glp1r,0.0844641553441552,0.792399408974007,4.4542327259096215,0.17789807083153408,0.8588030259342062,0.9989528241627993
Glra1,2.340767080147887,-0.23915992581404982,1.2583628145011165,-0.19005641541375795,0.8492649229754077,0.9989528241627993
Glra2,2.5447950602712095,0.7743277121320653,1.28924669836224,0.6006047664234563,0.5481032625378931,0.9989528241627993
Glra3,1.363613223841534,-1.3854252181518447,1.685198703118413,-0.8221138644292535,0.4110120954298536,0.9989528241627993
Glud1,285.3324082407114,0.008951108948276583,0.18407744175840385,0.04862686520831079,0.961216659945478,0.9989528241627993
Glyat,0.0,,,,,
Gm2a,185.63812761319465,-0.11429702551951285,0.22755504899998696,-0.5022829685467423,0.6154684878359827,0.9989528241627993
Gmds,13.525798393444136,-0.19528049232277495,0.5324906716980371,-0.36673035360422973,0.7138201628092307,0.9989528241627993
Gmfb,330.8949568686241,-0.06330740556916722,0.21230599883663676,-0.29818943372335144,0.765558585843118,0.9989528241627993
Gmnc,0.768922626634613,0.475695190505702,2.151731176513295,0.22107556729113687,0.8250335940706919,0.9989528241627993
Gmnn,6.870077342173395,1.0902637587638513,0.8114123540893895,1.343661768605192,0.17905778551348006,0.9989528241627993
Gna11,28.80867095294954,-0.14361683423135743,0.41082582308881144,-0.34958083489389286,0.7266532960356643,0.9989528241627993
Gna12,80.22758384148626,0.16927914242865938,0.31739758536435836,0.5333346888393447,0.5938019190517767,0.9989528241627993
Gna13,71.84165191528281,0.19153030179319067,0.27656735267634663,0.6925267929845983,0.4886065660293951,0.9989528241627993
Gna14,1.2610461106278719,1.6100984837541117,1.8185694531744754,0.8853654068276254,0.37595958367420446,0.9989528241627993
Gnai1,304.1922595529531,-0.22302998594364795,0.2324787789491046,-0.9593563203997849,0.33737927168132364,0.9989528241627993
Gnai2,970.8051125928777,-0.05437264161605507,0.16156873079407275,-0.33652948407050165,0.7364716216860452,0.9989528241627993
Gnai3,124.30060053113395,0.141425317001147,0.23051157486294693,0.613528049883104,0.5395272416071996,0.9989528241627993
Gnal,53.936555774485576,-0.04053823169840101,0.30181008122305303,-0.1343170232555658,0.8931518926057848,0.9989528241627993
Gnao1,1222.4496144128368,0.1186431044613658,0.17711446529589286,0.6698668246162559,0.5029426898594658,0.9989528241627993
Gnaq,194.7256304915967,0.06122257246462652,0.20334449260858642,0.30107809500635246,0.7633549441531979,0.9989528241627993
Gnat1,0.0,,,,,
Gnat2,0.0,,,,,
Gnat3,0.0844641553441552,0.792399408974007,4.4542327259096215,0.17789807083153408,0.8588030259342062,0.9989528241627993
Gnaz,2.871575729177057,0.48593418974244385,1.1206294651846436,0.4336261046485848,0.6645599751471063,0.9989528241627993
Gnb1,451.7510488988523,0.018001057106269088,0.1733399479733755,0.1038482895416237,0.9172897440954711,0.9989528241627993
Gnb3,0.3673413105284456,0.06289684516389088,3.375816271233772,0.01863159606755013,0.985134997190086,0.9989528241627993
Gng11,367.42814164691305,-0.4780782409317735,0.31775627917482496,-1.5045438037394117,0.13244140345895222,0.9989528241627993
Gnrh1,1.0771008974108227,3.479629161704799,2.5395653783350824,1.3701671913585522,0.17063471726819102,0.9989528241627993
Gnrhr,0.4240415316196933,-1.0570825176821437,3.1589422440206905,-0.3346317963498734,0.7379028563699441,0.9989528241627993
Golga2,38.93760782290923,-0.16409702288348332,0.35067817432017895,-0.46794193337409745,0.6398261149415598,0.9989528241627993
Golga3,51.494014475722544,0.16726211855535153,0.3019441086463048,0.553950594715134,0.5796126579362174,0.9989528241627993
Golga5,38.23796791814227,-0.03096319442193885,0.3528276667399962,-0.08775727455850585,0.9300695966560841,0.9989528241627993
Gopc,66.44513641825144,-0.0983314916008522,0.2870295795474673,-0.34258312943175495,0.7319120956284836,0.9989528241627993
Gorasp1,19.887235393938354,0.38442091312283905,0.45657925511729525,0.8419587811191318,0.3998110259288794,0.9989528241627993
Gosr1,50.36916466687654,-0.27856859112588633,0.32290880438458813,-0.8626850285386085,0.3883106660967892,0.9989528241627993
Got2,43.6391094700085,0.2548737538333416,0.3426738393667951,0.7437794326649109,0.4570099249499585,0.9989528241627993
Gpa33,0.7195588543176382,-0.559325729983273,2.322723065863948,-0.24080603417748778,0.8097054526285122,0.9989528241627993
Gpam,78.40597046087369,-0.062334388280491225,0.27474570850401875,-0.22688029822158062,0.8205168223418619,0.9989528241627993
Gpat2,0.0,,,,,
Gpbar1,0.0,,,,,
Gpc3,0.9243403476799051,-1.8193818714600656,2.3190828826632983,-0.7845264544278114,0.4327312654686657,0.9989528241627993
Gpc4,16.482117609688544,-0.2417987759301074,0.5622715287597791,-0.4300391600183828,0.6671671553682035,0.9989528241627993
Gpc6,6.021510254090707,-0.4069609168922021,0.7826834861318729,-0.5199559261221387,0.6030942942788244,0.9989528241627993
Gpd1,68.046267745729,1.6735630685283054,0.765585097694605,2.185992221593499,0.028816174410906992,0.9989528241627993
Gper1,0.0,,,,,
Gphn,137.34969038480565,-0.09608239309563553,0.2428615776549077,-0.39562615883259666,0.6923808364141006,0.9989528241627993
Gpi1,225.1140184394027,0.0754043122486145,0.19834682173343948,0.3801639551852825,0.7038237137373214,0.9989528241627993
Gpm6a,58.18130914216423,0.2083250226906431,0.3024385501138505,0.6888176874681512,0.49093800351213146,0.9989528241627993
Gpnmb,7.600615307043828,1.1617380973423899,0.7585428697920937,1.5315391438071344,0.12563619984412114,0.9989528241627993
Gpr101,0.8775180767456895,0.6157022492914991,2.0551063858829295,0.2995962902557848,0.7644851142170888,0.9989528241627993
Gpr107,41.396658725652024,0.20457577228183657,0.33307122235085246,0.6142102906336934,0.5390763740829925,0.9989528241627993
Gpr139,0.1689283106883104,1.3019780290833856,4.382858461404432,0.29706139053967606,0.7664196404032793,0.9989528241627993
Gpr141b,0.0,,,,,
Gpr143,0.0,,,,,
Gpr149,1.1165395756856782,0.26859029655899525,1.7844377210161433,0.1505181679336207,0.8803558180854285,0.9989528241627993
Gpr17,59.92429819148697,-0.991543533777178,0.32160916312464,-3.0830699105202557,0.002048770183578199,0.9559561676575878
Gpr183,0.7994224149236661,0.1875359176343218,2.2196692309889268,0.08448822690161324,0.9326682629443159,0.9989528241627993
Gpr20,0.2838922543215187,1.045824023199335,4.202006087173883,0.24888684154732346,0.8034483140148623,0.9989528241627993
Gpr22,5.679921641937056,0.2776825202036046,0.8004814911420406,0.34689436704830884,0.7286706786423898,0.9989528241627993
Gpr26,1.8297299364811843,-0.052387489069529045,1.3960570175158185,-0.037525321969118966,0.9700661503505095,0.9989528241627993
Gpr34,5.441614716475193,0.17004149304236493,0.8208122562981558,0.20716246832040267,0.835882977407459,0.9989528241627993
Gpr35,0.16978868813776907,-1.0489721070606506,4.441716510347476,-0.23616367785223408,0.8133056632626426,0.9989528241627993
Gpr37l1,137.37800186050342,-0.32867867508468546,0.2596638934089166,-1.265785053014995,0.20559004781976742,0.9989528241627993
Gpr39,0.14818885007370175,-1.0489721070606506,4.441716510347476,-0.23616367785223408,0.8133056632626426,0.9989528241627993
Gpr4,1.3696415607389483,1.662621238201993,1.7166289977205436,0.9685384788499637,0.33277551147251017,0.9989528241627993
Gpr50,1.4248536057533139,-0.05571040773276389,1.70079881462287,-0.0327554365947256,0.9738696155716055,0.9989528241627993
Gpr6,3.0870855054659097,-0.7213291954473076,1.203443532707386,-0.5993876537144488,0.548914408148621,0.9989528241627993
Gpr65,0.6268117891038475,2.6636538552582096,3.0439825646660603,0.875055555894889,0.3815436779219624,0.9989528241627993
Gpr83,5.892433264699309,-0.43333889100350176,0.8453926111767983,-0.5125889264637504,0.6082389008644649,0.9989528241627993
Gpr84,0.0844641553441552,0.792399408974007,4.4542327259096215,0.17789807083153408,0.8588030259342062,0.9989528241627993
Gpr88,36.74859043712849,-0.4443580877079959,0.36712942970136825,-1.2103581237533783,0.2261415033030787,0.9989528241627993
Gprc5b,1798.8195495413331,-0.10925049372918502,0.20417815495323285,-0.53507435089816,0.5925984452640016,0.9989528241627993
Gprc6a,0.0,,,,,
Gps1,267.0323583197878,-0.07583476684443186,0.18826284772814303,-0.4028132356413701,0.6870856235436837,0.9989528241627993
Gpsm1,31.252376310816715,-0.020373684213198774,0.37969667088120435,-0.053657789956165,0.9572078130593638,0.9989528241627993
Gpsm2,105.1845183279036,-0.31481818491641317,0.268698354533606,-1.171641655427551,0.24134095658742272,0.9989528241627993
Gpt2,187.29795202244304,0.1104848405045528,0.23406867455002234,0.472018909480095,0.6369132914795732,0.9989528241627993
Gpx2,0.0,,,,,
Gpx5,0.0,,,,,
Gramd1a,48.87030594084796,0.331811195306971,0.3264222987563305,1.016508971878368,0.30938707729426307,0.9989528241627993
Gramd1b,109.33799789274322,-0.185930021986827,0.2564270507149145,-0.7250795946389318,0.46840320193148943,0.9989528241627993
Grb10,10.194912430683873,0.23127235013946593,0.6215766283827768,0.37207375499492673,0.7098379362657135,0.9989528241627993
Grb2,128.9090869513835,0.11768682773862783,0.2256057088422619,0.5216482700839439,0.6019152482335166,0.9989528241627993
Grb7,0.1689283106883104,1.3019780290833856,4.382858461404432,0.29706139053967606,0.7664196404032793,0.9989528241627993
Greb1,0.0,,,,,
Grem1,0.0,,,,,
Grhl2,0.2963777001474035,-1.7783385220954793,4.057916322177916,-0.4382393279960565,0.6612128022343146,0.9989528241627993
Grhl3,0.2838922543215187,1.045824023199335,4.202006087173883,0.24888684154732346,0.8034483140148623,0.9989528241627993
Gria1,44.61679879058662,0.40085937831301705,0.33635325785931547,1.1917808701014045,0.23334717861515708,0.9989528241627993
Gria2,50.45563289158099,0.010685785760618264,0.3089559842535811,0.03458675767823197,0.972409261025051,0.9989528241627993
Gria3,11.063173975784045,0.41003966160459926,0.5934174584494682,0.6909801114985492,0.489578039648883,0.9989528241627993
Gria4,94.8603073411684,-0.6990752800890394,0.32890347568395256,-2.125472461594749,0.03354720955531726,0.9989528241627993
Grid1,9.025452482161233,-0.29741220141145913,0.6621208929753027,-0.4491811156645568,0.6533010090789314,0.9989528241627993
Grid2,27.168808393577105,-0.24445345900107193,0.39488816596230036,-0.6190447829839745,0.5358868573440049,0.9989528241627993
Grifin,0.23265300541785697,-0.16790098615632193,3.9558685371806974,-0.0424435201974591,0.9661451354878905,0.9989528241627993
Grik1,3.672196860006633,-0.10483861488794691,1.0182545403681378,-0.10295914305478449,0.917995397684184,0.9989528241627993
Grik2,215.17984413764145,-0.021573725193048034,0.20103044382977206,-0.10731571189941841,0.9145385202315812,0.9989528241627993
Grik3,9.439365655209075,0.2941320532705007,0.6460151017940112,0.45530213218496524,0.6488918925176375,0.9989528241627993
Grik4,8.368983452625008,-0.19226650246716434,0.6858112819987972,-0.28034899324899343,0.7792097659630586,0.9989528241627993
Grin1,18.94484713477139,-0.18505930352243039,0.46559166411589803,-0.39747125600677474,0.6910199788890505,0.9989528241627993
Grin2a,14.941340392942024,0.4050651886059042,0.523230898793476,0.7741614448610519,0.438835325097625,0.9989528241627993
Grin2b,6.867231880147357,0.06878998142670516,0.7295331998578166,0.09429314723457695,0.924876293377099,0.9989528241627993
Grin2c,7.467516677072855,-0.07814956366252172,0.6950985806811026,-0.11242946804170671,0.9104828913264541,0.9989528241627993
Grin2d,2.121151587433394,0.5712431054413005,1.3378857992487245,0.42697448897512474,0.6693979090791666,0.9989528241627993
Grk2,167.81578216034526,-0.012220549531018907,0.21632434313825138,-0.056491790769977464,0.9549500350998122,0.9989528241627993
Grk3,9.980216908767616,-0.2092884183196256,0.6229392605312789,-0.3359692213669953,0.7368940765496084,0.9989528241627993
Grk5,9.341526362297273,-0.08756690159352506,0.6523907849093072,-0.13422461447811262,0.8932249624890937,0.9989528241627993
Grm1,9.186013947105694,-0.3985338214277638,0.642352367687637,-0.6204286641962885,0.5349756056902291,0.9989528241627993
Grm2,1.224274648347296,1.3610329105013546,1.7698867576841644,0.7689943464418136,0.441896666753273,0.9989528241627993
Grm3,166.70438542030072,-0.46323291469146893,0.32646751902156973,-1.4189249701770887,0.15592089155838582,0.9989528241627993
Grm4,1.6464407033803026,0.5468499616761018,1.4924266590360693,0.36641663988319667,0.714054205007395,0.9989528241627993
Grm6,0.31797753821147084,-1.8662970128816079,3.6765167983591094,-0.507626407069476,0.6117153677892653,0.9989528241627993
Grm8,4.4541459338564815,0.7455048797477923,0.91067918382258,0.8186251459251899,0.41300031569008977,0.9989528241627993
Grn,89.62703721775328,0.20466778722518586,0.28117996282322855,0.7278889475985024,0.46668156939927685,0.9989528241627993
Grp,0.962997331227073,2.1328571820977427,2.16586493815036,0.9847600118219718,0.3247419670956374,0.9989528241627993
Grpel1,43.12704682092329,0.23300308457384422,0.32707043840385575,0.7123942038630214,0.4762207037236764,0.9989528241627993
Grpr,0.1689283106883104,1.3019780290833856,4.382858461404432,0.29706139053967606,0.7664196404032793,0.9989528241627993
Grxcr1,0.0,,,,,
Grxcr2,0.2542528434819243,-0.16717394861669324,3.8378714626530117,-0.043559027508735436,0.9652559119888277,0.9989528241627993
Gsc,0.2803456984814365,-0.16632470026510202,3.7146320315781236,-0.04477555215460754,0.9642862120979863,0.9989528241627993
Gsc2,1.2835063261413977,0.6323019140421108,1.6852134707640036,0.37520582704305827,0.70750739689423,0.9989528241627993
Gsdma3,0.14818885007370175,-1.0489721070606506,4.441716510347476,-0.23616367785223408,0.8133056632626426,0.9989528241627993
Gsdmd,2.0238806800396434,-0.5907239850839235,1.513492912764818,-0.3903050883831368,0.6963109611097125,0.9989528241627993
Gsdme,3.197652560489482,0.3019707250706697,1.1579314884051717,0.2607846216243557,0.7942586043651825,0.9989528241627993
Gsk3a,220.73996380181845,0.011514997192180097,0.20884124511961435,0.05513756243688766,0.9560288711496671,0.9989528241627993
Gsk3b,28.619096035237277,0.02858761552021576,0.3816778462281367,0.0748998554742639,0.940294391550615,0.9989528241627993
Gsta1,0.0,,,,,
Gstk1,27.216316035692483,-0.08358289585250334,0.39665567226923565,-0.21071902331392922,0.8331065294333557,0.9989528241627993
Gstp1,583.4530875598906,0.733451582452171,0.2917262470623133,2.514177554601401,0.011931034946320593,0.9989528241627993
Gsx1,3.534273260599768,-0.11499030025174768,1.0751840190003972,-0.1069494135140277,0.9148291116472631,0.9989528241627993
Gsx2,1.2549680980849356,0.7907520127525955,1.7755078060343668,0.44536667767108074,0.6560547891304187,0.9989528241627993
Gtf2a1,295.3467413068672,-0.006860446422652191,0.1847501728658461,-0.037133640073147935,0.9703784496172583,0.9989528241627993
Gtf2a2,78.38322691946955,-0.03200049532773981,0.2620949908015249,-0.1220950283325813,0.9028237592381493,0.9989528241627993
Gtf2b,36.57607819940151,-0.07808490536130018,0.3486243638187034,-0.2239800583814246,0.8227728201659189,0.9989528241627993
Gtf2e1,23.89035585606614,-0.1899751694664127,0.4136830513429568,-0.4592287956919876,0.6460698741225235,0.9989528241627993
Gtf2e2,15.344032517299837,-0.04881217529175359,0.5371666737592471,-0.09086970148418169,0.9275961252755367,0.9989528241627993
Gtf2h1,38.2647741480018,0.19450715033262791,0.356393105258484,0.5457657498496112,0.585226969377892,0.9989528241627993
Gtf2i,342.6466926586399,-0.06480869301708832,0.18643335684930182,-0.3476239129753728,0.7281226450990326,0.9989528241627993
Gtpbp2,68.23085071522671,0.5458744830425741,0.346333153721782,1.5761542814381801,0.11499025188377386,0.9989528241627993
Gtse1,2.3423305815985995,0.326615200635711,1.328533212989286,0.24584646995825235,0.8058010829287238,0.9989528241627993
Gucy1a1,19.663064904195963,0.04908232670521515,0.482461633606029,0.10173311883550734,0.9189685134867812,0.9989528241627993
Gucy2e,0.42318115417023466,0.7685988654393033,3.1307485069413477,0.2455000341724039,0.8060692817158316,0.9989528241627993
Gucy2f,0.68800502713054,1.465242165185736,2.413617934198787,0.6070729523610914,0.543802499127219,0.9989528241627993
Gusb,15.956110791146065,0.27162538020869764,0.49438588779114856,0.5494197688819239,0.582717410456033,0.9989528241627993
Gyg,35.07432026919532,0.010656204677149003,0.3593229116200663,0.02965634623493324,0.9763411272521283,0.9989528241627993
Gys2,0.0,,,,,
Gzma,0.14818885007370175,-1.0489721070606506,4.441716510347476,-0.23616367785223408,0.8133056632626426,0.9989528241627993
Gzmb,0.0,,,,,
Gzmk,0.3808418554915587,-0.9059678798235495,3.272217583421071,-0.2768666376018825,0.7818825108683987,0.9989528241627993
H19,0.5085056869638486,-0.5187304845260389,2.892899299209083,-0.17931162853399682,0.8576930165824342,0.9989528241627993
H1foo,0.0,,,,,
H2-Aa,3.6399362442542853,-1.200303142979305,1.1820790798792231,-1.0154169576386918,0.3099071129990604,0.9989528241627993
H2-Ab1,4.428497148720376,-0.905259171776833,1.081542422076266,-0.8370075489401356,0.4025883247943137,0.9989528241627993
H2-D1,417.79980603424366,1.3448256412027895,0.5932008822115573,2.267066151670312,0.023386184931830943,0.9989528241627993
H2-DMa,4.725092241852802,0.4767441969811237,0.9715141498113151,0.4907228547043969,0.6236224795837371,0.9989528241627993
H2-DMb2,0.23265300541785697,-0.16790098615632193,3.9558685371806974,-0.0424435201974591,0.9661451354878905,0.9989528241627993
H2-Eb1,1.2262858842254092,-1.5017330141081502,1.8049152116662155,-0.8320241329906122,0.4053953227759597,0.9989528241627993
H2-K1,251.01753844783707,0.5702022912684569,0.26661256345199,2.13869250528074,0.03246058000671627,0.9989528241627993
H2-T23,95.97935470589204,0.2369123044194396,0.27472096553442216,0.8623743148200126,0.38848157008020656,0.9989528241627993
H2afv,24.531770861481075,-0.19378730896147514,0.4354727820894478,-0.44500441114060374,0.6563165663333352,0.9989528241627993
H2afx,16.754914347546116,0.3127209010064311,0.48699749261819614,0.6421406798732799,0.5207818448645076,0.9989528241627993
H2afy,102.64384115390209,0.3263338733620061,0.23835035176312605,1.3691352706133975,0.17095699496447803,0.9989528241627993
H2afz,61.37938800329125,0.2619968416965043,0.2988051523316382,0.8768150068768527,0.38058712663576555,0.9989528241627993
Hace1,41.34021317913643,-0.2569559239325659,0.3311736879855562,-0.7758947442218681,0.4378111361170828,0.9989528241627993
Hacl1,38.9193848907168,-0.5478817842035948,0.39013634348217424,-1.4043341343527718,0.16021937427962463,0.9989528241627993
Hadh,198.17912650609108,-0.3450324080867543,0.2313227159326165,-1.4915630170417895,0.1358137394951627,0.9989528241627993
Hadhb,166.09233165265968,0.3169746821077514,0.23863174063450146,1.328300590964734,0.18407882459902214,0.9989528241627993
Hal,0.7994224149236661,0.1875359176343218,2.2196692309889268,0.08448822690161324,0.9326682629443159,0.9989528241627993
Hamp,0.16978868813776907,-1.0489721070606506,4.441716510347476,-0.23616367785223408,0.8133056632626426,0.9989528241627993
Hand1,0.0,,,,,
Hand2,0.0,,,,,
Hao1,0.0844641553441552,0.792399408974007,4.4542327259096215,0.17789807083153408,0.8588030259342062,0.9989528241627993
Hap1,20.651744287956124,-0.13053194472404334,0.44763358701105965,-0.29160444727937335,0.7705890747196402,0.9989528241627993
Hapln1,11.398291999345142,0.0676406640481631,0.65268231369647,0.10363489653194341,0.9174590933314666,0.9989528241627993
Has2,0.7958758590835838,-0.8554937212181853,2.1721844386475966,-0.3938402770948936,0.6936989658564638,0.9989528241627993
Haspin,1.0877605422955423,-1.5190772957091048,1.8509486736096845,-0.820702009389936,0.41181602596818734,0.9989528241627993
Hat1,89.87211251354593,0.1760969970408415,0.25117157395606915,0.7011024148442909,0.48323910341612,0.9989528241627993
Havcr1,0.0,,,,,
Havcr2,4.853998268552093,-0.020245210313099293,0.8905673452501076,-0.022732935831386913,0.9818633036247856,0.9989528241627993
Hba-x,0.0,,,,,
Hbegf,9.164736128857506,-0.23708912656677147,0.6598327217694387,-0.3593170189119782,0.7193579440631994,0.9989528241627993
Hc,0.0,,,,,
Hcar2,0.0844641553441552,0.792399408974007,4.4542327259096215,0.17789807083153408,0.8588030259342062,0.9989528241627993
Hcfc1,132.33496384790053,-0.22775109030797125,0.23030914314703219,-0.9888929601139289,0.3227155152662494,0.9989528241627993
Hck,0.6487021081471104,1.2476269348144557,2.567312595432837,0.48596611765701697,0.6269911889706199,0.9989528241627993
Hcn1,4.54793881145668,-1.411825495621588,0.9244244659298225,-1.5272480853279,0.12669933336047254,0.9989528241627993
Hcn2,272.2302025821661,0.6555565596364811,0.29976525339970506,2.186899756398272,0.02874984272743493,0.9989528241627993
Hcn3,3.2733896241052594,-0.6040354858318288,1.0995500991262113,-0.5493478526461347,0.5827667536287103,0.9989528241627993
Hcn4,0.536269621216756,1.043099018563927,2.7050887847939715,0.3856062042870704,0.6997883376030043,0.9989528241627993
Hcrt,0.7346826210568912,-0.08869880462848494,2.5325431501774447,-0.035023610406112994,0.9720609140387261,0.9989528241627993
Hcrtr1,0.0,,,,,
Hcrtr2,0.9171114767083145,-0.05517629238024466,1.9813374366133343,-0.027848003757783197,0.9777833793297044,0.9989528241627993
Hdac1,52.467911325716805,-0.1790097170684698,0.31554576712731003,-0.5673019121699914,0.5705090781240888,0.9989528241627993
Hdac2,48.949444917112565,-0.028259778990012342,0.3146119348958192,-0.08982424331540474,0.9284268826813521,0.9989528241627993
Hdac3,107.88729113676942,0.06300777851902413,0.23610394554402647,0.2668645726095036,0.7895734346531358,0.9989528241627993
Hdac4,51.07310671110893,0.2063833771090009,0.3113694539170005,0.6628247392694308,0.5074428072729479,0.9989528241627993
Hdac5,77.83471894826853,-0.14685023173114004,0.26163737359841827,-0.5612739101889067,0.5746108243897283,0.9989528241627993
Hdac6,45.956367534460185,0.049188559379472314,0.3283772769419667,0.14979282317444054,0.8809280717492148,0.9989528241627993
Hdac8,18.51235338735411,-0.37940933614272687,0.47038699105334947,-0.8065897725893864,0.419902868029535,0.9989528241627993
Hdac9,14.575866662092052,-0.05656522508839566,0.5258917531485846,-0.10756058589953553,0.9143442634383969,0.9989528241627993
Hdc,2.587731332332794,0.23945056802581774,1.3010488108027614,0.18404426185830347,0.8539787320053271,0.9989528241627993
Hdgfl2,114.24902820423422,-0.1397780147062226,0.25564349031689426,-0.5467693096075106,0.5845372304043279,0.9989528241627993
Hecw2,81.01079502172058,-0.1097166867618483,0.2909877371025694,-0.3770491768977007,0.7061370593851437,0.9989528241627993
Hells,7.388675728523526,1.107688850706667,0.7553204817399242,1.4665150455804428,0.142508025364064,0.9989528241627993
Herc6,17.626118145975468,0.26765603353009076,0.47905547896576084,0.5587161514318486,0.5763554546229868,0.9989528241627993
Hes1,6.706719706859673,0.011413547485728473,0.757523700032593,0.015066918018851946,0.9879787935619861,0.9989528241627993
Hes2,0.14818885007370175,-1.0489721070606506,4.441716510347476,-0.23616367785223408,0.8133056632626426,0.9989528241627993
Hes5,6.560747616960842,-0.4789955462203045,0.8315108644481751,-0.5760544650708631,0.5645783680956737,0.9989528241627993
Hes6,20.81301972478188,0.5254321674645791,0.46175854762462265,1.1378937545769454,0.25516484946295326,0.9989528241627993
Hesx1,0.0,,,,,
Hexa,69.87515513639231,0.16552747112415736,0.33615869479470106,0.49240871554801924,0.622430439236094,0.9989528241627993
Hexb,189.53318897089608,0.32775251608303163,0.2246498743076131,1.4589481391573809,0.1445793821229274,0.9989528241627993
Hey1,28.6630131462074,-0.2237528342920044,0.386065538029712,-0.579572150971901,0.562203177812798,0.9989528241627993
Hey2,3.1007508167966975,0.7264736054083777,1.0875114371997296,0.668014680635451,0.5041242214793004,0.9989528241627993
Heyl,0.46530601083571393,-0.3761452976759239,2.9810629856422346,-0.12617824564175986,0.8995908311840717,0.9989528241627993
Hfe,1.971356631584168,-0.15322585210111042,1.4577068881120445,-0.10511430888521187,0.9162851053564188,0.9989528241627993
Hfm1,0.7367128193313479,2.8781996947224364,2.897210821381839,0.9934381279680797,0.3204964884628543,0.9989528241627993
Hgf,2.429928649760779,-0.5421091498714433,1.2214484774055079,-0.44382481938406715,0.6571692427381853,0.9989528241627993
Hgs,83.60262950585708,0.022012420323149495,0.2526928125596191,0.08711138278994775,0.930582977624477,0.9989528241627993
Hhex,2.152114407982196,-0.576385548732325,1.336434316030521,-0.43128610349089663,0.6662603534288949,0.9989528241627993
Hibadh,139.66334656038748,0.07799867661726105,0.22406840179136583,0.34810207951537514,0.72776352265906,0.9989528241627993
Hic1,1.4102310974424581,-1.994463488529834,1.7228261037549946,-1.1576696476694839,0.24699887490021122,0.9989528241627993
Hif1a,187.49903999510437,-5.484660623384777e-06,0.2081970094487297,-2.634360905522719e-05,0.9999789808410614,0.9999789808410614
Hif1an,32.248176251766246,-0.11188372751338015,0.366096027250714,-0.3056130610146137,0.7598992747500255,0.9989528241627993
Hif3a,4.388122361246116,0.1004800450958298,0.9269179901287351,0.10840230329532674,0.9136765741384848,0.9989528241627993
Hikeshi,8.60143995761779,0.7160468999308965,0.6670345524685823,1.073477973938423,0.28305671603072513,0.9989528241627993
Hip1r,63.63553578153528,-0.613929483615169,0.3445720873047135,-1.7817156590291545,0.07479561200178568,0.9989528241627993
Hipk2,429.587852237862,-0.25610018148656183,0.2324600379380693,-1.1016955161763786,0.27059406694132027,0.9989528241627993
Hira,22.196123604315293,0.5524586145060004,0.43969937456595,1.2564462140783368,0.20895423507803557,0.9989528241627993
Hist1h2ba,0.0,,,,,
Hist1h2bc,190.98115926155495,-0.0819543881520639,0.22833472408489577,-0.3589221415205903,0.719653335245735,0.9989528241627993
Hist1h4h,6.348658268529253,0.5833486703589231,0.8350809164050493,0.6985534681719089,0.48483113215536333,0.9989528241627993
Hist2h2bb,74.35155766185086,0.5582075091711751,0.27565297866396105,2.0250371023621936,0.04286355457107377,0.9989528241627993
Hist2h2be,13.440578906692771,0.24075445027784143,0.5437517861070603,0.44276535071544354,0.6579354679593874,0.9989528241627993
Hivep2,55.422884359730666,0.40594769840334877,0.3235716232973853,1.2545837433656968,0.2096299079387992,0.9989528241627993
Hjv,0.0844641553441552,0.792399408974007,4.4542327259096215,0.17789807083153408,0.8588030259342062,0.9989528241627993
Hk1,53.68117995268778,0.14408590246388867,0.31396348973389654,0.45892566229917486,0.6462875496705136,0.9989528241627993
Hk2,5.637252922518367,0.7166424686868013,0.848349512464906,0.8447490782479194,0.3982509512108904,0.9989528241627993
Hkdc1,1.6660192608863518,0.7014585652745112,1.501215953378889,0.46726026571706136,0.640313680846417,0.9989528241627993
Hlf,19.79596008000563,0.44481943156182707,0.4582193544768049,0.9707565322501973,0.33166953297960144,0.9989528241627993
Hmcn1,1.3832778649934871,-0.9864372211339968,1.6264429684248882,-0.6064997299532129,0.5441829616183453,0.9989528241627993
Hmcn2,0.40244169355562603,-0.9843787307109784,2.999080516060955,-0.32822684334059776,0.7427401530501108,0.9989528241627993
Hmga1,18.153417019724447,1.4966201644208514,0.5979429280183408,2.5029481816614867,0.012316357518386431,0.9989528241627993
Hmga1b,4.830472257447594,1.8125361683937087,1.0844611460593057,1.6713703160136888,0.09464855535800891,0.9989528241627993
Hmga2,2.2091433362212882,-1.162059174352267,1.3427230512218906,-0.8654496348258728,0.3867920482299396,0.9989528241627993
Hmgcr,101.29328212105732,-0.2686992166411846,0.28189465195815455,-0.9531901892238499,0.34049371630757086,0.9989528241627993
Hmox1,9.913501957419687,0.4846889627812253,0.6366950270830551,0.7612576542363961,0.4465031879350668,0.9989528241627993
Hmx2,0.0844641553441552,0.792399408974007,4.4542327259096215,0.17789807083153408,0.8588030259342062,0.9989528241627993
Hmx3,0.0,,,,,
Hnf1a,0.0,,,,,
Hnf1b,0.7237613902738874,0.4969326131582358,2.3468081080065106,0.2117482939754941,0.8323034091375142,0.9989528241627993
Hnf4a,0.6134948609094156,-0.9423774795152088,2.694597259851145,-0.3497285080618198,0.7265424567850598,0.9989528241627993
Hnrnpa1,737.4295391588909,0.022407423718129725,0.1725471909693193,0.12986258189572034,0.8966751488588827,0.9989528241627993
Hnrnpdl,125.52140526395306,-0.27016383517896736,0.22735852157400455,-1.1882723080209239,0.23472614401720737,0.9989528241627993
Hnrnph1,336.4270804080531,-0.1743274556586292,0.18832239338449938,-0.9256862793937809,0.3546090403242482,0.9989528241627993
Hnrnpk,112.83894497530939,0.08097450205916158,0.23761273384732476,0.3407835125165926,0.7332665634148606,0.9989528241627993
Hnrnpm,292.11731728359473,0.03187556123371724,0.18415969622664696,0.17308652157249274,0.86258341927625,0.9989528241627993
Homer1,89.44330852575297,-0.15390156457100404,0.2561768010114444,-0.6007630822282329,0.5479977964076754,0.9989528241627993
Homer3,38.82342198345552,-0.21224343001729304,0.3640486610817779,-0.5830084071360335,0.559887640684024,0.9989528241627993
Hopx,118.09070903707713,0.11469214479947591,0.2589270196475369,0.44295162766558704,0.6578007233275549,0.9989528241627993
Hoxa1,0.31797753821147084,-1.8662970128816079,3.6765167983591094,-0.507626407069476,0.6117153677892653,0.9989528241627993
Hoxa10,0.2963777001474035,-1.7783385220954793,4.057916322177916,-0.4382393279960565,0.6612128022343146,0.9989528241627993
Hoxa11,0.649562485596569,-0.9378459807465738,2.613729876822117,-0.3588151893824799,0.7197333488532727,0.9989528241627993
Hoxa13,0.0,,,,,
Hoxa2,0.0,,,,,
Hoxa3,0.5165452597393757,0.7711784686093994,2.7940232693156353,0.27601003795444085,0.7825403564303024,0.9989528241627993
Hoxa4,0.19588154313728123,-1.04897210706065,4.441716510347476,-0.23616367785223397,0.8133056632626428,0.9989528241627993
Hoxa5,0.0,,,,,
Hoxa7,0.0,,,,,
Hoxa9,0.6367657782268783,0.2817649490570817,2.4415861888709207,0.11540241763383342,0.9081261627722943,0.9989528241627993
Hoxb1,0.14818885007370175,-1.0489721070606506,4.441716510347476,-0.23616367785223408,0.8133056632626426,0.9989528241627993
Hoxb13,0.17145976739116434,1.0513301897027478,4.415151725658759,0.23811870011010441,0.811789031237038,0.9989528241627993
Hoxb2,0.0,,,,,
Hoxb3,0.0,,,,,
Hoxb4,0.0844641553441552,0.792399408974007,4.4542327259096215,0.17789807083153408,0.8588030259342062,0.9989528241627993
Hoxb5,0.0,,,,,
Hoxb6,0.19588154313728123,-1.04897210706065,4.441716510347476,-0.23616367785223397,0.8133056632626428,0.9989528241627993
Hoxb7,0.0844641553441552,0.792399408974007,4.4542327259096215,0.17789807083153408,0.8588030259342062,0.9989528241627993
Hoxb8,0.45180546587260073,0.6776671811723891,2.895116889436485,0.23407247688168215,0.8149287126992129,0.9989528241627993
Hoxb9,0.16978868813776907,-1.0489721070606506,4.441716510347476,-0.23616367785223408,0.8133056632626426,0.9989528241627993
Hoxc10,0.47977379745879994,0.05081392293782526,3.1408657618283424,0.016178317314728456,0.9870921334770208,0.9989528241627993
Hoxc11,0.0,,,,,
Hoxc12,0.9081725867225122,3.1882862037689206,2.64294154850022,1.2063400363803602,0.2276864064476406,0.9989528241627993
Hoxc5,0.0,,,,,
Hoxc6,0.0844641553441552,0.792399408974007,4.4542327259096215,0.17789807083153408,0.8588030259342062,0.9989528241627993
Hoxc8,0.0,,,,,
Hoxd1,0.4041127728090213,0.6778065212282057,2.98960653273037,0.22672097943576994,0.8206407126445936,0.9989528241627993
Hoxd10,0.0,,,,,
Hoxd11,0.0,,,,,
Hoxd12,0.455352021712683,2.1630685495409856,3.332982946721688,0.6489887839565975,0.5163456258783948,0.9989528241627993
Hoxd13,0.0,,,,,
Hoxd3,0.4869058488997813,-0.44155684625239555,2.741414476352348,-0.16106898466514236,0.8720390679097013,0.9989528241627993
Hoxd4,0.0844641553441552,0.792399408974007,4.4542327259096215,0.17789807083153408,0.8588030259342062,0.9989528241627993
Hoxd9,0.0,,,,,
Hpcal4,56.80386763539153,0.09215802141590852,0.30302125485672554,0.3041305516983707,0.7610284316986864,0.9989528241627993
Hpd,0.0,,,,,
Hpgds,6.4721051412092265,0.020264426383018737,0.743831319113362,0.027243308882413945,0.9782656730193529,0.9989528241627993
Hprt,39.36055577427323,0.32141314044883085,0.3751980794650409,0.8566492155479662,0.39163877760656607,0.9989528241627993
Hps4,13.722585310144275,0.15500102998776097,0.5571794134858481,0.2781887238403826,0.7808674904326717,0.9989528241627993
Hps5,60.37223094318125,-0.045351145252633326,0.29894769880669886,-0.15170260695653526,0.8794215009194359,0.9989528241627993
Hps6,10.266622460595782,0.2723079331344183,0.644404571210959,0.42257293833701376,0.6726068743141066,0.9989528241627993
Hpse,0.0,,,,,
Hpse2,0.14818885007370175,-1.0489721070606506,4.441716510347476,-0.23616367785223408,0.8133056632626426,0.9989528241627993
Hr,27.527002456435643,-0.7992671006893818,0.39620543248541445,-2.017304749396149,0.04366372029935735,0.9989528241627993
Hras,3.981226590515862,-0.2792133301022708,0.9479938547697936,-0.2945307384614573,0.7683523786071864,0.9989528241627993
Hrg,0.8210222529877335,0.1286335745513693,2.202043106238165,0.05841555698295071,0.9534176232521269,0.9989528241627993
Hrh1,2.483785439013198,-0.18649754570524038,1.1942888581306021,-0.1561578209790565,0.8759086227763296,0.9989528241627993
Hrh3,8.102008919931167,0.11169485672391627,0.6845492008514792,0.16316556441083296,0.8703880784378195,0.9989528241627993
Hs3st2,4.843406458509102,-0.5381662996709623,0.8840893698952479,-0.6087238666094666,0.5427074846744944,0.9989528241627993
Hsd17b3,0.0,,,,,
Hsd17b4,269.8920629320849,-0.10800662944216063,0.20257113067153282,-0.5331787855659076,0.5939098253288642,0.9989528241627993
Hsd17b7,10.454677952186115,0.5896037674084661,0.6469913872012487,0.9113007979271106,0.3621369061233636,0.9989528241627993
Hsf1,51.73191000571813,0.40695551789167644,0.3356960904604773,1.2122736292026872,0.22540765491503734,0.9989528241627993
Hsf2,28.03071575040673,0.39892838597428965,0.3942439720338727,1.011882017919641,0.31159446808694125,0.9989528241627993
Hspa1a,99.97072598433788,0.5860250218361736,0.32857394734927736,1.7835407419360096,0.07449832203179882,0.9989528241627993
Hspa1b,54.55529434309957,0.5685460164123984,0.4282918944512546,1.3274732110932037,0.18435219585532037,0.9989528241627993
Hspa5,417.3772942972321,0.24075529627811154,0.21322749548108386,1.1291006149789429,0.25885539192996554,0.9989528241627993
Hspa9,344.8958477805988,0.6328313251704958,0.24666013503880987,2.565600335339657,0.010299742793421673,0.9989528241627993
Hspb2,3.040863158886429,1.0170015536427823,1.1198911304736965,0.9081253757341631,0.36381198494589884,0.9989528241627993
Hspb3,0.6647341098130773,-0.00731090854417988,2.477596827599777,-0.0029508063873582182,0.9976456005583363,0.999437389844584
Hspd1,289.72588900154585,0.2760733007250669,0.18798571360491403,1.4685866039016395,0.1419449505199967,0.9989528241627993
Hspg2,21.591605503548095,-0.607929312169098,0.5852601597846858,-1.0387334623849196,0.2989287140004221,0.9989528241627993
Hsph1,409.68102114977137,0.5306705565005068,0.24895459107941495,2.131595782988498,0.03304009072874257,0.9989528241627993
Htr1a,1.528231420770913,-1.3096783971203634,1.6099235952281061,-0.8135034488607507,0.41592946972350653,0.9989528241627993
Htr1b,2.183851138345807,-1.6233384793224295,1.3980545248801213,-1.161141035941803,0.2455845489754741,0.9989528241627993
Htr1d,0.8004375140608945,1.6649752046040895,2.4428427432467448,0.6815728147900328,0.49550910966824024,0.9989528241627993
Htr1f,0.6853188487399163,-1.4734314705810683,2.382206117573092,-0.6185155263064089,0.5362355663313574,0.9989528241627993
Htr2a,2.5831307375946664,0.41609247346588957,1.1972682623214899,0.3475348729774987,0.7281895243395589,0.9989528241627993
Htr2b,0.0,,,,,
Htr2c,8.308058894204677,0.07410607762825751,0.6722949939233709,0.11022851322421749,0.9122281497703935,0.9989528241627993
Htr3a,0.4015813161061674,0.7648126995426803,3.1843664540365695,0.24017735099965887,0.8101927711427782,0.9989528241627993
Htr3b,0.344070393210983,-1.9539272275599722,3.590228627412163,-0.5442347633912002,0.5862799324997358,0.9989528241627993
Htr4,0.344070393210983,-1.9539272275599722,3.590228627412163,-0.5442347633912002,0.5862799324997358,0.9989528241627993
Htr7,1.3818494092420321,-2.9392254244338405,2.0268690837782333,-1.4501308683217506,0.147022028593261,0.9989528241627993
Htra2,7.903699119737553,0.09758945974383584,0.7937711689869505,0.12294407199040029,0.9021513859293606,0.9989528241627993
Htt,89.98538344775936,-0.24366419275814347,0.25434885225864834,-0.9579921064882981,0.3380667389161893,0.9989528241627993
Huwe1,68.8239529329279,0.07584694834937562,0.2692491287412298,0.28169802704271957,0.7781750674435925,0.9989528241627993
Ibsp,0.0,,,,,
Icam1,0.5713700042439364,-0.021694238830753214,2.5533713601088444,-0.008496311648858019,0.9932210056712675,0.9989528241627993
Ick,64.82124083127572,-0.5816852523414794,0.34807120417142506,-1.67116740876674,0.09468861573770095,0.9989528241627993
Icos,0.0,,,,,
Icosl,6.088056886502302,-0.6973490747584135,0.7814414153648357,-0.8923881701775921,0.372184909665624,0.9989528241627993
Id1,8.803237720289527,0.9155907152682458,0.6645001262901922,1.377863869462081,0.16824532196975395,0.9989528241627993
Id2,65.35844806309201,-0.44446880467184424,0.31556849386339597,-1.4084701524869176,0.1589918990860526,0.9989528241627993
Id4,201.8880463693594,0.0516803212760677,0.246767585846479,0.2094291318642614,0.8341132530252308,0.9989528241627993
Idh1,143.60242941547952,-0.4756019258528684,0.2742846993993516,-1.7339717705521882,0.08292309209070745,0.9989528241627993
Idh2,198.85486876545247,0.04032198830322699,0.2162440986241117,0.1864651500770759,0.8520800057605349,0.9989528241627993
Idi1,32.83217114194722,-0.31766059892392384,0.45579485623339816,-0.6969376564470483,0.4858418103679285,0.9989528241627993
Ido1,1.0184680111678956,-1.4261364840854187,2.002571715519164,-0.7121525152050272,0.4763703377274179,0.9989528241627993
Ido2,0.2838922543215187,1.045824023199335,4.202006087173883,0.24888684154732346,0.8034483140148623,0.9989528241627993
Idua,18.039011534513865,0.5929641113554078,0.5122991773589618,1.1574566924200331,0.24708582326626538,0.9989528241627993
Ifi204,0.7858150057500387,-1.7692712920120441,2.393096663602703,-0.7393229529426877,0.4597109148718116,0.9989528241627993
Ifi208,0.34291953478232867,1.9332222252974967,3.87157603160201,0.4993372749282037,0.6175417997786022,0.9989528241627993
Ifi209,0.34124845552893346,0.06638151358308987,3.4550612127406937,0.019212832854684326,0.9846713203552093,0.9989528241627993
Ifi27,89.36352598513048,-0.01911338422899147,0.2783073923691337,-0.06867724233368686,0.9452465334107587,0.9989528241627993
Ifi44,0.19588154313728123,-1.04897210706065,4.441716510347476,-0.23616367785223397,0.8133056632626428,0.9989528241627993
Ifih1,6.7621358419912765,-0.17645945862521165,0.7744416832016483,-0.22785377188854816,0.8197599220725009,0.9989528241627993
Ifit1,3.3639786286613833,1.1976466108988288,1.2791403665837562,0.9362902166065046,0.34912378396235555,0.9989528241627993
Ifit3,25.46707451331302,0.1641560726151531,0.44209853105977437,0.37131105643270784,0.7104058638330426,0.9989528241627993
Ifnar1,44.958680716855866,-0.05964371066350787,0.3347153034656076,-0.17819236242252162,0.8585719076398597,0.9989528241627993
Ifnar2,8.064082750866463,-0.3681614660507271,0.6921883568715648,-0.5318804663439887,0.5948087870880298,0.9989528241627993
Ifnb1,0.19588154313728123,-1.04897210706065,4.441716510347476,-0.23616367785223397,0.8133056632626428,0.9989528241627993
Ifng,0.2542528434819243,-0.16717394861669324,3.8378714626530117,-0.043559027508735436,0.9652559119888277,0.9989528241627993
Ifngr1,59.61386686503275,0.3645585839783179,0.3119688359135658,1.1685737227910888,0.24257542040069335,0.9989528241627993
Ifngr2,11.10278633230292,0.0759416204134125,0.612621887428982,0.12396165068819222,0.9013456391215107,0.9989528241627993
Ifnlr1,0.0,,,,,
Ift122,55.55350416520528,0.14580150408693973,0.3200278807930811,0.4555900058633014,0.6486848312246654,0.9989528241627993
Ift27,56.23251744228147,-0.28836331334430904,0.3189143040836853,-0.904203134358754,0.36588769849567504,0.9989528241627993
Ift88,18.431197012703574,-0.00042116149906467313,0.46472734989185216,-0.0009062550313913796,0.9992769132012812,0.9994911204709922
Igdcc4,31.658496807746975,-0.20403699518868912,0.41662706048601056,-0.4897353401641088,0.6243211908244801,0.9989528241627993
Igf1,3.16682791340806,3.078791160188518,1.5125907177834224,2.0354423202465726,0.04180638672622782,0.9989528241627993
Igf1r,67.65252320350112,0.04265517641878857,0.28194946233106616,0.15128660315976306,0.8797496367760771,0.9989528241627993
Igf2,48.5529884069695,-0.8924973247685742,0.37164454145298026,-2.4014810530494266,0.01632885465378888,0.9989528241627993
Igf2bp1,0.0,,,,,
Igf2r,31.97307892401484,-0.26648109827394656,0.3839663751812046,-0.6940219651999125,0.48766843409886107,0.9989528241627993
Igfbp1,0.14818885007370175,-1.0489721070606506,4.441716510347476,-0.23616367785223408,0.8133056632626426,0.9989528241627993
Igfbp2,4.63757092624879,-0.15758595250448035,0.8796877014724598,-0.17913851954586393,0.8578289369549298,0.9989528241627993
Igfbp3,1.7720832542945744,0.8045945857755195,1.4453064148649433,0.556694813985659,0.5777359607929371,0.9989528241627993
Igfn1,1.1398104930031407,1.182995426140567,1.8214398608136155,0.6494836593793095,0.5160258050699645,0.9989528241627993
Igha,0.0,,,,,
Ighd,0.19588154313728123,-1.04897210706065,4.441716510347476,-0.23616367785223397,0.8133056632626428,0.9989528241627993
Ighm,16.644693829263165,-0.10928493168530497,0.48319179022239317,-0.2261729894769231,0.8210668775957488,0.9989528241627993
Igkc,0.25592392273531955,1.6399365151295664,3.9421765910468314,0.415997730506052,0.6774116639136933,0.9989528241627993
Igll1,0.3673413105284456,0.06289684516389088,3.375816271233772,0.01863159606755013,0.985134997190086,0.9989528241627993
Igsf11,348.98408211384077,0.3635148725787348,0.2126565609563322,1.7093988116048793,0.08737710092052607,0.9989528241627993
Igsf21,9.2380735291219,-0.08981956071588151,0.6678735085625711,-0.13448588627088295,0.8930183708276468,0.9989528241627993
Igsf5,1.3106142802781384,1.5069700759535303,1.7551762502235422,0.8585861823059651,0.3905688641430992,0.9989528241627993
Igsf8,46.1748583976838,-0.2345298089102608,0.3143681486960848,-0.7460355315353284,0.45564595144771425,0.9989528241627993
Igsf9b,37.908939380143444,-0.09308017266509033,0.3533100457405704,-0.2634518145952678,0.7922023583681352,0.9989528241627993
Igtp,1.2212979889774767,0.37583305816991663,1.963029905210609,0.19145559482935864,0.8481686671539008,0.9989528241627993
Ihh,0.0,,,,,
Ikbkb,68.94281112433275,0.16344200728587108,0.27315083004001195,0.5983580839272192,0.5496010278496333,0.9989528241627993
Ikbkg,54.06554719362597,-0.014687019521656472,0.29562727703158787,-0.04968086730402472,0.9603767033089385,0.9989528241627993
Ikzf1,3.580869332827858,0.3454773496137072,1.067300739991535,0.32369259822348406,0.746170775182966,0.9989528241627993
Ikzf2,78.5312146010153,-0.03150858741097746,0.27294202945563883,-0.11544058448535326,0.9080959122042244,0.9989528241627993
Il10,0.0,,,,,
Il10ra,2.374959228248353,-0.0682524100778707,1.3432666453065436,-0.050810768149681086,0.9594763102196511,0.9989528241627993
Il11,1.5048247441620244,0.15507389443636527,1.5846982243997598,0.09785705066660437,0.9220458048404536,0.9989528241627993
Il11ra1,54.28720458721406,-0.14345430459082956,0.335804315654262,-0.42719613150692054,0.669236478761255,0.9989528241627993
Il12a,0.0,,,,,
Il12b,0.1689283106883104,1.3019780290833856,4.382858461404432,0.29706139053967606,0.7664196404032793,0.9989528241627993
Il12rb1,13.552652965806864,-0.08828088327436596,0.542547950381341,-0.16271535670223422,0.8707425552355805,0.9989528241627993
Il12rb2,0.2542528434819243,-0.16717394861669324,3.8378714626530117,-0.043559027508735436,0.9652559119888277,0.9989528241627993
Il13,0.0,,,,,
Il13ra1,6.2551936564781405,0.07937762409467837,0.7673384023317141,0.10344539495674045,0.9176094854041477,0.9989528241627993
Il13ra2,0.0,,,,,
Il15,1.4949096947998102,-0.3720161682811979,1.6357309011145247,-0.2274311551048649,0.8200884966755907,0.9989528241627993
Il15ra,0.821176974675503,3.0635106198632216,2.8113401857784686,1.0896975881326598,0.27584637891113584,0.9989528241627993
Il17a,0.0844641553441552,0.792399408974007,4.4542327259096215,0.17789807083153408,0.8588030259342062,0.9989528241627993
Il17f,0.0844641553441552,0.792399408974007,4.4542327259096215,0.17789807083153408,0.8588030259342062,0.9989528241627993
Il17ra,17.437920301945255,-0.16772085166933304,0.49795884332683055,-0.33681669462640923,0.7362550871941181,0.9989528241627993
Il17rb,3.8594949676151784,-0.08840431116322829,1.077495323148545,-0.08204612053897589,0.9346100381706072,0.9989528241627993
Il17rc,1.977058409105428,0.22887087501843006,1.3844350099512164,0.16531716792288778,0.86869434668863,0.9989528241627993
Il18,45.123750273842,0.06452753072629377,0.38084744967297124,0.16943143713238132,0.865457297696934,0.9989528241627993
Il18r1,0.0,,,,,
Il18rap,0.7220903110204921,-0.7146110352586377,2.2276158454560897,-0.32079635127228395,0.74836472464613,0.9989528241627993
Il1a,0.2533924660324656,1.6868137779272252,4.265889393319508,0.39541901404401597,0.692533678855827,0.9989528241627993
Il1f10,0.19588154313728123,-1.04897210706065,4.441716510347476,-0.23616367785223397,0.8133056632626428,0.9989528241627993
Il1f5,0.0,,,,,
Il1r1,0.8272939269792561,0.8012857711438655,2.095142915018033,0.38244921880995825,0.702128188623889,0.9989528241627993
Il1rap,424.60613054933486,-0.09381653195612454,0.21967907699695333,-0.42706175407604086,0.6693343489081975,0.9989528241627993
Il1rapl2,0.9315792633314007,0.44055745549933545,2.072220500355835,0.21260162971251578,0.831637700178343,0.9989528241627993
Il1rl1,0.0,,,,,
Il1rn,0.16978868813776907,-1.0489721070606506,4.441716510347476,-0.23616367785223408,0.8133056632626426,0.9989528241627993
Il2,0.4285345485551382,-1.0628414768993322,2.943075592630831,-0.3611329180808613,0.7180000863203944,0.9989528241627993
Il21,0.0,,,,,
Il21r,1.3876948429629332,0.7945121841173142,1.6905583647441715,0.4699702776825134,0.6383762528424923,0.9989528241627993
Il22,0.0,,,,,
Il22ra1,0.16978868813776907,-1.0489721070606506,4.441716510347476,-0.23616367785223408,0.8133056632626426,0.9989528241627993
Il22ra2,0.2963777001474035,-1.7783385220954793,4.057916322177916,-0.4382393279960565,0.6612128022343146,0.9989528241627993
Il23a,0.0,,,,,
Il23r,0.0,,,,,
Il25,0.4285345485551382,-1.0628414768993322,2.943075592630831,-0.3611329180808613,0.7180000863203944,0.9989528241627993
Il27,0.17145976739116434,1.0513301897027478,4.415151725658759,0.23811870011010441,0.811789031237038,0.9989528241627993
Il27ra,0.31797753821147084,-1.8662970128816079,3.6765167983591094,-0.507626407069476,0.6117153677892653,0.9989528241627993
Il2ra,0.2838922543215187,1.045824023199335,4.202006087173883,0.24888684154732346,0.8034483140148623,0.9989528241627993
Il2rb,1.0899518423736787,2.3805703028091587,2.238212220476953,1.063603478271542,0.2875083660551464,0.9989528241627993
Il2rg,0.538145097803443,0.7692441642303364,2.7633411790524858,0.27837466110286835,0.7807247685850973,0.9989528241627993
Il3,0.0,,,,,
Il31,0.0,,,,,
Il33,14.435731821524527,-1.0871526704994234,2.721151568167657,-0.39951933703989895,0.6895105784330027,0.9989528241627993
Il34,6.730270753260371,-0.1058688440214698,0.8043153536978717,-0.13162603888479016,0.8952800886657851,0.9989528241627993
Il3ra,0.0,,,,,
Il4,0.0,,,,,
Il4ra,1.926650642570313,2.2070509605983113,1.5493256382996299,1.4245236159781935,0.1542949537767647,0.9989528241627993
Il5,0.2838922543215187,1.045824023199335,4.202006087173883,0.24888684154732346,0.8034483140148623,0.9989528241627993
Il5ra,0.17145976739116434,1.0513301897027478,4.415151725658759,0.23811870011010441,0.811789031237038,0.9989528241627993
Il6ra,1.305056488559943,3.827281770325647,2.4362067953383706,1.571000367312442,0.11618256347158112,0.9989528241627993
Il6st,191.19894134298045,0.2519280874889176,0.2221127916397945,1.134234933652427,0.25669601411486165,0.9989528241627993
Il7,0.0,,,,,
Il7r,1.2813403685755151,1.4862607474849674,1.9685539702526011,0.7550012699394029,0.45024822023998856,0.9989528241627993
Il9,0.14818885007370175,-1.0489721070606506,4.441716510347476,-0.23616367785223408,0.8133056632626426,0.9989528241627993
Ilf2,205.99936425515156,-0.15066698410573495,0.19960956000995086,-0.7548084575619721,0.45036391849457924,0.9989528241627993
Ilk,42.09941706161319,-0.09560307926072244,0.3317031744606924,-0.28821876491282006,0.7731792856473004,0.9989528241627993
Ilkap,84.50401586428707,0.037310550032488524,0.2549883196506358,0.14632258482901647,0.8836667376211436,0.9989528241627993
Immt,234.51940309669962,0.011493779983144095,0.20069633126772896,0.057269507173060334,0.954330510223713,0.9989528241627993
Impact,210.25679100511164,0.03195554792680005,0.21663200818145156,0.14751074042592077,0.8827289028323941,0.9989528241627993
Impad1,79.87166394009068,-0.09385775408872073,0.2851461658067527,-0.32915664085179863,0.7420372940399831,0.9989528241627993
Ina,15.547142937248802,0.3669865390243639,0.5244659968972297,0.699733712376926,0.48409361865971834,0.9989528241627993
Ing3,55.9455431929936,0.046656052537442566,0.3006638466362543,0.15517679647692215,0.8766819404209583,0.9989528241627993
Inha,1.2495568015428715,-0.5187419883986469,1.679047116345233,-0.30895022739313477,0.7573593885422276,0.9989528241627993
Inhba,1.8339821480829561,-1.408930267515145,1.5741005313762124,-0.8950700666388431,0.3707496340497788,0.9989528241627993
Inhbb,0.5129987038992935,-0.5146409719905345,2.6970680835781833,-0.19081497242285542,0.8486705579189401,0.9989528241627993
Inka2,9.31893971858006,0.9671795536045752,0.6707816908953149,1.4418693395069386,0.1493392371581255,0.9989528241627993
Ino80d,95.72802881857051,0.0684645881447569,0.24732525525720367,0.2768200444130049,0.7819182891803556,0.9989528241627993
Inpp1,13.376430503453038,0.16684131270420174,0.5595724718007716,0.2981585426589809,0.7655821616663316,0.9989528241627993
Inpp4b,7.794104693909101,1.7131303540603937,0.8182670471549228,2.093607899788791,0.03629492326636977,0.9989528241627993
Inpp5b,52.973996658372634,0.08711309601751666,0.3126047290401964,0.2786685162600825,0.780499226112499,0.9989528241627993
Inpp5d,3.1897576647218195,-0.20087448942683872,1.0532049399709869,-0.19072687736574073,0.8487395801264044,0.9989528241627993
Inpp5e,12.612442431856842,0.017089429379483642,0.5505837636819969,0.031038745612836597,0.9752386400170779,0.9989528241627993
Ins1,0.0,,,,,
Insm1,1.8454064836900852,0.48485059284161935,1.5418812360656764,0.31445391609977874,0.753176312134773,0.9989528241627993
Insr,47.76608977744174,-0.05478584094731866,0.3155400344751354,-0.17362564163513708,0.8621596789765245,0.9989528241627993
Insrr,0.1689283106883104,1.3019780290833856,4.382858461404432,0.29706139053967606,0.7664196404032793,0.9989528241627993
Ints11,35.3469211364521,0.3037141490375482,0.3850466851400013,0.7887722729702739,0.43024511783689745,0.9989528241627993
Ints4,78.78454086556923,0.05179089587289653,0.26192033560724526,0.19773529899014028,0.8432521703571845,0.9989528241627993
Invs,33.241155871849635,0.004528147667293966,0.36497513013238525,0.012406729372632866,0.9901011161349751,0.9989528241627993
Ipmk,39.49250542018779,0.1104436511854015,0.3317946303954249,0.3328675061853093,0.739234298354309,0.9989528241627993
Ipo9,53.0277492271703,0.20223031291203916,0.3215654755457116,0.6288931128842264,0.529419035202815,0.9989528241627993
Iqgap1,35.916455924235706,0.27340540594370605,0.42363643245038174,0.6453774628454046,0.5186826047112729,0.9989528241627993
Iqgap2,3.502428952433474,0.5898119814073015,1.0264656677423196,0.5746046847378494,0.5655586830072123,0.9989528241627993
Iqgap3,0.1689283106883104,1.3019780290833856,4.382858461404432,0.29706139053967606,0.7664196404032793,0.9989528241627993
Irak1,21.37621541776709,0.3926299558724815,0.44249337791749643,0.8873126140786856,0.3749106161607836,0.9989528241627993
Irak2,13.043688501314854,0.4847473830162302,0.5564095167562046,0.8712061322068044,0.38364161225753635,0.9989528241627993
Irak3,10.51812373299782,-0.9289922376649278,0.6156374161254824,-1.5089924902738139,0.13130070191531173,0.9989528241627993
Ireb2,71.02770313180332,-0.048334803549895,0.2683760553214932,-0.1801010283573687,0.857073255297582,0.9989528241627993
Irf1,19.011868991894328,-0.450347959635912,0.476941860181314,-0.9442407916652733,0.34504661447954965,0.9989528241627993
Irf3,101.44382665387964,-0.20074515270103094,0.24224501780024618,-0.8286864040546097,0.4072818811135692,0.9989528241627993
Irf4,3.6244209108444014,4.235476301487952,1.8081538071238692,2.3424314263536523,0.019158554272155626,0.9989528241627993
Irf5,0.7411586923817056,-0.6043603767077607,2.302686791515325,-0.26245878464002925,0.7929677569301886,0.9989528241627993
Irf7,0.7913828421481389,-0.8510432055107419,2.1752720404363663,-0.3912352982480389,0.6956233192382865,0.9989528241627993
Irf8,2.6266959128597724,0.7216407750710562,1.2813734095728575,0.5631775793690095,0.5733139684576305,0.9989528241627993
Irf9,35.15904604243571,0.10831001070270074,0.4184826991559141,0.2588159819298711,0.7957772261335565,0.9989528241627993
Irgm1,16.63294739620392,-0.2662729035503826,0.5260104459991671,-0.506212197068809,0.6127076934562934,0.9989528241627993
Irgm2,16.568083482154172,0.3610953434430576,0.5380762700504306,0.6710857986902384,0.5021658733017649,0.9989528241627993
Irs1,13.374212204098493,-0.15240290204991125,0.5674390268999701,-0.26858022593637587,0.788252730757611,0.9989528241627993
Irs2,197.92806994147483,0.23477030515065217,0.23423472185448738,1.002286523927471,0.31620522922841776,0.9989528241627993
Irx2,0.0,,,,,
Irx3,1.0921177999395613,1.288648198553125,1.921790513519576,0.6705456133161406,0.5025100393196114,0.9989528241627993
Irx4,0.0,,,,,
Irx5,0.8594647945217044,1.8909357385749836,2.259764025077117,0.8367846012197903,0.4027136545654527,0.9989528241627993
Irx6,0.0,,,,,
Isca1,38.62193910723488,0.05296101023805394,0.3793262475011723,0.13961862799354602,0.8889613217752765,0.9989528241627993
Isg15,3.0064684316209376,0.14591783038589723,1.113186681331071,0.13108118596192586,0.895711084162413,0.9989528241627993
Isg20,4.602768207516854,2.3660780855177515,1.2234948147362499,1.9338685027674676,0.05312929762105329,0.9989528241627993
Isl1,0.8065544663646472,-0.3263069285610351,2.09270912466888,-0.15592560127660607,0.8760916652192047,0.9989528241627993
Isl2,0.538145097803443,0.7692441642303364,2.7633411790524858,0.27837466110286835,0.7807247685850973,0.9989528241627993
Itch,334.7797323462238,-0.13250179147064378,0.18714172028854595,-0.7080291410506692,0.4789271610586979,0.9989528241627993
Itga1,4.29162505645112,0.07276130694107122,0.9270114752408599,0.07849019012646642,0.9374381332945319,0.9989528241627993
Itga11,0.0844641553441552,0.792399408974007,4.4542327259096215,0.17789807083153408,0.8588030259342062,0.9989528241627993
Itga2,0.6232652332637652,1.2665817772642156,2.5935262921001936,0.488362805930361,0.625292882167215,0.9989528241627993
Itga2b,1.40654878231095,-0.33386190887665174,1.5774518509376512,-0.21164633879519132,0.8323829550267305,0.9989528241627993
Itga3,2.5481379323701683,0.4720977453232975,1.2845092367462534,0.3675316080397773,0.7132225192092204,0.9989528241627993
Itga4,13.326596599328143,-0.15122779152987234,0.6427868714494317,-0.23526894877125612,0.813999994056604,0.9989528241627993
Itga5,4.006688807911462,0.9394078197104522,1.007724854710717,0.9322066587115426,0.35122973492500775,0.9989528241627993
Itga6,3.1628044322728495,0.15895992924737484,1.0687042121219454,0.14874080914470708,0.8817581583557108,0.9989528241627993
Itga7,3.5303286459778076,-0.02079940228802054,1.0399545256109493,-0.02000029979753333,0.9840431334102095,0.9989528241627993
Itga8,1.5866027211155558,-0.9538718928941834,1.5482194901502275,-0.6161089554567143,0.5378226118874512,0.9989528241627993
Itga9,5.408987196788907,0.4124481716062479,0.9346496109902546,0.4412864101759611,0.6590056632155972,0.9989528241627993
Itgae,0.0,,,,,
Itgal,0.7077293886079202,1.555568212805401,2.4638273140523275,0.6313625163311114,0.5278035189532333,0.9989528241627993
Itgam,9.129890722032881,0.25929577437666673,0.6698950217092646,0.3870692660397191,0.6987049297643815,0.9989528241627993
Itgav,134.85498010623684,0.10824487766834212,0.2436259733266521,0.4443076252925139,0.6568201889742697,0.9989528241627993
Itgax,0.6268117891038475,2.6636538552582096,3.0439825646660603,0.875055555894889,0.3815436779219624,0.9989528241627993
Itgb1,240.05986534845877,0.3619793565064787,0.21231347214852792,1.7049288151307194,0.088207701473675,0.9989528241627993
Itgb2,2.5756113856438803,1.208815351745345,1.3204299829661599,0.915470996068956,0.3599444220533551,0.9989528241627993
Itgb3,10.779503452404517,-1.1334059139996213,0.6283251403395916,-1.8038525617279106,0.07125442337295329,0.9989528241627993
Itgb4,42.323736821474995,-0.5504487751964101,0.8545199164419237,-0.6441614345144647,0.5194707560700709,0.9989528241627993
Itgb5,54.70843163671211,0.40131437771766026,0.322908735367578,1.2428105336352406,0.21393765995362723,0.9989528241627993
Itgb6,0.0,,,,,
Itgb7,0.5290307055652604,-1.483119341645885,2.9225759454674796,-0.5074699064522181,0.6118251464358919,0.9989528241627993
Itgb8,154.9021310582024,0.19141377348874689,0.2314179315897373,0.827134579303428,0.40816078671694345,0.9989528241627993
Itih5,72.73701954962816,-0.5740545127059988,0.3230934497045457,-1.7767445091534533,0.07561028555668987,0.9989528241627993
Itk,0.7102608453107743,1.4907893236560592,2.6722031540136264,0.5578877195084911,0.5769210578200257,0.9989528241627993
Itln1,0.0,,,,,
Itpa,13.284244724209126,0.005731995973694295,0.5528036795336745,0.010368954089686239,0.991726919867421,0.9989528241627993
Itpkb,26.658770220038633,0.3008015296136811,0.43725380575863465,0.6879334739963919,0.49149467577932404,0.9989528241627993
Itpr1,30.465226701326728,0.0018323126117323557,0.40054497670806893,0.004574548972730742,0.9963500507321355,0.999437389844584
Itpr2,20.203634594491746,-0.033729698675573364,0.4890958981844412,-0.06896336444607368,0.945018780979099,0.9989528241627993
Itpr3,0.36835640966567396,1.7572836633095952,3.5394358188749715,0.49648694120639747,0.6195508985355251,0.9989528241627993
Itsn1,51.188548640793734,0.029164924275471685,0.3145388288973523,0.09272281065492702,0.9261237747946335,0.9989528241627993
Itsn2,172.03342781525137,0.06100603013242655,0.23207420960629807,0.26287294152986723,0.7926485125709757,0.9989528241627993
Ivd,127.45137624711003,-0.14337391085298695,0.2250972230174631,-0.6369421573977568,0.5241625212877867,0.9989528241627993
Izumo1r,0.0,,,,,
Jade1,28.75338688900291,-0.17149737299551912,0.4119060077404256,-0.4163507445212917,0.6771533654107056,0.9989528241627993
Jade2,96.38807841648071,0.8131957150313804,0.36022770242962165,2.257449134385371,0.023980024464618624,0.9989528241627993
Jade3,4.592296858932938,0.05278699331700589,0.9091525678170418,0.05806175463349598,0.9536994383554647,0.9989528241627993
Jag1,7.347242818375835,-0.007788528723717048,0.7337328929445474,-0.010614937395624805,0.9915306643881818,0.9989528241627993
Jag2,13.714690967719761,-0.6105984984680847,0.665276919201058,-0.9178110360440017,0.35871780349094085,0.9989528241627993
Jak1,101.74775917664634,-0.09205402200159593,0.2498079350584988,-0.36849919110871787,0.7125010481776994,0.9989528241627993
Jak2,143.06880817388048,-0.04594393442653896,0.24320279390734556,-0.18891203381504942,0.8501617617798186,0.9989528241627993
Jak3,1.287188641272906,-1.201699896742361,1.76177611239414,-0.6820956921190903,0.4951784444128122,0.9989528241627993
Jam2,32.67135922410475,-0.19643201202422764,0.3796927200255734,-0.5173446886498044,0.6049155634508099,0.9989528241627993
Jam3,166.9544208126524,-0.03958316322432705,0.243612724334066,-0.16248397259433248,0.8709247485797991,0.9989528241627993
Jaml,0.6858390695646573,2.8718410398911947,3.1507774550256222,0.91147060713872,0.36204746574677393,0.9989528241627993
Jarid2,43.81192160538894,-0.20203255424326147,0.3303323960522786,-0.6116038168151321,0.5407999122001625,0.9989528241627993
Jazf1,3.363247630387441,0.5829758132083792,1.115817302316848,0.5224652924792494,0.6013464057918818,0.9989528241627993
Jchain,0.14818885007370175,-1.0489721070606506,4.441716510347476,-0.23616367785223408,0.8133056632626426,0.9989528241627993
Jmjd6,158.17901321574303,-0.07041399467836248,0.21113163986599492,-0.3335075440282384,0.7387511957932151,0.9989528241627993
Jph2,0.455352021712683,2.1630685495409856,3.332982946721688,0.6489887839565975,0.5163456258783948,0.9989528241627993
Jpt1,37.368594115160256,-0.026154218736487742,0.39980046730588664,-0.06541817950522102,0.9478410499307869,0.9989528241627993
Jun,655.3703278946167,0.19813325195034903,0.18576702461886035,1.0665684739089758,0.28616674290171573,0.9989528241627993
Jup,264.4015758523205,-0.14134322160618623,0.22775100822057248,-0.6206041532395679,0.5348601063347911,0.9989528241627993
Kansl2,147.8890880713618,0.2940577436083993,0.2340017007830252,1.256647890269226,0.20888116515759636,0.9989528241627993
Kat14,65.85615344188581,-0.03403549649880342,0.2964129777076606,-0.11482458278993159,0.9085841636796826,0.9989528241627993
Kat2a,136.50224815807948,0.12092240341202734,0.24579572134098274,0.4919630120179206,0.6227454917006483,0.9989528241627993
Kat2b,81.19429723563374,0.05756355307737788,0.2734969391162236,0.21047238504163304,0.8332990024841812,0.9989528241627993
Kat5,110.1384130740629,0.3575429164295739,0.2649455081699775,1.349496048825972,0.177177688600899,0.9989528241627993
Kat6a,82.70003883221804,0.14118167920540212,0.2654221597873199,0.5319136854229863,0.5947857783104478,0.9989528241627993
Kat6b,16.10189218711541,0.37235241851606404,0.5315857844061148,0.7004559366312897,0.48364261387575536,0.9989528241627993
Kat8,35.52560181586258,0.31465202100693374,0.38964333602010615,0.8075385664768491,0.41935626438930507,0.9989528241627993
Katna1,28.20753994944347,-0.0019936836882676217,0.385839023117722,-0.005167138544354379,0.9958772382777613,0.9993039126460288
Katnal2,4.6648146396769565,-0.5843451719404784,0.8916193757874343,-0.6553751385499148,0.5122262542476851,0.9989528241627993
Kcna10,0.7491982651572325,0.47136097636328755,2.3245412471500395,0.20277591414701326,0.839310184556201,0.9989528241627993
Kcna4,5.261793356492624,-0.3655503531739982,0.879434187546407,-0.4156653884401195,0.6776548715279438,0.9989528241627993
Kcnab2,40.36804309188903,-0.3189290105988791,0.3395396347088393,-0.9392983263128202,0.3475775976876819,0.9989528241627993
Kcnab3,4.5242909455253715,-1.0103303059063131,0.9916010976177535,-1.0188878454587789,0.3082562146761284,0.9989528241627993
Kcnc1,10.618504527292382,-0.31159584853645117,0.6156183384250218,-0.5061510177452283,0.6127506379320511,0.9989528241627993
Kcnc2,6.484966130851987,0.32845503311286356,0.7975259401268211,0.4118424449750603,0.6804549086006622,0.9989528241627993
Kcnc4,3.9362697514884295,-0.5819622395673609,0.9508647992964913,-0.6120346867377283,0.5405148083544212,0.9989528241627993
Kcnf1,3.046922209033022,-0.44378826854904213,1.0850653483028156,-0.40899681225945067,0.6825420005171134,0.9989528241627993
Kcng1,1.0517997818189033,0.046748540420897544,1.8879810627170666,0.024761127822765294,0.9802454970480199,0.9989528241627993
Kcng2,0.14818885007370175,-1.0489721070606506,4.441716510347476,-0.23616367785223408,0.8133056632626426,0.9989528241627993
Kcnh1,8.009223628548728,0.3674140784699034,0.7066697005353435,0.5199233506000976,0.6031169996425094,0.9989528241627993
Kcnh2,1.6644839409243823,-1.752980162330981,1.5380627942583713,-1.1397325056394978,0.2543977604359764,0.9989528241627993
Kcnh5,6.407749808875766,0.9350283801734888,0.7716616482558551,1.2117077248647545,0.22562428105332544,0.9989528241627993
Kcnh8,0.7714540833374669,0.37206209147213626,2.1798985490610128,0.17067862705464037,0.8644764693517144,0.9989528241627993
Kcnip3,65.14197731706504,0.8595469046515194,0.3304491789156136,2.6011470431615775,0.009291261969327471,0.9989528241627993
Kcnj10,418.3432819556136,0.3062495758466858,0.2036871772954641,1.5035289894682322,0.13270268717485303,0.9989528241627993
Kcnj11,2.7777882223137844,-0.9431643796397045,1.179427888391546,-0.799679564068942,0.42389647612674086,0.9989528241627993
Kcnj2,32.27124276032118,0.4864025159690241,0.4337613364730886,1.1213597779921112,0.2621347498064731,0.9989528241627993
Kcnj3,10.233626490800695,-0.2268944196603235,0.6234885344125516,-0.3639111341062631,0.7159243700959171,0.9989528241627993
Kcnj5,0.0,,,,,
Kcnj6,1.3341567161784527,-2.895046778599007,2.006934427626473,-1.4425218575889753,0.1491552099816342,0.9989528241627993
Kcnj8,0.999614071819879,0.13274989272680637,1.9142346290970487,0.06934880954975983,0.9447119748217174,0.9989528241627993
Kcnj9,0.7077293886079202,1.555568212805401,2.4638273140523275,0.6313625163311114,0.5278035189532333,0.9989528241627993
Kcnk10,3.5199665757803618,0.2816529017249819,1.0866111244712864,0.25920303536559697,0.7954785892380675,0.9989528241627993
Kcnk18,0.17145976739116434,1.0513301897027478,4.415151725658759,0.23811870011010441,0.811789031237038,0.9989528241627993
Kcnk2,17.897305972897627,0.18522476711067856,0.4655819041529356,0.3978349791057073,0.690751831308487,0.9989528241627993
Kcnk5,1.4902022358511682,-1.560677973136248,1.603814551325716,-0.9731037618072418,0.3305017345990744,0.9989528241627993
Kcnma1,22.0447532015544,0.05705232962453659,0.43581034637947896,0.1309109113597286,0.8958457829529817,0.9989528241627993
Kcnmb2,0.7601194959402364,-0.27006898282276387,2.377443830896476,-0.11359636737282136,0.9095577671279464,0.9989528241627993
Kcnn2,26.643147726631423,0.14495507907023936,0.4003325430737507,0.3620866741366444,0.7172872614803392,0.9989528241627993
Kcnn4,0.8040230096617934,-0.22985435529696654,2.2144848932266226,-0.1037958560927713,0.9173313550665516,0.9989528241627993
Kcnq1,0.6611875539729951,-1.03724507428398,2.449806882467873,-0.42339871020326536,0.672004385761926,0.9989528241627993
Kcnq3,43.15722441119413,-0.44671906209433465,0.3571113583828768,-1.2509237009912886,0.21096231582485625,0.9989528241627993
Kcns2,3.2176763206624965,0.7683222920277907,1.0584237144297,0.7259118267600213,0.4678928257757291,0.9989528241627993
Kcns3,1.6195842904619406,0.9410039595722446,1.5659122858860555,0.6009301849495274,0.547886487528845,0.9989528241627993
Kcnt2,20.62840839716079,-0.12816275299767732,0.45026511525495444,-0.28463842446490106,0.7759211699347763,0.9989528241627993
Kctd15,8.082959500966298,0.750178447009023,0.7046768292971864,1.064570900901081,0.28707015382741274,0.9989528241627993
Kdf1,0.0,,,,,
Kdm1a,62.88766897050499,-0.20577096236797726,0.28367279425358616,-0.7253813778984762,0.46821809418064253,0.9989528241627993
Kdm1b,38.5848190942822,-0.19663342897859729,0.36082437083595664,-0.5449560641456609,0.5857837356436577,0.9989528241627993
Kdm2a,107.91802637083352,-0.27122013487626745,0.2397655020183567,-1.1311891518718258,0.2579754868679921,0.9989528241627993
Kdm2b,7.860349100077811,-0.09984470015664762,0.6982719146867186,-0.14298828014791803,0.8862994371667332,0.9989528241627993
Kdm4a,151.48114629240285,-0.05708830175395433,0.276582192838986,-0.2064062807802982,0.8364735651117651,0.9989528241627993
Kdm4b,78.40449601460944,0.19910078820995142,0.27721877404213646,0.718208169334479,0.4726289415830638,0.9989528241627993
Kdm4c,84.72984444906037,-0.17382299468792853,0.25681612990701613,-0.676838307433663,0.4985085500304479,0.9989528241627993
Kdm5a,103.98907578315679,0.1257329187636153,0.24866547774300413,0.5056307771582202,0.6131158715546712,0.9989528241627993
Kdm5b,190.84499030944178,-0.26158977968387603,0.24626065552024837,-1.0622475568874106,0.28812331535174585,0.9989528241627993
Kdm5c,99.80290946684761,0.062230795410646016,0.2626065049249916,0.23697354880230792,0.812677310846528,0.9989528241627993
Kdm6a,115.59329217682527,-0.21482644215216237,0.3057065067415681,-0.70272119635899,0.48222951552866966,0.9989528241627993
Kdm6b,22.037774437621668,0.23924365446373644,0.43499379549178285,0.5499932572446445,0.5823239983582984,0.9989528241627993
Kdm7a,59.59059273545722,0.21652331752037457,0.33805461481323196,0.6404980379871433,0.521848864284808,0.9989528241627993
Kdm8,15.39221147817552,-0.45204617879268905,0.5249319608094247,-0.8611519445218223,0.38915436321567276,0.9989528241627993
Kdr,13.747834358302086,0.15197831553313695,0.5968633963278788,0.2546283060213827,0.7990101945820193,0.9989528241627993
Keap1,40.472044031842024,0.14399863564064078,0.3448476612256175,0.4175717333528015,0.6762602671709808,0.9989528241627993
Khdrbs1,369.5332074235088,-0.05891941920425751,0.180652946628092,-0.3261470145048571,0.7443131275974868,0.9989528241627993
Khdrbs2,6.132286959600013,-0.19874935549421557,0.7782317709039042,-0.2553858155435768,0.7984251252056209,0.9989528241627993
Khsrp,112.52985512181061,-0.0745603422993572,0.23322887327138875,-0.31968744372656477,0.7492052791364121,0.9989528241627993
Kif19a,28.805317455555173,-0.6621548285652505,0.46858396150265924,-1.4130975085913025,0.15762705569276392,0.9989528241627993
Kif1b,1209.9762931693524,-0.08784328721663909,0.1931470907246869,-0.454799950064231,0.6492531661870754,0.9989528241627993
Kif1c,175.79487003457803,0.004042376125929455,0.20994330370416978,0.019254608528146006,0.9846379943551534,0.9989528241627993
Kif20a,2.2726254074488943,-1.005208110463414,1.3217130107675186,-0.7605343234683676,0.44693526065039835,0.9989528241627993
Kif20b,2.7613091998125854,0.09591772939469559,1.119299946917696,0.08569439287371695,0.9317093595715693,0.9989528241627993
Kif21b,127.27375732474081,0.041858665508451624,0.2340505497150161,0.17884455114256065,0.8580597624399292,0.9989528241627993
Kif24,2.6768450444684304,-0.00950180486304656,1.1340616103078147,-0.008378561426188756,0.993314953411767,0.9989528241627993
Kif2b,0.0844641553441552,0.792399408974007,4.4542327259096215,0.17789807083153408,0.8588030259342062,0.9989528241627993
Kif2c,1.713847713241357,-1.1141312056782475,1.4824333666791416,-0.7515556723969709,0.4523183091277865,0.9989528241627993
Kif3a,52.51776900963182,-0.07404532814876241,0.3327497809156953,-0.22252555041508013,0.8239047854734277,0.9989528241627993
Kif3b,37.29432965543446,-0.009087167018313915,0.34569654521393506,-0.02628654276163015,0.9790287885241821,0.9989528241627993
Kif4,3.9869780436826443,-0.8364345564505711,1.0418923728787644,-0.8028032244246973,0.42208847818962225,0.9989528241627993
Kif5a,1247.93148285359,0.06775405734315966,0.2349591528040378,0.28836526066157697,0.7730671567684764,0.9989528241627993
Kif5b,733.1642133436379,0.009790802215162289,0.1947164729468166,0.050282351908851976,0.9598973871150562,0.9989528241627993
Kif5c,348.0120643329312,-0.029374852526547108,0.24140960508735823,-0.12168054587520373,0.9031520208787925,0.9989528241627993
Kifap3,41.49243853981368,-0.2963144776853783,0.3461067284720264,-0.8561361375247795,0.3919224818677698,0.9989528241627993
Kirrel,0.31797753821147084,-1.8662970128816079,3.6765167983591094,-0.507626407069476,0.6117153677892653,0.9989528241627993
Kiss1,0.2542528434819243,-0.16717394861669324,3.8378714626530117,-0.043559027508735436,0.9652559119888277,0.9989528241627993
Kiss1r,0.7060583093545251,0.10415064053468488,2.235411944966312,0.046591251679231074,0.9628390046086309,0.9989528241627993
Kit,16.996695068096162,-0.11271843733452205,0.6651744808909702,-0.16945694787259574,0.865437233188023,0.9989528241627993
Kitl,7.505177523879138,0.869387946279902,0.7240930801011187,1.2006577195275683,0.22988400131931408,0.9989528241627993
Kl,23.45425836424379,-0.6012240533847388,0.43793473258597726,-1.3728622295713984,0.1697951804978146,0.9989528241627993
Klb,0.0,,,,,
Klc1,501.8739977667154,-0.10465424140547604,0.1876605867182434,-0.5576783235928255,0.5770640620900092,0.9989528241627993
Klc2,49.73227434577634,-0.12557107812143495,0.32328952944427586,-0.38841678026902854,0.6977076282762357,0.9989528241627993
Klc3,8.61390360207084,0.7994131683501596,0.7221449095363052,1.1069982738831035,0.2682946746206901,0.9989528241627993
Klf1,0.7088802470365746,-1.1321588294524196,2.4026710959503323,-0.47120841107243394,0.63749191282324,0.9989528241627993
Klf10,1.7791077279328729,0.7667044134611375,1.4935121713326585,0.5133566556588611,0.6077018594854104,0.9989528241627993
Klf11,18.612669362579727,-0.09931948294316345,0.4656694915411654,-0.21328320782720542,0.8311060704443518,0.9989528241627993
Klf12,21.24839138187477,0.29443822274862946,0.43954477187459784,0.6698708336192716,0.5029401339985784,0.9989528241627993
Klf15,43.859092872323934,0.9250148303009273,0.4367751591037846,2.1178283861173735,0.03418960437005361,0.9989528241627993
Klf17,0.23265300541785697,-0.16790098615632193,3.9558685371806974,-0.0424435201974591,0.9661451354878905,0.9989528241627993
Klf4,3.0912230679442882,-0.04831126526897527,1.074069294106395,-0.04497965404473211,0.9641235262584009,0.9989528241627993
Klf5,5.809842767773575,0.061596384744397145,0.8190800055810085,0.07520191473933513,0.9400540609288609,0.9989528241627993
Klhl18,22.32932818330131,0.03549843919813061,0.42960952932518237,0.08262954328292131,0.934146109452421,0.9989528241627993
Klhl21,21.16973655362709,-0.1324709157507092,0.4486911938888967,-0.29523850156843323,0.7678116921216046,0.9989528241627993
Klhl22,18.623030741572375,0.03524711133932375,0.4563328656551071,0.07723991408929823,0.9384326896214294,0.9989528241627993
Klhl3,8.676861197742115,-0.10452748505389048,0.6926716585753031,-0.15090481003493644,0.880050806083278,0.9989528241627993
Klhl36,18.011123737634307,-0.2237608229468546,0.48064159963862046,-0.4655461015340608,0.6415404305957806,0.9989528241627993
Klhl41,0.14818885007370175,-1.0489721070606506,4.441716510347476,-0.23616367785223408,0.8133056632626426,0.9989528241627993
Klk1b4,0.19588154313728123,-1.04897210706065,4.441716510347476,-0.23616367785223397,0.8133056632626428,0.9989528241627993
Klk5,0.16978868813776907,-1.0489721070606506,4.441716510347476,-0.23616367785223408,0.8133056632626426,0.9989528241627993
Klk6,1.851542376002814,3.1930499473754415,4.00518343297705,0.7972293905655277,0.4253178197251042,0.9989528241627993
Klk8,5.133089908958357,0.4903628342601214,0.9033857812931934,0.5428055703491025,0.5872636775411646,0.9989528241627993
Klra8,0.19588154313728123,-1.04897210706065,4.441716510347476,-0.23616367785223397,0.8133056632626428,0.9989528241627993
Klrb1,0.0,,,,,
Klrb1c,0.6010094150835309,1.2498944129636826,2.6202123994661477,0.4770202649290344,0.6333476913251286,0.9989528241627993
Klrc1,1.1554291380548811,-0.2683825050059983,2.182992488082466,-0.12294247757203448,0.9021526485130035,0.9989528241627993
Klrd1,0.17145976739116434,1.0513301897027478,4.415151725658759,0.23811870011010441,0.811789031237038,0.9989528241627993
Klrg1,0.0844641553441552,0.792399408974007,4.4542327259096215,0.17789807083153408,0.8588030259342062,0.9989528241627993
Klrk1,0.34291953478232867,1.9332222252974967,3.87157603160201,0.4993372749282037,0.6175417997786022,0.9989528241627993
Kmt2a,73.70565297184896,-0.06181815184219086,0.27643600636880394,-0.22362554232431245,0.8230486870473475,0.9989528241627993
Kmt2b,61.06612541315448,-0.04340513781802578,0.29084316306296293,-0.14923898282810677,0.8813650605616515,0.9989528241627993
Kmt2c,92.63738848511458,0.03216050903547156,0.26220791772523877,0.12265269986687347,0.9023821209943048,0.9989528241627993
Kmt2d,67.27061271903123,-0.12184861837986315,0.2778476175053465,-0.43854476591838504,0.6609914265010254,0.9989528241627993
Kmt2e,238.16421510156954,0.01320233567784809,0.19227691360128465,0.06866313500967222,0.9452577629186414,0.9989528241627993
Kmt5b,157.83513809597005,-0.10631517588570023,0.2136460047687906,-0.4976230470621501,0.6187497562620735,0.9989528241627993
Kmt5c,23.3905697479112,-0.4016571251415602,0.41822016119502525,-0.960396371121522,0.3368557637890973,0.9989528241627993
Kndc1,207.25529117740572,-0.3090688472951268,0.21323408671953673,-1.4494345254548346,0.14721627274840246,0.9989528241627993
Knl1,3.7898380643140257,-0.15871556958593652,0.9822524796529355,-0.16158327199338438,0.871634031205599,0.9989528241627993
Knstrn,11.253521369131597,0.13857356028944,0.6015703413136125,0.23035304564192008,0.8178174442119073,0.9989528241627993
Kpna2,20.864855143868315,0.004045995430567936,0.45205901145253763,0.00895014882585242,0.9928589097747924,0.9989528241627993
Kpnb1,446.3904751717746,0.015444844105807919,0.18175910106432183,0.08497425446851335,0.9322818586212565,0.9989528241627993
Kras,99.6197630080964,0.06790939371212752,0.24969312653471462,0.27197141809462716,0.7856439962992873,0.9989528241627993
Kremen1,6.787203553173653,-0.7482807250537603,0.7628299357765513,-0.9809273207035588,0.3266285835496575,0.9989528241627993
Kremen2,0.0844641553441552,0.792399408974007,4.4542327259096215,0.17789807083153408,0.8588030259342062,0.9989528241627993
Krit1,56.47622469323172,0.2079636658429032,0.30031006959331674,0.6924964791374794,0.48862559622715085,0.9989528241627993
Krt2,0.0,,,,,
Krt20,0.0,,,,,
Krt28,3.185583310254314,-1.5111246308193411,1.1423866442995343,-1.3227786217212845,0.1859090086367764,0.9989528241627993
Krt40,0.14818885007370175,-1.0489721070606506,4.441716510347476,-0.23616367785223408,0.8133056632626426,0.9989528241627993
Krt71,0.3673413105284456,0.06289684516389088,3.375816271233772,0.01863159606755013,0.985134997190086,0.9989528241627993
Krt76,0.36835640966567396,1.7572836633095952,3.5394358188749715,0.49648694120639747,0.6195508985355251,0.9989528241627993
Krt78,0.0,,,,,
Krt79,0.14818885007370175,-1.0489721070606506,4.441716510347476,-0.23616367785223408,0.8133056632626426,0.9989528241627993
Krt82,0.0,,,,,
Ksr2,3.527370949004332,1.2228906968264286,1.054330396339382,1.1598742681348138,0.24610000065649418,0.9989528241627993
Kyat1,21.787390583167,0.48640296724755794,0.4498372750457905,1.0812864878706312,0.2795696960832841,0.9989528241627993
L1cam,5.049528919179952,0.828836008518047,0.9706888097183073,0.853863772014199,0.39318047473987905,0.9989528241627993
L3hypdh,1.165247367886486,1.1746230940166653,1.9017486938183787,0.6176542136375692,0.5368032996276515,0.9989528241627993
L3mbtl2,26.039113800540907,0.4048119766215256,0.4368655261821331,0.9266283383797053,0.35411953621728043,0.9989528241627993
Lacc1,1.890004894901258,-1.5029409738837138,1.4544272136075662,-1.0333559217142354,0.3014373660555738,0.9989528241627993
Lag3,2.8390546603299858,0.6495545164216403,1.158575830584686,0.560649117023127,0.5750367609376129,0.9989528241627993
Lama1,0.7249122487025416,-1.978756660659298,2.4808991390909045,-0.7975965767735278,0.4251046382049305,0.9989528241627993
Lama2,46.91683898078214,-0.32955966178835616,0.41537401612435554,-0.793404616069417,0.42754212218603294,0.9989528241627993
Lama3,0.7481831660200043,-0.7642416466837777,2.206874646401366,-0.34630043347953005,0.729116942877291,0.9989528241627993
Lama4,1.4559125546279246,0.25284961645446125,1.6309266956007988,0.15503432320808067,0.8767942584254921,0.9989528241627993
Lama5,7.185450223692502,0.24487748934917705,0.7158042153148888,0.3421012116301288,0.7322747256613805,0.9989528241627993
Lamb1,2.744516171988204,-1.831762083780256,1.2773139333817543,-1.4340735162346283,0.1515512846419593,0.9989528241627993
Lamb2,19.790064993026576,0.41551617850775585,0.45305392527770744,0.9171450799219051,0.35906662119110233,0.9989528241627993
Lamb3,0.744500850888496,1.7903980105833597,2.4104338254321878,0.7427700323871549,0.45762092168371626,0.9989528241627993
Lamc1,191.5206892959396,-0.14322210190807444,0.20961634738687768,-0.683258265366761,0.4944436609606766,0.9989528241627993
Lamp1,988.09536951067,0.033852530800431685,0.17198106199385588,0.19683871240218928,0.8439537555996186,0.9989528241627993
Lamp2,297.30102833445267,0.4634721884688228,0.21070657659333267,2.1996095041842576,0.027834612290554468,0.9989528241627993
Lamp3,0.0844641553441552,0.792399408974007,4.4542327259096215,0.17789807083153408,0.8588030259342062,0.9989528241627993
Lamp5,2.150443328728801,-1.0609288283540357,1.3741278466328462,-0.772074324054875,0.44007040844333933,0.9989528241627993
Lamtor1,93.25571837780159,0.2097551217314708,0.24811157272690457,0.8454064412478955,0.39788394939004124,0.9989528241627993
Lamtor2,140.06348353147771,-0.1798358207477177,0.2182942682669402,-0.823822916540375,0.41004018437100376,0.9989528241627993
Lamtor3,21.67277020875532,0.3796541117105905,0.4473013559271806,0.8487658413724931,0.3960116009882052,0.9989528241627993
Lamtor4,99.47387358412863,-0.08418337121278774,0.2649629711297343,-0.3177174940854995,0.7506992399389097,0.9989528241627993
Lamtor5,19.78444038143478,0.2664216422253002,0.467417141848228,0.5699868883110158,0.5686865911109231,0.9989528241627993
Lancl2,28.651777078924564,0.06417835469811485,0.38765540053483866,0.16555516732017547,0.8685070315890014,0.9989528241627993
Laptm4b,334.23921352467386,0.11256508390344419,0.18637783401980565,0.6039617559429429,0.545869068886079,0.9989528241627993
Large1,13.193415510327016,0.18155772144625093,0.5427125193058437,0.334537558998035,0.7379739538442519,0.9989528241627993
Large2,0.5372847203539843,2.50621852846887,3.130829976211647,0.8004965288793591,0.4234231738636006,0.9989528241627993
Lasp1,10.801226278098953,0.24840468664730786,0.5958405896196506,0.41689789345481604,0.6767530944321329,0.9989528241627993
Lat,2.401426500101276,1.3711189691426522,1.3492067053928478,1.016240850021142,0.3095147080323454,0.9989528241627993
Lats1,94.50655270114574,-0.17607481939011316,0.2576513162688022,-0.6833841252587197,0.4943641484768422,0.9989528241627993
Lats2,68.92176555530317,0.1459168661436386,0.2750644886373421,0.5304823856634661,0.595777518475689,0.9989528241627993
Lbh,137.57788909821562,0.3369262433952999,0.34959371858964977,0.9637651521730606,0.33516368150821263,0.9989528241627993
Lbr,39.127272766664895,-0.37407098167482244,0.34108528800063126,-1.096708051723797,0.2727690355619907,0.9989528241627993
Lbx1,0.14818885007370175,-1.0489721070606506,4.441716510347476,-0.23616367785223408,0.8133056632626426,0.9989528241627993
Lck,1.771588375982087,2.1719523322374275,1.6979207666989713,1.2791835607618187,0.2008324234486919,0.9989528241627993
Lcp2,5.213228529286657,0.874067308276853,0.9700174518592606,0.9010841058596449,0.36754360301129574,0.9989528241627993
Ldah,142.1025598683547,-0.1837687779345153,0.2384890789206257,-0.7705542692614344,0.44097117614155834,0.9989528241627993
Ldb1,158.33420521113638,-0.18684535446371425,0.21622394164996592,-0.8641288889561953,0.38751709075186946,0.9989528241627993
Ldb2,7.000432009181064,-0.13786780362857323,0.725957897376109,-0.189911569426933,0.8493784263655902,0.9989528241627993
Ldha,104.4144395992198,0.3446975794211761,0.2773946277166684,1.2426252889556721,0.2140059464671783,0.9989528241627993
Ldhb,301.58378106725434,-0.0522080596497443,0.23197883575458075,-0.22505527058070587,0.8219362772472512,0.9989528241627993
Ldlr,15.746291319108188,-1.187533322137563,0.6253723414871839,-1.898922039490133,0.057574727084270645,0.9989528241627993
Ldlrad4,49.74114227145471,-0.6614682484592226,0.45467089011867023,-1.4548286746190806,0.14571669768389509,0.9989528241627993
Lect2,0.0,,,,,
Lef1,3.3050374318464772,1.1279147920307329,1.1057784178659238,1.0200188155304486,0.3077195373041719,0.9989528241627993
Lefty1,13.432423529602923,-0.23853187042393362,0.5373136310329149,-0.443934150647523,0.6570901930565647,0.9989528241627993
Lefty2,0.23265300541785697,-0.16790098615632193,3.9558685371806974,-0.0424435201974591,0.9661451354878905,0.9989528241627993
Leo1,28.08043145258863,-0.14822611849924067,0.4230007557563671,-0.35041572971707285,0.7260267232287645,0.9989528241627993
Lep,0.0,,,,,
Lepr,2.4693384329547228,0.40507229384179755,1.2076961173651817,0.33540912156407326,0.7373164880731751,0.9989528241627993
Leprot,105.42977980475725,-0.1309802366847002,0.24028926385201207,-0.545094002890481,0.5856888670972151,0.9989528241627993
Letmd1,51.54403895064389,0.32337819417034447,0.34747093248839234,0.9306625790378804,0.35202813254254517,0.9989528241627993
Lfng,10.55965618406813,0.2843441460847255,0.6325003245870249,0.44955573148579936,0.653030814144794,0.9989528241627993
Lgals1,27.18010292520819,0.5160665794839956,0.4227815892534197,1.2206458195005743,0.22222014999929973,0.9989528241627993
Lgals9,9.659696848365163,0.049585739631825484,0.6193133471385888,0.08006567250799017,0.9361850244381347,0.9989528241627993
Lgi3,494.4984685523862,-0.30662183532769893,0.23979955861663738,-1.2786588811778796,0.20101720543354407,0.9989528241627993
Lgr4,27.07333247385174,0.12699965993439677,0.41834376965128833,0.3035772710090979,0.7614499699333794,0.9989528241627993
Lgr5,0.4885769281531765,1.0392938292721954,2.7772980054445404,0.3742104114267866,0.7082477786055369,0.9989528241627993
Lgr6,0.0844641553441552,0.792399408974007,4.4542327259096215,0.17789807083153408,0.8588030259342062,0.9989528241627993
Lhb,0.0,,,,,
Lhcgr,0.7340266409407242,-0.20851426240567458,2.282512253011643,-0.09135296519462363,0.9272121337477907,0.9989528241627993
Lhfpl5,0.17145976739116434,1.0513301897027478,4.415151725658759,0.23811870011010441,0.811789031237038,0.9989528241627993
Lhx1,0.0844641553441552,0.792399408974007,4.4542327259096215,0.17789807083153408,0.8588030259342062,0.9989528241627993
Lhx2,19.68564318937998,-0.5682736792777072,0.4941697244297424,-1.1499564849576298,0.2501617943736656,0.9989528241627993
Lhx3,0.0,,,,,
Lhx4,0.0,,,,,
Lhx5,0.19588154313728123,-1.04897210706065,4.441716510347476,-0.23616367785223397,0.8133056632626428,0.9989528241627993
Lhx6,0.902094574179576,1.9898881965631776,2.317010813930705,0.8588169656348827,0.3904415059225089,0.9989528241627993
Lhx8,0.23265300541785697,-0.16790098615632193,3.9558685371806974,-0.0424435201974591,0.9661451354878905,0.9989528241627993
Lhx9,1.0843687081432298,-0.3679436907393989,1.8590182159214632,-0.19792366077328594,0.8431047917423936,0.9989528241627993
Lif,0.7195588543176382,-0.559325729983273,2.322723065863948,-0.24080603417748778,0.8097054526285122,0.9989528241627993
Lifr,223.11037420937518,-0.10479266967495576,0.23480734827950192,-0.44629212178750155,0.6553862463159421,0.9989528241627993
Lig4,13.206060027769373,-0.44711298900750607,0.5454164019017858,-0.8197644725176759,0.41235038792873036,0.9989528241627993
Lilra5,0.0844641553441552,0.792399408974007,4.4542327259096215,0.17789807083153408,0.8588030259342062,0.9989528241627993
Lima1,113.62418248417195,-0.2793766431407565,0.26975127019291784,-1.0356824008315324,0.30035033548459555,0.9989528241627993
Limd1,47.41907643385668,-0.07804652867321668,0.32461455912145254,-0.24042830637185328,0.8099982363474307,0.9989528241627993
Limk1,43.84902791030378,0.340092822400966,0.3887091713433539,0.8749287320019414,0.38161268454428277,0.9989528241627993
Limk2,52.923076903113554,-0.2851557089960852,0.3151401181430873,-0.9048537224531095,0.3655428864340674,0.9989528241627993
Lin28a,0.0,,,,,
Lin28b,0.5165452597393757,0.7711784686093994,2.7940232693156353,0.27601003795444085,0.7825403564303024,0.9989528241627993
Lin7c,88.04232577364358,0.05274431059890357,0.27021187232671606,0.19519612570956857,0.8452394119620796,0.9989528241627993
Lingo1,24.96535759339731,0.14008372791439758,0.42298614125263234,0.33117805585675514,0.7405099947275909,0.9989528241627993
Lipe,55.38257541631668,-0.5741988884843949,0.3171098277509746,-1.8107256169156372,0.07018333542723264,0.9989528241627993
Lipg,0.6018697925329896,-0.8009798728916965,2.6703060145291198,-0.29995808290644205,0.7642091291606057,0.9989528241627993
Lipm,0.0,,,,,
Litaf,319.1100116922974,-0.30973506511256627,0.18842598092541207,-1.643802322754918,0.10021704142755836,0.9989528241627993
Llgl2,6.476729048272397,-0.6185239619137166,0.8097451800111375,-0.7638501311057007,0.44495655843142246,0.9989528241627993
Lmna,63.53178716368483,0.3064788744133299,0.3355888412543455,0.9132570477247992,0.3611073667663772,0.9989528241627993
Lmnb1,46.46497850746173,-0.14532933258422828,0.385141775081519,-0.3773398316852747,0.7059210747949874,0.9989528241627993
Lmnb2,14.677544909151456,0.06046942406743241,0.5567029592305602,0.10862062625104317,0.9135034001693478,0.9989528241627993
Lmo2,5.087399534056451,-0.5192300215785269,0.8676564419991326,-0.5984281294358742,0.5495543011070727,0.9989528241627993
Lmo4,101.66717540897132,0.5140772238259814,0.260421154042713,1.9740225240752334,0.048379181854251045,0.9989528241627993
Lmx1a,0.8910186217088025,-0.010607922909675884,1.9973801631003416,-0.005310918324737051,0.9957625201853058,0.9993039126460288
Lmx1b,0.0,,,,,
Lnpk,63.003946089786886,0.06679224290461959,0.28544955583992015,0.2339896543474624,0.8149930103794896,0.9989528241627993
Lox,0.4536809424592878,0.053694472616034314,3.1920212135383603,0.016821464841242053,0.9865790458520236,0.9989528241627993
Loxl1,0.7905224646986803,0.4213274443328998,2.132935217331052,0.1975341027282151,0.843409597027948,0.9989528241627993
Lpar1,111.72645200849905,-0.5047321537935611,0.2550580871523613,-1.978891002550547,0.04782827949433037,0.9989528241627993
Lpar2,0.536269621216756,1.043099018563927,2.7050887847939715,0.3856062042870704,0.6997883376030043,0.9989528241627993
Lpar5,0.6242803324009935,2.6971328480402352,2.8657634277557573,0.9411568386691359,0.3466244915062938,0.9989528241627993
Lpar6,26.530349321352702,-0.3082121533599853,0.3968728532408235,-0.7766017525339819,0.43739376725580337,0.9989528241627993
Lpin1,46.28868391935685,0.006732766631211537,0.33867529588037504,0.019879709896495217,0.9841393311041932,0.9989528241627993
Lpin2,10.906577516197316,0.061274492649088116,0.6139497033974228,0.09980376618803222,0.920500117996649,0.9989528241627993
Lpin3,1.4541057160831035,1.7924663520945798,1.680809906787431,1.0664301446917102,0.28622924091292035,0.9989528241627993
Lpl,6.556562793012897,0.7665337653781612,0.8712505317300183,0.8798086629067257,0.37896297092969733,0.9989528241627993
Lpp,5.909587943305188,-0.4240644427589516,0.7816315126262152,-0.5425375460287306,0.5874482496386191,0.9989528241627993
Lratd2,8.12490258141873,0.7372232512550353,0.7584998765843147,0.9719490721276153,0.3310758852039307,0.9989528241627993
Lrig1,14.421221416682046,0.18732864809428146,0.5181422270567615,0.3615390491494529,0.717696519202781,0.9989528241627993
Lrp1,137.03466823603097,0.0046733644704214814,0.25428840901218264,0.01837820484455344,0.9853371395213195,0.9989528241627993
Lrp12,61.63412383401001,0.0883829518176575,0.3035178235325302,0.2911952609207639,0.7709019868446255,0.9989528241627993
Lrp2,0.7070734084917535,1.5439030288628603,2.4854894192847166,0.6211666068195014,0.5344900083043076,0.9989528241627993
Lrp5,2.9695404294843257,0.36855652689824464,1.0891453084326348,0.33839059310518105,0.7350688620768419,0.9989528241627993
Lrp6,94.47762167841798,0.025873533367896544,0.24946588108528947,0.10371571958191222,0.917394951512122,0.9989528241627993
Lrp8,36.85261591875474,0.3784757688127245,0.3794944977036086,0.9973155634744413,0.3186113616521533,0.9989528241627993
Lrpprc,90.38193466507973,0.05783633056264279,0.26943033991166526,0.2146615358225984,0.8300312134213025,0.9989528241627993
Lrrc15,0.34124845552893346,0.06638151358308987,3.4550612127406937,0.019212832854684326,0.9846713203552093,0.9989528241627993
Lrrc52,0.0844641553441552,0.792399408974007,4.4542327259096215,0.17789807083153408,0.8588030259342062,0.9989528241627993
Lrrc6,2.4227965983197977,-0.39624429915304304,1.2065297005601978,-0.3284165312872653,0.7425967453796293,0.9989528241627993
Lrrk1,1.860025327436946,0.366928325002533,1.474616965946617,0.2488295831907689,0.8034926065891675,0.9989528241627993
Lrrk2,5.478307496033999,-0.6352173997971566,0.8332889902244874,-0.7623014431356275,0.4458801127884412,0.9989528241627993
Lrrtm1,5.402116317874911,0.7723530704809934,0.8659881061722399,0.8918749171912727,0.37245998037065653,0.9989528241627993
Lrrtm3,12.052299437207452,0.08633323487427624,0.5671239475359219,0.15222992301662214,0.8790055938408726,0.9989528241627993
Lsm14a,170.00621234794986,-0.025527933270624033,0.2337842013894471,-0.10919443280984834,0.9130482758810428,0.9989528241627993
Lsr,1.3095991811409098,0.5906126298950013,1.6200931619817387,0.36455473287261403,0.7154438104682325,0.9989528241627993
Lss,42.464286641604296,0.08758936615555295,0.33624209342402334,0.2604949465535744,0.7944820128675386,0.9989528241627993
Lta,0.0,,,,,
Lta4h,63.04974973140259,0.19411427687611968,0.28100398034397556,0.6907883533838396,0.48969855569342635,0.9989528241627993
Ltb4r1,0.2838922543215187,1.045824023199335,4.202006087173883,0.24888684154732346,0.8034483140148623,0.9989528241627993
Ltbp1,2.164792801664499,-0.2513949469779554,1.385403219167189,-0.1814597681742627,0.8560067092208257,0.9989528241627993
Ltbr,8.193272984584285,-0.13556239696840686,0.7346366978344578,-0.18452984634175507,0.8535978151725626,0.9989528241627993
Luc7l3,147.0018495365552,0.04464263373778217,0.23930711845343922,0.18654954364204615,0.8520138304589081,0.9989528241627993
Lum,2.0059367937866077,-2.471549533050765,1.5753766226838901,-1.5688626436769828,0.1166799479275864,0.9989528241627993
Lurap1,3.729864322757854,-0.018249938201925414,0.9764689948119522,-0.018689726247211748,0.9850886240919532,0.9989528241627993
Luzp2,141.9161624651925,-0.1704024515024361,0.25575409798036286,-0.6662745693932921,0.5052356172155279,0.9989528241627993
Lvrn,0.17145976739116434,1.0513301897027478,4.415151725658759,0.23811870011010441,0.811789031237038,0.9989528241627993
Ly6g,0.0,,,,,
Ly6g5b,1.2369644915064726,-0.907906982218281,1.7931126336666476,-0.5063301463454345,0.6126249033909665,0.9989528241627993
Ly6g6d,0.7707981032212999,0.40030549224647966,2.185446897868213,0.18316871145986496,0.8546656436412983,0.9989528241627993
Ly6g6e,0.1689283106883104,1.3019780290833856,4.382858461404432,0.29706139053967606,0.7664196404032793,0.9989528241627993
Ly6h,9.191289484356332,0.11912178916655589,0.6318297686843073,0.18853462605063626,0.850457574514247,0.9989528241627993
Ly6i,0.0,,,,,
Ly6k,1.5331377943205842,-0.562795379470647,1.62727986733986,-0.3458503916665899,0.7294551522130797,0.9989528241627993
Ly6m,0.0844641553441552,0.792399408974007,4.4542327259096215,0.17789807083153408,0.8588030259342062,0.9989528241627993
Ly75,1.2070817435727696,1.391313514842204,2.0179935254915713,0.689453904220673,0.4905376716425498,0.9989528241627993
Ly86,12.092702518165792,0.5717825739685763,0.6049546215592579,0.9451660564139814,0.344574105724861,0.9989528241627993
Ly96,6.548809139268921,0.0340188657225699,0.778251178085495,0.04371193604390888,0.9651340247248144,0.9989528241627993
Lyar,31.224499841395495,0.4680461806393403,0.395026871784224,1.184846434687617,0.2360781693341606,0.9989528241627993
Lyg1,0.19588154313728123,-1.04897210706065,4.441716510347476,-0.23616367785223397,0.8133056632626428,0.9989528241627993
Lyn,3.3692570048885107,0.22624866224724868,1.037665645306536,0.2180361885069566,0.8274009153084385,0.9989528241627993
Lypd1,11.87074171727756,0.018307214512079582,0.5958510910387856,0.03072447929928841,0.9754892687180735,0.9989528241627993
Lypd6,22.280241552271292,-0.8105637220288723,0.5244588307533179,-1.5455240230479128,0.12221956274602021,0.9989528241627993
Lypd6b,1.132921778656268,-1.3593235467747338,1.8667556636045084,-0.7281743257979586,0.4665068801058224,0.9989528241627993
Lyplal1,2.7072090734660574,1.081936299061851,1.1888263279184657,0.9100877677870998,0.36277622500014894,0.9989528241627993
Lyst,25.577921285203615,-0.09237329895300721,0.42864350166670634,-0.21550145655732458,0.8293763765728458,0.9989528241627993
Lyve1,0.3387169988260795,0.3592262609524192,3.418116909223116,0.10509478478723704,0.9163005975252669,0.9989528241627993
Lyzl6,0.31797753821147084,-1.8662970128816079,3.6765167983591094,-0.507626407069476,0.6117153677892653,0.9989528241627993
Lztr1,109.42406431994453,-0.11576169756117671,0.23323091967043313,-0.4963394121360655,0.619654964073036,0.9989528241627993
Mad1l1,44.99788711170307,-0.43651680896191863,0.3296047862580615,-1.3243642906937376,0.18538208813418788,0.9989528241627993
Mad2l1,2.836834465170938,1.1477364232136444,1.1593822094836876,0.9899551794267832,0.32219602693893656,0.9989528241627993
Mad2l2,61.842816336145916,-0.2831905383018489,0.31622255588669906,-0.8955418676816799,0.3704974952735114,0.9989528241627993
Madcam1,0.0,,,,,
Mael,0.0,,,,,
Maf,9.471732715960547,-0.23496408482758654,0.6323737259323077,-0.37155889815184734,0.710221296012472,0.9989528241627993
Maf1,67.85536676128991,0.09509880763252725,0.2903207144655825,0.32756466519305566,0.7432408421968868,0.9989528241627993
Mafa,5.963674589987633,-1.9242803084846132,0.9272526045207159,-2.0752492892476124,0.03796343664822247,0.9989528241627993
Mafb,6.257167079558902,0.035920385979698904,0.867023326300842,0.041429549690379555,0.966953455767889,0.9989528241627993
Maff,5.413137909327944,2.395165900005146,1.066972073252431,2.2448252958524084,0.024779350189240466,0.9989528241627993
Mafk,6.1263347736639355,0.903779812751352,0.807924109263899,1.1186444399769024,0.26329185667195965,0.9989528241627993
Mag,1254.4894973050252,-0.36191990277643105,0.23917116670569918,-1.5132254768057998,0.13022239492957086,0.9989528241627993
Mageb4,0.0844641553441552,0.792399408974007,4.4542327259096215,0.17789807083153408,0.8588030259342062,0.9989528241627993
Magoh,83.53720176341042,0.02237092931063724,0.26628507023948506,0.08401120382197098,0.933047523899928,0.9989528241627993
Maip1,30.119324055404018,0.25677472889552405,0.4000715897350525,0.6418219525799699,0.5209887943013438,0.9989528241627993
Mal,5497.57181015502,-0.5135344186892602,0.2901156201646305,-1.7701026177006511,0.07671004756769711,0.9989528241627993
Malt1,8.233307922649878,-0.40542936136699087,0.682234269003798,-0.5942670718652127,0.5523334986092974,0.9989528241627993
Maml1,30.89266048047003,0.03123545181407778,0.3866577226250385,0.08078320950637878,0.9356143612955207,0.9989528241627993
Man2b2,32.85180287759511,-0.05542526844720784,0.38792151122224655,-0.14287753280960436,0.8863869027265973,0.9989528241627993
Maoa,86.74055137309286,-0.13908541418719744,0.2630027141076975,-0.5288364215520722,0.5969189295970818,0.9989528241627993
Maob,32.069966278688156,-0.9176521658284146,0.39864409913411675,-2.301933398290907,0.021338928398820824,0.9989528241627993
Map1b,217.55678377071408,0.3772024971957338,0.2146140032211582,1.757585672576217,0.0788180329178207,0.9989528241627993
Map1lc3a,111.08416546287651,-0.0476812927927242,0.27756113449838293,-0.17178663316424078,0.8636052744912148,0.9989528241627993
Map2,267.5728105167209,0.1274913266427682,0.2187097416224069,0.5829247737070467,0.5599439425080425,0.9989528241627993
Map2k1,138.53046759821646,0.16357543752942552,0.2321596034482795,0.704581826897662,0.48107051122317823,0.9989528241627993
Map2k2,95.71223611505648,0.009807268533254023,0.25762279833820473,0.03806832546077361,0.9696332056162454,0.9989528241627993
Map2k3,2.9893144666072278,-0.6412330410732998,1.1226335405261045,-0.5711864272047279,0.5678732776901967,0.9989528241627993
Map2k4,22.358517138321492,0.04736625623811577,0.42487486447088507,0.11148283929929112,0.9112334730228971,0.9989528241627993
Map2k5,58.086851108924144,0.17178879205929873,0.2888144701888159,0.5948067350884106,0.5519726650277972,0.9989528241627993
Map3k1,5.376359263731321,0.12222592944710109,0.8895769742969692,0.13739781152012842,0.8907163607972524,0.9989528241627993
Map3k11,65.55079445905429,-0.311497579702417,0.28465515047168877,-1.0942980627128962,0.27382427469678994,0.9989528241627993
Map3k14,7.3089475976055,0.7330946322816436,0.7419652192891657,0.9880444705804129,0.3231308692773417,0.9989528241627993
Map3k15,2.2397978461981114,-0.3461367419710234,1.3383606104444807,-0.25862741272404044,0.7959227303793406,0.9989528241627993
Map3k5,5.119481786192561,0.7138587879558683,0.8677979659236493,0.8226094275250642,0.41073013577607964,0.9989528241627993
Map3k7,191.59462149991182,-0.018264120746350334,0.20778765707340333,-0.08789800608752389,0.9299577413836582,0.9989528241627993
Map3k8,0.43208110439522046,0.05616018437093,3.238048031530516,0.01734383919696984,0.9861623122327801,0.9989528241627993
Map4,610.9612717579517,-0.04939241815237474,0.18768989459043475,-0.263159709584556,0.7924274836476775,0.9989528241627993
Map4k4,463.413497862497,-0.15507174551630856,0.21532837275075958,-0.7201640152447656,0.4714240169217305,0.9989528241627993
Map6,28.471685143531122,0.1036779495288667,0.38905418593272423,0.2664871713956956,0.789864038061754,0.9989528241627993
Map7,865.8434467973125,-0.102560768898412,0.2528567640460222,-0.4056081682661454,0.6850305261713564,0.9989528241627993
Map9,11.327522234204167,0.19559303430457292,0.6279994212440849,0.31145416331291753,0.7554553835239342,0.9989528241627993
Mapk1,169.69350787955844,0.16292007273272302,0.2182968743233471,0.7463234333415214,0.45547205913640443,0.9989528241627993
Mapk10,26.654757167572072,0.07666609119510054,0.4083911801956851,0.18772709821589473,0.8510905866129734,0.9989528241627993
Mapk11,0.5929698423080038,-0.10260898232917869,2.6949460870562865,-0.03807459556315629,0.9696282064226787,0.9989528241627993
Mapk14,12.010452177864773,0.4632422713000669,0.5989019917693034,0.7734859420512789,0.4392348453276911,0.9989528241627993
Mapk3,171.77946339898486,-0.2609495719971038,0.26823747750550897,-0.9728303979884558,0.33063760204599046,0.9989528241627993
Mapk7,12.836986512865137,-0.024112694593305402,0.5581299445629179,-0.04320265348276289,0.9655399898919993,0.9989528241627993
Mapk8,57.994194393517084,-0.003848423798935536,0.2878229924476244,-0.013370800456936532,0.9893319626197213,0.9989528241627993
Mapk8ip1,991.2043936958379,-0.4445599742514328,0.21058402393388942,-2.1110812014447857,0.03476533293315218,0.9989528241627993
Mapk8ip2,68.42840122065445,-0.046018819033658245,0.2960958917129092,-0.15541863403588696,0.8764912948200959,0.9989528241627993
Mapk9,117.61834740127472,-0.27661740212749236,0.2401903361790334,-1.1516591655099184,0.24946115840804728,0.9989528241627993
Mapkap1,79.60969186918258,0.13310155286849523,0.2779788448737229,0.4788190012407567,0.6320673978555001,0.9989528241627993
Mapkapk2,46.05354423172,-0.04896322092948988,0.31688245801338416,-0.15451540371294967,0.8772033666640591,0.9989528241627993
Mapre1,126.80390470785825,-0.2209205261680221,0.26160800933427014,-0.8444715692390765,0.39840594402324003,0.9989528241627993
Mapre2,279.66497289412996,-0.34246074171675767,0.22178844710931608,-1.544087377770241,0.12256716624065961,0.9989528241627993
Mapt,899.4679015727153,-0.10670794764548348,0.18382754374962126,-0.5804785587018613,0.5615919418007268,0.9989528241627993
March2,48.912607296780635,-0.2988328643189291,0.3245811144847507,-0.9206723711985059,0.35722150513900663,0.9989528241627993
March5,46.011484938950936,0.7273733879174417,0.3472809255628572,2.0944812524285568,0.036217131404226346,0.9989528241627993
Marcks,112.16528981149749,-0.2700995697513773,0.2846801451722604,-0.9487826050810096,0.3427311907128189,0.9989528241627993
Marcksl1,212.3946614337018,-0.1326372745714873,0.28106427326043,-0.4719108303337706,0.6369904372706943,0.9989528241627993
Marco,0.0,,,,,
Mark2,144.5733088101752,-0.06755736662495893,0.2163856399308949,-0.31220817909420473,0.7548823165549631,0.9989528241627993
Mark3,122.44321258702752,-0.03443453322583669,0.23165484370289274,-0.14864585896593838,0.881833084741837,0.9989528241627993
Marveld2,0.344070393210983,-1.9539272275599722,3.590228627412163,-0.5442347633912002,0.5862799324997358,0.9989528241627993
Mas1,0.6215941540103699,-0.2834513701644826,2.3792232941544293,-0.11913609406099084,0.9051675354424611,0.9989528241627993
Mast2,99.74777229954809,0.5880568845756358,0.2778295462958664,2.116610318865805,0.034292933634412895,0.9989528241627993
Mast3,334.2042948305628,-0.07482977635534512,0.2430559194120406,-0.30787061897673806,0.758180783272375,0.9989528241627993
Matn1,0.39176308627456247,-2.1121113881104545,3.7066567613235186,-0.5698157461324509,0.5688026745872117,0.9989528241627993
Mavs,20.58398028445833,-0.2944538062469603,0.4463743060398278,-0.6596567102155015,0.5094741528289872,0.9989528241627993
Max,168.38344388416726,0.1756542471640142,0.21769910477038093,0.8068671083846959,0.41974305056979366,0.9989528241627993
Maz,25.02081356567338,-0.005752059448273115,0.42001048887249537,-0.013695037625642,0.9890732824783177,0.9989528241627993
Mbd2,201.18262231497442,0.3112236267154561,0.24189616236025097,1.286600100137005,0.19823370879181057,0.9989528241627993
Mbd3,136.64515538911414,0.07356041287451344,0.23226445821214609,0.3167097258045599,0.7514638683007833,0.9989528241627993
Mbd5,18.46187131625339,-0.4348985340045805,0.5025439119259537,-0.8653940952898456,0.38682252077977775,0.9989528241627993
Mbl1,0.0,,,,,
Mbl2,0.19588154313728123,-1.04897210706065,4.441716510347476,-0.23616367785223397,0.8133056632626428,0.9989528241627993
Mbnl1,123.09761624895617,0.04525423204056672,0.23388126147247487,0.19349233775999888,0.8465734062541657,0.9989528241627993
Mboat1,40.91720408610276,-0.3733324532788647,0.3674833650791895,-1.0159166067242658,0.3096691000298557,0.9989528241627993
Mboat7,101.51859108325367,0.19334584546242067,0.25452834717400574,0.7596240167710739,0.44747935900699054,0.9989528241627993
Mbp,16201.487075239109,-0.1788106655008658,0.23697934124606224,-0.7545411535058734,0.4505243437943728,0.9989528241627993
Mbtd1,78.32165494847736,-0.1662855008648793,0.28348636637138364,-0.5865731851352444,0.5574903962123501,0.9989528241627993
Mc1r,0.2838922543215187,1.045824023199335,4.202006087173883,0.24888684154732346,0.8034483140148623,0.9989528241627993
Mc3r,0.0844641553441552,0.792399408974007,4.4542327259096215,0.17789807083153408,0.8588030259342062,0.9989528241627993
Mc4r,0.0844641553441552,0.792399408974007,4.4542327259096215,0.17789807083153408,0.8588030259342062,0.9989528241627993
Mc5r,1.4497484584390845,-0.3834135335391539,1.567786739870453,-0.24455719887695668,0.8067993081234277,0.9989528241627993
Mcam,330.7535239796683,0.0938492413009632,0.24805578110578205,0.378339262574742,0.7051785819335281,0.9989528241627993
Mcl1,231.94878915225885,-0.01716632115686524,0.20935068898461012,-0.08199792052333385,0.9346483670708402,0.9989528241627993
Mcm2,15.423736822497915,0.2541766179938376,0.5296760724237763,0.47987181454268013,0.6313185440359,0.9989528241627993
Mcph1,3.1477188917022443,0.08801149728837208,1.0687011526378971,0.0823537029703126,0.934365450613545,0.9989528241627993
Mctp2,0.7220903110204921,-0.7146110352586377,2.2276158454560897,-0.32079635127228395,0.74836472464613,0.9989528241627993
Mcu,44.6040311796502,0.10056944576325495,0.33043456523012943,0.3043551018738427,0.7608573697134479,0.9989528241627993
Mcub,0.6487021081471104,1.2476269348144557,2.567312595432837,0.48596611765701697,0.6269911889706199,0.9989528241627993
Mcur1,46.63415136361436,-0.45265553281675414,0.3232505850627939,-1.4003239397968061,0.1614163350930543,0.9989528241627993
Mdk,24.845148162785303,0.12248622336502585,0.44321299849311974,0.2763597272225022,0.7822717856339994,0.9989528241627993
Mdm2,82.82274712505779,0.4343474006687559,0.3060651640506997,1.4191337391040235,0.15586002922267828,0.9989528241627993
Mdm4,215.62331931863196,-0.14718744797101802,0.2038290285042235,-0.7221122970125337,0.4702254383984168,0.9989528241627993
Mdp1,40.19476310072342,0.18918365158923905,0.33379894984458647,0.5667592773354174,0.5708777412867615,0.9989528241627993
Me1,13.330976254352683,0.6626569738108732,0.5444365937643939,1.2171426046678253,0.22354996311273811,0.9989528241627993
Meaf6,17.79381843230566,0.5498904007259078,0.5055240545371666,1.0877630763374075,0.2766997138066848,0.9989528241627993
Mecom,0.5705096267944777,1.3801594407146287,2.81443709022301,0.4903856069510752,0.6238610595996068,0.9989528241627993
Mecp2,114.04794460432201,-0.07419404240556732,0.23853809177909413,-0.31103645481610165,0.7557729082309852,0.9989528241627993
Med1,73.3727182693875,0.25976137170535446,0.2771017158182139,0.9374224585305883,0.3485412929872227,0.9989528241627993
Med12,44.769168547213546,0.17203471579626672,0.3496726889560043,0.4919878538695714,0.6227279300333664,0.9989528241627993
Med14,29.49290025801477,0.042046880324092165,0.3902474660993351,0.10774414692391465,0.9141986491449672,0.9989528241627993
Med15,102.33552642442841,0.1295651202699544,0.25607636408225076,0.5059628237627529,0.6128827479566752,0.9989528241627993
Med21,71.1529310991163,-0.03939266009678238,0.27889614457561623,-0.1412449073353969,0.8876764707320358,0.9989528241627993
Med24,37.88270174198082,-0.19956688058807553,0.3496953411297195,-0.5706878448633556,0.5682112597402642,0.9989528241627993
Med6,36.83050875313292,0.12949862703703355,0.37479961529577255,0.34551430084804086,0.7297077609804168,0.9989528241627993
Medag,1.4569276537651532,0.9662776430228591,1.595080073974619,0.6057862917283453,0.5446566737461485,0.9989528241627993
Mef2a,180.89730300371608,0.01039693760811637,0.23208762250709505,0.04479746699028954,0.9642687441166444,0.9989528241627993
Mef2c,4.464343260073621,-0.3232257683062604,0.9684679380220255,-0.33374958077229544,0.7385685325629039,0.9989528241627993
Mef2d,117.1477913561421,-0.010940140405389175,0.25980004768616793,-0.04210984756478796,0.9664111299140687,0.9989528241627993
Meg3,94.65614233676688,0.08318576478781607,0.286316699342039,0.2905375934375413,0.7714049950337725,0.9989528241627993
Megf11,2.3016470643409703,-0.6180641618175455,1.3368285474041357,-0.4623361485043893,0.6438402806597474,0.9989528241627993
Mei4,0.5722303816933951,-1.5877526093458239,2.663477892912776,-0.5961200630088428,0.551095022064432,0.9989528241627993
Meiob,0.0,,,,,
Meis1,46.15155644310287,-0.6230681294376272,0.3297134588110231,-1.8897261024298733,0.058794601221962145,0.9989528241627993
Meis2,68.04046794335933,0.3136809542988887,0.2821652229633217,1.1116924722493662,0.2662703975456826,0.9989528241627993
Meis3,15.297651216688365,-0.11041831376321988,0.5511911518644718,-0.2003267167655293,0.8412250690661188,0.9989528241627993
Memo1,33.93259989940495,0.1034905314648654,0.3551081756739255,0.2914338180709603,0.7707195533908259,0.9989528241627993
Men1,56.212977868355864,-0.08046340320845391,0.3032104837516063,-0.26537144168923427,0.7907233339473421,0.9989528241627993
Meox1,1.8100055750038042,-0.08129637313867023,1.436035345915338,-0.05661167976812675,0.9548545303581999,0.9989528241627993
Meox2,0.0,,,,,
Mep1a,0.0,,,,,
Mep1b,0.17145976739116434,1.0513301897027478,4.415151725658759,0.23811870011010441,0.811789031237038,0.9989528241627993
Mepe,0.0,,,,,
Mertk,16.802107370769743,0.23088973184682737,0.5120688697024909,0.4508958569986357,0.6520646096446814,0.9989528241627993
Mesp1,0.0,,,,,
Mesp2,0.2542528434819243,-0.16717394861669324,3.8378714626530117,-0.043559027508735436,0.9652559119888277,0.9989528241627993
Mest,11.677839672486586,-0.4709791706202623,0.5725461446131445,-0.8226047368435107,0.4107328040861351,0.9989528241627993
Met,1.282781707983365,-0.7951967100069554,1.652880092038226,-0.48109763910724446,0.6304471059464964,0.9989528241627993
Metrnl,0.42738369012648386,2.219277901059616,3.3453914497534507,0.6633836232298533,0.507084891771217,0.9989528241627993
Mettl14,44.8914439616839,-0.46351896811409343,0.34263067882603176,-1.352823891025362,0.1761118983944101,0.9989528241627993
Mettl21c,0.0,,,,,
Mettl3,49.09790269664962,0.3737213244018707,0.32845042036416205,1.1378317737803947,0.2551907345604365,0.9989528241627993
Mettl7b,0.23265300541785697,-0.16790098615632193,3.9558685371806974,-0.0424435201974591,0.9661451354878905,0.9989528241627993
Mfap5,0.4869058488997813,-0.44155684625239555,2.741414476352348,-0.16106898466514236,0.8720390679097013,0.9989528241627993
Mfn1,147.0428200162909,0.2414465747128232,0.23415658517776639,1.031132968263619,0.3024784693997098,0.9989528241627993
Mfn2,83.2714664822179,0.4217197259174786,0.2824412452592835,1.4931237310270895,0.1354048016906363,0.9989528241627993
Mfrp,2.2464249746467,-0.95208539473756,1.3008109996706767,-0.7319167772863215,0.4642193652877178,0.9989528241627993
Mfsd2a,11.553704237658174,-0.06736247081608508,0.599956661628701,-0.11227889466751871,0.9106022755924746,0.9989528241627993
Mfsd2b,4.9522055923613015,-0.2687177578449665,0.8979647123658732,-0.29925202421036584,0.7647477572907848,0.9989528241627993
Mgst3,6.980313253485799,0.5001793311484612,0.7918299646813313,0.6316751745430048,0.5275991532119665,0.9989528241627993
Mia,2.589085874502571,0.061037950791602874,1.2711763944582966,0.04801690076821619,0.9617027732775324,0.9989528241627993
Mia2,93.0031794616638,-0.023224219379438013,0.24760524350568908,-0.0937953455695069,0.9252717290837382,0.9989528241627993
Mib1,126.81859393531498,0.23341849653623925,0.2254930376843469,1.035147244160091,0.30060015188976064,0.9989528241627993
Micu1,121.64845669390748,-0.17801036533510914,0.2270049087117442,-0.7841696743269574,0.43294055682492527,0.9989528241627993
Micu2,97.35621506510783,-0.34009645506053,0.2432457348334606,-1.398159993610489,0.16206502744187934,0.9989528241627993
Miga1,34.000991022909695,-0.27378571343369773,0.3940632825362294,-0.6947760057003697,0.4871956873926162,0.9989528241627993
Miga2,27.234539661199918,-0.29051562942769676,0.43570127956177573,-0.6667770857131626,0.504914531402127,0.9989528241627993
Minar2,20.232164234435192,-0.20940598000817076,0.4528097067723133,-0.4624591232834736,0.6437521093039318,0.9989528241627993
Mindy1,30.11763270299933,-0.03448948902455643,0.38491605750148256,-0.08960262465647745,0.9286029986247534,0.9989528241627993
Mip,0.0844641553441552,0.792399408974007,4.4542327259096215,0.17789807083153408,0.8588030259342062,0.9989528241627993
Misp,0.14818885007370175,-1.0489721070606506,4.441716510347476,-0.23616367785223408,0.8133056632626426,0.9989528241627993
Mitf,21.489382756916005,-0.45315583381777924,0.4519977711954828,-1.0025620980812218,0.31607219078286997,0.9989528241627993
Mixl1,0.0,,,,,
Mki67,12.236873699439967,-0.12730327864163277,0.623612872197834,-0.20413831130998086,0.8382454165479077,0.9989528241627993
Mkks,17.529104284919722,0.25200118677973676,0.47338064493641535,0.5323436635513175,0.5944879960583447,0.9989528241627993
Mkln1,168.72515808238984,0.09211543152111015,0.21201742386057554,0.43447104414251375,0.663946417293433,0.9989528241627993
Mknk1,23.822027727621975,0.1698115707814029,0.41307844013134365,0.411087953966828,0.6810080425432835,0.9989528241627993
Mknk2,49.10050749306288,-0.4559092683816175,0.3376146554567062,-1.3503835245685318,0.17689299282728088,0.9989528241627993
Mkx,1.8530008537986473,0.4168722676279779,1.3946941794389998,0.2988986931856704,0.7650173442405805,0.9989528241627993
Mlc1,147.70287580459288,0.19795418444759344,0.21960072209802445,0.9014277483078196,0.36736093337680376,0.9989528241627993
Mlec,45.93837942093478,-0.267741838816347,0.32056468410047756,-0.8352193865885307,0.4035941961787979,0.9989528241627993
Mlf1,11.82604223180419,-0.040369163684401084,0.6098501831453081,-0.06619521449710278,0.9472224066982167,0.9989528241627993
Mlh1,18.72823171377537,-0.2809966882715881,0.4718003255264195,-0.5955839219866182,0.5514532201226899,0.9989528241627993
Mlkl,4.030949481853899,0.1850061739860289,0.9531890290536081,0.19409179957695882,0.8461040025235704,0.9989528241627993
Mllt10,50.11717634584963,-0.076976951874465,0.30957826699853175,-0.2486510200498993,0.803630739320799,0.9989528241627993
Mllt6,160.6126357374225,-0.11491503054594958,0.22644929337391737,-0.5074647345275647,0.6118287744738664,0.9989528241627993
Mlph,1.305106164205465,0.6017271044928856,1.765308777062741,0.34086224025583006,0.7332072921810724,0.9989528241627993
Mlst8,32.97064312741184,-0.1492843132693398,0.35941413345996365,-0.41535459897536026,0.6778823373711437,0.9989528241627993
Mlx,11.72580104515653,-0.3414240614610386,0.5927710976626748,-0.5759796029315367,0.5646289684771456,0.9989528241627993
Mlxipl,5.815120123192479,0.32483127586450017,0.7961190048340131,0.40801849207484486,0.6832600987445956,0.9989528241627993
Mlycd,12.358586219972457,0.33586601238341784,0.5822968813900905,0.5767951419928962,0.5640778516870939,0.9989528241627993
Mmd2,24.4146305598408,0.1731725090460212,0.4469805619269029,0.3874273822993248,0.6984398354431827,0.9989528241627993
Mme,2.5552592255390763,0.22532504319938804,1.2757056897493007,0.17662776376239922,0.8598007846189847,0.9989528241627993
Mmp12,0.5371299986662147,-0.9326459992788193,2.7263532806034374,-0.34208552718171287,0.73228652878707,0.9989528241627993
Mmp13,0.16978868813776907,-1.0489721070606506,4.441716510347476,-0.23616367785223408,0.8133056632626426,0.9989528241627993
Mmp14,7.676629394362087,0.028948570061503916,0.7574028440978673,0.038220836226175225,0.9695116081262035,0.9989528241627993
Mmp15,21.921213936908757,-0.23220656693358138,0.45807624713026185,-0.5069168471150818,0.6122131642973911,0.9989528241627993
Mmp16,17.49169497933182,-0.07187962323214905,0.48477949670340376,-0.1482728203666712,0.8821274644479674,0.9989528241627993
Mmp2,2.1215070418904607,-0.31793298792425034,1.3044136366645787,-0.2437363264134632,0.8074350372395729,0.9989528241627993
Mmp25,0.17145976739116434,1.0513301897027478,4.415151725658759,0.23811870011010441,0.811789031237038,0.9989528241627993
Mmp28,0.8910186217088025,-0.010607922909675884,1.9973801631003416,-0.005310918324737051,0.9957625201853058,0.9993039126460288
Mmp3,0.5615517744123316,-2.639275411938192,3.0989752904362677,-0.8516606828338538,0.394402448554528,0.9989528241627993
Mmp7,0.0,,,,,
Mmp9,0.16978868813776907,-1.0489721070606506,4.441716510347476,-0.23616367785223408,0.8133056632626426,0.9989528241627993
Mmrn1,0.0,,,,,
Mms19,48.03175428006685,0.09945919565205394,0.3196303610730459,0.3111694249512308,0.7556718253603054,0.9989528241627993
Mmut,73.90029991147004,-0.017425122320027592,0.28649182868157624,-0.06082240600095751,0.9515006459455879,0.9989528241627993
Mnx1,0.8361938772042418,0.6721943470138014,2.144227849582463,0.3134901671688926,0.7539082899500883,0.9989528241627993
Mob2,55.69991449119957,-0.15183437643368455,0.29805495285083944,-0.5094173909254563,0.6104596888717373,0.9989528241627993
Mog,2082.913619827277,-0.5336505106884604,0.5097288937217581,-1.0469300784423654,0.29513182808518845,0.9989528241627993
Mos,0.19588154313728123,-1.04897210706065,4.441716510347476,-0.23616367785223397,0.8133056632626428,0.9989528241627993
Mov10l1,0.33957737627553813,-1.9432018914428923,3.8789863832061107,-0.5009561002471917,0.6164020189533028,0.9989528241627993
Moxd1,2.5055896744105577,-0.6553555320038966,1.2419525730334038,-0.5276816089709652,0.597720339981562,0.9989528241627993
Mpc1,265.29302961181054,0.02100740673051827,0.1944201581206976,0.10805158751839253,0.9139547707917757,0.9989528241627993
Mpc2,60.95920156254539,0.06592333921876183,0.3020336908189481,0.2182648533016772,0.8272227572770748,0.9989528241627993
Mpi,28.831159048575852,0.07781362236585808,0.38978262957260856,0.19963337630304273,0.8417673226641332,0.9989528241627993
Mpl,0.14818885007370175,-1.0489721070606506,4.441716510347476,-0.23616367785223408,0.8133056632626426,0.9989528241627993
Mplkip,32.85353845215412,0.3031014894096405,0.42859708458460655,0.707194473110811,0.47944563271793716,0.9989528241627993
Mpp2,182.15109912203332,-0.4231836688956763,0.26699111218590693,-1.5850103227444212,0.11296398891145333,0.9989528241627993
Mpp3,8.853286367803578,0.4078487509066484,0.6636492403750003,0.6145546865633271,0.5388488473641635,0.9989528241627993
Mprip,345.499577930502,-0.2063400350612669,0.19946159681137055,-1.034485025487895,0.3009094737192064,0.9989528241627993
Mpzl1,273.6240924105765,0.06528219964772923,0.210838556245948,0.30963122120593567,0.7568414112134523,0.9989528241627993
Mrc1,0.23265300541785697,-0.16790098615632193,3.9558685371806974,-0.0424435201974591,0.9661451354878905,0.9989528241627993
Mre11a,28.258367257488004,0.4252535769944124,0.41966983641630606,1.0133050795973035,0.31091446200473316,0.9989528241627993
Mrgprf,1.0877605422955423,-1.5190772957091048,1.8509486736096845,-0.820702009389936,0.41181602596818734,0.9989528241627993
Mrm3,13.014935501641775,0.4648214338153129,0.6208891679280412,0.7486383364787321,0.4540752191156173,0.9989528241627993
Mrnip,4.552625601836048,1.4877891547735562,1.0109463883927219,1.4716795785174668,0.14110742475869278,0.9989528241627993
Mrtfa,1.218110552158456,0.464355708347819,1.8116757056212809,0.2563128196216424,0.797709299190348,0.9989528241627993
Ms4a1,0.0,,,,,
Ms4a2,0.2963777001474035,-1.7783385220954793,4.057916322177916,-0.4382393279960565,0.6612128022343146,0.9989528241627993
Ms4a7,0.2838922543215187,1.045824023199335,4.202006087173883,0.24888684154732346,0.8034483140148623,0.9989528241627993
Msh2,38.88523874810871,-0.055362114874356626,0.35828080327406486,-0.15452157740086256,0.8771984992293642,0.9989528241627993
Msi1,14.445759989323244,-0.43838570234694396,0.5255630008955062,-0.8341258832908311,0.4042100510175122,0.9989528241627993
Msln,0.31797753821147084,-1.8662970128816079,3.6765167983591094,-0.507626407069476,0.6117153677892653,0.9989528241627993
Msmo1,130.3841667791817,-0.7065211034838503,0.257721316975998,-2.741415074910741,0.006117517274970941,0.9989528241627993
Msn,54.98614783679952,0.6477826279967319,0.31840737039373235,2.034446084573057,0.04190663939363406,0.9989528241627993
Msr1,0.16978868813776907,-1.0489721070606506,4.441716510347476,-0.23616367785223408,0.8133056632626426,0.9989528241627993
Msra,34.98650350428835,-0.11319351899572978,0.36839517069049793,-0.3072611369567267,0.7586446140107139,0.9989528241627993
Msrb1,16.1265111544914,-0.3886392634172954,0.4958137287513803,-0.7838412711887084,0.4331332536864956,0.9989528241627993
Mst1,0.0844641553441552,0.792399408974007,4.4542327259096215,0.17789807083153408,0.8588030259342062,0.9989528241627993
Mst1r,0.536269621216756,1.043099018563927,2.7050887847939715,0.3856062042870704,0.6997883376030043,0.9989528241627993
Mstn,0.0,,,,,
Msx1,9.798494422470048,-0.7724826836872887,0.6373863367618385,-1.211953628645054,0.22553013171978298,0.9989528241627993
Msx2,0.9255012507884645,-0.4867337707364283,2.2826493682793525,-0.2132319477096587,0.8311460505616942,0.9989528241627993
Mt1,19.54168733095538,0.34067891696558555,0.553707391411927,0.6152688626692716,0.5383771771852853,0.9989528241627993
Mt2,936.924566999557,0.4641850691773036,0.1770539525262343,2.6217153729370986,0.008748846350736068,0.9989528241627993
Mta1,79.23955487842888,0.06449101351122141,0.2572752587307266,0.2506693174827199,0.8020697845146715,0.9989528241627993
Mta2,116.53856952639221,0.02344768020887313,0.24633200717440112,0.0951873062613108,0.9241660523404461,0.9989528241627993
Mta3,87.38708680254426,-0.4890059590743025,0.2934071157794688,-1.666646556185945,0.09558470567884655,0.9989528241627993
Mtch1,396.586573934053,-0.05918941936393371,0.1809643504053854,-0.32707778759375067,0.7436090515980647,0.9989528241627993
Mtch2,89.9972700303794,-0.09961329412802492,0.2625022336071745,-0.3794759867723364,0.7043344329487422,0.9989528241627993
Mtcl1,14.987699218245192,0.2472645791910586,0.5570520859687683,0.4438805372410395,0.6571289566285795,0.9989528241627993
Mtf1,83.76784011981087,-0.3411016168826043,0.26455105847403737,-1.289360242405076,0.19727287648077863,0.9989528241627993
Mtf2,45.55301156406234,0.11050874258674631,0.3275891878071072,0.3373394077090745,0.7358610558162471,0.9989528241627993
Mtfp1,8.798895760477857,0.8169023921944649,0.6601498437202479,1.23744995165165,0.2159200839376153,0.9989528241627993
Mthfr,4.341193226101387,0.03480235509961682,0.899200702182747,0.038703656497527786,0.9691266581319251,0.9989528241627993
Mtif2,36.570477334738335,-0.029150848257341707,0.3677878074132027,-0.07925996367952262,0.9368258504324999,0.9989528241627993
Mtmr12,28.716949002170328,-0.09074086076190879,0.39075333963477876,-0.23222030769262417,0.8163669055761367,0.9989528241627993
Mtnr1a,0.0844641553441552,0.792399408974007,4.4542327259096215,0.17789807083153408,0.8588030259342062,0.9989528241627993
Mtnr1b,0.0,,,,,
Mtor,94.83917617474536,-0.12453545959026077,0.263050728858226,-0.4734275405006784,0.6359081852019508,0.9989528241627993
Mtrex,80.00331661693623,-0.038343063099496824,0.25726891128622686,-0.1490388516350423,0.8815229761365647,0.9989528241627993
Mttp,2.8584153408386617,-0.768950757798107,1.1674507400492777,-0.6586579899428131,0.5101154154959842,0.9989528241627993
Mturn,42.768793852117746,-0.3760773633167824,0.3357628893876373,-1.1200682839091312,0.2626846648096345,0.9989528241627993
Mtus1,111.29244711214479,-0.22622844661612676,0.28926454117726147,-0.7820815012286412,0.4341666775483962,0.9989528241627993
Mtx1,10.730518174876247,-0.35362798066277323,0.6136363322506407,-0.5762826646293384,0.564424138242775,0.9989528241627993
Muc1,0.0844641553441552,0.792399408974007,4.4542327259096215,0.17789807083153408,0.8588030259342062,0.9989528241627993
Muc2,0.14818885007370175,-1.0489721070606506,4.441716510347476,-0.23616367785223408,0.8133056632626426,0.9989528241627993
Muc20,0.19588154313728123,-1.04897210706065,4.441716510347476,-0.23616367785223397,0.8133056632626428,0.9989528241627993
Muc5ac,0.0844641553441552,0.792399408974007,4.4542327259096215,0.17789807083153408,0.8588030259342062,0.9989528241627993
Mus81,19.34705624950498,-0.02148431599814014,0.4559064013272427,-0.0471244008322643,0.9624140798862396,0.9989528241627993
Musk,2.148722573829884,-0.025656338067813828,1.3401309828026808,-0.019144649588025704,0.984725712726638,0.9989528241627993
Mxd1,28.23270957190479,-0.22892879387870219,0.40231343229687394,-0.5690309482626762,0.5693351375542726,0.9989528241627993
Mxd4,28.23567627036258,-0.16318281469416462,0.3874613716091981,-0.4211589248663331,0.6736390359108848,0.9989528241627993
Myb,9.28590382203254,-0.6230503535557896,0.7353286524529753,-0.8473086850041304,0.39682308699665136,0.9989528241627993
Mybbp1a,70.5067531791619,0.4626876479069734,0.31925455381477635,1.4492750138668764,0.1472607959570436,0.9989528241627993
Mybl2,1.4868104016988557,-0.6651909794758586,1.6314351867967902,-0.40773362304506555,0.6834692497981901,0.9989528241627993
Mybpc3,0.0,,,,,
Mybph,0.0,,,,,
Myc,18.276916423824655,2.5257219418690844,0.6648190446225846,3.799111897137255,0.00014521552158025758,0.22585854123116061
Mycbp2,64.48589298927776,-0.34927540362539,0.28601915852350135,-1.2211608670846819,0.222025117646096,0.9989528241627993
Mycl,11.453154880410382,-0.9990822435440152,0.6574566433919169,-1.5196169262045947,0.12860728132958368,0.9989528241627993
Mycn,7.276991501679672,0.6583215799151425,0.8113126289193783,0.8114277486250755,0.41712006923507383,0.9989528241627993
Myd88,14.783661606813263,0.08025987326073963,0.5232772937123648,0.15337923931562164,0.8780992157883354,0.9989528241627993
Myf5,0.0844641553441552,0.792399408974007,4.4542327259096215,0.17789807083153408,0.8588030259342062,0.9989528241627993
Myf6,0.344070393210983,-1.9539272275599722,3.590228627412163,-0.5442347633912002,0.5862799324997358,0.9989528241627993
Myh1,0.2542528434819243,-0.16717394861669324,3.8378714626530117,-0.043559027508735436,0.9652559119888277,0.9989528241627993
Myh10,39.07026379017491,0.5112891876007369,0.3576139447339979,1.4297238548151316,0.1527962909044494,0.9989528241627993
Myh11,0.2542528434819243,-0.16717394861669324,3.8378714626530117,-0.043559027508735436,0.9652559119888277,0.9989528241627993
Myh2,0.16978868813776907,-1.0489721070606506,4.441716510347476,-0.23616367785223408,0.8133056632626426,0.9989528241627993
Myh3,0.6625681522471948,1.4916160668118996,2.7261188237430543,0.5471573923413433,0.5842706055213946,0.9989528241627993
Myh4,0.17145976739116434,1.0513301897027478,4.415151725658759,0.23811870011010441,0.811789031237038,0.9989528241627993
Myh7,0.0844641553441552,0.792399408974007,4.4542327259096215,0.17789807083153408,0.8588030259342062,0.9989528241627993
Myh8,0.36835640966567396,1.7572836633095952,3.5394358188749715,0.49648694120639747,0.6195508985355251,0.9989528241627993
Myh9,116.55732789329427,0.44577810574726956,0.3471903022170128,1.283958978406701,0.19915630908927595,0.9989528241627993
Myl2,0.5937805441119404,2.7663984230364034,3.031288506333389,0.912614690834099,0.36144522512405686,0.9989528241627993
Mylk,86.90382677930857,-1.3907508868300114,0.8652191656425197,-1.6073972261088636,0.10796725819997942,0.9989528241627993
Mymk,0.0844641553441552,0.792399408974007,4.4542327259096215,0.17789807083153408,0.8588030259342062,0.9989528241627993
Myo10,24.83301634740813,-0.08257630277234287,0.41723497606182763,-0.19791318444047792,0.8431129885231877,0.9989528241627993
Myo16,5.206215812341286,-0.10908675812118494,0.8421293221595947,-0.12953682439347666,0.8969328887449792,0.9989528241627993
Myo18a,236.73845829704646,-0.07669487258609048,0.19586466490805363,-0.3915707441262771,0.6953754079168021,0.9989528241627993
Myo1c,43.29174601447584,-0.24649635576533308,0.3659498404199349,-0.6735796235967024,0.500578611321254,0.9989528241627993
Myo1d,336.0297608975837,-0.2025598402965022,0.2555220923470933,-0.792729264369639,0.4279355763768392,0.9989528241627993
Myo1e,139.24552104785496,-0.19659856682067162,0.24441641525084057,-0.8043590960079573,0.4211896171571615,0.9989528241627993
Myo5a,132.05608358903135,0.32535903564756447,0.26493082958706327,1.2280905025462239,0.21941299589617103,0.9989528241627993
Myo6,640.8413412031713,-0.2559152262906826,0.18279903287134042,-1.3999812924109045,0.16151892062071027,0.9989528241627993
Myo7a,9.509925534444402,-0.5654748095328377,0.6477382389553751,-0.8729989608839431,0.38266364410314924,0.9989528241627993
Myo9a,70.18176300818556,-0.18260637968043106,0.28449222748264835,-0.6418677279735825,0.5209590697622379,0.9989528241627993
Myocd,0.14818885007370175,-1.0489721070606506,4.441716510347476,-0.23616367785223408,0.8133056632626426,0.9989528241627993
Myod1,0.0,,,,,
Myog,0.4501343866192055,-1.1298544599785658,2.9006254868389605,-0.38952097232306165,0.6968907995915785,0.9989528241627993
Myrf,311.9011068602371,-0.021044510912315476,0.1914673413353385,-0.10991175187134308,0.9124793623688668,0.9989528241627993
Myt1,13.233624384443912,0.6025006890046719,0.6074553078919132,0.9918436487048972,0.3212738015092571,0.9989528241627993
Mzb1,1.2182463114498818,-2.0554644287762645,1.8981579012578718,-1.082873256968848,0.27886468363886885,0.9989528241627993
Naa15,98.50833101232642,0.14678469852937087,0.2504764076575802,0.5860220525441119,0.5578606955160647,0.9989528241627993
Naaa,51.70734242299284,-0.10316528717560308,0.3252781645409414,-0.31716019832194453,0.7511220491408281,0.9989528241627993
Nadk2,71.15082883848237,0.15263902341583171,0.2724776850496676,0.5601890789258889,0.5753504753836922,0.9989528241627993
Nae1,77.42258229150026,-0.11131287257466135,0.2774888758329183,-0.40114354941451813,0.6883144393623574,0.9989528241627993
Nagk,25.690808929872873,-0.38517382494259905,0.4200978459067776,-0.9168669363471852,0.3592123716645479,0.9989528241627993
Naip1,0.0,,,,,
Naip5,0.14818885007370175,-1.0489721070606506,4.441716510347476,-0.23616367785223408,0.8133056632626426,0.9989528241627993
Nampt,57.73672212719155,0.20618220971925444,0.3117324796930276,0.6614075309774853,0.5083509975710687,0.9989528241627993
Nanog,0.2838922543215187,1.045824023199335,4.202006087173883,0.24888684154732346,0.8034483140148623,0.9989528241627993
Nat1,1.0799038726965284,-3.5929913767537185,2.6202499346197476,-1.3712399451982569,0.17030016977349416,0.9989528241627993
Nbn,44.05120468463807,0.46515259507743295,0.3254053114743987,1.42945606194885,0.15287319496826657,0.9989528241627993
Nbr1,324.7992290870415,-0.22726002920745145,0.2042880638009084,-1.1124488870232314,0.2659451950918831,0.9989528241627993
Ncam1,550.8545947491069,0.113717586439041,0.17695674654887936,0.6426292789443305,0.5204646800151581,0.9989528241627993
Ncam2,280.1737167107451,-0.12694901301021333,0.19818837752181656,-0.6405472137044907,0.5218169046408053,0.9989528241627993
Ncan,36.586415362845365,-0.14182025660328615,0.37999843699926944,-0.3732127366712269,0.708990117424555,0.9989528241627993
Ncaph,3.2193863396767086,0.31086549972953725,1.0991625657158113,0.2828203119591243,0.7773145830580349,0.9989528241627993
Ncbp2,87.04306212657652,-0.030283581317523567,0.2570050221766582,-0.11783264412906086,0.9062002634457091,0.9989528241627993
Ncf1,4.563586463584668,0.04544492597715244,0.9141855574832521,0.04971083343545928,0.9603528233014939,0.9989528241627993
Ncf4,0.34291953478232867,1.9332222252974967,3.87157603160201,0.4993372749282037,0.6175417997786022,0.9989528241627993
Nck1,50.6824672225589,0.17960628825967045,0.3156325561447022,0.5690360032991327,0.5693317070949568,0.9989528241627993
Ncl,146.82483988230436,0.025994799732918992,0.221566628562554,0.11732272094206635,0.9066043206576275,0.9989528241627993
Ncoa1,85.82849135331821,-0.14284842854431976,0.2570895752209708,-0.5556367986587564,0.5784591699797983,0.9989528241627993
Ncoa2,129.3212195099978,-0.018663694796982818,0.22699591469143293,-0.08222039952724843,0.9344714518886686,0.9989528241627993
Ncoa3,169.20999291693357,-0.1491718630915659,0.22290365123608402,-0.6692212633770339,0.5033543442342494,0.9989528241627993
Ncor1,216.2639407657084,0.05849594266966158,0.2108317116322832,0.27745324560892337,0.7814321016139149,0.9989528241627993
Ncor2,87.46288030032106,-0.2787262316852536,0.26692953632057653,-1.044194042844736,0.2963956225500658,0.9989528241627993
Ncr1,0.0,,,,,
Ncstn,51.41620967302837,-0.04547936828075653,0.3084767883301529,-0.14743205972464096,0.8827910020038483,0.9989528241627993
Ndc1,30.77816564783652,0.28222819338424426,0.39453452763518115,0.7153447255324012,0.4743960583452601,0.9989528241627993
Ndc80,1.0995403323597381,-0.06716179819224075,2.1106962082834784,-0.031819736979989174,0.9746158067713766,0.9989528241627993
Nde1,151.6598554858792,-0.22934942392077803,0.24972301859729465,-0.9184152314393923,0.3584015195271335,0.9989528241627993
Ndel1,88.40822674217144,0.07044986551738364,0.2697672439064539,0.2611505551868012,0.7939764065225399,0.9989528241627993
Ndn,61.416004852871545,-0.024312736585899292,0.3574863417671743,-0.06801025310705108,0.9457774723851358,0.9989528241627993
Ndor1,35.120529799339,0.3327726007221728,0.38529211795825613,0.8636890951354124,0.3877587056914117,0.9989528241627993
Ndrg2,487.9067458370084,0.22814424679007692,0.20573228005123212,1.1089375315009569,0.26745713149651096,0.9989528241627993
Ndrg4,49.40652787626573,0.12413213500136108,0.3299221705044068,0.37624672149670835,0.7067334841249227,0.9989528241627993
Ndst1,46.82373406649045,0.033268475810060295,0.31781780838899926,0.10467782148110687,0.9166314611547399,0.9989528241627993
Ndst2,34.645168657897464,-0.06321978724635273,0.35127453800596387,-0.17997258669878144,0.857174089418862,0.9989528241627993
Ndst3,4.78511384088623,0.3224035149772285,0.8665309411093978,0.37206232308850207,0.7098464476073965,0.9989528241627993
Ndufa12,10.333671177023282,0.9515718281586801,0.6380588044893752,1.4913544354586605,0.13586846414989337,0.9989528241627993
Ndufa9,93.5508454441914,0.03913954877297758,0.2496358698539524,0.15678655794087556,0.8754130670348903,0.9989528241627993
Ndufaf6,17.760660759110063,1.0816006589532683,0.4956105018687086,2.182360250388305,0.029082955549466338,0.9989528241627993
Ndufs1,201.87090870224128,-0.15575214138933893,0.20601955014309087,-0.7560066085046845,0.4496452335202531,0.9989528241627993
Ndufs4,22.06058516165587,0.04613019077484038,0.4375520802267364,0.10542788586660597,0.9160362896404499,0.9989528241627993
Ndufv2,40.08581274713728,-0.4107275874030088,0.35347888632651303,-1.1619579083532994,0.2452525629139991,0.9989528241627993
Neat1,308.15138298062044,0.20141279484479244,0.26622015845737657,0.7565647771073648,0.44931065028303985,0.9989528241627993
Nectin2,10.958264499528378,-0.26344288361107815,0.615877628470559,-0.42775199395584407,0.6688316911676476,0.9989528241627993
Nectin3,22.5418761422678,0.46538440209674226,0.4276686163368858,1.0881892762740082,0.27651155785681536,0.9989528241627993
Nedd4,544.1630782722317,-0.09093351773189176,0.17246163157834135,-0.5272681053732514,0.5980074197152211,0.9989528241627993
Nedd4l,60.29525616835833,0.15651028596182837,0.29771230084951245,0.5257098397185178,0.5990898261016775,0.9989528241627993
Nefh,9.010560603039215,-0.32407813381132133,0.6444856108688624,-0.5028477414327619,0.6150713250058399,0.9989528241627993
Nefl,24.27050735362836,0.005979335884322981,0.41135236966860983,0.014535800265694353,0.9884025177948752,0.9989528241627993
Nefm,4.7789779261861325,-0.4124387550994114,0.8633741000950105,-0.4777057304058859,0.6328596651450062,0.9989528241627993
Neil1,39.06861482785644,-0.4290480503761197,0.3679114437617703,-1.1661720711626913,0.2435448820845858,0.9989528241627993
Nek2,3.533412883150309,0.18242679512989574,1.0947660937473507,0.16663540839619395,0.8676569313323803,0.9989528241627993
Nek7,132.12249927624592,0.11341764940344791,0.22816257895208333,0.4970913719697518,0.6191246186959827,0.9989528241627993
Nelfb,84.8338312773563,0.1619429466169239,0.2654133067846807,0.6101538335766329,0.5417599084697421,0.9989528241627993
Nelfe,41.7599141960821,0.10616449633717355,0.37318307106742543,0.2844836879484067,0.7760397329894443,0.9989528241627993
Nell1,4.392761182152892,0.04506485639381482,1.0319348532385393,0.04367025326491008,0.9651672510424332,0.9989528241627993
Neo1,177.5040241257808,-0.2566954530821339,0.24171596253514566,-1.0619714576972143,0.2882486428793002,0.9989528241627993
Nes,10.398410847465481,1.4825742871615493,0.7542569475380487,1.965609056702471,0.04934378713079189,0.9989528241627993
Neu1,73.83372640132946,0.03044874470698362,0.27834490707795406,0.10939213879151762,0.9128914686660882,0.9989528241627993
Neurod1,0.14818885007370175,-1.0489721070606506,4.441716510347476,-0.23616367785223408,0.8133056632626426,0.9989528241627993
Neurod2,2.620213461419048,1.0232773368823815,1.1944634592544865,0.8566836674275919,0.391619732055998,0.9989528241627993
Neurod4,0.0,,,,,
Neurod6,5.298105451077445,0.7580664781689719,0.9943863966984615,0.7623459861135334,0.44585353450572396,0.9989528241627993
Neurog1,0.39176308627456247,-2.1121113881104545,3.7066567613235186,-0.5698157461324509,0.5688026745872117,0.9989528241627993
Neurog2,0.0844641553441552,0.792399408974007,4.4542327259096215,0.17789807083153408,0.8588030259342062,0.9989528241627993
Neurog3,0.0,,,,,
Nf1,331.48718087785255,-0.11389340669530713,0.18321622801549506,-0.6216338363088387,0.5341826666304412,0.9989528241627993
Nf2,92.90653864204705,0.11378928580131346,0.2620913194698011,0.4341589261006586,0.6641730374612442,0.9989528241627993
Nfat5,139.90439054960322,0.12629254485958552,0.2278900180105441,0.5541819951663797,0.5794542990829293,0.9989528241627993
Nfatc1,13.634927661628518,-0.48655698129508235,0.5595240374576296,-0.869590846366323,0.3845240419057855,0.9989528241627993
Nfatc2,4.9555585091401655,0.20960317407255613,0.8640410393889343,0.24258474368392427,0.8083271010212646,0.9989528241627993
Nfatc3,81.20404426159548,-0.0936179792668495,0.26170084170310043,-0.35772899566390803,0.7205461317392878,0.9989528241627993
Nfe2,0.0,,,,,
Nfe2l1,213.89792997175888,0.7993173919984015,0.2743551890490664,2.913440036504829,0.0035747048295369007,0.9989528241627993
Nfe2l2,79.35446461385148,0.1209313722117078,0.2726217709562349,0.44358662841758667,0.6573414750116371,0.9989528241627993
Nfia,212.11469071225375,-0.002304230320670544,0.20084726092229796,-0.011472550385250137,0.9908464299729344,0.9989528241627993
Nfib,116.15032863627414,-0.0940220887828396,0.24373666574634775,-0.38575274875010657,0.6996797927801374,0.9989528241627993
Nfil3,9.98476568008853,0.448675025740125,0.6419609063775825,0.6989133158775678,0.48460620527569487,0.9989528241627993
Nfix,241.25246970694744,-0.1855686848408924,0.23775382136202844,-0.7805076855455729,0.43509210552458244,0.9989528241627993
Nfkb1,29.270759911297972,-0.006752842089429935,0.39414359123589054,-0.01713294910683562,0.9863305531801277,0.9989528241627993
Nfkb2,16.521971988112522,0.3955803685648516,0.5219084313271473,0.7579497567397804,0.4484810615780752,0.9989528241627993
Nfkbib,80.89344868750668,0.10361187499015304,0.26270080844172145,0.3944101870289398,0.693278223938372,0.9989528241627993
Nfkbie,5.4209803019028335,0.976781162635356,0.8408780041699858,1.1616205416141399,0.24538963433796257,0.9989528241627993
Nfu1,41.02509814131537,-0.031860158637793845,0.3514684051882072,-0.09064871313463611,0.9277717237531651,0.9989528241627993
Nfya,20.69046655219722,-0.12525272915017513,0.43826516381553443,-0.2857921174015417,0.775037345847464,0.9989528241627993
Nfyc,21.52806466960413,-0.2097419444784318,0.42902370820076424,-0.4888819439793798,0.6249252795300906,0.9989528241627993
Ngb,1.1312010237573507,0.3785457109251381,1.9647182604756601,0.19267175275985463,0.8472160469553424,0.9989528241627993
Ngf,2.064296644654377,-0.10811493558289989,1.4637061637292663,-0.07386382476346347,0.9411187408439927,0.9989528241627993
Ngfr,11.424530568708017,-0.9912986866823402,0.6748627507431856,-1.468889319481158,0.14186281202919004,0.9989528241627993
Nhlh1,0.23265300541785697,-0.16790098615632193,3.9558685371806974,-0.0424435201974591,0.9661451354878905,0.9989528241627993
Nhlh2,0.6207337765609111,1.347484602815223,2.5692333440834574,0.5244695293708022,0.5999520077007232,0.9989528241627993
Nhsl1,21.67531033915772,0.010888516298329903,0.4752673860301221,0.022910295590196035,0.9817218278586458,0.9989528241627993
Nid1,0.7340266409407242,-0.20851426240567458,2.282512253011643,-0.09135296519462363,0.9272121337477907,0.9989528241627993
Nid2,2.3339751853316235,-2.1458622932187903,1.3855308946459903,-1.5487653877014906,0.12143812882108777,0.9989528241627993
Ninj2,47.5051424940876,-0.8175871165337928,0.38651083373678574,-2.1153019402570497,0.03440422121540053,0.9989528241627993
Ninl,10.377075160876739,-0.342141128787578,0.6566769194117351,-0.5210189648420643,0.6023535601018607,0.9989528241627993
Nipbl,116.87281686141966,-0.12050145065232878,0.23964284121371296,-0.5028376814513973,0.6150783984574322,0.9989528241627993
Nipsnap2,95.68243246764992,-0.10399228995716343,0.25922341137105326,-0.40116858815775913,0.6882960058578398,0.9989528241627993
Nkain1,103.63197658552123,-0.4880101570041624,0.2770350587487159,-1.76154656817934,0.0781459383929514,0.9989528241627993
Nkain3,2.3673412162113237,2.5551491389639307,1.5243466881582002,1.6762257292343405,0.09369398629446822,0.9989528241627993
Nkd2,0.7321511643540374,0.027435877425385873,2.3340069657110645,0.011754839564939955,0.9906212109845715,0.9989528241627993
Nkx2-1,0.47622724161871766,-1.2120870646343804,3.045276773642064,-0.3980219713115793,0.690613990143131,0.9989528241627993
Nkx2-2,15.50619794024813,0.2588814454075383,0.5239882928572865,0.494059598156036,0.6212640898902828,0.9989528241627993
Nkx2-5,0.0,,,,,
Nkx3-1,0.0844641553441552,0.792399408974007,4.4542327259096215,0.17789807083153408,0.8588030259342062,0.9989528241627993
Nkx3-2,0.0,,,,,
Nkx6-1,0.16978868813776907,-1.0489721070606506,4.441716510347476,-0.23616367785223408,0.8133056632626426,0.9989528241627993
Nkx6-2,508.98999306265836,-0.41430150112216485,0.2367901392338248,-1.7496569006746168,0.08017753488336006,0.9989528241627993
Nlgn2,57.09959774087317,0.26831436583683915,0.34072916460697883,0.7874710876197872,0.431006146989359,0.9989528241627993
Nlgn3,95.4222352485059,-0.31201058242814994,0.2824084676361079,-1.1048202096765218,0.2692375016582407,0.9989528241627993
Nlk,55.078300795583395,0.0512214944580625,0.3022343798507305,0.169476068484863,0.8654221946496959,0.9989528241627993
Nlrc4,1.2153646534424052,-0.8767616220934554,1.8296903900688342,-0.4791857829348227,0.6318064674231084,0.9989528241627993
Nlrc5,10.421977532731189,-0.2591554583749342,0.6583522978054165,-0.3936425212440446,0.693844983242138,0.9989528241627993
Nlrp12,0.0,,,,,
Nlrp3,0.6215941540103699,-0.2834513701644826,2.3792232941544293,-0.11913609406099084,0.9051675354424611,0.9989528241627993
Nlrp4e,0.0,,,,,
Nlrp4f,0.19588154313728123,-1.04897210706065,4.441716510347476,-0.23616367785223397,0.8133056632626428,0.9989528241627993
Nlrp6,0.14818885007370175,-1.0489721070606506,4.441716510347476,-0.23616367785223408,0.8133056632626426,0.9989528241627993
Nlrp9b,0.45180546587260073,0.6776671811723891,2.895116889436485,0.23407247688168215,0.8149287126992129,0.9989528241627993
Nmb,11.521661037278216,0.3140471686009348,0.5989761820681894,0.5243066051751331,0.6000653035190514,0.9989528241627993
Nme5,8.832906026210035,0.4127729638588457,0.6528503641145732,0.6322627458723533,0.5272152026091985,0.9989528241627993
Nmrk1,7.882414921373454,0.2824374371918014,0.6785242994611275,0.4162525018132857,0.6772252452736743,0.9989528241627993
Nmt1,66.06337687916094,0.040081766108460974,0.2774803775697468,0.14444901098776297,0.8851459174153878,0.9989528241627993
Nmu,1.2592203096867067,-0.9192791176786834,1.6955956416159144,-0.5421570421132977,0.5877103257116991,0.9989528241627993
Nmur1,0.2838922543215187,1.045824023199335,4.202006087173883,0.24888684154732346,0.8034483140148623,0.9989528241627993
Nobox,0.36835640966567396,1.7572836633095952,3.5394358188749715,0.49648694120639747,0.6195508985355251,0.9989528241627993
Noct,12.68892489419526,0.09411740564044598,0.55472325333481,0.16966551352344383,0.8652731970095456,0.9989528241627993
Nod1,45.85884555890228,-0.4914715291481001,0.36260593061810126,-1.3553874541167417,0.17529414469383953,0.9989528241627993
Nod2,0.14818885007370175,-1.0489721070606506,4.441716510347476,-0.23616367785223408,0.8133056632626426,0.9989528241627993
Nodal,0.3171171607620122,0.3566186874546307,3.493825369641108,0.10207112540695278,0.9187002198718679,0.9989528241627993
Nog,2.155961489481379,0.6964160840775633,1.2994117510484415,0.5359471957334955,0.5919950451393624,0.9989528241627993
Nos1ap,6.357481354200735,-0.6180879843377226,0.763711010302544,-0.8093218193788606,0.41833005882415153,0.9989528241627993
Nos2,0.344070393210983,-1.9539272275599722,3.590228627412163,-0.5442347633912002,0.5862799324997358,0.9989528241627993
Nos3,0.7220903110204921,-0.7146110352586377,2.2276158454560897,-0.32079635127228395,0.74836472464613,0.9989528241627993
Nosip,205.81582669478794,0.01273154360926859,0.2015315866454847,0.06317393626074466,0.9496279991631221,0.9989528241627993
Notch1,44.93427487489803,-0.0007717066873864883,0.34434952427097676,-0.002241056348256239,0.9982118972365787,0.999437389844584
Notch2,52.24560023975608,-0.3502799208395374,0.3155234173720503,-1.1101550679089656,0.266932210943022,0.9989528241627993
Notch3,3.5749668225373026,1.3261234948764622,1.0512701707812835,1.2614487994945325,0.20714719587419306,0.9989528241627993
Notch4,0.4869058488997813,-0.44155684625239555,2.741414476352348,-0.16106898466514236,0.8720390679097013,0.9989528241627993
Noto,0.17145976739116434,1.0513301897027478,4.415151725658759,0.23811870011010441,0.811789031237038,0.9989528241627993
Nova2,11.432175629681181,0.5435705945136803,0.5794787488026729,0.938033699487364,0.34822709198473045,0.9989528241627993
Nox1,0.17145976739116434,1.0513301897027478,4.415151725658759,0.23811870011010441,0.811789031237038,0.9989528241627993
Nox3,0.0,,,,,
Nox4,0.5398161770568383,2.449536212517956,2.995822979967024,0.8176505183710548,0.4135567723457798,0.9989528241627993
Noxo1,7.801138202848321,0.23306579212592785,0.6898467758671181,0.3378515349774168,0.7354750716101931,0.9989528241627993
Npas1,0.0,,,,,
Npas2,10.181191063591653,0.132288402332869,0.6274015911293398,0.21085123819138918,0.8330033549137424,0.9989528241627993
Npas4,7.0533025943771674,-0.8757947538358759,0.7588336120173631,-1.154132790069184,0.24844573195870812,0.9989528241627993
Npbwr1,0.0,,,,,
Npc1,914.258261823492,-0.12343011915808677,0.18864766006601846,-0.6542891606229921,0.5129255279458853,0.9989528241627993
Npc1l1,1.27828869104792,-0.7963430117685906,1.6730066702072115,-0.4759951206111802,0.6340778541101351,0.9989528241627993
Npepps,262.56305162002843,0.09388817475682275,0.21490752250582368,0.436877097935362,0.6622004818566696,0.9989528241627993
Npffr2,0.17145976739116434,1.0513301897027478,4.415151725658759,0.23811870011010441,0.811789031237038,0.9989528241627993
Nphs1,0.23265300541785697,-0.16790098615632193,3.9558685371806974,-0.0424435201974591,0.9661451354878905,0.9989528241627993
Nphs2,0.23265300541785697,-0.16790098615632193,3.9558685371806974,-0.0424435201974591,0.9661451354878905,0.9989528241627993
Nploc4,76.87360771192836,-0.017332349209000373,0.2638552747207766,-0.06568884865895608,0.9476255507188053,0.9989528241627993
Nppa,0.45180546587260073,0.6776671811723891,2.895116889436485,0.23407247688168215,0.8149287126992129,0.9989528241627993
Nppb,0.0,,,,,
Npr1,9.75461157172862,0.7250646994150495,0.6894418882522382,1.0516690554632768,0.29295141304228944,0.9989528241627993
Npsr1,1.1947899591954714,2.576016360990177,2.0577694382713934,1.2518488772746723,0.21062493607799948,0.9989528241627993
Nptx2,5.577096607389103,0.7126308267007829,0.8655132212117774,0.8233621500351563,0.4103020804375479,0.9989528241627993
Nptxr,11.79839679503015,-0.0014164893712673243,0.5680066319341904,-0.002493790198265572,0.9980102453652998,0.999437389844584
Npy1r,0.3403880780794748,1.9814013603804286,3.5709597139286235,0.5548652236685616,0.5789868503047007,0.9989528241627993
Npy2r,0.9899505636760436,0.7706334867205148,1.9152064657517855,0.4023761931160848,0.6874071879617655,0.9989528241627993
Npy4r,0.0,,,,,
Nqo1,13.62333360812818,0.6847213533565418,0.5561286481956386,1.2312283418200496,0.21823747408474814,0.9989528241627993
Nr0b1,0.36835640966567396,1.7572836633095952,3.5394358188749715,0.49648694120639747,0.6195508985355251,0.9989528241627993
Nr0b2,0.0,,,,,
Nr1d1,124.58686981938628,0.13782814121085735,0.26786913043670074,0.5145353665282721,0.6068777404414407,0.9989528241627993
Nr1h2,69.2299798188898,0.4448373976285325,0.35716944285494656,1.245452001920527,0.21296564838029963,0.9989528241627993
Nr1h3,3.6645227863680776,-0.11242239916310252,1.0326082586842609,-0.10887226420825843,0.9133038058053776,0.9989528241627993
Nr1h4,0.0,,,,,
Nr1i2,0.14818885007370175,-1.0489721070606506,4.441716510347476,-0.23616367785223408,0.8133056632626426,0.9989528241627993
Nr1i3,0.23265300541785697,-0.16790098615632193,3.9558685371806974,-0.0424435201974591,0.9661451354878905,0.9989528241627993
Nr2c2,64.95642890468217,0.18403985149610885,0.2844318042910692,0.6470438562762634,0.5176035599811897,0.9989528241627993
Nr2e1,15.640202390969867,0.3159086334514295,0.49875271484838735,0.633397321050093,0.5264742139972526,0.9989528241627993
Nr2e3,0.19588154313728123,-1.04897210706065,4.441716510347476,-0.23616367785223397,0.8133056632626428,0.9989528241627993
Nr2f1,38.593495412784144,0.06420908712195056,0.3515292587638418,0.18265645183488521,0.855067587211881,0.9989528241627993
Nr2f2,6.039522778385609,0.3333943902152984,0.7942846817784962,0.4197416843905253,0.6746741700311674,0.9989528241627993
Nr3c1,98.9552424629391,-0.06682906857405174,0.24259883076912112,-0.2754715196366808,0.7829540037226801,0.9989528241627993
Nr3c2,41.21914998077069,-0.23476443401325972,0.35027441116662716,-0.6702300440142092,0.5027111543510325,0.9989528241627993
Nr4a1,13.514549224354328,-0.4785774349204918,0.7624065432206157,-0.6277194748340545,0.5301877252750196,0.9989528241627993
Nr4a2,1.1971666942105557,0.48104740422535847,1.7267462001944873,0.2785860505563452,0.7805625191012125,0.9989528241627993
Nr4a3,5.219366155999777,0.06850779907759054,0.9783984054641108,0.0700203502939003,0.9441774621975968,0.9989528241627993
Nr5a1,0.0,,,,,
Nr5a2,0.36835640966567396,1.7572836633095952,3.5394358188749715,0.49648694120639747,0.6195508985355251,0.9989528241627993
Nr6a1,6.113373299926571,0.14234478906955467,0.7834605508519736,0.18168724502434988,0.8558281763648314,0.9989528241627993
Nrarp,4.986440344786581,-0.054865629798517015,1.040146449200403,-0.05274798547905841,0.9579327053327891,0.9989528241627993
Nras,35.21294228484385,0.09722657899090956,0.37404057453419814,0.2599359150059808,0.7949132070410925,0.9989528241627993
Nrcam,35.90173764658501,0.2024431900321982,0.4018950265001898,0.503721560814345,0.6144570549875725,0.9989528241627993
Nrep,12.62121892723733,1.185692296089533,0.6441474160102227,1.8407157532876235,0.06566322415803048,0.9989528241627993
Nrf1,25.65053178751673,0.15902868403699544,0.400076806029956,0.397495384986372,0.6910021890804408,0.9989528241627993
Nrg1,4.6839301649232565,-0.05268854817155421,0.9919568071135367,-0.053115768543260396,0.957639667707471,0.9989528241627993
Nrip1,33.194756104825906,0.1657249756255683,0.3699579439122562,0.4479562565221566,0.6541847666595161,0.9989528241627993
Nrip3,9.028214811513193,1.1743180592267881,0.6793643228197955,1.7285542083702874,0.08388891117353971,0.9989528241627993
Nrl,0.23265300541785697,-0.16790098615632193,3.9558685371806974,-0.0424435201974591,0.9661451354878905,0.9989528241627993
Nrn1,17.30736529315222,0.6640192237885701,0.5055235120424357,1.3135278735221905,0.18900513484447856,0.9989528241627993
Nrp1,4.843126022209812,0.16964677276493698,0.9138761221558822,0.18563432028919985,0.8527315376306431,0.9989528241627993
Nrp2,14.568508801773783,0.7027335311879189,0.5746737553993931,1.2228390884137825,0.22139047853312843,0.9989528241627993
Nsf,67.24699839414731,0.43204785426774744,0.27889516922492263,1.5491406877661285,0.12134790380061969,0.9989528241627993
Nsmce3,8.9121243425846,0.4171379911735953,0.6771107441031111,0.6160557852705895,0.53785770229247,0.9989528241627993
Nsmf,352.4834537177655,-0.23182599056141093,0.19719532216987862,-1.1756160745116402,0.23974832914091837,0.9989528241627993
Nsun2,43.24106927878008,0.38856270907965673,0.34165869226701867,1.1372832533585326,0.25541989322315084,0.9989528241627993
Nt5c1b,0.0,,,,,
Nt5e,36.594185294418125,0.28406617013280605,0.38249877859227877,0.7426590254177097,0.4576881429189785,0.9989528241627993
Ntf3,0.42571261087308865,0.677745290801376,2.94474283119321,0.23015432234765085,0.8179718545577888,0.9989528241627993
Ntf5,0.5371299986662147,-0.9326459992788193,2.7263532806034374,-0.34208552718171287,0.73228652878707,0.9989528241627993
Nthl1,25.12655108931341,0.3567114835862262,0.4210698988808474,0.8471550318232719,0.3969087144309942,0.9989528241627993
Ntmt1,9.675023194269441,0.3068698877675746,0.6193101861129429,0.4955027297284128,0.6202452956230677,0.9989528241627993
Ntn1,5.16950863233378,0.31790097709275134,0.9241591842665818,0.3439894149242691,0.7308542465576379,0.9989528241627993
Ntn4,6.6805011372486405,0.8841608887873362,0.7521065148417139,1.1755793512484254,0.2397630108741743,0.9989528241627993
Ntng1,10.4322079215725,0.4686722494844681,0.6303372728886736,0.7435261559841825,0.45716319193452304,0.9989528241627993
Ntng2,41.46205554142452,-0.5702190285437333,0.39579579914876567,-1.4406899461037688,0.14967229651587038,0.9989528241627993
Ntrk1,0.2838922543215187,1.045824023199335,4.202006087173883,0.24888684154732346,0.8034483140148623,0.9989528241627993
Ntrk2,353.36330520185385,-0.0797164094338358,0.21767959046679744,-0.36620984660477346,0.7142084952605214,0.9989528241627993
Ntrk3,5.7562368285347345,0.7619306113224845,0.8472295088999663,0.8993201999205235,0.3684821309052083,0.9989528241627993
Nts,0.8048833871112521,-1.4082048425716194,2.2723210808765386,-0.6197208899846187,0.535441559916622,0.9989528241627993
Ntsr1,0.2803456984814365,-0.16632470026510202,3.7146320315781236,-0.04477555215460754,0.9642862120979863,0.9989528241627993
Ntsr2,198.30651509127256,0.061415886206866256,0.21682328657102048,0.2832531836323285,0.7769827622603387,0.9989528241627993
Nuak2,1.8172941663008222,-1.0053059350374107,1.453326359049638,-0.6917275867031012,0.4891084192546974,0.9989528241627993
Nubpl,2.928577167132206,-0.3949199749951043,1.2240377051003408,-0.3226370996167398,0.7469700936059676,0.9989528241627993
Numb,33.48644337241732,-0.2948071137389322,0.3596438406967274,-0.8197196236360147,0.4123759604602456,0.9989528241627993
Nup155,22.093354820749493,-0.1575943792768067,0.4331627089486913,-0.3638225914213542,0.7159904915888113,0.9989528241627993
Nup205,41.257491000854564,0.023651605430002564,0.32872548134401613,0.07194941302785958,0.9426421660057877,0.9989528241627993
Nup62,9.560764906397923,-0.024412277185775468,0.6248470831385472,-0.039069202440947526,0.9688352151057775,0.9989528241627993
Nup98,61.37592067999984,-0.004986394894986302,0.3198257885690195,-0.015590971939119352,0.9875607081577796,0.9989528241627993
Nxn,6.0570214619716785,0.5562453316070889,0.8033457952081872,0.6924108334480519,0.4886793643892733,0.9989528241627993
Nxph2,0.31797753821147084,-1.8662970128816079,3.6765167983591094,-0.507626407069476,0.6117153677892653,0.9989528241627993
Nxph4,0.8785331758829177,1.9447116699584,2.221787315401422,0.8752915531012648,0.3814152889834188,0.9989528241627993
Nyap1,6.8701399014753095,-0.043756057991107586,0.7310873284089413,-0.05985065845188905,0.9522745782495151,0.9989528241627993
Nyap2,5.697488963564992,0.8734008374151533,0.8054435540742922,1.0843724963681225,0.27819967330140605,0.9989528241627993
Oasl2,11.171198508616635,0.8615318179641394,0.6279014433984008,1.3720812828542919,0.17003813549576907,0.9989528241627993
Oc90,0.17145976739116434,1.0513301897027478,4.415151725658759,0.23811870011010441,0.811789031237038,0.9989528241627993
Oca2,0.33957737627553813,-1.9432018914428923,3.8789863832061107,-0.5009561002471917,0.6164020189533028,0.9989528241627993
Ocln,2.5962179259435527,-0.12506284841841242,1.1868331407286499,-0.10537525800942056,0.9160780479927089,0.9989528241627993
Ocstamp,0.0,,,,,
Odam,0.0,,,,,
Odc1,43.98620520579556,0.4530445809579786,0.41898206730604,1.0812982614529374,0.27956446054176176,0.9989528241627993
Odf2,86.93513805916315,-0.287248407074808,0.2601175554795776,-1.104302270353146,0.26946203831652005,0.9989528241627993
Odr4,92.07231354482347,-0.020585489702097823,0.2635638544639424,-0.0781043733935606,0.9377450283592821,0.9989528241627993
Ofd1,10.870116188497079,0.0805210034812952,0.6133317492512795,0.1312845838807312,0.8955501865165963,0.9989528241627993
Ogdh,129.27103334720962,-0.010279959627916186,0.23893119103763605,-0.043024770367033845,0.965681788235396,0.9989528241627993
Ogg1,13.681512975584537,-0.3871611649538148,0.5308145971362206,-0.7293717374061952,0.4657743011925435,0.9989528241627993
Ogn,0.8031626322123347,0.8874435246698473,2.397915969699434,0.3700895010016067,0.7113158046077068,0.9989528241627993
Ogt,91.1035959376649,0.0296971628608247,0.2496114266722261,0.11897357126931986,0.9052962941112983,0.9989528241627993
Olfm3,3.3170026568476207,-0.31633933992516655,1.043858426876866,-0.30304812585709195,0.7618531858226494,0.9989528241627993
Olfml3,6.8394961273831925,-0.4652224679051323,0.7309241009146787,-0.6364853304507987,0.5244601393796463,0.9989528241627993
Olfr17,0.0,,,,,
Olig1,248.7714806036771,-0.3097312573095388,0.20916796233837573,-1.480777714937432,0.13866581683010273,0.9989528241627993
Olig2,710.8788383434629,0.10386061506911343,0.19857179427538812,0.5230381054273747,0.600947736118238,0.9989528241627993
Olig3,0.0844641553441552,0.792399408974007,4.4542327259096215,0.17789807083153408,0.8588030259342062,0.9989528241627993
Olr1,0.46530601083571393,-0.3761452976759239,2.9810629856422346,-0.12617824564175986,0.8995908311840717,0.9989528241627993
Omp,4.0328059960442415,-1.1554441138749079,0.9826043032472983,-1.1758997086176102,0.23963495533376844,0.9989528241627993
Onecut1,0.0,,,,,
Onecut2,3.4285539857639065,-0.4754364165864033,1.1976570901308732,-0.396972071976337,0.6913880554415655,0.9989528241627993
Onecut3,0.6404480933583865,-2.870920591762149,2.978958801315764,-0.9637328956997002,0.33517985738918954,0.9989528241627993
Opa1,98.70369735922516,0.07336558752743746,0.26602975239182974,0.27577963317192733,0.7827173276911343,0.9989528241627993
Opalin,233.02119412351354,-0.7866526026943197,0.29909725949722615,-2.630089637118909,0.008536235737768549,0.9989528241627993
Opn1mw,0.0,,,,,
Opn1sw,0.0844641553441552,0.792399408974007,4.4542327259096215,0.17789807083153408,0.8588030259342062,0.9989528241627993
Opn3,2.0569716453569775,-1.058509590768065,1.3453955843863163,-0.7867645791708835,0.4314196920815214,0.9989528241627993
Opn4,0.8454440287338502,-1.5647491395093027,2.3942691222013854,-0.6535393724121584,0.5134086152934234,0.9989528241627993
Oprd1,1.335692036140422,0.556270112266712,1.6675020818724617,0.3335948532322481,0.7386853025218243,0.9989528241627993
Oprk1,0.4922592432846848,-2.484478955342516,3.2048809419548245,-0.7752172390613369,0.43821130323769864,0.9989528241627993
Oprl1,1.1356079570468915,0.3174053302888727,1.7723521590577451,0.17908705595936322,0.8578693455475603,0.9989528241627993
Oprm1,4.003307709643854,1.1142258155267888,1.0205167769915702,1.0918250837692918,0.2749099914484816,0.9989528241627993
Orai1,2.3867000785517325,1.8302319486870067,1.3271665591590378,1.3790521890837406,0.16787866345527847,0.9989528241627993
Orc1,0.5739014609467904,-0.15602148623822976,2.4354779197980663,-0.06406195883359354,0.9489208920518246,0.9989528241627993
Orm1,0.0,,,,,
Osgep,58.028314952603864,-0.12130213905778246,0.2935785006737005,-0.4131846806881966,0.6794713110594227,0.9989528241627993
Osm,0.2838922543215187,1.045824023199335,4.202006087173883,0.24888684154732346,0.8034483140148623,0.9989528241627993
Osmr,5.7873815314518255,1.0654141947024152,0.8586105418283717,1.2408585066212494,0.2146580233859351,0.9989528241627993
Osr1,1.1077364449913016,-0.21260152279540512,2.0712913230309384,-0.10264201874041719,0.9182470928055911,0.9989528241627993
Osr2,0.17145976739116434,1.0513301897027478,4.415151725658759,0.23811870011010441,0.811789031237038,0.9989528241627993
Otc,0.0,,,,,
Otof,3.769255857147622,-1.3726788617490688,1.0441339056842835,-1.3146578750830529,0.18862490993758785,0.9989528241627993
Otp,0.0,,,,,
Otud5,70.85363965389963,0.23428009443168182,0.29595434838123147,0.7916088941186822,0.42858875928451323,0.9989528241627993
Otud7b,296.83270241647324,-0.053913143658457036,0.2501400352378751,-0.21553184642029566,0.8293526856012156,0.9989528241627993
Otx1,5.88930373003745,0.08299745982394655,0.7814631006077337,0.10620777840873165,0.9154174995779978,0.9989528241627993
Otx2,4.8992355438788175,-0.5657849819649776,0.9407043018479607,-0.6014482774805269,0.5475414517039455,0.9989528241627993
Ovol1,0.0,,,,,
Oxt,0.0,,,,,
Oxtr,0.5999943159463026,-0.2234218142429337,2.4039151052650203,-0.0929408088303944,0.9259505852780858,0.9989528241627993
P2rx3,0.9117580823234114,1.0231772835337778,2.031308914309534,0.5037034378798894,0.6144697921480078,0.9989528241627993
P2rx4,42.598697555570936,0.08042755428803111,0.3298481733161038,0.24383204393542263,0.807360901727941,0.9989528241627993
P2rx7,46.659637145010635,-0.34608843803570954,0.34248698743101735,-1.0105155837648214,0.31224833704446786,0.9989528241627993
P2ry1,3.1047732885529236,-1.3670382206150047,1.1549601889030652,-1.183623672702834,0.23656206525407608,0.9989528241627993
P2ry12,53.26423113316733,0.10934951720254772,0.4101049516439455,0.26663788565392726,0.7897479827886176,0.9989528241627993
P2ry13,3.204724891605036,0.26425663652292675,1.059564726872075,0.249401126539041,0.8030505138244748,0.9989528241627993
P2ry2,0.25592392273531955,1.6399365151295664,3.9421765910468314,0.415997730506052,0.6774116639136933,0.9989528241627993
P3h1,9.065298550305704,-0.1482447788398181,0.6648856417252406,-0.22296282177962753,0.8235644420667784,0.9989528241627993
P3h3,2.8903228043145597,-0.7571144494136537,1.2027007435369892,-0.6295119159792626,0.52901397007808,0.9989528241627993
P4hb,256.84972731134195,0.3535284846399579,0.2161690676834939,1.6354258656357819,0.10195980382878829,0.9989528241627993
Pa2g4,113.62901222118022,0.10538945272967554,0.24611220076415546,0.4282170993654565,0.6684930681923706,0.9989528241627993
Pacsin3,90.91713814583098,-0.2863819890462622,0.29929422429452013,-0.956857719928629,0.3386390740501918,0.9989528241627993
Padi2,122.8582057606028,0.12006624972515892,0.26085938328833236,0.4602719220279978,0.6453210523580409,0.9989528241627993
Padi4,0.16978868813776907,-1.0489721070606506,4.441716510347476,-0.23616367785223408,0.8133056632626426,0.9989528241627993
Padi6,0.0,,,,,
Pafah1b1,220.91231291884228,-0.15821062333524932,0.22133698712786096,-0.7147952332244178,0.47473558106944824,0.9989528241627993
Pafah1b2,243.970856758723,-0.23831608631650478,0.20550725495589098,-1.1596480443848842,0.2461921315417408,0.9989528241627993
Pafah1b3,11.265862137949618,0.05130348939356292,0.6230840970844183,0.08233798556828212,0.9343779488398222,0.9989528241627993
Pah,0.25592392273531955,1.6399365151295664,3.9421765910468314,0.415997730506052,0.6774116639136933,0.9989528241627993
Paip1,300.02951455802287,-0.04389328173175586,0.18474602815013952,-0.2375871469133,0.8122013203816348,0.9989528241627993
Pak1,900.0552908440826,0.16379610931777563,0.19755654621278199,0.8291100065160886,0.4070421619821619,0.9989528241627993
Pak2,309.4527617777479,-0.08226545555403944,0.1893988236855584,-0.434350403836812,0.6640340071979938,0.9989528241627993
Pak3,34.719383106242674,-0.1239600940079312,0.4346217960173889,-0.2852137079728318,0.7754804188953293,0.9989528241627993
Pakap,16.005241872645666,-0.2473636451877756,0.4898710393216197,-0.5049566627378672,0.6135892748325538,0.9989528241627993
Pald1,4.089106340185345,-0.15233261566327877,0.9463047786998235,-0.16097627222444796,0.8721120889169998,0.9989528241627993
Palmd,3.8165486732610563,-0.21369544802051935,0.986419759135804,-0.21663743658960818,0.8284909083104441,0.9989528241627993
Panx1,6.706318926685786,-0.5417210728363623,0.8005489021211956,-0.6766870473508572,0.498604536337263,0.9989528241627993
Panx2,10.762161420669822,-0.1414303110270474,0.6185951027033204,-0.22863147543358045,0.8191553585907259,0.9989528241627993
Panx3,0.0,,,,,
Pard3,240.669336018638,-0.3525702170701332,0.20564808694759174,-1.7144347039804158,0.08644891949201368,0.9989528241627993
Pard6a,9.766013096583931,-0.03151667638248304,0.637084764963647,-0.04947014607119263,0.9605446280431928,0.9989528241627993
Pard6b,1.6526734376110082,3.0192069055085176,1.882112960483307,1.6041581822661786,0.10867918975393795,0.9989528241627993
Park7,284.72824584903907,0.12331380077758147,0.19589654523789213,0.6294843057483843,0.5290320402225498,0.9989528241627993
Parp1,89.7598345702425,-0.1297048096330865,0.26831255151468936,-0.4834094003462433,0.6288050748927978,0.9989528241627993
Parp2,36.210313356592955,0.06296060424211626,0.35743524549230704,0.17614548379357106,0.8601796486225544,0.9989528241627993
Parpbp,0.5345985419633608,-0.5781673526661543,2.6629207200928424,-0.21711774905788278,0.8281165821288038,0.9989528241627993
Parva,11.881818802551892,0.8788563444146421,0.5795968031309481,1.516323657527287,0.12943753244417266,0.9989528241627993
Parvb,165.2212328515221,0.01582331076083212,0.25101800742559566,0.06303655631368324,0.9497373944638335,0.9989528241627993
Patj,14.811666947996676,-0.7378063069666904,0.5607491764739804,-1.3157510308014257,0.18825762011123393,0.9989528241627993
Patz1,33.19131915113562,0.13272580606323162,0.38201638924713727,0.3474348478210643,0.728264657161134,0.9989528241627993
Pawr,1.4373490962591033,0.7343199126978147,1.7777972846768189,0.41305041864281217,0.6795696744851016,0.9989528241627993
Pax1,0.36567023127505033,-2.0265403762392733,3.526432492698384,-0.5746715357334372,0.5655134616099918,0.9989528241627993
Pax2,0.0,,,,,
Pax3,0.1689283106883104,1.3019780290833856,4.382858461404432,0.29706139053967606,0.7664196404032793,0.9989528241627993
Pax4,0.1689283106883104,1.3019780290833856,4.382858461404432,0.29706139053967606,0.7664196404032793,0.9989528241627993
Pax5,0.2838922543215187,1.045824023199335,4.202006087173883,0.24888684154732346,0.8034483140148623,0.9989528241627993
Pax6,16.989495366560035,-0.26620518351767963,0.5500475782585048,-0.4839675585164957,0.6284088928751044,0.9989528241627993
Pax7,0.0,,,,,
Pax8,0.0,,,,,
Pax9,0.2803456984814365,-0.16632470026510202,3.7146320315781236,-0.04477555215460754,0.9642862120979863,0.9989528241627993
Paxbp1,101.19327584533738,-0.05002806650611049,0.24269778122532368,-0.2061331844631237,0.8366868779017722,0.9989528241627993
Paxip1,59.433413182003704,-0.37622983293008494,0.2992387401480408,-1.2572898574026703,0.20864869534209807,0.9989528241627993
Pbrm1,93.86126624587571,-0.2544611242433376,0.2569050869085602,-0.9904869043480933,0.32193618693252757,0.9989528241627993
Pbx2,39.072797728023374,0.12087255238407815,0.3650404369395595,0.3311209941491804,0.7405530942499361,0.9989528241627993
Pbx3,49.539964133211164,-0.025061383924817472,0.33684351944549423,-0.07440067116646054,0.9406915747715832,0.9989528241627993
Pcbp3,31.019311878948233,0.2678077125166035,0.3993835163517654,0.6705527432953098,0.5025054958140693,0.9989528241627993
Pcdh10,169.77291564735336,-0.24989349095430902,0.2354864727072663,-1.0611798125022327,0.2886081919056068,0.9989528241627993
Pcdh11x,38.84832280988109,-0.21534293407241267,0.34567560241205086,-0.6229624901780613,0.5333091713901416,0.9989528241627993
Pcdh15,41.39640806386398,-0.3515792734742212,0.3702031173055408,-0.949692903812183,0.34226831651399625,0.9989528241627993
Pcdh20,6.088712866618469,-0.695270289475367,0.781989965301111,-0.8891038508501168,0.37394726954434176,0.9989528241627993
Pcdh8,8.83395112500427,-0.12141867114480885,0.6665960402542414,-0.18214730333306434,0.8554671269143008,0.9989528241627993
Pcdha2,0.7601194959402364,-0.27006898282276387,2.377443830896476,-0.11359636737282136,0.9095577671279464,0.9989528241627993
Pcdha7,2.610638568681552,-0.90251870829876,1.1900496653567476,-0.7583874308541627,0.4482190801966407,0.9989528241627993
Pcgf1,4.4643235840851085,-0.9515761146571166,0.9900815838877984,-0.9611087915811133,0.3364974696901136,0.9989528241627993
Pcgf2,7.620266490919068,0.5479322664029335,0.7316348943583284,0.7489148899650158,0.45390850513045977,0.9989528241627993
Pcif1,35.50877271548133,0.2989048671872143,0.3494562164354509,0.8553428244491565,0.39236138623779737,0.9989528241627993
Pclaf,1.0358156376301917,0.5361985406824431,2.1631258128655997,0.2478813472121228,0.8042262123601375,0.9989528241627993
Pcm1,163.96397670987142,-0.011718898067909623,0.22369066666044427,-0.05238885574827563,0.9582188537486706,0.9989528241627993
Pcmtd2,86.976505661253,-0.29603895269850433,0.2561601496569943,-1.1556791838812903,0.2478124057116029,0.9989528241627993
Pcna,157.48735463895994,0.07561177020420166,0.23116453788059846,0.3270906986747976,0.7435992866178829,0.9989528241627993
Pcnt,54.093774867890694,-0.23521138073061554,0.31870885022086504,-0.7380133327568852,0.46050634717297323,0.9989528241627993
Pcp2,0.16978868813776907,-1.0489721070606506,4.441716510347476,-0.23616367785223408,0.8133056632626426,0.9989528241627993
Pcsk1,0.9171114767083145,-0.05517629238024466,1.9813374366133343,-0.027848003757783197,0.9777833793297044,0.9989528241627993
Pcsk4,2.755510602760717,0.04689179166969233,1.2285219596845263,0.03816927430563287,0.9695527185883349,0.9989528241627993
Pcsk6,73.91097009532116,-0.2457625885580485,0.3085859904283626,-0.7964152494962392,0.4257907175675286,0.9989528241627993
Pcsk9,0.2838922543215187,1.045824023199335,4.202006087173883,0.24888684154732346,0.8034483140148623,0.9989528241627993
Pcx,230.05155896920073,-0.03911594726273676,0.1945673351161745,-0.20104066923351221,0.8406667737608389,0.9989528241627993
Pdap1,132.59776982245776,0.011013464093434375,0.2254528710475315,0.04885040515235861,0.9610385125919473,0.9989528241627993
Pdc,0.0,,,,,
Pdcd1,0.344070393210983,-1.9539272275599722,3.590228627412163,-0.5442347633912002,0.5862799324997358,0.9989528241627993
Pdcd1lg2,0.0,,,,,
Pdcd4,116.21901640754993,-0.263813093756153,0.259870133864861,-1.015172808943649,0.3100234596660598,0.9989528241627993
Pde10a,39.048447896760685,0.13675554627295805,0.3810017535262332,0.35893678967947845,0.7196423768256193,0.9989528241627993
Pde12,12.743660309701314,0.7271241245192309,0.5944738254915847,1.2231390068653647,0.2212771979074145,0.9989528241627993
Pde1b,18.888380802102034,0.06597804295780886,0.4899443404110176,0.13466436392031683,0.8928772499524502,0.9989528241627993
Pde1c,151.41177167222972,-0.08342089147212176,0.21317146865340927,-0.39133234855061166,0.6955515908529846,0.9989528241627993
Pde3b,7.436987993702892,0.6339001089666774,0.7144432963651163,0.8872644087946242,0.37493656266372055,0.9989528241627993
Pde4c,0.1689283106883104,1.3019780290833856,4.382858461404432,0.29706139053967606,0.7664196404032793,0.9989528241627993
Pde6b,0.2803456984814365,-0.16632470026510202,3.7146320315781236,-0.04477555215460754,0.9642862120979863,0.9989528241627993
Pde6c,0.0,,,,,
Pde6g,0.2803456984814365,-0.16632470026510202,3.7146320315781236,-0.04477555215460754,0.9642862120979863,0.9989528241627993
Pde7b,12.18893469592308,-0.38921665513185955,0.5791603537991064,-0.6720360821985188,0.5015607259722917,0.9989528241627993
Pde8a,329.9452913577282,-0.2095889762612938,0.21204870883147817,-0.9884001530415393,0.32295671259833003,0.9989528241627993
Pde8b,26.132152054485967,-0.13775838978754032,0.3939715096994517,-0.34966586769848357,0.7265894721488599,0.9989528241627993
Pdgfa,49.8836425274718,0.03709922220394818,0.3871925051327401,0.09581596160088263,0.9236667401627676,0.9989528241627993
Pdgfb,3.5451129696845105,0.5334916106399129,1.021541803814901,0.5222415848745621,0.6015021355135657,0.9989528241627993
Pdgfra,20.257496854504694,-0.6976445886985967,0.5434442342941027,-1.283746417155,0.19923069748542266,0.9989528241627993
Pdgfrb,12.539326461158476,-0.5285392470037572,0.5913525823291308,-0.8937802299298774,0.37143948900639756,0.9989528241627993
Pdia3,523.6568272927165,0.06959996064844362,0.19152952326939138,0.36339024637235384,0.7163133867914804,0.9989528241627993
Pdk1,32.43154518839712,-0.13338023124945028,0.3666617601072495,-0.36376913482997575,0.716030412683802,0.9989528241627993
Pdk4,17.30149512435599,-0.3048538325410005,0.5586865707294523,-0.5456616437781319,0.5852985423290195,0.9989528241627993
Pdlim1,1.914243767470862,-1.5807054481809386,1.4489277026842098,-1.0909484615778993,0.27529556123787446,0.9989528241627993
Pdlim4,17.666536670578097,0.519178448226733,0.48139579278753714,1.0784856369857623,0.28081708812628436,0.9989528241627993
Pdpk1,47.202923827512315,0.12344714156619283,0.32254652130821276,0.38272662518729067,0.7019224708123348,0.9989528241627993
Pdpn,6.456729833251593,-0.24355378812593875,0.7831029881804648,-0.31101118473808226,0.755792118822108,0.9989528241627993
Pdx1,0.0,,,,,
Pdxk,104.12424280895095,-0.16691212687062865,0.25587954320721207,-0.6523074286382584,0.5142028687559117,0.9989528241627993
Pdyn,14.103267982024024,-0.33037324656950323,0.5857594905712347,-0.5640083547725742,0.5727484462320542,0.9989528241627993
Pdzd7,1.0408785510358995,0.4511669225298756,1.986748703665036,0.22708806689924582,0.8203552629106154,0.9989528241627993
Pdzk1,0.0844641553441552,0.792399408974007,4.4542327259096215,0.17789807083153408,0.8588030259342062,0.9989528241627993
Pecam1,3.2614251126962848,0.06906050602444755,1.055386007942725,0.06543625318575894,0.9478266600526377,0.9989528241627993
Peg10,70.8402105652245,1.139893950194621,0.35047428511903894,3.2524324853318554,0.0011442177515667252,0.8898200048017233
Peg3,71.56149848513317,0.5081149374662087,0.2729744971223213,1.8614007638908472,0.06268760279724554,0.9989528241627993
Per1,63.239932232847686,0.45385201684110715,0.36949456341275505,1.2283049922283107,0.21933249764737994,0.9989528241627993
Per2,12.075612936462358,0.12294627717885569,0.5785653194647999,0.2125019821315712,0.831715431577454,0.9989528241627993
Per3,15.613859700924905,-0.7995289580395146,0.5128792321171607,-1.5589029696895047,0.11901934736337184,0.9989528241627993
Pex3,54.71363249099755,-0.04071412874404068,0.3013902964614573,-0.13508772253803242,0.8925425171923606,0.9989528241627993
Pf4,0.0,,,,,
Pfas,31.600982179476016,0.07247214722986138,0.3918149369076189,0.18496524864989686,0.8532562927753884,0.9989528241627993
Pfkfb1,0.7195588543176382,-0.559325729983273,2.322723065863948,-0.24080603417748778,0.8097054526285122,0.9989528241627993
Pfkfb2,54.649701116780314,-0.18790880992265047,0.3010294884671375,-0.6242206066903772,0.5324827155817298,0.9989528241627993
Pfkl,107.55817917171574,0.21509872421183535,0.25771364734808383,0.834642349853168,0.40391910993982116,0.9989528241627993
Pfkp,52.65832505180182,0.32964634468251447,0.3376902167393489,0.9761797302435823,0.32897540614025733,0.9989528241627993
Pfn4,14.868007258838455,-0.5246472631769195,0.5299431302573614,-0.990006725669092,0.3221708316553472,0.9989528241627993
Pgam5,41.09316358069119,0.3796418276007944,0.34113185984414995,1.1128888042712815,0.26575618898882536,0.9989528241627993
Pgf,2.4202651416169436,-0.33491248463466516,1.2540580485855655,-0.26706298405596796,0.7894206672225462,0.9989528241627993
Pgk1,368.66309801518673,0.2546583079667155,0.1891679049672772,1.3462025072951302,0.1782372166976567,0.9989528241627993
Pgk2,0.2838922543215187,1.045824023199335,4.202006087173883,0.24888684154732346,0.8034483140148623,0.9989528241627993
Pgpep1,14.722621378461318,0.824086635311762,0.5403528480856812,1.5250898338581358,0.1272366925360953,0.9989528241627993
Pgr,1.560014987803556,0.34067428867202315,1.6373666720209776,0.20806230790781508,0.8351803170272002,0.9989528241627993
Phb,28.86203578547875,-0.01165650791886489,0.38100132478215243,-0.030594402593035096,0.9755930061455211,0.9989528241627993
Phb2,54.7879956028593,0.07351289421840697,0.2978381347367551,0.2468216310963051,0.8050462691221295,0.9989528241627993
Phc1,54.30248738446645,0.030580061941073988,0.3055061313075633,0.10009639351652817,0.9202677985110039,0.9989528241627993
Phc2,73.83078350022267,-0.1397535765954667,0.27321006984061974,-0.5115242519318324,0.6089840110182224,0.9989528241627993
Phex,0.5497701661798691,0.03307612173961573,2.7662240946239507,0.01195713745820445,0.99045981196301,0.9989528241627993
Phf10,74.29220311676777,0.11584755912132419,0.27063260713704756,0.4280620888474807,0.6686059171044769,0.9989528241627993
Phf3,18.482792435496563,0.2605992117031659,0.5170187228984464,0.5040421171640107,0.6142317808005651,0.9989528241627993
Phf6,54.380166869122185,-0.09692599690068278,0.31083658467476066,-0.311823001794013,0.7551750421181548,0.9989528241627993
Phlda2,0.0,,,,,
Phox2a,0.0,,,,,
Phox2b,0.16978868813776907,-1.0489721070606506,4.441716510347476,-0.23616367785223408,0.8133056632626426,0.9989528241627993
Phtf1,38.69977694774622,-0.004223280933654837,0.34858249631363747,-0.012115585200970433,0.9903333981128666,0.9989528241627993
Phyhd1,23.25384459030664,1.0971499358960566,1.0968030859746831,1.0003162371858803,0.31715749177945307,0.9989528241627993
Phykpl,5.646832494787987,-0.15553633212707563,0.8122921769111056,-0.19147830860384732,0.8481508733483021,0.9989528241627993
Pi4ka,137.10004966299542,0.0991499768853677,0.2299884118223589,0.4311085767310324,0.6663894246599358,0.9989528241627993
Pianp,5.695953643603023,0.16063579972330233,0.7882335635851685,0.20379213363190626,0.8385159402993894,0.9989528241627993
Pias1,50.79094699076663,0.0673263766224775,0.3059153973559509,0.22008168665057165,0.8258075370977229,0.9989528241627993
Pias2,107.79895977297917,0.23093229842668214,0.2366155103874433,0.9759812366000215,0.3290737626930085,0.9989528241627993
Pias3,24.58717301537537,0.1253583402478905,0.4420179229098286,0.28360465436027926,0.7767133698484636,0.9989528241627993
Picalm,645.1303208233497,-0.042515186496401555,0.20051311029588498,-0.21203195358979013,0.8320821056712777,0.9989528241627993
Pick1,65.49271230211248,-0.068909170252484,0.297781285265452,-0.23140866690482617,0.8169973326633053,0.9989528241627993
Piezo1,0.42738369012648386,2.219277901059616,3.3453914497534507,0.6633836232298533,0.507084891771217,0.9989528241627993
Piezo2,7.022294146735583,0.10744074591740212,0.7368961353753365,0.14580174974411747,0.8840778945706501,0.9989528241627993
Pifo,9.507042058268661,-0.09756616610543657,0.6660427700541821,-0.14648633765291022,0.8835374745508188,0.9989528241627993
Pik3c3,119.34432631516961,-0.18979170873955298,0.22949836278019478,-0.8269850226396979,0.4082455506413456,0.9989528241627993
Pik3ca,24.55568856220967,0.1988353136258703,0.4297371578332511,0.46269053071511085,0.6435862067086813,0.9989528241627993
Pik3cb,48.84210344130879,-0.16612141443957001,0.33655504632789895,-0.4935935926443402,0.6215932267821999,0.9989528241627993
Pik3cd,9.774027433002448,0.03472876795611542,0.7303494385178747,0.04755089293501998,0.9620741694827455,0.9989528241627993
Pik3cg,5.085261757979311,-0.8758968023666452,0.8766700672839645,-0.9991179521850052,0.31773755561584294,0.9989528241627993
Pik3r1,566.7203180260097,-0.18024089551596723,0.1969085960630057,-0.9153531085981375,0.3600062867424936,0.9989528241627993
Pik3r2,190.38595881110294,-0.11541299126466653,0.23405266874604835,-0.49310692282638247,0.6219370395751689,0.9989528241627993
Pim1,0.6512335648499642,1.1352198765750519,2.6168801839431235,0.43380659288133666,0.6644288936436143,0.9989528241627993
Pim2,10.54005835694968,-0.047535223183659284,0.6136748241360203,-0.07745995324247353,0.9382576482001875,0.9989528241627993
Pin1,0.34291953478232867,1.9332222252974967,3.87157603160201,0.4993372749282037,0.6175417997786022,0.9989528241627993
Pink1,615.9520313062716,-0.09074798626493862,0.203177828181551,-0.44664315529473075,0.6551327311498047,0.9989528241627993
Pinlyp,0.0,,,,,
Pip,0.0,,,,,
Pip4k2c,56.92817725144322,0.23877384708338725,0.32788552632130186,0.7282231996096339,0.4664769664936689,0.9989528241627993
Pip4p1,97.85707656075658,0.07378156354270796,0.24523892168161435,0.300855847174602,0.7635244201330655,0.9989528241627993
Pip5k1c,34.0354474489179,-0.11518261249751194,0.3540678091066589,-0.32531229763057756,0.7449447244579596,0.9989528241627993
Pirb,0.14818885007370175,-1.0489721070606506,4.441716510347476,-0.23616367785223408,0.8133056632626426,0.9989528241627993
Pisd,26.156659913877988,-0.170188977951739,0.4002484218215711,-0.4252083672864761,0.6706847851032611,0.9989528241627993
Pithd1,24.527259094168226,0.08291243408797651,0.42215111910859676,0.19640462937313122,0.8442934731119129,0.9989528241627993
Pitpnm1,34.15259259270047,0.010764832007769306,0.3858356374807631,0.02790004593162034,0.9777418718106935,0.9989528241627993
Pitrm1,39.7248845238312,0.15486987365207766,0.3923082794016387,0.3947657538308653,0.693015770956038,0.9989528241627993
Pitx1,0.6279626475325016,-0.8738505061615195,2.6385254671568017,-0.33118896028817013,0.7405017585475614,0.9989528241627993
Pitx2,0.5642379528029552,0.7670017698592508,2.7287921396468042,0.28107738904529617,0.7786510432797236,0.9989528241627993
Piwil1,0.2838922543215187,1.045824023199335,4.202006087173883,0.24888684154732346,0.8034483140148623,0.9989528241627993
Piwil2,0.744500850888496,1.7903980105833597,2.4104338254321878,0.7427700323871549,0.45762092168371626,0.9989528241627993
Piwil4,0.14818885007370175,-1.0489721070606506,4.441716510347476,-0.23616367785223408,0.8133056632626426,0.9989528241627993
Pja1,51.19064006421419,-0.07608678463071704,0.3028330604540744,-0.25124992798550755,0.8016208852942968,0.9989528241627993
Pja2,267.2174871632068,0.08297721158423946,0.19850931761773943,0.4180015959957355,0.6759459503330932,0.9989528241627993
Pkd1,53.68684093821239,-0.06309968577179405,0.325257127493402,-0.19399939444239866,0.8461763560610664,0.9989528241627993
Pkd2,68.90211675919507,-0.04489088243542769,0.28340979972965935,-0.15839566055319354,0.8741450329921511,0.9989528241627993
Pkd2l1,32.23071405736713,2.1179126091481004,1.059414826076464,1.9991343872275003,0.045593815381102014,0.9989528241627993
Pkia,7.277454511552054,0.27096217737868644,0.7292430648775741,0.3715663410857062,0.7102157535196678,0.9989528241627993
Pkib,1.971306955938646,1.57215707870009,1.4604048681026898,1.0765213900872468,0.28169413983846014,0.9989528241627993
Pkig,25.488988196451245,0.18574760299624601,0.4181022141077969,0.4442636195855106,0.6568520006416187,0.9989528241627993
Pklr,0.3196486174648661,0.06937732929185016,3.5282803147375463,0.01966321354968953,0.9843120364369622,0.9989528241627993
Pkm,139.91164134279092,0.46720322407231796,0.2536867507934071,1.8416540186317836,0.06552577410027823,0.9989528241627993
Pkn1,49.38687217637266,0.0819131105628861,0.3193310259782604,0.25651472578321477,0.7975534112096058,0.9989528241627993
Pknox2,9.306486720403743,-0.5297550999058236,0.6379637523433941,-0.830384325065344,0.4063215251643738,0.9989528241627993
Pkp4,408.92399904460007,-0.12828249274165368,0.20933016197035037,-0.6128237399435237,0.5399928918543659,0.9989528241627993
Pla2g10,0.17145976739116434,1.0513301897027478,4.415151725658759,0.23811870011010441,0.811789031237038,0.9989528241627993
Pla2g2e,0.17145976739116434,1.0513301897027478,4.415151725658759,0.23811870011010441,0.811789031237038,0.9989528241627993
Pla2g2f,0.6035408717863848,1.1453322216353088,2.6685927041427857,0.4291895948966915,0.6677852545687102,0.9989528241627993
Pla2g4a,66.93410964645018,-0.9393291190531554,0.3234445919535557,-2.9041422933670087,0.003682607484484174,0.9989528241627993
Pla2g6,15.344625235951156,-0.5017293477277499,0.508428103030741,-0.9868245770384055,0.32372864405060764,0.9989528241627993
Pla2r1,0.14818885007370175,-1.0489721070606506,4.441716510347476,-0.23616367785223408,0.8133056632626426,0.9989528241627993
Plaat1,3.353379724910314,1.1349399435045944,1.0693655171498402,1.061320872333277,0.2885441032969007,0.9989528241627993
Plac8,1.19565033664493,1.4551601465709791,1.7943511952879634,0.8109673013801795,0.4173844489068579,0.9989528241627993
Plac9a,0.9970826151170252,0.2151879766536595,1.9154528813400338,0.11234313239964216,0.9105513435353583,0.9989528241627993
Plagl1,6.561525345748574,-0.27760085132260065,0.7552649671141446,-0.3675542536857086,0.7132056307188768,0.9989528241627993
Plagl2,20.207559762705014,-0.17769193994432483,0.47209802768894477,-0.37638780406302025,0.7066286114912537,0.9989528241627993
Plau,6.314586436075921,0.2760867066637785,0.8303174013258945,0.332507431763936,0.7395061289066043,0.9989528241627993
Plaur,1.2013692301668046,1.3293695900703089,2.044314037669585,0.6502766040709299,0.5155135667359414,0.9989528241627993
Plcb2,0.7915375638359086,1.7848652893007693,2.4013923997386106,0.7432626544062728,0.4573226770154686,0.9989528241627993
Plcb4,5.919248919688588,0.44189397798514685,0.8338316424039262,0.5299558753985062,0.5961425242975814,0.9989528241627993
Plcg1,62.46427945306152,-0.08094824419638304,0.27943481311660445,-0.2896856096545294,0.7720567663390403,0.9989528241627993
Plcg2,2.966548472282158,-0.6874994087285968,1.2201756873943,-0.5634429663131219,0.5731332865008081,0.9989528241627993
Pld1,60.66721773981038,-0.18341036870791386,0.3038769740682902,-0.6035678394859102,0.5461309999951198,0.9989528241627993
Pld2,34.541285595873184,-0.7740157905973187,0.3666327302016391,-2.1111475513155327,0.03475963132363941,0.9989528241627993
Pld5,2.2915862110074254,-0.8907254434313033,1.2709994964224218,-0.7008070781605307,0.4834234201898313,0.9989528241627993
Plec,46.966512775213005,0.18760896406044286,0.3135416042289268,0.5983542902442495,0.5496035586380748,0.9989528241627993
Plekha1,612.1386081759622,0.16657686452807915,0.1981500759213437,0.8406601095333538,0.4005383738974725,0.9989528241627993
Plekha2,38.24389277730871,-0.6311925396133948,0.3891569451255617,-1.621948541634636,0.10481436669735292,0.9989528241627993
Plekha5,66.90005029549103,-0.28463245267356235,0.29782175969851055,-0.9557140920854811,0.33921670090643385,0.9989528241627993
Plekhg2,14.800107400852125,0.3435206614468533,0.565295725270453,0.6076831047722916,0.5433976706828727,0.9989528241627993
Plekhg4,0.19588154313728123,-1.04897210706065,4.441716510347476,-0.23616367785223397,0.8133056632626428,0.9989528241627993
Plg,0.7392442760342018,2.8464389667274093,2.9385473890130256,0.9686551176169553,0.33271729313016285,0.9989528241627993
Plgrkt,15.939205416378904,-0.1308536482208009,0.4979090338493782,-0.26280633474183007,0.7926998527059429,0.9989528241627993
Plin1,0.16978868813776907,-1.0489721070606506,4.441716510347476,-0.23616367785223408,0.8133056632626426,0.9989528241627993
Plin2,25.529362599936757,0.06051937978368999,0.4538467212749522,0.13334761924395566,0.8939184691270964,0.9989528241627993
Plin4,270.5269057132523,0.9372089246435462,0.8450991020009587,1.1089929245274277,0.26743323431750443,0.9989528241627993
Plin5,2.8681267064597527,-0.8662106612481408,1.1803575845265029,-0.7338544459775881,0.4630374532949727,0.9989528241627993
Plk1,2.25487265088401,0.127367200428056,1.3372512595835655,0.09524552660935202,0.9241198093229007,0.9989528241627993
Plk2,39.40510345910561,-0.47659158315780703,0.44806464612848484,-1.0636670116149756,0.28747957359530607,0.9989528241627993
Plk3,55.90769728428098,-0.3225155768839313,0.3066782891839252,-1.0516413722736921,0.29296411866536953,0.9989528241627993
Plk4,6.185960845675921,0.041643818136816606,0.7791700869853752,0.05344637689819097,0.9573762545702686,0.9989528241627993
Pllp,691.7036387717849,-0.07491705697600713,0.1691788818149044,-0.442827474518791,0.6578905290706871,0.9989528241627993
Pln,0.2542528434819243,-0.16717394861669324,3.8378714626530117,-0.043559027508735436,0.9652559119888277,0.9989528241627993
Plod1,168.49746592063107,-0.12438921939986912,0.24061164704065116,-0.5169708986649912,0.6051764737463718,0.9989528241627993
Plod3,78.50802587831797,0.04287181306203098,0.2916158403024056,0.14701469240344733,0.8831204234687512,0.9989528241627993
Plp2,5.058084150832577,1.111523887079678,0.9051677040562917,1.227975636004964,0.21945611417378041,0.9989528241627993
Plpp3,270.29878604117835,-0.09120222036886061,0.1980302187143199,-0.46054698601545113,0.6451236539693228,0.9989528241627993
Plppr3,19.00342032307626,0.1337446994088347,0.46270090379266016,0.289052168069174,0.7725414562081361,0.9989528241627993
Plppr4,12.532871282393609,0.6712971942259431,0.5993572142958298,1.1200285542814963,0.26270159420724293,0.9989528241627993
Pls1,357.79081363277265,-0.13967496325264667,0.19794802788913785,-0.7056143207997636,0.4804280159903558,0.9989528241627993
Pltp,163.30980101207604,0.023759633301695393,0.2709600067390269,0.08768686415253636,0.9301255602925353,0.9989528241627993
Plvap,0.4240415316196933,-1.0570825176821437,3.1589422440206905,-0.3346317963498734,0.7379028563699441,0.9989528241627993
Plxdc2,286.3367668568947,0.02628075120020537,0.194878246998095,0.1348572845098626,0.8927247129726621,0.9989528241627993
Plxna1,2.5108326520162887,2.693627192090356,1.4991950194734696,1.7967156754805529,0.07238076910949576,0.9989528241627993
Plxna2,5.519116839898486,1.188656038891261,0.9036194923073958,1.3154386874236448,0.18836251060465103,0.9989528241627993
Plxna3,36.1558738389838,0.3189787329510845,0.35842227608168975,0.8899523111068702,0.37349149339800314,0.9989528241627993
Plxna4,3.8440276092670302,0.18848603952256715,1.055254595947583,0.17861664876551714,0.8582387208974438,0.9989528241627993
Plxnb2,68.78911346698156,0.19954401605899,0.28513578627370756,0.6998210174412962,0.4840390874638453,0.9989528241627993
Plxnc1,7.206526176367833,-0.5650285116166447,0.7224692162566254,-0.7820797051316069,0.4341677330325855,0.9989528241627993
Plxnd1,4.041337608155767,0.5083421162922105,0.9688398376660171,0.5246915914572956,0.5997976035877992,0.9989528241627993
Pmaip1,0.4240415316196933,-1.0570825176821437,3.1589422440206905,-0.3346317963498734,0.7379028563699441,0.9989528241627993
Pmch,6.885445550582854,0.5910528395781655,0.8760049530585606,0.6747140384475129,0.4998574636792571,0.9989528241627993
Pml,29.995186171177007,-0.22098595152885459,0.3939224890000489,-0.560988411933057,0.5748054369039399,0.9989528241627993
Pmm2,13.383089661745847,0.28617962594114577,0.5674624398207159,0.504314657427479,0.6140402790249011,0.9989528241627993
Pmp22,88.92661162075454,-0.12495015887485277,0.41611096017552457,-0.3002808645610923,0.7639629280075892,0.9989528241627993
Pms1,17.69521462386594,-0.06008903112678283,0.49370717037773987,-0.12170986109196705,0.9031288032811384,0.9989528241627993
Pms2,2.335646264585019,-1.5340606606226013,1.2845732456273327,-1.1942181310754525,0.2323926525179303,0.9989528241627993
Pnkd,7.816688923450362,-0.4995465040837973,0.7083178846016571,-0.7052575050603609,0.4806500006421617,0.9989528241627993
Pnoc,0.17145976739116434,1.0513301897027478,4.415151725658759,0.23811870011010441,0.811789031237038,0.9989528241627993
Pnpla1,0.0844641553441552,0.792399408974007,4.4542327259096215,0.17789807083153408,0.8588030259342062,0.9989528241627993
Pnpla2,50.92586659332685,0.0281834601794345,0.3189874725768215,0.08835287464979397,0.9295962153353183,0.9989528241627993
Pnpla3,1.247083246997178,1.6695675021978058,1.98815190292144,0.8397585213405986,0.40104379434754744,0.9989528241627993
Podxl,6.445055089229645,0.28829303955493146,0.7655554541618017,0.37658021765461835,0.706485591314147,0.9989528241627993
Polb,75.83046314287743,-0.16841140281629244,0.27580211698779106,-0.6106240396397954,0.5414485040833028,0.9989528241627993
Polg,63.83077968862907,0.3380541053677,0.3054604900914831,1.106703211490479,0.26842226643265243,0.9989528241627993
Polk,35.01016140931042,0.6628926491407121,0.3555544660495288,1.864391288642599,0.062266775336041705,0.9989528241627993
Polr1e,11.775768260580291,0.5423400047470506,0.6192873346940174,0.875748581254313,0.38116672856602063,0.9989528241627993
Polr2a,178.56144222806242,0.034557291517155274,0.21462058841024473,0.16101573373333325,0.8720810086060888,0.9989528241627993
Polr2b,84.24923964282974,-0.09939237045168754,0.2550996396989522,-0.3896217594387131,0.6968162595651215,0.9989528241627993
Polr2e,64.81705089957467,0.19076295711163804,0.28524118228721485,0.6687777535557792,0.5036372597771291,0.9989528241627993
Polr2f,85.07548878918895,0.1534967082217412,0.2530606155782169,0.6065610323084742,0.5441422673457641,0.9989528241627993
Polr2h,15.002041998008833,-0.057647890104176605,0.5398635489735446,-0.10678233456173121,0.9149616623133143,0.9989528241627993
Polr2j,36.35928630113322,-0.1872816360373836,0.37912740366514336,-0.4939807416369098,0.62131978045125,0.9989528241627993
Polr3e,48.2200154676322,-0.06412351022151473,0.359025538374834,-0.17860431464507062,0.8582484063714425,0.9989528241627993
Pom121,39.681415717900954,-0.23136568535870633,0.33729849997399913,-0.6859374867559188,0.4927525298719011,0.9989528241627993
Pomc,1.479387869278679,0.17180286304626674,1.5213279581295864,0.11292953772932147,0.9100864183966675,0.9989528241627993
Pon1,0.33957737627553813,-1.9432018914428923,3.8789863832061107,-0.5009561002471917,0.6164020189533028,0.9989528241627993
Pon3,4.708738933963124,-0.20931301949106704,0.8690767806294115,-0.24084525574308435,0.8096750528023529,0.9989528241627993
Por,63.99119271727567,-0.06266744954862542,0.2817287226158503,-0.22243897947911861,0.8239721705525049,0.9989528241627993
Postn,0.7220903110204921,-0.7146110352586377,2.2276158454560897,-0.32079635127228395,0.74836472464613,0.9989528241627993
Pou1f1,0.0,,,,,
Pou2af1,0.42571261087308865,0.677745290801376,2.94474283119321,0.23015432234765085,0.8179718545577888,0.9989528241627993
Pou2f1,39.7777784903916,-0.1693638714136605,0.3453147003627738,-0.4904623847051214,0.623806741052462,0.9989528241627993
Pou2f3,0.2838922543215187,1.045824023199335,4.202006087173883,0.24888684154732346,0.8034483140148623,0.9989528241627993
Pou3f1,10.68629657230707,0.94026812296573,0.7496748325920641,1.254234612244716,0.20975674268321365,0.9989528241627993
Pou3f2,33.094150390440724,0.22207033281814303,0.4282291777370732,0.5185782388571644,0.6040548873877045,0.9989528241627993
Pou3f3,266.6797048151005,-0.08373308608298682,0.2351013226893049,-0.35615744362971197,0.721722660075891,0.9989528241627993
Pou3f4,2.3977081065728085,0.34294257958558355,1.3161711360769819,0.26056078133408106,0.7944312370838922,0.9989528241627993
Pou4f1,0.0844641553441552,0.792399408974007,4.4542327259096215,0.17789807083153408,0.8588030259342062,0.9989528241627993
Pou4f2,0.0844641553441552,0.792399408974007,4.4542327259096215,0.17789807083153408,0.8588030259342062,0.9989528241627993
Pou4f3,3.016538202670921,1.2610498547953113,1.175504431108815,1.0727733740704015,0.2833728099470483,0.9989528241627993
Pou5f1,0.0,,,,,
Pou6f1,30.249723740912454,0.22837907020630357,0.3877452969178302,0.588992495903054,0.5558663075312402,0.9989528241627993
Pou6f2,0.4285345485551382,-1.0628414768993322,2.943075592630831,-0.3611329180808613,0.7180000863203944,0.9989528241627993
Ppara,12.136732283294743,-0.043686580353521,0.5964995970168537,-0.07323823950929956,0.9416165373505853,0.9989528241627993
Pparg,0.793258318734826,-1.4512463446560335,2.5865300936828164,-0.5610784688724362,0.5747440453961148,0.9989528241627993
Ppargc1a,21.94542939712971,-0.038503385857625146,0.4304573285885516,-0.08944762535203164,0.9287261755701197,0.9989528241627993
Ppargc1b,3.4205351935529893,-0.19104587020797129,1.0091241196267093,-0.1893185055160926,0.849843192280783,0.9989528241627993
Ppfibp1,26.628689035676157,0.00953353714108239,0.4630714595291676,0.02058761546387615,0.9835746198018105,0.9989528241627993
Ppif,19.306209092843144,-0.3636894588503737,0.48521559467865055,-0.7495419826546147,0.4535306044634909,0.9989528241627993
Ppl,0.6242803324009935,2.6971328480402352,2.8657634277557573,0.9411568386691359,0.3466244915062938,0.9989528241627993
Ppm1d,13.095999028541753,0.03797020045741943,0.5678523906543566,0.06686632139324977,0.9466881246444303,0.9989528241627993
Ppm1h,17.73030848096527,0.10735993158333577,0.49663622841878524,0.21617418432230281,0.8288519757163744,0.9989528241627993
Ppp1cc,137.72102581392335,-0.049838059376375546,0.22262624620309912,-0.22386425781490701,0.8228629280385792,0.9989528241627993
Ppp1r10,69.93817935929776,-0.43260596401212636,0.29655334499478164,-1.4587795798416598,0.1446257846758844,0.9989528241627993
Ppp1r16b,1082.2601237547967,-0.22249535967428347,0.24508915360935418,-0.9078139786998375,0.36397651165377665,0.9989528241627993
Ppp1r1b,56.37958396529584,0.0064406161653536645,0.3180401474737621,0.020250953272762544,0.9838431813712079,0.9989528241627993
Ppp1r1c,0.14818885007370175,-1.0489721070606506,4.441716510347476,-0.23616367785223408,0.8133056632626426,0.9989528241627993
Ppp1r2,124.1609451607488,0.08811941897350582,0.24198933854167232,0.3641458731386673,0.7157490830896557,0.9989528241627993
Ppp1r3a,0.0,,,,,
Ppp1r7,134.28099459278644,0.06330675178482713,0.22948092143844145,0.275869346296874,0.7826484187353925,0.9989528241627993
Ppp2ca,789.7923375529675,-0.14322016964491233,0.17475970785651435,-0.8195262592364974,0.4124862263085626,0.9989528241627993
Ppp2r1a,298.8368842718669,0.00916052017025331,0.18379050812670708,0.04984218316616195,0.9602481511328885,0.9989528241627993
Ppp2r1b,39.8654394904152,-0.029131202646681818,0.34862590234519863,-0.08356006381257637,0.9334062203027665,0.9989528241627993
Ppp2r2a,88.42103321624604,0.17522958910909336,0.2650669208681709,0.6610767897222548,0.5085630692680725,0.9989528241627993
Ppp2r2b,29.04895248254941,-0.06648844626133739,0.4044253204892102,-0.16440228366737797,0.8694144659286208,0.9989528241627993
Ppp2r5c,292.21571601287616,-0.30147992893233166,0.19720447468776536,-1.52876819559833,0.12632191944856497,0.9989528241627993
Ppp3cb,197.39837763723435,0.1737783572764032,0.21669732314333218,0.8019404889531531,0.4225873835704719,0.9989528241627993
Ppp3r1,126.20687475226232,0.1307799924753209,0.2309151518997713,0.5663551802442395,0.5711523563287839,0.9989528241627993
Ppp3r2,0.19588154313728123,-1.04897210706065,4.441716510347476,-0.23616367785223397,0.8133056632626428,0.9989528241627993
Ppp4r3a,118.76018895939832,-0.234868560065741,0.25112116602949075,-0.9352798243942484,0.34964411004819607,0.9989528241627993
Ppp5c,132.57126127459586,-0.08321153773375782,0.23458746259747232,-0.3547143432662476,0.722803604432887,0.9989528241627993
Ppp6c,160.5991270896233,0.039510924154215886,0.21447631107453466,0.18422045752402502,0.8538405113447625,0.9989528241627993
Ppp6r3,128.4868819986108,-0.21901273845142777,0.24915273544984784,-0.8790300377637758,0.3793849894381327,0.9989528241627993
Ppt1,434.5637093890814,0.2508197894696432,0.18432547315291486,1.3607440424773258,0.17359459107234498,0.9989528241627993
Praf2,32.87263268942249,0.4999860753962029,0.4199276489692344,1.1906481428967157,0.23379174354980625,0.9989528241627993
Prap1,0.0844641553441552,0.792399408974007,4.4542327259096215,0.17789807083153408,0.8588030259342062,0.9989528241627993
Prdm1,0.4501343866192055,-1.1298544599785658,2.9006254868389605,-0.38952097232306165,0.6968907995915785,0.9989528241627993
Prdm13,0.16978868813776907,-1.0489721070606506,4.441716510347476,-0.23616367785223408,0.8133056632626426,0.9989528241627993
Prdm14,0.0,,,,,
Prdm16,2.3219891797658696,-0.6164199309759031,1.2602654708951866,-0.4891191143545734,0.6247573697767881,0.9989528241627993
Prdm9,5.286834013149725,-0.4767229932004267,0.9081040369338048,-0.5249651733848386,0.5996074014558825,0.9989528241627993
Preb,67.18218044851456,0.20662900006172583,0.29513997648342827,0.7001050908917714,0.483861676771568,0.9989528241627993
Prelp,26.672215946793077,-0.1932531923247774,0.4358335579869469,-0.44341053776901973,0.657468815188162,0.9989528241627993
Prep,44.44085015000987,0.118610678179435,0.32802212495793504,0.36159353029813285,0.7176558000607371,0.9989528241627993
Prf1,0.0,,,,,
Prickle3,2.458688720754571,-1.9920386333843842,1.306926114552662,-1.5242167183002722,0.12745458307009622,0.9989528241627993
Primpol,16.954290924482223,0.16437524410189405,0.4863741571326894,0.3379604810233581,0.735392968887412,0.9989528241627993
Prkaa1,105.90919443349465,-0.009661929329271889,0.2660519810194072,-0.03631594582476384,0.9710304353970629,0.9989528241627993
Prkaa2,23.18648600781326,0.29178160305175865,0.41918453111467263,0.6960695860504893,0.486385252265895,0.9989528241627993
Prkab1,15.239316685945482,-0.09521847590727624,0.5020260252227757,-0.18966840586605588,0.8495689798345658,0.9989528241627993
Prkaca,245.4137338502857,-0.05581494727921702,0.19951481446390773,-0.2797533979077727,0.7796667076469774,0.9989528241627993
Prkacb,278.27324705527354,-0.051652484950203324,0.22134474583625902,-0.23335762841379362,0.8154837125536768,0.9989528241627993
Prkar1a,970.8184817002317,-0.05114796926494623,0.16952460507384307,-0.3017141331352268,0.7628699934049167,0.9989528241627993
Prkar2b,17.03667661070337,-0.1079428824061712,0.4891107665072391,-0.22069210043564558,0.8253321827578791,0.9989528241627993
Prkca,96.51045399126444,0.0838743404008225,0.2561109716785216,0.3274921798590658,0.7432956567356674,0.9989528241627993
Prkcd,31.143012991851226,0.37259617565009384,0.4639827033426541,0.803038934352105,0.4219522311855892,0.9989528241627993
Prkce,101.4917576324882,0.011800351288634273,0.25394716799619144,0.04646774123037769,0.9629374450696037,0.9989528241627993
Prkcg,10.397429328781383,0.6121908886285977,0.6239443612640008,0.9811626270464363,0.32651255082286823,0.9989528241627993
Prkci,69.27788561694432,0.026421109607933698,0.29742748805858904,0.08883210418913638,0.9292153430875488,0.9989528241627993
Prkcq,229.94263597762702,-0.3510020797417461,0.25659810481322726,-1.3679059710796915,0.17134151048701196,0.9989528241627993
Prkcz,159.27613979410003,-0.4106839454061056,0.24541227764806553,-1.6734449854829534,0.09423972821947105,0.9989528241627993
Prkd1,15.444392324850938,-0.006309454495309722,0.532784361718558,-0.011842416836255932,0.9905513392954388,0.9989528241627993
Prkd3,205.11966055051198,0.0317944229255689,0.22623340541921874,0.1405381440758171,0.8882348169172885,0.9989528241627993
Prkdc,17.641679932065635,-0.1595842395546781,0.497164988523628,-0.32098849122215245,0.7482191124808472,0.9989528241627993
Prkg2,3.2353794015818593,0.8662259310879572,1.0921441607876536,0.7931424826400533,0.4276948138822072,0.9989528241627993
Prkn,13.650684480147637,-0.3151883020423265,0.5397345358821594,-0.5839691201660325,0.5592410879252244,0.9989528241627993
Prl,0.0,,,,,
Prl2c2,0.17145976739116434,1.0513301897027478,4.415151725658759,0.23811870011010441,0.811789031237038,0.9989528241627993
Prl3a1,0.0,,,,,
Prl3b1,0.14818885007370175,-1.0489721070606506,4.441716510347476,-0.23616367785223408,0.8133056632626426,0.9989528241627993
Prl3c1,0.34291953478232867,1.9332222252974967,3.87157603160201,0.4993372749282037,0.6175417997786022,0.9989528241627993
Prl3d1,0.0,,,,,
Prl7a1,0.0,,,,,
Prl8a1,0.2838922543215187,1.045824023199335,4.202006087173883,0.24888684154732346,0.8034483140148623,0.9989528241627993
Prl8a2,0.0,,,,,
Prl8a6,1.182139747001912,-0.4848702349409497,2.007858990529297,-0.2414861985966115,0.8091783119441062,0.9989528241627993
Prm1,0.0,,,,,
Prmt1,5.9237345356999,1.3014399836271668,0.824540930565688,1.578381297256275,0.11447803922639452,0.9989528241627993
Prmt3,75.28977524504951,-0.07274060144188334,0.2665276082249229,-0.2729195745474048,0.7849150392145094,0.9989528241627993
Prmt5,58.28245707908574,0.09874855078910472,0.31314094349470195,0.3153485765452944,0.7524970062795557,0.9989528241627993
Prmt7,16.971752185099785,0.829325492852458,0.5142788592513348,1.612598841919644,0.10683169025523696,0.9989528241627993
Prodh,14.032512539695512,0.07323638875583173,0.5276529802309324,0.13879650357282,0.8896109569876178,0.9989528241627993
Prok1,0.17145976739116434,1.0513301897027478,4.415151725658759,0.23811870011010441,0.811789031237038,0.9989528241627993
Prokr2,1.785535941780432,0.5148525488614201,1.5176893400687042,0.33923447656166134,0.7344330989483232,0.9989528241627993
Prom1,16.77949485917364,-0.42532982842632194,0.6063787383758787,-0.7014260255323642,0.48303718492530023,0.9989528241627993
Prom2,0.560691396962873,-0.665417777677096,2.8021939738879684,-0.23746313919655135,0.8122975121076169,0.9989528241627993
Prop1,0.6268117891038475,2.6636538552582096,3.0439825646660603,0.875055555894889,0.3815436779219624,0.9989528241627993
Prorp,5.576593502564979,0.024934216669284505,0.8011270693398073,0.03112392231338818,0.9751707116617846,0.9989528241627993
Prox1,115.47595098396094,0.015326081493563877,0.24714185402115754,0.06201329820990915,0.9505522419446435,0.9989528241627993
Prpf19,213.812407251032,0.13890428916846664,0.20298925209656266,0.6842938122772598,0.49378965349290116,0.9989528241627993
Prpf3,12.71235977468026,-0.17219769428007378,0.5670507129094707,-0.3036724764819492,0.7613774289243949,0.9989528241627993
Prpf31,44.05348468248439,-0.14178646482694682,0.3448599591019824,-0.4111421493993089,0.6809683049573916,0.9989528241627993
Prpf4b,122.8915797593233,0.18392078661949954,0.2537222195088506,0.7248903425783088,0.4685193059876547,0.9989528241627993
Prpf8,329.5091195616083,0.13042063557059033,0.1844755834542668,0.7069804747516779,0.479578611641458,0.9989528241627993
Prph,0.0,,,,,
Prph2,0.17145976739116434,1.0513301897027478,4.415151725658759,0.23811870011010441,0.811789031237038,0.9989528241627993
Prps1,26.92335917677364,0.20030227869468478,0.4071198482869964,0.4919983133651667,0.6227205358749488,0.9989528241627993
Prpsap2,142.28342070567405,-0.2269717437959777,0.23470465637210816,-0.9670525813349418,0.33351774862407824,0.9989528241627993
Prr5,4.802296700980851,-0.2036634461623737,0.8757352648717168,-0.23256280103349222,0.8161009157819692,0.9989528241627993
Prr5l,514.4865326482594,-0.341669095781782,0.26009977133224493,-1.3136078283796047,0.18897821293076655,0.9989528241627993
Prrc2b,124.86364914364253,-0.06565507557864689,0.251925868817099,-0.26061267898737783,0.794391211073661,0.9989528241627993
Prrx1,12.237436272622332,0.05300385078418728,0.590161666466746,0.0898124256384143,0.9284362738659573,0.9989528241627993
Prrxl1,0.0,,,,,
Prss1,0.17145976739116434,1.0513301897027478,4.415151725658759,0.23811870011010441,0.811789031237038,0.9989528241627993
Prss21,0.0844641553441552,0.792399408974007,4.4542327259096215,0.17789807083153408,0.8588030259342062,0.9989528241627993
Prss41,0.5127082229200978,0.9580721645381718,2.9652317579726533,0.32310195045031204,0.7466180331748058,0.9989528241627993
Prss42,0.3673413105284456,0.06289684516389088,3.375816271233772,0.01863159606755013,0.985134997190086,0.9989528241627993
Prss50,0.78495462830058,-0.28510538739368785,2.249596868844419,-0.12673621275981856,0.8991491832870159,0.9989528241627993
Prune1,10.533826425919113,0.5979081092384958,0.7023788352448931,0.8512615688797452,0.39462406819838114,0.9989528241627993
Psat1,442.9906848703143,-0.33424655744498644,0.23604421549592525,-1.416033672940214,0.15676564579148952,0.9989528241627993
Psd2,19.043183742559,0.32194210675670026,0.4584793859774727,0.7021953802139294,0.4825573262706385,0.9989528241627993
Psen1,106.28136713779554,0.3602335854805356,0.2713426349726921,1.3275966952881895,0.18431137687023436,0.9989528241627993
Psen2,15.646832358394944,-0.24627186356069394,0.5035252718116057,-0.48909533909717384,0.6247742010918409,0.9989528241627993
Psma4,105.03029040428511,0.015268287118133668,0.25311452271123097,0.060321655804604676,0.9518994545119268,0.9989528241627993
Psmb11,0.0844641553441552,0.792399408974007,4.4542327259096215,0.17789807083153408,0.8588030259342062,0.9989528241627993
Psmb6,179.48857849081548,0.10325828348866879,0.21973329605905315,0.46992552034953416,0.6384082305311494,0.9989528241627993
Psmb8,18.31210635447203,0.5830195295566003,0.5152234320122976,1.1315858195336983,0.25780860459125055,0.9989528241627993
Psmb9,0.0,,,,,
Psmc2,165.82998185411284,-0.3388291126511506,0.23794195760414893,-1.4239990124601822,0.15444675793949517,0.9989528241627993
Psmd1,168.18472502396213,-0.07090075487385489,0.22027971784259426,-0.3218669225122151,0.7475535127900688,0.9989528241627993
Psmd10,27.692300983412682,-0.10344869006348824,0.38908141154493997,-0.26587929156708023,0.7903321741726194,0.9989528241627993
Psmd11,16.962380172903273,0.03197455103573817,0.48838487980499085,0.06546998557470783,0.947799803091057,0.9989528241627993
Psmd12,89.299514367972,-0.03499613488087668,0.2616249567145046,-0.1337645128368462,0.8935887896024496,0.9989528241627993
Psmd13,114.74098414078486,-0.01385273269852427,0.23482857310970046,-0.05899083112025277,0.9529594111010484,0.9989528241627993
Psmd14,133.35704353052697,-0.39585147614504057,0.22518232627532217,-1.7579153865789958,0.07876190738636536,0.9989528241627993
Psmd3,121.83940979012884,-0.0547146174120811,0.22946360563901136,-0.2384457319918406,0.8115354010879997,0.9989528241627993
Psmd5,45.90883341143985,0.21518325749451336,0.3217339344559735,0.6688236286245999,0.503607992113632,0.9989528241627993
Psmd6,63.42290675498351,0.18089620185285554,0.2800378131782954,0.6459706273226821,0.5182983779594632,0.9989528241627993
Psmd9,92.21604401372366,0.0014705823347317645,0.2553609155293166,0.005758838746655945,0.9954051368734154,0.9993039126460288
Ptafr,0.14818885007370175,-1.0489721070606506,4.441716510347476,-0.23616367785223408,0.8133056632626426,0.9989528241627993
Ptar1,84.11283282975198,-0.11136427668257286,0.26317209205636666,-0.4231614219136909,0.6721774912994316,0.9989528241627993
Ptbp1,91.16936805282478,0.08619814479539598,0.2695839764165322,0.3197450603006607,0.749161598291374,0.9989528241627993
Ptch1,101.50328106599297,0.47624556669414647,0.3027046918383442,1.5733009085583638,0.11564915907394446,0.9989528241627993
Ptch2,0.0,,,,,
Ptchd1,0.730480085100642,-1.1752284639336483,2.3831196960058203,-0.4931470567354909,0.6219086834482486,0.9989528241627993
Pten,145.95553144262902,0.0653505554392809,0.2213978169478702,0.29517253756241046,0.7678620797021907,0.9989528241627993
Ptf1a,0.0,,,,,
Ptgdr,0.0,,,,,
Ptgds,7474.6811806824,0.2636666697567773,0.16316870304844108,1.615914478884475,0.10611280473048851,0.9989528241627993
Ptger1,0.0844641553441552,0.792399408974007,4.4542327259096215,0.17789807083153408,0.8588030259342062,0.9989528241627993
Ptger2,0.0844641553441552,0.792399408974007,4.4542327259096215,0.17789807083153408,0.8588030259342062,0.9989528241627993
Ptger3,0.0,,,,,
Ptger4,0.6232652332637652,1.2665817772642156,2.5935262921001936,0.488362805930361,0.625292882167215,0.9989528241627993
Ptges,1.7687882396728707,1.2328834564193007,1.5379374329777675,0.8016473427219866,0.42275698369732906,0.9989528241627993
Ptgfr,0.0,,,,,
Ptgir,0.17145976739116434,1.0513301897027478,4.415151725658759,0.23811870011010441,0.811789031237038,0.9989528241627993
Ptgr1,5.731606093507683,0.6331407954079178,0.8361563700590373,0.7572038174668387,0.4489277635025821,0.9989528241627993
Ptgs1,1.7327803353111444,0.6630807197063917,1.414857900231412,0.4686553466591516,0.6393160093647751,0.9989528241627993
Ptgs2,1.6663097418655475,0.1654029543605894,1.5089755809937397,0.10961274419806243,0.9127165031562454,0.9989528241627993
Pth,0.0,,,,,
Pth1r,1.7139163512832232,0.002661961853561704,1.4963698464712916,0.0017789464682405136,0.9985806068271433,0.999437389844584
Pth2r,0.17145976739116434,1.0513301897027478,4.415151725658759,0.23811870011010441,0.811789031237038,0.9989528241627993
Pthlh,3.6836530134390393,-2.0100566236829818,1.3041291386975644,-1.5413018266660525,0.12324334453576645,0.9989528241627993
Ptk2,306.8432820966449,-0.286442573769611,0.20772462349326712,-1.3789533900823046,0.16790912520529233,0.9989528241627993
Ptk2b,18.92620925425248,0.2964475192912912,0.4620262221106311,0.6416248799409214,0.5211167746289875,0.9989528241627993
Ptk6,0.0,,,,,
Ptp4a1,372.7129035743222,-0.20754950231358726,0.20793538370897974,-0.9981442244772899,0.3182094278816391,0.9989528241627993
Ptpa,315.3322752355232,0.03463088662203767,0.1839425110828292,0.18827016342319802,0.8506648732373072,0.9989528241627993
Ptpn1,34.14779408178217,-0.10558842027444412,0.37345098898060486,-0.2827370214299469,0.7773784346558885,0.9989528241627993
Ptpn11,281.9323001463967,0.10610124735838264,0.20374750509985395,0.5207486948435703,0.6025418476144331,0.9989528241627993
Ptpn2,25.27451740524499,0.5914833246202332,0.4163868153477907,1.420514057646594,0.1554580789600056,0.9989528241627993
Ptpn22,0.4911083848560304,0.9593079476048195,3.0045508058151014,0.31928498121853854,0.7495104204114085,0.9989528241627993
Ptpn23,81.54076239379134,-0.08457674516578066,0.2778522053485392,-0.3043947233015018,0.7608271873827173,0.9989528241627993
Ptpn5,22.238575929169812,-0.11948790162063666,0.4468155588035153,-0.2674210852025876,0.7891449667674256,0.9989528241627993
Ptpn6,3.574888139815531,-0.04324970959758872,1.0309045988396082,-0.04195316389729062,0.966536035012785,0.9989528241627993
Ptpra,419.45454031123876,0.3681198227441759,0.24559495498694758,1.4988900027027836,0.13390217034054316,0.9989528241627993
Ptprc,1.6638533033204694,1.330623394562563,1.6456673196407288,0.808561596066121,0.41876736234882106,0.9989528241627993
Ptprf,12.195867832763035,-0.3558796133095285,0.5865793834901897,-0.606703241412985,0.5440478706647769,0.9989528241627993
Ptprk,135.61826164743673,-0.37865288898446353,0.2403520044278134,-1.5754097407504126,0.11516189745358321,0.9989528241627993
Ptprn2,24.810131709792245,-0.008330767972062123,0.4078461007451594,-0.02042625381692091,0.9837033406998557,0.9989528241627993
Ptprq,1.7435557621228177,0.5624735829597116,1.5486734332033798,0.3631970245633087,0.716457710147763,0.9989528241627993
Ptpru,6.756086010937082,-0.6712022408240148,0.738045862889479,-0.9094316147186724,0.36312234010547684,0.9989528241627993
Ptprz1,224.27264000153045,0.002828624870387488,0.2355753244738803,0.012007305420059455,0.9904197865942,0.9989528241627993
Pttg1,60.589288621712505,0.05296288379188519,0.2847822721500172,0.18597675828636367,0.852462987553245,0.9989528241627993
Ptx3,0.0,,,,,
Pvalb,1.3322141183422056,1.469792816559604,1.8068506194196385,0.813455634219337,0.41595687309528384,0.9989528241627993
Pwp1,29.787983448510428,0.30740027049277313,0.4224300933014709,0.727695008871904,0.4668003063242929,0.9989528241627993
Pxn,2.7868039768530912,0.9905327021382875,1.2180688598186928,0.8131992655043545,0.4161038204772999,0.9989528241627993
Pycard,1.5523130398923117,0.8184958914863429,1.6472307996146087,0.49689205160432937,0.6192651769007891,0.9989528241627993
Pycrl,14.136217934897493,-0.13592490825770534,0.5261172507259831,-0.2583547832163727,0.7961331099922396,0.9989528241627993
Pygb,107.75194446061762,-0.019785513103376895,0.25398899026860033,-0.07789909744691363,0.9379083173639214,0.9989528241627993
Pygl,6.893045319655802,-0.03690130831338899,0.7548249218077722,-0.048887241593735406,0.9610091564386596,0.9989528241627993
Pyroxd1,19.749729506914512,0.40771809744444565,0.4711689871588022,0.8653330515300425,0.38685601498920685,0.9989528241627993
Pzp,0.2542528434819243,-0.16717394861669324,3.8378714626530117,-0.043559027508735436,0.9652559119888277,0.9989528241627993
Qdpr,2332.5061716229907,0.37177799956656515,0.23111574292863482,1.6086225665785334,0.10769889672687222,0.9989528241627993
Qrfpr,0.3387169988260795,0.3592262609524192,3.418116909223116,0.10509478478723704,0.9163005975252669,0.9989528241627993
Qsox1,41.40063325032303,-0.23097341078166952,0.3277002622573135,-0.7048313272337478,0.4809152105245995,0.9989528241627993
Rab10,411.17641292303256,-0.02294783081456257,0.23714582170187465,-0.096766751570311,0.9229116283888774,0.9989528241627993
Rab11a,55.42450742569184,-0.07682888060372564,0.29330409230500587,-0.2619427502696811,0.7933655800119466,0.9989528241627993
Rab1a,123.2466308264218,-0.08542543270886055,0.2280285581177796,-0.3746260267309906,0.7079386138813981,0.9989528241627993
Rab20,1.9845985416208238,0.18963331240141837,1.427837993062615,0.13281150475248796,0.894342455490286,0.9989528241627993
Rab21,377.4295957182917,-0.09007702623242106,0.20818830138892877,-0.43267093122654804,0.6652538507618222,0.9989528241627993
Rab23,102.56451437351949,-0.172888190454782,0.2621659520324294,-0.6594608838961518,0.5095998565708921,0.9989528241627993
Rab24,7.517565324586909,-0.6107024890672104,0.7261980851296483,-0.8409585505285124,0.4003711555006123,0.9989528241627993
Rab27a,2.2251753378872556,-1.4805552811189444,1.3304802417066843,-1.1127976460738342,0.2657953466094791,0.9989528241627993
Rab27b,3.355911181613168,1.1140855845167468,1.071855742825272,1.03939881086998,0.2986192968487834,0.9989528241627993
Rab28,86.84083831838376,0.23166993697695426,0.2752542666889025,0.8416579323683725,0.39997945178683103,0.9989528241627993
Rab29,14.20647770768511,-0.07659023881593599,0.5269823321557249,-0.14533739395517978,0.8844444920403602,0.9989528241627993
Rab32,4.450551520539144,0.5498925373806031,0.9839661788212507,0.5588530878564858,0.5762619879171454,0.9989528241627993
Rab37,6.423039033187494,1.348895867239758,0.8624447994866694,1.56403733669984,0.11780880042394282,0.9989528241627993
Rab38,0.5632228536657268,-1.00110303505028,2.859298757638602,-0.3501218724961281,0.7262472366442003,0.9989528241627993
Rab39,1.2439990098246765,1.2991530755799965,1.9034103078354037,0.6825396869145988,0.49489775668322666,0.9989528241627993
Rab3a,230.16138551439494,-0.12795473662319298,0.21118401373263732,-0.6058921523538517,0.544586370959262,0.9989528241627993
Rab3b,2.959876921340491,0.5784521953478757,1.1041371562886455,0.5238952353457942,0.6003514089529559,0.9989528241627993
Rab3d,9.717120282817474,0.8076181149166743,0.7074116641605444,1.1416522455493305,0.25359859806892526,0.9989528241627993
Rab3gap2,97.8948250242974,-0.20690576705125152,0.2662339097111097,-0.7771578281510603,0.43706565958312726,0.9989528241627993
Rab43,8.523184320955552,0.49080568297266375,0.7121510410781141,0.6891876226560603,0.4907052048107694,0.9989528241627993
Rab4b,41.043223006421414,-0.01885784779376646,0.3462693295586201,-0.054460058064640125,0.9565686303850438,0.9989528241627993
Rab5a,512.4884326831506,-0.12292009138851115,0.19791994627178314,-0.6210596440831568,0.5345603805117876,0.9989528241627993
Rab5b,155.87252372278854,-0.07607390982620862,0.22304002189721864,-0.34107739579251395,0.7330453175652879,0.9989528241627993
Rab5c,326.58823674007255,-0.10827972133517175,0.21233927221566332,-0.5099373290928348,0.610095368716294,0.9989528241627993
Rab6a,570.7754157615378,0.08804242179922246,0.18658675451408271,0.47185783379161267,0.6370282670991855,0.9989528241627993
Rab7,927.5522671043879,-0.07305629729130499,0.15964234989940662,-0.4576247927779753,0.647222028228649,0.9989528241627993
Rab7b,17.757233058328783,-0.3967648339788379,0.5758846340601291,-0.6889658284187019,0.49084477189451925,0.9989528241627993
Rab8a,72.16284725339032,-0.14439790708159098,0.27886973202207394,-0.5177969872691711,0.6045999205610129,0.9989528241627993
Rab8b,35.24535592170018,-0.005377493722784928,0.3504886700559985,-0.015342846095212583,0.9877586602582724,0.9989528241627993
Rabep1,158.21846655901808,-0.21103745865434648,0.22228018572810518,-0.9494209210014297,0.34240657407789366,0.9989528241627993
Rabep2,15.247049459101243,0.17590771217022233,0.5575249457236966,0.31551541060083843,0.752370352196599,0.9989528241627993
Rac1,722.743800751579,-0.1904847269077189,0.17872656342058568,-1.065788561376092,0.28651923285169434,0.9989528241627993
Racgap1,13.48734511602546,-0.2327560798530042,0.5582663514483615,-0.41692657859307447,0.676732112117995,0.9989528241627993
Rack1,30.154508340488803,0.9720450920257051,0.4572737558242733,2.12573995258817,0.03352491831745347,0.9989528241627993
Rad21l,0.0,,,,,
Rad23b,194.0090252099163,0.21834541791172404,0.21564591975980582,1.0125181972138633,0.31129035046171527,0.9989528241627993
Rad50,14.653249155232913,-0.3871487468244662,0.5152426817596426,-0.7513910639201832,0.4524173390769879,0.9989528241627993
Rad51,5.770278374887198,1.6939432002605996,0.8502336959858688,1.9923265900399618,0.046335236070008674,0.9989528241627993
Rad51b,6.524763928147904,0.08329746491366752,0.7514197601441254,0.1108534394912515,0.911732567860538,0.9989528241627993
Rad51d,24.986070713078806,0.19608925263288862,0.4107985560713615,0.4773367621059144,0.6331223371448815,0.9989528241627993
Rad54l,6.5293963689387695,0.06543887154991807,0.7888524124281548,0.08295451787805483,0.93388770438221,0.9989528241627993
Rad9a,25.208046699804054,0.03507502884930947,0.4113824230574451,0.08526136967308305,0.9320536021963004,0.9989528241627993
Rae1,42.34369501782299,0.18478517443554326,0.33760558412479397,0.5473403969741167,0.5841448952987215,0.9989528241627993
Raf1,309.555035158027,0.028260083057402085,0.18264936665565074,0.15472313742363467,0.8770395886220783,0.9989528241627993
Rag1,0.42318115417023466,0.7685988654393033,3.1307485069413477,0.2455000341724039,0.8060692817158316,0.9989528241627993
Rag2,0.0844641553441552,0.792399408974007,4.4542327259096215,0.17789807083153408,0.8588030259342062,0.9989528241627993
Rai14,3.7131708582434584,0.22353882432365696,1.0511874083586101,0.2126536358276061,0.8315971327818604,0.9989528241627993
Rala,104.25411609809578,-0.16162123245597404,0.2711562022222274,-0.5960447562380172,0.5511453279246897,0.9989528241627993
Ramp3,3.9895277491896732,1.0555823582567414,1.0872084637073571,0.9709107254897822,0.3315927366921789,0.9989528241627993
Ranbp1,79.83116896953335,0.35001144175717586,0.273679344911424,1.2789106970073196,0.20092850530261608,0.9989528241627993
Ranbp2,75.4677060034464,-0.2728940796992759,0.2620875068267839,-1.041232689811629,0.2977675674481506,0.9989528241627993
Rangap1,129.81635494078037,0.3385185857413096,0.2381176394808297,1.4216443035441857,0.1551295364685899,0.9989528241627993
Rap1a,402.3893670485299,-0.514031898497072,0.22176456378996792,-2.3179172078362753,0.020453821052088383,0.9989528241627993
Rap1gap,141.44905939910478,-0.4034725064492708,0.2399352052912431,-1.6815894356125,0.0926484805682119,0.9989528241627993
Rap2a,99.4012009734135,-0.40887940012080326,0.30124370064973793,-1.3573043991921196,0.17468451011240627,0.9989528241627993
Rapgef1,67.47613169080695,-0.12465156131377345,0.2840544867901855,-0.43882975665104096,0.660784897250633,0.9989528241627993
Rapgef3,103.77869157129372,0.014859180370836486,0.26495861242771035,0.05608113748289866,0.9552771703949933,0.9989528241627993
Rapsn,5.0527703874132905,0.06537813256466037,0.8992388257937102,0.0727038587407017,0.9420417778471657,0.9989528241627993
Rara,7.527536541705892,0.7640737185066955,0.7644227573368704,0.9995433955532789,0.3175315281283966,0.9989528241627993
Rarb,2.905805690074874,-0.30978048714281853,1.1351952033476973,-0.27288741727349974,0.7849397591287255,0.9989528241627993
Rarg,5.840829230250844,-1.0948215707357778,0.841447751461092,-1.3011165207046154,0.19321857367466877,0.9989528241627993
Rasd1,2.2410426851808847,2.367126087972642,1.4962888281489761,1.5819981032010766,0.11365000350222455,0.9989528241627993
Rasgrf1,14.940629372032555,-0.21383820388551542,0.5095791117864339,-0.41963691002926284,0.6747507203426725,0.9989528241627993
Rassf5,4.860664448756837,2.250189329644973,1.0071848672590005,2.2341373493515073,0.025474037166492207,0.9989528241627993
Rax,0.19588154313728123,-1.04897210706065,4.441716510347476,-0.23616367785223397,0.8133056632626428,0.9989528241627993
Rb1,94.39139372784048,-0.35167766418432617,0.2459793819690306,-1.4297038287079007,0.15280204093171462,0.9989528241627993
Rb1cc1,36.27158345333306,0.033664354039148324,0.3536062055865789,0.09520295036481127,0.9241536265813549,0.9989528241627993
Rbbp4,641.4854335819163,0.011791769568607106,0.17888838125530912,0.06591691134919443,0.9474439765554024,0.9989528241627993
Rbbp7,108.09438255009967,0.10126926177591139,0.24253102485586686,0.4175517826475786,0.6762748565562611,0.9989528241627993
Rbck1,46.65217199785001,-0.044936348517504957,0.3417730816431119,-0.13148006947027102,0.8953955519569022,0.9989528241627993
Rbfox2,18.488187826769355,0.6262788156375965,0.4796487081949726,1.305703121758477,0.19165353596783985,0.9989528241627993
Rbfox3,8.555693526954451,0.470798935358489,0.6691898962781271,0.7035356301357196,0.48172201032219175,0.9989528241627993
Rbl1,4.5326778806290315,0.5126952606200438,0.9908964464441974,0.5174054892010519,0.6048731286410032,0.9989528241627993
Rbl2,71.08198733654352,-0.17529044604151778,0.27715701059312614,-0.6324590010059273,0.5270869907527866,0.9989528241627993
Rbm8a,49.85026489782434,0.12900556779899683,0.3333401026350036,0.387008844058147,0.6987496605510441,0.9989528241627993
Rbms1,9.204009025796557,0.30255113781501647,0.6768896132070701,0.4469726406075932,0.6548948141734818,0.9989528241627993
Rbp1,25.673333062878715,0.2767847724474073,0.4184238803400597,0.6614937278973178,0.5082957356201173,0.9989528241627993
Rbp3,0.0844641553441552,0.792399408974007,4.4542327259096215,0.17789807083153408,0.8588030259342062,0.9989528241627993
Rbpj,106.80503366357296,0.12112945845673737,0.23864428084522674,0.5075732719331169,0.6117526388904739,0.9989528241627993
Rbpjl,0.4922592432846848,-2.484478955342516,3.2048809419548245,-0.7752172390613369,0.43821130323769864,0.9989528241627993
Rcan1,41.72972465436873,0.4440914537577001,0.3485675556963047,1.2740470147044385,0.2026467546642573,0.9989528241627993
Rcc2,17.623565897278763,1.1932348342308972,0.5603362953267648,2.129497668065661,0.03321310761297932,0.9989528241627993
Rcn2,46.85255532021665,0.11658828994838442,0.3238618439711837,0.3599939051750663,0.7188516914083789,0.9989528241627993
Rcor1,35.89724959285528,-0.012779559895025758,0.3606912804196171,-0.03543074254569839,0.9717362710885681,0.9989528241627993
Rcor2,19.26038642186145,0.11503228469051777,0.48912260701300997,0.2351808790703842,0.8140683461249163,0.9989528241627993
Rdx,633.327964336796,-0.22081143839489475,0.18296522672545906,-1.2068492048832005,0.22749022256981433,0.9989528241627993
Rec114,0.17145976739116434,1.0513301897027478,4.415151725658759,0.23811870011010441,0.811789031237038,0.9989528241627993
Rec8,1.820926805786808,-0.3363574311130997,1.3643927798780495,-0.24652536723564572,0.8052755700450299,0.9989528241627993
Rel,12.0883563260099,0.18503615546225502,0.5756618157682654,0.32143204637484923,0.7478830010402362,0.9989528241627993
Rela,79.02525921619342,0.059580531227228006,0.28143433223774317,0.21170313782789313,0.8323386399547053,0.9989528241627993
Relb,27.946261829123102,-0.3208578458821781,0.4070674535790499,-0.7882178814864881,0.4305692714395545,0.9989528241627993
Reln,2.6843355013383046,1.2935258690038363,1.3627037180360706,0.9492348570590726,0.34250117690093773,0.9989528241627993
Ren1,1.005982565342011,0.032095245083622125,1.882655904302878,0.017047855112698653,0.9863984384494949,0.9989528241627993
Rest,26.68612910655079,-0.4352163625221943,0.39711704945101234,-1.0959397566129476,0.2731051391866546,0.9989528241627993
Ret,1.3114060196857311,-0.9782311309457626,1.7699470188866402,-0.5526894988987325,0.5804760452432027,0.9989528241627993
Retn,0.8577937152683092,0.6003750991205388,2.0365204811176247,0.2948043511897598,0.7681433423179171,0.9989528241627993
Retreg3,61.96928119300086,0.23260499150186453,0.2898859529724028,0.8024017346021888,0.42232061002339605,0.9989528241627993
Rev1,76.48332764377535,-0.15560201662438758,0.2654811477466371,-0.5861132436148985,0.5577994170810208,0.9989528241627993
Rflna,0.5739014609467904,-0.15602148623822976,2.4354779197980663,-0.06406195883359354,0.9489208920518246,0.9989528241627993
Rfx2,2.0761450727604385,1.7042863913966142,1.4502171629310598,1.1751939192003842,0.2399171424592892,0.9989528241627993
Rfx3,43.48663547028852,-0.188647559615618,0.3213832280878768,-0.5869863238912876,0.5572128917787149,0.9989528241627993
Rfx4,11.933573598337313,-0.14393152827540218,0.5881447058501184,-0.2447212851595087,0.8066722459057423,0.9989528241627993
Rfx5,9.106219024541533,-0.25986094514528557,0.6426254819841526,-0.40437385760512656,0.6859378211828934,0.9989528241627993
Rfx6,0.344070393210983,-1.9539272275599722,3.590228627412163,-0.5442347633912002,0.5862799324997358,0.9989528241627993
Rgcc,42.873143063503306,-0.2571414317868254,0.3624260810858985,-0.7095003511236831,0.4780140336778228,0.9989528241627993
Rgmb,29.43152107165623,0.21957640559585465,0.39514785886561443,0.5556816282042166,0.5784285179929056,0.9989528241627993
Rgr,0.46783746753856786,-0.6970341215862809,3.0311995403230445,-0.2299532288501191,0.8181281137688514,0.9989528241627993
Rgs18,0.2838922543215187,1.045824023199335,4.202006087173883,0.24888684154732346,0.8034483140148623,0.9989528241627993
Rgs20,119.99397317823913,-0.05825721028530241,0.23032730913540211,-0.2529322749611721,0.8003205483705131,0.9989528241627993
Rgs3,101.8965423566387,-0.2127640132721131,0.23897525107046974,-0.8903181911894827,0.3732950559794165,0.9989528241627993
Rgs6,22.617905527418404,0.19858810141226987,0.4434207852971864,0.4478547420350932,0.6542580329410614,0.9989528241627993
Rgs9,26.688693122898545,-0.5160976237462683,0.40094866785659844,-1.2871912669151293,0.19802763041201787,0.9989528241627993
Rhbdf2,0.34124845552893346,0.06638151358308987,3.4550612127406937,0.019212832854684326,0.9846713203552093,0.9989528241627993
Rhbdl3,7.237919013746588,0.7404150001160423,0.7463613842230771,0.9920328352555048,0.321181508215866,0.9989528241627993
Rheb,146.72196374805546,0.0007614242196601276,0.2412552967955531,0.00315609327452562,0.997481806084393,0.999437389844584
Rho,0.4501343866192055,-1.1298544599785658,2.9006254868389605,-0.38952097232306165,0.6968907995915785,0.9989528241627993
Rhoa,664.394457976588,-0.11796450556545868,0.1839865374624951,-0.6411583542600515,0.5214198041129683,0.9989528241627993
Rhoc,135.3307444982143,-0.18209694121944256,0.25355192494267226,-0.7181840219143059,0.4726438285091028,0.9989528241627993
Rhod,3.1735365635549098,1.0891274062752887,1.2003968482597371,0.9073061195172579,0.36424493898593735,0.9989528241627993
Rhog,243.80159849473714,-0.18021496280016336,0.22922613764564748,-0.7861885413728483,0.4317570381228135,0.9989528241627993
Rhoj,27.59050983076975,1.0018059235256613,0.4944877885647051,2.0259467406333576,0.04277024273048591,0.9989528241627993
Rhot2,36.520718202644126,0.10001098903427968,0.3583064367980835,0.2791213853929141,0.780151671908203,0.9989528241627993
Rhox13,0.36567023127505033,-2.0265403762392733,3.526432492698384,-0.5746715357334372,0.5655134616099918,0.9989528241627993
Rhox5,0.0,,,,,
Rhpn1,4.579414067917344,0.13494097779238756,0.8782828015950879,0.15364183102221213,0.8778921521284205,0.9989528241627993
Rhpn2,33.85501096219631,0.25926056719681506,0.4093918734589971,0.6332821533712771,0.526549405496205,0.9989528241627993
Ric8a,62.373519105787494,0.052514851197670194,0.31311926011498276,0.16771517401512076,0.8668073581472826,0.9989528241627993
Ric8b,53.7795158634305,0.22347194579814936,0.30918551989427423,0.7227762343934006,0.46981737048330574,0.9989528241627993
Rictor,47.900590038218716,0.23736176272433124,0.31007462692273396,0.7654988254923493,0.4439745655647087,0.9989528241627993
Rif1,98.59892205150379,0.07884313751931211,0.2582494637677286,0.30529835907122804,0.7601389255892861,0.9989528241627993
Rims2,15.241641927146778,0.17596163211713922,0.5039159406955452,0.3491884616197354,0.7269478279727148,0.9989528241627993
Ring1,33.56201873263259,0.021060831560701397,0.36151949163611674,0.05825642060235008,0.953544379847638,0.9989528241627993
Riok3,155.82479566706448,0.07546663529368537,0.2225855931186465,0.3390454621807388,0.7345754824008881,0.9989528241627993
Riox1,10.580399303406638,-0.11399777060612075,0.6241771724338804,-0.18263687882337065,0.8550829458859287,0.9989528241627993
Riox2,9.348659847917776,-0.2880600012385021,0.6573417856685294,-0.4382195191585752,0.6612271603352646,0.9989528241627993
Ripk1,12.947264491706482,-0.1914210740357489,0.5457975094877967,-0.3507181156165185,0.7257998335109599,0.9989528241627993
Ripk2,11.48512215381968,-0.035494066343258426,0.6046368723292238,-0.05870311250871244,0.9531885801921405,0.9989528241627993
Ripk3,0.36567023127505033,-2.0265403762392733,3.526432492698384,-0.5746715357334372,0.5655134616099918,0.9989528241627993
Rita1,2.857312339887263,-0.03213110705524734,1.1148514272476104,-0.028820976741783338,0.9770073708074568,0.9989528241627993
Rlim,99.79429840960158,0.1099440531025308,0.26668044366802024,0.41226889977502706,0.6801423412135041,0.9989528241627993
Rln1,0.17145976739116434,1.0513301897027478,4.415151725658759,0.23811870011010441,0.811789031237038,0.9989528241627993
Rln3,0.0844641553441552,0.792399408974007,4.4542327259096215,0.17789807083153408,0.8588030259342062,0.9989528241627993
Rmdn3,34.13665861516481,-0.03497472583876995,0.3629902114297625,-0.09635170519064382,0.9232412472663143,0.9989528241627993
Rnase1,0.5755725402001857,1.26539873418711,2.6500757638526524,0.4774953046427195,0.633009463552574,0.9989528241627993
Rnase4,28.253261622173,0.8902814099056934,0.46558634450478537,1.9121725119593642,0.0558540705995984,0.9989528241627993
Rnaseh2b,39.54962651640188,-0.31383991324281924,0.33893212256598926,-0.9259668598738833,0.35446320299333023,0.9989528241627993
Rnaset2a,159.9078840349041,0.32101404277049794,0.26863213588250956,1.1949949387697176,0.2320890075672486,0.9989528241627993
Rnd2,104.97518605098651,-0.25489210881829516,0.2698625404479466,-0.9445257144440947,0.3449010677828387,0.9989528241627993
Rnf10,220.92017942983742,0.04821594439183062,0.20001748676371703,0.24105864528129317,0.8095096640069814,0.9989528241627993
Rnf13,1558.2741280365926,0.006792769522989396,0.1829782942836232,0.03712336236155065,0.9703866443943601,0.9989528241627993
Rnf130,259.62474911364137,-0.1477978110192307,0.2146079709877947,-0.6886874254434675,0.4910199909961236,0.9989528241627993
Rnf14,331.42604259927094,-0.015857722677929932,0.18631564306881856,-0.08511213775041228,0.932172240794091,0.9989528241627993
Rnf144a,174.05277581821267,0.43344265602462734,0.23604991584102808,1.8362330462194987,0.06632319719425839,0.9989528241627993
Rnf19a,49.80694306549344,0.2104079042768444,0.31679536550985954,0.664176080790222,0.5065776205876205,0.9989528241627993
Rnf2,35.94224872315139,-0.1447776527576458,0.37334430211405395,-0.3877858907658307,0.6981744876303414,0.9989528241627993
Rnf20,44.697835896556114,-0.03234509832647439,0.33307082053913445,-0.0971117742290306,0.9226376305759283,0.9989528241627993
Rnf219,11.65018007068376,0.09627228277491649,0.5902117317868274,0.16311482403689004,0.8704280282195926,0.9989528241627993
Rnf220,111.73479933059042,-0.19652566690401901,0.24049624812093726,-0.8171672882197857,0.413832833670032,0.9989528241627993
Rnf31,10.247362971933784,-0.16306960981958302,0.6195911549345519,-0.26318905381534735,0.7924048672720132,0.9989528241627993
Rnh1,156.75513654669996,0.051646239751870306,0.22249666615170088,0.2321214094806134,0.8164437165987055,0.9989528241627993
Robo1,13.0579365927723,0.4354607615503121,0.5466943841429911,0.7965341773776385,0.42572161859002644,0.9989528241627993
Robo2,9.43055432039043,-0.25382330186629193,0.6367889472970621,-0.39859878684088296,0.6901888556533271,0.9989528241627993
Robo3,0.4041127728090213,0.6778065212282057,2.98960653273037,0.22672097943576994,0.8206407126445936,0.9989528241627993
Rock1,87.66120491433469,-0.22109306913473736,0.26414755582167476,-0.8370059243856742,0.4025892379509136,0.9989528241627993
Rock2,126.93449520915306,0.1543582444939852,0.22984776739967627,0.6715672996970019,0.5018592017544675,0.9989528241627993
Ror1,0.3673413105284456,0.06289684516389088,3.375816271233772,0.01863159606755013,0.985134997190086,0.9989528241627993
Ror2,0.40244169355562603,-0.9843787307109784,2.999080516060955,-0.32822684334059776,0.7427401530501108,0.9989528241627993
Rora,28.56783750017394,0.141981613764479,0.4027420980703514,0.35253730475346906,0.7244353467264566,0.9989528241627993
Rorb,24.439613314340736,0.029481382586694013,0.43085503504511174,0.06842529433039404,0.9454470870496497,0.9989528241627993
Rorc,4.784438184781551,-0.22351590235034674,0.9330957545098184,-0.2395422991370976,0.8106851009996088,0.9989528241627993
Ros1,0.19588154313728123,-1.04897210706065,4.441716510347476,-0.23616367785223397,0.8133056632626428,0.9989528241627993
Rp1l1,0.0,,,,,
Rp2,42.25883192870067,0.22725025381240516,0.3403803915953247,0.6676361489194743,0.5043658769688469,0.9989528241627993
Rpa1,118.88088982538504,0.27260288389996395,0.22668192439085255,1.2025788321345505,0.2291393431684291,0.9989528241627993
Rpe65,0.0,,,,,
Rph3a,27.730393246005793,0.06301416670990902,0.41438450931461945,0.15206689751538421,0.8791341724825695,0.9989528241627993
Rph3al,1.8799540862476178,-0.14682424698705973,1.3710349217715605,-0.10709008549347755,0.9147175125650069,0.9989528241627993
Rpn1,171.56806254324985,0.0633413734595279,0.21622354490382975,0.2929439228632589,0.7695650151878843,0.9989528241627993
Rprml,2.564062356233453,0.408005431757142,1.2852358660126038,0.31745568463084023,0.7508978602446497,0.9989528241627993
Rptor,39.321919627494644,-0.1126080068578615,0.3348532214812375,-0.3362906480628593,0.7366517014588378,0.9989528241627993
Rragd,33.104121415959426,0.7566459367315446,0.42832764106122717,1.76651204404384,0.07730998276409003,0.9989528241627993
Rras2,20.401346730097654,0.24540068556539005,0.43972355579899786,0.558079462264617,0.5767901242017195,0.9989528241627993
Rsad1,23.333122365720403,0.8655111841838443,0.5010494151643156,1.7273968554578716,0.08409641499229108,0.9989528241627993
Rsbn1,80.01537833422572,0.10740490972285263,0.271865024695839,0.39506703682467653,0.6927934150749384,0.9989528241627993
Rsf1,109.91322736902502,-0.04286286375456813,0.24046972446062292,-0.17824640440999448,0.8585294677438627,0.9989528241627993
Rsph1,27.199160532705154,0.28339750278616327,0.4850404381669669,0.5842760324420796,0.5590346146443327,0.9989528241627993
Rsph10b,4.131116218124009,0.9542167025803578,1.0098759823617307,0.9448850346443469,0.34471757259586944,0.9989528241627993
Rsph9,19.549651004736756,-0.1045763823077905,0.45000384954069095,-0.23238997269585432,0.816235136399397,0.9989528241627993
Rspo1,0.8785331758829177,1.9447116699584,2.221787315401422,0.8752915531012648,0.3814152889834188,0.9989528241627993
Rspo2,2.243247582507584,0.36351811203903606,1.2647959853311945,0.28741244932386995,0.7737965299673125,0.9989528241627993
Rspo3,8.80509707345636,-0.550134581115404,0.705552355226056,-0.7797218406834503,0.4355546203040199,0.9989528241627993
Rsrp1,827.6519190152163,-0.1558091403487912,0.19437459178579655,-0.8015921161161588,0.4227889395829968,0.9989528241627993
Rtbdn,0.36835640966567396,1.7572836633095952,3.5394358188749715,0.49648694120639747,0.6195508985355251,0.9989528241627993
Rtcb,132.40283472314653,0.07407917033392679,0.22469570545996148,0.3296866318930468,0.7416367557238148,0.9989528241627993
Rtf1,38.925925087795555,-0.003743886187134829,0.3515124961467428,-0.010650791161552054,0.9915020588389893,0.9989528241627993
Rtkn2,43.78337666620711,-0.8473246811348902,0.4359962927302784,-1.9434217567053331,0.05196522063094071,0.9989528241627993
Rtn2,6.396949039551839,0.17907011511455348,0.7601788463693291,0.23556313881898414,0.8137716795104815,0.9989528241627993
Rtn3,536.2891878833731,-0.14801708423067905,0.1977609170127372,-0.7484647950997603,0.45417985222030255,0.9989528241627993
Rtn4,479.046330558761,0.011064492043423121,0.20610108004404304,0.05368478438375325,0.9571863056219212,0.9989528241627993
Rtn4r,6.548247469310296,0.9339056767948217,0.7851333251661218,1.189486736659945,0.23424818719291618,0.9989528241627993
Rubcn,90.87483574645177,-0.2818067222656898,0.251147425237183,-1.122076891688427,0.26182974820057714,0.9989528241627993
Rundc1,17.69411016050756,-0.3854911319210339,0.5212747574052626,-0.7395162079972647,0.4595936014899613,0.9989528241627993
Runx1,0.91261845977287,-0.051646070908944734,1.9839892031414175,-0.026031427402512654,0.9792322714970462,0.9989528241627993
Runx2,5.101642822557198,2.667790034712042,1.2613227410760453,2.115073286029971,0.034423701643465705,0.9989528241627993
Runx3,0.2838922543215187,1.045824023199335,4.202006087173883,0.24888684154732346,0.8034483140148623,0.9989528241627993
Ruvbl1,58.24843864329685,0.36786569197347013,0.2947317702384169,1.2481372187188817,0.21198081037922434,0.9989528241627993
Ruvbl2,103.44138208972932,-0.0693669379466091,0.24067516960392588,-0.28821809105095814,0.7731798014368607,0.9989528241627993
Rxfp1,0.8226933322411286,1.6718136275235507,2.4248147381387626,0.6894603539100889,0.4905336141505121,0.9989528241627993
Rxfp2,0.0,,,,,
Rxfp3,0.17145976739116434,1.0513301897027478,4.415151725658759,0.23811870011010441,0.811789031237038,0.9989528241627993
Rxra,37.497652593364656,0.10537486332256792,0.3532118924914707,0.2983332825496879,0.765448804383518,0.9989528241627993
Rxrb,155.42127018073842,-0.0678748499583651,0.2305966431186525,-0.29434448411913955,0.7684946839519202,0.9989528241627993
Rxrg,1.6727379557131064,-0.09878986730564393,1.4306574112282715,-0.06905207810780445,0.9449481660548736,0.9989528241627993
Rybp,30.75918365149717,-0.04742847991954127,0.3955227736222398,-0.11991339837447584,0.904551750695571,0.9989528241627993
Ryk,83.03093647753632,-0.03276300467947092,0.27922801822297555,-0.1173342305975479,0.9065952002732311,0.9989528241627993
Ryr1,0.5722303816933951,-1.5877526093458239,2.663477892912776,-0.5961200630088428,0.551095022064432,0.9989528241627993
Ryr2,17.345351907563757,-0.28932713251579506,0.48549299822803815,-0.5959450158329511,0.551211959232633,0.9989528241627993
Ryr3,0.4015813161061674,0.7648126995426803,3.1843664540365695,0.24017735099965887,0.8101927711427782,0.9989528241627993
S100a1,353.9891795023281,0.3437460353208466,0.22165198577478876,1.5508367052037713,0.12094082188431299,0.9989528241627993
S100a10,70.23176279024939,-0.01697543119497275,0.28765790118304735,-0.05901256709848083,0.9529420984602348,0.9989528241627993
S100b,39.083360223482515,0.10682409866523344,0.37236474538200426,0.2868802699236308,0.7742039981179152,0.9989528241627993
S1pr1,71.99311793802126,-0.42884512205768904,0.28745681724451533,-1.4918592857476278,0.13573603800739623,0.9989528241627993
S1pr2,1.8339324724374337,0.39661606795786575,1.4238364572541404,0.27855451090410854,0.7805867263833346,0.9989528241627993
S1pr3,3.6146098981454498,0.20878364834095034,0.9900480993164748,0.210882328328385,0.8329790939924722,0.9989528241627993
S1pr5,212.60496054295672,-0.4646968719273802,0.32377808790784507,-1.43523261543148,0.1512208223942594,0.9989528241627993
Saa1,0.0844641553441552,0.792399408974007,4.4542327259096215,0.17789807083153408,0.8588030259342062,0.9989528241627993
Saa2,0.5165452597393757,0.7711784686093994,2.7940232693156353,0.27601003795444085,0.7825403564303024,0.9989528241627993
Sacm1l,110.44293282303715,0.0816745150656751,0.24224233594119038,0.3371603677298727,0.7359960118475297,0.9989528241627993
Sag,0.9763431545024165,-0.7514690822672788,1.9394797654040694,-0.3874590989149704,0.6984163591006958,0.9989528241627993
Sall1,70.66186256283397,-0.32652659829340713,0.280192740989617,-1.1653642315648254,0.2438715893271035,0.9989528241627993
Sall3,6.886648644644926,0.32265803515087255,0.7800434692645405,0.41364109548290795,0.6791369720201685,0.9989528241627993
Sall4,0.39176308627456247,-2.1121113881104545,3.7066567613235186,-0.5698157461324509,0.5688026745872117,0.9989528241627993
Samd11,0.2838922543215187,1.045824023199335,4.202006087173883,0.24888684154732346,0.8034483140148623,0.9989528241627993
Samd14,11.771864549699357,-0.18961418407923936,0.6194888602273976,-0.30608166869963915,0.759542464809807,0.9989528241627993
Samd8,137.72104370388305,-0.023180108854079704,0.22588708335707988,-0.10261812454958673,0.9182660574713225,0.9989528241627993
Samhd1,43.03813403732016,0.5576063480876322,0.34768115737673116,1.6037865045514557,0.10876112032036629,0.9989528241627993
Sap130,46.15837095345023,0.015912147996660696,0.32458809622417756,0.04902258641571049,0.960901296220388,0.9989528241627993
Sap18,58.37687349942669,-0.016525233765964795,0.2966239057604181,-0.05571106524135704,0.9555719844066595,0.9989528241627993
Saraf,274.1732838366577,0.16327862029361323,0.2199277092690892,0.7424195015546502,0.4578332075560866,0.9989528241627993
Sardh,9.495921199292459,0.29430535425426846,0.6260439430252847,0.47010334902702205,0.6382811815789343,0.9989528241627993
Sarm1,3.6255789864057095,0.08012892708922104,1.0191781270094076,0.07862112124044966,0.9373339872187406,0.9989528241627993
Sart3,62.415238380335985,0.14937688652219672,0.2967242804055957,0.5034198290682913,0.6146691332325502,0.9989528241627993
Sass6,56.76694777117219,-0.0764490410720787,0.3005173144167127,-0.2543914689922676,0.7991931409918477,0.9989528241627993
Satb2,1.588273800368951,-0.30109587188330317,1.4679894634239359,-0.20510765191803743,0.8374880181635134,0.9989528241627993
Saysd1,2.5188468822795618,0.5085583668094967,1.273183928651445,0.39943825504313524,0.6895703110333748,0.9989528241627993
Scamp4,45.37812144196945,0.42869245374238024,0.3264561870766723,1.313169946574474,0.18912568849427625,0.9989528241627993
Scarb1,12.71824412577461,-0.09774128533394048,0.5456009451504001,-0.1791442742222471,0.8578244184750132,0.9989528241627993
Scarb2,606.1758329615242,-0.015711046592021317,0.18506205350363145,-0.08489609995445674,0.9323439923807014,0.9989528241627993
Scgb1b27,0.0,,,,,
Scimp,0.2838922543215187,1.045824023199335,4.202006087173883,0.24888684154732346,0.8034483140148623,0.9989528241627993
Scin,0.1689283106883104,1.3019780290833856,4.382858461404432,0.29706139053967606,0.7664196404032793,0.9989528241627993
Scmh1,26.303366476983182,-0.27295600979573253,0.4139699808461173,-0.6593618436724207,0.5096634381023128,0.9989528241627993
Scn10a,0.0,,,,,
Scn1a,6.9764754134663844,-0.844318511741239,0.7713651836823743,-1.0945769002829466,0.2737020401915734,0.9989528241627993
Scn2a,16.17296893566763,0.256541283368335,0.5054131125656599,0.5075873122207665,0.6117427903757224,0.9989528241627993
Scn3b,7.604196240697083,0.5228465034533857,0.729916480014186,0.716310040627147,0.47379992833676576,0.9989528241627993
Scn4a,0.0,,,,,
Scn4b,13.508278599690032,-0.39774156572472813,0.5669215025730467,-0.7015813722350034,0.4829402718605148,0.9989528241627993
Scn5a,0.8184907962848794,0.28304147136417673,2.1452074378093995,0.13194130617652877,0.8950307166054787,0.9989528241627993
Scn8a,25.566915243550117,-0.19558500074839352,0.42053423194588424,-0.46508699147602817,0.6418691612894925,0.9989528241627993
Scn9a,0.25592392273531955,1.6399365151295664,3.9421765910468314,0.415997730506052,0.6774116639136933,0.9989528241627993
Scnn1a,2.695913425829644,0.014656086539372292,1.1418315937800176,0.0128355938119154,0.9897589590756367,0.9989528241627993
Scnn1b,0.14818885007370175,-1.0489721070606506,4.441716510347476,-0.23616367785223408,0.8133056632626426,0.9989528241627993
Scnn1g,0.0,,,,,
Scrib,117.24453621498323,0.0252791787106928,0.23874818749131116,0.10588218062016823,0.915675832388384,0.9989528241627993
Scrt1,9.765200989983027,0.3706780520883375,0.6381263151592881,0.5808850744476968,0.5613179123403802,0.9989528241627993
Scrt2,3.784853833630089,1.104382130459963,1.0866430679135133,1.0163246452034254,0.3094748163096551,0.9989528241627993
Sct,0.344070393210983,-1.9539272275599722,3.590228627412163,-0.5442347633912002,0.5862799324997358,0.9989528241627993
Scx,1.103039030722565,0.8795474421188046,1.9441942493567628,0.45239689522268833,0.6509830832560415,0.9989528241627993
Sdc1,2.595296807360444,2.7553554742243858,1.4751679102601964,1.867824981183589,0.06178647020821645,0.9989528241627993
Sdc2,13.036537487477531,0.1383948217944451,0.5582670035480699,0.2479007731334215,0.8042111817021345,0.9989528241627993
Sdcbp,193.64653918882365,0.18083587707947216,0.20511659281610037,0.8816248095618604,0.3779797341704424,0.9989528241627993
Sdccag8,88.47902724878907,0.06352319774549481,0.24876133422242722,0.25535800386364,0.7984466038104463,0.9989528241627993
Sdha,477.9275903836032,0.0005546326915739153,0.17740764729235087,0.0031263178337511775,0.9975055633316684,0.999437389844584
Sdhb,311.13865484739034,0.03804205730404184,0.18921040370971676,0.20105690045672797,0.8406540822277316,0.9989528241627993
Sdhc,208.61624972762243,-0.14659722105494552,0.21201408496306767,-0.6914503868008695,0.48928254886295963,0.9989528241627993
Sdk1,0.23265300541785697,-0.16790098615632193,3.9558685371806974,-0.0424435201974591,0.9661451354878905,0.9989528241627993
Sdk2,7.253708693286576,-0.5882786170330527,0.7372605895671613,-0.7979249472407381,0.424914045260428,0.9989528241627993
Sdr16c5,0.0,,,,,
Sec1,0.17145976739116434,1.0513301897027478,4.415151725658759,0.23811870011010441,0.811789031237038,0.9989528241627993
Sec22b,110.21965127622173,-0.019766697987431053,0.24285832285078643,-0.08139189036389677,0.9351302982664895,0.9989528241627993
Sec23a,56.23781049718323,0.17740407680313589,0.291556411882562,0.6084725616481853,0.5428740987044154,0.9989528241627993
Sec24c,93.9044211654733,0.004224339776601324,0.2541959671892252,0.016618437433575398,0.9867410156442845,0.9989528241627993
Sec61a1,83.14824255005617,0.375492338768935,0.26424992512335305,1.4209742485022598,0.1553242459285421,0.9989528241627993
Sel1l,253.70285956312136,0.14890274502884251,0.2238656104932354,0.6651434523630951,0.5059587445453531,0.9989528241627993
Sele,0.0,,,,,
Selenof,208.51376320948236,-0.1681882884876787,0.21380514117515204,-0.7866428635123259,0.4314909599042531,0.9989528241627993
Selenoh,6.978910853838767,0.5643306819568927,0.7471345634322297,0.7553266969265056,0.4500529839729389,0.9989528241627993
Selenoi,42.62426061282242,0.00033237601520754465,0.3644153085077657,0.0009120802761239151,0.9992722653303672,0.9994911204709922
Selenok,3.2546803617651077,-0.3004819598956051,1.1332477785569641,-0.26515115721491,0.7908930194336772,0.9989528241627993
Selenon,26.487838982345682,-0.3429565882340391,0.40358545211295094,-0.8497744069775247,0.3954505211715946,0.9989528241627993
Selenoo,48.09314856763098,-0.25581527801074994,0.3281880258492397,-0.7794777927951104,0.43569831418050287,0.9989528241627993
Selenop,655.5811300779984,0.0016358876570956942,0.5780233782386984,0.0028301409920138973,0.9977418772120575,0.999437389844584
Selenos,169.92305956380113,0.1651603049863462,0.23915636561155634,0.6905954795056706,0.48981978907716883,0.9989528241627993
Selenov,0.0,,,,,
Sell,0.0,,,,,
Selp,0.19588154313728123,-1.04897210706065,4.441716510347476,-0.23616367785223397,0.8133056632626428,0.9989528241627993
Selplg,15.056752896590138,0.817345992550463,0.5559636105469452,1.4701429680737113,0.14152303713325357,0.9989528241627993
Sema3a,2.8036384538113563,-0.5524081027160856,1.1330753575588368,-0.48752988848528633,0.6258828673001444,0.9989528241627993
Sema3b,5.5616887397865655,0.7576172139071735,0.8569815884886746,0.8840530812841212,0.376667559164523,0.9989528241627993
Sema3c,4.9320160732398515,1.2625386690934772,0.9332787608786245,1.352799101422682,0.1761198199174766,0.9989528241627993
Sema3d,157.89345990979552,-0.12242061779475955,0.2717461485057336,-0.4504962387431099,0.652352665645494,0.9989528241627993
Sema3e,4.12277826746107,-0.7815973602265441,1.0071098586098346,-0.7760795443959044,0.43770202075135545,0.9989528241627993
Sema3f,0.7087444877451486,2.907861465558129,2.7738850172105978,1.0482992076154105,0.29450077460637347,0.9989528241627993
Sema4a,0.6460159297564868,-1.7384856604596428,2.580069004922037,-0.673813629458401,0.5004298086255017,0.9989528241627993
Sema4d,294.9505508059954,-0.38962305308435086,0.27035549454007285,-1.441150858602579,0.1495420679544389,0.9989528241627993
Sema4g,8.572140703402912,0.1222583156489589,0.6574774785215388,0.18595057571231124,0.8524835201042674,0.9989528241627993
Sema5a,40.44947542948558,-0.2517851646095593,0.3334585377828916,-0.7550718787518098,0.4502058552000954,0.9989528241627993
Sema5b,1.7353117920139987,0.6147600113749494,1.4237287153404576,0.4317957520635813,0.6658898672028398,0.9989528241627993
Sema6a,580.4539729144141,-0.28706833443638724,0.21970857871057098,-1.3065868256994706,0.19135307332718732,0.9989528241627993
Sema6c,7.697446404894907,-0.32170943041249783,0.7827069881013917,-0.4110215384595795,0.6810567414323049,0.9989528241627993
Sema6d,120.19461174786682,-0.6181706298799795,0.3232343756133784,-1.912453242966259,0.05581808440701827,0.9989528241627993
Senp3,18.94056307711688,-0.07868758075678632,0.460503499093841,-0.17087292694110762,0.8643236847290141,0.9989528241627993
Sept10,33.56025572539964,0.06922585831971169,0.3745433327792095,0.1848273677868932,0.8533644412799564,0.9989528241627993
Sept11,35.29576883577499,0.6683606173648982,0.3733269761570012,1.7902821388503727,0.07340856614621726,0.9989528241627993
Sept2,349.0243965525022,-0.111014789654475,0.19055107601664084,-0.5825985975790557,0.5601635497218123,0.9989528241627993
Sept3,5.565972797441074,0.4444321614038781,0.8132659117055847,0.5464782858927568,0.5847372098549937,0.9989528241627993
Sept4,4667.499840614143,-0.3299495490286283,0.19753883727071583,-1.6703021724100313,0.0948595935930697,0.9989528241627993
Sept5,61.934110087359294,0.07725740674882829,0.2910464989866709,0.26544695441385974,0.7906651686561208,0.9989528241627993
Sept6,9.306512062916,-0.0046216696366231744,0.6333793364106327,-0.007296843093767826,0.9941780132171597,0.9991028666102234
Sept7,1460.2472690151847,-0.4633233874367388,0.2306101406621274,-2.009119746887303,0.04452443594378546,0.9989528241627993
Sept8,608.4912153581482,-0.049214699850458024,0.21935110720392498,-0.22436494840531807,0.8224733425648194,0.9989528241627993
Sept9,15.431003094050647,-0.47823130961692184,0.5070686468111042,-0.9431293230698902,0.34561475874600567,0.9989528241627993
Serpina3a,0.0,,,,,
Serpina3c,0.6226092531475982,1.2488467591415118,2.5954548783574176,0.48116681571126674,0.6303979436376097,0.9989528241627993
Serpina3f,0.14818885007370175,-1.0489721070606506,4.441716510347476,-0.23616367785223408,0.8133056632626426,0.9989528241627993
Serpina3i,0.4240415316196933,-1.0570825176821437,3.1589422440206905,-0.3346317963498734,0.7379028563699441,0.9989528241627993
Serpina3n,63.180957614615345,3.758177786686316,1.2453202254993865,3.0178404796880636,0.0025458287639695152,0.9989528241627993
Serpinb13,0.0,,,,,
Serpinb3b,0.1689283106883104,1.3019780290833856,4.382858461404432,0.29706139053967606,0.7664196404032793,0.9989528241627993
Serpinb5,0.6251407098504521,1.1406930211677653,2.6443900468077284,0.43136337717833806,0.6662041745068672,0.9989528241627993
Serpinc1,0.6251407098504521,1.1406930211677653,2.6443900468077284,0.43136337717833806,0.6662041745068672,0.9989528241627993
Serpind1,0.8140838629953384,0.38166158936028793,2.3867125808184784,0.1599109974228251,0.8729511853147405,0.9989528241627993
Serpine1,0.7085897660573789,-0.021701327204824976,2.4099723485678695,-0.009004803402711665,0.9928153034890059,0.9989528241627993
Serpine2,100.43982802401433,0.20713498999426294,0.25511503072418634,0.8119278170567837,0.4168330517364558,0.9989528241627993
Serpinf2,0.8201618755382748,1.724618202021339,2.2773194898203957,0.7573018233631126,0.44886905876845595,0.9989528241627993
Serping1,10.56797093415041,-0.6939860738131236,0.6129257423291568,-1.1322514717295644,0.2575287259603619,0.9989528241627993
Serpini1,25.553227193514605,0.13510142361536515,0.4189172892350257,0.3225014271004915,0.7470728567939147,0.9989528241627993
Sertad1,3.3476672115043495,1.1318317606375632,1.0782904615834288,1.0496538743146362,0.2938772778967077,0.9989528241627993
Sesn1,62.56199383899599,-0.10738351115771347,0.3330567824162908,-0.3224180284774799,0.7471360281080374,0.9989528241627993
Sesn2,31.917920134015898,1.2646256773765727,0.5171523533516318,2.4453638645954396,0.014470606723408806,0.9989528241627993
Set,87.19078711833185,0.27312647132919193,0.28565436930602506,0.9561431599759224,0.33899991201340307,0.9989528241627993
Setbp1,16.224938201693714,0.1750586599443709,0.541494151248146,0.3232881824131618,0.7464770029638693,0.9989528241627993
Setd1a,94.80641198082311,0.04041429510353691,0.2592249941642727,0.15590431483596093,0.8761084441535374,0.9989528241627993
Setd1b,88.50959523352121,-0.04684397699353281,0.2604574498892096,-0.17985270535920075,0.8572682052983361,0.9989528241627993
Setd5,89.89070273739746,-0.37587759116548985,0.2647305447950422,-1.41984972477014,0.15565143508731832,0.9989528241627993
Setd6,18.936678065235863,0.6069682255112321,0.5193468937869676,1.1687144618991525,0.2425186933024679,0.9989528241627993
Setdb1,41.64602579134381,0.25614758732638027,0.34030515115690857,0.7526997062947048,0.45163038648381937,0.9989528241627993
Setx,44.23570235431049,-0.09928064439720762,0.3242086597142918,-0.30622452985894477,0.7594336968252908,0.9989528241627993
Sez6,10.394458040148487,-0.7605267668960874,0.6140228432251734,-1.2385968621320305,0.21549483073351205,0.9989528241627993
Sez6l2,51.70619177283385,0.35822302349232793,1.2312845122730776,0.2909344021805419,0.7711014896527978,0.9989528241627993
Sf1,398.13174891750486,-0.05262562667416928,0.1779059459676379,-0.2958058899489631,0.7673783246662795,0.9989528241627993
Sf3a1,160.65410783443113,0.07587119224134836,0.21924439235556917,0.34605761828699794,0.7292994135231812,0.9989528241627993
Sf3b6,112.93650071954596,0.07704964662881235,0.24271233387429214,0.31745253897446607,0.7509002467799839,0.9989528241627993
Sfpq,464.0832592565086,-0.15011571183712719,0.1819013339185875,-0.8252589940011852,0.4092245669349954,0.9989528241627993
Sfrp1,22.79797464621993,-0.6599530064531286,0.4889488921628061,-1.3497382181068178,0.17709996861561728,0.9989528241627993
Sfrp2,0.4445665502211052,-2.362048668282681,3.5439334521473507,-0.6665048032579342,0.5050884945594095,0.9989528241627993
Sfrp4,2.557693862711321,0.4225340812326924,1.2684353333912377,0.333114404896797,0.7390479262316649,0.9989528241627993
Sfxn1,21.625281669008135,-0.1384593284800402,0.4863411801882941,-0.2846958763114274,0.7758771501978785,0.9989528241627993
Sfxn3,38.95364095153867,-0.17145592441234722,0.3583004296600372,-0.4785255897544642,0.6322761653310033,0.9989528241627993
Sgca,0.0,,,,,
Sgcd,1.40654878231095,-0.33386190887665174,1.5774518509376512,-0.21164633879519132,0.8323829550267305,0.9989528241627993
Sgk1,1094.9140864195099,-0.08449470303107594,0.9334892558261387,-0.09051491755660118,0.9278780401168341,0.9989528241627993
Sgms2,11.165380151808378,0.24655675784962952,0.5854323039356217,0.4211533189954318,0.6736431291508813,0.9989528241627993
Sgo1,1.6879095799296147,0.14409357735741102,1.428306199416105,0.10088423435837275,0.919642358410799,0.9989528241627993
Sgo2a,2.065165939820274,0.5280368726964949,1.4182097875257864,0.3723263492756666,0.7096498827136344,0.9989528241627993
Sgpl1,20.769422703464038,0.46779723690112895,0.44348100641784394,1.0548303763439522,0.29150290925720057,0.9989528241627993
Sgsh,22.358679974525568,-0.16738696083063592,0.44017505716362754,-0.3802736163862476,0.7037423181463944,0.9989528241627993
Sgta,131.10002924403202,-0.06375938755929261,0.22609528009197855,-0.282002293605397,0.7779417516074795,0.9989528241627993
Sh2d1a,0.45180546587260073,0.6776671811723891,2.895116889436485,0.23407247688168215,0.8149287126992129,0.9989528241627993
Sh3bp1,9.993371714350145,0.2727487393420787,0.6367193024238113,0.428365746575926,0.6683848588551515,0.9989528241627993
Sh3bp2,47.30370930472157,0.4463899265229834,0.3456970936137186,1.2912747453462217,0.19660842461514116,0.9989528241627993
Sh3bp4,60.61025095725095,-0.9095695662424598,0.31760049028809195,-2.863879603641037,0.004184870415297956,0.9989528241627993
Sh3bp5,99.72777136573922,-0.057673891610407285,0.2424802461339581,-0.23784985593649297,0.8119975486009074,0.9989528241627993
Sh3gl1,93.7776930532301,-0.07947844871586462,0.25189409699759013,-0.31552326816386256,0.7523643871973411,0.9989528241627993
Sh3gl2,45.30148467690369,-0.15247286863519663,0.3381766951009396,-0.4508674632049563,0.6520850749719305,0.9989528241627993
Sh3gl3,114.39969599537515,-0.020375148633785364,0.2600703489202744,-0.07834475832549234,0.9375538148553937,0.9989528241627993
Sh3rf2,1.4067035039987195,1.080663103285604,1.7152044208920543,0.6300491592270768,0.5286624215208122,0.9989528241627993
Sh3tc2,10.643588339507245,0.4553436532332124,0.6727944799746057,0.676794573657024,0.49853630150912875,0.9989528241627993
Shank3,8.684999430603886,-0.30904906598404164,0.6568768972739694,-0.47048247132239124,0.6380103547079913,0.9989528241627993
Sharpin,51.19290405788212,0.13305665269325767,0.3086092087823208,0.4311493270672617,0.6663597961624406,0.9989528241627993
Shc1,13.37749456464362,0.19909057549640694,0.5596112079903451,0.3557658829089102,0.7220159011033471,0.9989528241627993
Shcbp1l,8.63148735992383,-0.5133480862907249,0.6583840446449639,-0.7797091841245177,0.4355620717349171,0.9989528241627993
She,1.7643341624982425,-0.17836199543673417,1.4456443646557113,-0.12337888888683361,0.90180707356572,0.9989528241627993
Shh,0.5955012990108577,-0.2174863416951862,2.548066353855238,-0.08535348436516507,0.9319803722512912,0.9989528241627993
Shisa3,0.0844641553441552,0.792399408974007,4.4542327259096215,0.17789807083153408,0.8588030259342062,0.9989528241627993
Shld1,6.755900576000134,0.21616996186961898,0.7328331064194805,0.294978433665197,0.7680103545221026,0.9989528241627993
Shmt1,7.836539802739402,-0.07865460659657658,0.7064726079563655,-0.11133426223573356,0.9113512869491869,0.9989528241627993
Shoc2,57.87617865477181,0.1615010270047509,0.2956651485789078,0.5462295024658584,0.5849081887457828,0.9989528241627993
Shox2,2.2681895790784417,1.2475795881585057,1.2964295979365792,0.9623195815215696,0.3358890956907433,0.9989528241627993
Shroom3,18.526659151388895,-0.277022727733642,0.4608901731482746,-0.6010601741437435,0.5477999080892273,0.9989528241627993
Shtn1,172.6565446977029,-0.35565450756405875,0.22680647250548988,-1.5680968167936657,0.11685853932388537,0.9989528241627993
Siah2,63.295995432960325,-0.4824129981836407,0.29553011695567544,-1.6323649283297734,0.10260263278008923,0.9989528241627993
Sidt1,0.9403823940257773,0.9109080558881657,1.9959795368895645,0.4563714402141014,0.6481228993857053,0.9989528241627993
Sidt2,10.64250531592032,-0.11001236810864447,0.6067177835416335,-0.18132379022494122,0.856113433629617,0.9989528241627993
Siglec1,0.0,,,,,
Siglech,15.929294745172855,-0.15578702320540375,0.5452226552137185,-0.2857310159724338,0.775084147291891,0.9989528241627993
Sigmar1,8.013834267966763,0.6526039116749852,0.6962065866959412,0.9373710679356172,0.3485677179065797,0.9989528241627993
Sim1,0.23265300541785697,-0.16790098615632193,3.9558685371806974,-0.0424435201974591,0.9661451354878905,0.9989528241627993
Sin3a,51.327604855665165,0.0030975703985329107,0.3048471976194614,0.010161059123133505,0.991892787312217,0.9989528241627993
Sin3b,37.52506266174895,0.08867383900658854,0.34537335179724116,0.2567477732290313,0.7973734896620301,0.9989528241627993
Sinhcaf,10.507165704636545,1.5319869733317348,0.6351363703979923,2.412059905137779,0.01586267497970607,0.9989528241627993
Sirpa,59.05607801139116,-0.037575225430656695,0.3035357567945621,-0.12379175958530715,0.9014801565254065,0.9989528241627993
Sirt1,34.87817160122352,0.3682850987623311,0.4065413072388447,0.9058983483465853,0.3649896586293939,0.9989528241627993
Sirt2,536.368363330107,-0.14596292126824795,0.1780791007202628,-0.8196521696138568,0.4124144240616219,0.9989528241627993
Sirt3,11.80120343487985,-0.26088426299341017,0.5741528368473381,-0.45438121393934156,0.6495544712624559,0.9989528241627993
Sirt4,29.574950271922607,0.19264111663405015,0.3882569299274609,0.4961691647591244,0.6197750643487581,0.9989528241627993
Sirt5,5.3761692668467305,0.7258085150389627,0.8246135952363057,0.8801801464732959,0.37876172691046606,0.9989528241627993
Sirt6,23.412516010971505,0.30348737585292423,0.4421658341539565,0.6863655045479018,0.4924826514763774,0.9989528241627993
Sirt7,66.40030625728468,0.04699029994172466,0.2905311059839641,0.16173930768128592,0.8715111490010706,0.9989528241627993
Six1,0.0844641553441552,0.792399408974007,4.4542327259096215,0.17789807083153408,0.8588030259342062,0.9989528241627993
Six2,0.0,,,,,
Six3,9.907299942278252,0.17769924080242647,0.6632107968485785,0.26793779842971704,0.7887471981275354,0.9989528241627993
Six6,0.0,,,,,
Ska1,0.2542528434819243,-0.16717394861669324,3.8378714626530117,-0.043559027508735436,0.9652559119888277,0.9989528241627993
Ska2,84.56912299784646,0.022842691267756517,0.259541557731026,0.08801169056490511,0.9298673844742433,0.9989528241627993
Skp1a,94.75802131997033,0.1780077265375877,0.269087527164588,0.6615235139780703,0.5082766401141997,0.9989528241627993
Skp2,10.613282926258949,0.1728275345435368,0.6090676719409515,0.2837575240084197,0.7765962079469838,0.9989528241627993
Slamf6,0.31797753821147084,-1.8662970128816079,3.6765167983591094,-0.507626407069476,0.6117153677892653,0.9989528241627993
Slamf9,2.2045617038795045,1.5077967106009185,1.4628398155958842,1.0307326164667736,0.3026662249944875,0.9989528241627993
Slc11a1,4.4148683573853065,2.075225474665781,1.0515022598665247,1.9735815640845178,0.04842934173723874,0.9989528241627993
Slc11a2,23.4234887355683,0.012566106922380377,0.44294506614689816,0.02836944777755569,0.9773674915307433,0.9989528241627993
Slc12a2,1234.420038498646,0.20968117095731134,0.20258367661197424,1.0350348777553857,0.3006526232183032,0.9989528241627993
Slc12a5,8.757322858694518,-0.20116139724929497,0.6488713782710678,-0.3100173685966763,0.756547748395117,0.9989528241627993
Slc12a7,2.261946800167831,-1.2299796139870958,1.3067036114473307,-0.9412843151361203,0.3465591784254789,0.9989528241627993
Slc13a4,1.9152091909625681,0.5726962389385636,1.4144866409047812,0.40487921368577684,0.685566298242571,0.9989528241627993
Slc14a1,9.26743646960216,-0.3642317645572999,0.6711781247862024,-0.5426752617620286,0.5873534098104856,0.9989528241627993
Slc15a1,0.422320776720776,2.292715937385947,3.5821300305139703,0.6400426332533171,0.5221448828401631,0.9989528241627993
Slc16a1,124.64542309145622,-0.0020333531545977507,0.24040951318538356,-0.008457873100178861,0.9932516740938433,0.9989528241627993
Slc16a2,7.6120513935037915,-0.20901415565829398,0.698995724932958,-0.2990206494872925,0.7649242899584788,0.9989528241627993
Slc16a3,28.217706372779855,-0.2615735197173428,0.41592469429552215,-0.6288963442297801,0.5294169195720795,0.9989528241627993
Slc16a8,1.1957860959363558,-0.99486892155307,1.7976701168832407,-0.5534212936008254,0.5799749613647118,0.9989528241627993
Slc17a2,0.0,,,,,
Slc17a6,5.181234184804811,0.6690460854910798,0.8388936180914863,0.7975338839901823,0.42514103205629405,0.9989528241627993
Slc17a7,26.975975688990932,0.15933167578048882,0.39862307889406756,0.39970509540625604,0.6893737387001282,0.9989528241627993
Slc17a8,0.0,,,,,
Slc18a2,0.0,,,,,
Slc18a3,0.0844641553441552,0.792399408974007,4.4542327259096215,0.17789807083153408,0.8588030259342062,0.9989528241627993
Slc19a1,13.989821305311823,0.6183780298857836,0.59316953307416,1.042497962902744,0.29718086943227306,0.9989528241627993
Slc19a2,8.076666025601943,1.0030734812078972,0.7412038851856949,1.353303053661943,0.17595883405552937,0.9989528241627993
Slc19a3,0.2963777001474035,-1.7783385220954793,4.057916322177916,-0.4382393279960565,0.6612128022343146,0.9989528241627993
Slc1a1,25.03076544199642,-0.7514960247995152,0.4319664804425556,-1.7397091182389828,0.08191010743613088,0.9989528241627993
Slc1a3,381.79928971689577,-0.15075543360612395,0.19481501753981714,-0.7738388729468041,0.43902608138365706,0.9989528241627993
Slc20a2,108.36095472893936,-0.1502455964027973,0.2616415141040326,-0.574242191333052,0.5658039221386173,0.9989528241627993
Slc22a18,0.9151499164757239,-0.16552957286916758,2.0146780018102146,-0.08216180090338858,0.9345180491687195,0.9989528241627993
Slc22a2,0.0,,,,,
Slc22a5,35.80254980748911,0.17447787909472778,0.3664741851865546,0.4760986889319622,0.6340040710020003,0.9989528241627993
Slc22a6,0.2803456984814365,-0.16632470026510202,3.7146320315781236,-0.04477555215460754,0.9642862120979863,0.9989528241627993
Slc22a8,1.5735155327666694,-0.010394558535654654,1.5700856212301806,-0.0066203768731481,0.9947177420926039,0.9993039126460288
Slc24a3,20.484994908098063,0.14222505272365393,0.48025100573586715,0.2961473292611409,0.7671175706439288,0.9989528241627993
Slc24a4,4.67110709423309,-0.05761811219070944,0.8662409023046186,-0.06651511379503955,0.9469677252882084,0.9989528241627993
Slc25a17,79.57672978734824,-0.06768354620223918,0.2632339553526402,-0.2571231591743824,0.7970836999846929,0.9989528241627993
Slc25a20,42.03069346934673,-0.28345992947223586,0.36994424421748173,-0.7662233806930004,0.44354339878551985,0.9989528241627993
Slc25a22,24.852350659007175,0.7684222446071073,0.42113295162522907,1.8246547595993743,0.06805314430569086,0.9989528241627993
Slc25a28,57.63746348562537,-0.24573971382109966,0.3257864275877011,-0.7542969657781308,0.45067092387330343,0.9989528241627993
Slc25a31,0.0,,,,,
Slc25a51,55.90428475333193,-0.27218064049287805,0.2956542020481884,-0.92060467467503,0.35725686070483265,0.9989528241627993
Slc26a3,0.6583656162909456,0.2233525877747239,2.283731715954884,0.09780158773218016,0.9220898466019547,0.9989528241627993
Slc26a4,0.0844641553441552,0.792399408974007,4.4542327259096215,0.17789807083153408,0.8588030259342062,0.9989528241627993
Slc26a5,0.0,,,,,
Slc2a1,82.22055172774988,0.147186519278524,0.26123625544663626,0.5634230173253665,0.5731468673232385,0.9989528241627993
Slc2a2,0.0,,,,,
Slc2a3,12.686021434814952,0.4023347028992017,0.5882053758481833,0.6840037840848379,0.49397277629728165,0.9989528241627993
Slc2a4,15.18316376259162,0.019256714443776305,0.5160116528429282,0.037318371276468,0.9702311575346847,0.9989528241627993
Slc2a5,2.1956045650895266,-0.9998779758888745,1.3507436135057613,-0.7402426085093681,0.45915279790074914,0.9989528241627993
Slc30a10,6.394514402379595,0.08953227434441013,0.7745226510012425,0.11559671525251042,0.9079721663036485,0.9989528241627993
Slc30a3,1.9806049649455097,0.6761080470919976,1.3950987961304127,0.4846309443942747,0.6279381591524412,0.9989528241627993
Slc30a8,0.14818885007370175,-1.0489721070606506,4.441716510347476,-0.23616367785223408,0.8133056632626426,0.9989528241627993
Slc31a1,14.309928031487418,0.39117719013166724,0.5368595994890469,0.7286396489956926,0.4662221184638109,0.9989528241627993
Slc32a1,33.67135454592194,-0.25232348580552694,0.37979074866278306,-0.6643750188595706,0.5064503174426596,0.9989528241627993
Slc39a5,0.0,,,,,
Slc39a8,0.5337381645139021,1.100976245755734,2.8880733798001703,0.3812147757242622,0.7030438860237965,0.9989528241627993
Slc3a1,1.260891388940102,-0.12716675292607427,1.697941574483558,-0.07489465764730628,0.9402985272005427,0.9989528241627993
Slc40a1,1.992677054157168,-0.4942190185070564,1.3915953569778374,-0.35514563628637297,0.7224804892988155,0.9989528241627993
Slc44a5,4.153505977427403,0.9022218208806253,0.9977321121391057,0.9042726097552283,0.365850866818599,0.9989528241627993
Slc45a1,2.9806452770360106,-0.7160852479111898,1.1825910552540118,-0.6055222933826268,0.544832016547266,0.9989528241627993
Slc45a2,0.0,,,,,
Slc47a1,0.19588154313728123,-1.04897210706065,4.441716510347476,-0.23616367785223397,0.8133056632626428,0.9989528241627993
Slc4a1,0.0,,,,,
Slc4a10,15.966664263025066,-0.38968305906135714,0.5209558690957375,-0.7480154887932435,0.4544508151012804,0.9989528241627993
Slc4a7,12.357381034342668,-0.4368779284259569,0.5911689254874737,-0.7390069227094616,0.45990279371093223,0.9989528241627993
Slc4a9,0.14818885007370175,-1.0489721070606506,4.441716510347476,-0.23616367785223408,0.8133056632626426,0.9989528241627993
Slc52a3,0.8766576992962308,1.9958794238292417,2.299980588816852,0.8677809862977822,0.38551424078823937,0.9989528241627993
Slc5a12,0.0,,,,,
Slc5a2,0.23265300541785697,-0.16790098615632193,3.9558685371806974,-0.0424435201974591,0.9661451354878905,0.9989528241627993
Slc5a7,2.935990781835944,-1.684134114496392,1.2520277798494115,-1.345125197380966,0.17858480734180726,0.9989528241627993
Slc6a11,60.590268803232846,-0.2673977893966063,0.3135547973278058,-0.8527944451031803,0.3937733049444372,0.9989528241627993
Slc6a14,0.19588154313728123,-1.04897210706065,4.441716510347476,-0.23616367785223397,0.8133056632626428,0.9989528241627993
Slc6a19,0.4285345485551382,-1.0628414768993322,2.943075592630831,-0.3611329180808613,0.7180000863203944,0.9989528241627993
Slc6a3,0.0844641553441552,0.792399408974007,4.4542327259096215,0.17789807083153408,0.8588030259342062,0.9989528241627993
Slc6a4,0.0,,,,,
Slc6a5,0.0844641553441552,0.792399408974007,4.4542327259096215,0.17789807083153408,0.8588030259342062,0.9989528241627993
Slc6a8,167.22558471589662,0.5708729663528723,0.26953684692768026,2.117977459705329,0.034176976676312074,0.9989528241627993
Slc6a9,47.91892480341652,-0.07813906889751236,0.3926288558921439,-0.199015094598593,0.8422509369904833,0.9989528241627993
Slc7a10,2.0142768922212353,-0.5094347190131675,1.3720478068609476,-0.37129516658656553,0.7104176975869052,0.9989528241627993
Slc8a1,240.1573719555506,-0.07833964152007108,0.24121151058710824,-0.32477571791409365,0.745350823457188,0.9989528241627993
Slc8a3,7.634848129305503,-0.06779814688924492,0.8251737447555273,-0.08216226863753567,0.9345176772283963,0.9989528241627993
Slc8b1,24.337165784757616,0.8044465899243113,0.5007209614097208,1.6065766203585463,0.10814727460639154,0.9989528241627993
Slc9a1,20.355403687013904,-0.10514069480422944,0.4442047673372357,-0.2366942062204562,0.8128940300282513,0.9989528241627993
Slc9a3,0.2533924660324656,1.6868137779272252,4.265889393319508,0.39541901404401597,0.692533678855827,0.9989528241627993
Slc9a3r1,34.729715845892095,-0.17350665918057134,0.37219399411149445,-0.46617264632323885,0.6410919271253646,0.9989528241627993
Slc9a3r2,132.98012713585317,-0.20614266288298203,0.2581279777223104,-0.798606430430206,0.424518657810823,0.9989528241627993
Slc9a4,0.0,,,,,
Slc9a8,26.43692591466952,0.11624365417471148,0.4131773198746812,0.2813408398359542,0.7784489890835126,0.9989528241627993
Slc9a9,107.62361182534725,-0.2154834201545638,0.23977827553879127,-0.8986778292168629,0.36882428957869773,0.9989528241627993
Slco1a1,0.0,,,,,
Slco3a1,50.56223674845697,-0.23772323413662544,0.38017876337791984,-0.6252933015627564,0.5317785754932047,0.9989528241627993
Slco4c1,0.16978868813776907,-1.0489721070606506,4.441716510347476,-0.23616367785223408,0.8133056632626426,0.9989528241627993
Slit1,9.94605104635139,-0.014845456694970352,0.7169230632459109,-0.020707182480302254,0.9834792394586861,0.9989528241627993
Slit2,2.6572282607937323,-0.1633321806473175,1.2467803172243603,-0.13100317545189924,0.8957727954083353,0.9989528241627993
Slit3,1.45530625015728,-2.7101491429039974,1.9530015529167155,-1.3876840696089145,0.16523326901675572,0.9989528241627993
Slitrk1,12.338273713220637,-0.2632493705368209,0.56119238721471,-0.46908934713703226,0.6390057732594718,0.9989528241627993
Slitrk3,23.6370300202757,-0.46637665302548326,0.4651973446751422,-1.0025350711130232,0.31608523691895907,0.9989528241627993
Slk,244.565742243753,-0.10580221188372334,0.19694064820433704,-0.5372289207352845,0.5911094965448385,0.9989528241627993
Slurp2,0.0,,,,,
Smad1,55.43293499018197,-0.1510536867724211,0.29594483035183966,-0.5104116419024384,0.6097631024423215,0.9989528241627993
Smad2,47.57725228289406,0.11589704727379495,0.35566700580033367,0.325858303929541,0.7445315639095673,0.9989528241627993
Smad3,8.363890393750346,0.9826437762110296,0.7811391285188528,1.2579625579303104,0.2084052975599351,0.9989528241627993
Smad4,150.6881182859651,0.006514883549642405,0.2198717750524357,0.02963037683253667,0.9763618387354644,0.9989528241627993
Smad5,77.24802086371993,-0.09180852712103242,0.2770405511774544,-0.3313902124827415,0.7403497569438124,0.9989528241627993
Smad6,2.9870734908835694,-0.8706099101030181,1.15563941894045,-0.7533577479567445,0.45123496558939824,0.9989528241627993
Smad7,147.03414876450375,-0.5285446572288108,0.2496201940151508,-2.1173954267367114,0.03422630201182027,0.9989528241627993
Smad9,12.791402700797782,0.5075490106881462,0.5492643069289673,0.9240524175436436,0.35545902532249496,0.9989528241627993
Smap1,67.15779849779967,-0.011145679559809723,0.29202464506708464,-0.03816691415633537,0.9695546003438473,0.9989528241627993
Smap2,57.98876969494717,-0.15978797274748635,0.29558539306944726,-0.5405814241637591,0.5887961243573707,0.9989528241627993
Smarca1,10.966239098826035,-0.09748008892518029,0.6333794644710391,-0.15390471967162664,0.8776848626856786,0.9989528241627993
Smarca2,68.99743023838529,0.0999410093634888,0.29073342324311563,0.34375479863530056,0.7310306962839737,0.9989528241627993
Smarca4,135.35065264558173,-0.1683621029694848,0.22322897943952696,-0.7542125730816878,0.4507215890782207,0.9989528241627993
Smarca5,140.26045560498974,-0.12538381607712315,0.22778210356497713,-0.5504550801610986,0.5820072787572592,0.9989528241627993
Smarcb1,67.50360215653535,0.1586556551990448,0.27645576363514685,0.5738916530907671,0.5660411217518716,0.9989528241627993
Smarcc1,85.72093234510005,0.20196481468582203,0.2589043715933847,0.7800749498467815,0.43534676022724006,0.9989528241627993
Smarcc2,211.39819624146025,0.005504023751247574,0.2052811326974386,0.026812126759646674,0.9786095809404537,0.9989528241627993
Smarcd1,85.28131872773524,-0.0638285580224969,0.25779295166836413,-0.24759621087161718,0.8044468427475975,0.9989528241627993
Smarcd2,26.36330226577016,0.24464235756383526,0.41175394775627583,0.5941469630028738,0.5524138224261088,0.9989528241627993
Smarcd3,86.98956820809747,-0.14364834019236394,0.26380176036088876,-0.5445313935579834,0.5860758512270785,0.9989528241627993
Smarce1,37.005965282326585,-0.3149390207539345,0.35318425692005656,-0.8917130777582227,0.37254674205242067,0.9989528241627993
Smc1a,100.79592616132919,-0.1564180324061579,0.26123327292704984,-0.5987676479857835,0.5493278390273413,0.9989528241627993
Smc3,91.87499341748695,-0.10646920907739808,0.26482584778700097,-0.4020348087888728,0.687658408932338,0.9989528241627993
Smc5,120.29803090124943,-0.2966953370674356,0.2380472388666783,-1.2463716801756477,0.2126279732112184,0.9989528241627993
Smcp,0.0,,,,,
Smdt1,224.45198011660997,0.09611896125134543,0.19778483007787787,0.4859774190644376,0.6269831760794903,0.9989528241627993
Smg9,59.45991451490166,-0.2050178206834867,0.293276927736015,-0.699058811977285,0.4845152773499146,0.9989528241627993
Smgc,0.0,,,,,
Smim7,67.78628433926515,-0.38046155375016016,0.28191201885011813,-1.3495754998386114,0.17715218739138416,0.9989528241627993
Smn1,35.47401320267104,0.1304102207448672,0.3489516771788415,0.3737199998555403,0.7086126440466365,0.9989528241627993
Smo,6.518636931164245,-0.12420917585413914,0.7577372670562974,-0.16392116536207108,0.8697932049230979,0.9989528241627993
Smoc1,22.44624913105956,0.2945687170602261,0.5013082001503654,0.587600037206396,0.5568007860651663,0.9989528241627993
Smoc2,0.4885769281531765,1.0392938292721954,2.7772980054445404,0.3742104114267866,0.7082477786055369,0.9989528241627993
Smpd1,153.01882412595845,0.13788544028520014,0.2321196922482164,0.5940273268058308,0.5524938358425148,0.9989528241627993
Smpd3,4.71246555400323,1.6320799056670838,0.9820570430614832,1.6618992931196817,0.096532968460573,0.9989528241627993
Smpd4,17.63990460997013,0.011629752452628341,0.48377970972921946,0.02403935555531614,0.9808212165750444,0.9989528241627993
Smtn,23.437781845526505,0.3047020151242705,0.43005509645067475,0.7085185541086091,0.47862329422664374,0.9989528241627993
Smurf1,84.18525158383183,-0.2141475344315667,0.2869632858758479,-0.7462541202020376,0.45551392076697717,0.9989528241627993
Smurf2,133.10383156681428,-0.2168474459209163,0.26521940736005867,-0.8176153022864079,0.4135768870235871,0.9989528241627993
Smyd2,38.627429717478094,-0.07797866560041426,0.3892950628740898,-0.20030735818921752,0.8412402081650598,0.9989528241627993
Smyd3,54.93688163816616,-0.2815853233699862,0.30588481130858003,-0.9205600048114837,0.35728019144486833,0.9989528241627993
Snai1,0.0844641553441552,0.792399408974007,4.4542327259096215,0.17789807083153408,0.8588030259342062,0.9989528241627993
Snai2,0.7124268028766569,-0.15005753416765294,2.3024078592432993,-0.06517417562020061,0.948035322272301,0.9989528241627993
Snai3,0.2838922543215187,1.045824023199335,4.202006087173883,0.24888684154732346,0.8034483140148623,0.9989528241627993
Snap25,112.66169613158569,0.22262343252590897,0.24572905863750605,0.9059711283650747,0.3649511342520587,0.9989528241627993
Snap29,34.060844509044145,-0.019971170157898628,0.38281792005651366,-0.05216884871781963,0.9583941542424355,0.9989528241627993
Snap91,13.995934738863525,0.03152367379507321,0.5315420381494589,0.05930607841445909,0.9527083197640966,0.9989528241627993
Snapin,275.36853547248023,-0.30437724200977995,0.19541014753217112,-1.557632732249328,0.11932033479799406,0.9989528241627993
Sncb,36.22084802984087,0.14416180226926917,0.35957472479087305,0.40092306919823967,0.6884767647289596,0.9989528241627993
Sncg,6.6901393028802225,0.0507683056904833,0.782821428068,0.06485298418028651,0.9482910549296748,0.9989528241627993
Snf8,103.88660077809368,0.24721366839182254,0.24288901171992663,1.0178050733595254,0.3087706005358436,0.9989528241627993
Snph,15.659597331707234,0.533941596201405,0.5076495826203398,1.0517916580278734,0.29289514716762854,0.9989528241627993
Snrk,41.416261232302595,0.054716969011068074,0.3440136626199963,0.15905463926736374,0.8736258257952082,0.9989528241627993
Snrpa,141.97703227944044,0.057357102317497695,0.22700144136306644,0.25267285517258303,0.800521025792378,0.9989528241627993
Snrpd1,14.884201053512905,-0.7139409908118348,0.5267035039452933,-1.355489351151135,0.1752616990934498,0.9989528241627993
Snrpn,154.18556347517972,0.08735158781412947,0.22435566284239078,0.3893442523690329,0.6970215050085284,0.9989528241627993
Snta1,17.018994639952044,-0.05797718695420258,0.48683193919209494,-0.11909076271868399,0.9052034489442528,0.9989528241627993
Sntb1,2.994772907034379,0.6950728480055406,1.161962788620742,0.5981885606083797,0.5497141234694716,0.9989528241627993
Sntn,4.827636756333587,-0.08646261306192772,0.9412812618827239,-0.09185629902903589,0.9268122129311005,0.9989528241627993
Snu13,15.785191221944112,-0.037902199325354186,0.5078349374772243,-0.074634879422911,0.940505221738875,0.9989528241627993
Snx27,63.964610472536016,0.09623941538845925,0.29154535775897766,0.3301010042767375,0.7413236444225502,0.9989528241627993
Snx30,182.4729846132187,-0.07947084438989314,0.20864731176094933,-0.3808860211002584,0.7032878256080816,0.9989528241627993
Snx4,30.763570629809607,0.22160037990853404,0.3774437551287402,0.587108348985532,0.5571309406503981,0.9989528241627993
Snx5,220.99724773970368,0.021949510136511263,0.19478268134188717,0.11268717519082184,0.9102785691966652,0.9989528241627993
Snx6,409.69382844404595,-0.15407005528472123,0.19535418402315838,-0.7886703632948906,0.4303046939599491,0.9989528241627993
Socs1,0.0,,,,,
Socs2,2.763995378203209,0.8185077872059252,1.1437699427490624,0.7156227459856426,0.4742243246761212,0.9989528241627993
Socs3,2.2989480022939524,0.5587614118821982,1.371697452560736,0.407350331400763,0.6837507011411386,0.9989528241627993
Socs6,22.70930894775124,0.16651675494823348,0.4397773329305392,0.3786387848564583,0.7049561167780418,0.9989528241627993
Sod1,290.7732623752391,0.19995159537010115,0.18826581006503484,1.0620706717859687,0.28820360318014215,0.9989528241627993
Sod2,178.35559651769458,-0.1226337348545367,0.21115687235239394,-0.580770748725036,0.5613949719833612,0.9989528241627993
Sohlh2,0.0,,,,,
Sorbs1,190.87351089766693,0.22297550096169333,0.21535039687343954,1.0354078942920872,0.30047846054931804,0.9989528241627993
Sorcs3,11.2682240253281,0.8907357386240525,0.7602164044100885,1.1716870794379188,0.24132271232248959,0.9989528241627993
Sorl1,41.838257038235675,-0.07060376680463645,0.34191672323330496,-0.20649404374544256,0.8364050168934486,0.9989528241627993
Sort1,360.93283351672585,0.2222175963826687,0.19380182641287866,1.1466228182455442,0.2515375416343786,0.9989528241627993
Sos1,115.60708526725539,-0.12844466068184124,0.24689803292067092,-0.5202336331416253,0.6029007461854161,0.9989528241627993
Sost,0.23265300541785697,-0.16790098615632193,3.9558685371806974,-0.0424435201974591,0.9661451354878905,0.9989528241627993
Sostdc1,4.4726940943929545,0.0840590919642933,0.8919098247810268,0.09424617784082678,0.9249136033796428,0.9989528241627993
Sox1,11.78131656680182,0.06140102643972084,0.6398246170017439,0.09596540178064686,0.9235480510813836,0.9989528241627993
Sox10,420.5860580286101,-0.1897996705025338,0.18048330575261518,-1.0516189833240774,0.29297439468663133,0.9989528241627993
Sox11,25.49707579490334,0.05502461554200837,0.5643329760144586,0.09750381048191413,0.9223263083241257,0.9989528241627993
Sox13,2.9153563672635827,-0.15451555769376107,1.1545288217479643,-0.13383430087074266,0.8935336030081199,0.9989528241627993
Sox14,0.0,,,,,
Sox17,1.076290195606886,0.9856563667876349,2.056675151729524,0.4792474718035879,0.6317625861404994,0.9989528241627993
Sox18,1.3529327983922037,0.47757586852338646,1.9686319600045659,0.24259276402394628,0.8083208872698049,0.9989528241627993
Sox2,82.32977126849718,0.358749470438835,0.288064098103511,1.2453807079767516,0.21299184129866033,0.9989528241627993
Sox21,37.57636470994998,-0.43691748205972175,0.37165934844579485,-1.175585879614823,0.23976040082738603,0.9989528241627993
Sox3,7.499788028709908,0.33433957722514257,0.7930986297593274,0.4215611585744396,0.6733453620653591,0.9989528241627993
Sox30,0.4536809424592878,0.053694472616034314,3.1920212135383603,0.016821464841242053,0.9865790458520236,0.9989528241627993
Sox4,29.74286577705732,-0.10508157985916482,0.4718628852140075,-0.2226951581739818,0.8237727699612937,0.9989528241627993
Sox5,16.006849796589453,-0.32265677897700107,0.4996330015279817,-0.6457875640525135,0.5184169428695595,0.9989528241627993
Sox6,39.65062677081689,-0.5693774285653134,0.34513489605360037,-1.6497243109166437,0.0989993355399275,0.9989528241627993
Sox8,293.6655907233554,-0.7354002366542545,0.28603548785679384,-2.5710104790299275,0.010140225861697346,0.9989528241627993
Sox9,167.22811688642867,-0.028897058573026997,0.2395743416008939,-0.12061833658784092,0.903993344388734,0.9989528241627993
Sp1,62.00227746417192,0.15210300245141434,0.29444153783945654,0.5165813341674234,0.6054484485172171,0.9989528241627993
Sp3,115.70831395517489,0.2955498632975058,0.24132238345125964,1.224709697752503,0.22068461893819746,0.9989528241627993
Sp5,0.0844641553441552,0.792399408974007,4.4542327259096215,0.17789807083153408,0.8588030259342062,0.9989528241627993
Sp7,0.7681119248306764,-2.0487590333142265,2.313720859506429,-0.8854823713484931,0.375896523364592,0.9989528241627993
Sp8,2.398675348232781,0.8121398128340919,1.3049118692944273,0.6223713891676225,0.5336976890000813,0.9989528241627993
Sp9,0.3808418554915587,-0.9059678798235495,3.272217583421071,-0.2768666376018825,0.7818825108683987,0.9989528241627993
Spaca6,4.7991364248423505,0.17185606620365723,0.9087451652940811,0.18911359616206871,0.8500037855667296,0.9989528241627993
Spaca9,2.7677852711374,-0.0669420457465035,1.168278075558959,-0.05729975349787788,0.9543064167123465,0.9989528241627993
Spag9,178.96597852632837,0.04096203427144542,0.22555263302465764,0.18160743114431924,0.8558908166243027,0.9989528241627993
Spast,190.03549868329807,-0.21082240133766528,0.2074487849793923,-1.016262405964962,0.30950444573676483,0.9989528241627993
Spata25,0.0,,,,,
Spata4,0.0,,,,,
Spatc1l,0.0,,,,,
Spdef,0.7636660517803188,1.4113178806858857,2.6499390417292124,0.5325850362825453,0.5943208627337138,0.9989528241627993
Spdl1,0.5506305436293278,-1.538378819039096,2.691459430561076,-0.5715779333587789,0.5676079485537738,0.9989528241627993
Spdye4a,0.0,,,,,
Speg,6.537550590837689,-0.44399019665030387,0.749230182795083,-0.5925951821561047,0.5534521041645919,0.9989528241627993
Sphk1,0.43208110439522046,0.05616018437093,3.238048031530516,0.01734383919696984,0.9861623122327801,0.9989528241627993
Sphk2,44.43267330115061,0.007248121966869269,0.3185070984344691,0.022756547664072,0.9818444689804645,0.9989528241627993
Spi1,7.3831829102832005,1.293588289861474,0.7531678048740911,1.7175299866644278,0.08588238031429919,0.9989528241627993
Spib,0.19588154313728123,-1.04897210706065,4.441716510347476,-0.23616367785223397,0.8133056632626428,0.9989528241627993
Spink1,0.17145976739116434,1.0513301897027478,4.415151725658759,0.23811870011010441,0.811789031237038,0.9989528241627993
Spink12,0.14818885007370175,-1.0489721070606506,4.441716510347476,-0.23616367785223408,0.8133056632626426,0.9989528241627993
Spink8,1.1632858076538952,1.1243086804807614,1.9330651241680872,0.5816196601056668,0.5608228973306287,0.9989528241627993
Spn,0.6512335648499642,1.1352198765750519,2.6168801839431235,0.43380659288133666,0.6644288936436143,0.9989528241627993
Spo11,0.31797753821147084,-1.8662970128816079,3.6765167983591094,-0.507626407069476,0.6117153677892653,0.9989528241627993
Spock3,323.2742196451455,0.11611020496991431,0.24366566579444926,0.4765144264020447,0.6337079320866461,0.9989528241627993
Spon1,12.005243578072216,-0.5321340213254527,0.5989175410319464,-0.8884929641709535,0.37427563881938375,0.9989528241627993
Spop,165.16097723774382,0.0692395512150851,0.21412752346403566,0.32335661523080383,0.7464251821199783,0.9989528241627993
Spopl,36.48586432529096,-0.20750864348985043,0.353383267221382,-0.5872056283860596,0.5570656127481486,0.9989528241627993
Spred1,388.1973904540009,0.11112218878340625,0.18785097532299447,0.5915443802851739,0.5541557281788604,0.9989528241627993
Sprr2d,0.0,,,,,
Sprr2f,0.6522486639871926,2.6661002502808597,3.0167594673713274,0.8837629513114558,0.3768241898887883,0.9989528241627993
Spry1,8.83301814357299,0.6001476126896448,0.6759696983159379,0.887832123517976,0.3746310605409625,0.9989528241627993
Spry2,69.69665318973713,0.6078836867836734,0.31595485019965464,1.9239574464501699,0.05435991759306065,0.9989528241627993
Spry4,4.44298136597937,1.8615014422230989,1.1106713539656103,1.6760146334707182,0.09373532631728114,0.9989528241627993
Spsb1,102.93287271628522,-0.4382471854603892,0.30482975135668505,-1.4376785189434833,0.15052529076844431,0.9989528241627993
Spsb2,27.954891170120618,0.38605208831240667,0.4297216539134936,0.8983770885097683,0.36898454698385097,0.9989528241627993
Spta1,0.0844641553441552,0.792399408974007,4.4542327259096215,0.17789807083153408,0.8588030259342062,0.9989528241627993
Sptan1,376.63313275096993,0.10405066834641434,0.19148893585087498,0.5433769208861521,0.5868703127084374,0.9989528241627993
Sptb,9.946071904552236,-0.015226687369040984,0.6741031288251257,-0.022588068083260682,0.9819788616910256,0.9989528241627993
Sptbn2,7.8061650378570695,-0.29569814355463886,0.6987816025388499,-0.4231624623205489,0.6721767322683265,0.9989528241627993
Sptlc2,99.13248450598466,0.019654893821361034,0.2711728791828961,0.07248104559934451,0.9422190892105498,0.9989528241627993
Sqstm1,304.1758946291318,0.22295493845625963,0.2302313984381867,0.9683950146188219,0.33284712832894525,0.9989528241627993
Sra1,31.293745701692274,-0.2856135587045499,0.3755880259311998,-0.7604437281950746,0.44698939337578936,0.9989528241627993
Src,3.49601078326582,1.6411730232088326,1.0769770898899749,1.5238699491523044,0.12754120161104457,0.9989528241627993
Srd5a3,36.38316227253329,0.03853110418522185,0.35139443109424917,0.10965200576809152,0.9126853646499746,0.9989528241627993
Srebf1,87.14791888105832,-0.2387503797098399,0.30807386434494655,-0.774977715871782,0.43835282745276327,0.9989528241627993
Srebf2,151.9214011739837,-0.4027892146921625,0.2432489591243916,-1.6558723052384612,0.09774768119380733,0.9989528241627993
Srf,21.44867517292937,0.3338965713389693,0.4680929604056721,0.7133125246096379,0.4756523889766118,0.9989528241627993
Srgap1,70.6160151777787,-0.1850620889941175,0.3454234931581372,-0.5357542050835403,0.5921284358374521,0.9989528241627993
Srp72,21.54514500982779,0.34272911752570817,0.46318022943515713,0.7399476396988324,0.45933176605362325,0.9989528241627993
Srpx2,0.6863339478771447,-0.08516153979605838,2.327518888192424,-0.036588979031743,0.9708127311061365,0.9989528241627993
Srr,30.144923973683884,0.07173300564524501,0.4043645670797329,0.17739686284406972,0.8591966713269247,0.9989528241627993
Srrm1,240.33503733839632,0.13308681067439657,0.21146323880630272,0.6293614503668044,0.5291124495330222,0.9989528241627993
Srrm4,6.866923569575378,0.7205486573854432,0.7540479413853818,0.9555740661019619,0.3392874690426737,0.9989528241627993
Srsf1,245.8889964508071,0.28652678865923165,0.2322485203901089,1.2337077031877373,0.21731184244338186,0.9989528241627993
Srsf2,252.46913235579834,-0.044515527167124334,0.22962295218747047,-0.19386357828367543,0.8462827029335119,0.9989528241627993
Srsf4,98.74012396290304,0.10653184296600697,0.2530040795509643,0.4210676885332497,0.6737056551655831,0.9989528241627993
Sry,0.19588154313728123,-1.04897210706065,4.441716510347476,-0.23616367785223397,0.8133056632626428,0.9989528241627993
Ss18l1,46.404724691207655,-0.08811911010475675,0.3395529983311533,-0.25951504047335044,0.7952378788150052,0.9989528241627993
Ssbp2,36.6047500448178,0.17385281700210212,0.3698542523434947,0.470057640004203,0.6383138371844468,0.9989528241627993
Ssr2,33.24946332103139,-0.20145562070171996,0.37096889401094707,-0.5430525953903163,0.5870935901511342,0.9989528241627993
Ssrp1,53.431087493394166,0.726016360113957,0.3156407485680565,2.300135085243652,0.02144056810255983,0.9989528241627993
Sst,60.79009964732364,0.03497470425750431,1.0593960997845169,0.03301381255284802,0.9736635728215979,0.9989528241627993
Sstr1,1.8890087581603732,0.8783190894331764,1.4301014146089892,0.6141655972512423,0.5391059044959241,0.9989528241627993
Sstr2,0.6988193937030296,-1.9355537987668459,2.5034925891195505,-0.7731414133914244,0.4394386942011438,0.9989528241627993
Sstr3,1.153311037966254,0.5828737139064262,1.840384984183559,0.3167129263255773,0.7514614395689792,0.9989528241627993
Sstr4,1.52049762680693,-1.0008731094351961,1.6794653886894062,-0.5959474462383778,0.5512103355597773,0.9989528241627993
St6galnac5,5.078275209133701,1.2122252146512242,0.8977958042166864,1.3502237468227787,0.17694422319391,0.9989528241627993
Stab1,3.0050878333467383,-0.486862996560724,1.1081266483033,-0.43935681657523595,0.6604030115193599,0.9989528241627993
Stac,0.0844641553441552,0.792399408974007,4.4542327259096215,0.17789807083153408,0.8588030259342062,0.9989528241627993
Stag2,157.04370995121454,-0.13747052016379274,0.2469542649739787,-0.5566638834047991,0.5777570974337323,0.9989528241627993
Stam2,72.52172830082549,0.04957089198771859,0.28353979860942874,0.17482869153053768,0.8612142429479116,0.9989528241627993
Star,4.04669100254067,0.23750039765843045,0.9388231212183052,0.25297672403959076,0.8002861998177182,0.9989528241627993
Stat1,44.2967105297088,-0.3833773477049617,0.37804917194441706,-1.0140938696761066,0.3105379629407041,0.9989528241627993
Stat2,32.898049607922694,-0.14300831639459932,0.38176762336987113,-0.3745951925735918,0.707961548905406,0.9989528241627993
Stat3,112.55933088740592,-0.1810802429488694,0.24145297959704498,-0.7499606890379644,0.4532783811070821,0.9989528241627993
Stat4,0.3196486174648661,0.06937732929185016,3.5282803147375463,0.01966321354968953,0.9843120364369622,0.9989528241627993
Stat5a,14.333083858082729,-0.08757383493573284,0.5306799067020556,-0.1650219535915088,0.8689267024825751,0.9989528241627993
Stat5b,37.034247696008656,-0.11799522803302351,0.3736792304951868,-0.315766086000178,0.7521800614825999,0.9989528241627993
Stat6,1.8602297247702377,-0.1899204883287671,1.3515107470948138,-0.1405245860878407,0.8882455283324169,0.9989528241627993
Stau2,25.779944555376684,-0.015704792612790945,0.400080409010941,-0.03925409057548095,0.9686878087950228,0.9989528241627993
Steap1,4.800023165612286,0.06064738849897588,0.8875369687948516,0.06833223925458155,0.9455211608834639,0.9989528241627993
Stim1,52.91906628807386,-0.2862204764186727,0.30891927810545805,-0.9265218997467795,0.3541748214881817,0.9989528241627993
Stim2,61.68634456920739,-0.2873000770357619,0.3004976082982184,-0.9560810771932697,0.33903127417602363,0.9989528241627993
Stimate,37.13821348992004,-0.2890358668183381,0.36222796116942413,-0.797939137236145,0.4249058102218948,0.9989528241627993
Stip1,229.2102817881644,0.1859205819535239,0.218078649248212,0.8525391302378872,0.39391493039072445,0.9989528241627993
Stk11,53.77891555508702,0.19051133144871,0.3106208988007925,0.6133242553357261,0.5396619584600547,0.9989528241627993
Stk3,46.482236033723346,-0.13875034802035818,0.31941728078837917,-0.4343858531319828,0.6640082690517204,0.9989528241627993
Stk32a,2.314857128324888,-0.4654809778095472,1.2368665499561087,-0.37633888460001225,0.7066649747648299,0.9989528241627993
Stk38,26.901431078749635,-0.2697450614571271,0.42016158036730816,-0.6420031579786855,0.5208711325528794,0.9989528241627993
Stk38l,41.01688805328659,0.38768180303403466,0.3282761221081117,1.1809625401458799,0.23761760482250605,0.9989528241627993
Stk39,307.3496004068368,-0.05615124238537759,0.19192907184155247,-0.292562465115933,0.7698566074652267,0.9989528241627993
Stk4,49.68347599758996,0.0355316856458209,0.32558405786340944,0.10913214203112892,0.9130976814789749,0.9989528241627993
Stmn2,46.12707950575098,0.3780741488454202,0.3498268938945911,1.0807463789771992,0.2798099463501107,0.9989528241627993
Stmn4,2606.2352136561863,-0.44851848470899286,0.25855015948923926,-1.7347445679207172,0.08278605845038235,0.9989528241627993
Stom,11.646591736106371,0.8900796647560427,0.5812803844197831,1.5312398088996138,0.12571013547242393,0.9989528241627993
Stoml3,2.2162364479014527,-0.39660560001954576,1.2728233531142197,-0.3115951628709278,0.755348210819388,0.9989528241627993
Stra6l,0.0,,,,,
Stra8,0.16978868813776907,-1.0489721070606506,4.441716510347476,-0.23616367785223408,0.8133056632626426,0.9989528241627993
Strn3,292.61429549709806,-0.1230994056733881,0.18868888933834757,-0.6523935039580012,0.5141473538918595,0.9989528241627993
Stub1,62.561065113451384,-0.01223241714716105,0.27865324426660953,-0.04389834821179161,0.9649854319693558,0.9989528241627993
Stx1a,12.95526798608505,-0.4212463827547425,0.5498340510525362,-0.7661336760580016,0.4435967670525258,0.9989528241627993
Stx8,45.829902832265105,0.06045132148684281,0.33894152601392236,0.17835324634833832,0.8584455645430061,0.9989528241627993
Stxbp1,175.10510740294941,-0.07278932309515977,0.207704334974789,-0.35044681712586734,0.7260033962521859,0.9989528241627993
Stxbp4,31.929978811196687,-0.09673762160026063,0.38898434002597065,-0.24869284350573576,0.8035983850151133,0.9989528241627993
Stxbp5l,20.3937543901763,0.6822588508020399,0.4725382398663028,1.4438172262949007,0.14879039504274222,0.9989528241627993
Sucnr1,0.0,,,,,
Sufu,71.06138706189908,-0.2621346860660589,0.301743327636412,-0.868733993620963,0.38499264356264173,0.9989528241627993
Sulf1,8.682386452202774,0.03429537183991846,0.6516993551772893,0.052624529343885416,0.9580310724563476,0.9989528241627993
Sulf2,126.9807419996145,0.3093438915185519,0.29804448152787805,1.037911824210766,0.29931110812424244,0.9989528241627993
Sult1a1,13.461672784408949,1.1778259040247903,0.6378468185675964,1.8465654601363652,0.06481014396830688,0.9989528241627993
Sult2a8,0.19588154313728123,-1.04897210706065,4.441716510347476,-0.23616367785223397,0.8133056632626428,0.9989528241627993
Sumf1,12.8957530106278,0.40769383321598396,0.5647968856081913,0.7218415037415907,0.4703919290257388,0.9989528241627993
Sumo1,103.79208942191345,0.1454497911227291,0.24717235390722525,0.5884549336667436,0.5562269746322788,0.9989528241627993
Sumo3,77.67155557041109,-0.11690097324485174,0.26367687404649426,-0.4433493595810702,0.657513058600105,0.9989528241627993
Sun1,62.34268749803315,0.11313106654138436,0.32320037238157084,0.3500338372377296,0.7263133036054896,0.9989528241627993
Supt16,57.53727288122172,-0.012816295946979658,0.29231196421955025,-0.043844582212699205,0.9650282897657532,0.9989528241627993
Supt20,37.66741135364156,-0.029835319133810625,0.3423014874155496,-0.08716093920325543,0.930543587151856,0.9989528241627993
Supt3,24.87428079280754,0.5955381904191882,0.45386062607674643,1.3121609503056662,0.18946583441723186,0.9989528241627993
Supt5,105.93411144284346,0.19424123769734422,0.24553332223979069,0.7910992932667851,0.42888605156624726,0.9989528241627993
Supt6,126.62695028569259,0.00329573037331412,0.22705068782349716,0.014515394799755586,0.988418797283584,0.9989528241627993
Suv39h1,20.034469165421125,0.016908743688721833,0.48785831863533824,0.03465912754346348,0.9723515528260944,0.9989528241627993
Suz12,82.73391148642297,-0.037597129556988816,0.26060127873743505,-0.14427070250437737,0.8852867122651914,0.9989528241627993
Sv2a,367.1504887463722,-0.019632362532678648,0.2192302087817027,-0.0895513562742052,0.928643741087562,0.9989528241627993
Sv2c,9.530180858471324,0.5295129933024856,0.6960425592767363,0.7607480120938395,0.4468075916362687,0.9989528241627993
Svil,33.12395429202889,-0.5435914624515465,0.4188658858754197,-1.2977697176638137,0.1943664784345982,0.9989528241627993
Syce2,6.513706224481306,1.0617979290761055,0.8055011179430698,1.3181830607355531,0.18744237462337832,0.9989528241627993
Sycp1,0.14818885007370175,-1.0489721070606506,4.441716510347476,-0.23616367785223408,0.8133056632626426,0.9989528241627993
Sycp3,0.0844641553441552,0.792399408974007,4.4542327259096215,0.17789807083153408,0.8588030259342062,0.9989528241627993
Syk,4.15841416914534,0.3424860370438942,0.9824517196256758,0.34860342773320696,0.7273870540293672,0.9989528241627993
Syn1,73.2011345556018,0.007810239925587487,0.28342245241706315,0.027556884992634686,0.9780155693855852,0.9989528241627993
Syn2,40.2595852194886,0.3675010969498659,0.34220090392421026,1.0739337410729313,0.282852379453303,0.9989528241627993
Syn3,11.21863245475842,-0.24276450072819875,0.5894935719157716,-0.41181874119381506,0.6804722837504147,0.9989528241627993
Syncrip,70.3736844770518,0.3962765734038699,0.30195877459591763,1.3123532307818135,0.18940097938978662,0.9989528241627993
Syne1,53.236818948608295,-0.4167858688262854,0.3433256780830343,-1.213966491389218,0.22476052016602854,0.9989528241627993
Syne4,6.169793084718528,0.6489659502598528,0.8054782202457206,0.805690252011877,0.4204214715728648,0.9989528241627993
Syngr3,25.003063074464663,-0.5504557078051585,0.43334598630085697,-1.2702453125364737,0.2039972615518928,0.9989528241627993
Synj2bp,18.454745527343835,0.2601316072505558,0.4727197792460706,0.5502871228816222,0.5821224550724794,0.9989528241627993
Synpo,17.281804555642225,-0.13738394128554407,0.5014272504921015,-0.27398578986426303,0.78409554200837,0.9989528241627993
Synpo2,15.478440369563861,0.6970670475492795,0.5479625862564793,1.2721070106472752,0.20333510061571225,0.9989528241627993
Syp,66.84774467979572,0.030135565879572262,0.29768790567670833,0.10123207999017518,0.9193662313675643,0.9989528241627993
Sypl2,4.258866133242202,0.9987621851990779,0.9548545957727606,1.0459835346875856,0.2955686344188466,0.9989528241627993
Syt2,3.7320556228359894,1.0955115852220392,1.0030728760939978,1.0921555266133813,0.27476474659811034,0.9989528241627993
Syt4,13.863875005773215,1.1475454981855315,0.5973318655842578,1.921118835780011,0.05471672748035319,0.9989528241627993
Syt6,2.0587974462981427,0.5405461289408698,1.3139117728959933,0.4114021505031894,0.6807776772917318,0.9989528241627993
Syt9,5.777731620556554,-0.12590139436742512,0.7884266600247712,-0.15968688116592794,0.8731277355961025,0.9989528241627993
Sytl5,43.850313478445685,-0.568086902479613,0.38663439024209456,-1.469312913742361,0.14174793575454375,0.9989528241627993
Szt2,12.817592976924736,-0.7432566158484127,0.559047169076031,-1.3295060899366238,0.18368105796192158,0.9989528241627993
T,0.3387169988260795,0.3592262609524192,3.418116909223116,0.10509478478723704,0.9163005975252669,0.9989528241627993
Taar5,0.0,,,,,
Tab1,15.505657246074838,-0.16861299620671608,0.5226661452440895,-0.32260171763750334,0.7469968927416222,0.9989528241627993
Tac1,48.06613078650468,-0.5197032989272705,0.3505842743831587,-1.4823919294203114,0.13823604015503183,0.9989528241627993
Tac2,0.42318115417023466,0.7685988654393033,3.1307485069413477,0.2455000341724039,0.8060692817158316,0.9989528241627993
Tacr1,0.9317150226228267,-3.3716414496693248,2.736107932210565,-1.232276479292722,0.2178458228630904,0.9989528241627993
Tacr2,0.0,,,,,
Tacr3,0.6756553405960811,-1.0034363020326478,2.7345579196995606,-0.36694644308096896,0.71365896761672,0.9989528241627993
Tacstd2,0.48943730560263515,-0.788470236367288,2.801241099490008,-0.28147175068609276,0.7783485922715461,0.9989528241627993
Taf11,30.551693280987802,-0.015039616296823896,0.38969392507736605,-0.03859340710491721,0.9692145587465911,0.9989528241627993
Taf12,51.77499059877534,-0.08147226188445755,0.32958747393855464,-0.24719465491472684,0.8047575817328906,0.9989528241627993
Taf15,98.54071064976917,0.4105750008724263,0.24949806337111133,1.6456039591045806,0.09984532350976501,0.9989528241627993
Taf4,70.30595084618314,-0.14718608556649704,0.29473056452391116,-0.49939199826204655,0.6175032551665881,0.9989528241627993
Taf5l,44.625286587933545,0.3913569462219784,0.3417996731896902,1.1449892346877266,0.25221361685256605,0.9989528241627993
Taf6l,0.8813551135649673,0.6466345927992125,2.0762387577436825,0.3114451988662093,0.7554621974916663,0.9989528241627993
Taf9,58.94164151169692,0.012730725559888464,0.3164888935220201,0.040224873038088804,0.9679138478576967,0.9989528241627993
Tagln,2.6749413863929994,0.8968672202803871,1.2904341281408251,0.6950120124089836,0.487047773538843,0.9989528241627993
Tal1,0.17145976739116434,1.0513301897027478,4.415151725658759,0.23811870011010441,0.811789031237038,0.9989528241627993
Tap1,11.037473780602026,0.6979273141263543,0.6829290512060714,1.0219616706798393,0.30679904189587637,0.9989528241627993
Tardbp,262.69485232017513,0.12790425237066674,0.20354278735922163,0.6283900010907065,0.529748485643934,0.9989528241627993
Tas1r1,1.238635570759868,-0.09155691328540339,1.704824302776364,-0.053704603539672595,0.9571705150029464,0.9989528241627993
Tas1r2,0.16978868813776907,-1.0489721070606506,4.441716510347476,-0.23616367785223408,0.8133056632626426,0.9989528241627993
Tas1r3,1.171364320190239,-0.18485726521607862,1.7063372569180941,-0.10833571409555875,0.9137293935689843,0.9989528241627993
Tbc1d1,10.36685350152633,0.887602452905222,0.6346668001813591,1.3985329824272914,0.16195307539351111,0.9989528241627993
Tbc1d22a,37.738919629975946,0.19911724677266876,0.34205425789159805,0.5821218189184826,0.5604846293946311,0.9989528241627993
Tbck,75.88057536606756,-0.11446993855161397,0.27330996249205614,-0.4188282692217672,0.6753416431915795,0.9989528241627993
Tbk1,58.939474928740815,-0.21108224404465525,0.29998376701207713,-0.7036455543814716,0.4816535345330293,0.9989528241627993
Tbl1xr1,56.997104276438726,0.15811959370737227,0.3245753577984827,0.4871583436889967,0.6261461230357157,0.9989528241627993
Tbp,39.600500372574764,0.6621162202515488,0.3369938119206142,1.9647726362628994,0.04944055863801097,0.9989528241627993
Tbpl1,47.23566369414138,0.13753509429555347,0.31756866162488534,0.4330877410630997,0.6649510283688096,0.9989528241627993
Tbpl2,0.0,,,,,
Tbr1,1.601774345332064,-0.6277366040227729,1.5138943160783598,-0.41465021524678275,0.6783979823008803,0.9989528241627993
Tbx1,1.4289492774990489,-0.9010392297693566,1.780949872582631,-0.5059318308957912,0.6129045058015914,0.9989528241627993
Tbx18,0.0,,,,,
Tbx2,3.514989416417135,0.6659745092208502,1.1472697356406993,0.580486426628288,0.5615866374719647,0.9989528241627993
Tbx20,0.0,,,,,
Tbx21,0.16978868813776907,-1.0489721070606506,4.441716510347476,-0.23616367785223408,0.8133056632626426,0.9989528241627993
Tbx3,0.2963777001474035,-1.7783385220954793,4.057916322177916,-0.4382393279960565,0.6612128022343146,0.9989528241627993
Tbx4,0.31797753821147084,-1.8662970128816079,3.6765167983591094,-0.507626407069476,0.6117153677892653,0.9989528241627993
Tbx5,0.0,,,,,
Tbx6,4.9129784051278165,-0.4443079000297007,0.9049116570207435,-0.49099588515911424,0.6234293578897143,0.9989528241627993
Tbxa2r,0.34291953478232867,1.9332222252974967,3.87157603160201,0.4993372749282037,0.6175417997786022,0.9989528241627993
Tcaf1,117.30339348735316,-0.15489288644295485,0.22983528687292845,-0.6739299632810177,0.5003558414894258,0.9989528241627993
Tcam1,0.17145976739116434,1.0513301897027478,4.415151725658759,0.23811870011010441,0.811789031237038,0.9989528241627993
Tceal5,58.50173904798067,0.1244658933035844,0.30931224787708106,0.40239561853058736,0.6873928940503224,0.9989528241627993
Tceal9,31.838210142738962,0.32796310883739693,0.37532658317315926,0.8738073015363507,0.3822232034565669,0.9989528241627993
Tcf12,168.94555596615484,0.08361313217618536,0.21177469109524563,0.39482117406834216,0.692974867173878,0.9989528241627993
Tcf21,0.0,,,,,
Tcf3,54.36195574699439,-0.39369360041166296,0.3073127070281225,-1.281084678270839,0.20016392490606982,0.9989528241627993
Tcf7,1.8674686404217333,0.6951379062040659,1.428126963261569,0.48674797415525567,0.6264369431779272,0.9989528241627993
Tcf7l1,13.053711246064232,-0.42447118100565523,0.5792585828288433,-0.7327835850661466,0.46369043455466963,0.9989528241627993
Tcf7l2,33.27905501461653,0.480880724363784,0.3687898629355798,1.3039423603890767,0.1922532357314768,0.9989528241627993
Tcof1,29.95051700237973,0.26205369581376836,0.41463481040659667,0.6320108424007982,0.5273797923811109,0.9989528241627993
Tcp1,204.95980801119734,0.12673995787649114,0.20004493144117505,0.633557456134599,0.526369672971742,0.9989528241627993
Tctn1,3.254447782943073,0.870663046176814,1.0686375282671559,0.8147412224878848,0.41522045193205426,0.9989528241627993
Tdg,58.6991236399757,-0.14906402356178441,0.2896077179200254,-0.5147101210988727,0.6067555998343725,0.9989528241627993
Tdgf1,0.560691396962873,-0.665417777677096,2.8021939738879684,-0.23746313919655135,0.8122975121076169,0.9989528241627993
Tdh,0.0,,,,,
Tdrd1,0.16978868813776907,-1.0489721070606506,4.441716510347476,-0.23616367785223408,0.8133056632626426,0.9989528241627993
Tdrkh,50.26002655397792,-0.0249572376519586,0.32270906543433936,-0.07733664878105685,0.9383557366863363,0.9989528241627993
Tead1,27.252310818221016,0.0500720480650597,0.447210720684951,0.11196522299011305,0.9108509811733592,0.9989528241627993
Tead2,2.458903162767768,-1.1167688167300953,1.3008769677277348,-0.8584738176130333,0.39063088194895834,0.9989528241627993
Tead3,4.047611100315556,-0.12549380928961182,1.065004805614744,-0.11783403100906578,0.9061991645311556,0.9989528241627993
Tec,6.535593592552742,0.021008656470900094,0.8175249297707342,0.025697878689511934,0.9794983158600917,0.9989528241627993
Tecpr2,78.44002124911505,-0.28065916976423055,0.26632782389850485,-1.0538109224036134,0.2919694918473119,0.9989528241627993
Tecr,51.80003031327407,-0.1330909145622564,0.30040398250099504,-0.44303978081187917,0.6577369610566184,0.9989528241627993
Tectb,0.0,,,,,
Tek,2.9150558416044823,-0.8535321018205214,1.1199522546223843,-0.7621147225676221,0.445991536624912,0.9989528241627993
Tenm1,2.3361664854097595,-0.11064996917114034,1.2445028374003764,-0.08891098183614866,0.9291526558768083,0.9989528241627993
Tenm4,22.047785041689377,-0.01116555621785783,0.47245763572958793,-0.023632925734421738,0.981145408542159,0.9989528241627993
Tent5c,4.572404892111394,0.6232767820384477,0.9320876072167648,0.6686890558491241,0.5036938502415451,0.9989528241627993
Tepsin,20.959025082077694,0.052751443837728375,0.4650207695886747,0.1134388984053092,0.9096826022604833,0.9989528241627993
Terf1,38.00809322527343,0.05432525980344153,0.36746432436742565,0.14783818782125357,0.8824704709400844,0.9989528241627993
Terf2,77.14363383254184,-0.1674150658821368,0.26592726609996126,-0.6295520889505403,0.5289876785229615,0.9989528241627993
Tert,0.5345985419633608,-0.5781673526661543,2.6629207200928424,-0.21711774905788278,0.8281165821288038,0.9989528241627993
Tesmin,4.233249194158834,-0.773259011517039,1.0090016706845313,-0.7663604867893244,0.4434618369023344,0.9989528241627993
Tespa1,0.0,,,,,
Tet1,38.50143575452786,-0.1518704050407139,0.3486083942128975,-0.4356475849745764,0.663092440336463,0.9989528241627993
Tet2,38.37771733503758,-0.13579020398725908,0.3454621870605888,-0.3930682114376922,0.6942691019539196,0.9989528241627993
Tet3,50.35546472113135,-0.016607345160882327,0.3171004151392072,-0.05237251157048058,0.9582318766378467,0.9989528241627993
Tex101,0.7356977201941195,1.4611680882678746,2.3768361967741667,0.6147533810916236,0.5387176008335963,0.9989528241627993
Tex19.1,0.3171171607620122,0.3566186874546307,3.493825369641108,0.10207112540695278,0.9187002198718679,0.9989528241627993
Tfam,23.699812983101733,0.07438444298214303,0.4321962579127923,0.17210802180788934,0.8633526063784931,0.9989528241627993
Tfap2a,0.3808418554915587,-0.9059678798235495,3.272217583421071,-0.2768666376018825,0.7818825108683987,0.9989528241627993
Tfap2b,0.0,,,,,
Tfap2c,0.768922626634613,0.475695190505702,2.151731176513295,0.22107556729113687,0.8250335940706919,0.9989528241627993
Tfap2d,0.34124845552893346,0.06638151358308987,3.4550612127406937,0.019212832854684326,0.9846713203552093,0.9989528241627993
Tfeb,99.76103494997032,-0.4090155249585556,0.25903157491239776,-1.579018021632618,0.11433192345869803,0.9989528241627993
Tfpi,2.070238897905887,2.1863279995650085,1.5747682091252808,1.3883490833101235,0.16503077278051015,0.9989528241627993
Tfrc,92.84691599638496,0.008238927247916956,0.34542211396681305,0.023851765462556702,0.9809708489086154,0.9989528241627993
Tgfa,95.5805956190918,0.13777882761964205,0.2525108118203592,0.5456353596362457,0.5853166133262624,0.9989528241627993
Tgfb1,4.175215211462418,0.022274933308447025,0.9669937797158641,0.02303523949760273,0.9816221633463705,0.9989528241627993
Tgfb1i1,1.4281486203750173,-0.35673747762422864,1.554011992320237,-0.22955902488988988,0.8184344499540172,0.9989528241627993
Tgfb2,10.691341796091843,0.05563745522715552,0.6215140911446587,0.08951921769735995,0.9286692813836328,0.9989528241627993
Tgfb3,43.47453481102383,0.48287355688840466,0.38681907581416325,1.2483188836333092,0.21191430147247003,0.9989528241627993
Tgfbr1,31.003359919012667,0.3302753458004294,0.4205455107603306,0.7853498309928546,0.4322484867832973,0.9989528241627993
Tgfbr2,12.215005058344962,0.11693537847682466,0.5842493832878175,0.2001463447317308,0.841366128720871,0.9989528241627993
Tgfbr3,11.258829320215199,0.665669713965528,0.5966804007966541,1.1156218858148572,0.2645840198716033,0.9989528241627993
Tgif2,1.305056488559943,3.827281770325647,2.4362067953383706,1.571000367312442,0.11618256347158112,0.9989528241627993
Tgm2,13.919156520006096,-0.015081027861560457,0.5385290458342652,-0.028004112272528588,0.9776588713152761,0.9989528241627993
Tgs1,28.407278205388536,0.07041249879091942,0.38528737891379944,0.18275319318641073,0.8549916764048879,0.9989528241627993
Th,0.19588154313728123,-1.04897210706065,4.441716510347476,-0.23616367785223397,0.8133056632626428,0.9989528241627993
Thap12,130.4729860702317,-0.03931335305451642,0.23750129616951218,-0.1655290042141801,0.8685276226449961,0.9989528241627993
Thbd,0.8641622087904409,0.6275270784177304,2.4224440033060812,0.25904709358040867,0.7955989048648064,0.9989528241627993
Thbs1,1.3374706931964997,0.9101072898597525,1.710308637930691,0.5321304410652423,0.5946356552209033,0.9989528241627993
Thbs2,2.6180763989340767,-0.5713104462189948,1.2200023208336088,-0.46828636016743574,0.6395798212275869,0.9989528241627993
Thbs3,12.496242566957298,-0.18807984820096812,0.5833742292446484,-0.3223999943303863,0.7471496885182449,0.9989528241627993
Thbs4,77.45957823993145,-0.45602349260892944,0.2720627323014732,-1.6761703771452567,0.09370482477801942,0.9989528241627993
Themis,0.594640921561399,1.3443015442293131,2.599686528227597,0.5171014003545363,0.6050853761307917,0.9989528241627993
Thpo,0.2838922543215187,1.045824023199335,4.202006087173883,0.24888684154732346,0.8034483140148623,0.9989528241627993
Thra,277.9259781536812,-0.29785418286441057,0.2146204594878485,-1.3878182144199287,0.1651924069598839,0.9989528241627993
Thrap3,101.92262497198855,0.2362703279715777,0.24018066968926385,0.9837191655650507,0.32525361373629136,0.9989528241627993
Thrb,10.219925926660455,-0.01515712702036856,0.6103187533750112,-0.024834771890181854,0.9801867556475926,0.9989528241627993
Thumpd1,160.06968952245094,0.12985748719210433,0.28759165306239093,0.45153427023813053,0.6516045312484785,0.9989528241627993
Tiam1,20.07640250840971,-0.19887986021935647,0.45055788583863565,-0.44140801097993426,0.6589176437008972,0.9989528241627993
Ticam1,3.887426199996195,-0.05183510013048649,0.9826478230606576,-0.0527504350124498,0.9579307536051255,0.9989528241627993
Ticam2,0.25592392273531955,1.6399365151295664,3.9421765910468314,0.415997730506052,0.6774116639136933,0.9989528241627993
Tie1,2.348806652923414,0.11830871236251715,1.2171267028525643,0.09720328383662813,0.9225649602723492,0.9989528241627993
Tigar,3.939873495893503,1.0748457994404015,1.0110093735164316,1.0631412799882733,0.2877178866886403,0.9989528241627993
Tigit,0.0844641553441552,0.792399408974007,4.4542327259096215,0.17789807083153408,0.8588030259342062,0.9989528241627993
Timeless,3.2807839750366927,-0.16923181851714716,1.0814879256822951,-0.15648054360882602,0.8756542542713343,0.9989528241627993
Timm50,35.505782458862946,0.48162897147787037,0.3659842600734927,1.3159827457638622,0.18817983392805815,0.9989528241627993
Timmdc1,42.62731462775328,0.2280238439325256,0.3561117837553528,0.6403153569587491,0.5219675987832831,0.9989528241627993
Timp1,0.7453612283379547,0.43347257144294377,2.203259259268823,0.19674151810295654,0.8440298182640185,0.9989528241627993
Timp4,11.441929878615676,-0.42482721914022203,0.6022957941246885,-0.7053464813873057,0.4805946408508671,0.9989528241627993
Tiparp,28.414339471015964,0.12420717992913037,0.3913611803798397,0.31737225395881064,0.7509611579352473,0.9989528241627993
Tirap,19.187647790760863,-0.27018307898422284,0.4541895704425544,-0.5948685231168147,0.5519313592505417,0.9989528241627993
Tjp1,148.00742270604638,-0.14769010691141993,0.2152491906266849,-0.6861354808416662,0.49262767865317203,0.9989528241627993
Tjp2,165.77137198766692,-0.10135526073099581,0.2103765778953469,-0.48178015701641275,0.6299621268968421,0.9989528241627993
Tjp3,2.520517961532957,0.9641362581187426,1.319080196335159,0.7309155734408203,0.46483072298526973,0.9989528241627993
Tlcd1,11.27850412363154,-0.17529981785936175,0.6365133127709762,-0.2754063651806704,0.7830040544000281,0.9989528241627993
Tle1,182.45430516722806,-0.008126826059584513,0.21723252469862483,-0.037410724157716145,0.9701575220161828,0.9989528241627993
Tle4,138.10706881364703,-0.17869389269579208,0.23177850883028345,-0.7709683421366653,0.440725696471185,0.9989528241627993
Tle6,9.421081612331323,0.4564136645127011,0.6320904717772399,0.7220701543394717,0.47025134665273494,0.9989528241627993
Tll1,0.17145976739116434,1.0513301897027478,4.415151725658759,0.23811870011010441,0.811789031237038,0.9989528241627993
Tln1,44.623508026074575,0.07879703571177846,0.33907417238469506,0.23238878726032733,0.8162360570418592,0.9989528241627993
Tlr1,0.34291953478232867,1.9332222252974967,3.87157603160201,0.4993372749282037,0.6175417997786022,0.9989528241627993
Tlr11,0.0,,,,,
Tlr12,0.0844641553441552,0.792399408974007,4.4542327259096215,0.17789807083153408,0.8588030259342062,0.9989528241627993
Tlr13,0.6854735704276861,1.5438849495625595,2.5059274720371367,0.6160932296685719,0.5378329902206935,0.9989528241627993
Tlr2,0.968060244632781,2.0528542473244955,2.3186871379450964,0.885351979458431,0.3759668233305611,0.9989528241627993
Tlr3,10.327161559061942,-0.0008730822638403047,0.6264972716563383,-0.0013935930822684083,0.9988880739555286,0.9994911204709922
Tlr4,0.5354589194128194,-2.5848542841733306,3.136127927273906,-0.8242183814294295,0.409815484492731,0.9989528241627993
Tlr5,0.19588154313728123,-1.04897210706065,4.441716510347476,-0.23616367785223397,0.8133056632626428,0.9989528241627993
Tlr6,0.25592392273531955,1.6399365151295664,3.9421765910468314,0.415997730506052,0.6774116639136933,0.9989528241627993
Tlr7,0.9028002299412649,-1.9656357112506777,2.2973756182182288,-0.8556004928681024,0.3922187972432818,0.9989528241627993
Tlr8,0.0,,,,,
Tlr9,0.48943730560263515,-0.788470236367288,2.801241099490008,-0.28147175068609276,0.7783485922715461,0.9989528241627993
Tlx1,0.0,,,,,
Tlx3,0.19588154313728123,-1.04897210706065,4.441716510347476,-0.23616367785223397,0.8133056632626428,0.9989528241627993
Tmco5,0.5372847203539843,2.50621852846887,3.130829976211647,0.8004965288793591,0.4234231738636006,0.9989528241627993
Tmem106b,236.5866586193847,0.007693074775412895,0.21475605227204406,0.03582238867786425,0.9714239809387865,0.9989528241627993
Tmem108,0.9631330905184988,-1.0635921983967362,1.9881917908986408,-0.5349545266535902,0.5926813021175364,0.9989528241627993
Tmem109,63.796341671674064,0.47885760652501463,0.3032583112092735,1.5790419877216917,0.11432642657876987,0.9989528241627993
Tmem119,4.427844119576035,0.32507323245262465,0.9445898670675501,0.3441421973557735,0.7307393499224095,0.9989528241627993
Tmem120a,25.488054059829036,0.06203297329616452,0.42057480981923256,0.14749569362660342,0.8827407785448744,0.9989528241627993
Tmem163,97.84075778767031,-0.5786563068142659,0.28036145516787264,-2.0639652710740233,0.039021009291336436,0.9989528241627993
Tmem173,2.7041077202929404,1.1552386447323242,1.2572788277234064,0.9188404507090527,0.3581790311070969,0.9989528241627993
Tmem176a,7.455966626854206,0.22150307202742547,0.7365398857720735,0.3007346598687405,0.7636168367764432,0.9989528241627993
Tmem259,42.620939458328415,-0.13496592062921028,0.3250538592980321,-0.41521094664335023,0.6779874859908555,0.9989528241627993
Tmem35a,11.174901821920841,-0.40461852389696673,0.581092806370344,-0.6963062000789835,0.48623709118049374,0.9989528241627993
Tmem41b,53.55151891250451,-0.02898289159860891,0.3135675112512951,-0.09242951057956329,0.9263567937267488,0.9989528241627993
Tmem43,13.368893889689693,0.6574242462970438,0.6071300327848569,1.0828392779080478,0.27887976808681114,0.9989528241627993
Tmem63b,177.42368743820518,-0.0018261436278098108,0.20952504864173183,-0.008715633952350704,0.9930460182719671,0.9989528241627993
Tmem94,52.75764425045923,0.03311179172176476,0.29877942504418503,0.11082353383894496,0.9117562829982232,0.9989528241627993
Tmem98,54.549537213355045,-0.48372363605887947,0.35297072616187036,-1.3704355636479797,0.17055097692376686,0.9989528241627993
Tmigd1,0.5398161770568383,2.449536212517956,2.995822979967024,0.8176505183710548,0.4135567723457798,0.9989528241627993
Tmprss15,0.0844641553441552,0.792399408974007,4.4542327259096215,0.17789807083153408,0.8588030259342062,0.9989528241627993
Tmprss2,0.0,,,,,
Tmprss4,0.0,,,,,
Tnc,8.525672186341977,-0.9930278777226622,0.7493769349225243,-1.3251380332720384,0.18512537350448433,0.9989528241627993
Tnf,0.17145976739116434,1.0513301897027478,4.415151725658759,0.23811870011010441,0.811789031237038,0.9989528241627993
Tnfaip3,1.8118124135486253,-1.1298686624769985,1.4548697196801912,-0.776611573664043,0.4373879711522768,0.9989528241627993
Tnfrsf11a,3.0153187062004014,1.2531414174717286,1.185192162161954,1.057331846665123,0.2903601637486415,0.9989528241627993
Tnfrsf11b,0.5983232366929072,-1.638294450513974,2.497072198629145,-0.6560861361611303,0.5117687041549632,0.9989528241627993
Tnfrsf13b,1.5297667407328819,1.6646003045515056,1.6581097835234493,1.0039144097046844,0.31541987037026953,0.9989528241627993
Tnfrsf13c,0.9827116480245484,-1.0555387804282228,2.034020842215693,-0.5189419687943839,0.6038012097590967,0.9989528241627993
Tnfrsf14,0.7124268028766569,-0.15005753416765294,2.3024078592432993,-0.06517417562020061,0.948035322272301,0.9989528241627993
Tnfrsf18,0.0,,,,,
Tnfrsf1a,10.197735081958092,-0.10888053143858169,0.6091400135809097,-0.17874467119392332,0.8581381914465729,0.9989528241627993
Tnfrsf1b,2.916522523524586,-0.10277474761493738,1.1776829655981307,-0.0872686033653712,0.9304580096678776,0.9989528241627993
Tnfrsf4,2.163846340569137,0.16426917144040568,1.2556622475475199,0.13082273657685087,0.8959155363831789,0.9989528241627993
Tnfrsf9,0.0,,,,,
Tnfsf10,0.6592259937404042,-1.4092441764378028,2.5281672830174453,-0.557417298255607,0.5772423493990442,0.9989528241627993
Tnfsf11,0.0,,,,,
Tnfsf12,15.481907691449223,-0.10934949417046891,0.5408472148971862,-0.20218185683225898,0.8397745563856638,0.9989528241627993
Tnfsf13,13.540926126123345,-0.7044238780245523,0.5974873816094074,-1.1789769955092575,0.23840733624562882,0.9989528241627993
Tnfsf13b,0.6988193937030296,-1.9355537987668459,2.5034925891195505,-0.7731414133914244,0.4394386942011438,0.9989528241627993
Tnfsf14,0.17145976739116434,1.0513301897027478,4.415151725658759,0.23811870011010441,0.811789031237038,0.9989528241627993
Tnfsf4,0.0,,,,,
Tnfsf9,0.637626155676337,-1.3595312840895009,2.5504533142965933,-0.5330547618608166,0.593995673013501,0.9989528241627993
Tnks2,247.28761123775314,0.06488431642809521,0.205196102286513,0.3162063787035193,0.7518458664571254,0.9989528241627993
Tnnc1,1.3358964334737138,-0.3320204439785641,1.7124620236811403,-0.19388485080962367,0.8462660459189895,0.9989528241627993
Tnni3k,0.17145976739116434,1.0513301897027478,4.415151725658759,0.23811870011010441,0.811789031237038,0.9989528241627993
Tnnt2,0.5127082229200978,0.9580721645381718,2.9652317579726533,0.32310195045031204,0.7466180331748058,0.9989528241627993
Tnp1,0.0,,,,,
Tnpo1,177.41638456885883,0.4403219623157017,0.22525144556661675,1.9548019379324213,0.05060645235723899,0.9989528241627993
Tnr,100.49538178149106,-0.9109136737692619,0.2880426788316861,-3.1624260594435807,0.0015646046352546926,0.9559561676575878
Tns2,20.410221225815047,-0.651340957876509,0.4608874699474759,-1.4132320801664182,0.15758749691958718,0.9989528241627993
Tnxb,7.157109175836678,1.1817167899711085,0.7923449164362508,1.4914171410175068,0.13585201057183968,0.9989528241627993
Togaram1,35.13301032161586,0.26185434138914754,0.35501594348425436,0.7375847372352202,0.4607668330305221,0.9989528241627993
Top2a,9.9355903160677,0.36585368973575844,0.6728682369560338,0.5437226334101187,0.5866323549820089,0.9989528241627993
Top2b,101.54930171748867,-0.17190348528604874,0.27150799022716066,-0.6331433750521429,0.5266400193649657,0.9989528241627993
Topbp1,20.14187920249408,0.4411794189264788,0.46224244800164555,0.9544329406219054,0.33986453877614264,0.9989528241627993
Tor1a,62.60121340783874,0.18724024085154609,0.2848452191055715,0.657340296739015,0.5109621312813952,0.9989528241627993
Tor2a,14.619201790295556,-0.13368532064069244,0.5288242070542912,-0.25279727905301386,0.8004248704275966,0.9989528241627993
Tox,6.108396470166766,0.20388897164773653,0.7984538410794846,0.2553547383178532,0.7984491257597126,0.9989528241627993
Tox3,18.584579310549426,0.3152063784902649,0.49109576198885324,0.6418430027042655,0.5209751251625702,0.9989528241627993
Tpbpa,0.0,,,,,
Tpcn1,33.935619876691746,0.07522583742184079,0.37051510612084887,0.20303041948660736,0.8391112560263558,0.9989528241627993
Tph1,0.0844641553441552,0.792399408974007,4.4542327259096215,0.17789807083153408,0.8588030259342062,0.9989528241627993
Tph2,0.4501343866192055,-1.1298544599785658,2.9006254868389605,-0.38952097232306165,0.6968907995915785,0.9989528241627993
Tpi1,248.641917418843,0.21891817257964907,0.22620775683773559,0.967774826292471,0.33315683871548407,0.9989528241627993
Tppp,422.3448143397541,-0.458411501652478,0.23601408644464114,-1.9423056841990736,0.05210010530995301,0.9989528241627993
Tpr,161.98707276363288,-0.0341874017024851,0.2113423979008982,-0.16176310121415446,0.8714924112411164,0.9989528241627993
Tpsab1,0.0,,,,,
Tpsb2,0.0,,,,,
Traf2,52.782886331090424,-0.12227284253980845,0.30338363612290953,-0.4030304472000994,0.686925826034809,0.9989528241627993
Traf3,28.774998718457756,0.0037182848602655217,0.41660830281861166,0.008925133837009573,0.9928788680510144,0.9989528241627993
Traf3ip2,0.8525760801748316,-1.4701551266271988,2.1279489462590075,-0.6908789467020681,0.48964161766013414,0.9989528241627993
Traf3ip3,1.770727998532628,3.1930429846465933,1.9513733919674856,1.6363054850446568,0.1017756687206495,0.9989528241627993
Traf6,94.8753783971812,0.43004052528687214,0.30722136216785945,1.3997741636595793,0.16158095696486452,0.9989528241627993
Trappc10,395.4300752238499,0.15237013641878489,0.20468153079470164,0.7444254292372584,0.4566191395252146,0.9989528241627993
Trbc1,1.5402409506806538,2.947924781885896,1.9213324264000913,1.5343127203704576,0.12495273783770215,0.9989528241627993
Trdn,1.4411000494324775,0.7269584605785057,1.7041536496619718,0.4265803501478296,0.6696850124591538,0.9989528241627993
Treh,0.0,,,,,
Trem1,0.14818885007370175,-1.0489721070606506,4.441716510347476,-0.23616367785223408,0.8133056632626426,0.9989528241627993
Trem2,6.949165588167645,2.3226034892712937,0.8906384209989583,2.6077961993445267,0.009112719173727357,0.9989528241627993
Trex1,12.648047024284246,0.2274063950784085,0.5502638818407563,0.4132678930655653,0.6794103505195057,0.9989528241627993
Trh,0.6487021081471104,1.2476269348144557,2.567312595432837,0.48596611765701697,0.6269911889706199,0.9989528241627993
Trhr,3.3882467035279533,-1.2695001518918092,1.0980098968499814,-1.1561827953771695,0.24760639553803399,0.9989528241627993
Trhr2,0.5165452597393757,0.7711784686093994,2.7940232693156353,0.27601003795444085,0.7825403564303024,0.9989528241627993
Trib2,3.388751626520346,-0.914186119420469,1.0940987171739216,-0.83556090969728,0.40340196751106083,0.9989528241627993
Trib3,17.078795927961508,7.506804515167128,3.1346440641135693,2.3947868917901975,0.016630027763584007,0.9989528241627993
Trim17,4.24625486080946,-0.406289269918861,0.9165460190096384,-0.443283001062916,0.6575610497282736,0.9989528241627993
Trim2,648.2976501739518,-0.11252163055280605,0.2294221189461524,-0.49045676619879874,0.6238107159509074,0.9989528241627993
Trim21,7.001801871570557,0.25333022704913116,0.7473491494554557,0.3389717205588797,0.7346310340177173,0.9989528241627993
Trim24,45.92283903380429,0.18068627855066763,0.3227962157468898,0.559753397767051,0.5756476546172571,0.9989528241627993
Trim27,45.37604058105784,0.17826268301585543,0.31708401827518395,0.5621938437185715,0.5739839554031145,0.9989528241627993
Trim28,210.75806331035926,0.07694147603965854,0.20647545812071696,0.37264223428759413,0.7094147348246533,0.9989528241627993
Trim29,0.0,,,,,
Trim32,25.74489525279199,-0.3540865403092697,0.40481338150301244,-0.8746907994854285,0.3817421675539543,0.9989528241627993
Trim33,59.110897580379515,-0.07654833414134331,0.2905573769308568,-0.2634534182195598,0.792201122502978,0.9989528241627993
Trim34a,6.031924743713051,-0.09372808874477583,0.7813422983744522,-0.11995778155076581,0.9045165918281678,0.9989528241627993
Trim36,17.01920328105879,-0.9458935587783667,0.6040452254756791,-1.5659316867101893,0.11736461075242066,0.9989528241627993
Trim63,0.0844641553441552,0.792399408974007,4.4542327259096215,0.17789807083153408,0.8588030259342062,0.9989528241627993
Trim65,10.598488557872338,-0.27672757749169985,0.6640646981951619,-0.4167177960879535,0.676884835960978,0.9989528241627993
Trim7,7.315498994304146,0.6651641708175936,0.7403387192543381,0.898459250500285,0.3689407605589182,0.9989528241627993
Trip13,3.4354263814702075,0.9587229898641866,1.1293150492590434,0.8489420117913207,0.39591356016375023,0.9989528241627993
Trmt13,26.29501845366383,0.2948716450010574,0.4011938694524094,0.7349854208977034,0.4623483731366096,0.9989528241627993
Trmt2a,19.329611803512076,-0.10019891531647175,0.46185692384807936,-0.216947955400644,0.8282489044714622,0.9989528241627993
Trp53,79.62156641989161,0.367231702934139,0.2846509628971257,1.2901122806560061,0.1970116765743697,0.9989528241627993
Trp53bp1,36.38231150400507,0.03743715894715285,0.3475395152153121,0.10772058228820196,0.9142173422103056,0.9989528241627993
Trp53cor1,2.3651752586454413,3.5494208345862814,1.8540208716402644,1.9144449174652955,0.05556333090557766,0.9989528241627993
Trp63,1.0511438017027364,0.06439578577956127,1.8275081138403106,0.03523693563485226,0.9718908101306851,0.9989528241627993
Trp73,2.5857979535889464,-0.7445850730477276,1.246107465983981,-0.5975287793174167,0.550154398474829,0.9989528241627993
Trpa1,0.0,,,,,
Trpc1,32.425800137733624,-0.03566057243534134,0.3784795973795184,-0.0942205938767761,0.9249339259972317,0.9989528241627993
Trpc3,0.773329559924154,0.25284690208127547,2.241712105114498,0.11279187077787627,0.9101955633941318,0.9989528241627993
Trpc4,3.146063110281198,0.4503277363443199,1.100855999589755,0.4090705201335497,0.6824879097228171,0.9989528241627993
Trpc5,1.8729767564944062,1.3261500001253101,1.4659746572366064,0.9046200038854229,0.3656667340542573,0.9989528241627993
Trpc6,1.4848959853513521,0.9057573906514836,1.6100431691977721,0.5625671460118618,0.5737296689850047,0.9989528241627993
Trpc7,0.7610377755468555,1.852948677667046,2.5775407217045943,0.718882406808938,0.47221337728227175,0.9989528241627993
Trpm1,0.5937805441119404,2.7663984230364034,3.031288506333389,0.912614690834099,0.36144522512405686,0.9989528241627993
Trpm2,0.730480085100642,-1.1752284639336483,2.3831196960058203,-0.4931470567354909,0.6219086834482486,0.9989528241627993
Trpm5,0.0,,,,,
Trpm6,0.4911083848560304,0.9593079476048195,3.0045508058151014,0.31928498121853854,0.7495104204114085,0.9989528241627993
Trpm7,65.42901574704628,0.16658708418149942,0.3301113694162371,0.5046390388676676,0.613812385093673,0.9989528241627993
Trpm8,0.25592392273531955,1.6399365151295664,3.9421765910468314,0.415997730506052,0.6774116639136933,0.9989528241627993
Trpv1,0.0844641553441552,0.792399408974007,4.4542327259096215,0.17789807083153408,0.8588030259342062,0.9989528241627993
Trpv2,6.9806108281730745,-0.03549654112904712,0.7151608333989934,-0.04963434722835743,0.9604137752234803,0.9989528241627993
Trpv3,5.618961696324566,-0.674229112770441,0.8114005660891601,-0.8309448390209204,0.4060047915903464,0.9989528241627993
Trpv4,1.7076339414069952,0.161555011620552,1.446028760668584,0.11172323539806749,0.911042855485125,0.9989528241627993
Trpv5,0.0,,,,,
Trpv6,0.47622724161871766,-1.2120870646343804,3.045276773642064,-0.3980219713115793,0.690613990143131,0.9989528241627993
Trrap,92.65072271491977,-0.09155958832851867,0.2513326431884489,-0.3642964446121207,0.7156366545295811,0.9989528241627993
Tsc1,63.4203314773844,-0.018282911280873837,0.2857708443910008,-0.06397752478856301,0.9489881227580333,0.9989528241627993
Tsc2,92.4996026035317,0.18717586404311587,0.2684465306289591,0.6972556643014554,0.4856428087708714,0.9989528241627993
Tsc22d3,458.0374301426393,-0.4411547228033857,0.25983889652370656,-1.6978009401419107,0.08954533842321857,0.9989528241627993
Tsc22d4,312.53865960347196,-0.0566197324725244,0.20961775493250576,-0.2701094308101679,0.7870760669544634,0.9989528241627993
Tsg101,5.343495294480156,-0.17348066917229973,0.8819648324214276,-0.19669794394863785,0.8440639191547369,0.9989528241627993
Tshb,0.0,,,,,
Tshr,3.116868902108568,0.5376466506306419,1.0952970963655742,0.4908683245985645,0.6235195816416443,0.9989528241627993
Tshz1,63.06917601636851,-0.058533645138678266,0.2878578363955679,-0.20334219791134198,0.8388675752527472,0.9989528241627993
Tslp,0.0,,,,,
Tspyl2,88.49964222580066,0.4116706508255283,0.2901047376053318,1.4190414614516873,0.15588692867243906,0.9989528241627993
Tssc4,92.16357387296637,0.05157260766276759,0.25710184305184897,0.20059213520444152,0.841017508278485,0.9989528241627993
Ttbk1,46.58259345808284,-0.21899477323369354,0.31405549124089444,-0.697312351929917,0.48560733966191894,0.9989528241627993
Ttc8,30.251315624049173,0.05366486220325562,0.3792814095206084,0.14149088475252494,0.8874821605156847,0.9989528241627993
Ttk,2.6992555843364343,0.7319497875577909,1.1671128634754413,0.6271456775638501,0.5305637477691203,0.9989528241627993
Ttll3,5.449751131168699,0.3885688857935141,0.8634837241742631,0.4500014012019704,0.6527094302339782,0.9989528241627993
Ttll6,0.902094574179576,1.9898881965631776,2.317010813930705,0.8588169656348827,0.3904415059225089,0.9989528241627993
Ttn,0.2838922543215187,1.045824023199335,4.202006087173883,0.24888684154732346,0.8034483140148623,0.9989528241627993
Ttyh1,333.3862454395382,-0.009777567063982275,0.2107876219794931,-0.04638586920883574,0.9630026991277535,0.9989528241627993
Tuba3a,0.16978868813776907,-1.0489721070606506,4.441716510347476,-0.23616367785223408,0.8133056632626426,0.9989528241627993
Tubb1,0.25592392273531955,1.6399365151295664,3.9421765910468314,0.415997730506052,0.6774116639136933,0.9989528241627993
Tubb2b,59.88211915045525,0.011411351452797813,0.3947445311738926,0.028908193911800877,0.9769378105576795,0.9989528241627993
Tubb3,43.917284251052486,1.7321485835285555,0.39959982345462797,4.334708080083098,1.4595367488481894e-05,0.03405099235062826
Tubg1,13.969127310385884,0.08740401187264325,0.5508583911722879,0.15866874912559253,0.8739298608007275,0.9989528241627993
Tubg2,15.449184734641927,-0.4394734099198718,0.5035052845799184,-0.87282780018194,0.382756944340807,0.9989528241627993
Tubgcp2,23.996609215379568,0.14295249745855212,0.44075997130394684,0.3243318512696165,0.7456868080242367,0.9989528241627993
Tufm,35.83968960788315,-0.002206968487778388,0.3618825244764817,-0.0060985771307169485,0.9951340696273561,0.9993039126460288
Twf1,136.13001855743846,0.05248503444986331,0.23651747022084346,0.22190764344323682,0.8243857802638795,0.9989528241627993
Twf2,92.68118440322165,-0.2077179875529891,0.2527760907790868,-0.8217469734292387,0.411220918771658,0.9989528241627993
Twist1,0.0,,,,,
Twist2,0.23265300541785697,-0.16790098615632193,3.9558685371806974,-0.0424435201974591,0.9661451354878905,0.9989528241627993
Twnk,6.843330325225982,0.6565239838322497,0.7609612955217643,0.8627560793116219,0.3882715919904929,0.9989528241627993
Txnip,84.84957245400257,0.05489541550438831,0.26186024403813984,0.20963631079635298,0.833951537384118,0.9989528241627993
Tyk2,22.077026755348466,-0.022824227058006297,0.4523603207482724,-0.05045585567772958,0.9597591266347308,0.9989528241627993
Tyr,0.17145976739116434,1.0513301897027478,4.415151725658759,0.23811870011010441,0.811789031237038,0.9989528241627993
Tyro3,378.4234116526711,-0.05262750222111037,0.1880903204430935,-0.2797990991622174,0.7796316428735758,0.9989528241627993
Tyrp1,0.19588154313728123,-1.04897210706065,4.441716510347476,-0.23616367785223397,0.8133056632626428,0.9989528241627993
Tyw5,17.29472826483592,-0.12112275352003578,0.5123517863226131,-0.23640544788452886,0.8131180691896323,0.9989528241627993
Uba1y,1.9537611284674885,-0.5036291091698099,1.611005172156854,-0.312617934364257,0.7545709509622001,0.9989528241627993
Uba6,56.33820791647088,0.2575681208487232,0.29494525905204416,0.8732743210606223,0.3825135736571579,0.9989528241627993
Ubac1,98.34951299802951,-0.1687157579291067,0.2516079575898073,-0.6705501667962406,0.5025071376589683,0.9989528241627993
Ubap1,133.90095329897085,-0.0903939725117769,0.22749460213639283,-0.39734557067680143,0.6911126468994315,0.9989528241627993
Ubash3b,86.17806827305832,0.05297750641537838,0.27639689347837143,0.19167185907436388,0.8479992504588747,0.9989528241627993
Ube2b,105.66618804630752,-0.002588828716286134,0.2352694279425591,-0.011003676673699378,0.9912205134417024,0.9989528241627993
Ube2d1,189.18079411361,-0.007851121238885646,0.21387126613342886,-0.03670956543544064,0.9707165816706075,0.9989528241627993
Ube2g1,94.33821272536346,0.014018691036135499,0.26016622871441764,0.05388359244551952,0.9570279090049264,0.9989528241627993
Ube2g2,17.40558073147773,0.17008683491342885,0.5128255994618093,0.3316660383021605,0.7401414478982429,0.9989528241627993
Ube2i,116.63506760797854,-0.10418978826429799,0.23449323102179584,-0.44431895884710504,0.6568119960633767,0.9989528241627993
Ube2m,53.81846614454599,0.11064910694474742,0.2960250223436393,0.37378295276775925,0.7085658034354971,0.9989528241627993
Ube2n,21.069370489384653,-0.35963488563573054,0.43715412151929195,-0.8226729840401596,0.41069398245252886,0.9989528241627993
Ube2r2,52.23040905154639,-0.16467398490056254,0.31140512229029027,-0.5288094932075468,0.5969376116106346,0.9989528241627993
Ube2u,0.2963777001474035,-1.7783385220954793,4.057916322177916,-0.4382393279960565,0.6612128022343146,0.9989528241627993
Ube3a,278.3068170384597,0.04037100203786478,0.18953152616570504,0.21300415215655952,0.8313237240487488,0.9989528241627993
Ublcp1,14.153766406124419,0.6714120860866317,0.5281006446839243,1.2713714570230858,0.20359653197683925,0.9989528241627993
Ubr5,150.915805368715,0.16742246093707264,0.21294420835233346,0.7862268818321585,0.4317345799839384,0.9989528241627993
Ubr7,84.38144738345443,0.01473411504969283,0.272342461246912,0.054101424295841034,0.956854357487406,0.9989528241627993
Ubtf,130.13143414879693,0.14623779173370313,0.23523856847336994,0.6216573782213689,0.5341671832168305,0.9989528241627993
Ubxn7,133.69235443522575,0.016979298008921232,0.2291401353397522,0.07410006101177156,0.9409307667157619,0.9989528241627993
Uchl1,202.92732764831737,-0.13056011666102696,0.25285094047186685,-0.516352110130093,0.6056085070474766,0.9989528241627993
Ucn3,0.14818885007370175,-1.0489721070606506,4.441716510347476,-0.23616367785223408,0.8133056632626426,0.9989528241627993
Ucp1,0.0,,,,,
Ucp3,0.6226092531475982,1.2488467591415118,2.5954548783574176,0.48116681571126674,0.6303979436376097,0.9989528241627993
Ufd1,124.86874438899046,-0.13032585500388627,0.24053972271140944,-0.5418059584289383,0.5879521862525182,0.9989528241627993
Ufl1,63.79067398659479,-0.07362961249325005,0.2940479502553616,-0.2504000195522788,0.8022780144961953,0.9989528241627993
Ugt8a,1475.2897542818098,-0.442153942368713,0.2590598624110319,-1.706763596080271,0.08786600130372538,0.9989528241627993
Uhrf1,6.198437402012829,0.7854045239082424,0.9251651535790062,0.8489343993014663,0.3959177962971079,0.9989528241627993
Uhrf2,24.578093596958045,0.2556485576813461,0.4241822474276342,0.6026856598353044,0.5467178230938633,0.9989528241627993
Ulk1,49.00507637509374,0.12880416997112953,0.30582418731491445,0.4211706441599951,0.6736304788628573,0.9989528241627993
Unc13b,22.264169088463063,0.15080456824381597,0.4724177179301278,0.3192186967596344,0.7495606800953128,0.9989528241627993
Unc5c,50.76393465156079,0.0722033509566513,0.31333174716276174,0.23043739298828508,0.817751907464318,0.9989528241627993
Unc93b1,18.775706818633203,0.11989571461387807,0.5017079147898055,0.23897513090681327,0.8111248667635684,0.9989528241627993
Uncx,0.17145976739116434,1.0513301897027478,4.415151725658759,0.23811870011010441,0.811789031237038,0.9989528241627993
Ung,0.999614071819879,0.13274989272680637,1.9142346290970487,0.06934880954975983,0.9447119748217174,0.9989528241627993
Upk1b,0.1689283106883104,1.3019780290833856,4.382858461404432,0.29706139053967606,0.7664196404032793,0.9989528241627993
Upk3b,0.0,,,,,
Uri1,85.18010769003095,-0.030401843706170897,0.2569470205633497,-0.11831950275008303,0.9058145049815514,0.9989528241627993
Urm1,15.068435041536219,0.2519993228855557,0.5047030153978876,0.49930219395834113,0.6175665097623677,0.9989528241627993
Usp14,66.00264086105831,0.0361338534851842,0.28796535137691487,0.1254798652421519,0.9001436642528536,0.9989528241627993
Usp18,5.156535195724639,-0.17907385906034953,1.0619080875169995,-0.16863404767833343,0.8660844979026667,0.9989528241627993
Usp2,114.16792497457247,0.04808318769672897,0.24799382232763906,0.1938886511181052,0.8462630701727212,0.9989528241627993
Usp22,125.55760707987129,0.16290759184391976,0.24493626780561284,0.665101960209531,0.5059852809852459,0.9989528241627993
Usp25,177.60807482508866,-0.20623505657084434,0.22668204459192529,-0.9097988194967548,0.3629286172813825,0.9989528241627993
Usp3,10.036320870068124,-0.30689010180024984,0.6305240706195131,-0.4867222618459578,0.6264551668779869,0.9989528241627993
Usp32,140.3964750226521,-0.029942612980831777,0.22172515668608464,-0.1350438237516914,0.8925772253218742,0.9989528241627993
Usp47,72.19315012204292,-0.19008883842119065,0.28262902915733257,-0.6725736524232722,0.5012185684831536,0.9989528241627993
Usp50,0.14818885007370175,-1.0489721070606506,4.441716510347476,-0.23616367785223408,0.8133056632626426,0.9989528241627993
Usp54,235.34958652815934,-0.1276678264274609,0.25357650388973835,-0.5034686750116809,0.6146347986898683,0.9989528241627993
Usp7,74.00054551922995,0.27120306722728343,0.29097969170659665,0.9320343479528648,0.3513187747653579,0.9989528241627993
Utp25,42.05819046724161,0.39520520752664906,0.3672212214083862,1.0762047084613935,0.28183571445103284,0.9989528241627993
Utrn,41.47092364116272,-0.08249296517750176,0.3489303485299126,-0.23641671045541032,0.8131093306029945,0.9989528241627993
Uts2,0.0,,,,,
Uts2b,0.0,,,,,
Vamp2,236.774821432668,0.0911954158612342,0.20466566442820477,0.44558238977708386,0.6558989335921015,0.9989528241627993
Vamp3,479.02494021981346,-0.17479108337378926,0.19915081261134873,-0.8776819992941806,0.38011631579427574,0.9989528241627993
Vangl1,26.433243593697924,-0.11231273956295215,0.39840734007272205,-0.2819042930846894,0.778016897586534,0.9989528241627993
Vangl2,28.225506161029926,-0.4584966673176369,0.4157168718231584,-1.1029060843907161,0.27006795170966935,0.9989528241627993
Vasp,0.7088802470365746,-1.1321588294524196,2.4026710959503323,-0.47120841107243394,0.63749191282324,0.9989528241627993
Vat1,60.70693858649516,0.4451279906782293,0.3577463115422188,1.2442559889976623,0.21340536333406823,0.9989528241627993
Vav1,4.146235629094465,1.1701923378951644,1.2395471457296428,0.9440482695043814,0.34514498247173664,0.9989528241627993
Vav2,5.241051174486006,-1.6071154007354058,0.9310038737480532,-1.7262177377044092,0.08430824811626976,0.9989528241627993
Vax1,0.8191467764010464,0.2466806510000324,2.2541397031217127,0.10943449984861599,0.9128578711383316,0.9989528241627993
Vax2,0.0,,,,,
Vcam1,13.254184655854777,0.12555272055861333,0.5600768502364243,0.22417052321590145,0.822624618884474,0.9989528241627993
Vcan,18.857187226488605,-1.1557877077405476,0.47342656250224296,-2.4413241657412743,0.014633512579772488,0.9989528241627993
Vcl,29.002964130547067,0.39758915530584205,0.4000678405436002,0.9938043376983509,0.32031813393964137,0.9989528241627993
Vcp,132.5817168491896,-0.3022790990705063,0.2492416977712809,-1.2127950570610206,0.2252081857195174,0.9989528241627993
Vdac1,223.15287414332738,0.1645894708337059,0.1962021729412489,0.8388769011390655,0.4015383911451498,0.9989528241627993
Vdac2,174.5306538700071,-0.14318896283483296,0.2137548625850398,-0.6698746456720579,0.5029377037057956,0.9989528241627993
Vdr,0.23265300541785697,-0.16790098615632193,3.9558685371806974,-0.0424435201974591,0.9661451354878905,0.9989528241627993
Vegfa,102.25990844312092,0.8012083580599881,0.305560625405752,2.622092938172478,0.008739159577757385,0.9989528241627993
Vegfb,134.7515920419996,0.19309789651943599,0.23007385225840235,0.8392865796090656,0.40130851234956677,0.9989528241627993
Vegfc,1.934739890991362,0.7802901144057249,1.3880236950100269,0.5621590735164562,0.5740076429205982,0.9989528241627993
Vegfd,1.1993326517764382,-0.31858067491823105,1.7183560861233638,-0.18539851983587038,0.8529164692967929,0.9989528241627993
Vgll2,0.0,,,,,
Vhl,14.38307644983535,-0.1437372999544351,0.525429339644869,-0.273561617346274,0.7844215340192473,0.9989528241627993
Vil1,0.2803456984814365,-0.16632470026510202,3.7146320315781236,-0.04477555215460754,0.9642862120979863,0.9989528241627993
Vip,1.0267220259566194,1.097486365472249,1.8824571734908424,0.5830073485481012,0.5598883533057308,0.9989528241627993
Vipas39,29.872060911936796,-0.03081832108216447,0.38736126680060556,-0.07955963521264561,0.9365874998392225,0.9989528241627993
Vipr1,1.8126438959171722,1.1417352668327914,1.5094685747823662,0.7563822698312256,0.4494200351543288,0.9989528241627993
Vipr2,0.2838922543215187,1.045824023199335,4.202006087173883,0.24888684154732346,0.8034483140148623,0.9989528241627993
Virma,58.40653977656603,0.26437140778435625,0.29287893410355476,0.9026644698552511,0.36670399889649585,0.9989528241627993
Vit,2.5293121745108955,0.14694605327547838,1.2519030870024888,0.11737813797337994,0.9065604076728778,0.9989528241627993
Vldlr,227.01312109509513,-0.38956724640449,0.224473300710311,-1.7354725268963602,0.08265714354344335,0.9989528241627993
Vps13a,37.52125523360275,-0.11305736874912868,0.34202868334368886,-0.33054937861899303,0.7409848885382266,0.9989528241627993
Vps25,48.021357944051566,0.507398426481144,0.312923494016871,1.6214775693824637,0.10491525673876739,0.9989528241627993
Vps26b,110.33254231905069,-0.17309387354755254,0.24492603660119255,-0.7067189587091441,0.47974114544706736,0.9989528241627993
Vps28,271.06724354408135,-0.03481514705299226,0.22844085317322818,-0.1524033314067152,0.8788688296897543,0.9989528241627993
Vps51,57.33851148681598,0.27345064834628957,0.31325474128132136,0.8729337893746824,0.3826991676546887,0.9989528241627993
Vps54,39.970189287617465,0.5108614177224476,0.361641821047061,1.4126170923577126,0.1577683406271645,0.9989528241627993
Vps72,71.33255911084792,0.07990564483317597,0.2960776768446755,0.2698806802482953,0.7872520507888521,0.9989528241627993
Vps9d1,28.951382790028585,-0.2515179640499042,0.3845350475211854,-0.6540833291302197,0.5130581212610112,0.9989528241627993
Vsig1,0.0,,,,,
Vsir,8.120514588138166,1.4499052510732435,0.7832915937130658,1.8510415057567573,0.06416358217931543,0.9989528241627993
Vstm2a,18.20685692265246,0.006968270202835459,0.503071151089064,0.013851460549368281,0.9889484868802212,0.9989528241627993
Vstm4,5.326386655183266,0.42679083063667395,0.8517954932293522,0.5010484723494039,0.6163370095444762,0.9989528241627993
Vstm5,1.47129862085763,1.7655542643365831,1.7329079963013985,1.0188390082479062,0.3082794032545084,0.9989528241627993
Vsx1,0.4285345485551382,-1.0628414768993322,2.943075592630831,-0.3611329180808613,0.7180000863203944,0.9989528241627993
Vsx2,0.2542528434819243,-0.16717394861669324,3.8378714626530117,-0.043559027508735436,0.9652559119888277,0.9989528241627993
Vtcn1,0.0,,,,,
Vtn,5.236027083256634,0.45767843701184485,0.9488910264025864,0.48232981899616517,0.6295716676356966,0.9989528241627993
Vwa8,46.59764323843067,0.04624959840219023,0.32827615369731106,0.14088625652911405,0.8879597995498533,0.9989528241627993
Vwc2l,0.45180546587260073,0.6776671811723891,2.895116889436485,0.23407247688168215,0.8149287126992129,0.9989528241627993
Vwf,2.6443836959467864,0.03299916338127468,1.189092439507758,0.027751554281965803,0.9778603051463814,0.9989528241627993
Vxn,16.64789668149902,-0.7409835557128487,0.49000394793956487,-1.512199154371382,0.13048320610219624,0.9989528241627993
Wap,0.5767233986288399,-1.593885057242219,2.6578437692884855,-0.5996910261090732,0.5487121699890112,0.9989528241627993
Wapl,200.67920696059537,-0.1478441872385495,0.19905730066980948,-0.7427217526866255,0.4576501571950018,0.9989528241627993
Was,0.7096048651946073,1.4633766824739716,2.3964701286873775,0.6106383989336471,0.5414389957291934,0.9989528241627993
Washc1,45.507817177889116,0.11981577049485578,0.3297074079606658,0.363400298573667,0.716305878768106,0.9989528241627993
Washc2,236.56673700595113,-0.13500259912477092,0.2043501230073689,-0.6606435911952091,0.5088409068380383,0.9989528241627993
Washc3,21.00072513265207,0.13254712513036138,0.45942320109814705,0.2885076870596381,0.77295814714051,0.9989528241627993
Washc4,160.84112705856367,-0.18993817760800752,0.2137356379213532,-0.8886593712457899,0.3741861725309542,0.9989528241627993
Washc5,64.74623349370098,0.029490265832548043,0.31140140252765713,0.09470177588531851,0.9245517073672285,0.9989528241627993
Wasl,108.56219709031554,0.08471671316380579,0.23884411897242705,0.3546945745546524,0.7228184158970441,0.9989528241627993
Wdr34,10.799877520037398,-0.639876708251282,0.6780762024641072,-0.9436648947802482,0.34534091863836547,0.9989528241627993
Wdr36,28.337633024963708,0.464784106841853,0.4061288466322309,1.14442525000628,0.25244732156521077,0.9989528241627993
Wdr37,32.51759717273611,0.46240376597849797,0.3671880598391139,1.2593104639107913,0.207918215163861,0.9989528241627993
Wdr4,6.713731296841577,0.7045129977323343,0.8120661079478106,0.8675562135116363,0.3856373256806894,0.9989528241627993
Wdr45,64.18803732894052,0.0693545477855205,0.29738282405006256,0.2332163870158321,0.8155933816592774,0.9989528241627993
Wdr5,30.424669323010047,0.43353227487994306,0.39396063943714954,1.1004456574629622,0.27113799458890053,0.9989528241627993
Wdr59,73.13447106370856,-0.1800261315577167,0.27103894292316905,-0.6642076212965029,0.5065574362714976,0.9989528241627993
Wdr61,55.159089307735826,0.10777770688988986,0.35481340408491957,0.3037588367549237,0.7613116292550235,0.9989528241627993
Wdr62,7.705115799001338,0.9468194322696186,0.7378005472814034,1.2832999863694783,0.1993869974671737,0.9989528241627993
Wdr82,59.89928898456048,0.021219896357727273,0.2938560072075269,0.0722118855400542,0.942433286575777,0.9989528241627993
Wdr83,16.133146621446965,0.7050995750802164,0.503424246300869,1.4006071027791083,0.161331595795692,0.9989528241627993
Wdtc1,82.59592431571978,-0.042076583014055126,0.29375285940183515,-0.14323803723897388,0.886102190163583,0.9989528241627993
Wee1,6.836219383953034,0.8975146245679296,0.7705886549838848,1.1647130005913455,0.24413518477735907,0.9989528241627993
Wfdc18,16.633596086848797,-1.1275895486583254,0.5839198330053499,-1.931069103878159,0.05347450719490379,0.9989528241627993
Whrn,14.934559256397833,0.1762556103878664,0.5121379841865719,0.34415648873967625,0.7307286027134029,0.9989528241627993
Wif1,0.8004375140608945,1.6649752046040895,2.4428427432467448,0.6815728147900328,0.49550910966824024,0.9989528241627993
Wipf1,24.11518361872633,-0.6946113285479966,0.4209613860344845,-1.6500594866701028,0.09893076986472657,0.9989528241627993
Wiz,74.0295398138382,-0.08374683100931092,0.265046273705692,-0.3159706033154935,0.7520248210825342,0.9989528241627993
Wls,117.61966320870744,-0.18818362554989246,0.22941700209836058,-0.8202688720917481,0.4120628474252114,0.9989528241627993
Wnt1,0.0,,,,,
Wnt10a,0.17145976739116434,1.0513301897027478,4.415151725658759,0.23811870011010441,0.811789031237038,0.9989528241627993
Wnt10b,0.0844641553441552,0.792399408974007,4.4542327259096215,0.17789807083153408,0.8588030259342062,0.9989528241627993
Wnt11,0.5642379528029552,0.7670017698592508,2.7287921396468042,0.28107738904529617,0.7786510432797236,0.9989528241627993
Wnt16,0.0844641553441552,0.792399408974007,4.4542327259096215,0.17789807083153408,0.8588030259342062,0.9989528241627993
Wnt2,0.34291953478232867,1.9332222252974967,3.87157603160201,0.4993372749282037,0.6175417997786022,0.9989528241627993
Wnt2b,1.2860377828442517,0.5880009646932286,1.823954030887054,0.32237707460602105,0.7471670497442575,0.9989528241627993
Wnt3,8.733867197644908,-0.025106816031847924,0.7039439789343996,-0.03566592908409211,0.9715487379099043,0.9989528241627993
Wnt3a,0.0844641553441552,0.792399408974007,4.4542327259096215,0.17789807083153408,0.8588030259342062,0.9989528241627993
Wnt4,1.2511210165857525,-1.2751110249002968,1.818544694818396,-0.7011711224549432,0.48319622913076954,0.9989528241627993
Wnt5a,3.5810194925679846,0.11804272138033267,1.0912891901113,0.10816813952706117,0.9138623176098327,0.9989528241627993
Wnt5b,3.086005432850811,-0.6434928360701943,1.1138589129625567,-0.5777148511194127,0.5634566508669366,0.9989528241627993
Wnt6,0.0,,,,,
Wnt7a,6.647588205944121,0.7380511859073362,0.7929018849940929,0.9308228418612408,0.35194521200549667,0.9989528241627993
Wnt7b,4.1680724241367315,0.33185823663268227,0.9557698513097527,0.3472156358331618,0.7284293250213394,0.9989528241627993
Wnt8a,0.0,,,,,
Wnt8b,2.31778664380962,-0.9805966077019083,1.3617421974783963,-0.7201044437909953,0.4714606916710483,0.9989528241627993
Wnt9a,1.955410713564105,0.26186271179164,1.4895959222743556,0.17579446068288165,0.8604554216024212,0.9989528241627993
Wnt9b,0.0,,,,,
Wrap53,53.53135500861078,-0.09029066979337151,0.3655254740544573,-0.24701608014307558,0.8048957794672247,0.9989528241627993
Wrap73,39.14132692468035,-0.015123083491095693,0.35491185354835586,-0.04261081544585608,0.9660117738430654,0.9989528241627993
Wrnip1,72.32278979163546,-0.13041177349144462,0.3091661644168778,-0.42181774236975744,0.6731580543225937,0.9989528241627993
Wsb1,19.326920449605243,-0.2887923657708643,0.4663439241633284,-0.6192690647551357,0.5357391202701001,0.9989528241627993
Wt1,0.0,,,,,
Wtip,6.566815584823874,-0.7968000591247382,0.7594242947934712,-1.0492159186735412,0.2940787537372981,0.9989528241627993
Wwox,30.481900512239978,-0.08589514785368318,0.3741074557516151,-0.2296002031852378,0.8184024489731863,0.9989528241627993
Wwtr1,4.638469529866897,-0.363360520148494,0.9414323903670063,-0.3859656029115826,0.6995221435918328,0.9989528241627993
Xcl1,0.5143793021734931,2.4566037925177926,3.4092576837056026,0.720568528527199,0.47117502276384815,0.9989528241627993
Xcr1,0.0844641553441552,0.792399408974007,4.4542327259096215,0.17789807083153408,0.8588030259342062,0.9989528241627993
Xiap,89.75100170117734,-0.05112464207452567,0.25951263991528334,-0.19700251244492392,0.8438255716658782,0.9989528241627993
Xist,44.23728090809186,0.38549425640788637,3.458624733726516,0.11145882716004672,,
Xkr6,4.096384195597657,-0.300566455482574,0.9916419053816109,-0.30309979222480293,0.7618138124889728,0.9989528241627993
Xpa,33.187758288888865,-0.22009285582519686,0.3860377481073816,-0.5701329906317221,0.5685875007983543,0.9989528241627993
Xpo1,93.28907454181127,0.2312397602100606,0.26093357827619007,0.8862016216452623,0.37550888996894827,0.9989528241627993
Xrcc1,41.98767622681984,0.012932938090763893,0.3395821050969486,0.038084863414907036,0.9696200198000172,0.9989528241627993
Xrcc2,11.820386465364457,-0.6257541124777557,0.5728819443659724,-1.0922915595992446,0.27470496906362407,0.9989528241627993
Xrcc4,32.8356615137748,-0.4254075353427834,0.38736576058672034,-1.0982063430140119,0.272114397101605,0.9989528241627993
Xrcc5,22.698056595644434,-0.08726920692522418,0.42492599462936165,-0.2053750724319515,0.8372790944842967,0.9989528241627993
Xrcc6,98.77468770730485,0.08232577413330007,0.2397710325207007,0.34335162704107075,0.7313339459661643,0.9989528241627993
Yap1,11.614297880933554,-0.46229259117657956,0.5899409241802945,-0.7836252279309517,0.4332600482794017,0.9989528241627993
Yars,125.67196949211672,0.9445154669802944,0.30565976317347343,3.0900876751783857,0.0020009741888226715,0.9559561676575878
Ybx3,304.29019500325217,-0.08408146673600543,0.2012485318440304,-0.41779915592710704,0.676093968078679,0.9989528241627993
Yeats2,27.31455308017011,0.07015758996493783,0.3945264217218183,0.1778273547782971,0.8588585637238383,0.9989528241627993
Yeats4,47.779360594531035,0.15052990961934867,0.32926379452591936,0.45717115614270515,0.6475480286591084,0.9989528241627993
Yes1,57.53699458126487,0.2774707407703882,0.3172198212124203,0.8746954705096598,0.38173962532057903,0.9989528241627993
Yif1a,13.762679277330497,0.21087269739439926,0.532758027232619,0.39581327096987234,0.6922427858946076,0.9989528241627993
Yipf1,15.718350337834082,-0.3648710052646736,0.5187174617007945,-0.7034099142687773,0.48180032977508724,0.9989528241627993
Ywhae,773.5814668977438,-0.1426667382966706,0.17743958012292632,-0.8040299588053249,0.4213796731864947,0.9989528241627993
Ywhag,219.1832783613265,0.05695093709258216,0.20790983572678504,0.2739213221611197,0.7841450853434974,0.9989528241627993
Ywhaz,1016.1728034582842,-0.042912906793820406,0.16881449162442377,-0.2542015580587268,0.7993398469764232,0.9989528241627993
Yy1,130.06326574447246,0.09240829969135089,0.2375183777035997,0.38905747245658456,0.6972336319879262,0.9989528241627993
Zap70,0.9671998671833223,3.3423952105836596,2.5961957275738112,1.2874203493537002,0.19794781533198103,0.9989528241627993
Zbp1,1.7757655694260823,-0.3792991101040836,1.394139489657551,-0.27206682897796164,0.7855706344454352,0.9989528241627993
Zbtb16,248.75357252898348,0.6061933758623165,0.34761161343922337,1.743881252598897,0.0811797983068699,0.9989528241627993
Zbtb4,8.18690184730638,-1.007590073741306,0.6954287543299754,-1.4488760602257358,0.14737219780559094,0.9989528241627993
Zbtb46,2.6342253094904633,0.9929449614957049,1.326284208020915,0.748666805719854,0.45405805548653266,0.9989528241627993
Zbtb7a,53.116977120672715,0.06736616936418854,0.30034785117585483,0.22429382830758254,0.82252867818212,0.9989528241627993
Zbtb7b,8.918977875918161,0.2727360142651068,0.7226574027055939,0.377407071793628,0.7058711122709007,0.9989528241627993
Zbtb8b,0.0844641553441552,0.792399408974007,4.4542327259096215,0.17789807083153408,0.8588030259342062,0.9989528241627993
Zc3h11a,78.26917516411869,0.14172949136405755,0.271603652952867,0.5218246876401649,0.6017923990032383,0.9989528241627993
Zc3h12a,3.181560838498088,0.6534824996258797,1.091341339079659,0.5987883682450527,0.5493140199089213,0.9989528241627993
Zc3h14,23.698427008250516,0.20468193700591283,0.4346412226794484,0.47092159308797893,0.6376967274562098,0.9989528241627993
Zc3hc1,51.767936310285116,0.002477937167846041,0.2989439230936344,0.008288969858303184,0.9933864346582488,0.9989528241627993
Zcchc12,15.107245207591482,0.06896247620861654,0.5294632680113286,0.13024978383796207,0.8963688082121564,0.9989528241627993
Zdhhc18,21.923820641349206,-0.14346071007025352,0.44631198201473,-0.3214359368588916,0.7478800531718617,0.9989528241627993
Zdhhc2,44.878602849632955,0.10080926407176509,0.34996822608245454,0.2880526189483666,0.773306460669307,0.9989528241627993
Zdhhc6,21.728762236484354,0.3758263544723223,0.4535368246120286,0.8286567574613537,0.4072986614470272,0.9989528241627993
Zdhhc7,27.065365989070383,-0.20810631364248944,0.3911932092173565,-0.5319783389359923,0.594740998032869,0.9989528241627993
Zdhhc8,60.77661685240264,-0.11129971486912196,0.2914504654246545,-0.3818820968666288,0.7025488203491903,0.9989528241627993
Zeb1,78.88905219579617,0.2035773176736532,0.28639752217874476,0.7108208064265223,0.47719528557480506,0.9989528241627993
Zeb2,722.08222845405,-0.25257602433380655,0.17218404342825866,-1.4668956501712285,0.14240444400494845,0.9989528241627993
Zfand2a,41.58054046437169,-0.1682481855762413,0.3416799260290132,-0.4924146043099844,0.6224262771358682,0.9989528241627993
Zfand2b,36.37850548765102,-0.24277386358356154,0.3521020241180757,-0.6894986309483655,0.4905095344819652,0.9989528241627993
Zfand4,24.656121624999155,0.339599585557874,0.49894388701948594,0.6806368298978902,0.49610131657219714,0.9989528241627993
Zfhx3,9.676984754502032,0.31564526891727995,0.6255731955972454,0.5045696828744844,0.6138611079587706,0.9989528241627993
Zfp106,153.1059024548429,0.10481314012173272,0.226236747044966,0.463289635705823,0.6431567737720132,0.9989528241627993
Zfp111,40.922537442034226,-0.33772276156219794,0.34445617428226866,-0.9804520481187456,0.32686302855008986,0.9989528241627993
Zfp148,102.06436524217646,0.19355622758066862,0.26873094825474286,0.7202602783107342,0.47136475656314014,0.9989528241627993
Zfp219,14.441881173766662,0.23750054930851908,0.5178127240201115,0.45866109172569264,0.6464775585865989,0.9989528241627993
Zfp24,83.6541591237446,-0.13125272970435534,0.25408445651980666,-0.5165712672948326,0.6054554774381655,0.9989528241627993
Zfp281,122.8297460640426,0.848224498960952,0.37430877446711314,2.2661090437127256,0.023444707667913,0.9989528241627993
Zfp42,0.0,,,,,
Zfp503,3.7692741059517973,0.6556280195612352,1.021949085557641,0.641546657095429,0.5211675775698934,0.9989528241627993
Zfp536,202.70814700731214,-0.06153565006441456,0.19849400007676474,-0.3100126454231187,0.7565513401285365,0.9989528241627993
Zfp57,2.3623172425664323,0.9949332166239038,1.2891309317989046,0.771786008761371,0.4402411797383914,0.9989528241627993
Zfp750,0.17145976739116434,1.0513301897027478,4.415151725658759,0.23811870011010441,0.811789031237038,0.9989528241627993
Zfp819,0.25592392273531955,1.6399365151295664,3.9421765910468314,0.415997730506052,0.6774116639136933,0.9989528241627993
Zfp979,0.42485223342362993,2.270743179579885,3.327828318963264,0.6823498576054252,0.4950177538951538,0.9989528241627993
Zfpl1,2.71614796345186,0.08694943187792911,1.1332408430917256,0.07672634851450667,0.9388412432380125,0.9989528241627993
Zfpm2,16.824957648133324,-0.2467982862799874,0.5130082999045924,-0.4810804938748284,0.630459290943536,0.9989528241627993
Zfyve9,95.77351700972537,-0.09044443483216244,0.25874964383049964,-0.34954419064402764,0.7266808010463546,0.9989528241627993
Zic1,12.056941922678222,0.3051998444713909,0.5691422605033033,0.536245268804142,0.5917890509998223,0.9989528241627993
Zic2,12.128666145846381,0.5470059215270251,0.6280694461846278,0.8709322270808678,0.38379115910122485,0.9989528241627993
Zic3,1.8745906471828098,-1.1083684183518525,1.463983453072384,-0.757090810026424,0.44899545944752617,0.9989528241627993
Zic4,2.4307393515647155,0.267783126555014,1.2073858616689028,0.22178752878957206,0.8244792882835872,0.9989528241627993
Zkscan1,36.17679840493193,0.20796055434319455,0.3554572680587651,0.5850507867764685,0.5585135683102167,0.9989528241627993
Zmpste24,78.22749388717263,0.017845471206149398,0.269494244906096,0.06621837587799906,0.947203967047938,0.9989528241627993
Zmynd10,1.0015756320524698,0.21191087154877564,1.9130976402694269,0.11076845587396764,0.9117999599479834,0.9989528241627993
Zmynd19,7.644404857006699,0.07192714064182427,0.7197375757813953,0.0999352306481086,0.9203957463308943,0.9989528241627993
Zp1,0.2803456984814365,-0.16632470026510202,3.7146320315781236,-0.04477555215460754,0.9642862120979863,0.9989528241627993
Zp3,0.0,,,,,
Zscan2,10.879306642088629,0.08599678307999635,0.5950843272962552,0.14451192736115187,0.8850962386402499,0.9989528241627993
Zscan21,49.34304440583029,-0.28463486406237254,0.30858241838404193,-0.9223949489829137,0.3563226034746745,0.9989528241627993
Zswim5,28.668931779917802,0.09618702406566995,0.39083759400344237,0.2461048413495831,0.8056010754650402,0.9989528241627993
Zswim9,9.514003376597357,-0.3220667078160937,0.6373196918315,-0.5053456090310865,0.6133161139109355,0.9989528241627993
Zup1,15.8487055232132,-0.11463714867111928,0.5263339166139186,-0.21780308099584053,0.8275825439060923,0.9989528241627993
Zyx,27.782879000116917,0.0810892225849647,0.442680832783969,0.18317762274685323,0.854658651749823,0.9989528241627993
Zzef1,44.53141971857294,-0.10379394809154156,0.32129627028675867,-0.3230474726609957,0.7466592898571442,0.9989528241627993
a,0.0844641553441552,0.792399408974007,4.4542327259096215,0.17789807083153408,0.8588030259342062,0.9989528241627993
