,baseMean,log2FoldChange,lfcSE,stat,pvalue,padj
2610035D17Rik,194.315456743372,0.2273323061932479,0.225922894560795,1.0062384630614478,0.3143008740667943,0.9988711645766837
9630013A20Rik,356.1184446307725,0.2626905350200303,0.4041789255806297,0.6499362495030092,0.5157334017617897,0.9988711645766837
A1cf,1.0889429378843338,-2.162942193740102,2.115034820456093,-1.022650867409208,0.3064729496339146,0.9988711645766837
A2m,91.58798804178004,1.4674840847186739,0.3338928925489586,4.395074341103254,1.1073485048845375e-05,0.007914377957053345
Aatf,211.29289274816696,0.0324589871218733,0.21301434247328688,0.15237935035263564,0.8788877429105816,0.9988711645766837
Abca1,319.8030267828722,0.7041875682270887,0.35441666146242173,1.986891827606002,0.04693438546520294,0.9988711645766837
Abca13,0.13691023446873854,1.2536647339164804,4.428644718705905,0.2830809002630525,0.7771148224071367,0.9988711645766837
Abca3,346.7530103485229,0.003210446916003477,0.14731877598679644,0.021792516904235046,0.9826134634163063,0.9990082607840204
Abca4,3.0818195176027268,-0.8041009119961574,1.1050028087559889,-0.7276912833383776,0.4668025874066768,0.9988711645766837
Abca7,105.64349900676962,0.0033766942806110734,0.21876827865248155,0.015435026967392426,0.9876851192720653,0.9990082607840204
Abca8a,80.35519769775901,-0.25832674945546763,1.058974392508603,-0.2439405062888421,0.8072768971304838,0.9988711645766837
Abca8b,74.72645154993842,-0.8671080256840145,0.27001117234891486,-3.2113783223885153,0.0013209989957345873,0.24641913201049157
Abcb1a,64.24202982020661,-0.6642713284758455,0.2729103217258409,-2.434027867744615,0.014931845427989253,0.6173886171589276
Abcb1b,5.458184656822866,-0.252825904450895,0.8392645015329381,-0.3012469894641105,0.7632261605865518,0.9988711645766837
Abcb4,8.185144032792955,0.16798167303409103,0.7333147748783744,0.22907171488799205,0.8188131772245848,0.9988711645766837
Abcb8,78.61596790123862,-0.22712973341923673,0.23674686329731362,-0.9593780050804753,0.33736835139682286,0.9988711645766837
Abcc1,92.86907416598599,0.008707513474610533,0.23631038091616835,0.03684778231430951,0.9706063751188101,0.9990082607840204
Abcc6,1.9884163270529809,-0.4779244998804031,1.718690722030128,-0.2780747540871552,0.7809549750613225,0.9988711645766837
Abcc8,36.6656843873804,-0.3179482762382433,0.39166295205808865,-0.81179053205698,0.4169118357453133,0.9988711645766837
Abcc9,4.405810046932213,-0.0454340562448347,0.8747751841706601,-0.05193798025707479,0.9585781112324728,0.9990082607840204
Abcd2,61.255056304335625,-0.2938281813910783,0.2916972482676228,-1.0073052904547815,0.3137880882165476,0.9988711645766837
Abcd3,845.1850627967929,-0.09580008952881396,0.17055998793227548,-0.5616797391358485,0.5743342410214678,0.9988711645766837
Abcf1,214.0707870655519,-0.080616200157106,0.16952261258608634,-0.47554835857763683,0.634396173534016,0.9988711645766837
Abcg2,63.49996268765083,-0.13219358779651394,0.2731837002112064,-0.48389998266481915,0.6284568526864014,0.9988711645766837
Abcg8,0.40932841538633585,-0.4880724854232401,3.5388230487164654,-0.1379194378199454,0.890304088058115,0.9988711645766837
Abhd17c,156.71713686854824,0.12641314470693973,0.19495299103821195,0.6484288547394588,0.5167076125713701,0.9988711645766837
Abhd4,661.2131362325699,0.04414518689136075,0.15579161965991342,0.2833604720698575,0.7769005258499266,0.9988711645766837
Abhd5,389.433947296432,0.11197289769964142,0.22583951841429703,0.4958073701442716,0.6200303244808534,0.9988711645766837
Abi1,714.98936533464,0.020217826855179782,0.13720227787148673,0.14735780752938532,0.882849606613523,0.9988711645766837
Abi3bp,4.118165321389408,-0.5695073247246749,1.0615242980441197,-0.5364995655530483,0.5916133360904907,0.9988711645766837
Abitram,150.33035196462023,0.20017983934168873,0.1869094501665221,1.0709990274078904,0.2841698669593973,0.9988711645766837
Abl1,717.3748123947634,-0.38867016004257904,0.20707419242906877,-1.8769608877055706,0.06052345468700039,0.9988711645766837
Abracl,12.563660521390716,-0.07747856294584606,0.5536824537705223,-0.13993320976351112,0.8887127618332621,0.9988711645766837
Abraxas1,33.50632154436253,0.003332550113101377,0.36376900847171456,0.009161171060454715,0.9926905452956336,0.9990082607840204
Abraxas2,157.5052926382391,0.0026036229572956836,0.22257223788448716,0.011697878324999989,0.9906666563538307,0.9990082607840204
Acaa2,100.96022729327052,0.062469935202894185,0.22715301595516804,0.2750125722091383,0.7833065793743451,0.9988711645766837
Acaca,645.1227815268909,-0.16873698831306974,0.1435041195463706,-1.1758337589642895,0.23966131325859108,0.9988711645766837
Acacb,13.87610531035998,0.08073126083203781,0.5226863145367916,0.15445451427895607,0.8772513731203511,0.9988711645766837
Acan,1.9244063253307295,-1.3002142516007227,1.3807734222591765,-0.9416564880524384,0.3463685389725282,0.9988711645766837
Ace,7.988853970456959,0.7939587360855298,0.767082734867858,1.035036639460151,0.30065180051438856,0.9988711645766837
Ace2,4.258928019567862,-0.7126906742217937,0.932414774326365,-0.7643494009805735,0.4446590533819784,0.9988711645766837
Acer1,0.8100393362375168,-1.5808112255477855,2.2940502336458968,-0.6890918090470181,0.4907654942291164,0.9988711645766837
Ache,92.00071862887388,0.01918567843838354,0.32461094900703075,0.059103608479848274,0.9528695845171631,0.9990082607840204
Ackr1,53.03017668054938,-0.6206648946917683,0.3141019656596159,-1.9759981233749002,0.048154989747476326,0.9988711645766837
Ackr2,0.17093747953695118,-0.6699094182016454,4.4288527141152105,-0.15126026116573596,0.8797704155341528,0.9988711645766837
Ackr3,21.478701682472344,-0.5592123106433862,0.4359110616994763,-1.2828587291710336,0.19954157414275364,0.9988711645766837
Ackr4,1.5844580815408869,-2.0364373495430033,1.7898374533468973,-1.1377778164910886,0.25521327027954344,0.9988711645766837
Acly,1340.8777010223534,-0.01050396881049547,0.1736688973561009,-0.06048272874651536,0.9517711711282703,0.9990082607840204
Acod1,0.3666836757829684,0.2918816216246855,3.732732619211389,0.07819515925744261,0.9376728125820393,0.9988711645766837
Acot6,110.51048486912838,-0.1858868310152958,0.23717161770327264,-0.7837650761730703,0.4331779696690248,0.9988711645766837
Acox1,1057.9715602095985,0.04031538223711216,0.12449324568449961,0.32383589981485833,0.7460622753707682,0.9988711645766837
Acp2,256.1799377513121,0.0877779432293901,0.16198314889929066,0.5418955232433716,0.5878904809368137,0.9988711645766837
Acp5,4.162444641386429,-1.4663907765650497,1.00210355918791,-1.4633126118755544,0.14338185829841416,0.9988711645766837
Acr,1.7943972758424491,0.5227894558600804,1.3574698784518278,0.3851204834513995,0.7001481526828017,0.9988711645766837
Acsl1,267.5542306653582,-0.3543166310710364,0.2208373849143816,-1.604423232997459,0.10862079327702846,0.9988711645766837
Acsl4,535.0358313348544,-0.10574607289729517,0.17284223617137773,-0.6118069011352357,0.5406655232530517,0.9988711645766837
Acsl6,1148.613497609868,-0.14628563656357949,0.17795232332212174,-0.8220496020092946,0.41104866712085064,0.9988711645766837
Acss1,86.07193931190226,0.0009657672620735865,0.2507347388577001,0.0038517489298588578,0.9969267565958696,0.9990082607840204
Acss2,273.5301891118656,-0.347299040969364,0.1708680344611109,-2.032557125530746,0.04209728684339232,0.9988711645766837
Actc1,0.3573793379136945,2.105959986671047,3.882576521232137,0.5424130020759307,0.5875340246416054,0.9988711645766837
Actg2,0.7271816112712394,-0.5351069293695357,2.25346821812341,-0.23745927502591962,0.8123005095572645,0.9988711645766837
Actl6a,95.86001413396872,0.10196752261961066,0.26069898792465995,0.3911312561331404,0.6957002181894085,0.9988711645766837
Actl6b,67.17359057427062,0.03408995938065598,0.35857480820673443,0.09507070379858251,0.9242586676333214,0.9988711645766837
Actn1,57.51069954945857,0.06090540020633422,0.2960736043816457,0.205710334541764,0.8370171854137243,0.9988711645766837
Actn2,3.0975486028477026,1.1006273368421635,1.3989061520841417,0.7867771081015039,0.4314123564398621,0.9988711645766837
Actr1a,242.29447377186173,-0.007174705951060358,0.17829920834523086,-0.04023969605724986,0.9679020303675467,0.9990082607840204
Actr1b,368.87220814522925,-0.10048642422331493,0.14169020915494282,-0.709198079547118,0.4782015650902358,0.9988711645766837
Actr2,1924.8429712795298,0.09302318534858639,0.12242778925968871,0.7598208373367707,0.44736168571844903,0.9988711645766837
Acvr1,120.7613585422476,0.18222134270239482,0.2645897489478428,0.6886938871479679,0.49101592379786096,0.9988711645766837
Acvr1b,152.42432849171473,0.05736086067936996,0.22023605978899435,0.2604517204599771,0.7945153519314507,0.9988711645766837
Acvr1c,57.820914842999265,-0.11342057658457955,0.31083816796491276,-0.3648862600341358,0.7151963111407911,0.9988711645766837
Acvr2a,129.6579173760466,0.16895996049842973,0.19811010366183435,0.8528588768336487,0.3937375689577548,0.9988711645766837
Acvr2b,56.98884301658054,-0.08611676251326769,0.2820302557542535,-0.3053458299463635,0.7601027742417368,0.9988711645766837
Acvrl1,19.324006691513517,-0.29123000432204266,0.4345533995935708,-0.6701823172812003,0.5027415747124099,0.9988711645766837
Ada,77.55031518970819,-0.12414339338586053,0.3389554487127081,-0.3662528331004408,0.7141764217022035,0.9988711645766837
Adad1,0.17093747953695118,-0.6699094182016454,4.4288527141152105,-0.15126026116573596,0.8797704155341528,0.9988711645766837
Adad2,0.6398030007105056,0.30555536707760667,2.3587599777167485,0.1295406781377479,0.8969298395923762,0.9988711645766837
Adam10,868.8343020167275,-0.0952926456251847,0.14303907891678863,-0.6662000786555689,0.5052832226704114,0.9988711645766837
Adam17,79.82663351304231,-0.11806173574061976,0.272779427482344,-0.4328102629669954,0.6651526168147375,0.9988711645766837
Adam18,15.248255791494989,-0.6599115797378947,0.6333241930836608,-1.041980690055088,0.29742063166337673,0.9988711645766837
Adam28,0.44475794847442823,0.8961203591435281,3.4470862508021907,0.2599645886246643,0.7948910888793128,0.9988711645766837
Adamdec1,0.14621457233801252,-0.6699094182016454,4.4288527141152105,-0.15126026116573596,0.8797704155341528,0.9988711645766837
Adamts1,713.7012804754698,0.37396876110977123,0.3487362009852943,1.0723542897272687,0.2835609307372582,0.9988711645766837
Adamts13,0.14621457233801252,-0.6699094182016454,4.4288527141152105,-0.15126026116573596,0.8797704155341528,0.9988711645766837
Adamts14,0.4787851935426409,-0.7545038689932926,3.396284246435854,-0.2221556896437888,0.8241926867429763,0.9988711645766837
Adamts18,0.44475794847442823,0.8961203591435281,3.4470862508021907,0.2599645886246643,0.7948910888793128,0.9988711645766837
Adamts20,103.93811713112619,-0.23353527459001983,0.22867750611095397,-1.0212428785046697,0.3071393819624174,0.9988711645766837
Adamts3,21.891088863010165,-0.5085727429303906,0.5027020997128546,-1.0116781752471082,0.3116919539768559,0.9988711645766837
Adamts5,4.7948891167267105,1.834930520163067,1.1183421146144936,1.6407595638080663,0.10084733511722492,0.9988711645766837
Adamts6,61.783189158665714,0.10569396031292448,0.30442177746487553,0.3471957926042908,0.7284442314947766,0.9988711645766837
Adar,244.15334029389794,0.012829689018965489,0.2028658795754004,0.06324222213128255,0.9495736236520622,0.9990082607840204
Adarb1,2102.5606425768274,-0.3724197915649256,0.13661512904439818,-2.7260508713049925,0.006409711861642972,0.4858755824818149
Adcy1,957.8076259037647,-0.24354785698418976,0.1640120544302111,-1.4849387615458596,0.13756004689510742,0.9988711645766837
Adcy2,97.33935483208442,0.3029014746870716,0.3564920381259646,0.8496724815493439,0.3955072019490333,0.9988711645766837
Adcy3,28.30585386198142,0.04952191611348795,0.4228637802071045,0.11711080123540914,0.9067722504889941,0.9988711645766837
Adcy8,99.83931747321755,0.021098928949634894,0.27434911370368176,0.07690540226210962,0.9386987998941985,0.9988711645766837
Adcyap1,29.294689443542534,0.45856500616682916,0.38443431143849344,1.192830589056815,0.2329357276153008,0.9988711645766837
Adcyap1r1,297.7633287939245,0.19697594300125712,0.2182798132838212,0.9024010971877484,0.36684383848231106,0.9988711645766837
Add2,473.5329409647713,0.10616047582700903,0.2834559682246497,0.37452192836833414,0.708016045256503,0.9988711645766837
Adgra2,15.167751921288888,0.3100805118416688,0.5317369013714416,0.5831464979051058,0.559794684317597,0.9988711645766837
Adgra3,57.065090568355664,0.1324406017076181,0.27639692923097,0.4791681372007742,0.6318190196416353,0.9988711645766837
Adgrb1,1348.0739579858189,-0.301466545809711,0.12315178323540678,-2.447926760698645,0.01436808583600374,0.6091824867587009
Adgre1,8.641385390867887,0.7689009282722744,0.6575702186292489,1.1693061919305014,0.24228028933354195,0.9988711645766837
Adgre5,21.579758066774758,-0.25969564673531437,0.41514705853790884,-0.6255509737920989,0.5316095041848496,0.9988711645766837
Adgrf1,0.8188192468426111,1.9493981314630744,2.5687465699735634,0.7588907968773023,0.44791788469048954,0.9988711645766837
Adgrf5,180.36698429184855,-0.8018804639996376,0.3670465221751827,-2.1846834544230305,0.028912064158178687,0.8418481343239875
Adgrg1,492.50914597962327,0.34277848994330007,0.23072672182676968,1.4856471206688369,0.13737248435949756,0.9988711645766837
Adgrg2,29.019688410882864,0.03187989936140667,0.48590020761655806,0.06560997270979618,0.9476883491491749,0.9990082607840204
Adgrg5,1.4556266136673024,-1.3974815297442835,1.7050148484330974,-0.8196301228863574,0.4124269959975332,0.9988711645766837
Adgrg6,7.319962913285036,0.41135096765631496,0.7913499794649602,0.5198091594498221,0.6031965946989905,0.9988711645766837
Adgrg7,0.0,,,,,
Adgrl1,569.9444906339464,-0.16056560250466928,0.16072900820970443,-0.9989833465230996,0.3178027587167922,0.9988711645766837
Adgrl2,61.1101587751434,-0.22237970143754385,0.31792115192400944,-0.6994806734051398,0.48425168693304654,0.9988711645766837
Adgrl3,484.2293640450927,0.12311481055726484,0.1922842851099943,0.6402749475176208,0.5219938649888973,0.9988711645766837
Adgrv1,1.7522432745196586,0.34104082777721617,1.4041696429589807,0.24287722604410328,0.808100508388438,0.9988711645766837
Adh5,900.4870839232782,-0.0846465426378293,0.14702814387111213,-0.5757165968988373,0.5648067552804654,0.9988711645766837
Adipoq,0.40862727137639593,-2.021519410583075,4.293594625457573,-0.47082214017063595,0.6377677525202419,0.9988711645766837
Adipor1,586.5542844957753,0.18321382611967924,0.16471585072499315,1.112302339533613,0.26600817831758294,0.9988711645766837
Adm,35.23665234006227,1.5161636516083805,0.7393122927818238,2.0507756551747356,0.040288799402029056,0.9988711645766837
Adora1,924.243668695772,-0.1613506074927199,0.14638437043088326,-1.102239310233623,0.2703576461659254,0.9988711645766837
Adora2a,8.421053592211985,-0.39295533328630655,0.6533575973682574,-0.6014399080521013,0.5475470246662394,0.9988711645766837
Adora2b,23.97041385632423,-0.11227298964018989,0.4069592000322264,-0.27588266743029566,0.7826381868730048,0.9988711645766837
Adprhl1,3.03570683737589,0.5730173815168993,1.1421520876571862,0.5016997190735678,0.6158787621480339,0.9988711645766837
Adra1a,38.3679187096892,0.00716495881233011,0.38419648077637275,0.018649204693003373,0.9851209499803656,0.9990082607840204
Adra1b,123.96855687688905,-0.3055079168832339,0.21467080071423458,-1.4231461189261592,0.1546938013271448,0.9988711645766837
Adra2a,17.493613162990183,0.3747966019155927,0.5219238437509742,0.7181059198637024,0.4726919803254517,0.9988711645766837
Adrb1,123.64340685994222,-0.4724814203251259,0.31923776428417155,-1.4800298498035576,0.1388652808074015,0.9988711645766837
Adrb2,1.6340806126845242,0.6595112496875233,1.599186482553383,0.41240421732085764,0.6800431725437148,0.9988711645766837
Adrb3,0.0,,,,,
Adtrp,0.7271816112712394,-0.5351069293695357,2.25346821812341,-0.23745927502591962,0.8123005095572645,0.9988711645766837
Aebp2,393.0467751983344,-0.04834279748808284,0.1453702894234568,-0.3325493653470177,0.7394744703617804,0.9988711645766837
Afap1l2,35.581087716397,0.37693703477098484,0.3477553609552815,1.0839143751387226,0.2784027652847525,0.9988711645766837
Afdn,133.4017482550509,-0.1758547370840891,0.282357801036737,-0.6228081407292481,0.5334106080708638,0.9988711645766837
Afg3l2,330.6133697331508,-0.03567649524128957,0.16156225928812853,-0.22082196299114917,0.8252310616952477,0.9988711645766837
Afp,1.1645139475010298,-0.42134112420468,2.22857961342909,-0.18906263059472542,0.8500437296973993,0.9988711645766837
Ager,2.575406690210966,-0.8760464750855795,1.1728975071715186,-0.7469079520837203,0.4551191255176118,0.9988711645766837
Agl,253.595115783488,-0.19294715502027332,0.161497777125454,-1.1947356703887568,0.2321903211863664,0.9988711645766837
Ago1,187.4707300262228,-0.02292669684240617,0.1977962344082304,-0.11591068409870686,0.9077233280880208,0.9988711645766837
Ago2,153.06655947841338,-0.16194894682027705,0.20213968089913326,-0.8011734563936944,0.42303123553749744,0.9988711645766837
Ago3,342.0473252080003,-0.17370048729167004,0.21502839426559323,-0.8078025596802028,0.4192042513753881,0.9988711645766837
Agpat3,2112.1737087022498,-0.14546758756772452,0.12674917176846617,-1.1476807740681054,0.2511003708645899,0.9988711645766837
Agpat4,1855.82822174158,-0.22813992674283126,0.18974057033659203,-1.2023782069281248,0.22921702876562633,0.9988711645766837
Agps,576.1920721896129,-0.16212910270534248,0.13268575470386784,-1.2219028566192898,0.22174436507468576,0.9988711645766837
Agr3,2.277088020479734,0.3387646333887974,1.296155513001769,0.2613611021136281,0.7938140507749794,0.9988711645766837
Agrn,121.27702349258522,-0.04603511591561201,0.2346291905060473,-0.19620370260121367,0.8444507301270274,0.9988711645766837
Agrp,0.3778810399526991,0.29188177635622714,3.693452016246246,0.07902682235273072,0.9370112886243994,0.9988711645766837
Agt,98.3607010709779,0.47701811040911035,0.34163605938533254,1.3962756486167052,0.16263150390091663,0.9988711645766837
Agtr1a,0.0,,,,,
Agtr1b,1.4308178969582366,-2.621048946928367,1.9624462419021464,-1.3356029281025577,0.18167909257327397,0.9988711645766837
Agtr2,0.872695039599312,-1.9008970949025554,2.216561251970142,-0.857588344654579,0.3911198132002732,0.9988711645766837
Agtrap,12.51085197428082,0.6212397903761533,0.5341458446337769,1.1630527441472283,0.24480810337752767,0.9988711645766837
Agxt2,0.0,,,,,
Ahi1,538.9405633295363,0.2892916576306234,0.20179663353091487,1.433580196898104,0.15169209804574488,0.9988711645766837
Ahr,12.76040999999335,0.3345855766532354,0.5587450214415747,0.5988162109972758,0.5492954508026717,0.9988711645766837
Aicda,0.17093747953695118,-0.6699094182016454,4.4288527141152105,-0.15126026116573596,0.8797704155341528,0.9988711645766837
Aida,251.93447998552918,-0.005419077110755887,0.18625589756024527,-0.029094794751414858,0.9767889872287558,0.9990082607840204
Aif1,59.12951667972164,0.39722769872009195,0.3322475159855924,1.1955776329636048,0.23186142422501932,0.9988711645766837
Aif1l,84.65085464425478,-0.48454610606637644,0.37536527902477246,-1.290865546555782,0.19675030419508877,0.9988711645766837
Aifm1,51.62732529413244,-0.0029340962627294976,0.29871135224813256,-0.009822513408503512,0.9921628942262509,0.9990082607840204
Aim2,7.014281893958018,-0.8829842181552091,0.8697898614099369,-1.0151695913354106,0.31002499317826715,0.9988711645766837
Aip,653.7914798245971,-0.008011191389184248,0.1357786546056789,-0.059001846884180156,0.9529506370756756,0.9990082607840204
Aire,0.6149942840014395,-1.2520963489920358,2.7372561339148813,-0.4574275433995507,0.647363770774884,0.9988711645766837
Ajuba,3.5418570980872897,0.6953724806839092,1.0223652429062526,0.6801605253198857,0.49640282409930636,0.9988711645766837
Ak4,80.77902909342423,0.18497451778084062,0.2759160687524181,0.6704013964000766,0.5026019447220993,0.9988711645766837
Akap5,16.857646138256822,0.17295526867494598,0.6166125153332682,0.2804926341488004,0.7790995758511778,0.9988711645766837
Akap9,198.11338390516391,-0.18058087370141443,0.1781365636967742,-1.0137215513419298,0.31071563748078646,0.9988711645766837
Akip1,35.806682178813155,0.0669442255861301,0.3431059064132131,0.195112425448914,0.8453049354153063,0.9988711645766837
Akr1b3,253.31169811544433,-0.029524829238836165,0.17034630337317494,-0.17332239475814507,0.8623980216101466,0.9988711645766837
Akt1,388.99138076946514,0.071961723400101,0.1531255643153678,0.4699523800734745,0.6383890400333125,0.9988711645766837
Akt1s1,376.7248385415766,-0.10378790684204267,0.16561901027267592,-0.6266666288559856,0.530877783024502,0.9988711645766837
Akt2,123.66703868127023,0.29364361715980897,0.24591233838155824,1.1940987552409459,0.23243934010105471,0.9988711645766837
Akt3,100.51749628491291,-0.13978226414422387,0.22218937656322868,-0.6291131750146745,0.5292749656647571,0.9988711645766837
Aldh1a2,7.165260530263068,-0.4048303148563087,0.7885824995910383,-0.5133645687879901,0.6076963252003911,0.9988711645766837
Aldh1a3,0.5488185194896503,-0.7512039860289235,3.2589593858913677,-0.2305042490805572,0.8176999620895935,0.9988711645766837
Aldh1l1,112.95111007298614,-0.03461631816894088,0.24369197657988503,-0.14204947842258261,0.8870409237724787,0.9988711645766837
Aldh1l2,26.78406554735777,2.481534920346658,0.6911157026209087,3.5906215282563636,0.00032989036974608623,0.11788867998854781
Aldh2,32.336403238684035,-0.20647408012795765,0.3578962031673403,-0.576910507294254,0.5639999122027579,0.9988711645766837
Aldh3a1,1.47055444471639,-0.07785524248250639,1.7999199926205298,-0.04325483510472918,0.965498393865396,0.9990082607840204
Aldh4a1,126.26621279675555,-0.0045096470200425565,0.23248815852575688,-0.019397319195261043,0.9845241489795009,0.9990082607840204
Aldh9a1,129.00463909799348,0.26210815226154927,0.22662883031165326,1.1565525529170577,0.24745521676806836,0.9988711645766837
Aldoa,5741.090316815345,0.051923080196728665,0.1119223124373629,0.46392072381266525,0.6427045445243892,0.9988711645766837
Aldoc,3657.846963721571,0.03880549416724516,0.13180390531033417,0.29441839432509276,0.7684382128320573,0.9988711645766837
Alg13,38.570614746247166,0.31275850856466014,0.3344002935763031,0.9352818002036092,0.34964309207695654,0.9988711645766837
Alk,17.9840556604812,-0.40433524402766696,0.5684615778695293,-0.7112798116330531,0.4769108593441511,0.9988711645766837
Alkbh5,257.71021588252927,0.06565224265117373,0.19496208672613555,0.33674363951282404,0.7363101631001598,0.9988711645766837
Alox12,2.086616014789111,-0.8263662088879576,1.327278322359491,-0.6226020533650649,0.5335460615161676,0.9988711645766837
Alox12b,0.4787851935426409,-0.7545038689932926,3.396284246435854,-0.2221556896437888,0.8241926867429763,0.9988711645766837
Alox12e,0.0,,,,,
Alox15,1.3750633785768993,1.016870243658052,1.5638231445699198,0.6502463192138711,0.5155331257544262,0.9988711645766837
Alox5,1.1812438976149418,-0.729676502927668,1.8804384374988499,-0.3880353051590471,0.6979899068738823,0.9988711645766837
Alpl,43.1709960320753,0.33773830322229575,0.32105544370855865,1.0519625498980205,0.29281673203360536,0.9988711645766837
Als2,145.10999095679662,-0.09310479337080195,0.2061938740533518,-0.4515400556794014,0.6516003625228735,0.9988711645766837
Alx1,0.44093820688991187,2.3799509432843466,4.302791373767005,0.553117903367169,0.5801826780159077,0.9988711645766837
Alx4,0.8007349983682429,-0.31501206205248633,2.1922869243701757,-0.1436910737142614,0.8857444201924032,0.9988711645766837
Ambra1,435.57077418401656,-0.10700168525508225,0.1419815857170758,-0.7536307241158907,0.4510709902041876,0.9988711645766837
Amd1,1527.8489597961025,0.009261022212305663,0.11408668755116459,0.08117530985508158,0.935302534584735,0.9988711645766837
Amelx,0.13691023446873854,1.2536647339164804,4.428644718705905,0.2830809002630525,0.7771148224071367,0.9988711645766837
Amer1,28.25264622025405,0.03403698295107791,0.4074153845834573,0.08354368597513182,0.9334192423939234,0.9988711645766837
Amfr,1288.4779492548018,-0.019980986531869742,0.12463728712400847,-0.16031307318161991,0.872634461155658,0.9988711645766837
Amh,2.6149328322397567,-0.42854550948795295,1.1552987014207925,-0.3709391423715143,0.7106828602392078,0.9988711645766837
Amhr2,2.9686541789668053,-1.7935798745815503,1.2841426128291968,-1.3967139293275002,0.1624996137475776,0.9988711645766837
Amigo3,3.768586915856282,-0.2286201870759881,1.0280016514567523,-0.22239282082087794,0.8240081000561005,0.9988711645766837
Amy1,105.04291332267708,-0.4239022346155895,0.2469399255412142,-1.7166208894188735,0.08604846316322187,0.9988711645766837
Amy2a5,6.810817985546226,-0.4460145370369988,0.7655291801382121,-0.5826225160437036,0.5601474445273567,0.9988711645766837
Anapc11,318.4896912067984,0.25112275729917427,0.14932917648428917,1.6816724180193598,0.0926323793331551,0.9988711645766837
Anapc15,18.041570555436383,0.6298898797360616,0.5128164748870335,1.228294937043155,0.21933627089731988,0.9988711645766837
Anapc16,395.0090212368043,0.05124984757819591,0.1634252229206561,0.3135981500424693,0.7538262647667681,0.9988711645766837
Anapc2,613.0277134667434,-0.07721861910802232,0.15422850542027036,-0.5006766997942613,0.6165986730202005,0.9988711645766837
Anapc4,407.880836835014,-0.06629033457625598,0.14113052873745907,-0.46970939008932594,0.6385626581820439,0.9988711645766837
Anapc5,679.8274107677126,-0.07738602148983258,0.13682299647404259,-0.5655922139120371,0.571671021961575,0.9988711645766837
Ang,1.9103563550373417,0.5094876625176926,1.38679798249168,0.3673841965087725,0.7133324580477328,0.9988711645766837
Angpt1,11.7017048398993,0.8430695232943299,0.5727544650018133,1.471956265398404,0.14103268806942185,0.9988711645766837
Angpt2,12.873491543684901,-0.8900856126276068,0.5760031383661718,-1.5452791023887948,0.12227876798140654,0.9988711645766837
Angpt4,0.8467465611262536,0.9326756836146183,2.001724532465267,0.46593608085821947,0.6412612538766749,0.9988711645766837
Angptl3,0.22046910344495593,1.2536647339164806,4.428644718705905,0.28308090026305255,0.7771148224071367,0.9988711645766837
Angptl4,5.10482695382053,0.4701627028930676,0.9764232456002746,0.4815152701572833,0.6301503295215153,0.9988711645766837
Angptl8,0.30714656999574985,-1.589477432344553,4.067301980088958,-0.3907940546646573,0.695949469913375,0.9988711645766837
Ank,1279.4640884794646,-0.246247890392995,0.14006291224014675,-1.7581234493453008,0.0787265066610373,0.9988711645766837
Ank1,121.8382493963639,-0.30751032839463827,0.23783889685740328,-1.2929353964293175,0.19603340394376656,0.9988711645766837
Ank2,1319.7064408510532,-0.052811509090105235,0.1703608105812326,-0.3099979913803198,0.7565624838167151,0.9988711645766837
Ankle2,416.7895139052198,-0.0007159531123591123,0.1402156190307481,-0.005106086734902977,0.9959259499312966,0.9990082607840204
Ankrd11,205.41794011200298,0.0242148791407964,0.17579805435712462,0.13774258895724256,0.8904438590675694,0.9988711645766837
Ankrd13a,752.9682576778056,-0.32579940687009706,0.21932800519762904,-1.485443715117594,0.13742632280598155,0.9988711645766837
Ankrd13b,274.88153818547494,0.1663569016606284,0.1847637015814051,0.9003765362826591,0.36791990314559075,0.9988711645766837
Ankrd13d,77.95282129992997,0.07372026464726031,0.31087878156559495,0.23713507971178613,0.8125519987012643,0.9988711645766837
Anks6,28.433243313909898,0.23877559221854422,0.4083296722366419,0.584761795317596,0.5587078964347736,0.9988711645766837
Anln,761.3206220670369,-0.6524957773493371,1.0690450022681028,-0.6103538915246708,0.5416274047362006,0.9988711645766837
Ano1,4.130110811945625,1.626552296868442,1.1230971638512564,1.4482738886907773,0.14754046720822692,0.9988711645766837
Ano5,13.042438994770924,-0.03424505263309881,0.5660127003596288,-0.060502268962057654,0.951755608791998,0.9990082607840204
Anp32e,305.0389224333472,0.023886936277021265,0.17071086117239295,0.1399262830318626,0.8887182347218691,0.9988711645766837
Anxa2,260.5685254855635,-0.024070252215157257,0.3204163814153509,-0.07512179030558164,0.9401178106521348,0.9988711645766837
Anxa6,468.31947837419335,0.022874744061250653,0.20152054617880896,0.11351072878173879,0.9096256577190371,0.9988711645766837
Anxa8,0.3438537948844865,2.0625228501282593,3.9223880904154367,0.5258334470187036,0.5990039332728522,0.9988711645766837
Aox3,2.406272962269312,0.7098875387513287,1.2254829491431232,0.579271657143572,0.5624058867187609,0.9988711645766837
Ap1b1,669.9648702098802,-0.05292957390074709,0.1727557675087744,-0.30638383113929185,0.7593124176920488,0.9988711645766837
Ap1g1,538.773333466219,0.0375646841066008,0.14948126768794653,0.25130027787173925,0.8015819603448808,0.9988711645766837
Ap1s1,158.70258830238936,-0.061275893076428084,0.18009941357334402,-0.3402337179264272,0.7336805279531053,0.9988711645766837
Ap2a1,264.78866364863757,-0.10148660503865993,0.17103592740504386,-0.5933642514670112,0.5529374077422053,0.9988711645766837
Ap2a2,544.9076083702844,0.15950364210517276,0.22125183749340138,0.7209144290606391,0.4709621646602431,0.9988711645766837
Ap2b1,1647.5979131841605,-0.053146700301611206,0.11590333954247116,-0.4585433043724882,0.6465621583581382,0.9988711645766837
Ap3b1,202.3136198106431,-0.11118791237139901,0.179264327540424,-0.6202456110311528,0.5350960968268077,0.9988711645766837
Ap3b2,318.1566655340262,-0.19595964299606283,0.23035576079199527,-0.8506826237916787,0.3949456781635171,0.9988711645766837
Ap3m2,348.9598117912845,-0.10787231896584325,0.17846992763139863,-0.6044285465764094,0.5455587614342794,0.9988711645766837
Ap3s2,190.79163984314678,-0.31580994866927725,0.23310927860631253,-1.3547721075600514,0.1754901758624754,0.9988711645766837
Ap4s1,222.40990428585908,0.0006699590020367535,0.16374973556457095,0.00409135929121895,0.9967355766961586,0.9990082607840204
Ap5z1,85.08875343185579,-0.29163703164960375,0.23652508347608736,-1.2330067803531215,0.21757323450109567,0.9988711645766837
Apaf1,51.236771509142564,0.6483803365285904,0.3253382753010476,1.9929420721512705,0.046267790642667714,0.9988711645766837
Apba1,401.9877065582628,0.10570516654022119,0.19719894399649188,0.5360331267397743,0.5919356560432509,0.9988711645766837
Apba3,237.7703691489622,0.15874080345240946,0.1841552472858558,0.8619944627806523,0.3886905649055338,0.9988711645766837
Apc,871.7705084804567,0.005041784490090257,0.13325466801681796,0.037835706359299455,0.969818675186274,0.9990082607840204
Apc2,200.46786621231806,-0.04613010344600462,0.27163522186042804,-0.16982371847825853,0.8651487732190688,0.9988711645766837
Apcs,0.0,,,,,
Apex1,4.18903772138301,0.8270610811887718,0.9240019348783323,0.895085875872841,0.3707411835924673,0.9988711645766837
Aph1c,6.683700328890711,-0.5372193230102668,0.8446041681556701,-0.6360604686374827,0.5247370101910152,0.9988711645766837
Apip,193.00423148212565,0.024629668727808984,0.17738338317868024,0.13884992092522694,0.8895687448268353,0.9988711645766837
Apln,282.2849029754199,-0.7819075933770318,0.2135644863672176,-3.661224797612491,0.00025101239225142833,0.09660115372568431
Aplnr,0.5636217543195026,1.346150896857567,2.8382346280676947,0.47429161900333916,0.6352919672020887,0.9988711645766837
Aplp1,26196.872606984532,-0.4872018862651825,0.22116703999951756,-2.202868412337775,0.027604024567013382,0.8369874842955634
Aplp2,1385.5123779502162,-0.049149602024200406,0.13055023756965256,-0.3764803721477534,0.706559804747443,0.9988711645766837
Apmap,319.639716389873,0.18527768303158712,0.16439631098429985,1.1270184952585798,0.259734661269614,0.9988711645766837
Apoa1,0.8014361423781828,0.7415296934325244,2.1830081594600244,0.33968251113451847,0.7340956335416119,0.9988711645766837
Apoa4,3.3665738171711688,0.42837189985580826,1.1020133995622439,0.38871750563647567,0.6974851312181093,0.9988711645766837
Apob,0.13620909045879864,-0.6699094182016448,4.4288527141152105,-0.15126026116573588,0.8797704155341529,0.9988711645766837
Apobec1,5.4136510217861415,0.41208529938945737,0.8413001184810811,0.4898196141151788,0.624261549990516,0.9988711645766837
Apobec3,15.415468215845804,0.3352036791285054,0.5761890159194956,0.5817599257659914,0.5607284005905439,0.9988711645766837
Apod,4713.512564384321,-0.4820017307292442,0.29374450468706054,-1.6408876524949554,0.10082073859450845,0.9988711645766837
App,4700.659070872816,-0.005336595022009822,0.15638196015101588,-0.03412538771643703,0.9727771638019089,0.9990082607840204
Appbp2,825.9412131110342,-0.138588110885429,0.13555245126329626,-1.02239472317794,0.3065941170148542,0.9988711645766837
Appl1,603.1764967725323,-0.04626965407351302,0.12462567387474797,-0.371269038192044,0.7104371565167606,0.9988711645766837
Appl2,808.7747820350896,-0.10719018887462038,0.15098731213453548,-0.7099284526577294,0.4777485052855175,0.9988711645766837
Aqp2,1.4822762361503008,-2.7660135975246156,1.964975436148323,-1.4076581043407137,0.15923233317925467,0.9988711645766837
Aqp3,0.5909725208124407,-0.028213439943919016,2.695376556788683,-0.010467346342706556,0.9916484184681675,0.9990082607840204
Aqp4,310.5592065266467,0.05178914926691837,0.1777573203675042,0.29134749083664707,0.7707855695478746,0.9988711645766837
Aqp5,2.4756194448822026,1.2777505282751465,1.3293190731779247,0.9612067968155332,0.3364481995911899,0.9988711645766837
Aqp6,2.130887748817542,1.526221200536459,1.703990962100665,0.8956744692207446,0.37042664985240725,0.9988711645766837
Ar,163.32115528914485,-0.18741595822415275,0.21604523006815662,-0.8674848232707008,0.38567642378179834,0.9988711645766837
Araf,656.7967202544395,-0.06347756777888364,0.1402549427261552,-0.45258702862844724,0.650846140894352,0.9988711645766837
Arap1,149.51662741430246,-0.16640657057199432,0.20546999194694415,-0.809882596457021,0.4180076552048383,0.9988711645766837
Arc,518.9154405790406,-0.3449571953676755,0.19653692942535508,-1.7551774945109773,0.07922895218652386,0.9988711645766837
Arf2,122.5607569392054,0.057876136998285074,0.21591901717690443,0.26804557447048133,0.7886642384852255,0.9988711645766837
Arf6,49.050000099853605,0.19051205969224494,0.2875034796959744,0.662642622251756,0.5075594656857032,0.9988711645766837
Arfip2,436.4703454191643,0.14191213341783765,0.15011739668442625,0.9453410234402242,0.3444848010305346,0.9988711645766837
Arg1,1.16381280349109,-1.1928176671877397,2.0381352482704527,-0.5852495158012485,0.5583799549164579,0.9988711645766837
Arg2,5.874737456799064,0.07710825220651485,0.7840844831077616,0.09834176529153095,0.9216609149839764,0.9988711645766837
Arhgap17,156.79284351200354,-0.011656348920528031,0.21380946323173342,-0.05451746028609835,0.9565228979795345,0.9990082607840204
Arhgap31,146.12980460710307,0.0460315636444319,0.27872918292678034,0.16514798759527086,0.8688275028942213,0.9988711645766837
Arhgap35,695.6628398862331,0.03733106132185374,0.1347855122654634,0.27696642387150106,0.7818058878249856,0.9988711645766837
Arhgap44,644.8483244910664,-0.22343833593972054,0.17015665900272764,-1.3131330695446883,0.1891381122952226,0.9988711645766837
Arhgef1,203.29976351681023,0.10506943611848915,0.25920957190389704,0.40534550999314206,0.6852235583215848,0.9988711645766837
Arhgef11,224.71480782337719,0.19126864266152047,0.1838507583764791,1.0403473140418134,0.2981785697806134,0.9988711645766837
Arhgef12,950.2842511616795,-0.017792345538549238,0.1292836422101812,-0.13762255792286207,0.8905387265248057,0.9988711645766837
Arhgef15,22.50360153934967,0.17604661900609875,0.43373784593616227,0.4058825409300561,0.6848289068709175,0.9988711645766837
Arhgef28,362.98731043300614,-0.3728037833403707,0.1932079309908686,-1.9295469985545786,0.05366299137177216,0.9988711645766837
Arhgef3,124.63854443235418,-0.000549277933155598,0.21816621159909044,-0.002517703952090297,0.9979911650102333,0.9990082607840204
Arhgef6,13.02868620657543,0.2654903931841081,0.597195966156265,0.44456159825205305,0.656636604412951,0.9988711645766837
Arhgef7,275.9153445881933,0.05333183171259324,0.15801210955784517,0.3375173704207113,0.7357269198806541,0.9988711645766837
Arid1a,385.08836362577387,0.019729262918747725,0.14299726669572724,0.13796951070909688,0.8902645139909098,0.9988711645766837
Arid1b,235.948936556749,-0.07471594483377231,0.17658252324310658,-0.4231219684799077,0.672206274885172,0.9988711645766837
Arid2,230.53274683842764,-0.017964189703659077,0.16314497219455437,-0.1101118193347469,0.9123206946850885,0.9988711645766837
Arid3a,12.656560841990368,-0.11685492547635838,0.5505465710898706,-0.2122525715581709,0.8319099947721436,0.9988711645766837
Arid3b,15.791194670100564,-0.2015759855193004,0.5361856288649404,-0.37594440184086936,0.7069582298447392,0.9988711645766837
Arid5b,528.7131979605794,0.11880341196612382,0.32063309106006815,0.3705276070331334,0.7109894105589148,0.9988711645766837
Arl13b,134.18614525725636,-0.018499702582235364,0.2159081648440014,-0.0856832005200073,0.9317182570525703,0.9988711645766837
Armc12,0.3438537948844865,2.0625228501282593,3.9223880904154367,0.5258334470187036,0.5990039332728522,0.9988711645766837
Arnt,232.8940896738661,-0.003634605595348717,0.17365122050349363,-0.020930492655394803,0.9833011023267169,0.9990082607840204
Arnt2,609.5482013603378,0.014197333471125114,0.17241988376452366,0.08234162534591787,0.9343750545455219,0.9988711645766837
Arntl,90.62104649673525,0.19736014578303082,0.27149524346250975,0.7269377660764944,0.4672640806227154,0.9988711645766837
Arr3,0.0,,,,,
Arrb1,279.9154802381833,0.22953655825374947,0.2607833031614494,0.8801811905559183,0.3787611613916614,0.9988711645766837
Arrb2,95.6753535692802,0.1081794024500131,0.22927407255931348,0.47183443484228665,0.6370449699661775,0.9988711645766837
Arrdc2,453.0200666475887,-0.10322618947599223,0.6610955612100036,-0.1561441273135419,0.8759194163447347,0.9988711645766837
Arrdc3,1384.7812693592068,-0.5319294099693107,0.2836398565393309,-1.8753690558842557,0.06074196913450856,0.9988711645766837
Arx,4.858503693815163,0.28532837395165567,1.0145775132794135,0.28122875799739566,0.7785349486805266,0.9988711645766837
Asap1,388.09535582578127,0.0719432938766601,0.16655802413099177,0.43194132646578065,0.6657840576570437,0.9988711645766837
Asap2,202.1019866927671,-0.07853105303668506,0.17873241943428966,-0.4393777764842305,0.6603878266673249,0.9988711645766837
Asb9,0.44405680446448836,-0.6235102737815117,3.003849274169698,-0.20757042610064314,0.8355643979530634,0.9988711645766837
Ascc2,104.65556366181848,-0.08782074376070131,0.2533554448862601,-0.346630575869909,0.7288688722438719,0.9988711645766837
Ascl1,6.0777148331911235,0.18572534574305039,0.8191515602968147,0.22672891653377783,0.8206345404512212,0.9988711645766837
Ascl2,6.681763443797931,-0.03950893083034701,0.7959213305064657,-0.04963924111093547,0.9604098752774549,0.9990082607840204
Asf1a,328.70783995795136,-0.1820320755915681,0.16693461140353502,-1.0904393885791461,0.2755196390691568,0.9988711645766837
Ash1l,411.6036944492036,0.004517560947437137,0.14421004589939893,0.031326256914088996,0.975009350691197,0.9990082607840204
Ash2l,543.6472656470706,-0.01632618666864647,0.13308499346511046,-0.12267488800626153,0.9023645501082929,0.9988711645766837
Asic1,76.61086790579073,-0.2879306967751431,0.2669428800532861,-1.0786228751172067,0.28075587959324677,0.9988711645766837
Asic3,2.8442155352734098,-0.17095671648274538,1.1578804178662043,-0.14764626281338478,0.8826219427409913,0.9988711645766837
Asna1,851.712449872307,0.12916599132048662,0.12214550316766988,1.057476435650518,0.29029420351614543,0.9988711645766837
Aspa,2250.1209020531464,-0.6691708791988173,0.24760516918289896,-2.702572330808327,0.006880521227446107,0.49239181335309834
Asxl3,40.67283815532587,-0.25910707000312116,0.35293303301864715,-0.7341536375526269,0.46285510624006054,0.9988711645766837
Atad3a,117.66691033708419,-0.03000849091575453,0.2409718737423487,-0.12453109339988835,0.9008947830136174,0.9988711645766837
Atf1,112.46248545871345,0.21492229708210508,0.2217681255293963,0.9691306925603077,0.33247998571876203,0.9988711645766837
Atf2,208.80290411812862,0.055772340745690666,0.18833963111505433,0.296126420209563,0.7671335379343035,0.9988711645766837
Atf4,1738.7256551814964,0.5717866945577471,0.2524193878906358,2.2652249470055827,0.023498878996136563,0.7837659441178081
Atf5,465.47747460587465,1.6553299482937065,0.5987587694197103,2.7646024289514406,0.005699221091396939,0.44551879875404504
Atf6,68.60103110752927,0.07695209497234723,0.2614482747463927,0.2943300928146934,0.7685056797762455,0.9988711645766837
Atf6b,266.28979880449907,-0.053111274179391994,0.19017893032114294,-0.27927002265554024,0.780037609882597,0.9988711645766837
Atg101,266.47769605853256,0.03201261528241266,0.17921410077035216,0.17862777060960253,0.858229987392163,0.9988711645766837
Atg13,795.6372839803413,-0.00853942708182778,0.12447188519044922,-0.0686052683203276,0.945303825236967,0.9990082607840204
Atg14,126.35906293124503,0.18868463240342923,0.19542556711072667,0.9655063827780627,0.3342912405840267,0.9988711645766837
Atg16l1,204.76195550715588,0.0008895458769996629,0.17324381648393009,0.0051346471986905015,0.995903162276919,0.9990082607840204
Atg3,314.45748828279994,-0.032903640025778766,0.16980451060165672,-0.19377365129579624,0.846353119173247,0.9988711645766837
Atg5,245.42292082089202,0.017706913635652792,0.18794684236947018,0.09421234968579115,0.9249404747794066,0.9988711645766837
Atg7,200.780953825624,-0.24917603219335901,0.18267656163960805,-1.36402847719974,0.172558603207425,0.9988711645766837
Atg9a,332.64324202752414,-0.04183713995660305,0.15380285390500667,-0.27201796907125625,0.7856082028078188,0.9988711645766837
Atl1,556.68166646249,-0.11573544513754624,0.23998991274130763,-0.48225129054611965,0.6296274449669907,0.9988711645766837
Atm,57.40907502871571,-0.20837093121902572,0.27641431480441137,-0.7538355289828871,0.4509479871124561,0.9988711645766837
Atn1,559.725148494815,0.028356735419062692,0.139426288927321,0.2033815547786993,0.8388368156847438,0.9988711645766837
Atoh1,0.5276156734407057,-0.6224988170984243,2.8763878365650326,-0.2164168576939225,0.8286628270768912,0.9988711645766837
Atoh7,3.359358610655894,0.8500658809472192,1.0438330829717377,0.8143695527709531,0.41543327560745136,0.9988711645766837
Atp1b2,3881.877360463659,-0.1505491138412209,0.1823397706685471,-0.8256515475983872,0.4090017849773905,0.9988711645766837
Atp2a2,3753.435949439537,-0.14248286956909656,0.12411254829293877,-1.1480134082236304,0.2509630286908533,0.9988711645766837
Atp2a3,11.234697939852511,0.21295068091459143,0.5970708039415624,0.35665900846063425,0.7213470963750717,0.9988711645766837
Atp2b2,2016.7749241634363,-0.34423503261965693,0.1295948376334209,-2.6562403171751265,0.007901728219068567,0.5354662511703899
Atp2b3,98.53784896224504,0.03788119486339323,0.296158620353169,0.12790846613959753,0.8982214110734973,0.9988711645766837
Atp2b4,25.125970834863598,0.2475542864477351,0.3972433285470394,0.6231804756877649,0.533165930436744,0.9988711645766837
Atp4a,3.636136934052955,-0.21062563538039353,1.0244110771988344,-0.20560655782474702,0.8370982545713352,0.9988711645766837
Atp4b,0.44093820688991187,2.3799509432843466,4.302791373767005,0.553117903367169,0.5801826780159077,0.9988711645766837
Atp5f1,1998.0832126047799,-0.09661378717318767,0.12569568533659503,-0.768632486584323,0.4421115142831705,0.9988711645766837
Atp5o,2153.624118262937,0.0006447164795795038,0.15231380469660544,0.004232817116371805,0.9966227106591508,0.9990082607840204
Atp6ap2,1275.4495727270858,-0.0024643499620641096,0.17275927113274767,-0.014264646672250145,0.9886188446294027,0.9990082607840204
Atp6v0a1,1057.9275200397603,0.020449812467471514,0.17226092769892443,0.11871416658810435,0.9055018126063299,0.9988711645766837
Atp6v0d2,1.2327063676741068,2.676066508635665,2.312789955736918,1.1570728686354044,0.24724259037440288,0.9988711645766837
Atp6v1a,2275.2290792930203,-0.0177012912026704,0.1313736748938039,-0.13474001710753136,0.8928174325949847,0.9988711645766837
Atp6v1b2,2134.9883948282672,0.041029316211798,0.16179888275187373,0.2535821973178789,0.7998183516474243,0.9988711645766837
Atp7a,173.7244313935751,0.12573179524393802,0.19211643991800947,0.6544562000919714,0.5128179369492345,0.9988711645766837
Atp7b,17.763479425501526,-0.012570646192260932,0.45605709809731193,-0.02756375516290868,0.9780100898642322,0.9990082607840204
Atr,60.66698875882466,0.10873880635365477,0.29799117474950504,0.3649061300055679,0.7151814783006714,0.9988711645766837
Atraid,358.64363900538615,0.006793447686435073,0.16229678809592146,0.041858177023318385,0.9666117570565992,0.9990082607840204
Atrx,274.49229189377473,-0.13685093931441938,0.15471884243965686,-0.8845137228052473,0.3764189579145977,0.9988711645766837
Atxn1,295.23970158580516,-0.22255682172465238,0.17370514482559168,-1.2812333333483594,0.20011172121746712,0.9988711645766837
Atxn10,1930.770152308989,-0.006029308653414548,0.17147789566366167,-0.035160850499591445,0.9719514796901165,0.9990082607840204
Atxn3,137.75845151387728,-0.08809503911119047,0.19944320271529756,-0.44170489598958623,0.6587027663327829,0.9988711645766837
Aurka,8.924713923666038,0.3285338832090157,0.6649209076493131,0.4940946801785458,0.6212393147347589,0.9988711645766837
Aurkb,0.6262774576812976,0.27585325292448293,2.3687885750878412,0.11645330268204857,0.9072932932793571,0.9988711645766837
Avil,3.052929158300852,2.4526140571294466,1.3480665980062954,1.819356744508548,0.06885702140690386,0.9988711645766837
Avpr1b,0.494289572382433,2.592346210651615,3.513359656686264,0.7378539244389992,0.4606032205344973,0.9988711645766837
Avpr2,0.14621457233801252,-0.6699094182016454,4.4288527141152105,-0.15126026116573596,0.8797704155341528,0.9988711645766837
Axin1,53.161709574179035,-0.03979675717952232,0.28589920013107156,-0.13919856075594947,0.8892932457829056,0.9988711645766837
Axin2,192.101375385142,0.06634833293649631,0.18907701915347153,0.35090638319531664,0.725658582536154,0.9988711645766837
Axl,78.01040523690142,0.33531749630283025,0.2468259972825804,1.3585177412205074,0.1742994569919354,0.9988711645766837
Azi2,286.8234266652699,-0.1740710094273336,0.16450161363667556,-1.0581720481587091,0.2899770121245814,0.9988711645766837
Azin2,3.3942402377293974,0.3480386956104607,1.0590109913161776,0.3286450267885374,0.7424240103273108,0.9988711645766837
B2m,1447.8807245761907,0.25648466139166004,0.32186678359804305,0.7968658912998173,0.4255289221520193,0.9988711645766837
B3glct,33.8231697445114,0.07076010706497185,0.3416357573177992,0.20712148991813173,0.8359149794554849,0.9988711645766837
B3gnt2,169.32634836826642,0.077097634621699,0.20666802618058,0.3730506167138477,0.7091107719814864,0.9988711645766837
B3gnt6,0.8239166802277716,2.1044813710860146,2.4919369627956427,0.8445162949567747,0.3983809616046059,0.9988711645766837
B4galnt1,183.25023247495537,-0.03256628191660706,0.17790092724591625,-0.183058528253706,0.8547520955109512,0.9988711645766837
B4galnt2,0.28242366279681114,-1.488372750394001,4.162759947789275,-0.3575446984840992,0.7206840699934347,0.9988711645766837
B9d2,27.75432330621811,0.24743862583219844,0.41485455212446365,0.5964466933412425,0.5508768550784287,0.9988711645766837
Babam2,237.46466018586284,-0.05512734638877384,0.17308563670418017,-0.3184975220271554,0.750107574006108,0.9988711645766837
Bace1,269.1135986595406,-0.11552602888481549,0.22101462807987804,-0.5227076139189422,0.6011777389443349,0.9988711645766837
Bace2,22.64674221383586,-0.12388414547399877,0.45004514889111347,-0.2752704829265297,0.7831084400021386,0.9988711645766837
Bach1,156.06049103488957,0.07651952760204624,0.22057346493899116,0.3469117539737199,0.7286576160018166,0.9988711645766837
Bach2,192.32633643905106,0.0226634644177768,0.20086042473070903,0.11283190528030304,0.9101638230984995,0.9988711645766837
Bad,173.50998881811722,-0.20037549885343245,0.23155910523423576,-0.8653319792833919,0.386856603337946,0.9988711645766837
Bag2,15.013608656342376,-0.26628436899968694,0.5586123278994333,-0.47668903047844297,0.6335835752643009,0.9988711645766837
Baiap2,69.54499596955125,0.39444270033071227,0.3263990544099581,1.2084676563899943,0.22686742946667382,0.9988711645766837
Bak1,54.84438589081719,-0.13251163833587726,0.3050914267751457,-0.43433419200448126,0.6640457780157619,0.9988711645766837
Banp,129.2162464365109,0.31210446389080676,0.23715590179961105,1.3160307693060271,0.18816371550177935,0.9988711645766837
Bap1,286.1698071130581,-0.0017026962560315487,0.18093350441865103,-0.009410618898375965,0.9924915232983506,0.9990082607840204
Bard1,6.707994662216341,-0.4184988071871361,0.9400039055066383,-0.4452096472530887,0.6561682556037882,0.9988711645766837
Barhl1,0.0,,,,,
Barhl2,13.242093341500459,0.28704309418383744,0.613610577894554,0.4677935885146432,0.6399322060480808,0.9988711645766837
Barx1,0.7580902587648755,0.4245096264799786,2.538285910227766,0.16724263597314235,0.8671791381550309,0.9988711645766837
Batf,1.3584192379731146,2.8697900756589836,2.06007932318285,1.3930483371995208,0.16360517416778886,0.9988711645766837
Batf3,3.382289609023202,-0.9329017073328151,1.120429239016741,-0.8326288487004363,0.405054083679075,0.9988711645766837
Bax,264.3027046776481,0.42541629193871705,0.23437372974891588,1.8151193497430993,0.06950557019111452,0.9988711645766837
Baz1a,24.186675613388584,0.8303884370212778,0.6219604160834771,1.335114607856051,0.18183883913480903,0.9988711645766837
Baz1b,523.3915158087925,-0.18450248911019787,0.14311236470562422,-1.2892141743986363,0.19732363859056112,0.9988711645766837
Bbc3,17.122926008294733,1.4916565524823786,0.710192603623446,2.100354952828086,0.0356976285571075,0.93154602448665
Bbox1,52.63883383506507,-0.4399376327231575,0.28445108009943065,-1.5466196597649624,0.12195498620287196,0.9988711645766837
Bbs1,109.42813906237603,0.16839283063277047,0.24109214512989288,0.6984583862823308,0.4848905736115079,0.9988711645766837
Bbs2,124.35794128249547,0.030568585068410033,0.2382249659343922,0.1283181422589801,0.8978972083448193,0.9988711645766837
Bbs4,151.01590782620445,-0.22073842692562592,0.22387377700944902,-0.9859950096625619,0.3241355617032654,0.9988711645766837
Bbs5,46.05086932801024,0.12837792303758874,0.31405821929144373,0.40877109768763914,0.6827076521267438,0.9988711645766837
Bbs7,90.5263646022613,-0.10385532790725743,0.22751944365288337,-0.4564679230919052,0.6480535321432975,0.9988711645766837
Bbs9,306.06675805516693,0.15077885914692035,0.16643631705786247,0.9059252320183299,0.36497542809926786,0.9988711645766837
Bcam,37.240274895561356,-0.36221738524119734,0.4828010925348885,-0.7502414365705324,0.4531093067419386,0.9988711645766837
Bcar1,266.48285070155765,-0.7216359316701759,0.22534875382564798,-3.202307176850441,0.00136331536966603,0.24641913201049157
Bcl10,207.99979447847375,0.11020430599169019,0.22732359253367998,0.4847904467960687,0.6278249999840193,0.9988711645766837
Bcl11a,18.155306210243314,-0.7707274999135549,0.5432431095916435,-1.41875246331778,0.15597119603122173,0.9988711645766837
Bcl11b,6.199029741159965,0.4557361116841646,0.7823847687747318,0.5824961449567565,0.5602325374335122,0.9988711645766837
Bcl2,45.69607214238493,0.45236792297767503,0.30347522583748,1.4906255419344558,0.13605983453996706,0.9988711645766837
Bcl2a1a,12.392018942061954,2.285927590079842,0.7650332667890056,2.988010703997654,0.002807997197886037,0.34264414587863035
Bcl2l1,947.198671854573,0.4223183447789511,0.28303339523674814,1.4921148948720189,0.13566902777489262,0.9988711645766837
Bcl2l11,47.56269257520987,0.5282760691378244,0.36754418077635187,1.4373131089219362,0.15062904569216734,0.9988711645766837
Bcl2l12,38.28639338287851,-0.10485817858753067,0.4053754079895829,-0.2586693137296214,0.7958903980064309,0.9988711645766837
Bcl2l2,371.3734821037137,-0.08849865879310236,0.14399330056170767,-0.614602613092938,0.5388171883031974,0.9988711645766837
Bcl3,0.6950330918276629,-1.2751308494556954,2.658076713537825,-0.4797193560898144,0.6314269625494326,0.9988711645766837
Bcl6,334.9341223925184,0.4232369442558809,0.17275886093702297,2.4498711207071833,0.01429073552628938,0.6091824867587009
Bcl7a,203.04634349096253,0.009161274230456793,0.20400263319286757,0.04490762735300367,0.9641809372312967,0.9990082607840204
Bcl7b,541.3209570394725,-0.1585393812203391,0.13183677436051608,-1.2025429322686783,0.2291532428491343,0.9988711645766837
Bcl7c,217.48873676840844,-0.048788475662060855,0.18343368707508598,-0.2659733685780954,0.7902597192976784,0.9988711645766837
Bclaf1,324.74528794160346,0.02030657095324523,0.1674368504370261,0.12127898309268925,0.9034700661914324,0.9988711645766837
Bco1,0.0,,,,,
Bcor,72.3275501475414,-0.2207029140722594,0.2630242923932875,-0.8390970737495722,0.40141483806084555,0.9988711645766837
Bcr,390.9847363765009,0.003250773223275999,0.20094201972944498,0.016177667705604575,0.9870926517222874,0.9990082607840204
Bdh1,233.19264816329485,-0.10487201101317017,0.18209229791070933,-0.5759277696885079,0.5646640045794276,0.9988711645766837
Bdkrb1,0.9167798870732632,1.0690882851842447,2.143588994504074,0.49873753220662603,0.6179643001124235,0.9988711645766837
Bdkrb2,1.2879844484506877,0.8836157343213357,1.8375544214841866,0.4808650693499691,0.6306124002140838,0.9988711645766837
Bdnf,71.18832566515042,-0.06375609322226759,0.34010684757816273,-0.18745901082634123,0.8513007585776846,0.9988711645766837
Becn1,310.9961062930407,0.020317419320801246,0.15420624097955296,0.13175484462717202,0.8951782038562504,0.9988711645766837
Bex3,540.2923321939803,0.11629095412508787,0.23377119939344304,0.49745629242106576,0.6188673174918101,0.9988711645766837
Bfsp1,11.774346927925317,-0.3827866318585778,0.6236836395874233,-0.6137512795939257,0.5393796966149247,0.9988711645766837
Bglap,1.0294579526236398,0.5446976959030421,2.6418822087503417,0.20617788866548067,0.8366519590759955,0.9988711645766837
Bglap2,2.523160390215956,2.208250331115103,1.461764937280787,1.5106740316421512,0.13087152179439535,0.9988711645766837
Bhlha15,1.30888761406511,1.6494629458943384,1.7685779187584312,0.9326492931972636,0.3510010735901301,0.9988711645766837
Bhlhe22,19.050317533502508,0.21755517189755638,0.5065094672713844,0.4295184709370729,0.6675459547819778,0.9988711645766837
Bhlhe40,171.62389789920545,0.13808095724596384,0.22353394008316374,0.6177180843078778,0.5367611889716497,0.9988711645766837
Bhmt,0.0,,,,,
Bicd2,628.6388272455206,-0.050332655449719495,0.1595105732678835,-0.31554432047078396,0.7523484055982078,0.9988711645766837
Bid,30.216242623175443,0.8010850855242585,0.37281720960948245,2.148734191652196,0.03165547666990152,0.8701777460413038
Bin1,5113.477975023824,-0.16045154905942444,0.1511022922095623,-1.061873693066785,0.28829302921772404,0.9988711645766837
Birc2,86.87815654850772,-0.17231968055337013,0.22784874199355357,-0.7562898045680038,0.4494754595353664,0.9988711645766837
Birc3,2.614026329707942,-1.7492537980062381,1.3876096959692332,-1.2606237929062607,0.2074444221636379,0.9988711645766837
Birc5,4.034289831489496,-0.22855235896741558,1.0300134364384974,-0.22189259953509602,0.8243974916547862,0.9988711645766837
Blk,0.0,,,,,
Blmh,348.796857568484,-0.11299683480333787,0.15638309762381924,-0.722564244603676,0.4699476419685302,0.9988711645766837
Blnk,27.092529172593654,1.0174879585256722,0.39625672655676436,2.5677493663439814,0.010236113614607944,0.5690141823764838
Bloc1s5,55.636203208269514,-0.4017044361009328,0.3062796362352078,-1.311561033043814,0.18966828802770552,0.9988711645766837
Bloc1s6,20.102495087029965,0.12842345596693022,0.4600552477962162,0.27914789926234257,0.7801313252121255,0.9988711645766837
Bmf,32.16868194291247,-0.2866473977877866,0.4499103774306345,-0.6371211071520145,0.5240459609499509,0.9988711645766837
Bmi1,575.534669910879,0.35277266174223904,0.22948381826015993,1.5372441700543336,0.12423352756272273,0.9988711645766837
Bmp1,669.3458096649996,0.010122449125053303,0.19340606485979206,0.052337806119945,0.9582595296556932,0.9990082607840204
Bmp10,0.14621457233801252,-0.6699094182016454,4.4288527141152105,-0.15126026116573596,0.8797704155341528,0.9988711645766837
Bmp15,0.4633666242129762,-2.1832200994810527,3.598463165647577,-0.6067090307670724,0.5440440279341741,0.9988711645766837
Bmp2,6.603770809325025,0.45186568920987086,0.8114057079000085,0.5568924211530877,0.5776009330666819,0.9988711645766837
Bmp3,0.13691023446873854,1.2536647339164804,4.428644718705905,0.2830809002630525,0.7771148224071367,0.9988711645766837
Bmp4,7.590550373786168,0.030883674412248863,0.7185861634987236,0.042978387256831334,0.96571876240197,0.9990082607840204
Bmp5,2.533515215144063,1.1774798567811124,1.228224653059331,0.9586844343566784,0.33771774232070495,0.9988711645766837
Bmp6,18.395497442586503,0.11269020669958996,0.5166429751207289,0.21812007929316482,0.8273355530241326,0.9988711645766837
Bmp7,21.182740418199824,0.44110412586471676,0.4281650115014704,1.0302199245983974,0.30290677860904114,0.9988711645766837
Bmp8b,0.6269786016912375,1.6140368475221092,2.6968723012618763,0.5984847138542286,0.5495165555695956,0.9988711645766837
Bmpr1a,59.90928438213326,-0.12500863168068685,0.31801260406487114,-0.393093324235622,0.6942505545468961,0.9988711645766837
Bmpr1b,117.70752487072538,0.303589504632184,0.24813399893793195,1.2234901542376853,0.2211446206741835,0.9988711645766837
Bmpr2,896.4207332964503,0.04992743758813184,0.14024517873853923,0.3560010977718682,0.7218397430675385,0.9988711645766837
Bnc1,0.13620909045879864,-0.6699094182016448,4.4288527141152105,-0.15126026116573588,0.8797704155341529,0.9988711645766837
Bnc2,15.35761555321691,-0.9042172056151061,0.8663533963519309,-1.0437048084795573,0.29662198446131294,0.9988711645766837
Bnip3,625.3011628133629,0.07208370165393804,0.17303659671406998,0.41658067150413836,0.6769851494565732,0.9988711645766837
Boc,10.16231337348631,-0.4551463203913974,0.6097946106328055,-0.7463928221980773,0.4554301539455463,0.9988711645766837
Borcs8,80.93313480672538,-0.10114711154487478,0.25238819339349566,-0.4007600759167741,0.6885967753977282,0.9988711645766837
Bpifb1,0.13620909045879864,-0.6699094182016448,4.4288527141152105,-0.15126026116573588,0.8797704155341529,0.9988711645766837
Braf,246.9306601393582,-0.04576161700247972,0.1713127358410528,-0.2671232630651478,0.7893742568390916,0.9988711645766837
Brca1,14.65707593801939,-0.09543873037595102,0.4986286921975171,-0.19140240397186326,0.8482103367872436,0.9988711645766837
Brca2,11.736689366588172,-0.7150385039237881,0.6005593226372238,-1.1906209378015384,0.23380242819435126,0.9988711645766837
Brcc3,93.81204252102049,4.264649702869327e-06,0.2344919393566803,1.818676460508293e-05,0.9999854890613115,0.9999854890613115
Brd2,664.5451038517646,0.11644145900756096,0.16182230194961084,0.7195637288846576,0.47179365096767545,0.9988711645766837
Brd4,571.574983229321,-0.13613302832511365,0.13355020000811868,-1.0193397562627233,0.3080416959572446,0.9988711645766837
Brd7,386.0743422727494,-0.1566718701302302,0.15121624186539756,-1.0360783219945966,0.30016560467271547,0.9988711645766837
Brd8,334.1119849407806,0.011534851476892634,0.14611889756078023,0.07894154465608769,0.9370791184732866,0.9988711645766837
Brip1,0.7760120911693043,-0.2617973519958496,2.2023457004233378,-0.11887205171537173,0.9053767242334018,0.9988711645766837
Brpf1,171.09764981563464,0.06515849947599386,0.2017084243316437,0.323033109261029,0.7466701675529304,0.9988711645766837
Brpf3,62.01668962654,0.1358668802678979,0.278236486548365,0.4883143902274677,0.6253271701712065,0.9988711645766837
Brs3,0.7005319887882412,1.7856994100616659,2.4050642856604694,0.7424747108459449,0.45779976845005954,0.9988711645766837
Brsk2,841.8661835372098,-0.14514708589653255,0.1471968917609517,-0.9860743943713972,0.32409660767469206,0.9988711645766837
Brwd3,112.08482446000994,0.05904765586297151,0.22957465610972455,0.25720459245618926,0.7970208389762176,0.9988711645766837
Bsn,674.5109051467895,0.040149126114953214,0.2188222476148046,0.18347826399090916,0.8544227720921188,0.9988711645766837
Bsnd,1.0064866764934741,0.37243953682626524,2.024536926201081,0.18396282725508253,0.8540426167297606,0.9988711645766837
Bsx,0.5469397938650142,1.4209679017481653,3.2207329394076565,0.44119395444488596,0.6590725895243558,0.9988711645766837
Btbd2,129.99933337042282,-0.056932408313895115,0.22452869332951644,-0.2535640655528226,0.7998323609889151,0.9988711645766837
Btbd9,139.04365368871544,-0.09709094510468731,0.22500109689720305,-0.4315132079069177,0.6660952510584703,0.9988711645766837
Btc,9.073567871999655,1.5837273367560776,1.01863387586337,1.5547562026775792,0.12000414361001083,0.9988711645766837
Btk,3.4839848470003125,0.6251702352085612,1.0278783087640058,0.6082142505374108,0.5430453843337331,0.9988711645766837
Btla,0.43864371701403754,-2.114016951586602,4.288087700956277,-0.4929976014984861,0.6220142820801542,0.9988711645766837
Btrc,319.1297648224341,-0.24771120556103327,0.1927461903992814,-1.285167841957808,0.1987336385143983,0.9988711645766837
Bub1,0.580265894923287,-1.166810486088898,2.766940026128218,-0.42169706429149345,0.6732461475347693,0.9988711645766837
Bub1b,3.4762435806903844,0.3467191888727661,1.0343195335405668,0.33521477418676976,0.7374630779534055,0.9988711645766837
C030029H02Rik,72.65095017226861,-1.32912890279838,0.5057702735439104,-2.6279300550529223,0.008590617747990595,0.5372357574149619
C1ql1,36.152850843615425,-0.1080674349147574,0.3693690333462628,-0.29257307775838975,0.7698484945548056,0.9988711645766837
C1qtnf12,58.41623158436605,0.1101928165541514,0.29857556050408246,0.36906174225416793,0.7120817043498909,0.9988711645766837
C1qtnf5,65.91945170720437,-0.11849332011016829,0.33644414326388894,-0.35219314255450845,0.7246934193604656,0.9988711645766837
C2,8.3696642635176,-0.2395294512400512,0.731452554956711,-0.32747093385192577,0.7433117235438553,0.9988711645766837
C2cd6,1.1812438976149418,-0.729676502927668,1.8804384374988499,-0.3880353051590471,0.6979899068738823,0.9988711645766837
C3,2.251453563541492,-0.7567548639017231,1.3668010861974518,-0.5536686146534129,0.5798056583767124,0.9988711645766837
C3ar1,13.884516988928018,1.8207321732206025,0.7008927277464277,2.5977330069820836,0.00938414284097501,0.5414791461978025
C4b,55.50346399622591,1.8770195608205926,0.5439716567621329,3.450583385158563,0.0005593763362024474,0.17490998812630276
C4bp,0.8721706123351322,2.1268485816633436,2.255926143948624,0.942782895339228,0.34579196241834453,0.9988711645766837
C5ar1,0.22046910344495593,1.2536647339164806,4.428644718705905,0.28308090026305255,0.7771148224071367,0.9988711645766837
C5ar2,0.9601257706865702,1.2980294709065083,2.266928713650907,0.5725938637108802,0.5669197154766294,0.9988711645766837
C6,0.0,,,,,
C7,0.206943560415748,1.2536647339164804,4.428644718705905,0.2830809002630525,0.7771148224071367,0.9988711645766837
Cab39l,631.5581525977375,0.262032898724994,0.2768408417387243,0.9465109883327631,0.3438880203610969,0.9988711645766837
Cabp1,159.64959044527384,-0.3909703031966373,0.28785561122211045,-1.3582167168350354,0.17439492766981401,0.9988711645766837
Cacna1a,255.14302464195063,-0.07826558145189565,0.1865053130320252,-0.4196426374108523,0.6747465357124651,0.9988711645766837
Cacna1b,193.11958387597303,0.1087982749494403,0.2610108725040158,0.4168342640506915,0.676799638319225,0.9988711645766837
Cacna1c,174.17508222543242,-0.028092815171347135,0.275425535520249,-0.10199785985087712,0.9187583738171483,0.9988711645766837
Cacna1d,82.77951677065904,-0.09508536834994204,0.2799453536463863,-0.33965689057318443,0.7341149298943492,0.9988711645766837
Cacna1g,254.7923442952199,0.08200169212380168,0.2270037068039072,0.36123503566678433,0.7179237532197247,0.9988711645766837
Cacna1h,39.75973201613674,1.6275460527568004,0.48454756544990346,3.3588984215525266,0.0007825382611397575,0.20605468002537933
Cacna1s,20.397337423036557,0.2511544865418176,0.6028013201518923,0.41664554828534944,0.6769376881299674,0.9988711645766837
Cacna2d1,95.38686117526792,0.04803309513222329,0.25294629368442323,0.1898944413557985,0.8493918483739692,0.9988711645766837
Cacna2d2,98.41340800675455,0.20566084240846313,0.3450582688101272,0.5960177193192571,0.5511633894738464,0.9988711645766837
Cacnb1,116.02272689411548,0.1830761218845548,0.3110565308180564,0.5885622185879773,0.5561549847499686,0.9988711645766837
Cacng1,1.4315711614947004,1.0787817254235932,1.58894480901201,0.6789296389056891,0.49718244494390296,0.9988711645766837
Cacng2,184.12261603019752,0.057541909241306574,0.20663920006349212,0.2784656019943273,0.7806549668049299,0.9988711645766837
Cacng3,43.714726541467506,0.35532940947309527,0.4463498069251793,0.7960783313000479,0.4259865078951559,0.9988711645766837
Cadm1,543.719326814361,0.37293518372197687,0.15064684026703773,2.4755592819664134,0.013302767503201324,0.6091824867587009
Cadm3,106.0534529703721,-0.03254194925246196,0.3007289861904954,-0.10821021832544075,0.9138289395026843,0.9988711645766837
Cadps2,23.12245992770212,1.3210825441733858,0.6821262820250368,1.9367125691909592,0.05278048844834117,0.9988711645766837
Calb1,507.6447634831211,-0.01669385151327708,0.2694078309543874,-0.06196498243625095,0.9505907183576596,0.9990082607840204
Calb2,867.9658432188295,0.748303669833497,0.7822593335090725,0.9565928302532914,0.33877280907840646,0.9988711645766837
Calcr,0.4100295593962757,0.8936255737254076,3.536097766403823,0.25271517722605735,0.8004883187694496,0.9988711645766837
Calcrl,6.516957911074208,-0.27592690971962053,0.7594666493045324,-0.363316690696419,0.7163683266107347,0.9988711645766837
Calu,307.55956641218773,0.39238009671557345,0.2019221097746228,1.9432250245083713,0.05198897577619291,0.9988711645766837
Camk1d,258.60916022878826,-0.5318826384064177,0.238464065580096,-2.2304519429899905,0.025717454472929873,0.8195186288411985
Camk2a,2113.580017729148,-0.03329513143994315,0.1977446484544973,-0.16837437422537704,0.8662887666879562,0.9988711645766837
Camk2b,2176.3771640590335,-0.1814935773687455,0.21811472346964228,-0.8321014486397394,0.4053516842324575,0.9988711645766837
Camk2d,357.40551508617824,0.2162850641942754,0.20627327197885797,1.0485365462978817,0.2943914734706271,0.9988711645766837
Camk2g,491.31164109351266,-0.049946937402448065,0.15921391350502342,-0.31370962689684884,0.753741588424437,0.9988711645766837
Camk4,252.0913367826922,-0.38739895095581356,0.17416819845876386,-2.2242806343750194,0.02612956881033752,0.8226347888567873
Camkv,655.6903411816851,0.48604143427958696,0.3537903159274284,1.3738121491694157,0.1695000084172672,0.9988711645766837
Camsap1,275.04190309862935,0.04190297272964007,0.17134314747057847,0.2445558713507074,0.8068003361303958,0.9988711645766837
Camsap2,544.6657856578809,0.1504685689967349,0.13840921921466412,1.0871282263601783,0.27698014498541834,0.9988711645766837
Camsap3,90.74239088664406,0.05619587173317635,0.2638822715020719,0.21295811731988643,0.831359630845217,0.9988711645766837
Camta2,204.077036648408,-0.015894308304670215,0.18044057530052413,-0.08808610966905983,0.9298082363411388,0.9988711645766837
Canx,1737.2313629787022,0.13024873997449674,0.1255139746015744,1.03772301361623,0.29939902752701597,0.9988711645766837
Cap2,609.7787750746788,0.05865349862690519,0.24114461196872816,0.2432295631573615,0.8078275663138752,0.9988711645766837
Capn1,32.853060555036016,-0.03227765825210186,0.3707909839339668,-0.0870508174434201,0.9306311189024128,0.9988711645766837
Capn10,263.3728691201508,-0.011180489286704136,0.17342264862446838,-0.06446960287704122,0.9485963101344106,0.9990082607840204
Capn2,924.0019527482087,0.10112265892679449,0.13027278613110085,0.7762377848051015,0.4376086000498295,0.9988711645766837
Caprin1,1136.2406538270845,0.09162804497700353,0.1408983976041034,0.6503128959241978,0.5154901286968527,0.9988711645766837
Car2,22836.72101750543,-0.03107364411022159,0.24028426076009912,-0.1293203475413883,0.8971041716130334,0.9988711645766837
Car4,103.16646894487893,-0.2567567243056738,0.248135337713767,-1.0347446948562076,0.3007881570952863,0.9988711645766837
Car7,19.549010946259482,-0.407103426791528,0.5402189302596141,-0.7535897096310296,0.4510956252427525,0.9988711645766837
Card9,3.33885690861689,1.1592915915366706,1.0591338148901832,1.094565743476779,0.27370693030348126,0.9988711645766837
Carm1,298.9992516424216,-0.012747859486742607,0.1588915145569413,-0.080229957668219,0.9360543641793662,0.9988711645766837
Carmil1,71.78364375222246,0.0888580324416052,0.27964869081596666,0.31774878753171626,0.7506755004428256,0.9988711645766837
Carns1,109.60259197736008,-1.1759145097079235,0.8560858518165758,-1.3735941403688492,0.16956771706553098,0.9988711645766837
Cartpt,9.055334842459098,0.34359091889206095,0.6483940295590382,0.5299106765769132,0.5961738633507332,0.9988711645766837
Casc4,251.53492840207204,0.046479514930785094,0.18866322095145818,0.24636235243086393,0.8054017466284892,0.9988711645766837
Caskin1,451.10340969355684,-0.056832405775871474,0.265066382461896,-0.21440819936508276,0.830228748171046,0.9988711645766837
Casp1,2.2428360690063376,-0.9882411578891737,1.2792603903260018,-0.7725097762444861,0.439812558926596,0.9988711645766837
Casp12,2.057496818214952,-0.5581188331512806,1.4378622744360794,-0.3881587569784257,0.6978985521541909,0.9988711645766837
Casp2,64.18505401368809,0.1359199852316607,0.25700179819373664,0.5288678374506922,0.5968971346000362,0.9988711645766837
Casp3,14.20448683337582,-0.40958950292117025,0.6409718922600645,-0.6390132045836818,0.5228143418106055,0.9988711645766837
Casp4,1.3608366915377514,0.3405249046070893,1.5593056702084995,0.21838239359544984,0.8271311823744751,0.9988711645766837
Casp7,10.687792551161188,0.8569402483738218,0.6367224357776408,1.3458615563424037,0.17834716894640312,0.9988711645766837
Casp8,4.554165871150748,0.7740017638058472,0.935861191935295,0.8270476118421645,0.40821007581132585,0.9988711645766837
Casp9,110.12386673511075,-0.21784421853678662,0.2238709978022627,-0.9730792316796689,0.3305139251017065,0.9988711645766837
Casq1,1.4234923948995466,-0.07847355721791119,1.5800288245307628,-0.04966590229214095,0.9603886289388742,0.9990082607840204
Casq2,8.594197112301332,0.04263148911626296,0.718015525652324,0.05937404915796471,0.9526541823567222,0.9990082607840204
Casr,0.9836567955949921,1.2780652364036666,1.8923056494632822,0.6754010573113104,0.4994209939429516,0.9988711645766837
Casz1,5.056444269751107,0.27585243891080063,0.8951593425307994,0.3081601518349897,0.7579604721596913,0.9988711645766837
Cat,334.6500487713593,-0.0236491165447194,0.19954788504496665,-0.11851349133262044,0.9056608058935568,0.9988711645766837
Cav1,45.67937593644505,0.008517528666097606,0.4021782738240597,0.02117849028767714,0.9831032726982771,0.9990082607840204
Cav2,289.8873885439282,0.2780875174528502,0.3010734374656224,0.9236534441355465,0.35566677861785867,0.9988711645766837
Cav3,0.4880895314119149,-2.247622404625183,3.555966860759102,-0.6320706836242498,0.5273406906921085,0.9988711645766837
Cavin1,15.460022165624238,0.05574705462360653,0.594416188777698,0.09378454974155327,0.9252803051053908,0.9988711645766837
Cbfb,215.98118556543872,0.4172462249835746,0.2701859393437398,1.5442928895450023,0.12251739434922028,0.9988711645766837
Cbl,467.2245683341264,0.021756290180520586,0.14782602764013367,0.14717496321746468,0.8829939218411934,0.9988711645766837
Cblb,18.90433942482984,-0.10715124607709163,0.4549281320279441,-0.23553444716518396,0.8137939457877215,0.9988711645766837
Cblc,1.044333663146203,-1.2722974191659147,1.9967775473610154,-0.6371753432661593,0.5240106364520053,0.9988711645766837
Cblif,0.0,,,,,
Cbln1,101.68560951724697,1.1855402910592703,0.906982811268332,1.3071254232496436,0.19117011821709085,0.9988711645766837
Cbln2,70.83750970407034,0.030892847880042536,0.3971197288842497,0.07779227681998901,0.9379932900373101,0.9988711645766837
Cbln3,0.28312480680675106,0.2918803284116611,4.04604244075645,0.07213971002169989,0.9424907245055009,0.9988711645766837
Cbln4,30.43990840909366,-1.151827522228,0.5441795041257111,-2.1166315774397773,0.03429112797324379,0.9125452832454184
Cbr2,1.1445887932527294,0.6671267452219442,1.7609180485737679,0.37885167101460204,0.7047980144884682,0.9988711645766837
Cbs,124.71625248491897,-0.1294352851571003,0.3299353616231885,-0.39230497913383816,0.6948328851039816,0.9988711645766837
Cbx1,37.6081138392003,-0.016012683456787316,0.34642203350891965,-0.046223051387910705,0.9631324697577496,0.9990082607840204
Cbx2,4.546172914065721,0.6765288343736996,1.0813276633064117,0.6256464689944718,0.5315468520487634,0.9988711645766837
Cbx3,2040.8166315679189,0.12527965329578808,0.1172092699975253,1.0688544796707051,0.2851352461908666,0.9988711645766837
Cbx5,231.10109433553933,0.0017821454202050107,0.1984353420405598,0.00898098797259988,0.9928343046846511,0.9990082607840204
Cbx7,400.19355931972086,0.07997492905743467,0.1539204916375099,0.519585977192559,0.6033521738480636,0.9988711645766837
Ccar2,257.36770327496333,-0.06143194218245152,0.17926846179057487,-0.34268125898362195,0.7318382631442722,0.9988711645766837
Ccdc130,120.60137933004451,0.2926586193594961,0.21661039325187317,1.3510829972927225,0.1766688473500173,0.9988711645766837
Ccdc184,46.11005278809003,0.451572525657111,0.39631315346376494,1.1394336062539958,0.25452234576953014,0.9988711645766837
Cckbr,1.6426838065438583,-0.3839265641085872,1.4436942199233367,-0.2659334357721364,0.7902904739485843,0.9988711645766837
Ccl1,0.0,,,,,
Ccl11,0.7760120911693043,-0.2617973519958496,2.2023457004233378,-0.11887205171537173,0.9053767242334018,0.9988711645766837
Ccl12,0.6603047027495103,-1.191615679464315,2.4302393122455235,-0.49032853409126637,0.6239014386991388,0.9988711645766837
Ccl17,13.1386076507762,-0.420752023157686,0.5680010597804827,-0.7407592220343664,0.45883944410166566,0.9988711645766837
Ccl19,0.40932841538633585,-0.4880724854232401,3.5388230487164654,-0.1379194378199454,0.890304088058115,0.9988711645766837
Ccl2,1.1410687321027353,0.6322400772027622,1.7616596748775166,0.35888888541807606,0.7196782146506168,0.9988711645766837
Ccl20,0.9136234696479827,1.1740142616786515,2.099850213692485,0.5590942887370066,0.5760973723319526,0.9988711645766837
Ccl21a,8.981343804466448,0.5848033271015083,0.6947389243234907,0.8417598419017138,0.39992239441907307,0.9988711645766837
Ccl21b,2.284465643064948,0.669566947227776,1.2195770342068255,0.5490157066324566,0.5829946709649976,0.9988711645766837
Ccl24,4.341479319061456,0.359504056259258,1.1443450512782607,0.314157041932137,0.753401767690642,0.9988711645766837
Ccl25,15.903573840173621,0.1627863200569149,0.4911947515020592,0.33140891583047066,0.7403356312083675,0.9988711645766837
Ccl3,8.524654158148364,3.0625412495707636,1.1209227064530631,2.7321609527043718,0.006292039459273022,0.48429343714989115
Ccl5,4.6389569001803395,2.7293493722674897,1.247645816493189,2.187599506355889,0.028698787837999635,0.8418481343239875
Ccl7,0.30714656999574985,-1.589477432344553,4.067301980088958,-0.3907940546646573,0.695949469913375,0.9988711645766837
Ccl8,0.580265894923287,-1.166810486088898,2.766940026128218,-0.42169706429149345,0.6732461475347693,0.9988711645766837
Ccn1,24.213041804611873,0.17005364671393988,0.425554139658527,0.3996051991184817,0.6894473264856359,0.9988711645766837
Ccn2,8.125037924759148,-0.2225325384430974,0.7103465298551233,-0.31327321115862056,0.7540731009264485,0.9988711645766837
Ccna1,6.578175139095891,-0.012140339896324157,0.806765341645898,-0.015048167378579266,0.9879937527124275,0.9990082607840204
Ccna2,6.391471420135329,0.11736288177380913,0.7594314287456285,0.15454045925865917,0.8771836124982694,0.9988711645766837
Ccnb1,0.8200448181167309,-1.599016244765886,2.291071665494449,-0.6979337525091313,0.4852186249809036,0.9988711645766837
Ccnb3,0.9415027942722017,1.0030077354664695,2.133019240917581,0.4702291082170436,0.6381913398644891,0.9988711645766837
Ccnd1,266.48369957580127,2.1340120910586227,0.8015045659167066,2.6625077158704444,0.007756079138292567,0.5354662511703899
Ccnd2,41.136811951339695,0.5114870378328713,0.326971557343845,1.5643166090284388,0.11774323350759543,0.9988711645766837
Ccnd3,141.36420122257232,0.13929823516463521,0.20492717370759633,0.6797450657441612,0.49666589565243435,0.9988711645766837
Ccne1,24.271918501597245,-0.49948695474427923,0.41337377810481835,-1.2083179466154366,0.22692498789922155,0.9988711645766837
Ccnt1,192.19746007478759,0.17097666305415316,0.18137643216371716,0.9426619600711035,0.34585383649436086,0.9988711645766837
Ccp110,1805.0838594606405,-0.5702873439696037,0.32163402997998103,-1.7730939229443452,0.07621314481593536,0.9988711645766837
Ccr1,0.5871527792279244,1.3965312172505884,3.2008726531593164,0.43629702539780457,0.6626212397803939,0.9988711645766837
Ccr10,0.921001092233197,2.247540369374039,2.2497073263446117,0.9990367827204911,0.3177768731262839,0.9988711645766837
Ccr2,0.490068367222499,1.10837745908821,2.9205192956860997,0.3795138284911847,0.70430633735881,0.9988711645766837
Ccr3,0.22046910344495593,1.2536647339164806,4.428644718705905,0.28308090026305255,0.7771148224071367,0.9988711645766837
Ccr4,0.6985531529776571,-1.2505684116891895,2.6553595633953893,-0.4709601023260656,0.637669226681677,0.9988711645766837
Ccr5,3.952820093867279,-0.16030121138236564,1.03428515507716,-0.15498744286860314,0.876831216821471,0.9988711645766837
Ccr6,0.3778810399526991,0.29188177635622714,3.693452016246246,0.07902682235273072,0.9370112886243994,0.9988711645766837
Ccr7,0.13620909045879864,-0.6699094182016448,4.4288527141152105,-0.15126026116573588,0.8797704155341529,0.9988711645766837
Ccr9,0.13620909045879864,-0.6699094182016448,4.4288527141152105,-0.15126026116573588,0.8797704155341529,0.9988711645766837
Ccser2,175.45286309107678,0.05553591279547198,0.19882059196696272,0.27932676513054633,0.7799940677994383,0.9988711645766837
Cct3,547.5508405790588,0.17912485635707145,0.17141576112176726,1.0449730829000488,0.29603541020564095,0.9988711645766837
Cct5,1320.0305321766427,0.15989225686405084,0.12368921799194885,1.2926935707076628,0.19611706229959458,0.9988711645766837
Cct7,801.1041901613067,0.06655623510255623,0.12248700350844711,0.5433738535204373,0.5868724242100549,0.9988711645766837
Cct8,1676.6753355104402,0.07335297727984715,0.10884864697013914,0.6738988432255877,0.5003756276120885,0.9988711645766837
Cd109,3.0444867479809843,1.5337044020161794,1.2384450688962478,1.2384113276683952,0.21556358254630936,0.9988711645766837
Cd14,14.36411695238516,1.7878859793504442,0.6222963144219623,2.873046068111737,0.004065348306007767,0.3827053126640915
Cd151,232.569042852624,0.12815398279808246,0.24817971861670443,0.516375727687914,0.6055920149189209,0.9988711645766837
Cd160,0.17093747953695118,-0.6699094182016454,4.4288527141152105,-0.15126026116573596,0.8797704155341528,0.9988711645766837
Cd163,2.361872460730071,-0.6056567330613579,1.3957342759735163,-0.43393412592014763,0.6643362776020783,0.9988711645766837
Cd177,0.4186327532556098,-2.0575975940909688,3.6862624899504026,-0.5581798907973732,0.5767215510806478,0.9988711645766837
Cd180,4.48173189065155,1.5230387689239835,1.1226772715169546,1.356613167082347,0.17490415580635044,0.9988711645766837
Cd19,0.8640918457399781,0.007166712955662853,2.1153368386092786,0.0033879771887178898,0.9972967904801859,0.9990082607840204
Cd1d1,5.297256790032229,0.5556172670695535,0.841289216076338,0.6604355035725754,0.5089743948469829,0.9988711645766837
Cd2,1.6489216673650802,3.1796751360203386,2.182385795113962,1.456972063848271,0.14512409182237992,0.9988711645766837
Cd200,103.52403899353858,0.38604148999650134,0.28955427497996966,1.333226698252707,0.18245742039348067,0.9988711645766837
Cd200r1,0.49937270509177295,-0.5722388979548446,3.3342651135947228,-0.1716236947151167,0.8637333781578063,0.9988711645766837
Cd207,0.30714656999574985,-1.589477432344553,4.067301980088958,-0.3907940546646573,0.695949469913375,0.9988711645766837
Cd209a,0.4800628853432851,1.1081524791737183,2.936189006084251,0.3774118344825384,0.7058675734198745,0.9988711645766837
Cd209b,0.4540622863437022,-0.6597733345497565,2.9893343979330718,-0.22070911002996066,0.8253189376028802,0.9988711645766837
Cd209d,0.0,,,,,
Cd22,1.441978106949332,2.9625929004438563,2.2529216888807655,1.3150003904111065,0.18850977126656598,0.9988711645766837
Cd226,0.44093820688991187,2.3799509432843466,4.302791373767005,0.553117903367169,0.5801826780159077,0.9988711645766837
Cd244a,0.17093747953695118,-0.6699094182016454,4.4288527141152105,-0.15126026116573596,0.8797704155341528,0.9988711645766837
Cd247,5.302024268676278,0.116517123367757,0.9299218751102459,0.12529775509791446,0.900287829351511,0.9988711645766837
Cd248,3.50716239799274,0.03601127583606947,1.0701431563189436,0.03365089579224178,0.9731555362538884,0.9990082607840204
Cd24a,13.319140555365479,0.643762578576949,0.674972417276559,0.9537613124614213,0.3402044766364133,0.9988711645766837
Cd27,0.3431526508745466,0.29188133003570377,3.805645772578214,0.07669692543086128,0.9388646504887272,0.9988711645766837
Cd274,9.336494947778638,0.8692004149824826,0.7627937497609825,1.1394959846679946,0.2544963420932511,0.9988711645766837
Cd276,8.3440567505248,-0.31958015538182416,0.6894131568907056,-0.46355389679992426,0.6429673917253687,0.9988711645766837
Cd28,0.3531581327537605,0.2918814668318446,3.771616171528236,0.07738896365840324,0.9383141201774131,0.9988711645766837
Cd2ap,95.09909486177783,-0.390018464914766,0.2778511272148542,-1.4036958166204452,0.16040944872450447,0.9988711645766837
Cd2bp2,112.16575839581022,0.26153070228367264,0.24098176400655072,1.0852717563996392,0.2778013112103117,0.9988711645766837
Cd300a,1.2478092829384815,2.765512421340799,2.283337005035462,1.2111713755972031,0.2258297307725008,0.9988711645766837
Cd300lb,0.7670452535852563,1.9150897091964334,2.9769191834168294,0.6433126300050725,0.520021262615673,0.9988711645766837
Cd300ld,1.6299115280511147,3.170891565838227,1.9630663818517595,1.6152747533922551,0.10625120844183332,0.9988711645766837
Cd300lf,1.7004692812623041,0.3553451571102088,1.5693091865113955,0.2264341279363488,0.820863786879588,0.9988711645766837
Cd320,7.882365150820786,-0.29486595234395,0.6733229194419105,-0.4379265042520047,0.6614395617916315,0.9988711645766837
Cd33,6.751354021123788,0.06726994614069896,0.7247036505495834,0.09282407517843243,0.926043324355748,0.9988711645766837
Cd34,9.409339594803567,0.7773454094954456,0.9025262803556944,0.8612994728409307,0.3890731259614515,0.9988711645766837
Cd36,2.4499563461678453,1.1285264233215289,1.2234381491141209,0.9224221299120706,0.3563084309460919,0.9988711645766837
Cd37,0.8609732481654014,2.144311444110859,2.472023468743273,0.8674316693283594,0.38570553603095115,0.9988711645766837
Cd38,46.84154517694578,0.08436630185266016,0.372987327380988,0.22619079968495598,0.8210530259881151,0.9988711645766837
Cd3d,1.3855595987366902,0.3109569709093313,1.6568638027905296,0.18767805198327714,0.8511290365052766,0.9988711645766837
Cd3e,0.22046910344495593,1.2536647339164806,4.428644718705905,0.28308090026305255,0.7771148224071367,0.9988711645766837
Cd3eap,15.362508429757568,0.08954552763093286,0.5138807154494442,0.1742535279858004,0.8616662197069618,0.9988711645766837
Cd3g,1.943243838341562,2.3675835635494433,1.6291285200201315,1.45328225149492,0.1461454030946738,0.9988711645766837
Cd4,0.5648473255936223,-2.487034752312392,3.3675217542100797,-0.7385356157545524,0.46018903260030963,0.9988711645766837
Cd40,59.288360263864824,5.774180912670768,1.5687535702295756,3.680744396218814,0.00023255403855419946,0.09660115372568431
Cd40lg,0.0,,,,,
Cd44,39.717459881446,1.8908118032365684,0.7223316630187142,2.617650450673351,0.008853744859869036,0.5403271861927048
Cd47,1578.139839231461,-0.19129086502861553,0.16235566977636987,-1.1782210334391232,0.2387084993645543,0.9988711645766837
Cd48,5.099219227494559,3.383048204543759,1.2443707788382836,2.7186818125881227,0.0065542623956232155,0.48941753381049174
Cd5,0.5507973553002344,2.7278554910751143,3.4298067218922355,0.79533796282554,0.4264169362608582,0.9988711645766837
Cd53,19.74239496802088,0.8307850924255976,0.4673176883431405,1.7777736926053853,0.07544103083849128,0.9988711645766837
Cd55,9.905200001159928,0.22580133282878037,0.6140669860268243,0.367714496898416,0.7130861298227891,0.9988711645766837
Cd59a,12.533028075581191,-0.6501419951317067,0.558897293034942,-1.163258443427566,0.24472466081857935,0.9988711645766837
Cd59b,15.114356932123618,-0.019392960221400173,0.5329061436248548,-0.036390948862942855,0.9709706311617952,0.9990082607840204
Cd5l,0.4633666242129762,-2.1832200994810527,3.598463165647577,-0.6067090307670724,0.5440440279341741,0.9988711645766837
Cd6,0.930305430102471,1.0897890650892637,2.139315766425552,0.5094101030770802,0.6104647961458476,0.9988711645766837
Cd68,41.4294886539067,1.3981878800623895,0.5664785941425865,2.468209557289037,0.013579079870090967,0.6091824867587009
Cd69,0.22046910344495593,1.2536647339164806,4.428644718705905,0.28308090026305255,0.7771148224071367,0.9988711645766837
Cd70,1.688695369301869,0.23542373100401892,1.5215337132466207,0.15472790971004913,0.8770358261952744,0.9988711645766837
Cd72,1.9376346458375686,1.8270244917119745,1.6866394787464207,1.083233562794281,0.2787047659097679,0.9988711645766837
Cd74,19.004522247046012,2.7689903402247857,0.8683336635250757,3.188855225287281,0.0014283739412960733,0.24641913201049157
Cd79a,1.1298713679330046,0.6911209480066698,1.7636620318050344,0.39186699920014517,0.6951564876409498,0.9988711645766837
Cd79b,1.3684012006774455,2.9773099718458447,2.5936582041095906,1.147919169583859,0.251001933801978,0.9988711645766837
Cd80,1.5124980403098176,-0.9960227049388508,1.583112906679887,-0.629154560446175,0.5292478738170956,0.9988711645766837
Cd81,2401.1390172132074,-0.08208745110398703,0.11425513249614355,-0.7184574496621211,0.47247527492312646,0.9988711645766837
Cd82,272.7817119709909,-0.33898487381019754,0.1810154596885795,-1.8726846557381893,0.0611119434723777,0.9988711645766837
Cd83,90.66519340480937,0.24415813766189695,0.35253666675941375,0.6925751579438431,0.4885762046681149,0.9988711645766837
Cd84,21.72582932025782,0.2567546979698569,0.446053655736627,0.5756139304493405,0.5648761630474998,0.9988711645766837
Cd86,2.859861309344885,0.8971980192742495,1.2565042485687627,0.7140429650725132,0.47520061210968856,0.9988711645766837
Cd8a,0.5507973553002344,2.7278554910751143,3.4298067218922355,0.79533796282554,0.4264169362608582,0.9988711645766837
Cd8b1,1.9633961973316734,3.455567563859921,2.2110962072777616,1.5628300353851707,0.11809257753761356,0.9988711645766837
Cd9,541.6850281373511,0.07887867929470384,0.16418385624096696,0.4804289599516796,0.630922406008912,0.9988711645766837
Cd93,4.906527872309852,-0.4160018371773194,0.9341629577694566,-0.44532041622654994,0.6560882157338395,0.9988711645766837
Cd96,0.44405680446448836,-0.6235102737815117,3.003849274169698,-0.20757042610064314,0.8355643979530634,0.9988711645766837
Cdc16,298.7480445747262,-0.02162134926762358,0.16398089113316733,-0.1318528586972069,0.8951006762905592,0.9988711645766837
Cdc20,7.388652126229057,-0.48530685137749285,0.6930865281722138,-0.700211058289257,0.4837955066213422,0.9988711645766837
Cdc23,387.37548682813457,0.07541642016965402,0.15559138616352836,0.48470819644469576,0.6278833515010018,0.9988711645766837
Cdc25a,52.59081834340188,0.3093768881637393,0.3244030026500943,0.9536807169982877,0.3402452838602119,0.9988711645766837
Cdc27,220.91006841853914,-0.10931032552790114,0.16086294548261895,-0.6795245803808311,0.49680553851939824,0.9988711645766837
Cdc37,1013.1228393169482,0.13645036869401314,0.13450096273019665,1.014493620894944,0.31034727178234545,0.9988711645766837
Cdc42,367.0432606349006,-0.026744882527984876,0.21533293067420872,-0.12420247309246424,0.9011549641581226,0.9988711645766837
Cdc42bpb,300.93704322534745,0.026492138078983048,0.17469673849173184,0.15164643775096512,0.879465804908961,0.9988711645766837
Cdc42ep4,172.62575292436682,0.1323789231562086,0.26128389535307706,0.5066478474585006,0.612401929621904,0.9988711645766837
Cdc5l,94.09347419038141,0.3193403724387757,0.22712885705169814,1.4059876696605258,0.1597277862322648,0.9988711645766837
Cdc6,1.908954067017462,-0.4101032803396343,1.5154237904737868,-0.27061953423036755,0.7866836701239532,0.9988711645766837
Cdc73,292.16845955724784,0.16308499423193837,0.1743940521821797,0.9351522726335448,0.3497098309074198,0.9988711645766837
Cdca5,1.204125899039948,1.6454633145372308,1.78470110720369,0.9219825705803364,0.3565376671121627,0.9988711645766837
Cdca8,5.292607177351436,-0.3052300237306711,0.8390109908608409,-0.3637974079666101,0.7160092983606753,0.9988711645766837
Cdcp1,0.8579439252959844,0.8535720692571293,2.1605930349855527,0.3950637882449885,0.6927958124830231,0.9988711645766837
Cdh1,7.687176620020149,3.5719310014422367,1.2391388384747712,2.88259143409535,0.003944186488339279,0.3827053126640915
Cdh10,384.4420650277843,-0.3791830269971296,0.15432785240498662,-2.456996718920696,0.014010396626373853,0.6091824867587009
Cdh11,97.24667050426679,-0.24851694109792916,0.23456844918520672,-1.0594644845083543,0.28938829550037926,0.9988711645766837
Cdh12,129.05433383130278,0.10011780984567,0.2644858499911707,0.3785374901871394,0.7050313488738009,0.9988711645766837
Cdh13,50.573121760707444,0.7621743601157054,0.35832879061765427,2.1270251793107082,0.03341799115254644,0.9016562118665308
Cdh2,461.7817156634337,-0.10228250862220421,0.1640347762454103,-0.6235416108909777,0.5329286668837476,0.9988711645766837
Cdh20,352.2751112606731,0.029082660958196855,0.21262629523956406,0.13677828946523143,0.891206044837074,0.9988711645766837
Cdh23,1.1054641147993562,1.3567563732684198,2.0480828162818847,0.662451909894685,0.5076816450929342,0.9988711645766837
Cdh26,0.0,,,,,
Cdh3,0.4274126638607039,2.3290865437845154,3.7121791896888587,0.6274175961801378,0.5303855363958245,0.9988711645766837
Cdh4,84.65092535678417,-0.38339932330569737,0.30094432324262904,-1.2739875574811592,0.20266782583398057,0.9988711645766837
Cdh5,26.74939411978761,-0.45528411989506806,0.4924228491177812,-0.9245795980238316,0.35518462953017904,0.9988711645766837
Cdh6,111.28999786357451,0.15254720757927764,0.27514804660396847,0.5544186464781446,0.5792923678070425,0.9988711645766837
Cdh7,66.31151803214463,-0.18591699930150402,0.3724188913016629,-0.49921473814525014,0.6176281129004244,0.9988711645766837
Cdh8,40.79995336416278,-0.15465403529159824,0.33990012375861334,-0.45499846714215614,0.6491103416115845,0.9988711645766837
Cdh9,9.79302017900977,0.6203168541408666,0.6602928335288493,0.9394571963255511,0.3474960588293583,0.9988711645766837
Cdhr1,1.901501470402909,1.8022713633662433,1.6631802016010089,1.0836296401504435,0.2785290433885419,0.9988711645766837
Cdipt,334.7806642215265,0.09933048517055611,0.16223294352874557,0.612270744831527,0.5403586421103301,0.9988711645766837
Cdk1,0.4807640293532251,2.5610825047038985,3.5362499239384513,0.7242368497109861,0.4689203391226884,0.9988711645766837
Cdk2,28.8860133065908,0.45932249853688684,0.4194209728617376,1.09513478880872,0.27345758961257727,0.9988711645766837
Cdk4,4.632764571106388,0.0721022834429429,0.8747673844000312,0.08242452191149655,0.9343091367268539,0.9988711645766837
Cdk5,296.2201360127045,-0.3193305542828411,0.16849800926168895,-1.8951592109726283,0.058071312166336306,0.9988711645766837
Cdk5r1,1322.8781200664391,0.022844799964367196,0.16487409620228122,0.13855906106887342,0.889798595702937,0.9988711645766837
Cdk5r2,828.4807773030739,0.06183668524596104,0.22685289064129352,0.27258495614119826,0.7851722774239369,0.9988711645766837
Cdk5rap2,259.85819604405856,-0.5065697398333745,0.17171412051104182,-2.9500761983100876,0.003176955661712826,0.35479242213526224
Cdk6,6.323850450027453,-0.5807543773643192,0.8397321928092076,-0.6915947516808733,0.4891918585182313,0.9988711645766837
Cdk7,84.97434717009565,-0.20551068481183382,0.23164115080533354,-0.8871941971335688,0.37497435608844587,0.9988711645766837
Cdk8,184.6710753974435,0.11929511405052115,0.19299161525075478,0.6181362537202486,0.5364855261955601,0.9988711645766837
Cdk9,253.25100822011606,0.3484637831807263,0.20142015809878466,1.730034304758243,0.08362414634095518,0.9988711645766837
Cdkn1a,103.58708119837355,4.177603026542078,1.4566252429554754,2.8680012561541024,0.004130738933412141,0.3827053126640915
Cdkn1b,1461.6113074646719,0.11425354076642148,0.20012453450379336,0.5709122124866495,0.5680591521362413,0.9988711645766837
Cdkn1c,10.569363887781591,-0.025227835836571726,0.8250961523896682,-0.030575631413994733,0.9756079763759269,0.9990082607840204
Cdkn2a,1.246231910703315,2.6905573266138627,2.310118373348856,1.1646837485273556,0.2441470296801458,0.9988711645766837
Cdkn2b,0.0,,,,,
Cdkn2c,31.618617386619505,-0.10478949276550914,0.44868686842209116,-0.23354704614829733,0.8153366418482259,0.9988711645766837
Cdkn2d,385.46969835791987,-0.20051035309866286,0.17338659468979817,-1.156435152656358,0.2475032099405,0.9988711645766837
Cdx1,2.859356270388488,0.5138617303879562,1.5155563100310236,0.33905815771202685,0.7345659186438364,0.9988711645766837
Cdx2,0.5895702327925609,-2.5406102215163777,2.98339892396005,-0.851582468945879,0.3944458731597211,0.9988711645766837
Ceacam1,17.12846189163159,-1.1053187790226404,0.505061837281493,-2.1884820777036813,0.028634505356196393,0.8418481343239875
Cebpa,16.338038509522455,-0.3022472470944325,0.5308385363802209,-0.569376988256074,0.5691003299622392,0.9988711645766837
Cebpg,294.5257286675862,0.9415939128554085,0.35519453691886876,2.6509245356734787,0.008027177461079203,0.5354662511703899
Celf6,25.178167476898793,0.7747002993696745,0.6412711337882279,1.208069814078845,0.2270204095449775,0.9988711645766837
Celsr1,3.8564671001783815,0.9191674563174768,0.950750756214688,0.9667806733880953,0.33365368790786765,0.9988711645766837
Celsr2,415.55113603451764,0.044715813037559816,0.159198140767462,0.2808815028994305,0.7788012883140351,0.9988711645766837
Celsr3,62.8099360041662,0.19340197727309177,0.38359620683265105,0.5041811515030594,0.6141340843407672,0.9988711645766837
Cemip,3.822564451329404,1.3769486399849105,1.025210690193542,1.3430884530914968,0.17924333405256487,0.9988711645766837
Cemip2,140.9725231316834,0.5507700149628934,0.2931629360220528,1.8787163972237693,0.06028322766392604,0.9988711645766837
Cenpa,7.991885166415408,-1.0253364703455483,0.7707393316469702,-1.330328462872833,0.18341007317734503,0.9988711645766837
Cenpe,3.6300370032683857,-0.09627817433109372,1.0165315333110374,-0.09471243259665275,0.9245432425891789,0.9988711645766837
Cenpf,4.503931470702329,-0.9235052433056148,1.1783610458519158,-0.7837201056132599,0.4332043624486097,0.9988711645766837
Cenps,6.5318520531396915,0.34601674344088856,0.7674489698450694,0.45086612535390014,0.6520860392581227,0.9988711645766837
Cenpu,3.242612577940934,0.23995838286518772,1.0143809079941324,0.23655648580737657,0.8130008813666135,0.9988711645766837
Cep104,252.3075389143676,0.18791700576357406,0.16434307000885548,1.1434434427533107,0.252854524134291,0.9988711645766837
Cep152,38.654090169216005,0.38341750769097926,0.34258538651950393,1.1191881579839387,0.26305987634941874,0.9988711645766837
Cep164,22.874833125521487,-0.27755920054200683,0.4130792379824158,-0.6719272600038594,0.501630005141514,0.9988711645766837
Cep250,206.02200816218593,0.04476381098347282,0.18890760894577754,0.23696139733747543,0.8126867378811077,0.9988711645766837
Cep290,76.70742700917707,-0.11034764357342307,0.24612025629482503,-0.448348483114038,0.6539017153796272,0.9988711645766837
Cer1,0.206943560415748,1.2536647339164804,4.428644718705905,0.2830809002630525,0.7771148224071367,0.9988711645766837
Cercam,163.631554047759,-0.7909482817425653,0.21094499505073602,-3.749547513807228,0.00017715393061880995,0.08057282862599147
Cers1,143.48802885310025,-0.1808071561977961,0.21972340674614865,-0.8228852759719252,0.4105732365615953,0.9988711645766837
Cers2,960.0797456492816,-0.35297835437385916,0.20307521223384484,-1.7381656308077529,0.0821816331792174,0.9988711645766837
Cers4,76.46750470184469,0.17821575616139393,0.2609774488446273,0.6828779917589527,0.49468394185312814,0.9988711645766837
Cers5,255.15711293255697,0.1079050975716032,0.20105297577291187,0.5366998282755157,0.5914749746845269,0.9988711645766837
Cers6,36.07793042471241,0.18830036108959766,0.34434162625272746,0.5468417023488056,0.5844874900504687,0.9988711645766837
Cetn2,135.5215863115967,0.14948735843575048,0.1953804952830189,0.7651089133498725,0.4442066926670344,0.9988711645766837
Cetn3,269.3385568831531,-0.014051199532296662,0.16443604009641155,-0.08545085082356771,0.931902967848421,0.9988711645766837
Cfap299,1.9155034510368736,0.12781922004447524,1.525091310691016,0.08381086374858472,0.9332068103898656,0.9988711645766837
Cfap36,587.2267918508477,-0.010472408483545368,0.15982479367555721,-0.06552430472586285,0.947756555541869,0.9990082607840204
Cfap44,0.8014361423781828,0.7415296934325244,2.1830081594600244,0.33968251113451847,0.7340956335416119,0.9988711645766837
Cfap45,1.0505337041167213,1.4616837176146307,2.034141762197231,0.7185751478971432,0.4724027304475603,0.9988711645766837
Cfap52,2.68904842602717,1.4015008168126337,1.1709795381598118,1.1968619187104543,0.23136037928149966,0.9988711645766837
Cfap53,0.7512033744602382,-1.625661138343835,2.5649985656610372,-0.633786373258606,0.5262202473683996,0.9988711645766837
Cfap57,2.3666222240212855,-0.01006110624724608,1.258623559139954,-0.007993737423857743,0.9936219882521171,0.9990082607840204
Cfap61,1.9739522499145548,0.406053927202156,1.3769392395832412,0.29489603864078745,0.7680732981614327,0.9988711645766837
Cfap65,0.8052415832868786,-2.973129492465203,3.1060653632807496,-0.9572011998243545,0.33846571159220695,0.9988711645766837
Cfap69,20.94625684975119,0.2797092354198499,0.42105070418556384,0.6643124750518824,0.5064903382528834,0.9988711645766837
Cfb,0.7333673515659368,0.52531935609536,2.9183002093774237,0.18000867573779503,0.8571457572030691,0.9988711645766837
Cfc1,0.3566781939037546,0.2918814938548762,3.7648572205553323,0.07752790524465691,0.9382035929000956,0.9988711645766837
Cflar,65.3782486309517,0.12242263357322195,0.2581916943930423,0.4741540345091789,0.6353900687586365,0.9988711645766837
Cftr,2.385932043769774,-0.37966353521321894,1.3921554773051723,-0.27271633190578864,0.7850712793841166,0.9988711645766837
Cga,0.8907792880736801,-0.18805911508649842,2.152272166814821,-0.08737701392329478,0.9303718397192999,0.9988711645766837
Cgas,2.1642516697265184,1.4831783459413557,1.3795913010741963,1.075085313155065,0.2823365343104265,0.9988711645766837
Cgn,26.219557250089412,1.1845015917200181,0.401704056863746,2.9486921316350787,0.0031912170689759748,0.35479242213526224
Ch25h,1.2378038010592676,2.7655299961633215,2.2873875228941367,1.20903431031407,0.2266496641534954,0.9988711645766837
Champ1,156.16812673551482,0.07123175796450783,0.18954129251545151,0.37581129166722854,0.7070571926155933,0.9988711645766837
Chat,0.6517015088901762,1.6150010838577284,2.670649115538542,0.6047223030765164,0.5453635264040231,0.9988711645766837
Chchd3,316.0044811292994,-0.0763503678067254,0.15738809790137356,-0.48510890483326097,0.6275990957276647,0.9988711645766837
Chd1,191.67692365888811,0.25197676558505167,0.21087033918654072,1.1949369767084563,0.23211165452455573,0.9988711645766837
Chd4,704.898049515256,-0.15733384144244486,0.14783452601479918,-1.0642564066982212,0.28721256038918785,0.9988711645766837
Chd6,113.58152703698106,-0.14846308394367103,0.20911346586672913,-0.709964245144732,0.4777263087826209,0.9988711645766837
Chd7,210.95031152923835,-0.3505173441489055,0.21213723149501698,-1.6523141255246325,0.0984705312122781,0.9988711645766837
Chek1,7.697906259121727,0.2576562686182893,0.7085915821787842,0.3636174562306333,0.716143689672196,0.9988711645766837
Chek2,15.340016755240853,0.29420068102924296,0.5964246010992308,0.4932738865684298,0.6218190770566674,0.9988711645766837
Chia1,0.7480847768856617,0.4585016441632166,2.544649692686395,0.18018261825232804,0.8570092037284331,0.9988711645766837
Chic2,45.17860618400175,0.9602535979284654,0.3855297447291554,2.490738032685567,0.012747807324288353,0.6091824867587009
Chil1,85.66412026430204,0.4451585627092729,0.27553606078238096,1.6156090837810888,0.10617885868798287,0.9988711645766837
Chil3,0.6931543662030268,0.621578402280634,2.5408716269104272,0.2446319584576739,0.8067414164961588,0.9988711645766837
Chil4,0.17093747953695118,-0.6699094182016454,4.4288527141152105,-0.15126026116573596,0.8797704155341528,0.9988711645766837
Chka,294.0133059950984,0.35929176525368334,0.18594812715306652,1.9322150255265862,0.05333297138068804,0.9988711645766837
Chmp3,288.0962938686209,-0.07905041763480782,0.15980271364525325,-0.4946750642188229,0.6208295060375433,0.9988711645766837
Chmp4c,1.0543912655519414,2.487187527093006,2.141620974942071,1.1613574746391726,0.2454965551993692,0.9988711645766837
Chrd,5.632574769024587,0.1463870140665308,0.8273501990027747,0.17693476624889268,0.8595596299078108,0.9988711645766837
Chrm1,11.492865048749922,0.7024790373094821,0.742718546316748,0.9458213219437974,0.34423972841358996,0.9988711645766837
Chrm2,40.81275108610293,1.2040451714017997,0.48777562244505146,2.4684406436023503,0.013570315579755457,0.6091824867587009
Chrm3,43.47459122900066,0.7537972959186972,0.4066480288561586,1.853684863637526,0.06378425845906928,0.9988711645766837
Chrm4,3.632527598197802,0.5068967052236795,1.0888157996648695,0.46554863125580925,0.6415386194660917,0.9988711645766837
Chrm5,0.6362829395605115,0.24218186862869714,2.6313799771685544,0.09203606880420678,0.9266693824327392,0.9988711645766837
Chrna1,0.8472709883904335,-3.0711345509104655,3.0352540911407324,-1.0118212375940652,0.31162353361685957,0.9988711645766837
Chrna2,1.0412150655716266,0.2997821498231942,2.016321214845382,0.14867777396578274,0.8818079000940692,0.9988711645766837
Chrna4,153.4253533507991,0.07100811370239443,0.21971157363096205,0.32318786183591325,0.7465529729291458,0.9988711645766837
Chrna6,0.5283168174506456,1.1445686742563042,2.8676689408787275,0.3991285946367222,0.6897984537198665,0.9988711645766837
Chrna7,23.51558870490972,0.7722614893846542,0.4460205889304445,1.7314480733648059,0.08337187873050739,0.9988711645766837
Chrnb1,1.470344038987027,-1.4178990669846903,1.6592410750811915,-0.8545467492813293,0.3928021182282423,0.9988711645766837
Chrnb2,230.54619372495344,-0.09457047821539039,0.21175473373717107,-0.44660384467612796,0.6551611191647683,0.9988711645766837
Chrnb3,0.4880895314119149,-2.247622404625183,3.555966860759102,-0.6320706836242498,0.5273406906921085,0.9988711645766837
Chrnb4,1.1417698761126753,1.4509987647271312,1.9570469235489762,0.7414225725849435,0.45843726224567616,0.9988711645766837
Chrnd,0.7480847768856617,0.4585016441632166,2.544649692686395,0.18018261825232804,0.8570092037284331,0.9988711645766837
Chrng,0.3573793379136945,2.105959986671047,3.882576521232137,0.5424130020759307,0.5875340246416054,0.9988711645766837
Chst10,165.18048063370614,-0.040265923588098995,0.2583779325034027,-0.1558411865826379,0.8761582050226339,0.9988711645766837
Chst8,221.75867791515807,-0.5306849396265825,0.23080876065718414,-2.2992408871983794,0.021491264439132646,0.7518936782446198
Chtop,595.970117184781,0.12608910095091744,0.1471394628578021,0.8569359878170273,0.3914802624397413,0.9988711645766837
Chuk,193.38120315324102,-0.10151281835928254,0.2007294737703413,-0.5057195460763546,0.6130535447533978,0.9988711645766837
Ciart,46.733275906017916,0.7060873171420571,0.47534566250137644,1.4854186602365653,0.1374329555884902,0.9988711645766837
Cib2,121.80434769600696,0.24924156270475673,0.2881821711068447,0.8648750259166775,0.38710738632043673,0.9988711645766837
Cic,542.4543454115234,0.17889452260482858,0.13800948374696698,1.2962480385248172,0.19489004406925736,0.9988711645766837
Cidea,3.34549556734146,0.6315634833253766,1.0230204138096786,0.6173517896612294,0.5370027137330977,0.9988711645766837
Cideb,37.054928628876404,-0.329849629030451,0.3256196243859339,-1.0129906317916009,0.3110646356803062,0.9988711645766837
Ciita,0.6603047027495103,-1.191615679464315,2.4302393122455235,-0.49032853409126637,0.6239014386991388,0.9988711645766837
Cisd2,774.9690006763636,0.016959053429102474,0.13543989334299417,0.12521461004221698,0.9003536511345558,0.9988711645766837
Cish,11.337554967714746,-0.2857169964296365,0.6518835461482977,-0.43829453606831553,0.6611727862543053,0.9988711645766837
Cit,2239.3552387373506,-0.05495909447797174,0.17913258227957415,-0.3068068007426839,0.75899043151584,0.9988711645766837
Cited1,41.62430094092105,-0.05849837535345158,0.3884922771747725,-0.15057796200961462,0.880308646916429,0.9988711645766837
Cited2,349.6107353696143,-0.06357170999350635,0.21663235830740504,-0.29345435968202405,0.7691748802648789,0.9988711645766837
Cited4,8.528278211700107,0.16945219528104435,0.9175862222230369,0.18467168662418706,0.8534865549752573,0.9988711645766837
Ckb,10646.48886171884,-0.19826670413907854,0.14291686667455167,-1.3872869504658871,0.16535428068554203,0.9988711645766837
Cklf,1.1891459474643358,-3.55070342859031,2.5166725120619593,-1.4108722575434134,0.15828228365964325,0.9988711645766837
Cks1b,17.90702227975321,0.24377144801211342,0.5070437771492805,0.4807700222309282,0.6306799583600939,0.9988711645766837
Clca3a2,0.3573793379136945,2.105959986671047,3.882576521232137,0.5424130020759307,0.5875340246416054,0.9988711645766837
Clcn4,338.58085043039426,-0.017730356582996692,0.14405510123278154,-0.12308037987732107,0.9020434477290306,0.9988711645766837
Clcn7,276.58275522895104,0.13982231506649906,0.2077148360751643,0.6731455379330851,0.5008547054784243,0.9988711645766837
Clcnka,0.6924532221930869,-0.4721136428429018,2.5310231126953786,-0.1865307513293037,0.852028565934965,0.9988711645766837
Clcnkb,0.13691023446873854,1.2536647339164804,4.428644718705905,0.2830809002630525,0.7771148224071367,0.9988711645766837
Cldn1,7.3598183094136,-0.8371995516740153,0.7404360830674239,-1.1306844315389477,0.2581879363262308,0.9988711645766837
Cldn10,312.1124100055432,0.16037220416842093,0.23298246691007884,0.6883445192050338,0.49123585283650406,0.9988711645766837
Cldn11,12559.44236452198,-0.5139031049326409,0.28567053794429026,-1.7989363153468039,0.07202875522743886,0.9988711645766837
Cldn12,126.05440517401594,0.29920199567039824,0.22828196956940466,1.3106685395906037,0.18996977200096155,0.9988711645766837
Cldn14,39.21271630562297,-0.873442391403931,0.36898878649820943,-2.3671244855246285,0.017926901851572113,0.6794567421470854
Cldn16,0.27311932492753715,0.2918801220273429,4.0938117842693424,0.07129788505395035,0.9431606784301703,0.9988711645766837
Cldn17,0.6269786016912375,1.6140368475221092,2.6968723012618763,0.5984847138542286,0.5495165555695956,0.9988711645766837
Cldn19,2.095482701762737,-0.12514688247559183,1.717036095640022,-0.07288541154922173,0.9418973029624926,0.9988711645766837
Cldn2,0.7979160812281888,0.6889848853809861,2.184456276489818,0.3154033764814507,0.75245540351283,0.9988711645766837
Cldn23,0.4433556604545485,-2.127290718398713,3.635716882432567,-0.5851090134871547,0.5584744185773751,0.9988711645766837
Cldn6,0.5909725208124407,-0.028213439943919016,2.695376556788683,-0.010467346342706556,0.9916484184681675,0.9990082607840204
Cldn7,0.6478817673056598,2.929467506955339,3.316681278210058,0.8832526435992999,0.3770997840992353,0.9988711645766837
Cldn8,0.0,,,,,
Cldn9,0.13691023446873854,1.2536647339164804,4.428644718705905,0.2830809002630525,0.7771148224071367,0.9988711645766837
Clec10a,0.8107404802474568,-0.3365252578140212,2.018011386256261,-0.16676083202797493,0.8675582385737055,0.9988711645766837
Clec14a,6.022207874717785,0.1678189475612216,0.777379277935016,0.2158778247948747,0.8290829827973216,0.9988711645766837
Clec1b,0.3438537948844865,2.0625228501282593,3.9223880904154367,0.5258334470187036,0.5990039332728522,0.9988711645766837
Clec4e,0.3438537948844865,2.0625228501282593,3.9223880904154367,0.5258334470187036,0.5990039332728522,0.9988711645766837
Clec4n,1.494576207905389,-0.7026016618616121,1.6222071876581117,-0.43311462753159063,0.6649314965775435,0.9988711645766837
Clec9a,0.17093747953695118,-0.6699094182016454,4.4288527141152105,-0.15126026116573596,0.8797704155341528,0.9988711645766837
Clgn,66.80513197524208,-0.4560858802298527,0.2603675302729689,-1.7517002974667888,0.07982535572304385,0.9988711645766837
Clic3,0.9074234286774646,-1.950702023002922,2.2082027759473517,-0.8833889913783131,0.3770261366407598,0.9988711645766837
Clic4,1551.8731106374441,0.09222855100476342,0.15564496028488758,0.5925572587506284,0.5534774903168587,0.9988711645766837
Clic5,21.78075489397681,0.005380643672488587,0.4339263991759176,0.012399899344006555,0.9901065652901947,0.9990082607840204
Clic6,20.63498943544977,-0.1435300949692862,0.546677483612589,-0.26254985667381336,0.7928975529391877,0.9988711645766837
Clk1,1311.2003625469254,0.057646143020307884,0.20346140387188416,0.28332716634849614,0.776926054362873,0.9988711645766837
Clmp,41.46797482776841,-0.2759990169411466,0.3485783410741186,-0.7917847565935275,0.4284861920005736,0.9988711645766837
Cln3,57.260682218120905,0.4819034884300854,0.3234974005813837,1.489667266457218,0.1363117455353627,0.9988711645766837
Cln6,49.88595764025758,0.046562804835868256,0.2957741781994421,0.15742687586632637,0.8749084336566333,0.9988711645766837
Cln8,225.13455386049898,0.11546815587147044,0.27158135370728964,0.4251696749251865,0.6707129889391558,0.9988711645766837
Clock,330.6329181478346,-0.3768812243063845,0.3066207008008888,-1.2291447489421823,0.21901753990392014,0.9988711645766837
Clspn,4.322040772226631,-0.48569560421576874,0.9755787404444788,-0.4978538216141152,0.6185870773913005,0.9988711645766837
Cltb,228.73026976383142,0.021721255128086578,0.1611716679809387,0.13477092717471587,0.8927929928412391,0.9988711645766837
Cltc,2648.955560698508,-0.06949671254503272,0.10994233234862645,-0.6321196854789207,0.5273086728077159,0.9988711645766837
Cltrn,4.94726181974191,-0.32897519446744805,1.1130470304704534,-0.29556270800920204,0.7675640565092986,0.9988711645766837
Cmah,0.9557294813113494,2.246883005952712,2.233960217623572,1.0057846993993862,0.31451914901338884,0.9988711645766837
Cmip,1126.5054666954659,0.202929932516687,0.11658121763618602,1.7406743267167502,0.08174068093218613,0.9988711645766837
Cmklr1,5.411614927299053,0.19954172853104127,0.9464432550290716,0.21083327232852647,0.8330173744929673,0.9988711645766837
Cmtm6,102.08352646956098,-0.028009953180411835,0.2158634162431748,-0.12975775917887827,0.8967580835810854,0.9988711645766837
Cndp1,0.3531581327537605,0.2918814668318446,3.771616171528236,0.07738896365840324,0.9383141201774131,0.9988711645766837
Cnga2,0.4540622863437022,-0.6597733345497565,2.9893343979330718,-0.22070911002996066,0.8253189376028802,0.9988711645766837
Cngb3,0.22046910344495593,1.2536647339164806,4.428644718705905,0.28308090026305255,0.7771148224071367,0.9988711645766837
Cnksr3,179.2979629000233,0.19641175013226445,0.24024174902949214,0.8175587753823458,0.4136091751986858,0.9988711645766837
Cnmd,1.282200171731408,1.73058794478183,1.773745457813306,0.9756687111775997,0.32922866231002235,0.9988711645766837
Cnn1,1.0103064180779906,-0.3903829603666699,1.9936606430245847,-0.1958121417165659,0.844757206329067,0.9988711645766837
Cnot11,34.629225140947916,0.330102226637242,0.3412656461473406,0.9672881825752866,0.33339998963271844,0.9988711645766837
Cnot2,117.78656240491854,-0.16781140915023182,0.22218317084165162,-0.7552840681611743,0.45007855589115686,0.9988711645766837
Cnot4,101.51278912104245,0.29441845617776224,0.22297471135190366,1.3204118726858871,0.18669754174969166,0.9988711645766837
Cnot8,62.62333236358202,0.1739135673699027,0.315394166959684,0.5514165624760387,0.5813481495027696,0.9988711645766837
Cnot9,135.48206457555798,0.010253893702718161,0.21392137061861496,0.04793300301445381,0.9617696370089851,0.9990082607840204
Cnp,24522.465315189093,-0.4496149086701879,0.25565318034893364,-1.75869084850234,0.07863003263021844,0.9988711645766837
Cnppd1,176.95086741105297,0.21888581424306042,0.23806685904709896,0.9194300085244381,0.35787069925327797,0.9988711645766837
Cnpy1,1.2721803891763734,-0.01846921019058177,1.7491347131112454,-0.010559055315830968,0.9915752493381583,0.9990082607840204
Cnr2,1.2699380198270236,0.8950714482144597,1.9271291442127851,0.46445846709463173,0.6423193093760097,0.9988711645766837
Cntf,9.680113025518793,1.1860555992213098,0.7560481841459893,1.5687566270145132,0.1167046582998931,0.9988711645766837
Cntn1,1114.8507157975885,-0.15259754733687664,0.16130097920183709,-0.946042287480042,0.3441270179904683,0.9988711645766837
Cntn2,1836.5454287934742,-0.598313144645218,0.29260233561748183,-2.0447996198751848,0.04087461726591593,0.9988711645766837
Cntn3,99.10915152518756,-0.05835842275675235,0.2635735376818595,-0.22141229832864548,0.8247714173697867,0.9988711645766837
Cntn4,120.38290891626843,0.27244870554551287,0.2327579498168255,1.1705237383295521,0.24179026692506478,0.9988711645766837
Cntn6,86.45474920152786,0.5482800829487664,0.43779960282040564,1.2523539980772485,0.2104409008378233,0.9988711645766837
Cntnap1,229.1966306388804,-0.11145965145779192,0.1764580402866919,-0.6316496050659017,0.5276158649157524,0.9988711645766837
Cntnap3,21.531511684866064,0.5452939279653404,0.6617246616014207,0.8240495777287342,0.40991138840192565,0.9988711645766837
Cntnap4,61.88972542704579,-0.09318603182196447,0.3299372044772623,-0.2824356591418789,0.7776094754470031,0.9988711645766837
Cntnap5b,24.624511031232686,-0.7023197059925897,0.5328890905701577,-1.317947239717653,0.1875213103470994,0.9988711645766837
Cntrob,21.047814157691647,0.305951522379409,0.432003424994548,0.7082155017249463,0.47881144100539885,0.9988711645766837
Coa7,32.51790645829161,0.4080062906733245,0.40686404957626404,1.0028074269482645,0.31595378472260793,0.9988711645766837
Col10a1,0.44093820688991187,2.3799509432843466,4.302791373767005,0.553117903367169,0.5801826780159077,0.9988711645766837
Col12a1,4.300557593626472,0.14406656540761514,0.9374602086010637,0.15367752581477587,0.8778640060563124,0.9988711645766837
Col13a1,0.9469495707062553,-0.7279649086534229,1.9111571969531387,-0.3809026854588312,0.7032754597336752,0.9988711645766837
Col14a1,1.7150596120261656,0.9691706579028092,1.5379505725103757,0.6301702247302039,0.5285832179580403,0.9988711645766837
Col15a1,8.743131407933838,-0.9635868716462848,0.6910977497182098,-1.394284487309039,0.163231713477742,0.9988711645766837
Col18a1,28.245727289589826,0.5546817457477178,0.405356365093898,1.3683805004991831,0.1711930046422876,0.9988711645766837
Col1a1,6.037244368779814,-0.7197740086822824,0.7930780142280961,-0.9075702462674361,0.36410532020416475,0.9988711645766837
Col1a2,33.25133696599895,0.24157417336888026,0.3942004494397425,0.6128206441981933,0.5399949390314717,0.9988711645766837
Col20a1,17.295639920902264,-0.12890756412568063,0.5189520371148714,-0.24839976511576276,0.8038251152973628,0.9988711645766837
Col23a1,3.054978837273674,-0.21946544196564602,1.0540102521658927,-0.20821945660838212,0.8350576173369331,0.9988711645766837
Col24a1,1.0296162378264782,-1.2853443286317772,2.3072329180203575,-0.5570934423623876,0.5774635877238619,0.9988711645766837
Col26a1,15.706875816425447,-0.42499562012016406,0.5026710817112913,-0.8454745768809909,0.39784592133632457,0.9988711645766837
Col4a1,25.132947279510987,-0.07981362641225537,0.531913388437541,-0.15005004225725999,0.8807251341353889,0.9988711645766837
Col4a2,30.5041169446221,0.02039016320538745,0.4589889561367978,0.04442408239406599,0.9645663656206573,0.9990082607840204
Col4a3,2.492725681990448,1.0851027609123935,1.3992960175160623,0.7754633382281729,0.4380659209213963,0.9988711645766837
Col4a3bp,184.06442586689477,-0.0751228797741251,0.23710087868783397,-0.3168393140922585,0.7513655315318251,0.9988711645766837
Col4a5,2.709160507254424,-0.5694531141955523,1.2670314546541246,-0.44943881393299917,0.6531151370684294,0.9988711645766837
Col5a1,1.975340237258614,0.22861127120501215,1.3182334504353317,0.17342244738935722,0.8623193819614643,0.9988711645766837
Col6a1,1.0243226993877754,-1.2704112012467392,2.249757796545749,-0.5646879869456672,0.5722860066406878,0.9988711645766837
Col6a2,2.8508541939979803,-0.7333195528745675,1.1904353644772883,-0.6160095497470061,0.5378882170046826,0.9988711645766837
Col6a3,11.52593615900288,-0.7721884617130456,0.7090251503332065,-1.0890847261908205,0.27611652470673775,0.9988711645766837
Col7a1,10.79795122029642,1.8328896638921188,0.7685340053148227,2.3849168042229865,0.017082984151970234,0.6709171811368123
Col9a2,19.748238411491176,0.2303385877247528,0.46727891004989325,0.49293598056920357,0.6220578230396475,0.9988711645766837
Col9a3,100.6523981483295,0.24614039477341298,0.2590564137839299,0.9501420604807348,0.34204007398444425,0.9988711645766837
Colgalt2,12.661849333221582,-0.09588681666270492,0.5381904461925184,-0.17816521519671277,0.8585932268738169,0.9988711645766837
Colq,0.6362829395605115,0.24218186862869714,2.6313799771685544,0.09203606880420678,0.9266693824327392,0.9988711645766837
Commd1,535.7252054853262,0.029626628769407037,0.14857259691867397,0.19940843320941706,0.8419432642079757,0.9988711645766837
Commd10,102.25562124429734,-0.039686787593014514,0.2484919763433057,-0.15971053945896818,0.8731090981922947,0.9988711645766837
Comt,295.8502204280432,-0.020777017974142397,0.15956901750178662,-0.13020709345352563,0.896402582595645,0.9988711645766837
Cop1,97.17857088183813,0.05365416540126673,0.25242731561104026,0.21255292942995624,0.8316756892651611,0.9988711645766837
Copg1,433.891993597862,0.11102402146011002,0.14651843433613831,0.7577478012452818,0.4486019766736198,0.9988711645766837
Coprs,246.9974142687911,0.08655580565823325,0.21788730091134248,0.39725034591828956,0.6911828593595322,0.9988711645766837
Cops2,764.1707353100669,0.023607806692095768,0.12408512524479014,0.19025492898945975,0.8491093699698684,0.9988711645766837
Cops5,72.55300622325844,0.006215091891520397,0.27329991776424617,0.022740921191500892,0.981856933875929,0.9990082607840204
Cops8,583.0501074986518,-0.000505881413270359,0.1345566840933202,-0.0037596156346979465,0.997000267797247,0.9990082607840204
Cops9,132.08450234686805,0.14749147150979539,0.2461242015609685,0.5992562721356747,0.5490020029055303,0.9988711645766837
Coq8a,183.10205005111916,0.0649289222941557,0.23086933419235986,0.28123666801090635,0.7785288821175242,0.9988711645766837
Coro1c,863.8733003137913,0.42623652259686334,0.21376157412658445,1.9939810245991936,0.04615412825627044,0.9988711645766837
Coro2b,528.8981366008627,-0.30860749474544014,0.18219458924283233,-1.6938345755928148,0.09029672191761501,0.9988711645766837
Coro6,91.25620532214708,-0.265840756028547,0.2653863935344709,-1.001712079085988,0.3164826710969947,0.9988711645766837
Cort,1.7975158734170253,-0.3645687737925601,1.4499297939471798,-0.25143891470778423,0.801474784260165,0.9988711645766837
Cox7a1,0.13620909045879864,-0.6699094182016448,4.4288527141152105,-0.15126026116573588,0.8797704155341529,0.9988711645766837
Cox8b,1.1805948741315262,1.6642556331983969,1.9200315987029193,0.8667855436976598,0.38605952435686186,0.9988711645766837
Cpa4,1.4183949615143858,-0.33667201026872867,1.6645964889646028,-0.20225442772508928,0.8397178250636403,0.9988711645766837
Cpeb2,800.3587205477812,-0.1273673431715741,0.16170884441181083,-0.7876337477696519,0.4309109686588005,0.9988711645766837
Cpeb4,957.7037473929046,-0.11589442147074845,0.12464868720178134,-0.9297684883206072,0.3524909651347563,0.9988711645766837
Cplx3,5.966915452840909,1.1519951096272953,0.8303058354709216,1.3874346781796643,0.1653092567413612,0.9988711645766837
Cpn1,0.5902713768025009,-1.1918380242870574,2.4876155505396205,-0.4791086082527988,0.6318613660907735,0.9988711645766837
Cpne4,513.8795057555722,-0.328988037281813,0.2571237740129246,-1.2794928767079936,0.20072354645519264,0.9988711645766837
Cpox,1020.5624136998557,-0.26774623712047024,0.28892774675001054,-0.9266892506247687,0.3540879002521803,0.9988711645766837
Cps1,0.13691023446873854,1.2536647339164804,4.428644718705905,0.2830809002630525,0.7771148224071367,0.9988711645766837
Cpsf6,537.254468024946,0.135491396841481,0.15393111036000745,0.8802080133418095,0.37874663322745117,0.9988711645766837
Cpt1a,178.6450076015146,-0.3543226714248079,0.23437327304684677,-1.511787870769657,0.13058783601358123,0.9988711645766837
Cpt1c,259.91730899459674,0.06779107166294403,0.18480411186881884,0.3668266413415345,0.7137483339462871,0.9988711645766837
Cpt2,66.56642943187865,-0.2978433443051787,0.2678654855045732,-1.111913853866379,0.2661751914950048,0.9988711645766837
Cptp,100.1870920773877,0.03216429683633658,0.2171596553421873,0.14811359313337455,0.8822531219986625,0.9988711645766837
Cr1l,65.40142108421864,0.06422342656258086,0.2510968286619996,0.25577155595633483,0.7981272385551266,0.9988711645766837
Cr2,0.40862727137639593,-2.021519410583075,4.293594625457573,-0.47082214017063595,0.6377677525202419,0.9988711645766837
Crabp1,2.9531008031847112,0.6614571470941952,1.4495165172422277,0.45632949968217545,0.6481530538650264,0.9988711645766837
Crabp2,4.239709772727076,2.581230775059217,1.164537420527998,2.2165288375953556,0.026655305149021907,0.8283011904382397
Crb1,5.128552410827547,0.496983077916694,1.255786469727558,0.3957544454388923,0.6922861860133469,0.9988711645766837
Crb2,9.292209039002364,0.26642666581966196,0.6157166099515129,0.43270988879225264,0.6652255448368205,0.9988711645766837
Crbn,251.8623239496945,0.01037003637172336,0.1592638914534621,0.06511228802137835,0.948084596769271,0.9990082607840204
Creb1,296.488445178618,0.10211990640442781,0.1550661805361163,0.6585569209956982,0.5101803338043802,0.9988711645766837
Crebbp,428.4194905257766,-0.0007097596974418995,0.1413877065373706,-0.005019953394988417,0.9959946735125218,0.9990082607840204
Crebrf,571.5794615838342,0.15561811881568013,0.18233743128564658,0.8534622744130445,0.3934029998446321,0.9988711645766837
Creg1,27.59076078111038,0.34867134844757,0.4967389104137067,0.7019207497902281,0.48272858786213724,0.9988711645766837
Creld1,102.42404738094274,-0.17225171682746976,0.21891169463655905,-0.7868547960100761,0.4313668720765014,0.9988711645766837
Crh,1.3784066825566592,2.9775273726616387,2.5890190270197313,1.15006005810978,0.25011913584245515,0.9988711645766837
Crhbp,1.795098419852389,1.0203393975507378,1.397314534001667,0.7302145456318001,0.4652590528203272,0.9988711645766837
Crhr1,6.725753212744675,0.2596219700249235,0.7755665473271784,0.3347513774538809,0.73781264150138,0.9988711645766837
Crhr2,0.13620909045879864,-0.6699094182016448,4.4288527141152105,-0.15126026116573588,0.8797704155341529,0.9988711645766837
Crisp1,0.13620909045879864,-0.6699094182016448,4.4288527141152105,-0.15126026116573588,0.8797704155341529,0.9988711645766837
Crk,872.0296383095896,0.2329635261099537,0.14084402710719654,1.654053287844751,0.09811668601105804,0.9988711645766837
Crlf2,34.60614698395135,0.19959551245240445,0.3397581381136796,0.5874635220234866,0.5568924425464321,0.9988711645766837
Crmp1,416.12238694564735,-0.14397166643643297,0.19482473145327198,-0.7389804434092807,0.4599188727438184,0.9988711645766837
Crocc,42.61438613022141,-0.33467947784036256,0.31558463027270645,-1.0605062659457012,0.28891434086916246,0.9988711645766837
Crtc1,0.8640918457399781,0.007166712955662853,2.1153368386092786,0.0033879771887178898,0.9972967904801859,0.9990082607840204
Crtc2,41.107731632417135,0.41271677039387605,0.36548072984628516,1.1292435871173223,0.25879509123640687,0.9988711645766837
Crx,0.13691023446873854,1.2536647339164804,4.428644718705905,0.2830809002630525,0.7771148224071367,0.9988711645766837
Crxos,0.5623440625188584,-0.7507105962308264,3.2400393674702226,-0.23169798607014172,0.8167725957082732,0.9988711645766837
Cry1,112.31554038902512,0.5199244390620602,0.28999162282327673,1.7928946843368174,0.0729897654821146,0.9988711645766837
Cry2,406.0858282521097,-0.04403126269194282,0.15307800143568304,-0.2876393882790723,0.7736227909748163,0.9988711645766837
Cryaa,0.4286382351348237,-2.087102965941236,3.6652882449794126,-0.5694239651683818,0.5690684570517077,0.9988711645766837
Cryab,3775.1937858270758,-0.014937844545716715,0.20953862097187856,-0.07128921855280068,0.9431675757466028,0.9988711645766837
Cryba2,0.13691023446873854,1.2536647339164804,4.428644718705905,0.2830809002630525,0.7771148224071367,0.9988711645766837
Cryba4,0.9723736219151341,0.12005899222902684,2.036785663022944,0.058945324689117465,0.9529956569074729,0.9990082607840204
Crybb3,3.402090167052267,-1.552713941067181,1.092807077616455,-1.420849089350555,0.15536063613931517,0.9988711645766837
Crygb,0.28242366279681114,-1.488372750394001,4.162759947789275,-0.3575446984840992,0.7206840699934347,0.9988711645766837
Crygc,0.27311932492753715,0.2918801220273429,4.0938117842693424,0.07129788505395035,0.9431606784301703,0.9988711645766837
Crygd,0.9215255194973769,-1.8447707708823613,2.4256185289027834,-0.7605362297907718,0.44693412161969903,0.9988711645766837
Cryge,0.3171520518749637,-1.6299156053852275,4.032308140551388,-0.4042140502591523,0.6860553226533403,0.9988711645766837
Crygf,0.4800628853432851,1.1081524791737183,2.936189006084251,0.3774118344825384,0.7058675734198745,0.9988711645766837
Crygs,0.27311932492753715,0.2918801220273429,4.0938117842693424,0.07129788505395035,0.9431606784301703,0.9988711645766837
Crym,2.8668349700180547,1.145719581932418,1.1679856829678732,0.9809363236552038,0.32662414358013747,0.9988711645766837
Cs,1009.9012880707588,-0.0798731906595104,0.14597969291158586,-0.5471527516357116,0.5842737934958285,0.9988711645766837
Csde1,1630.709319850529,0.04006762741586648,0.13479876229938173,0.29724032129373834,0.7662830402303985,0.9988711645766837
Cse1l,226.00258371897007,0.32346918195904295,0.17792026372059694,1.8180570059575318,0.06905542035033731,0.9988711645766837
Csf1,249.54620828853263,-0.6484990858808715,0.2639573039743024,-2.456833268550152,0.01401677238070135,0.6091824867587009
Csf1r,111.11443839059227,0.2407464166940708,0.2625159298273022,0.9170735537932778,0.35910409816504085,0.9988711645766837
Csf2,0.3078477140056897,0.2918807853093279,3.93821644106615,0.074114967949885,0.9409189053157049,0.9988711645766837
Csf2rb,1.6234597963054977,0.8752628349660239,1.5154548146092375,0.5775578569076055,0.5635626664088438,0.9988711645766837
Csf2rb2,1.2122046656351022,3.839388682953909,2.5977263863682034,1.4779803997454994,0.1394130245460649,0.9988711645766837
Csf3,0.48936722321255915,-0.5385284211061995,2.9213322655856975,-0.18434343379910945,0.8537440424926434,0.9988711645766837
Csf3r,4.540079753961604,1.0837802735823778,1.1150635201773855,0.9719448748623475,0.33107797340168255,0.9988711645766837
Csk,60.41889481214764,0.018248895234630517,0.268305873294772,0.06801526560166471,0.9457734822324484,0.9990082607840204
Csnk1a1,530.4750204976946,-0.12169489449829472,0.14273035805018655,-0.852620957172297,0.3938695368989066,0.9988711645766837
Csnk1d,694.9031018400793,-0.03624495108278617,0.13423061845868298,-0.27001999617503514,0.7871448700816399,0.9988711645766837
Csnk1e,369.6419584331761,-0.05889686118761419,0.14792396935255744,-0.3981563058738724,0.6905149718524513,0.9988711645766837
Csnk2a1,471.36368827405613,0.00472259736842818,0.18280370654798583,0.025834253897846986,0.9793895403004752,0.9990082607840204
Csnk2a2,204.76402441741104,-0.03296259040944752,0.1639648948534873,-0.2010344375172601,0.8406716464811917,0.9988711645766837
Cspg4,22.750958703084255,-0.6344064570915734,0.4142730874765671,-1.5313726048580403,0.12567733072964762,0.9988711645766837
Cspg5,436.59291844025046,0.004281556827454855,0.21219627237516406,0.02017734232336109,0.9839019024129481,0.9990082607840204
Cst7,18.461403660943535,4.900983654113346,1.193108374596427,4.1077439053020814,3.995427592159906e-05,0.024986405304470015
Csta1,0.0,,,,,
Ctbp1,634.2970588380663,-0.07961394500553362,0.13126923436093144,-0.6064935580155136,0.544187058812546,0.9988711645766837
Ctbp2,48.3959425215034,0.5366211717710785,0.3123682404809368,1.717912073727058,0.08581265423688608,0.9988711645766837
Ctcf,403.03244508416884,-0.0014787632097683133,0.137125026503944,-0.010784050493698762,0.9913957393816324,0.9990082607840204
Ctdsp1,582.2382336969463,0.11327847190410527,0.14836719034803855,0.7635008227787933,0.445164771832102,0.9988711645766837
Ctdspl2,142.87793457763343,0.22497986752128715,0.2201223643031823,1.0220672862272842,0.30674905517236906,0.9988711645766837
Cth,36.7112775628102,0.018640831723281893,0.37943853261458615,0.049127408317848086,0.9608177610947998,0.9990082607840204
Ctla4,0.13620909045879864,-0.6699094182016448,4.4288527141152105,-0.15126026116573588,0.8797704155341529,0.9988711645766837
Ctnna1,583.6456993451548,-0.044387539800315456,0.1601446949831984,-0.27717146549857546,0.7816484488279061,0.9988711645766837
Ctnna3,30.106452938069705,-0.5924925426745031,0.6554633276113784,-0.9039293545737308,0.36603286259740275,0.9988711645766837
Ctnnal1,306.0748439073408,-0.16426462260223404,0.15592762456955933,-1.0534671008789438,0.2921269648077194,0.9988711645766837
Ctnnb1,2938.5540893352354,0.10796239604858368,0.12819873694390388,0.8421486718377338,0.3997047402928796,0.9988711645766837
Ctnnbip1,211.954792261523,-0.21692848817890922,0.17952117396334327,-1.2083727138683051,0.22690393050287483,0.9988711645766837
Ctnnd1,1016.2933874709375,-0.030726765075195527,0.14562744581099057,-0.21099570142207744,0.8328906256207064,0.9988711645766837
Ctps,318.7172446356851,0.16722233115988952,0.1752756025619023,0.9540536658593509,0.3400564781220742,0.9988711645766837
Ctr9,436.7550527598789,-0.19743753975951175,0.13902546693803014,-1.4201537610912573,0.1555629217408729,0.9988711645766837
Ctsk,28.178157946144058,-0.30698367036984614,0.43547037275590533,-0.704947315765888,0.48084302312609983,0.9988711645766837
Ctsl,179.60777162247328,0.4657212522644631,0.25463381729250484,1.8289842928815552,0.06740196130466045,0.9988711645766837
Ctsq,0.0,,,,,
Ctss,418.9838584516092,0.23673211010738826,0.19449425913413534,1.2171675974462726,0.22354045579016957,0.9988711645766837
Cttn,243.91937150374704,-0.040069306708644205,0.17092082242277049,-0.23443197932627124,0.8146496343493755,0.9988711645766837
Cttnbp2,944.5087014152067,-0.23316290767486275,0.14144512773977833,-1.6484336463241132,0.09926371636436773,0.9988711645766837
Cubn,2.3082248799980594,-2.4653757814964625,1.5090293162972486,-1.6337494274437496,0.10231147520667543,0.9988711645766837
Cul1,620.0558590583115,-0.011193788812965382,0.12560633797402468,-0.08911802536015541,0.9289881122264507,0.9988711645766837
Cul3,1277.8252249929226,0.004320705238939705,0.1266261451019045,0.03412174662240997,0.9727800672836924,0.9990082607840204
Cul4a,295.7339364102878,-0.018677778321942676,0.15729195103554813,-0.11874592564321033,0.9054766505258032,0.9988711645766837
Cux1,290.06157677234086,-0.02480751074003809,0.1812145775053428,-0.13689577892433452,0.8911131753558593,0.9988711645766837
Cux2,110.59398779683563,-0.3917685801941386,0.23216767436383973,-1.687438103808464,0.09151914222665679,0.9988711645766837
Cwc27,82.15965780107445,0.02627742513504384,0.24018948050754407,0.10940289757701732,0.9128829356113413,0.9988711645766837
Cx3cl1,175.06931543360736,0.08710507372017526,0.1982450915146486,0.4393807334883696,0.6603856844140161,0.9988711645766837
Cx3cr1,49.48046240132542,0.22356427926682107,0.301342490538224,0.7418943105816765,0.45815137320639554,0.9988711645766837
Cxadr,50.36862738971512,0.14004557913802518,0.3581508978032307,0.39102395106926885,0.6957795321089216,0.9988711645766837
Cxcl1,0.7660066092900903,-0.22861410176518604,2.4973410610998834,-0.09154300360740451,0.9270611377241149,0.9988711645766837
Cxcl10,0.14621457233801252,-0.6699094182016454,4.4288527141152105,-0.15126026116573596,0.8797704155341528,0.9988711645766837
Cxcl12,57.246846161193396,-0.24572892280262315,0.3288929980706091,-0.7471394169050334,0.45497940915922075,0.9988711645766837
Cxcl13,0.5848582893520501,-2.5287377228359293,3.959155627481581,-0.6387063204293536,0.5230140002444701,0.9988711645766837
Cxcl14,236.41080984147493,-0.06490000424267403,0.17662475031057406,-0.36744569562620716,0.713286591566223,0.9988711645766837
Cxcl16,11.463092321228954,1.8097072829427425,0.7284460380420921,2.4843395233596857,0.012979199322769601,0.6091824867587009
Cxcl2,0.3573793379136945,2.105959986671047,3.882576521232137,0.5424130020759307,0.5875340246416054,0.9988711645766837
Cxcl3,0.7717908860093702,-1.532661204532045,2.532804022919576,-0.6051242775449079,0.545096424266005,0.9988711645766837
Cxcl5,7.955834219461411,0.4278801783068099,0.7664859741083102,0.5582361488148344,0.5766831394953656,0.9988711645766837
Cxcl9,0.4793617413333453,-0.49103473330401287,3.3685985829337604,-0.14576825383461503,0.8841043379373619,0.9988711645766837
Cxcr1,0.5500962112902946,1.3250773316994124,3.255216233911111,0.4070627683333174,0.683961887774023,0.9988711645766837
Cxcr2,0.4935884283724931,1.1445163161069793,2.9180857726812546,0.3922147617529939,0.6948995378898936,0.9988711645766837
Cxcr3,0.6502992208702963,-1.1670729356496832,2.6879293797645603,-0.43419032673838653,0.664150236947993,0.9988711645766837
Cxcr4,11.037155428363718,0.6744598962354725,0.698804666493184,0.9651622671899418,0.33446354298537173,0.9988711645766837
Cxcr5,0.8014361423781828,0.7415296934325244,2.1830081594600244,0.33968251113451847,0.7340956335416119,0.9988711645766837
Cxcr6,0.48936722321255915,-0.5385284211061995,2.9213322655856975,-0.18434343379910945,0.8537440424926434,0.9988711645766837
Cxxc1,111.41312880924873,0.3652007293015179,0.25347370403406483,1.4407834954447105,0.14964585761334084,0.9988711645766837
Cxxc5,408.49016015741523,-0.4065352520872209,0.20848472262703344,-1.949952240934641,0.05118181168327365,0.9988711645766837
Cyb561,68.19675778000983,-0.04456937830457349,0.37573917394372686,-0.11861786418694924,0.9055781117021563,0.9988711645766837
Cyb5a,290.09865472216967,-0.10604015214463106,0.17318318016553247,-0.6123005250468057,0.540338942358186,0.9988711645766837
Cyb5r3,235.93319138385957,0.28799246233808246,0.18234402585358683,1.5793907203152686,0.11424646454616942,0.9988711645766837
Cybb,2.018899024937912,0.42164205508099356,1.6613695459402584,0.2537918526984697,0.7996563680256058,0.9988711645766837
Cybc1,113.46563045634821,0.13317905336255959,0.22122743997104585,0.6020006079715517,0.5471737327002788,0.9988711645766837
Cyct,0.13620909045879864,-0.6699094182016448,4.4288527141152105,-0.15126026116573588,0.8797704155341529,0.9988711645766837
Cyfip1,767.5112607424279,-0.053145825923876594,0.14064135757796925,-0.3778819178022611,0.7055183157311238,0.9988711645766837
Cyfip2,2355.303423519537,-0.011144646525779664,0.14635367648865055,-0.07614872952401651,0.939300772099362,0.9988711645766837
Cygb,18.419329708937955,0.9822712753054186,0.6721233383003399,1.461444974949655,0.14389336576354111,0.9988711645766837
Cyld,1060.5335207969354,-0.024048583848553382,0.13067612533079614,-0.18403196289816762,0.8539883803691694,0.9988711645766837
Cyp11a1,0.4433556604545485,-2.127290718398713,3.635716882432567,-0.5851090134871547,0.5584744185773751,0.9988711645766837
Cyp11b2,0.13691023446873854,1.2536647339164804,4.428644718705905,0.2830809002630525,0.7771148224071367,0.9988711645766837
Cyp17a1,0.30714656999574985,-1.589477432344553,4.067301980088958,-0.3907940546646573,0.695949469913375,0.9988711645766837
Cyp19a1,1.2226487652683689,-0.9809519028870556,1.8207815866250556,-0.5387531981281278,0.5900571611861332,0.9988711645766837
Cyp1a1,0.0,,,,,
Cyp1a2,0.14621457233801252,-0.6699094182016454,4.4288527141152105,-0.15126026116573596,0.8797704155341528,0.9988711645766837
Cyp1b1,1.5031937024405437,-0.403166565311902,1.5683140609728985,-0.257070044415593,0.7971247017100971,0.9988711645766837
Cyp21a1,0.3573793379136945,2.105959986671047,3.882576521232137,0.5424130020759307,0.5875340246416054,0.9988711645766837
Cyp24a1,1.277978966571474,0.9117488655475977,1.6990674139803703,0.5366172395783063,0.5915320333689584,0.9988711645766837
Cyp26a1,1.0076785587839907,0.31797936911880903,1.8654219211836305,0.17045975792814083,0.8646485796733391,0.9988711645766837
Cyp26b1,22.311108879947525,1.2361288402202735,0.78887212391974,1.5669571819551802,0.11712470034077106,0.9988711645766837
Cyp27a1,201.40131729175832,-0.38449846860450015,0.2751208348827846,-1.397562161252949,0.16224458777008588,0.9988711645766837
Cyp27b1,1.1143669890932124,-1.1141975034745177,1.8167381945431433,-0.6132955793086663,0.5396809158836187,0.9988711645766837
Cyp2a5,0.22046910344495593,1.2536647339164806,4.428644718705905,0.28308090026305255,0.7771148224071367,0.9988711645766837
Cyp2c29,0.17093747953695118,-0.6699094182016454,4.4288527141152105,-0.15126026116573596,0.8797704155341528,0.9988711645766837
Cyp2e1,0.4533611423337623,-2.1547732931189914,3.195826599826765,-0.6742459973378387,0.5001549306298455,0.9988711645766837
Cyp2g1,0.0,,,,,
Cyp2r1,3.842365009358469,0.8478992124688094,0.9699571919145927,0.8741614779876483,0.38203032127808756,0.9988711645766837
Cyp3a13,53.477637519491786,-0.6148606542582943,0.33741683567095976,-1.8222583737875209,0.06841579106584086,0.9988711645766837
Cyp7a1,0.0,,,,,
Cyp7b1,65.112629832858,0.12120814326596177,0.31138757984538973,0.3892516950295323,0.697089965754524,0.9988711645766837
Cyp8b1,0.3438537948844865,2.0625228501282593,3.9223880904154367,0.5258334470187036,0.5990039332728522,0.9988711645766837
Cyren,2.7934583400912847,0.3258041051399994,1.1383440163332423,0.28620882656321933,0.7747181837774689,0.9988711645766837
Cysltr1,1.4222668236254268,1.870785088292678,1.7185834451223958,1.0885622653949414,0.2763469646540406,0.9988711645766837
D1Ertd622e,232.01746531678336,0.1789724842617781,0.2342628312310923,0.76398156430214,0.4448782289816764,0.9988711645766837
D1Pas1,0.0,,,,,
Daam2,481.91228026748837,-0.410212529584247,0.23637947273301493,-1.7353982765143587,0.08267028515372396,0.9988711645766837
Dab2,25.670514436560794,-0.4077444741487377,0.41635696718155213,-0.9793146417337146,0.32742453811519046,0.9988711645766837
Dach1,4.381875060111744,-0.0672664107254307,1.0749320162824034,-0.06257736276017536,0.9501030559805941,0.9990082607840204
Dact2,11.104172174996618,0.20565198541226729,0.7402047332150293,0.27783122180134107,0.7811419228247117,0.9988711645766837
Dag1,110.82537462037959,0.35583623506262985,0.24592741849265495,1.4469156682228888,0.14792054428002838,0.9988711645766837
Dagla,139.00541166094817,-0.2808707389120267,0.27522910673638207,-1.020497948936223,0.3074923615121331,0.9988711645766837
Daglb,70.99746442211702,0.10396194657226314,0.299227725051063,0.34743420434895234,0.7282651405067507,0.9988711645766837
Dao,4.188947781005781,-0.4128600963703328,1.1737093854231708,-0.3517566626780271,0.7250207620972077,0.9988711645766837
Dapk1,154.45294617316182,-0.1162607613839558,0.23606122633078466,-0.4925025731292419,0.6223641033574899,0.9988711645766837
Daxx,50.98540036454899,0.01047225495609076,0.32290261302947637,0.032431620350916124,0.9741278463513178,0.9990082607840204
Dazl,2.608995317525126,0.5260039471675317,1.1567617099476541,0.4547210913398357,0.649309905256827,0.9988711645766837
Dbh,0.0,,,,,
Dbn1,386.9985490558668,-0.021036398992660205,0.2261564203923915,-0.0930170320000693,0.9258900303056522,0.9988711645766837
Dbnl,268.0256348587249,-0.041587801903927864,0.18098952857166178,-0.22978015486382905,0.8182626062731884,0.9988711645766837
Dbp,898.1736198928651,-0.218162255775411,0.12006499039415686,-1.8170347164416065,0.06921179774514831,0.9988711645766837
Dbx1,0.206943560415748,1.2536647339164804,4.428644718705905,0.2830809002630525,0.7771148224071367,0.9988711645766837
Dbx2,146.96634402775052,-0.24599324003465856,0.2391445101794156,-1.0286384573499294,0.30364959935414526,0.9988711645766837
Dcaf1,148.6423640600195,0.042466449839194585,0.19873212148509523,0.2136868943070159,0.8307912321222246,0.9988711645766837
Dcaf11,65.15219573659365,-0.14486476138688928,0.29984737428694846,-0.4831283306428302,0.6290046193271432,0.9988711645766837
Dcaf7,1011.1614959638958,0.04973286330594547,0.13763308891174267,0.361343799657339,0.7178424550148749,0.9988711645766837
Dcc,67.71264312412552,0.21288481737348142,0.2878969208021867,0.7394480523803659,0.45963497270339226,0.9988711645766837
Dct,9.895365563571394,-0.7326782010328463,0.8906956945663433,-0.8225909314511376,0.4107406573899901,0.9988711645766837
Dctn1,1281.5391628030864,-0.10392441405242185,0.14604606994939628,-0.7115865157373339,0.47672085944805,0.9988711645766837
Dctn2,948.0909227829228,-0.0672444369590028,0.12728277539349955,-0.5283074379161993,0.5972859700227984,0.9988711645766837
Dctn3,80.3561075926773,0.11476679116765644,0.2716947870521342,0.42241072201961094,0.6727252531209654,0.9988711645766837
Dctn4,230.56004094935454,0.025235177832598845,0.19272946500984306,0.130935754070142,0.8958261304923436,0.9988711645766837
Dcx,13.993457448982147,-0.20551804923498196,0.5964389793406987,-0.3445751474227268,0.7304137922602717,0.9988711645766837
Ddah1,596.762222299127,0.04578929166963206,0.22962181093100534,0.19941176965715338,0.8419406545135346,0.9988711645766837
Ddb1,373.29472162758117,0.13324359926552087,0.17407367369247456,0.7654437137973791,0.4440073711065118,0.9988711645766837
Ddc,16.09109723477945,0.2142760748615076,0.5581864195447042,0.38387905430641994,0.7010680914290974,0.9988711645766837
Ddit3,300.25559009020924,0.811823954225298,0.2820179857523289,2.8786247517498764,0.0039941327311100805,0.3827053126640915
Ddit4,2021.8419252752037,-0.37255341513262413,0.2675685671633581,-1.3923661477963136,0.16381155006929504,0.9988711645766837
Ddr1,817.1221718693504,-0.2618443182445308,0.14826313920444897,-1.7660783364600008,0.07738270737480105,0.9988711645766837
Ddx19b,65.65766410753558,-0.0008981032578204173,0.28983570532382885,-0.0030986632817270755,0.9975276283648848,0.9990082607840204
Ddx21,260.64391827774,0.549083865055301,0.25342093498034085,2.166687077758182,0.030258722581530204,0.860781984528837
Ddx4,1.3368149283487527,1.0457678599113092,1.6618246802270045,0.6292889210000526,0.5291599231958767,0.9988711645766837
Ddx41,103.08503045104301,0.2957070063898051,0.225512145163357,1.3112686510768643,0.18976701569846943,0.9988711645766837
Ddx42,376.7925541727986,-0.11989978195195562,0.14844647432559166,-0.8076970672201765,0.41926499233438486,0.9988711645766837
Ddx56,268.84724512154577,0.19953894106655307,0.16779817526226556,1.1891603752822535,0.23437656386289185,0.9988711645766837
Ddx58,30.6358327489942,0.034288761000417084,0.4307351005985838,0.07960521664653449,0.9365512461028598,0.9988711645766837
Ddx6,745.0218575152376,-0.07951970794192775,0.11976222165535166,-0.6639798998616385,0.5067031758747285,0.9988711645766837
Decr1,136.9655301805183,0.05477127767475692,0.23680773163978366,0.23129007357779763,0.8170894577785723,0.9988711645766837
Def6,6.554557337818937,0.12775908051282112,0.7337828634745304,0.17411019917781934,0.8617788578417276,0.9988711645766837
Defa5,0.22046910344495593,1.2536647339164806,4.428644718705905,0.28308090026305255,0.7771148224071367,0.9988711645766837
Dek,581.4643860552579,0.02674468860830273,0.14686699748858367,0.18210141873691985,0.8555031353584479,0.9988711645766837
Dennd1a,116.08128528094521,-0.008604017624518638,0.22669253605333042,-0.03795456954301532,0.9697239041591935,0.9990082607840204
Derl2,61.69929652814255,0.3875191064186071,0.29654667023370956,1.3067727454609481,0.1912899040660715,0.9988711645766837
Des,5.644983403792618,-0.6763154575572788,0.8577092531138399,-0.7885136543671104,0.4303963149221255,0.9988711645766837
Dffb,26.245277954546285,0.08347005957465434,0.42297136242918554,0.19734210631961877,0.8435598310777334,0.9988711645766837
Dgat1,85.56996976911067,0.10389967956830787,0.2751621616542547,0.37759435724618023,0.7057319571639189,0.9988711645766837
Dgcr2,628.0099312312865,0.05667994959551819,0.13127481053246276,0.43176561722404383,0.6659117712917942,0.9988711645766837
Dgcr8,94.9523664854405,-0.051768312982163035,0.21796111999002532,-0.23751168549937773,0.8122598548179668,0.9988711645766837
Dgka,16.13067242426856,-0.12420223559143467,0.5453914241498904,-0.22773045209691464,0.819855797041562,0.9988711645766837
Dgkg,37.62389750129888,2.193517432400291,1.4439434558662516,1.519115879149405,0.12873333043385354,0.9988711645766837
Dgkq,90.7642782595755,-0.027990689151551815,0.23327873270968344,-0.11998817391719274,0.9044925161202454,0.9988711645766837
Dglucy,53.40528706918601,0.8737596913636209,0.34654457599496263,2.521348628397871,0.011690596220288372,0.6091824867587009
Dhfr,48.59287830382568,-0.05471736179449403,0.34092945130496755,-0.16049467590744562,0.8724914152752751,0.9988711645766837
Dhh,0.5240956122907117,-0.6579764535734584,2.8801912772738483,-0.22844887378321788,0.8192972980106874,0.9988711645766837
Dhodh,35.37463685830957,-0.19742810944618377,0.3453797806106502,-0.5716261360092364,0.5675752850548836,0.9988711645766837
Dhx33,128.81575979148366,0.38608080263746525,0.27066406164697043,1.426420634820126,0.1537469608857164,0.9988711645766837
Dhx58,18.035875760199186,-0.06402129282998267,0.46274751870438324,-0.1383503751878168,0.8899635146215905,0.9988711645766837
Diablo,137.95884418018798,-0.15832126438812233,0.23043014400471076,-0.6870683741137866,0.49203964256119403,0.9988711645766837
Diaph1,136.85885064341264,0.2113197340786698,0.20228579892227547,1.0446592652797415,0.29618047786052737,0.9988711645766837
Diaph3,7.465046236261576,0.2875629420835669,0.7781599907986829,0.36954218346335166,0.7117236368425296,0.9988711645766837
Dicer1,253.09254274896023,-0.16739550232717196,0.16665405689178397,-1.004449009218356,0.31516223737103444,0.9988711645766837
Dio1,0.6355817955505716,-1.1325525162902712,2.6989621149756644,-0.4196251996299263,0.6747592764113282,0.9988711645766837
Dio2,185.38062982645388,-0.49012695655392186,0.19154202957350025,-2.558848090130766,0.010501962166419259,0.5773771067977533
Dio3,0.13620909045879864,-0.6699094182016448,4.4288527141152105,-0.15126026116573588,0.8797704155341529,0.9988711645766837
Dip2a,1567.9231404667944,-0.16378594423439258,0.14551166057200857,-1.125586386620478,0.2603406329696152,0.9988711645766837
Diras1,141.79871684893462,0.10745922704953471,0.25097963805109075,0.4281591442396604,0.6685352591165612,0.9988711645766837
Disc1,1.0950571693447249,-0.27802011586244024,1.9295712408329733,-0.1440838824600341,0.8854342318468389,0.9988711645766837
Disp2,520.9074427611043,0.10094176522958297,0.2448012913144863,0.4123416371195002,0.680089034314407,0.9988711645766837
Dixdc1,402.58408272569073,-0.3567881784946596,0.23714773212224793,-1.50449753536221,0.13245330747891237,0.9988711645766837
Dkk1,1.2586548461471654,-0.03640592661925651,1.7510243081276398,-0.020791217146599844,0.9834122039278279,0.9990082607840204
Dkk2,2.4798145066026485,2.132212960775588,1.4373519423203684,1.4834313698658108,0.13795983800226416,0.9988711645766837
Dkk3,25.676802678852738,1.5646232905613056,0.6851043837466676,2.2837735791512017,0.022384841197881318,0.7700432108090179
Dkk4,0.3171520518749637,-1.6299156053852275,4.032308140551388,-0.4042140502591523,0.6860553226533403,0.9988711645766837
Dlg1,1283.5789666656776,0.13937968466214987,0.13014276418884288,1.070975290335034,0.28418054020267747,0.9988711645766837
Dlg3,242.84982761127696,0.026443861795177263,0.1824506455121791,0.1449370689862101,0.8847605586155998,0.9988711645766837
Dlg4,1361.6212571467338,0.046777359836923924,0.18869328783236597,0.2479015569355104,0.8042105752427832,0.9988711645766837
Dlg5,125.76691770823925,-0.08404162630391078,0.2626283926591737,-0.32000205862347825,0.7489667699915937,0.9988711645766837
Dlgap4,868.0167841503024,-0.028877777386141636,0.1462977145476101,-0.19739048880865367,0.843521972034624,0.9988711645766837
Dlk1,7.143743662679305,0.3292995174249479,0.8855172807700608,0.37187249145333845,0.7099877873223648,0.9988711645766837
Dll1,218.45032745027547,0.6216718259686593,0.3886049933511279,1.59975254205481,0.10965349075130391,0.9988711645766837
Dll3,3.5996762617893387,0.3492486404582147,1.0722383176529653,0.32571923117119056,0.7446367926776367,0.9988711645766837
Dll4,3.5795651878449632,-0.5402810858879525,1.0151119371889927,-0.5322379395754888,0.5945612091018087,0.9988711645766837
Dlx1,6.233722808724042,-0.05553641440768374,0.8613211835555357,-0.06447817082406972,0.9485894880957095,0.9990082607840204
Dlx2,3.8492284149126967,-0.22530066418948352,0.995504262193801,-0.22631813116800384,0.8209539975666988,0.9988711645766837
Dlx3,0.4200350412754896,0.8943519842705594,3.5093290075685157,0.2548498537303639,0.7988390685006509,0.9988711645766837
Dlx4,0.0,,,,,
Dlx5,4.199792336931588,0.9166665977576819,0.9967587885414776,0.9196473693490159,0.3577570642364468,0.9988711645766837
Dlx6,3.4510595438453877,-0.5958624725452119,1.2393423022232328,-0.48078926336679173,0.6306662817840054,0.9988711645766837
Dmap1,143.42416131595402,0.11478063754630005,0.226166575110135,0.5075048666692061,0.6118006225474468,0.9988711645766837
Dmbx1,0.49937270509177295,-0.5722388979548446,3.3342651135947228,-0.1716236947151167,0.8637333781578063,0.9988711645766837
Dmc1,0.3438537948844865,2.0625228501282593,3.9223880904154367,0.5258334470187036,0.5990039332728522,0.9988711645766837
Dmd,125.95006305493979,0.14827401703631454,0.20716525548916387,0.715728207831985,0.47415918966600445,0.9988711645766837
Dmp1,39.880444710570536,-0.196248677467379,0.4616292675776865,-0.42512182664924464,0.6707478673933192,0.9988711645766837
Dmrt1,0.8988202348181306,-0.09896870229337638,2.3423974508204015,-0.04225102885879319,0.9662985837044574,0.9990082607840204
Dmrt2,1.228672089493127,-2.3620604816629376,2.0686517340329207,-1.1418357390965972,0.2535223037500418,0.9988711645766837
Dmrta1,0.44405680446448836,-0.6235102737815117,3.003849274169698,-0.20757042610064314,0.8355643979530634,0.9988711645766837
Dmrta2,3.845021510428584,0.07846040141144575,1.0274125572020458,0.07636698701164124,0.9391271334318413,0.9988711645766837
Dnah11,0.8579439252959844,0.8535720692571293,2.1605930349855527,0.3950637882449885,0.6927958124830231,0.9988711645766837
Dnah12,0.7760120911693043,-0.2617973519958496,2.2023457004233378,-0.11887205171537173,0.9053767242334018,0.9988711645766837
Dnah5,3.7145108871789376,-0.3650397981449756,1.1346309509934012,-0.3217255776650312,0.7476605990698354,0.9988711645766837
Dnajb1,977.2350843501935,-0.08064794917953605,0.2050956388850355,-0.3932211802160382,0.6941561275693181,0.9988711645766837
Dnajb6,538.5054264714581,-0.03567052204605158,0.13516146054584127,-0.2639104512632401,0.7918489221311367,0.9988711645766837
Dnajc5,386.64907536472447,0.009564444005291139,0.15636400784208243,0.06116781052932981,0.9512255651884353,0.9990082607840204
Dnajc7,537.9301384408703,0.1685987189917751,0.1471856485186123,1.1454834128780904,0.2520089626591795,0.9988711645766837
Dner,1025.5180389997142,0.0718188875936661,0.15983804146751288,0.44932287041482116,0.6531987618776034,0.9988711645766837
Dnm1,2148.1186525652865,-0.01869974209496792,0.20241495440043283,-0.09238320434553789,0.9263935833480679,0.9988711645766837
Dnm1l,905.8369721800154,-0.03356802602948273,0.129883521990969,-0.2584471495299978,0.7960618321537608,0.9988711645766837
Dnm2,1299.351288615579,0.012676006579435174,0.13468277392389869,0.09411750448945787,0.9250158155311674,0.9988711645766837
Dnmt1,134.97036422421448,0.038638441266945774,0.21987530876465963,0.17572887780820295,0.8605069471199078,0.9988711645766837
Dnmt3a,221.32662211860745,-0.2583869095778969,0.1812374252704299,-1.4256818600923615,0.15396019498743457,0.9988711645766837
Dnmt3b,3.2445434240920945,1.0034292409063583,1.1348149993301277,0.884222751284284,0.3765759790557833,0.9988711645766837
Dnmt3l,0.5147912744214377,1.1089206308404533,2.88378987672448,0.38453586365314807,0.7005813199674482,0.9988711645766837
Dnttip1,159.8252608780839,0.1185831722031945,0.19894017194944386,0.596074543623747,0.5511254293103044,0.9988711645766837
Dnttip2,121.08308246476963,0.3543977632850853,0.25963547769558915,1.3649820372414616,0.17225869580321096,0.9988711645766837
Doc2a,22.981312696343878,0.8302208809125884,0.7178564445002595,1.1565277253874235,0.24746536570743383,0.9988711645766837
Dock2,12.451388675530453,1.739796047862336,0.6880115939218232,2.528730712145563,0.011447582133018963,0.602865825384146
Dock3,157.07326132858523,-0.2122959588890627,0.22293763738436495,-0.9522661197088268,0.34096203567744277,0.9988711645766837
Dock5,280.72478751803624,-0.5771615434117221,0.2631119722964217,-2.1935966591497116,0.028264418812859828,0.8417076626234388
Dock7,72.4254931676114,-0.03331586592017314,0.28923543410298186,-0.11518597651597236,0.9082977138080662,0.9988711645766837
Dock8,5.84356694872161,0.3514602656712433,0.8105483404773642,0.43360802572768736,0.6645731057215265,0.9988711645766837
Dot1l,77.36600687987583,-0.1300731070955847,0.2490503811563779,-0.522276281978112,0.6014779806037887,0.9988711645766837
Dpf2,566.08569169377,0.01446159070573011,0.17606901170725178,0.08213592253119051,0.934538627569073,0.9988711645766837
Dpf3,31.973377513663237,0.12857138807594604,0.361403074277599,0.35575621024515264,0.7220231455081811,0.9988711645766837
Dpm1,249.2537699025019,0.07905243158851587,0.18536962589728598,0.42645838662003416,0.6697738643920165,0.9988711645766837
Dpp10,285.39000934868403,-0.14332973399124596,0.1948699692381011,-0.7355147360654586,0.4620260687697618,0.9988711645766837
Dpp4,7.763261330611829,-0.03668721642825898,0.7328178942935558,-0.05006321040185003,0.9600720168030396,0.9990082607840204
Dpp9,160.97056022777414,0.03814018114771304,0.18805544260086243,0.20281349276693642,0.8392808114038725,0.9988711645766837
Dppa3,0.0,,,,,
Dpy30,316.163094969803,-0.09111778668264568,0.1495648820046358,-0.6092191259163461,0.5423792046501291,0.9988711645766837
Dpyd,201.60263445442624,-0.21345654904917655,0.17628848171313458,-1.2108366183363226,0.22595802791303,0.9988711645766837
Dpysl2,3754.4291780964086,-0.08951060361947771,0.17540114706575727,-0.5103193742850525,0.6098277315834559,0.9988711645766837
Dpysl3,159.58594123436364,0.1651714596847767,0.31271937950659473,0.5281778825008621,0.5973758789465904,0.9988711645766837
Dpysl4,44.33976644908949,0.26300885324522716,0.4026309469165183,0.6532256282320981,0.5136108304454883,0.9988711645766837
Dpysl5,206.20199624318093,0.21884926805196214,0.3301284343036579,0.6629215944805916,0.5073807706176783,0.9988711645766837
Drc7,1.0977371491652488,2.6057533671689024,2.318157170333603,1.1240624235991348,0.2609865449063189,0.9988711645766837
Drd1,5.446352529421065,1.8898568816965282,1.0571145074965498,1.78775039817784,0.07381628668614904,0.9988711645766837
Drd2,14.648396056751295,0.7758982560795215,0.6921369127889205,1.1210184599938326,0.26228000479177105,0.9988711645766837
Drd3,1.9611278508952867,0.8139803753795931,1.4740121256502652,0.5522209493497232,0.5807969829712583,0.9988711645766837
Drd4,2.0814133330680233,-0.35681374356758383,1.527681982785772,-0.23356545903416606,0.8153223457717937,0.9988711645766837
Drd5,12.443921231853146,0.8476914644127355,0.705941282779527,1.2007959940734598,0.22983034617628106,0.9988711645766837
Drosha,682.6539106874968,0.010853663714164548,0.15111079182582568,0.0718258675176209,0.9427404866799896,0.9988711645766837
Dsc1,0.6517015088901762,1.6150010838577284,2.670649115538542,0.6047223030765164,0.5453635264040231,0.9988711645766837
Dsc3,0.206943560415748,1.2536647339164804,4.428644718705905,0.2830809002630525,0.7771148224071367,0.9988711645766837
Dscam,266.5300170207733,0.11210111245608509,0.18721879756923518,0.5987706037617783,0.5493258676989324,0.9988711645766837
Dscaml1,103.03981382976787,-0.46738347760258947,0.28949017469362714,-1.614505494347883,0.1064178260478359,0.9988711645766837
Dsg1a,0.3666836757829684,0.2918816216246855,3.732732619211389,0.07819515925744261,0.9376728125820393,0.9988711645766837
Dsg1b,2.7169614396349915,0.3500613083431932,1.1927741305445916,0.2934849938297738,0.7691514679596642,0.9988711645766837
Dsg2,1.649408274778556,-0.6229218498081629,1.519252352554532,-0.4100186837037027,0.6817922419173317,0.9988711645766837
Dsp,1.0076785587839907,0.31797936911880903,1.8654219211836305,0.17045975792814083,0.8646485796733391,0.9988711645766837
Dspp,0.7531822102708223,0.8152687145793862,2.4566466741561652,0.33186242171329877,0.7399931469235668,0.9988711645766837
Dst,3434.08708259661,-0.18573739518189433,0.13570641189301294,-1.3686707399523934,0.17110222057981128,0.9988711645766837
Dtl,0.5276156734407057,-0.6224988170984243,2.8763878365650326,-0.2164168576939225,0.8286628270768912,0.9988711645766837
Dtnbp1,226.73035656621082,0.08478721625104958,0.18621406869621684,0.45532121630062494,0.6488781648870194,0.9988711645766837
Dusp1,78.40509937377736,0.22787760235898163,0.3014195224691595,0.7560147414880785,0.449640357348699,0.9988711645766837
Dusp11,99.37413357628994,0.11463715322344986,0.2796723277122677,0.4098980909594702,0.6818807058409128,0.9988711645766837
Dusp15,166.2656674254483,-0.41799637091438846,0.2615135628247567,-1.5983735849084537,0.10995985974328763,0.9988711645766837
Dusp3,555.556611181976,-0.2513674505914593,0.17472373484462606,-1.438656578712612,0.15024784748661774,0.9988711645766837
Dusp4,28.317719972097148,0.9489224485760483,0.3770441175725824,2.5167411566721425,0.011844581089134547,0.6091824867587009
Dusp5,19.003691517599584,-0.3461730936708751,0.48149881943481954,-0.7189489977923748,0.47217234504887207,0.9988711645766837
Dusp6,284.30909298366595,0.20446848681209145,0.2500945003551362,0.8175649065523014,0.41360567300144513,0.9988711645766837
Dusp7,625.260523936985,-0.009409536802169266,0.16963200896364394,-0.05547029042252249,0.955763798304183,0.9990082607840204
Dut,31.704290824292666,-0.15526945197395378,0.35326526773914163,-0.43952651492647715,0.6602800739556898,0.9988711645766837
Duxbl1,15.078495843054716,-0.9139036632736459,0.5672602292659065,-1.6110836193405134,0.10716149815001531,0.9988711645766837
Dvl1,335.20289435096714,0.0029842368459812104,0.15821714029444997,0.0188616532976604,0.9849514703302851,0.9990082607840204
Dvl2,101.73510845648586,-0.2709564211054876,0.22095273715327038,-1.226309411670835,0.22008226093531613,0.9988711645766837
Dvl3,212.48258625267476,0.11005493930018846,0.1826042065677786,0.602696626593531,0.5467105261248499,0.9988711645766837
Dxo,53.73580861033978,0.518206527407127,0.2864798474351993,1.8088760240782502,0.07047026599797544,0.9988711645766837
Dydc2,7.426924055207613,0.28244926369053475,0.7108375279166587,0.39734714698919243,0.6911114846529292,0.9988711645766837
Dync1h1,1493.2303751616028,0.06277146657078038,0.12948369921283048,0.484782771517856,0.6278304450188934,0.9988711645766837
Dync1i1,101.38283957328936,0.028054231939105483,0.2529102652528324,0.11092563566393752,0.9116753167272894,0.9988711645766837
Dync1i2,784.6681967062594,-0.014221344179249166,0.12465159498390252,-0.11408874616554811,0.9091674432316763,0.9988711645766837
Dync1li1,583.9537145158539,0.24902748255285218,0.16974035717229718,1.4671082746696094,0.14234660351999606,0.9988711645766837
Dync2h1,103.96430455683526,-0.2177617747435998,0.22747340944064842,-0.9573065057541043,0.33841257260355184,0.9988711645766837
Dyrk1a,449.3163588686487,0.024787073029199296,0.15193361237300787,0.16314410380992758,0.8704049751259715,0.9988711645766837
Dysf,3.369689916409118,0.38707204883118346,1.278127564509208,0.30284304914417237,0.7620094744932397,0.9988711645766837
E2f1,44.56864821404801,-0.6559341914958661,0.3764915901422423,-1.742228003680102,0.08146855569084209,0.9988711645766837
E2f2,5.592529362757322,-0.8452095831037892,0.9173745507515265,-0.921335328532257,0.35687538178235223,0.9988711645766837
E2f3,87.78011093751041,0.014924006241157733,0.26010922815812737,0.057375919904252795,0.9542457445284502,0.9990082607840204
E2f4,188.88489643394473,0.22874223283339568,0.19888315864949235,1.1501337488134242,0.2500887880476155,0.9988711645766837
E2f5,229.32834759237036,0.13950822546731179,0.18215978080696346,0.7658563534128867,0.4437617787024306,0.9988711645766837
Ebf2,0.8354633874463956,-0.38994995454958153,2.179752725537545,-0.17889641791979716,0.8580190355004558,0.9988711645766837
Ebf3,1.3008088474699557,0.24128647821870008,1.5646576375153625,0.15421039876931608,0.8774438432372526,0.9988711645766837
Ebi3,3.3093893762767155,-0.6723419622966892,1.0737139058551122,-0.6261835286199744,0.5311945697039647,0.9988711645766837
Ece1,312.99073079771705,0.36094413668413106,0.2851023814219722,1.2660158602811094,0.20550740403003764,0.9988711645766837
Ecel1,24.315413009204672,4.047176928067667,0.7098775256950086,5.701232651513036,1.189441680600023e-08,1.73342265932694e-05
Echdc1,319.5153936875374,-0.08438407592406977,0.17735977683938753,-0.4757791052053805,0.6342317573514844,0.9988711645766837
Echs1,865.5369350360128,-0.15944913402096442,0.13039713826507202,-1.2227962679429003,0.22140665541843219,0.9988711645766837
Eci3,0.6162719758020838,0.31292512093847,2.6491121624385494,0.11812452691713042,0.9059689898326988,0.9988711645766837
Ecpas,333.5880767816021,0.0969522225789306,0.1599184871485663,0.6062602536307184,0.5443419474117146,0.9988711645766837
Ecscr,0.8374422232569797,2.126624397981583,2.273875220157843,0.9352423471301831,0.34966341934067435,0.9988711645766837
Ect2,5.230461560153526,-0.02053970660384616,0.8431609408184944,-0.02436036302145038,0.9805651646622399,0.9990082607840204
Eda,3.7871206175654915,0.5644986466422395,0.989536539863849,0.5704677128142324,0.5683605148122304,0.9988711645766837
Edar,0.4793617413333453,-0.49103473330401287,3.3685985829337604,-0.14576825383461503,0.8841043379373619,0.9988711645766837
Edc4,358.9358952711023,0.0967294320415799,0.1534681973762708,0.6302897518527586,0.5285050267634137,0.9988711645766837
Edil3,3252.6154183877866,-0.189551812745023,0.13339861522045007,-1.4209428818415846,0.1553333652243982,0.9988711645766837
Edn1,6.049509019020827,-0.8476339445350062,0.7930825497733278,-1.0687840058733733,0.2851670079280535,0.9988711645766837
Edn3,4.019816551400756,0.12884507664807004,0.9641501770390789,0.13363590000445305,0.8936904946940023,0.9988711645766837
Ednra,12.1511219355221,-0.7929493617413124,0.5705170719488865,-1.3898784115830174,0.16456580220880246,0.9988711645766837
Ednrb,181.3932464241161,0.045253288049214205,0.2250068053612606,0.20111964158842932,0.840605024013358,0.9988711645766837
Eea1,197.9184603915285,0.07915521774461787,0.18619146437300604,0.4251280691688558,0.6707433169397141,0.9988711645766837
Eed,304.58420982398917,0.07746238527078138,0.16424252943466747,0.47163414699841444,0.6371879489390598,0.9988711645766837
Eepd1,36.465027504781176,0.39101496587979795,0.41560990382878843,0.9408220600076883,0.34679605401394475,0.9988711645766837
Efcab14,773.9710223833052,-0.2668499709809699,0.17001673756057845,-1.569551179547184,0.1165195639297431,0.9988711645766837
Efcab3,0.6156954280113794,-0.1374204489801367,3.068773605399457,-0.04478024991428095,0.9642824675839433,0.9990082607840204
Efemp1,95.06070285882561,-0.6513874679704816,0.24144847994994642,-2.6978321342321885,0.006979262436202864,0.49239181335309834
Efna1,72.79809126326485,0.20710604615180583,0.24695432299471962,0.8386411043156113,0.4016707372941283,0.9988711645766837
Efna2,23.58278918498259,-0.5714710297718896,0.4483851500708042,-1.2745092688320498,0.20248298989551627,0.9988711645766837
Efna3,127.52234290239004,-0.22326271753636082,0.22328281036509237,-0.9999100117528138,0.3173540588651049,0.9988711645766837
Efna5,60.69597648132456,-0.34702698085024425,0.31170578551007133,-1.113315815689381,0.26557281622789086,0.9988711645766837
Efnb1,48.402912841705664,0.3286712716253108,0.3134014606968806,1.0487228454343391,0.29430569653366856,0.9988711645766837
Efnb2,11.180870177179708,-0.10208281285399089,0.5662324504271484,-0.18028428567981708,0.8569293917523245,0.9988711645766837
Efnb3,1758.011564207275,-0.15642349835925407,0.14975852899058262,-1.044504773207879,0.29625191198080225,0.9988711645766837
Egfl7,36.262734619535756,-0.20548012789654016,0.3810365849352183,-0.539266138792092,0.5897032297886529,0.9988711645766837
Egfr,42.92029852014283,0.13815258377929746,0.40119184162751054,0.344355416647695,0.7305790131868757,0.9988711645766837
Egln1,511.11262328112156,-0.13312719728193648,0.1717378055326489,-0.7751770023440051,0.4382350755915968,0.9988711645766837
Egln2,491.18817434660565,-0.15406069797022565,0.13639039439351355,-1.1295568038738104,0.2586630212857698,0.9988711645766837
Egln3,33.463170183790304,-0.11704219783544813,0.3945786439184333,-0.29662577952303704,0.7667522269990581,0.9988711645766837
Egr1,123.9997227319907,0.6899112304216373,0.3181945770740868,2.1682054947812697,0.030143054937664147,0.860781984528837
Egr2,8.551680940074691,1.9978276040630636,1.0372561356369225,1.9260696904302295,0.0540956725965174,0.9988711645766837
Egr3,9.871853811152535,-0.42726177377626356,0.6557509974468324,-0.65156099714649,0.5146844155281977,0.9988711645766837
Egr4,2.7237246945787983,-0.024611283856214087,1.1890027806565597,-0.020699096971517502,0.9834856893788811,0.9990082607840204
Ehd4,38.670335030629495,-0.13033069983645904,0.39516648139533245,-0.32981213228475625,0.7415419196180704,0.9988711645766837
Ehhadh,40.224115055752925,-0.3452571467347455,0.3330119080706289,-1.0367711735446994,0.2998425129407579,0.9988711645766837
Ehmt1,34.284514665855596,-0.06008109395867201,0.33445328065821284,-0.17963972080175397,0.8574354192195108,0.9988711645766837
Ehmt2,541.9409290929228,0.10504928424371131,0.14289616070021832,0.7351442035177843,0.46225167592125604,0.9988711645766837
Eif2a,269.1328759749297,0.23330845859011984,0.1837137970991674,1.269956107129948,0.2041002655627473,0.9988711645766837
Eif2ak2,37.88389063751156,-0.4491804109512637,0.3502255447926969,-1.2825461124405972,0.19965113978438886,0.9988711645766837
Eif2ak3,272.6231690534416,0.10702134030771637,0.1856391766985783,0.5765019119939675,0.5642759778795824,0.9988711645766837
Eif2ak4,44.66910336784306,-0.02423743818818669,0.33186976067417245,-0.07303298179065747,0.9417798719069758,0.9988711645766837
Eif2b1,189.02396614282728,0.069800430346841,0.17895666410367392,0.3900409671606525,0.6965062537831787,0.9988711645766837
Eif2s1,50.796655243131994,0.08484030924583966,0.2906088071279887,0.29193991085230475,0.7703325675756905,0.9988711645766837
Eif2s2,169.9777770092681,0.15122413397376447,0.22081096456885416,0.6848579021836081,0.49343359314417756,0.9988711645766837
Eif3i,283.5703481414093,-0.031025459978688552,0.16943911267112877,-0.18310683696099803,0.8547141913523182,0.9988711645766837
Eif4a3,1082.6932662140782,0.037735732618067674,0.140937436047226,0.26774811346378546,0.7888932122495894,0.9988711645766837
Eif4e,348.8684408443584,-0.016454489424081523,0.151982380291379,-0.10826576996975011,0.9137848745813331,0.9988711645766837
Eif4ebp1,13.809933884942119,4.84824837223476,1.207488249688573,4.015151595458744,5.94075975804433e-05,0.029721621069495784
Eif4ebp2,237.46163726789942,0.07553428636991501,0.16764826890872564,0.45055214027315044,0.6523123671403364,0.9988711645766837
Eif4enif1,427.82903590311736,0.11473861426535913,0.14712446798053364,0.7798744548768084,0.4354647759120267,0.9988711645766837
Eif4g1,796.7697178746627,0.10254539537553709,0.13478473724406098,0.7608086603296438,0.4467713609170676,0.9988711645766837
Eif4g3,502.2748031267795,-0.16134893913636306,0.1518679015212903,-1.0624295030095192,0.2880407460730844,0.9988711645766837
Eipr1,115.0781015856058,-0.1591078215883051,0.21075285649241354,-0.75494977499407,0.45027911845085666,0.9988711645766837
Elac2,101.42023339747051,0.18744022259954246,0.22185554127403279,0.8448750999102564,0.3981805782768405,0.9988711645766837
Elavl1,1184.6681508543686,-0.027392722756070676,0.12160933658601615,-0.2252518065230574,0.8217833890503324,0.9988711645766837
Elavl2,384.84979627774175,0.18775969059575168,0.29438154263210653,0.6378106756183355,0.5235969293584016,0.9988711645766837
Elavl3,435.3088111505404,-0.288118772937178,0.16691853735830844,-1.7261041074107926,0.0843286850353294,0.9988711645766837
Elavl4,115.38887645531645,0.14772118370919957,0.26472375945884685,0.558020118825654,0.5768306460150394,0.9988711645766837
Elf2,252.5458962824906,0.12483575218179019,0.1867165086089518,0.6685844391148023,0.5037606015980907,0.9988711645766837
Elf3,0.6269786016912375,1.6140368475221092,2.6968723012618763,0.5984847138542286,0.5495165555695956,0.9988711645766837
Elk1,70.10049091633162,0.23215815245456226,0.2861026285621596,0.8114506099482508,0.4171069452901973,0.9988711645766837
Elmo1,1354.3813415677294,0.033938739755901115,0.17554497058212262,0.19333359220350918,0.8466977198044845,0.9988711645766837
Elmo3,4.624685804511233,-0.2609005570368967,0.8822821180375959,-0.2957110335832276,0.7674507702652376,0.9988711645766837
Eln,6.034535747183175,-0.8681160948869019,0.9893709721254745,-0.8774424552015311,0.3802463618182388,0.9988711645766837
Elob,85.95664437956412,0.03502928538286521,0.25066771040621105,0.1397439076859947,0.8888623334421731,0.9988711645766837
Eloc,220.7773554981137,0.03190298986528499,0.1636896981314829,0.19489919176012577,0.8454718669418436,0.9988711645766837
Elovl1,184.57562497612426,-0.24446152534715243,0.23908103821728255,-1.0225048676799704,0.3065420099774895,0.9988711645766837
Elovl4,116.54422401520601,-0.0014630120515463632,0.21815423158643574,-0.006706319840358896,0.9946491710482792,0.9990082607840204
Elp2,213.5425190059349,0.16702744293540026,0.17032648589832872,0.980631063069676,0.3267747102704801,0.9988711645766837
Emc1,1174.978008452888,0.28661569761887723,0.13658738222655412,2.098405379374464,0.035869350495598626,0.93154602448665
Emc10,469.9918123188285,0.0806384655560246,0.16119179247351353,0.5002640911091972,0.6168891350855267,0.9988711645766837
Emc2,296.31829278353155,-0.22350343842767734,0.16368062699848088,-1.365484984547082,0.17210066929518986,0.9988711645766837
Emc3,412.77778682106106,0.029397619333752137,0.13799025691473812,0.2130412682100913,0.831294774086629,0.9988711645766837
Emc4,288.9606819559547,-0.012210566165258905,0.16965899175537744,-0.07197122910446556,0.9426248043052716,0.9988711645766837
Emc6,247.99408581232635,0.2856051768399375,0.18328920329694953,1.5582214975162743,0.11918075062688363,0.9988711645766837
Emd,87.87310944467276,0.1878015740099748,0.26574705245950686,0.7066929708979218,0.4797572986703845,0.9988711645766837
Eme1,0.3914065829819071,0.2918819116878126,3.6587476789220057,0.07977645284733358,0.9364150525269253,0.9988711645766837
Emilin1,1.3655823239618652,-1.5097060438039873,1.7232691645339693,-0.8760709440374994,0.38099146739672174,0.9988711645766837
Emsy,224.97824390249843,-0.18137875274438509,0.17726175272197056,-1.023225540530855,0.3062012196794991,0.9988711645766837
Emx1,1.2595950376625835,0.3562633773831994,2.109469019046537,0.1688877030980183,0.8658849717619737,0.9988711645766837
Emx2,3.306656268646788,-0.05931107381024836,1.0880561940468452,-0.05451103916761011,0.9565280136837554,0.9990082607840204
En1,1.9406118481804617,0.26140732767263913,1.31669071296647,0.19853358506926444,0.842627610594628,0.9988711645766837
En2,7.4861573901176826,-0.8306441740060793,1.0036135000024502,-0.8276534482687323,0.4078667897082566,0.9988711645766837
Enah,838.1661348359133,0.06060894796384118,0.1332886790959905,0.4547193983383423,0.6493111233983824,0.9988711645766837
Eng,24.134088139686487,-0.06516122753727245,0.41694455118512047,-0.1562827175749356,0.8758101783270442,0.9988711645766837
Eno1,152.59757219349578,0.023368722054987835,0.2128944850263721,0.1097666858401384,0.9125944121996732,0.9988711645766837
Eno2,3243.2807457213767,0.06789084635486434,0.1870846111594406,0.36288845958048993,0.7166882078952312,0.9988711645766837
Enpp1,113.55067469340356,-0.20199780555597502,0.25505713035117455,-0.7919708234694519,0.4283776888091363,0.9988711645766837
Enpp6,242.50212941922186,-0.5253321648221949,0.34064421531092093,-1.5421725695318242,0.12303166391924736,0.9988711645766837
Entpd1,29.163646887909064,0.3688731473609835,0.3579012691566353,1.0306561589742405,0.30270209057660236,0.9988711645766837
Eomes,0.4286382351348237,-2.087102965941236,3.6652882449794126,-0.5694239651683818,0.5690684570517077,0.9988711645766837
Ep300,297.044117854427,0.12414081422781695,0.16018396849480643,0.7749890041701765,0.4383461570803525,0.9988711645766837
Ep400,290.2736292303084,0.13765351379311025,0.15399822681512704,0.8938642777904292,0.3713945126948277,0.9988711645766837
Epas1,1348.081389060423,-0.20646910232355783,0.23840636483718433,-0.8660385491996511,0.3864690221622773,0.9988711645766837
Epb41,79.26076692478438,0.2674345351007495,0.30200489178023104,0.8855304744380154,0.37587059093635233,0.9988711645766837
Epb41l1,345.15643661850953,0.16950134575412978,0.27051116510382206,0.6265964870214331,0.5309237716683195,0.9988711645766837
Epb41l2,275.366400341717,-0.09224719579465737,0.20344990953415712,-0.4534147791261122,0.650250096296509,0.9988711645766837
Epb41l3,423.876091250625,-0.361566250984116,0.25000249887351955,-1.4462505479476764,0.14810694060989088,0.9988711645766837
Epb41l4a,20.282997707219113,0.2506526155643464,0.48460699654648615,0.5172286354728732,0.6049965646864568,0.9988711645766837
Epb42,0.6391018567005657,-1.1066649872129029,2.6959130481142166,-0.4104972851357397,0.6814411946075329,0.9988711645766837
Epc1,230.94859322216038,0.06368555695966285,0.1663907190766989,0.38274705051491836,0.7019073247500199,0.9988711645766837
Epc2,210.6970793023163,-0.08405748536511326,0.18109237590436994,-0.46416910124091465,0.642526596896388,0.9988711645766837
Epcam,4.3267247395630966,2.1891839306534076,1.1866259524948266,1.8448812164024802,0.06505481963656452,0.9988711645766837
Epha1,4.83301735227104,-0.21808977040930605,0.9424702605223253,-0.2314022834932094,0.8170022913309816,0.9988711645766837
Epha10,54.683385657507564,0.5199649900452891,0.44108211787670537,1.1788394246139753,0.23846212230387775,0.9988711645766837
Epha2,2.1362722349163517,0.0008282303101779662,1.254886102505671,0.000660004368941701,0.9994733927421912,0.9996732074948385
Epha3,18.178334307041474,0.971057746462384,0.4812828124888559,2.017644763669737,0.04362827133411312,0.9988711645766837
Epha4,121.73986005832028,-0.4387513723921565,0.2615497470539978,-1.6775063915530182,0.0934435006682579,0.9988711645766837
Epha5,123.09544029047389,0.4046895090164455,0.2961574562965806,1.3664673990553788,0.17179230664396006,0.9988711645766837
Epha7,102.12698766906118,0.13989789176177136,0.2711802677184233,0.5158852188575631,0.6059345782637056,0.9988711645766837
Ephb1,169.1736725115792,-0.33042346338048273,0.2867364003762881,-1.1523596688347328,0.24917330685180938,0.9988711645766837
Ephb2,218.1581246281039,0.33615175313314055,0.3974450859474253,0.8457816312707093,0.39767457444633036,0.9988711645766837
Ephb3,20.53002466008906,0.3612567986034067,0.47719184924761276,0.7570472948626416,0.4490215283034521,0.9988711645766837
Ephb4,8.031274003655142,0.25701786740713106,0.6923070567067214,0.37124837153871487,0.7104525479886927,0.9988711645766837
Ephx2,24.546449327588522,-0.07926359685571847,0.4604954479565303,-0.17212677607879584,0.8633378626477806,0.9988711645766837
Epm2a,138.21166166591271,-0.16515453150437287,0.2602840608522572,-0.6345165007937928,0.525743801632437,0.9988711645766837
Epn3,118.62836181024731,-0.31281531212962616,0.24561433174433525,-1.2736036611057442,0.2028039140992467,0.9988711645766837
Epo,0.6838357276579322,-1.217447818893493,2.664853534334866,-0.45685355806894723,0.6477763068820581,0.9988711645766837
Epor,10.053449951794944,-0.6770772004251413,0.6149362003771783,-1.1010527596356305,0.270873695508708,0.9988711645766837
Eps15,1835.8215509934155,-0.17455359189886824,0.19316118202444743,-0.9036680665827355,0.3661714367811556,0.9988711645766837
Eps15l1,181.11316209317906,-0.15588567401422,0.1883887126804662,-0.8274682267117779,0.40797172384568003,0.9988711645766837
Epx,3.4437054404350573,-1.0408588182042564,1.0657355923325142,-0.9766576491324536,0.32873866839989696,0.9988711645766837
Erap1,40.65812280318266,0.4973565193020092,0.3468229254260532,1.4340358806760933,0.15156202385183015,0.9988711645766837
Erbb2,6.86648899261998,0.6955610466437847,0.7762329762163939,0.8960725297115953,0.3702140274224729,0.9988711645766837
Erbb3,164.51736264296895,-0.5161383324126023,0.34857663119882243,-1.4807026238032734,0.13868583450085403,0.9988711645766837
Erbb4,318.18279597330087,-0.1742742482588853,0.2033860433479661,-0.856864342263277,0.3915198613182789,0.9988711645766837
Erbin,1791.4772155505127,-0.19499072233934567,0.14232537315468233,-1.3700348575754338,0.17067602078422195,0.9988711645766837
Erc2,124.37188090545123,0.20063873501611176,0.3541419153020435,0.5665489634148202,0.5710206579198052,0.9988711645766837
Ercc1,51.91959662459882,0.24174585986048175,0.34152519536968146,0.7078419488167065,0.47904341283875607,0.9988711645766837
Ercc2,51.653512716374586,-0.06572579179363573,0.3306964864176763,-0.19874959212787865,0.8424586288834733,0.9988711645766837
Ercc6,150.63251218917495,0.04685036823308908,0.25275566318861614,0.18535833239917363,0.8529479879801878,0.9988711645766837
Ercc6l,2.4527752633078994,0.7572735887544196,1.2146691767401354,0.623440195285724,0.5329952909036192,0.9988711645766837
Ereg,0.8425253559663197,-0.12166887693523755,2.411298863574614,-0.05045781706000157,0.9597575636689364,0.9990082607840204
Erg,7.711027880663363,-0.5746017304490816,0.763440791539702,-0.7526474047715329,0.45166182316498493,0.9988711645766837
Erg28,118.33430256153103,-0.11061465448136046,0.20450416183371659,-0.540891948063638,0.5885820611285193,0.9988711645766837
Ermn,8614.552200983808,-0.4319296092073275,0.2832346148997569,-1.524988777802449,0.12726189675948835,0.9988711645766837
Ern1,49.49741839462765,0.37477049194145123,0.37439894748982583,1.0009923757908947,0.3168304943797581,0.9988711645766837
Ern2,1.111248391518636,0.4244766576891836,2.0004428585745035,0.21219134346664695,0.8319577598920288,0.9988711645766837
Ero1l,512.6213167557536,0.4637335918037561,0.24595113061278798,1.8854704617472688,0.05936634877066014,0.9988711645766837
Ero1lb,154.4454056580782,0.00909935274303608,0.19451821137810354,0.04677892459821566,0.9626894263758488,0.9990082607840204
Erp44,318.751724624671,0.10500766523789626,0.1659410493863827,0.6328010195560043,0.5268635908938804,0.9988711645766837
Esam,18.630171245373948,0.24697695939892092,0.47109654834759107,0.5242597515630552,0.6000978868333569,0.9988711645766837
Esd,202.57375866793555,-0.014718111824830583,0.17546745071932154,-0.08387944182521768,0.9331522849955779,0.9988711645766837
Espl1,4.4903350845108845,1.0827850954023748,1.2261910764421726,0.8830476066944687,0.3772105502868379,0.9988711645766837
Espn,0.9061978574033448,0.7800509869759248,2.141240843355291,0.36429857453755504,0.7156350642031761,0.9988711645766837
Esr1,6.526524775199369,0.39455198478317405,0.7667177649874105,0.5145987256336138,0.6068334558119859,0.9988711645766837
Esr2,0.6176742638219636,2.9293638446287504,3.308441706921772,0.8854210241939787,0.37592959728542785,0.9988711645766837
Esrra,83.6355538547217,-0.13210292260990322,0.29084845896074246,-0.45419846156975496,0.6496859902302147,0.9988711645766837
Esrrb,12.150090846864593,-0.3748856777696645,0.595313823880802,-0.6297278220851912,0.5288726762407232,0.9988711645766837
Esrrg,25.745213267970414,0.3162898079293365,0.3821012459992763,0.8277643981562298,0.4078039406310915,0.9988711645766837
Ess2,130.39799312738597,0.10483225582261768,0.2339265587868733,0.44814174314481603,0.6540509035834026,0.9988711645766837
Esyt2,157.25195090866245,0.11674868538748372,0.20349730303032162,0.5737112170478637,0.5661632364784985,0.9988711645766837
Esyt3,1.8030147703776036,0.6942148193697343,1.5419329485754933,0.4502237402807178,0.6525491198908828,0.9988711645766837
Etfbkmt,9.94990018313369,0.46019346961412094,0.6156381182643678,0.7475064586830933,0.4547579056269395,0.9988711645766837
Etnk1,1673.0429676658357,-0.033162149355447694,0.1287729755369442,-0.257524136700046,0.7967741850667148,0.9988711645766837
Etnppl,605.1603348663791,0.336538020394441,0.22553067973234311,1.4922050551784793,0.13564539753552332,0.9988711645766837
Ets1,42.40169051734187,0.34213066701288486,0.3256862705422766,1.0504915249980538,0.29349218542908695,0.9988711645766837
Ets2,84.08840822104777,0.14471388908669353,0.25962041199614055,0.5574056676593088,0.5772502940121665,0.9988711645766837
Etv1,145.50461927289237,-0.3249854675255617,0.353479492795133,-0.9193898773468997,0.3578916820910092,0.9988711645766837
Etv2,0.5500962112902946,1.3250773316994124,3.255216233911111,0.4070627683333174,0.683961887774023,0.9988711645766837
Etv3,104.93725846445,0.4573942605626669,0.24997517751550663,1.8297587188803717,0.06728602618040666,0.9988711645766837
Etv4,6.553001811803708,0.10433779322829308,0.7763043789296121,0.13440320067775044,0.8930837508249414,0.9988711645766837
Etv5,501.60476565648736,0.2774481922759721,0.2407628007540155,1.152371510079905,0.24916844303144658,0.9988711645766837
Etv6,99.66334204174831,0.14685995036430205,0.23657072321275524,0.6207866652722975,0.5347399980925864,0.9988711645766837
Eva1a,48.08632789147499,-0.38473989006900583,0.34587138369661474,-1.112378497339014,0.26597544591085465,0.9988711645766837
Evl,860.2110058900561,0.0018287905115377731,0.2198285210730334,0.00831916851649198,0.9933623404458773,0.9990082607840204
Evpl,6.857707409059938,0.4158719699353402,0.7438198042430524,0.5591031155167373,0.576091348622729,0.9988711645766837
Evx1,0.13691023446873854,1.2536647339164804,4.428644718705905,0.2830809002630525,0.7771148224071367,0.9988711645766837
Evx2,0.13691023446873854,1.2536647339164804,4.428644718705905,0.2830809002630525,0.7771148224071367,0.9988711645766837
Ewsr1,363.3167240089214,-0.09124347054488084,0.1816078933051591,-0.5024201805565948,0.6153719864528359,0.9988711645766837
Exoc3l2,0.8740973276191918,-0.04341951672028086,2.3525287950760263,-0.01845652933607458,0.9852746562168667,0.9990082607840204
Exoc4,687.7556094607885,0.27796735596667815,0.19520653640401375,1.4239654116467522,0.15445648484931943,0.9988711645766837
Exosc9,138.44237586066183,-0.1080060725336574,0.1887458602681851,-0.5722301531816052,0.5671660620038498,0.9988711645766837
Exph5,50.311635129767815,-0.24079327223287092,0.31062531443313995,-0.7751888241056415,0.4382280910706141,0.9988711645766837
Ext1,84.92755997306925,0.0042519270985242235,0.23768766058525198,0.017888716175062755,0.9857276307630866,0.9990082607840204
Ext2,271.8524759232717,0.13918648165322126,0.16278999070758413,0.8550063861311885,0.39254761236461844,0.9988711645766837
Extl1,47.617062262945886,-0.18063372493954385,0.3024632165908617,-0.5972089002276428,0.550367917717707,0.9988711645766837
Eya1,12.477691129239924,-0.4955475749163194,0.6188884712754645,-0.8007057780459985,0.42330199674444224,0.9988711645766837
Eya2,1.4957680901959058,-0.7351495389164305,1.5313461040406342,-0.4800675281549045,0.6311793768993545,0.9988711645766837
Eya3,112.90668479858839,-0.10681873596009844,0.22578680885080082,-0.4730955563957854,0.6361450068902966,0.9988711645766837
Eya4,6.8459351700544495,0.2926967450972573,0.7858201979294853,0.3724729217554702,0.7095407692871502,0.9988711645766837
Ezh1,306.6220285904311,0.06433671194377286,0.15690452387061918,0.41003732943241217,0.6817785642516477,0.9988711645766837
Ezh2,50.267144085478684,-0.014679470365480196,0.3040237995363463,-0.04828395141389335,0.9614899445519022,0.9990082607840204
Ezr,32.374456500199024,-0.3250956963130378,0.37946464221605625,-0.8567219712869524,0.39159855772926444,0.9988711645766837
F11r,13.141043535883759,-0.15631595665941855,0.5402287993941749,-0.2893513948806781,0.7723124860545305,0.9988711645766837
F13a1,4.838544891007734,-0.23712092719221453,0.9049231286556194,-0.2620343316282438,0.7932949738520704,0.9988711645766837
F2r,28.58373524176544,0.3752186423629567,0.4326100335820275,0.8673368928966629,0.3857574481187832,0.9988711645766837
F2rl1,0.22046910344495593,1.2536647339164806,4.428644718705905,0.28308090026305255,0.7771148224071367,0.9988711645766837
F2rl2,0.9774567546244741,-1.950273938396128,2.1767708845957325,-0.8959481919744303,0.3702804337877015,0.9988711645766837
F2rl3,2.1494341342208454,-0.09172966078217439,1.4396288289035526,-0.0637175770174298,0.9491951087501936,0.9990082607840204
F3,79.69508992804613,0.11202644579205764,0.24398165493383075,0.4591592995893067,0.6461197755562813,0.9988711645766837
F8,15.203154811617878,-0.40615661583909696,0.5395083049083264,-0.7528273654807064,0.45155366005061504,0.9988711645766837
F9,2.463130088236007,-0.033111521855909404,1.3957112074305111,-0.023723762967317104,0.9810729512314605,0.9990082607840204
Faah,170.41031636359017,-0.3173168841964452,0.18242376848620198,-1.7394492331214295,0.08195577464346994,0.9988711645766837
Faap100,37.74672757360167,0.032450181629318176,0.3847980455755855,0.08433042215892445,0.9327937251599145,0.9988711645766837
Fabp12,0.34187495907390236,-1.7277027400304457,4.313560939051032,-0.4005281864432253,0.6887675272995746,0.9988711645766837
Fabp3,237.32176446674782,0.008974398769917347,0.19682708481369268,0.04559534465702265,0.9636327797406402,0.9990082607840204
Fabp7,244.91474387639883,0.3365840785437592,0.35887339359342313,0.9378908677891121,0.34830049676254293,0.9988711645766837
Fadd,95.84836665089209,0.00594262446495902,0.2473758509854094,0.024022653954647838,0.9808345386771178,0.9990082607840204
Fah,264.10193021086405,-0.3646161679258199,0.3437449435455487,-1.0607171822369095,0.28881844898371545,0.9988711645766837
Fam104a,28.992118760039677,-0.2043034448955513,0.3895762246769328,-0.5244248287096466,0.5999830911194768,0.9988711645766837
Fam107a,2670.7253182766103,0.06652880932245907,0.17882444459711563,0.3720342007623501,0.7098673855401579,0.9988711645766837
Fam107b,186.13799030047062,-0.06221648772170416,0.20511469498349585,-0.30332535524434406,0.7616419251426987,0.9988711645766837
Fam129a,2.937869160834001,-1.0549784041050037,1.1542118575875124,-0.9140249228682136,0.36070374998593036,0.9988711645766837
Fam136a,129.96434219619792,0.3009306358349662,0.22202380158885218,1.3553980865179276,0.1752907589625512,0.9988711645766837
Fam13b,325.65556754538466,-0.001752630195683097,0.15661719844590075,-0.011190534711859863,0.9910714314778971,0.9990082607840204
Fam192a,151.3454583087528,-0.058308426114790646,0.19274472373820659,-0.302516328249729,0.7622584880697106,0.9988711645766837
Fam20a,45.78924671540313,0.44478600371420474,0.33400626143878037,1.3316696573238616,0.1829687641671508,0.9988711645766837
Fam20c,229.34333442614763,-0.08675678797294671,0.23428368244763056,-0.37030657477538775,0.7111540755229335,0.9988711645766837
Fam210a,295.53167038147984,-0.06221639584783408,0.1561223629560361,-0.3985104674937194,0.6902539439619766,0.9988711645766837
Fam210b,127.28804191781768,0.24418426323648215,0.21791070640489751,1.120570288927273,0.2624708177437345,0.9988711645766837
Fam214a,212.1660250249165,-0.013705764118209474,0.2852837651197824,-0.048042566013018026,0.9616823189811187,0.9990082607840204
Fam49b,1210.4720576245743,-0.14258677441055587,0.12791570576030573,-1.1146932549294726,0.26498189244549564,0.9988711645766837
Fam83d,37.838286731544905,0.11149876854143208,0.7204897159684652,0.15475414300890897,0.8770151441528642,0.9988711645766837
Fam92a,296.2799213516889,-0.1633436909173325,0.18706031541108534,-0.8732140248901377,0.3825464317985139,0.9988711645766837
Fancc,44.520106232037676,-0.18811591236738234,0.30833051859390964,-0.6101112313670858,0.5417881271424887,0.9988711645766837
Fanci,0.7624865481400963,-0.2899426587978388,2.2101671817052875,-0.1311858492868079,0.8956282898460532,0.9988711645766837
Fancl,32.178175731755836,-0.2901536962468205,0.37207222874033846,-0.7798316397575397,0.43548998021048646,0.9988711645766837
Fap,1.8098015444962934,-0.1851420900907359,1.5597342290246168,-0.11870104960542856,0.9055122049637996,0.9988711645766837
Far2,110.42943070255713,0.07021474240876735,0.2378166500549301,0.29524737814845753,0.7678049116897112,0.9988711645766837
Fas,10.399855690727977,0.5577985562964821,0.6763773565453179,0.8246854376460916,0.4095502013290777,0.9988711645766837
Fasl,3.4065998755551257,1.797963607477802,1.2754507885388098,1.4096691331678872,0.15863740306581697,0.9988711645766837
Fasn,1727.8553982508654,-0.32370217606587437,0.22135048629326323,-1.4623964983614595,0.14363258844389787,0.9988711645766837
Fat1,934.6067718687731,-0.09958515772713063,0.14526996415587146,-0.6855178791142121,0.4930171823347015,0.9988711645766837
Fat4,26.162047351807487,0.3044655761902431,0.43369384570902036,0.7020288141107706,0.4826611942013235,0.9988711645766837
Fbh1,216.62431065052075,-0.1324275206407591,0.17153539316144156,-0.7720128085527175,0.44010684134374856,0.9988711645766837
Fbl,118.88195338502699,0.30618037982871255,0.2799342867318648,1.0937580508742308,0.27406110669417993,0.9988711645766837
Fbln1,27.809300618428342,0.9792968696311808,0.47893136111073453,2.0447541112363194,0.04087910592766447,0.9988711645766837
Fbln2,2.6614704547924206,0.8702680591494948,1.237967113108086,0.7029815654509332,0.48206723786799643,0.9988711645766837
Fbn1,10.181060946119914,-0.3593826895528791,0.6349109622260715,-0.5660363593232691,0.5713690640174278,0.9988711645766837
Fbxl12,105.73698803532585,0.15550179209870665,0.241926578663356,0.6427643996697421,0.5203769865244459,0.9988711645766837
Fbxl13,0.4186327532556098,-2.0575975940909688,3.6862624899504026,-0.5581798907973732,0.5767215510806478,0.9988711645766837
Fbxl16,125.28562638479416,0.21189336279630613,0.26947915167059316,0.7863070723011665,0.4316876101560778,0.9988711645766837
Fbxl17,259.9349602994437,-0.009851526932915616,0.19090851870953135,-0.05160339098280252,0.9588447173285328,0.9990082607840204
Fbxl19,248.12256480161477,-0.07761712052478442,0.18348390494947817,-0.42301868682245514,0.6722816271657048,0.9988711645766837
Fbxl20,334.0037727518334,-0.06345604198443684,0.15149045825326565,-0.4188781439841538,0.6753051908843857,0.9988711645766837
Fbxl3,527.1879792135503,-0.03733461956417295,0.16187623011975513,-0.23063682380392114,0.8175969574844968,0.9988711645766837
Fbxl4,110.37025209887774,0.06003862659123869,0.20661588518937077,0.29058088411842664,0.771371881777247,0.9988711645766837
Fbxl7,3.1060659871969096,0.16529035238332565,1.1978126365348998,0.13799349526106766,0.8902455583955996,0.9988711645766837
Fbxo11,383.2285781526114,-0.07213006621201136,0.15154010891706537,-0.4759800341141802,0.634088602185103,0.9988711645766837
Fbxo17,16.26808006120709,0.31754291106252874,0.6450251602099079,0.4922953872980584,0.6225105405174043,0.9988711645766837
Fbxo2,603.0986638307744,-0.3554799520148866,0.19209636200861935,-1.8505293296441303,0.0642372947889424,0.9988711645766837
Fbxo21,314.76418363808534,-0.12578573363225728,0.16602763156909314,-0.7576192736322387,0.4486789385543911,0.9988711645766837
Fbxo3,569.022390867907,0.01604816043991501,0.13047012324684548,0.12300256978796885,0.9021050630249939,0.9988711645766837
Fbxo31,253.69222360894364,-0.13281501041027938,0.15583780911175643,-0.8522643584846175,0.394067383191423,0.9988711645766837
Fbxo32,167.09009384000208,0.021235707335564118,0.2092009372879839,0.10150866248907507,0.9191466814079386,0.9988711645766837
Fbxo33,331.8964585837026,-0.06302755178765652,0.15558891099449976,-0.40509025601371174,0.6854111686191204,0.9988711645766837
Fbxo4,38.33225375054957,-0.43251315641431815,0.34164836607545046,-1.2659599733569364,0.2055274129141963,0.9988711645766837
Fbxo41,46.18805320985325,0.21547172639878098,0.36822997440320854,0.5851553142787919,0.5584432883937953,0.9988711645766837
Fbxo5,22.090976817908867,0.33525552076285026,0.44182341710518713,0.7587998005163097,0.4479723250112714,0.9988711645766837
Fbxw11,547.5861275479647,-0.03543287715282343,0.1502048817605351,-0.2358969744359739,0.8135126160584345,0.9988711645766837
Fbxw7,407.7148315544435,0.12116141117722719,0.16054909818425134,0.7546688990938986,0.45044767191830304,0.9988711645766837
Fcgr1,9.306056108686029,0.18937723183290547,0.6741595537619511,0.28090862285662344,0.778780486763814,0.9988711645766837
Fcgr2b,9.23661168270655,2.8813373047579964,0.9353417087716728,3.080518357875734,0.0020664061566871565,0.297549299170658
Fcgr3,30.380576664449645,0.7819913420041216,0.4439867451779691,1.7612943415476638,0.07818859728149728,0.9988711645766837
Fcgr4,2.2423116417421576,0.5342392570890636,1.2287952493094232,0.4347667012785925,0.6637317772687674,0.9988711645766837
Fcgrt,44.624810163408206,-0.5822519854351321,0.39547699018711463,-1.472277780711458,0.14094588087006127,0.9988711645766837
Fcmr,0.44405680446448836,-0.6235102737815117,3.003849274169698,-0.20757042610064314,0.8355643979530634,0.9988711645766837
Fcrls,26.226454400600463,0.555150252441161,0.40803845169300906,1.3605341607825547,0.17366095033010542,0.9988711645766837
Fdx1,139.9525707268856,0.004459084609522122,0.19705661656468546,0.02262844398355125,0.9819466546156627,0.9990082607840204
Fen1,42.99271187538701,0.33781434898281404,0.3325449666153111,1.0158456235893012,0.3097029062137231,0.9988711645766837
Fermt1,0.44405680446448836,-0.6235102737815117,3.003849274169698,-0.20757042610064314,0.8355643979530634,0.9988711645766837
Fermt3,6.758908360454762,0.8164755663727926,0.7462318684187988,1.0941311955797788,0.27389744237039004,0.9988711645766837
Fezf1,0.9087011204781089,-0.7116588141150885,2.079228783379039,-0.342270566762039,0.732147283715141,0.9988711645766837
Fezf2,1.9151019874614554,-0.7661317212186565,1.3348590832778378,-0.5739420219079363,0.566007035618495,0.9988711645766837
Ffar1,0.13691023446873854,1.2536647339164804,4.428644718705905,0.2830809002630525,0.7771148224071367,0.9988711645766837
Ffar2,0.4928872843625532,-0.4914891614690686,3.3447173421981744,-0.14694490182122777,0.8831755100522158,0.9988711645766837
Ffar3,0.0,,,,,
Ffar4,0.0,,,,,
Fga,0.28312480680675106,0.2918803284116611,4.04604244075645,0.07213971002169989,0.9424907245055009,0.9988711645766837
Fgb,0.22046910344495593,1.2536647339164806,4.428644718705905,0.28308090026305255,0.7771148224071367,0.9988711645766837
Fgf1,214.40893207458103,-0.10120992857579794,0.22230178330510192,-0.4552816764267277,0.648906606933844,0.9988711645766837
Fgf10,21.939382191525482,0.23413539976408473,0.4506420898888261,0.5195595462950348,0.6033705998793115,0.9988711645766837
Fgf12,592.0690330949668,-0.049679006688833925,0.1552882934990051,-0.3199146926626005,0.7490329996059151,0.9988711645766837
Fgf15,0.27311932492753715,0.2918801220273429,4.0938117842693424,0.07129788505395035,0.9431606784301703,0.9988711645766837
Fgf16,0.9328474798863432,-1.0650365978735812,2.368383742575429,-0.449689203116822,0.6529345575566796,0.9988711645766837
Fgf17,1.5677802519534991,0.6813540135072522,1.5049075504837086,0.45275473120475135,0.6507253639734697,0.9988711645766837
Fgf18,14.503788561680665,-0.48633207964192576,0.5327296292280761,-0.9129060089010249,0.36129197695882187,0.9988711645766837
Fgf2,13.413450665637733,0.6761356762055396,0.5658430438065553,1.1949173602224048,0.23211931944027053,0.9988711645766837
Fgf21,0.5276156734407057,-0.6224988170984243,2.8763878365650326,-0.2164168576939225,0.8286628270768912,0.9988711645766837
Fgf22,109.73497058147983,-0.30521849698750125,0.22344405032134285,-1.3659728086228102,0.17194749816615817,0.9988711645766837
Fgf23,0.4807640293532251,2.5610825047038985,3.5362499239384513,0.7242368497109861,0.4689203391226884,0.9988711645766837
Fgf3,0.28312480680675106,0.2918803284116611,4.04604244075645,0.07213971002169989,0.9424907245055009,0.9988711645766837
Fgf4,0.3666836757829684,0.2918816216246855,3.732732619211389,0.07819515925744261,0.9376728125820393,0.9988711645766837
Fgf5,1.2358586542322865,-1.3426311036434098,1.8098614316695136,-0.7418419333931519,0.4581831106019192,0.9988711645766837
Fgf7,75.32105711222101,-0.41890137051242327,0.3600799437981564,-1.1633565760253488,0.24468486005612922,0.9988711645766837
Fgf8,0.478084049532701,-2.221037950482501,3.572610454232008,-0.6216848937032935,0.5341490866910862,0.9988711645766837
Fgf9,36.870377116562295,-0.10458031770995439,0.356946180910444,-0.2929862351887526,0.7695326729902805,0.9988711645766837
Fgfbp3,73.408555499146,0.10480672821370944,0.24264581060060111,0.43193298064487495,0.6657901235679289,0.9988711645766837
Fgfr1,141.8145999975279,0.28518954231654514,0.21950099895386047,1.2992630724951397,0.19385366262782,0.9988711645766837
Fgfr1op,69.32331398321492,0.04988275786652861,0.264692077793755,0.18845580223748398,0.8505193593879739,0.9988711645766837
Fgfr2,977.6074406072204,-0.29364353122607484,0.219178589696426,-1.3397455090517132,0.18032809661741855,0.9988711645766837
Fgfr3,1007.4393183820417,-0.30896727854694384,0.19058556478546038,-1.6211473250597137,0.10498604650046765,0.9988711645766837
Fgfr4,0.9576561965954092,0.14830193777530315,2.0406730587931663,0.07267305124467484,0.9420662938205366,0.9988711645766837
Fgg,0.4274126638607039,2.3290865437845154,3.7121791896888587,0.6274175961801378,0.5303855363958245,0.9988711645766837
Fgl1,3.0997413500071556,-0.9463336175954523,1.1115120888411436,-0.8513930051647881,0.39455107605706474,0.9988711645766837
Fgr,1.3560910591136377,2.8479542784312732,2.102325275983962,1.354668714192351,0.17552312996529607,0.9988711645766837
Fh1,546.6194246213443,-0.21251183043832378,0.1463450336083089,-1.4521287480592588,0.1464658097959913,0.9988711645766837
Fhl2,2.200153509552266,-1.407511686576178,1.4887139701050482,-0.9454547447263223,0.34442676461522226,0.9988711645766837
Fhod1,10.168938356782656,0.5580504447947097,0.5996901255089799,0.9305646717478813,0.35207879619796534,0.9988711645766837
Fibcd1,3.425307170425872,0.019689548378514096,1.2237325675900337,0.01608974779292656,0.987162792533879,0.9990082607840204
Fign,220.56585604812517,-0.18033983107670346,0.1932520499849395,-0.9331845695337134,0.35072468031105275,0.9988711645766837
Fkbp5,183.14251863103834,0.8833205961687788,0.31128835207953215,2.8376281677995334,0.0045450095267963635,0.4060479046886108
Fli1,13.273290532761495,0.5965238268253903,0.5349067940701139,1.1151920922268186,0.26476811402671196,0.9988711645766837
Flna,252.95446764165152,1.5887504545709044,0.6858852176334873,2.316350336361785,0.02053914804525968,0.7339811262173871
Flnb,360.87815831351185,-0.19599906773769052,0.1867920705775736,-1.0492900856639593,0.2940446276575418,0.9988711645766837
Flot1,324.8328423424869,0.0695841671684921,0.19073082399742994,0.36482916452680836,0.7152389332666551,0.9988711645766837
Flot2,347.39377814927184,-0.07806647793729206,0.19550337726655675,-0.39931012460645754,0.6896647078694682,0.9988711645766837
Flt1,58.10651773748734,0.09621645379998213,0.2775177615090773,0.3467037687129621,0.7288138786212226,0.9988711645766837
Flt3,18.6865890373965,-0.13099384437176592,0.4704449339083415,-0.2784467106139311,0.780669466759063,0.9988711645766837
Flt3l,5.1281980361199135,0.420203845522617,0.9242666795730937,0.4546348524829473,0.6493719566814153,0.9988711645766837
Flt4,7.188684684398631,0.15004517317520333,0.8136806637797226,0.1844030217926171,0.8536972994227948,0.9988711645766837
Fmc1,432.13905046028486,0.08875544115686429,0.1568347337851559,0.5659169943722302,0.5714502083508484,0.9988711645766837
Fmo4,0.6992542969875969,0.11983679850988958,2.5815037691118055,0.04642131456237259,0.962974448259998,0.9990082607840204
Fmod,2.4906559389442315,-0.9274707968692277,1.2025083796386808,-0.7712801112853002,0.44054091842306475,0.9988711645766837
Fmr1,575.082033415099,-0.010594094992438807,0.15173315371082544,-0.06982056810490567,0.9443364761466813,0.9990082607840204
Fn1,26.965383663108316,-0.7489949826309711,0.4260890489793373,-1.7578367348917543,0.07877529290745719,0.9988711645766837
Fndc5,194.56546864313657,-0.04436297941287364,0.2009839688073543,-0.22072894508017263,0.8253034923640701,0.9988711645766837
Folr1,0.7445647157356676,0.38225063238069545,2.2937582219232624,0.16664817971101908,0.8676468818057659,0.9988711645766837
Folr2,1.6339560164652884,0.3004950790383412,1.4322102453110097,0.20981212780885228,0.8338143071200562,0.9988711645766837
Fopnl,133.0483245465134,0.030815116886637607,0.22234265927021651,0.13859291324382117,0.889771843675968,0.9988711645766837
Fos,212.3061408808933,0.5277046357559093,0.2975046806136213,1.773769187992225,0.07610133669183299,0.9988711645766837
Fosb,16.31558382748648,1.058641183121922,0.5320355823363649,1.9897939503839899,0.04661363812779128,0.9988711645766837
Fosl1,2.9180474222570685,3.2545265541383235,3.893735283664678,0.8358366239718411,0.40324681981758836,0.9988711645766837
Fosl2,11.66158107872353,0.4330359939656794,0.6329084750217201,0.6842000242623052,0.4938488669481155,0.9988711645766837
Foxa1,1.0731531792858402,-1.0162399699802758,2.0497297172404014,-0.4957921824680686,0.6200410409771171,0.9988711645766837
Foxa2,0.40862727137639593,-2.021519410583075,4.293594625457573,-0.47082214017063595,0.6377677525202419,0.9988711645766837
Foxb1,18.012697452592196,-0.14698913082030066,0.5152120134794623,-0.28529833733420895,0.7754155865642429,0.9988711645766837
Foxc1,9.470472020598002,-0.08892055107563362,0.6263691460373106,-0.14196189521496153,0.8871101040022764,0.9988711645766837
Foxc2,0.206943560415748,1.2536647339164804,4.428644718705905,0.2830809002630525,0.7771148224071367,0.9988711645766837
Foxd1,2.3649951891717484,0.3164704239216768,1.229563241463766,0.2573844217601416,0.796882027530865,0.9988711645766837
Foxd2,0.881474950204406,0.847678851108696,1.9868383197505015,0.4266471220542715,0.6696363702606021,0.9988711645766837
Foxd3,0.4274126638607039,2.3290865437845154,3.7121791896888587,0.6274175961801378,0.5303855363958245,0.9988711645766837
Foxf1,0.8007349983682429,-0.31501206205248633,2.1922869243701757,-0.1436910737142614,0.8857444201924032,0.9988711645766837
Foxg1,10.088951003810886,0.133455440703555,0.6603309822711089,0.20210386046790527,0.8398355299253368,0.9988711645766837
Foxh1,0.4274126638607039,2.3290865437845154,3.7121791896888587,0.6274175961801378,0.5303855363958245,0.9988711645766837
Foxi1,0.4274126638607039,2.3290865437845154,3.7121791896888587,0.6274175961801378,0.5303855363958245,0.9988711645766837
Foxi2,0.0,,,,,
Foxj1,17.346469576228348,-0.20528022972375642,0.49694352991879037,-0.4130856271683484,0.6795438793913919,0.9988711645766837
Foxj2,299.3135166191327,0.13738839949128967,0.15955595529451597,0.8610671988876356,0.38920103351767477,0.9988711645766837
Foxj3,75.7998800684231,0.33100615251180543,0.2516370975185807,1.3154107871052843,0.18837188212769007,0.9988711645766837
Foxl2,1.7094361188463516,-0.5267963795508013,1.4140687794909186,-0.3725394317385709,0.7094912590093896,0.9988711645766837
Foxm1,6.537750781145213,0.062065006379857304,0.77762865694175,0.07981316766790196,0.9363858514512973,0.9988711645766837
Foxn1,0.6156954280113794,-0.1374204489801367,3.068773605399457,-0.04478024991428095,0.9642824675839433,0.9990082607840204
Foxn4,0.3171520518749637,-1.6299156053852275,4.032308140551388,-0.4042140502591523,0.6860553226533403,0.9988711645766837
Foxo1,224.65382804662093,-0.031828055467149646,0.16929837826317554,-0.1879997658198043,0.8508768347560646,0.9988711645766837
Foxo3,153.2414435460599,0.2679898538898054,0.18959785667693915,1.4134645748999182,0.1575191702972949,0.9988711645766837
Foxo4,19.57669741534236,0.31826740483197674,0.4567160160761072,0.6968606171650891,0.4858900263184923,0.9988711645766837
Foxp1,284.83274216504896,-0.03326897295663243,0.21973357691619536,-0.1514059590870855,0.8796554889830984,0.9988711645766837
Foxp2,126.04803609141881,-0.7141588254228404,0.23199503701057175,-3.0783366516168056,0.002081596136512698,0.297549299170658
Foxp3,0.0,,,,,
Foxp4,152.06971234729298,-0.07816252738257588,0.27675918473994876,-0.2824207169710365,0.7776209314432183,0.9988711645766837
Fpr1,0.7705653147352506,1.9278235924088996,2.6028097533267807,0.7406701891849192,0.4588934387483513,0.9988711645766837
Fpr2,0.8974179467982507,-1.9358816054012882,2.210431513608487,-0.8757935242431459,0.3811422911365737,0.9988711645766837
Fras1,27.71645627104073,-0.20237908607570818,0.37966748832725866,-0.5330429712782393,0.5940038346053251,0.9988711645766837
Frk,0.5771472973487105,1.397135751351835,3.217169089977092,0.43427488959300653,0.6640888360311323,0.9988711645766837
Frmd4a,1211.3480122449855,0.10366704297449128,0.23328245465345948,0.44438422567393004,0.6567648161435924,0.9988711645766837
Frmd7,1.5495427654837808,0.6968898407126322,2.073253477631517,0.33613344833684233,0.7367702362498902,0.9988711645766837
Frmpd1,56.153477966095664,0.06784494014948711,0.2970697787121164,0.22838048502817956,0.8193504592967248,0.9988711645766837
Frrs1,5.524850192756827,-0.14268452620458733,0.8883351627608231,-0.16062014900000524,0.8723925843426465,0.9988711645766837
Frrs1l,553.3350181683401,-0.2677368687587083,0.1537905150765129,-1.7409192538662448,0.08169773324761052,0.9988711645766837
Frs2,270.4635689737256,-0.012238570015979952,0.1633536066621525,-0.07492072116468006,0.9402777897846214,0.9988711645766837
Fryl,766.6693234539745,-0.33129439798150073,0.1509828567122749,-2.1942517527856955,0.02821731588386127,0.8417076626234388
Frzb,7.272889202605723,-0.25129410395924107,0.8327875169720979,-0.301750565225704,0.7628422183743842,0.9988711645766837
Fscn1,5548.808841394387,-0.4244240962772709,0.22332346842932074,-1.9004903482035795,0.05736880040730724,0.9988711645766837
Fscn2,0.6405041447204455,1.6408322672298499,2.685609647260583,0.610971988763727,0.541218124615225,0.9988711645766837
Fshb,0.206943560415748,1.2536647339164804,4.428644718705905,0.2830809002630525,0.7771148224071367,0.9988711645766837
Fshr,0.14621457233801252,-0.6699094182016454,4.4288527141152105,-0.15126026116573596,0.8797704155341528,0.9988711645766837
Fst,1.4264359082588365,-0.23389677927049826,1.6508440738266343,-0.14168314438584662,0.8873302894483095,0.9988711645766837
Fstl1,175.28592208655036,0.36616161840133854,0.3697789898818197,0.9902174769809469,0.32206783191345933,0.9988711645766837
Fstl4,41.46935611049877,-0.32962403475545343,0.4002337561139717,-0.8235787954417038,0.410178928509225,0.9988711645766837
Fstl5,30.597243503105165,0.1354537713892882,0.4775818554397677,0.2836241993837045,0.7766983899264275,0.9988711645766837
Fthl17a,0.28312480680675106,0.2918803284116611,4.04604244075645,0.07213971002169989,0.9424907245055009,0.9988711645766837
Fto,403.0782376156771,0.015267572739042454,0.14427582750243007,0.10582211173791603,0.9157234926637823,0.9988711645766837
Ftsj1,109.69180735714367,0.010048975177485065,0.24263606564023543,0.041415834661550334,0.9669643893934451,0.9990082607840204
Fubp1,318.24457054643784,0.11910729205528953,0.18891076679458477,0.6304949901812785,0.5283707795122612,0.9988711645766837
Fundc1,519.8818969238165,-0.13859372275101192,0.14634351989857516,-0.947043796999455,0.3436164619343829,0.9988711645766837
Furin,211.7492533035314,0.2841540049376728,0.17816881362109718,1.5948582648250051,0.11074393429045111,0.9988711645766837
Fus,390.41259229598285,-0.04732560921279196,0.16023741282272627,-0.29534681307635186,0.7677289589045884,0.9988711645766837
Fut1,0.13691023446873854,1.2536647339164804,4.428644718705905,0.2830809002630525,0.7771148224071367,0.9988711645766837
Fut4,1.4637196809382773,1.2830233525102002,1.6070182947735536,0.7983875209653366,0.42464564271040406,0.9988711645766837
Fv1,45.864537830477126,-0.1448273410482681,0.30384802380479814,-0.47664401181463634,0.6336156375460589,0.9988711645766837
Fxn,8.024329926740768,0.05181539886135459,0.8500017378270255,0.06095916814689968,0.9513917276457345,0.9990082607840204
Fxr1,508.3716895665238,0.17179656026277632,0.1575530275320192,1.0904046907499918,0.2755349164851595,0.9988711645766837
Fyn,1196.0586923207175,0.20712453725806906,0.13625230402495775,1.5201543837389306,0.12847217903731495,0.9988711645766837
Fzd1,109.35804313159137,0.7514047274959068,0.2333644761099612,3.219876221185633,0.0012824595767467282,0.24641913201049157
Fzd10,41.01970302342184,-0.5621936885227665,0.33507483248976594,-1.6778153236559101,0.09338315692915683,0.9988711645766837
Fzd2,3.673493182425107,-0.4194267586814404,0.9936101534045296,-0.42212406671198605,0.6729344622237503,0.9988711645766837
Fzd3,310.64736845848046,-0.023836623125536794,0.17699467064804555,-0.13467424210153758,0.8928694394511824,0.9988711645766837
Fzd4,22.26097073167786,0.2868367906439078,0.5231524566268391,0.5482852790052106,0.5834960338215779,0.9988711645766837
Fzd5,34.073596333619896,0.08175276163409465,0.3702411000318296,0.22080952554177904,0.8252407463328977,0.9988711645766837
Fzd6,24.06654555828496,-0.6945270475803527,0.41726986052183596,-1.6644553400328985,0.09602146880887882,0.9988711645766837
Fzd7,33.05740069712824,-0.47572884560660594,0.4657131357557235,-1.0215061785505144,0.30701468332517523,0.9988711645766837
Fzd8,19.503171037490997,-0.07936890156576418,0.4486010271903616,-0.17692536743141335,0.8595670126150385,0.9988711645766837
G3bp1,366.6691066322399,0.15479691466037562,0.14748738773233558,1.0495603525184511,0.29392029361646044,0.9988711645766837
G6pc,0.6963107836283071,0.47495920349433984,2.5814438437711957,0.1839897484659122,0.8540214971725616,0.9988711645766837
G6pc2,0.14621457233801252,-0.6699094182016454,4.4288527141152105,-0.15126026116573596,0.8797704155341528,0.9988711645766837
G6pdx,33.515243983410166,-0.09044576318526969,0.35937558402539005,-0.2516747581240234,0.801292469194848,0.9988711645766837
Gaa,212.74690495344979,0.33101209308208357,0.21153921936668488,1.5647788342657294,0.11763477624823031,0.9988711645766837
Gab1,1517.2732597732402,0.105480340588405,0.13738730208675448,0.7677590212944022,0.4426303642022774,0.9988711645766837
Gabbr1,3851.6397548995155,-0.1701966763920706,0.137371281773783,-1.2389538351425082,0.21536259493966836,0.9988711645766837
Gabbr2,754.4082344589268,-0.17002922854549085,0.16096033630304943,-1.0563424036674904,0.2908118096432082,0.9988711645766837
Gabpb1,121.21369191075247,0.24739186505027624,0.2120296075868503,1.166779809036533,0.2432993029455358,0.9988711645766837
Gabra1,870.5348997099986,-0.09371965182932858,0.1397173261124558,-0.6707804567766738,0.5023603991774359,0.9988711645766837
Gabra2,28.64851453682749,1.4860528662138879,0.46554878879760203,3.192045392389478,0.001412691298747,0.24641913201049157
Gabra5,39.755558870619716,1.1222115124472345,0.6653394280786572,1.6866751992857478,0.0916658234243858,0.9988711645766837
Gabra6,0.13620909045879864,-0.6699094182016448,4.4288527141152105,-0.15126026116573588,0.8797704155341529,0.9988711645766837
Gabrb2,399.6488677351169,-0.022654203847847502,0.15727815512659657,-0.1440390995787854,0.885469594552135,0.9988711645766837
Gabrb3,283.74199654215886,0.13345185533551446,0.23952440020680862,0.5571534892490716,0.5774225643880488,0.9988711645766837
Gabrd,144.56134733374475,-0.019373763775040416,0.21915833541714025,-0.08840076166012531,0.9295581559504018,0.9988711645766837
Gabrg1,89.53162292429609,0.2107373890946415,0.2512736049392991,0.8386769837824786,0.40165059746648013,0.9988711645766837
Gabrg2,223.57083175637445,0.10178465217528537,0.250606510982157,0.4061532630432429,0.6846299921372984,0.9988711645766837
Gabrg3,63.29138360365326,0.266663386347987,0.3776965836101407,0.7060254127774627,0.4801723339145969,0.9988711645766837
Gabrp,0.0,,,,,
Gabrq,7.401299727653616,0.49540658835953194,0.8947935378996394,0.5536546335844202,0.5798152284632698,0.9988711645766837
Gabrr2,40.74681987108307,-0.2584813019378822,0.3846342938379851,-0.6720183459428066,0.5015720170095614,0.9988711645766837
Gad1,38.13762091108176,0.35606727955559286,0.5728043401020408,0.6216211271935582,0.5341910254545381,0.9988711645766837
Gad2,73.29658801835792,0.4419529673022338,0.576152944335579,0.7670757767486464,0.44303646311169276,0.9988711645766837
Gadd45a,51.93159937181452,1.2070563917469679,0.582163805360591,2.0733964919019994,0.03813539516175653,0.9587506632877785
Gak,197.16543862440804,0.019116745739901693,0.18557919666834496,0.10301125386411654,0.9179540391796719,0.9988711645766837
Gal,12.223410893880471,1.1884056589780827,0.741641344038344,1.6023994192489899,0.1090673131821865,0.9988711645766837
Galc,143.1950308879328,0.34786962044705844,0.22459307294129138,1.5488884670009013,0.12140853383135888,0.9988711645766837
Galnt14,43.661806777835466,0.26791609975645314,0.3194022453444363,0.8388046848810922,0.4015789213262737,0.9988711645766837
Galnt15,4.745229732590773,-0.02344058752926778,0.8865345271987437,-0.02644069329520074,0.9789058369291137,0.9990082607840204
Galnt17,531.7253106102296,-0.18025502751072284,0.18718888438803474,-0.9629579667618602,0.33556861761506773,0.9988711645766837
Galnt18,79.5037174844076,0.040806671603104236,0.23237771956646758,0.17560492322256482,0.8606043342892561,0.9988711645766837
Galntl5,0.490068367222499,1.10837745908821,2.9205192956860997,0.3795138284911847,0.70430633735881,0.9988711645766837
Galp,0.0,,,,,
Galr1,18.740617075613777,1.6249106454609392,0.8143491182314851,1.9953489346065034,0.04600483627398662,0.9988711645766837
Galr2,1.6346571604752285,0.8327305369410144,1.4305139928547288,0.5821198122495959,0.560485980945064,0.9988711645766837
Gap43,1544.419468672197,0.21004575554511887,0.28938655963658927,0.7258310676518414,0.46794233874886704,0.9988711645766837
Gar1,110.34087337834596,0.5045182997357125,0.284993933768286,1.7702773285901254,0.0766809528996963,0.9988711645766837
Garem1,111.22092999205688,-0.22951731366562447,0.2647870918897689,-0.8667994803960184,0.386051886862788,0.9988711645766837
Gars,978.3525794008383,0.2963368007772314,0.14084845682285094,2.1039406995416536,0.03538362015083528,0.93154602448665
Gart,213.52982379611964,-0.010009147050875198,0.17388025427786094,-0.05756344843434933,0.9540963652958108,0.9990082607840204
Gas1,16.01935882688736,-0.09448817527484717,0.5782230447730939,-0.16341129280298086,0.8701946120253458,0.9988711645766837
Gas6,105.735882910451,-0.44171428591301276,0.26875040698659103,-1.6435855516120264,0.10026184043245673,0.9988711645766837
Gast,0.28242366279681114,-1.488372750394001,4.162759947789275,-0.3575446984840992,0.7206840699934347,0.9988711645766837
Gata1,0.13691023446873854,1.2536647339164804,4.428644718705905,0.2830809002630525,0.7771148224071367,0.9988711645766837
Gata2,4.422243781806633,-0.8161713702363875,0.9713394022536017,-0.8402535389203719,0.40076624552476836,0.9988711645766837
Gata3,0.5643228983294425,2.752457264414417,3.051274670678445,0.9020680081227868,0.3670207420854281,0.9988711645766837
Gata4,0.13691023446873854,1.2536647339164804,4.428644718705905,0.2830809002630525,0.7771148224071367,0.9988711645766837
Gata5,0.7667077533000303,0.8409390699488629,2.4479062225023456,0.34353402194027766,0.7311967505545538,0.9988711645766837
Gata6,0.3573793379136945,2.105959986671047,3.882576521232137,0.5424130020759307,0.5875340246416054,0.9988711645766837
Gatad2b,488.08723960166895,0.15295414943986177,0.14166713764490804,1.079672759558712,0.2802879283869343,0.9988711645766837
Gatd3a,415.18753913069366,0.000569371756848467,0.1532973141710513,0.003714166552279931,0.9970365306652132,0.9990082607840204
Gba,102.42694617701353,0.2873469474699669,0.24222067160216124,1.1863023315446997,0.23550292621891755,0.9988711645766837
Gba2,191.04131316570184,-0.13936617105800916,0.18737254960673821,-0.7437918273008189,0.45700242524330714,0.9988711645766837
Gbf1,252.5308870479502,-0.043541344917358796,0.1748404936789226,-0.24903467155222175,0.8033339620714756,0.9988711645766837
Gbp2,5.710167597328277,-0.3356982597688292,0.8942065719276125,-0.3754146640246394,0.7073521007796917,0.9988711645766837
Gbp2b,0.0,,,,,
Gbp3,12.344664599645895,-0.5142744582200007,0.6157797612469063,-0.8351597285020133,0.4036277807763017,0.9988711645766837
Gbp7,22.131301141067343,0.10652449395778486,0.42998987355750556,0.24773721547546768,0.8043377354491527,0.9988711645766837
Gbx1,0.3431526508745466,0.29188133003570377,3.805645772578214,0.07669692543086128,0.9388646504887272,0.9988711645766837
Gbx2,177.30823945090958,0.24658106915241323,0.31476396448341587,0.7833840495594755,0.4334016198908853,0.9988711645766837
Gcat,126.59427371215766,-0.11656720900851576,0.21173315822277855,-0.55053828123542,0.5819502277569714,0.9988711645766837
Gcg,0.0,,,,,
Gcgr,0.30714656999574985,-1.589477432344553,4.067301980088958,-0.3907940546646573,0.695949469913375,0.9988711645766837
Gch1,1.8412632206057502,0.6706904856131661,1.6702317814880232,0.40155533683812583,0.6880113052848204,0.9988711645766837
Gck,3.446062180221702,2.2484399164739344,1.5063937475767104,1.4925977488229296,0.13554251298816583,0.9988711645766837
Gckr,4.058612907643491,0.7269792334343795,0.9454183699496784,0.7689497650369057,0.4419231329011518,0.9988711645766837
Gcm1,0.13691023446873854,1.2536647339164804,4.428644718705905,0.2830809002630525,0.7771148224071367,0.9988711645766837
Gcm2,0.22046910344495593,1.2536647339164806,4.428644718705905,0.28308090026305255,0.7771148224071367,0.9988711645766837
Gcnt3,0.5276156734407057,-0.6224988170984243,2.8763878365650326,-0.2164168576939225,0.8286628270768912,0.9988711645766837
Gcnt4,21.635699180617788,0.4882369368756261,0.43614472326850534,1.1194379086298174,0.2629533661426914,0.9988711645766837
Gdap1,133.82242841194804,-0.2484921277593728,0.24282611492929243,-1.0233336222165816,0.3061501318965648,0.9988711645766837
Gdf1,57.29131114676748,-0.0843159957273112,0.33264804781689167,-0.2534690832567985,0.7999057492386057,0.9988711645766837
Gdf10,20.389685306691447,0.750384255340404,0.5573015804015512,1.3464599450798818,0.17815422979113593,0.9988711645766837
Gdf11,124.73923465860923,0.024719552825385252,0.24764488791241526,0.09981854676575368,0.9204883833993007,0.9988711645766837
Gdf15,30.658257942825518,5.003051124326428,1.9971371067038886,2.50511149561662,0.012241279822531514,0.6091824867587009
Gdf2,0.28242366279681114,-1.488372750394001,4.162759947789275,-0.3575446984840992,0.7206840699934347,0.9988711645766837
Gdf5,0.3778810399526991,0.29188177635622714,3.693452016246246,0.07902682235273072,0.9370112886243994,0.9988711645766837
Gdf7,0.0,,,,,
Gdf9,0.5240956122907117,-0.6579764535734584,2.8801912772738483,-0.22844887378321788,0.8192972980106874,0.9988711645766837
Gdnf,3.0351925799204302,1.0268182077565222,1.1865401724996096,0.8653884896230599,0.38682559648930415,0.9988711645766837
Gdpd1,123.29105962342969,-0.053149837906642086,0.2314900913450001,-0.22959875992027018,0.8184035705758049,0.9988711645766837
Gdpd2,28.984608904748615,-0.04073490809152456,0.4199763871705112,-0.09699332947255938,0.9227316917830181,0.9988711645766837
Gem,11.183760562729596,0.3016541520921202,0.6016762450348178,0.5013562602503346,0.616120417056845,0.9988711645766837
Gen1,7.070088583383897,-0.6824420781635222,0.8085978009721478,-0.8439821099476734,0.3986794026838757,0.9988711645766837
Gfap,563.4619005868063,2.888828634214425,0.3585826969850971,8.056241024743274,7.867642601711953e-16,3.93618159363649e-12
Gfi1,0.5601016931695085,1.3246753788167807,3.237738925054464,0.40913594625128635,0.6824398978921862,0.9988711645766837
Gfi1b,0.5147912744214377,1.1089206308404533,2.88378987672448,0.38453586365314807,0.7005813199674482,0.9988711645766837
Gfpt1,410.00200068076157,-0.08564956152167653,0.1602016776380685,-0.5346358589026645,0.5929016824245326,0.9988711645766837
Gfpt2,18.428731003878667,-0.4519937012268776,0.46179867778287814,-0.9787678548516536,0.3276946960895426,0.9988711645766837
Gfra1,572.6879831455445,0.09523693338314854,0.2142796143217381,0.4444516744376416,0.6567160603885045,0.9988711645766837
Gfra2,24.026557238902765,-0.26673996395903393,0.4934635241029172,-0.5405464658080835,0.5888202255535495,0.9988711645766837
Gfra3,0.0,,,,,
Ggnbp1,21.024496702521287,0.6952642842182607,0.46912387211741285,1.482048400308755,0.13832741700854476,0.9988711645766837
Ggnbp2,698.4779016704374,0.09148666227852559,0.13760462664773132,0.6648516442163823,0.5061453869161757,0.9988711645766837
Ggps1,375.866102423819,0.06449831830818721,0.1394343281704712,0.46257129900846317,0.6436716851058926,0.9988711645766837
Gh,5.225544308709158,-0.015776879151217952,0.9306967704617968,-0.016951685717561605,0.9864751594383826,0.9990082607840204
Ghr,35.999208085302406,-0.02933327619268478,0.36165058721102844,-0.08110943886168331,0.9353549192964951,0.9988711645766837
Ghrh,0.4186327532556098,-2.0575975940909688,3.6862624899504026,-0.5581798907973732,0.5767215510806478,0.9988711645766837
Ghrhr,0.6311998068511716,2.953914119112191,3.29356764473245,0.8968736755222009,0.36978632845698023,0.9988711645766837
Ghrl,0.4186327532556098,-2.0575975940909688,3.6862624899504026,-0.5581798907973732,0.5767215510806478,0.9988711645766837
Ghsr,0.5895702327925609,-2.5406102215163777,2.98339892396005,-0.851582468945879,0.3944458731597211,0.9988711645766837
Gigyf2,192.73673238064453,0.08565442264422467,0.18492766791774026,0.4631779744409342,0.6432368025052557,0.9988711645766837
Gimap4,3.7807251372135,2.4638528580527943,1.500920824114135,1.6415608461605533,0.10068104754233326,0.9988711645766837
Gip,0.4433556604545485,-2.127290718398713,3.635716882432567,-0.5851090134871547,0.5584744185773751,0.9988711645766837
Gipc1,355.1620320169032,0.04754006532687908,0.14220883149548905,0.3342975596307257,0.7381550317542014,0.9988711645766837
Gipr,13.008707929972928,-0.11356933108094522,0.7009543889939025,-0.1620210000310493,0.8712893167281011,0.9988711645766837
Gja1,1714.5435994294828,-0.07257570423952235,0.19860393924822442,-0.3654293289158473,0.7147909514918431,0.9988711645766837
Gja3,0.0,,,,,
Gja4,2.677401608622598,0.8848658105669189,1.2685254831400805,0.6975546193810322,0.4854557701721024,0.9988711645766837
Gja5,1.6245995580694903,-1.3627899166455162,1.6582611691564082,-0.8218186266393704,0.41118013096753003,0.9988711645766837
Gja8,0.17093747953695118,-0.6699094182016454,4.4288527141152105,-0.15126026116573596,0.8797704155341528,0.9988711645766837
Gjb1,421.31497251857405,-0.2557310756818495,0.27851232393135483,-0.9182038053902409,0.35851217679516334,0.9988711645766837
Gjb2,45.468352288584946,0.7023077639759217,0.3385498413980206,2.0744589956852004,0.038036703138919846,0.9587506632877785
Gjb6,732.992075145081,0.092644982019185,0.1568240309657518,0.5907575608703579,0.554682874235489,0.9988711645766837
Gjc1,112.50860871994381,-0.29132071124392944,0.24310168610066663,-1.1983492007673515,0.23078109997301233,0.9988711645766837
Gjd2,5.31498923754555,0.33461081011545374,0.8900665287356089,0.3759391004072334,0.7069621711810405,0.9988711645766837
Gk,119.8422085085984,-0.19633882382003842,0.20276285455042045,-0.9683175168123085,0.33288581910982795,0.9988711645766837
Gkn2,0.0,,,,,
Gla,73.83598079618277,0.0062082864224000936,0.2488638347071908,0.0249465191666144,0.9800976218365082,0.9990082607840204
Glb1,141.7755258685115,-0.017745110112922343,0.22332461268887024,-0.07945881960464583,0.936667685200719,0.9988711645766837
Gldc,5.520054072336662,0.6642239528750229,0.8118227711566911,0.8181883737119516,0.4132496328051145,0.9988711645766837
Gldn,9.487505741589063,0.8605878358840067,0.682659790795428,1.2606394099779317,0.20743879290763967,0.9988711645766837
Glg1,1042.8553151007268,0.21458591674319472,0.14181305920883397,1.5131604800034348,0.13023890004282246,0.9988711645766837
Gli1,6.817690569175045,-0.5353799922095642,0.7349160723453074,-0.7284913371142206,0.46631286970697594,0.9988711645766837
Gli2,17.92157233275422,-0.041335486632906066,0.4916802570925291,-0.08406985238198644,0.9330008940792739,0.9988711645766837
Gli3,31.66960021464074,0.0902183571660529,0.36037139723900175,0.2503482736345449,0.8023180277436348,0.9988711645766837
Glis3,23.16908762199898,1.2732691622384458,0.4820435117778402,2.641398818008069,0.008256446480827542,0.5357228229488131
Glmp,101.33058091763439,-0.13573683911591117,0.22413745345705519,-0.6055964187257905,0.5447827810394292,0.9988711645766837
Glo1,319.276015781397,-0.14343084952868895,0.17144829480507884,-0.8365837040943266,0.4028266086522505,0.9988711645766837
Glp1r,1.4838695820162353,-1.3801250724289396,1.7710631714464564,-0.7792636054318541,0.4358244488907129,0.9988711645766837
Glra1,126.15039295217268,-0.16806613781599108,0.3259502950616527,-0.5156189160197011,0.606120596124904,0.9988711645766837
Glra2,54.705614489033316,0.5925916444283152,0.47008840000017543,1.2605961866493496,0.20745437325590665,0.9988711645766837
Glra3,6.4464481475224416,0.14352141957459674,0.8229652722444801,0.17439547501581634,0.86155467024578,0.9988711645766837
Glud1,1458.2519579754487,-0.0013628471941718552,0.1268836422210962,-0.010740921133057314,0.991430149639656,0.9990082607840204
Glyat,0.4633666242129762,-2.1832200994810527,3.598463165647577,-0.6067090307670724,0.5440440279341741,0.9988711645766837
Gm2a,1106.4165555909165,0.016462637799851344,0.22231382990701112,0.07405134357469931,0.9409695311064399,0.9988711645766837
Gmds,59.58297683331643,0.07516424398330994,0.268792444539232,0.279636743927671,0.7797562136860255,0.9988711645766837
Gmfb,1133.6130930594072,0.05702737606773519,0.15738340365107428,0.36234682148676434,0.7170928734417149,0.9988711645766837
Gmnc,0.832344789871819,1.9893459763314285,2.9207678752444135,0.6811037580879163,0.49580583929403843,0.9988711645766837
Gmnn,34.61792340434195,0.39837199165124293,0.3626883075940062,1.0983866402916442,0.2720356935654229,0.9988711645766837
Gna11,118.47719696902966,-0.25922487471567734,0.2067498673532943,-1.2538091464538341,0.2099113839090735,0.9988711645766837
Gna12,248.6651535083428,0.0423479846238925,0.218892403398159,0.19346484376099035,0.8465949365150333,0.9988711645766837
Gna13,272.08717173394297,0.20357360977381314,0.15928486477251982,1.278047415644566,0.201232708224511,0.9988711645766837
Gna14,0.9681524167552,-0.805297370090509,1.91039683864174,-0.4215340780521087,0.6733651321948371,0.9988711645766837
Gnai1,1045.0845171469873,-0.06835546152763901,0.17673556339556035,-0.386766874840291,0.6989288024201046,0.9988711645766837
Gnai2,2482.909225550458,0.05083333777245007,0.1269973843840039,0.4002707458820139,0.6889571123316578,0.9988711645766837
Gnai3,330.42692934019334,0.1437708425518717,0.18083587127826456,0.7950349758353068,0.426593157060735,0.9988711645766837
Gnal,1224.2598475972466,-0.21519272304638445,0.14351559694212337,-1.4994378843239375,0.13376007167529508,0.9988711645766837
Gnao1,4408.837987065957,-0.08207485144047531,0.1327800300785055,-0.6181264712167106,0.536491974136808,0.9988711645766837
Gnaq,792.1153592261265,-0.05129427303192462,0.1330486596324186,-0.3855301750024265,0.6998446545680687,0.9988711645766837
Gnat1,0.17093747953695118,-0.6699094182016454,4.4288527141152105,-0.15126026116573596,0.8797704155341528,0.9988711645766837
Gnat2,0.3566781939037546,0.2918814938548762,3.7648572205553323,0.07752790524465691,0.9382035929000956,0.9988711645766837
Gnat3,0.27311932492753715,0.2918801220273429,4.0938117842693424,0.07129788505395035,0.9431606784301703,0.9988711645766837
Gnaz,23.092353678509415,0.16880300924352482,0.4543127158027107,0.3715568668274497,0.710222808671443,0.9988711645766837
Gnb1,3232.917519622379,0.025260491179988374,0.119588096941221,0.21122914258267872,0.8327084712580042,0.9988711645766837
Gnb3,0.478084049532701,-2.221037950482501,3.572610454232008,-0.6216848937032935,0.5341490866910862,0.9988711645766837
Gng11,1708.0432994912899,-0.428733077195037,0.3095617094120372,-1.3849680505038775,0.16606223695670663,0.9988711645766837
Gnrh1,2.499751503614616,0.2641285673802767,1.327370964541914,0.1989862475795751,0.8422735023208638,0.9988711645766837
Gnrhr,1.1163458249037967,0.6760838984957759,1.9137018733182671,0.3532859051464891,0.7238741112020974,0.9988711645766837
Golga2,138.89029554729606,0.0425038232601995,0.20100324909461875,0.21145838911385742,0.8325295987097278,0.9988711645766837
Golga3,173.08226994715451,-0.17426986295860952,0.18122319037971035,-0.9616311388927005,0.33623492396547305,0.9988711645766837
Golga5,118.44958735634555,-0.03886252230670728,0.21497378630731792,-0.1807779589049568,0.8565418642944901,0.9988711645766837
Gopc,359.03270957104564,-0.1297751795455145,0.15594151269304574,-0.8322041854304898,0.40529370181717983,0.9988711645766837
Gorasp1,67.55377671922639,0.12082660280713346,0.25807452845271783,0.4681849213541051,0.6396523542639294,0.9988711645766837
Gosr1,176.61805117534664,0.016235543634681233,0.18219243953987033,0.08911206016937,0.928992852898656,0.9988711645766837
Got2,276.8217541286852,0.09410130481519015,0.15198608033167368,0.6191442309048057,0.5358213472825237,0.9988711645766837
Gpa33,1.964333930934938,0.27991318338283905,1.7633162026475167,0.15874247793025761,0.8738717699329268,0.9988711645766837
Gpam,327.6854027252194,0.08530321183414935,0.1666290457675405,0.5119348276959677,0.6086966223458924,0.9988711645766837
Gpat2,5.62080335540078,-0.18849960569437196,0.8456817975461299,-0.22289660986121648,0.8236159749596973,0.9988711645766837
Gpbar1,0.3573793379136945,2.105959986671047,3.882576521232137,0.5424130020759307,0.5875340246416054,0.9988711645766837
Gpc3,8.824128838818401,-0.194694418722832,0.6523366880005191,-0.29845695068844125,0.7653544280345188,0.9988711645766837
Gpc4,25.505424406620904,-0.14500478375801315,0.5223299443231504,-0.27761147017124277,0.7813106262050623,0.9988711645766837
Gpc6,22.99954343312088,0.19085299573908124,0.44445105403854307,0.42941285436242965,0.6676228007947266,0.9988711645766837
Gpd1,273.9596769255977,0.5332653953195067,0.6712645480841001,0.7944191255765467,0.42695147365836916,0.9988711645766837
Gper1,3.208972495772319,0.4222813912282897,1.1604247725051096,0.3639024271402568,0.7159308721488997,0.9988711645766837
Gphn,575.1677396837595,-0.18835637177291836,0.1446775381036001,-1.301904734085542,0.19294895394708622,0.9988711645766837
Gpi1,975.0917039958168,0.03674765315452423,0.1758403061889147,0.2089831049034017,0.8344614277512368,0.9988711645766837
Gpm6a,265.6365317225012,0.24513402466169876,0.23412045541133855,1.047042319437701,0.2950800603594057,0.9988711645766837
Gpnmb,62.90840794397809,3.9530054726275186,1.8863827522412462,2.095547930519869,0.03612231236266442,0.93154602448665
Gpr101,6.5772365645622,1.1458895239978517,1.0513414615814403,1.0899308796156397,0.27574359284635397,0.9988711645766837
Gpr107,136.65189228104722,-0.07153410901528391,0.2001027291451725,-0.35748692344613975,0.7207273139150524,0.9988711645766837
Gpr139,1.9271006058270743,1.3163778654667644,1.6549518777453127,0.7954176089157241,0.4263706202048123,0.9988711645766837
Gpr141b,0.3666836757829684,0.2918816216246855,3.732732619211389,0.07819515925744261,0.9376728125820393,0.9988711645766837
Gpr143,0.6142931399914997,-2.5901107321402232,3.3093648626382355,-0.7826609756397122,0.43382622431494666,0.9988711645766837
Gpr149,17.277778837245094,-0.5676809922368347,0.580580176449162,-0.9777822517275409,0.32818203089294895,0.9988711645766837
Gpr17,192.9751140513665,-0.06471967926119887,0.1898248151307606,-0.34094425018466,0.7331455515982466,0.9988711645766837
Gpr183,1.1243724709724263,-1.1364912047540905,1.9914560791664955,-0.5706835398698613,0.568214178454515,0.9988711645766837
Gpr20,0.5871527792279244,1.3965312172505884,3.2008726531593164,0.43629702539780457,0.6626212397803939,0.9988711645766837
Gpr22,69.3817755458512,0.2353887429947786,0.3409303825097442,0.6904305250296984,0.4899234861695664,0.9988711645766837
Gpr26,6.616595167919819,1.282168210091645,0.9986309541703025,1.2839259635777216,0.19916786169871037,0.9988711645766837
Gpr34,19.424671415562702,0.8657564065171655,0.5028987372342365,1.7215322736313012,0.08515428095747728,0.9988711645766837
Gpr35,0.5902713768025009,-1.1918380242870574,2.4876155505396205,-0.4791086082527988,0.6318613660907735,0.9988711645766837
Gpr37l1,1384.3260833723516,-0.20175440987547963,0.12450223831550485,-1.6204882145508723,0.10512744395727669,0.9988711645766837
Gpr39,0.5623440625188584,-0.7507105962308264,3.2400393674702226,-0.23169798607014172,0.8167725957082732,0.9988711645766837
Gpr4,44.76415922081196,-0.27020512442132094,0.36943182983476713,-0.7314072654274903,0.46453042880078266,0.9988711645766837
Gpr50,1.2069448161800023,0.8934192385538339,2.185324338651457,0.4088268376240912,0.6826667432436,0.9988711645766837
Gpr6,1.188621520200156,-0.14958895383670537,1.6549468274568029,-0.09038897888132294,0.9279781144211836,0.9988711645766837
Gpr65,1.0169828966532648,-0.579122139294679,1.8858758536789855,-0.3070839144395013,0.758779500994188,0.9988711645766837
Gpr83,5.62794455474512,0.028645868228651384,0.891197780124372,0.0321431099442973,0.9743579243931498,0.9990082607840204
Gpr84,1.141470195678153,2.5997946827132887,2.162940738536011,1.2019722206873606,0.2293742910947879,0.9988711645766837
Gpr88,75.42241962317598,-0.4126161291346711,0.5133597023108448,-0.8037563666904801,0.42153769370728555,0.9988711645766837
Gprc5b,5294.643562784796,-0.23454570847262246,0.18583861999721307,-1.2620934683874634,0.2069151552870191,0.9988711645766837
Gprc6a,0.4935884283724931,1.1445163161069793,2.9180857726812546,0.3922147617529939,0.6948995378898936,0.9988711645766837
Gps1,1075.1601277170782,0.011750719279045094,0.1312822321685256,0.08950730868104696,0.9286787454119786,0.9988711645766837
Gpsm1,151.49766699468614,-0.1630962254843385,0.20405742318747383,-0.7992663189444325,0.42413600431145326,0.9988711645766837
Gpsm2,287.28910417666566,-0.2884396273063294,0.2003325879285455,-1.439803829665545,0.14992290740545325,0.9988711645766837
Gpt2,654.1058391240074,0.10741071531275932,0.14400698011607763,0.7458715905727648,0.45574498826451526,0.9988711645766837
Gpx2,0.5871527792279244,1.3965312172505884,3.2008726531593164,0.43629702539780457,0.6626212397803939,0.9988711645766837
Gpx5,0.206943560415748,1.2536647339164804,4.428644718705905,0.2830809002630525,0.7771148224071367,0.9988711645766837
Gramd1a,211.42317012028965,0.1788256240558836,0.1780090766356869,1.0045871111497748,0.31509570607681636,0.9988711645766837
Gramd1b,523.5533162514738,-0.31878236730013226,0.14834029445752886,-2.1489937610404466,0.03163489451317632,0.8701777460413038
Grb10,160.42684221192908,0.6177593817222621,0.36611474541899863,1.687338162289174,0.0915383469162752,0.9988711645766837
Grb2,384.3278232761572,-0.14303610591073715,0.14250808339600632,-1.0037052109757418,0.31552072460320146,0.9988711645766837
Grb7,3.2340093840816,0.7770072545950671,1.046952953190844,0.7421606216659005,0.4579900239385496,0.9988711645766837
Greb1,6.040195136590427,2.442203628472802,1.0291779279651432,2.3729654145434766,0.017645916139928684,0.6790962957543323
Grem1,2.407989271824009,-0.7099218815546019,1.2178193770025942,-0.5829451353466925,0.5599302348482178,0.9988711645766837
Grhl2,0.6645259079094442,0.23458272396277893,2.3420882746707004,0.10015964235838269,0.9202175855764452,0.9988711645766837
Grhl3,1.2790815741568313,3.940564779295155,2.543182147897131,1.5494622681877,0.12127063511467237,0.9988711645766837
Gria1,693.7001737084678,0.1775146730166191,0.276909508077137,0.6410566189990483,0.5214858977977033,0.9988711645766837
Gria2,483.09031292004005,0.003319140199475011,0.21708124345824698,0.015289852529858983,0.9878009380466092,0.9990082607840204
Gria3,164.16694359248294,-0.30054217116636317,0.23452904208458772,-1.2814710216484253,0.20002827209793583,0.9988711645766837
Gria4,622.9603948735584,-0.22636626040833394,0.20556977375711788,-1.1011650996696978,0.2708248081670904,0.9988711645766837
Grid1,156.29105015583158,0.059655829086901896,0.19406050648716414,0.3074083963129703,0.758532538070684,0.9988711645766837
Grid2,115.05972615006755,-0.22458720733707987,0.2587519690181884,-0.867963278460281,0.3854144357848358,0.9988711645766837
Grifin,3.531746367872149,1.0259407158305465,1.2009085031342182,0.8543038151141171,0.3929366738764877,0.9988711645766837
Grik1,26.19838763958413,-0.07659840032283254,0.4649921368931567,-0.1647305282076907,0.8691560871939543,0.9988711645766837
Grik2,699.4520079495582,-0.04265300419731064,0.16301634563082842,-0.26164863426581697,0.79359234505124,0.9988711645766837
Grik3,99.43484564519873,0.457404810265331,0.35229197588742983,1.2983685169471149,0.1941607322292036,0.9988711645766837
Grik4,48.20934617463612,-0.03612377969925178,0.315069122593256,-0.11465350651287531,0.9087197672416925,0.9988711645766837
Grin1,634.491132838837,-0.09131447563084198,0.2241833996912041,-0.40732041603714125,0.6837726698644884,0.9988711645766837
Grin2a,307.1231784912212,-0.4313467977290656,0.22655875411773876,-1.9039069993512672,0.05692229738132851,0.9988711645766837
Grin2b,204.82923191484704,-0.22340704196825037,0.1950822554220903,-1.1451940694702092,0.25212877449504556,0.9988711645766837
Grin2c,83.71429783214104,-0.39287795556536487,0.24021259454938557,-1.6355427004248633,0.10193533096003626,0.9988711645766837
Grin2d,187.45524704892838,0.3880156309558385,0.37908521979080384,1.023557793073449,0.3060441893849023,0.9988711645766837
Grk2,1276.2628024399185,0.10406530099067839,0.17759343362254854,0.5859749365050032,0.557892357762459,0.9988711645766837
Grk3,167.82900320239585,-0.22057864878675884,0.19586231764307668,-1.1261923755478231,0.2600841000709151,0.9988711645766837
Grk5,57.556611786987844,0.11224465987902435,0.2980925884600238,0.37654294076512107,0.7065132982531113,0.9988711645766837
Grm1,699.8401134181381,-0.42267812261651594,0.19604461910375828,-2.156030216737599,0.0310813057635413,0.8701777460413038
Grm2,147.56766478522587,0.850346918116505,0.41796541876739446,2.0344910845118003,0.04190210659945738,0.9988711645766837
Grm3,345.54355674091113,-0.45556648374455155,0.29726176837167756,-1.5325431394693838,0.12538846062580214,0.9988711645766837
Grm4,108.53123022557249,0.22744743464248665,0.23996636492117054,0.947830479147374,0.3432157613932415,0.9988711645766837
Grm6,0.3778810399526991,0.29188177635622714,3.693452016246246,0.07902682235273072,0.9370112886243994,0.9988711645766837
Grm8,40.64734502831911,-0.06699683766735777,0.35739382010591486,-0.18745941842951575,0.8513004390217721,0.9988711645766837
Grn,329.6896896984858,0.3246790192595673,0.19551046210800785,1.6606733765490338,0.09677906322390258,0.9988711645766837
Grp,3.3650157928193107,0.8808387951507335,1.2813789613601285,0.6874147474809179,0.49182140690900955,0.9988711645766837
Grpel1,157.125111349655,0.1923260321088347,0.22326472391733113,0.8614259733214631,0.3890034760183251,0.9988711645766837
Grpr,0.6343041037499274,-2.631211447365541,3.2883975285603286,-0.8001500501423543,0.4236238658673841,0.9988711645766837
Grxcr1,0.5240956122907117,-0.6579764535734584,2.8801912772738483,-0.22844887378321788,0.8192972980106874,0.9988711645766837
Grxcr2,0.832344789871819,1.9893459763314285,2.9207678752444135,0.6811037580879163,0.49580583929403843,0.9988711645766837
Gsc,0.4880895314119149,-2.247622404625183,3.555966860759102,-0.6320706836242498,0.5273406906921085,0.9988711645766837
Gsc2,2.481365901750778,0.22942567845424147,1.3633939984435814,0.16827540587397952,0.8663666212213361,0.9988711645766837
Gsdma3,0.3573793379136945,2.105959986671047,3.882576521232137,0.5424130020759307,0.5875340246416054,0.9988711645766837
Gsdmd,3.7280742500588495,0.0368160560827573,0.9945051155784648,0.037019473812704165,0.9704694785248711,0.9990082607840204
Gsdme,17.591312243823353,-0.06635555664066288,0.4812143185209052,-0.13789189990152012,0.8903258521960711,0.9988711645766837
Gsk3a,1120.7868315151297,0.1199996745289076,0.1171534554247805,1.0242947943260157,0.3056960559942783,0.9988711645766837
Gsk3b,173.98524534593062,0.11108640992363157,0.18770358330479398,0.5918182698901859,0.5539722876770905,0.9988711645766837
Gsta1,0.805293703813403,1.92655311581719,2.575582218740055,0.748006839696089,0.4544560320006594,0.9988711645766837
Gstk1,75.68167400992952,-0.165052669949998,0.28034125445595726,-0.5887562651822564,0.5560247879565012,0.9988711645766837
Gstp1,2266.749686716801,0.5369568452415511,0.2699567764633825,1.9890474774371332,0.046695962788254275,0.9988711645766837
Gsx1,1.90989425853288,-0.13607225322687463,1.5355106507974552,-0.08861693870778856,0.9293863459058826,0.9988711645766837
Gsx2,0.13620909045879864,-0.6699094182016448,4.4288527141152105,-0.15126026116573588,0.8797704155341529,0.9988711645766837
Gtf2a1,1136.8193176582133,0.0031127042987665063,0.15729909132925543,0.01978844424632469,0.9842121362355345,0.9990082607840204
Gtf2a2,303.65068336075245,0.06936467330887731,0.18308451079298624,0.37886696700032696,0.7047866552442772,0.9988711645766837
Gtf2b,124.80872546390924,-0.15633252770699357,0.2082739941691113,-0.7506099277092508,0.4528874446553778,0.9988711645766837
Gtf2e1,102.65425127185686,0.21231094589285202,0.2184551025675816,0.971874510585859,0.33111298187475824,0.9988711645766837
Gtf2e2,47.60988299308252,0.009332836523572342,0.30692220373184376,0.030407824556500283,0.9757418046489831,0.9990082607840204
Gtf2h1,158.20065614143996,0.1999407495582753,0.18667020322302474,1.0710908656342732,0.28412857496549115,0.9988711645766837
Gtf2i,1412.7102208111903,0.06508660855350899,0.13131715471608846,0.49564437102089326,0.6201453416483595,0.9988711645766837
Gtpbp2,241.16235903143055,0.18123078430290884,0.17724280793819294,1.0225000743957215,0.30654427745689183,0.9988711645766837
Gtse1,4.648986067586887,1.0380932588342144,0.9563138861329392,1.0855151994414385,0.27769353551766285,0.9988711645766837
Gucy1a1,84.94177060758287,0.42125911160600715,0.2728201208303419,1.5440910674912232,0.1225662725059344,0.9988711645766837
Gucy2e,1.0957583133546647,0.470271102850783,1.9582677906387282,0.2401464728669181,0.8102167079668765,0.9988711645766837
Gucy2f,0.5902713768025009,-1.1918380242870574,2.4876155505396205,-0.4791086082527988,0.6318613660907735,0.9988711645766837
Gusb,42.358371875393416,0.0306985109838321,0.35729494439565834,0.08591924253436241,0.9315306147440414,0.9988711645766837
Gyg,113.92924561133293,-0.3953128992986319,0.23039505886536418,-1.715804589063,0.08619781397627882,0.9988711645766837
Gys2,0.0,,,,,
Gzma,0.49937270509177295,-0.5722388979548446,3.3342651135947228,-0.1716236947151167,0.8637333781578063,0.9988711645766837
Gzmb,0.13620909045879864,-0.6699094182016448,4.4288527141152105,-0.15126026116573588,0.8797704155341529,0.9988711645766837
Gzmk,0.5816681829431668,1.424037609980047,3.161099558769212,0.4504880607222957,0.6523585611329832,0.9988711645766837
H19,0.6950330918276629,-1.2751308494556954,2.658076713537825,-0.4797193560898144,0.6314269625494326,0.9988711645766837
H1foo,0.5643228983294425,2.752457264414417,3.051274670678445,0.9020680081227868,0.3670207420854281,0.9988711645766837
H2-Aa,4.782165835176269,0.6947034172607391,0.9402496392450294,0.7388499694810298,0.4599981050584919,0.9988711645766837
H2-Ab1,6.698961278689606,1.0391438935094832,0.8953227676410894,1.1606360645193017,0.24578993256037618,0.9988711645766837
H2-D1,787.3918025555491,0.9307530856892856,0.3271868451799886,2.8447142646498196,0.0044451278296572805,0.404344991486825
H2-DMa,28.75714349467117,0.13069623900678864,0.40316489508929465,0.3241756427673136,0.7458050614583762,0.9988711645766837
H2-DMb2,0.8572427812860445,-0.15516905747956547,2.404371411946335,-0.0645362262704481,0.9485432628273012,0.9990082607840204
H2-Eb1,7.104564274404074,0.5927467379755599,0.7169797136235448,0.8267273490624668,0.40839161636023125,0.9988711645766837
H2-K1,586.2850065211042,0.34378443564559197,0.24396454913129623,1.4091573422029235,0.15878864822499417,0.9988711645766837
H2-T23,323.45822300116066,0.11561846174253458,0.2013859936013501,0.574113719007713,0.5658908502958799,0.9988711645766837
H2afv,76.0161504522745,-0.06723247977787516,0.24410515430062815,-0.27542425300481316,0.7829903131519642,0.9988711645766837
H2afx,71.027637043299,-0.15457861523387328,0.25361637335903714,-0.6094977748737104,0.5421945471872087,0.9988711645766837
H2afy,443.5419898685075,0.1933330240710825,0.14859254667503408,1.3010950306538192,0.1932259285293937,0.9988711645766837
H2afz,216.18492690702666,0.3796257773090485,0.19155314558785225,1.9818300354401661,0.047498266621106566,0.9988711645766837
Hace1,116.01330387232856,0.034638900423863674,0.2242583505845605,0.15445980198094106,0.877247204171689,0.9988711645766837
Hacl1,102.45589998555039,-0.38766315817869,0.2564358046399325,-1.5117356904314394,0.13060111526227652,0.9988711645766837
Hadh,558.9255648501045,-0.2315079629221395,0.18369514850857716,-1.26028349034667,0.2075671135393805,0.9988711645766837
Hadhb,667.071682844338,0.10474392066907212,0.15651204545245692,0.6692387181208349,0.5033432115454224,0.9988711645766837
Hal,0.0,,,,,
Hamp,1.0305084396824726,-0.5357931077361425,2.0354413532057913,-0.2632319063834858,0.7923718399768636,0.9988711645766837
Hand1,0.28312480680675106,0.2918803284116611,4.04604244075645,0.07213971002169989,0.9424907245055009,0.9988711645766837
Hand2,0.206943560415748,1.2536647339164804,4.428644718705905,0.2830809002630525,0.7771148224071367,0.9988711645766837
Hao1,1.520576806904972,0.030577946236027526,1.4821358219739222,0.020631001412072702,0.9835400101744807,0.9990082607840204
Hap1,138.64221681406187,0.5046582140429883,0.4383961505300964,1.1511465450432665,0.24967195214884697,0.9988711645766837
Hapln1,11.000071200290561,-0.4145805676039492,0.6038986044851923,-0.6865069144469513,0.49239350560159256,0.9988711645766837
Has2,1.550798611064489,1.4043758179348818,1.762904340635072,0.7966262182036302,0.42566814590940627,0.9988711645766837
Haspin,0.7257793232513596,-2.8442549049490116,2.8560075639571245,-0.9958849342150099,0.31930605622594455,0.9988711645766837
Hat1,254.92338726483413,0.016756473939628685,0.18304151772610858,0.09154466236835941,0.9270598197584016,0.9988711645766837
Havcr1,0.4793617413333453,-0.49103473330401287,3.3685985829337604,-0.14576825383461503,0.8841043379373619,0.9988711645766837
Havcr2,7.520492536930145,0.8742066141857852,0.8551061906261472,1.0223369024444224,0.30662147313137067,0.9988711645766837
Hba-x,0.17093747953695118,-0.6699094182016454,4.4288527141152105,-0.15126026116573596,0.8797704155341528,0.9988711645766837
Hbegf,51.814949686921956,-0.037127547520772124,0.2999257401290538,-0.12378913361953081,0.9014822357506664,0.9988711645766837
Hc,0.5848246003684472,1.3236930717203106,3.196474270416886,0.4141103477575228,0.6787932949021902,0.9988711645766837
Hcar2,1.5777857338327133,0.6671657583390773,1.5045884803203597,0.44342075395727026,0.657461427066901,0.9988711645766837
Hcfc1,554.9145080210845,-0.12260663931313426,0.1434932270743087,-0.8544419957162285,0.3928601353937341,0.9988711645766837
Hck,3.1025837458976198,0.6496082738085136,1.0597605437974347,0.6129764668165277,0.5398919003335756,0.9988711645766837
Hcn1,10.38103501171508,0.5189998920364827,0.8798245967831982,0.5898901825818946,0.5552642763881477,0.9988711645766837
Hcn2,1994.0820187584322,-0.30481563263622813,0.15104985664513496,-2.0179802841676233,0.04359331470859671,0.9988711645766837
Hcn3,22.845871801783947,1.3462842170223426,0.45513413879089476,2.9579943631538366,0.0030964778626959436,0.35479242213526224
Hcn4,163.56942840782975,-0.30787757465677146,0.245603717075045,-1.2535542145833993,0.21000408183567532,0.9988711645766837
Hcrt,14.57128449144013,-3.1756301697178593,1.0170200379440035,-3.1224853505715364,0.0017933103000215033,0.2803728572189869
Hcrtr1,1.6910378488371667,1.5682234203508447,1.7255190622541086,0.9088415507286353,0.36343377022277734,0.9988711645766837
Hcrtr2,3.7458546468071208,1.331527035270315,1.2526401540760317,1.0629764908442292,0.2877926127037257,0.9988711645766837
Hdac1,125.77493990320636,-0.07568804980675543,0.23354457050339122,-0.3240839624043257,0.7458744683936787,0.9988711645766837
Hdac2,216.87307394940444,-0.032677534370684824,0.16669776052934732,-0.19602863449945332,0.8445877536924588,0.9988711645766837
Hdac3,444.559398613934,-0.014788922588128174,0.1465572752902274,-0.10090882597838739,0.9196228367564765,0.9988711645766837
Hdac4,204.70505307168435,0.08527294759605926,0.18416593971721343,0.4630223575922658,0.643348341543956,0.9988711645766837
Hdac5,448.47534616938515,-0.05862795490658243,0.1762726414055393,-0.33259815272014226,0.739437637975261,0.9988711645766837
Hdac6,233.72530289498596,-0.016144946108406007,0.17465912929378888,-0.09243688648675831,0.9263509336915897,0.9988711645766837
Hdac8,73.05872344624603,-0.2643517090303739,0.25501687828182673,-1.0366047565613716,0.2999200956253386,0.9988711645766837
Hdac9,102.27862545281278,-0.0897687457701587,0.24261356528629743,-0.3700071167258377,0.7113771877573878,0.9988711645766837
Hdc,2.038186998466464,-0.10637153007645243,1.3650406781981541,-0.07792553861241867,0.9378872843019808,0.9988711645766837
Hdgfl2,331.09571078829845,-0.12402249605753009,0.18729330107878406,-0.6621832993661668,0.5078537559560274,0.9988711645766837
Hecw2,313.6758576384006,-0.047583173705514716,0.1739840849521762,-0.27349153066841786,0.7844754018239958,0.9988711645766837
Hells,15.81671435901748,0.8508910562826937,0.5935394486478605,1.4335880424142065,0.15168985783688005,0.9988711645766837
Herc6,64.70098923125863,0.17958975377306333,0.2659789527682176,0.6752028756559677,0.4995468798925108,0.9988711645766837
Hes1,46.16418958770621,0.3269867162388721,0.37891673199378534,0.8629513785742114,0.38816420023332077,0.9988711645766837
Hes2,0.13620909045879864,-0.6699094182016448,4.4288527141152105,-0.15126026116573588,0.8797704155341529,0.9988711645766837
Hes5,13.992600603609498,0.2570845233400315,0.8107054518908184,0.31711211851410404,0.7511585298377536,0.9988711645766837
Hes6,49.529666484513086,0.3097293022224819,0.2877906007033193,1.07623147338915,0.2818237471463394,0.9988711645766837
Hesx1,0.22046910344495593,1.2536647339164806,4.428644718705905,0.28308090026305255,0.7771148224071367,0.9988711645766837
Hexa,240.4799397524091,0.3817209607090681,0.26751854074676734,1.4268953458085905,0.15361006258495838,0.9988711645766837
Hexb,515.5450086451648,0.22058988283279723,0.18656839863531574,1.1823539487198105,0.23706528765970503,0.9988711645766837
Hey1,176.23839477410579,0.22588553880740442,0.19432934206696675,1.162385136515119,0.24507905806734898,0.9988711645766837
Hey2,22.2291167894881,0.643401558624117,0.46999854078867564,1.3689437366006805,0.1710168628048555,0.9988711645766837
Heyl,21.89090779971447,-0.052824140809026914,0.4366590722451812,-0.12097341877593352,0.9037120892853894,0.9988711645766837
Hfe,6.783138896842651,0.08909629092124756,0.7213890364371626,0.12350657747902771,0.9017059660948957,0.9988711645766837
Hfm1,4.675619716439118,0.32472067063808735,0.9021062497660892,0.3599583427365518,0.7188782859827866,0.9988711645766837
Hgf,1.6509897778808238,2.2640395040523815,2.0902486208311917,1.0831436420955902,0.27874467036706796,0.9988711645766837
Hgs,351.05409438051237,-0.0649297322785601,0.15719587815005712,-0.4130498397456645,0.6795700986101202,0.9988711645766837
Hhex,9.832913470382781,-0.2652139927060847,0.6361510706254782,-0.4169041049405454,0.6767485508962354,0.9988711645766837
Hibadh,492.56483222856804,-0.009150109597402147,0.131889929881027,-0.0693768630073283,0.9446896451819246,0.9990082607840204
Hic1,10.455677571527772,-0.053558538176824905,0.682869565731133,-0.07843157883230745,0.9374847546171371,0.9988711645766837
Hif1a,748.3079322840258,-0.12278637428942946,0.12814971347449966,-0.9581478644028537,0.3379882024879691,0.9988711645766837
Hif1an,138.69717214837058,0.12287280837600932,0.19762964018739712,0.6217326928263311,0.5341176506503665,0.9988711645766837
Hif3a,18.02675719786512,0.581687322542291,0.6636103447538595,0.8765495100261668,0.38073137343762464,0.9988711645766837
Hikeshi,44.93090976007358,0.22854051422628285,0.3149562191331653,0.7256262945220796,0.46806789705852714,0.9988711645766837
Hip1r,231.90492854954172,-0.41803143592590086,0.2450412941531482,-1.70596322293595,0.08801492717963572,0.9988711645766837
Hipk2,1285.6216969694372,-0.3891869756669545,0.19227587225999407,-2.0241071908424297,0.042959123906760925,0.9988711645766837
Hira,94.9014630230776,-0.1663407387587248,0.2388325816671612,-0.6964742314368918,0.4861318894661041,0.9988711645766837
Hist1h2ba,0.13691023446873854,1.2536647339164804,4.428644718705905,0.2830809002630525,0.7771148224071367,0.9988711645766837
Hist1h2bc,668.3743786173611,-0.141724664108165,0.1626613666889251,-0.8712865691040231,0.3835977020620268,0.9988711645766837
Hist1h4h,54.633663301833444,-0.45887396356752336,0.4138381675591619,-1.1088246554782146,0.2675058320346573,0.9988711645766837
Hist2h2bb,207.51102081451927,0.4047035062076518,0.220836081778138,1.8325968426402142,0.06686254805125903,0.9988711645766837
Hist2h2be,30.81630924248024,0.5365010181080417,0.37727737762309627,1.4220333630605635,0.15501656580732576,0.9988711645766837
Hivep2,500.37409141103063,0.07517866384268965,0.16547857444711916,0.4543105601064624,0.6496053164721782,0.9988711645766837
Hjv,0.7264804672612994,-1.5804735588790577,2.342058987532003,-0.6748222684794618,0.4997886906601331,0.9988711645766837
Hk1,414.14594184717043,0.13758552858550424,0.20416561251243742,0.6738917827169488,0.5003801167392872,0.9988711645766837
Hk2,19.621597582568445,1.3494666354417164,0.5767638960140905,2.3397210622364417,0.01929814702754051,0.7047345224728845
Hkdc1,1.1290844144129373,-1.1413529016681043,1.9905295361249988,-0.5733915930180054,0.5663795812794707,0.9988711645766837
Hlf,580.8680177099868,-0.18475654828803686,0.1715853995891527,-1.0767614769696106,0.28158683957261466,0.9988711645766837
Hmcn1,4.59908162187958,-0.06884096047341831,1.0130216670142589,-0.06795605929764317,0.9458206129820191,0.9990082607840204
Hmcn2,2.1789169745197188,-0.24165377624134085,1.2942113534720132,-0.18671894323369223,0.851881002752561,0.9988711645766837
Hmga1,172.63127260697078,0.7104842914254365,0.23200907269210913,3.0623125345115043,0.002196340007380196,0.3052302515811978
Hmga1b,34.615731322854565,0.818956349365994,0.3473698070719453,2.357592204887215,0.018393886691173256,0.6899819317477036
Hmga2,13.681178055320041,-0.06357792144589669,0.6965544252075172,-0.09127487981568072,0.927274177657827,0.9988711645766837
Hmgcr,621.587111643195,0.053549039480607394,0.24239539869019916,0.2209160725408298,0.8251577825093136,0.9988711645766837
Hmox1,53.77137931908873,0.6975709486147216,0.43510492744508744,1.6032246582699496,0.10888506333310022,0.9988711645766837
Hmx2,0.6831488843238129,0.6409306808598879,2.9253691024643684,0.219093953074147,0.8265768610962398,0.9988711645766837
Hmx3,0.0,,,,,
Hnf1a,0.206943560415748,1.2536647339164804,4.428644718705905,0.2830809002630525,0.7771148224071367,0.9988711645766837
Hnf1b,0.9701312525657843,1.2638400006139157,2.045601389215223,0.6178329792290456,0.5366854416319066,0.9988711645766837
Hnf4a,0.5140901304114978,-0.6226255930170861,2.8913991639416032,-0.2153371283985268,0.8295044842716855,0.9988711645766837
Hnrnpa1,2384.0590833979127,0.0814347842199874,0.12299220704249256,0.6621133661895546,0.507898570315241,0.9988711645766837
Hnrnpdl,489.6085941846407,-0.22466217638146782,0.1723125144937039,-1.3038064997285888,0.19229956593945585,0.9988711645766837
Hnrnph1,1137.8244173886717,-0.03412006340549118,0.1308180980072266,-0.26082066568194817,0.7942308069885626,0.9988711645766837
Hnrnpk,454.73977761074485,0.0582065077749528,0.14250905822319504,0.4084407580870463,0.6829501154511624,0.9988711645766837
Hnrnpm,938.2589678102657,0.09221255043746492,0.14925319157391748,0.6178263222719546,0.5366898302500138,0.9988711645766837
Homer1,282.9680394309529,0.14520235033001347,0.15222659702230518,0.9538566398402608,0.340156214374602,0.9988711645766837
Homer3,130.4624701035679,-0.4788854292917443,0.21555618634445717,-2.2216269336222574,0.026308528126541268,0.8226347888567873
Hopx,61.20725372689848,-0.1294503592824763,0.4271874988254375,-0.30302937150174863,0.7618674780867108,0.9988711645766837
Hoxa1,1.494576207905389,-0.7026016618616121,1.6222071876581117,-0.43311462753159063,0.6649314965775435,0.9988711645766837
Hoxa10,0.13620909045879864,-0.6699094182016448,4.4288527141152105,-0.15126026116573588,0.8797704155341529,0.9988711645766837
Hoxa11,0.0,,,,,
Hoxa13,0.0,,,,,
Hoxa2,0.0,,,,,
Hoxa3,0.0,,,,,
Hoxa4,0.6703101846287242,-1.2175311726616997,2.6741970387205205,-0.4552885053093291,0.6489016947066186,0.9988711645766837
Hoxa5,0.0,,,,,
Hoxa7,0.5736272361987164,1.3455305147975487,2.825768809330052,0.47616440182753456,0.6339572583640176,0.9988711645766837
Hoxa9,1.9172054194912753,0.5544772558631539,1.4961917937612161,0.3705923653472767,0.7109411693606571,0.9988711645766837
Hoxb1,0.13691023446873854,1.2536647339164804,4.428644718705905,0.2830809002630525,0.7771148224071367,0.9988711645766837
Hoxb13,0.0,,,,,
Hoxb2,0.14621457233801252,-0.6699094182016454,4.4288527141152105,-0.15126026116573596,0.8797704155341528,0.9988711645766837
Hoxb3,0.14621457233801252,-0.6699094182016454,4.4288527141152105,-0.15126026116573596,0.8797704155341528,0.9988711645766837
Hoxb4,0.7345592338564537,0.41307724646147936,2.299240764526682,0.17965810837844762,0.85742098290262,0.9988711645766837
Hoxb5,0.4100295593962757,0.8936255737254076,3.536097766403823,0.25271517722605735,0.8004883187694496,0.9988711645766837
Hoxb6,0.22046910344495593,1.2536647339164806,4.428644718705905,0.28308090026305255,0.7771148224071367,0.9988711645766837
Hoxb7,0.0,,,,,
Hoxb8,2.4959444301754465,-0.8271069628333769,1.236059622018727,-0.6691481123560606,0.503401001592996,0.9988711645766837
Hoxb9,0.14621457233801252,-0.6699094182016454,4.4288527141152105,-0.15126026116573596,0.8797704155341528,0.9988711645766837
Hoxc10,0.0,,,,,
Hoxc11,0.0,,,,,
Hoxc12,0.8188192468426111,1.9493981314630744,2.5687465699735634,0.7588907968773023,0.44791788469048954,0.9988711645766837
Hoxc5,0.0,,,,,
Hoxc6,0.8467465611262536,0.9326756836146183,2.001724532465267,0.46593608085821947,0.6412612538766749,0.9988711645766837
Hoxc8,0.28242366279681114,-1.488372750394001,4.162759947789275,-0.3575446984840992,0.7206840699934347,0.9988711645766837
Hoxd1,0.9948878487483258,-1.2313752692517694,2.3179013220941598,-0.5312457685382638,0.595248480613203,0.9988711645766837
Hoxd10,0.0,,,,,
Hoxd11,0.3531581327537605,0.2918814668318446,3.771616171528236,0.07738896365840324,0.9383141201774131,0.9988711645766837
Hoxd12,0.0,,,,,
Hoxd13,0.0,,,,,
Hoxd3,1.2425494334833815,0.294747426865734,1.8485963972603237,0.15944390419810334,0.873319150768006,0.9988711645766837
Hoxd4,0.13691023446873854,1.2536647339164804,4.428644718705905,0.2830809002630525,0.7771148224071367,0.9988711645766837
Hoxd9,0.0,,,,,
Hpcal4,564.4597066311703,0.638748677898211,0.6126143792647348,1.0426602762162436,0.2971056618887655,0.9988711645766837
Hpd,0.27311932492753715,0.2918801220273429,4.0938117842693424,0.07129788505395035,0.9431606784301703,0.9988711645766837
Hpgds,16.068382787574365,-0.10331503370480168,0.498614847016841,-0.2072040861256427,0.8358504762962959,0.9988711645766837
Hprt,256.3657954288946,0.13551124310768337,0.17796355543466777,0.7614550224999911,0.44638533373690203,0.9988711645766837
Hps4,46.81696013915572,-0.04070784810297089,0.30622280817194314,-0.1329353889280303,0.8942444789533315,0.9988711645766837
Hps5,195.2898798092032,-0.07188657339196533,0.1986143803702684,-0.36194042575341334,0.7173965496522541,0.9988711645766837
Hps6,33.21690598134436,-0.14485346936432822,0.3945375474009123,-0.36714748778304307,0.7135090067771928,0.9988711645766837
Hpse,0.9557294813113494,2.246883005952712,2.233960217623572,1.0057846993993862,0.31451914901338884,0.9988711645766837
Hpse2,0.7105374706674549,1.785564520254396,2.3982250732192356,0.7445358403569518,0.4565523668602308,0.9988711645766837
Hr,158.651224578191,-0.29135233638752356,0.20040396776303468,-1.4538251893896117,0.14599477793099722,0.9988711645766837
Hras,26.67534689715143,0.5307174632899483,0.4193831398670605,1.2654716244868105,0.20570231397719385,0.9988711645766837
Hrg,0.9129223256380428,0.24363977450332777,2.0533212641629466,0.11865643177988008,0.9055475550128773,0.9988711645766837
Hrh1,50.325736162786825,-0.1083417806045185,0.29309162398657473,-0.3696515756092749,0.7116421169708055,0.9988711645766837
Hrh3,331.68005339739875,-0.061605022810189515,0.2244228631542344,-0.27450421915280315,0.7836971616922551,0.9988711645766837
Hs3st2,8.403260446469421,0.9813894548894301,0.7583854931829798,1.2940509328184695,0.19564782843985573,0.9988711645766837
Hsd17b3,0.0,,,,,
Hsd17b4,770.5687275224732,-0.08903088069588302,0.14668844004096024,-0.6069386290495876,0.5438916410999708,0.9988711645766837
Hsd17b7,73.13217830118046,0.4646353808162246,0.28132753544184896,1.651581598958932,0.0986198737268895,0.9988711645766837
Hsf1,171.23377850827652,0.1626461052858738,0.2337930282883826,0.6956841548125661,0.48662665077695566,0.9988711645766837
Hsf2,108.41371805460432,0.06868418290381628,0.2314412087648554,0.29676730116631694,0.7666441712931604,0.9988711645766837
Hspa1a,247.0095560713788,0.6518701866751541,0.4063389147891531,1.604252418239109,0.10865842466184289,0.9988711645766837
Hspa1b,143.82825305005738,0.8466982250453273,0.3949549610998375,2.143784249949698,0.03205017789478139,0.8762133333748158
Hspa5,1352.1598294419866,0.2238046940091595,0.15405431514453735,1.452764849846502,0.14628905447524815,0.9988711645766837
Hspa9,1370.7488754714348,0.5067728562435186,0.2099288994314327,2.4140214025608304,0.015777535548999702,0.6470082815708649
Hspb2,7.232906011279958,-0.6165050577812827,0.781946276987697,-0.7884238034309136,0.4304488520024261,0.9988711645766837
Hspb3,4.676253482481852,1.7052491757171655,1.0836342173909657,1.5736391010454098,0.11557090820390525,0.9988711645766837
Hspd1,1448.0704853655213,0.19098123399330666,0.11745614790213897,1.6259790347664613,0.10395411538042477,0.9988711645766837
Hspg2,40.6283370745617,-0.16723554249979664,0.6601183313946112,-0.25334176396296004,0.8000041255019136,0.9988711645766837
Hsph1,2139.1484158934013,0.19671114405482568,0.165962796159689,1.1852725346080015,0.23590970913199016,0.9988711645766837
Htr1a,3.0037452044867927,1.246732752339107,1.1623191527883305,1.0726251471880794,0.2834393371468902,0.9988711645766837
Htr1b,6.348851110592029,1.1729295535284165,1.0968946025786166,1.069318374592285,0.2849262337410342,0.9988711645766837
Htr1d,1.5585096030678285,-0.29884448689034243,1.579576145404301,-0.18919283363439982,0.8499416841687664,0.9988711645766837
Htr1f,3.8791968708909152,-0.16811133203345976,1.0597678888987416,-0.15863033197595064,0.8739601299123481,0.9988711645766837
Htr2a,8.585788492017317,0.12426461745081939,0.8254415765592537,0.15054320133570248,0.8803360693409188,0.9988711645766837
Htr2b,0.3573793379136945,2.105959986671047,3.882576521232137,0.5424130020759307,0.5875340246416054,0.9988711645766837
Htr2c,133.73182214396442,0.3501811775169022,0.36125844064402035,0.9693370122858014,0.3323770681311192,0.9988711645766837
Htr3a,1.204125899039948,1.6454633145372308,1.78470110720369,0.9219825705803364,0.3565376671121627,0.9988711645766837
Htr3b,0.0,,,,,
Htr4,3.0696962625933986,-0.22652198852689612,1.0466884158711496,-0.21641778497984412,0.8286621043348461,0.9988711645766837
Htr7,126.1800015023476,0.2044253610912663,0.34566015938997213,0.5914056206305065,0.5542486752907607,0.9988711645766837
Htra2,35.10877465019064,0.09702203078907216,0.3628340254635415,0.26740058533683797,0.7891607488093609,0.9988711645766837
Htt,355.2918382338494,-0.06257695621390756,0.1545448829869902,-0.4049112141692545,0.6855427749855658,0.9988711645766837
Huwe1,291.7927276055503,0.015761241989799134,0.1582623748885361,0.09958931806059242,0.9206703746159577,0.9988711645766837
Ibsp,0.0,,,,,
Icam1,2.9003739751423177,0.5343880521779651,1.2082978854422703,0.44226515548553186,0.6582973423796885,0.9988711645766837
Ick,239.4359433502411,-0.44942850195096584,0.17469349355538116,-2.5726688086897096,0.010091772783997727,0.5672936993071981
Icos,0.4286382351348237,-2.087102965941236,3.6652882449794126,-0.5694239651683818,0.5690684570517077,0.9988711645766837
Icosl,5.987506429585075,0.4985311058351362,0.88247964789102,0.5649207967872606,0.5721276375010105,0.9988711645766837
Id1,20.219764289057906,1.1420153939419273,0.5610736457341783,2.035410863840473,0.041809549124212246,0.9988711645766837
Id2,363.3947158185577,-0.30719119986897997,0.1936417433793916,-1.5863893523573434,0.11265101428183708,0.9988711645766837
Id4,664.4887839118138,0.29152341307639446,0.269606177536975,1.0812935213118906,0.2795665684058133,0.9988711645766837
Idh1,444.87815607719364,-0.1696268006937895,0.20035700956340974,-0.8466227413925609,0.397205434009793,0.9988711645766837
Idh2,450.1554558088948,0.22398847877076655,0.18788033096887252,1.192186950149009,0.2331879491831078,0.9988711645766837
Idi1,174.9263852093253,-0.33201542634906056,0.3557403834018006,-0.9333082265615505,0.35066084885844706,0.9988711645766837
Ido1,1.0784467177245431,-1.0264509283101457,2.049134477132209,-0.5009192611637072,0.6164279463111858,0.9988711645766837
Ido2,2.1066412792233593,0.17138877579331355,1.390871822275355,0.12322399019697962,0.9019297289063294,0.9988711645766837
Idua,67.64956721513207,0.2664641561861776,0.2834864545632764,0.9399537505122688,0.3472412845248982,0.9988711645766837
Ifi204,1.462142308703111,1.1534791075183102,1.8728297339092326,0.6159017483722917,0.5379593675776246,0.9988711645766837
Ifi208,1.2641537431077434,1.760352810982618,1.9093589897555452,0.9219601030647441,0.3565493867231212,0.9988711645766837
Ifi209,0.4800628853432851,1.1081524791737183,2.936189006084251,0.3774118344825384,0.7058675734198745,0.9988711645766837
Ifi27,162.78040492970567,-0.2780428080846725,0.21207812808197504,-1.3110395239682615,0.18984441076489422,0.9988711645766837
Ifi44,2.3150014687592817,-0.660033293018854,1.360650027893556,-0.4850867449293057,0.6276148141469129,0.9988711645766837
Ifih1,15.713638064086373,0.03912306161758557,0.4992071474017957,0.07837039557868485,0.9375334219882695,0.9988711645766837
Ifit1,4.852299271309225,1.4707455301051007,1.0421415541636758,1.4112723211439175,0.15816433261212892,0.9988711645766837
Ifit3,17.16321686749563,0.15695674889201355,0.47711199891758904,0.32897254575046747,0.7421764394319663,0.9988711645766837
Ifnar1,170.7739578096708,0.10172372372306993,0.17664375092712326,0.5758693595961819,0.5647034874830128,0.9988711645766837
Ifnar2,21.421174562718207,-0.2511934569878249,0.481329192572545,-0.5218745525183693,0.6017576774006703,0.9988711645766837
Ifnb1,0.14621457233801252,-0.6699094182016454,4.4288527141152105,-0.15126026116573596,0.8797704155341528,0.9988711645766837
Ifng,0.17093747953695118,-0.6699094182016454,4.4288527141152105,-0.15126026116573596,0.8797704155341528,0.9988711645766837
Ifngr1,182.6254412712004,0.2736325695513291,0.22683330588196535,1.206315662011804,0.22769580097495035,0.9988711645766837
Ifngr2,68.56943142053422,0.16525635213502943,0.24560046816031672,0.6728666006742204,0.5010321622322537,0.9988711645766837
Ifnlr1,0.4533611423337623,-2.1547732931189914,3.195826599826765,-0.6742459973378387,0.5001549306298455,0.9988711645766837
Ift122,139.95250548741134,0.1953247303744227,0.1903076529826465,1.0263629828498473,0.3047205196802091,0.9988711645766837
Ift27,213.65562466496849,0.010813795310877285,0.18735843150778927,0.05771715328662809,0.9539739301259729,0.9990082607840204
Ift88,84.4769623125366,-0.08439122917856469,0.24250840071917704,-0.34799301355456597,0.7278454303541704,0.9988711645766837
Igdcc4,154.37890985374472,-0.16608808640525305,0.2326669696288757,-0.7138447140570842,0.4753232069241232,0.9988711645766837
Igf1,20.647753791802106,0.23903571640193969,0.4639162244579506,0.5152562117896049,0.6063739933738358,0.9988711645766837
Igf1r,293.45069131097597,0.16877655871864392,0.21336135555893151,0.7910362130785533,0.4289228597902427,0.9988711645766837
Igf2,44.25194877861594,0.23232389093924516,0.4271889300191949,0.5438434252704211,0.5865492231606513,0.9988711645766837
Igf2bp1,0.8188192468426111,1.9493981314630744,2.5687465699735634,0.7588907968773023,0.44791788469048954,0.9988711645766837
Igf2r,97.4009303974287,0.15956231393378437,0.22626645401354675,0.7051965110313314,0.48068795225702987,0.9988711645766837
Igfbp1,0.8021372863881228,2.0060045849810737,2.5337162145895102,0.7917242560276501,0.4285214757946254,0.9988711645766837
Igfbp2,31.0663911510583,-0.5390878077763741,0.3813259120803042,-1.4137193164645117,0.1574443314488293,0.9988711645766837
Igfbp3,74.41643915828463,2.731325347614283,0.5909965795833523,4.621558638359371,3.8086764373453066e-06,0.0031758013693397617
Igfn1,0.34187495907390236,-1.7277027400304457,4.313560939051032,-0.4005281864432253,0.6887675272995746,0.9988711645766837
Igha,0.17093747953695118,-0.6699094182016454,4.4288527141152105,-0.15126026116573596,0.8797704155341528,0.9988711645766837
Ighd,1.2388542881181006,1.5719689118984133,1.7740538555014218,0.8860886083157319,0.3755697811185269,0.9988711645766837
Ighm,39.19149541617085,-0.01126189523946062,0.36151981947458794,-0.03115152927390816,0.9751486951699356,0.9990082607840204
Igkc,4.320621644769829,0.43602100419167095,1.127573152562883,0.38668977103669977,0.698985889730764,0.9988711645766837
Igll1,0.22046910344495593,1.2536647339164806,4.428644718705905,0.28308090026305255,0.7771148224071367,0.9988711645766837
Igsf11,1097.3435735244382,0.13430261360818596,0.21723566306299785,0.6182346476381206,0.5364206739839732,0.9988711645766837
Igsf21,104.52116520280917,0.23428698838959047,0.27289656456261635,0.8585193762519246,0.390605735901967,0.9988711645766837
Igsf5,2.5567837137965976,-1.0858799535085626,1.31945502834629,-0.8229761001172782,0.4105215846938325,0.9988711645766837
Igsf8,148.69828030517345,-0.3073886749571528,0.22985186570728272,-1.3373338259025205,0.1811136942970264,0.9988711645766837
Igsf9b,189.4844103117175,0.24018506002953505,0.2545234608014244,0.9436657008876838,0.3453405065764663,0.9988711645766837
Igtp,4.9359643049617565,0.2741576022558573,0.9505732395819442,0.2884129184789906,0.7730306801600736,0.9988711645766837
Ihh,0.881474950204406,0.847678851108696,1.9868383197505015,0.4266471220542715,0.6696363702606021,0.9988711645766837
Ikbkb,220.5217515717849,-0.07808259291319569,0.1833643140013315,-0.4258330926519797,0.6702294713148147,0.9988711645766837
Ikbkg,193.36953034390024,0.05665141785797206,0.17600285333652096,0.32187783768285516,0.7475452433950203,0.9988711645766837
Ikzf1,8.93565793965447,0.13234240968502053,0.6574692781117261,0.201290636826579,0.8404713234629014,0.9988711645766837
Ikzf2,244.2004741165085,-0.07114017148597503,0.21660368754369527,-0.3284347200766099,0.7425829947806436,0.9988711645766837
Il10,0.3431526508745466,0.29188133003570377,3.805645772578214,0.07669692543086128,0.9388646504887272,0.9988711645766837
Il10ra,9.635627681327827,0.4374488600848748,0.6395118810551901,0.6840355481169285,0.49395271882475644,0.9988711645766837
Il11,3.5732380523185814,-1.0436911109220226,1.1093860015184387,-0.9407826576984943,0.3468162498920967,0.9988711645766837
Il11ra1,184.33332436091453,-0.0963948140163676,0.23330682700378316,-0.4131675667373614,0.6794838488253292,0.9988711645766837
Il12a,0.27311932492753715,0.2918801220273429,4.0938117842693424,0.07129788505395035,0.9431606784301703,0.9988711645766837
Il12b,0.22046910344495593,1.2536647339164806,4.428644718705905,0.28308090026305255,0.7771148224071367,0.9988711645766837
Il12rb1,46.17445779133707,-0.29264076573579006,0.409172896597662,-0.7152007578437986,0.47448500083597467,0.9988711645766837
Il12rb2,0.5623440625188584,-0.7507105962308264,3.2400393674702226,-0.23169798607014172,0.8167725957082732,0.9988711645766837
Il13,0.13691023446873854,1.2536647339164804,4.428644718705905,0.2830809002630525,0.7771148224071367,0.9988711645766837
Il13ra1,19.951451464603096,0.46999547491115357,0.5189738868941861,0.9056245155683166,0.36513462827542276,0.9988711645766837
Il13ra2,0.206943560415748,1.2536647339164804,4.428644718705905,0.2830809002630525,0.7771148224071367,0.9988711645766837
Il15,5.376815069811069,-0.7864147273371755,0.8320017593765351,-0.9452080100485359,0.34455269087815543,0.9988711645766837
Il15ra,12.251702864626912,-0.4445026371828193,0.6095866482706691,-0.7291869637299714,0.46588730439577497,0.9988711645766837
Il17a,0.854086363860764,0.005298148293295092,2.361008691315176,0.0022440189706984144,0.9982095334118164,0.9990082607840204
Il17f,0.0,,,,,
Il17ra,50.451692786171776,0.18738833772470648,0.3023285765530127,0.6198168226808302,0.535378391856604,0.9988711645766837
Il17rb,6.206975665350428,-1.1762313519884073,0.913642083142401,-1.287409340803185,0.19795165030517947,0.9988711645766837
Il17rc,9.41198785978177,0.1796945738214211,0.6318076441817556,0.2844134215155639,0.7760935746408509,0.9988711645766837
Il18,172.9061443485721,-0.313049641555912,0.2091381944582037,-1.4968554278997326,0.13443088012002186,0.9988711645766837
Il18r1,0.0,,,,,
Il18rap,1.8017227779011389,-1.1243020195966271,1.4959224130208209,-0.7515777621957314,0.4523050206372221,0.9988711645766837
Il1a,1.1955227051806139,3.86160543210711,2.570004687421297,1.5025674665137614,0.13295061809172895,0.9988711645766837
Il1f10,0.8495654782663079,0.022269093129452192,2.79040469761393,0.007980596201151201,0.9936324730963798,0.9990082607840204
Il1f5,0.30714656999574985,-1.589477432344553,4.067301980088958,-0.3907940546646573,0.695949469913375,0.9988711645766837
Il1r1,10.935613428381961,0.02478268743079359,0.6904193776685941,0.03589512147599288,0.971365985860592,0.9990082607840204
Il1rap,1168.9786197740857,-0.04466914740448951,0.16921509944764246,-0.2639784957152171,0.7917964891134309,0.9988711645766837
Il1rapl2,3.298516828698116,1.523220015597636,1.4474268142598232,1.0523640992353536,0.29263253330424377,0.9988711645766837
Il1rl1,0.5140901304114978,-0.6226255930170861,2.8913991639416032,-0.2153371283985268,0.8295044842716855,0.9988711645766837
Il1rn,0.3431526508745466,0.29188133003570377,3.805645772578214,0.07669692543086128,0.9388646504887272,0.9988711645766837
Il2,1.370856474092786,1.9878777288561615,2.0550568971374714,0.9673103122473713,0.3333889300853893,0.9988711645766837
Il21,0.502892766241767,-0.5388364958218269,2.9050071951809917,-0.18548542554926636,0.8528483106477917,0.9988711645766837
Il21r,1.5813394839663102,-0.8497145295690518,1.7781318335360659,-0.4778692521798424,0.6327432672607552,0.9988711645766837
Il22,7.293284023778328,-0.9881049715309079,0.7711740692135557,-1.2812995288321594,0.20008847833269672,0.9988711645766837
Il22ra1,0.29242914467602504,-1.530833738821465,4.329334067330293,-0.3535956604442544,0.7236419269900363,0.9988711645766837
Il22ra2,0.4274126638607039,2.3290865437845154,3.7121791896888587,0.6274175961801378,0.5303855363958245,0.9988711645766837
Il23a,1.3974917958999635,-0.8418818738156598,1.6355298455561125,-0.5147456502265193,0.606730768927892,0.9988711645766837
Il23r,0.903955488053995,2.217083868403843,2.4944942484219905,0.888790932192513,0.37411545010884795,0.9988711645766837
Il25,1.0696331181358463,-1.0556611082562604,1.8536895686997148,-0.5694918534804952,0.569022397674273,0.9988711645766837
Il27,0.7005319887882412,1.7856994100616659,2.4050642856604694,0.7424747108459449,0.45779976845005954,0.9988711645766837
Il27ra,0.3531581327537605,0.2918814668318446,3.771616171528236,0.07738896365840324,0.9383141201774131,0.9988711645766837
Il2ra,0.7157738413721457,-2.8240423233409984,3.22541788266862,-0.8755585868471918,0.3812700472967081,0.9988711645766837
Il2rb,2.2244419298642533,3.6336414616632893,1.9011043002743184,1.9113319880129542,0.05596193078792712,0.9988711645766837
Il2rg,1.6929165744618029,0.7805660862000177,1.5147810325768585,0.515299617181081,0.6063436664272468,0.9988711645766837
Il3,0.4274126638607039,2.3290865437845154,3.7121791896888587,0.6274175961801378,0.5303855363958245,0.9988711645766837
Il31,0.13620909045879864,-0.6699094182016448,4.4288527141152105,-0.15126026116573588,0.8797704155341529,0.9988711645766837
Il33,167.43667776079897,-0.2531091133004259,0.36298516716768886,-0.697298777455269,0.48561583300158107,0.9988711645766837
Il34,24.580829961085442,-0.3167731088407705,0.5004067943745972,-0.6330311906269577,0.5267132748454271,0.9988711645766837
Il3ra,0.22046910344495593,1.2536647339164806,4.428644718705905,0.28308090026305255,0.7771148224071367,0.9988711645766837
Il4,0.2724181809175973,-1.4424797020843334,4.337121033308591,-0.33258922013156994,0.7394443816540731,0.9988711645766837
Il4ra,14.99038965395176,0.31671935135770984,0.5236546981300628,0.6048248062868419,0.545295409375121,0.9988711645766837
Il5,0.8454688693256093,-0.4123043224848627,2.176506411133408,-0.18943400321534393,0.8497526761954116,0.9988711645766837
Il5ra,0.14621457233801252,-0.6699094182016454,4.4288527141152105,-0.15126026116573596,0.8797704155341528,0.9988711645766837
Il6ra,5.787125587006154,1.3906754931175063,0.862550065616263,1.6122837949399673,0.10690019800820084,0.9988711645766837
Il6st,639.0114720748683,0.07018718429513368,0.13841230472435204,0.5070877508680417,0.6120932492527523,0.9988711645766837
Il7,0.881474950204406,0.847678851108696,1.9868383197505015,0.4266471220542715,0.6696363702606021,0.9988711645766837
Il7r,2.6359605940734148,0.08871938124715686,1.2642840755634126,0.07017361284695464,0.9440554764351468,0.9990082607840204
Il9,0.13691023446873854,1.2536647339164804,4.428644718705905,0.2830809002630525,0.7771148224071367,0.9988711645766837
Ilf2,643.9043910167026,-0.08640000630003009,0.13538082532332513,-0.6381997309713844,0.5233436723154157,0.9988711645766837
Ilk,153.12095965254204,0.047946527307435864,0.19209757116709503,0.249594656591102,0.8029008312539685,0.9988711645766837
Ilkap,297.9899752345256,0.045413747967298586,0.15917903032175124,0.2852998154059804,0.7754144542661852,0.9988711645766837
Immt,842.3568788860575,0.021780651016308644,0.13093643312191774,0.16634522949031463,0.8678852738519288,0.9988711645766837
Impact,1508.3110702945548,0.12302852568223929,0.15779445612154322,0.7796758435383496,0.4355817010457137,0.9988711645766837
Impad1,341.44320123457214,-0.10676386724598977,0.1461522680977344,-0.7304975053455554,0.4650861372889886,0.9988711645766837
Ina,754.3353769873444,0.035022353088392306,0.1899086295865232,0.18441685964794968,0.8536864445605704,0.9988711645766837
Ing3,213.18821662884568,0.2032688066239481,0.1739776862786535,1.1683613627231488,0.24266103310752696,0.9988711645766837
Inha,19.152457967919386,0.27655009191296526,0.44300113366896965,0.6242649756278409,0.5324535814984925,0.9988711645766837
Inhba,2.221108795693213,0.574633204959796,1.251749925841685,0.4590639017401249,0.6461882782417938,0.9988711645766837
Inhbb,2.974014138607853,0.25293329915246604,1.2167790914597265,0.207871174749585,0.8353295567531132,0.9988711645766837
Inka2,25.303031673401296,0.3344865263170338,0.49617609888925945,0.6741286552613394,0.5002295229661435,0.9988711645766837
Ino80d,346.49664784970446,-0.06372100301419184,0.15792230255342346,-0.4034959089621664,0.6865834437194198,0.9988711645766837
Inpp1,100.24700320693597,-0.04326142905645559,0.2523138645786723,-0.17145878657399952,0.8638630340614267,0.9988711645766837
Inpp4b,258.55435926656855,0.12164705214220012,0.18401766350581156,0.6610618232219774,0.5085726669031503,0.9988711645766837
Inpp5b,212.32811975437133,-0.06183933024509394,0.18385842279066453,-0.3363421120799142,0.7366128969223724,0.9988711645766837
Inpp5d,12.110443191776318,1.0247253636151843,0.6555372660955995,1.5631839967214687,0.11800932314626149,0.9988711645766837
Inpp5e,44.70829968105871,-0.01810814294029053,0.31368656036548026,-0.05772686888208567,0.9539661911056555,0.9990082607840204
Ins1,0.13691023446873854,1.2536647339164804,4.428644718705905,0.2830809002630525,0.7771148224071367,0.9988711645766837
Insm1,2.2851667870748877,1.0652614655757182,1.262267877837321,0.8439266215035596,0.3987104109539815,0.9988711645766837
Insr,183.98097831588692,-0.04344154734137941,0.2333850119531547,-0.18613683448575113,0.8523374568936095,0.9988711645766837
Insrr,0.832344789871819,1.9893459763314285,2.9207678752444135,0.6811037580879163,0.49580583929403843,0.9988711645766837
Ints11,134.3033915486656,-0.017021194891330707,0.2758224861714752,-0.06171068620108389,0.950793229833027,0.9990082607840204
Ints4,244.44862424582448,-0.0907778202332536,0.17115749596387692,-0.5303759541586915,0.5958512944203563,0.9988711645766837
Invs,81.33877343990623,-0.36789118899867557,0.25505415561609973,-1.442404214548125,0.14918837560188908,0.9988711645766837
Ipmk,161.78664165474734,-0.06441201251748242,0.1923729681000676,-0.3348288127673786,0.7377542243598258,0.9988711645766837
Ipo9,215.21027210354063,-0.03530725229038426,0.16411595836422826,-0.21513600896766935,0.829661280047951,0.9988711645766837
Iqgap1,103.9085311136671,0.44517367135354885,0.28592225635013047,1.5569745322952564,0.11947653212713155,0.9988711645766837
Iqgap2,4.517105172346017,-0.10804251936149116,0.9645218500647659,-0.11201666333866496,0.9108101942910628,0.9988711645766837
Iqgap3,0.27311932492753715,0.2918801220273429,4.0938117842693424,0.07129788505395035,0.9431606784301703,0.9988711645766837
Irak1,83.06999417225661,0.31142210781045104,0.23351855681458109,1.333607538769294,0.1823325109850572,0.9988711645766837
Irak2,57.95635399582091,-0.19260553288057997,0.2791949132485413,-0.6898604657210253,0.4902819395616991,0.9988711645766837
Irak3,25.66015206608857,-0.2546315859316698,0.4058884093005516,-0.6273438218412407,0.5304338839836074,0.9988711645766837
Ireb2,278.8481431287591,-0.11916803008449349,0.16140971694678707,-0.7382952670921314,0.4603350419404738,0.9988711645766837
Irf1,40.85457094247846,-0.45007511149719914,0.43904701691774395,-1.0251182542062947,0.30530739334252666,0.9988711645766837
Irf3,324.527190772495,0.024962427327381322,0.17407131203718812,0.14340345364920568,0.885971555549415,0.9988711645766837
Irf4,6.525846193599452,2.1386735658062914,1.0146683583619,2.1077562419104177,0.03505207966181449,0.9278600769738513
Irf5,12.04220702864535,0.5664868767024043,0.6070607634724114,0.9331633846043303,0.3507356166584177,0.9988711645766837
Irf7,0.2724181809175973,-1.4424797020843334,4.337121033308591,-0.33258922013156994,0.7394443816540731,0.9988711645766837
Irf8,6.082034491130806,0.5194250528139636,0.8557605385237984,0.6069747662237156,0.5438676584051614,0.9988711645766837
Irf9,66.35460688319942,0.02711364207788816,0.32730216393788153,0.08283978862734939,0.933978931088711,0.9988711645766837
Irgm1,54.68049474577941,0.24719172883110807,0.35608473755290615,0.6941935521580196,0.487560835670765,0.9988711645766837
Irgm2,31.244341179713118,0.6589779925226467,0.3890400882234149,1.6938562694963557,0.09029259849410266,0.9988711645766837
Irs1,75.83160737350224,-0.06161765103259311,0.25696213133355983,-0.23979273020820288,0.8104909430301058,0.9988711645766837
Irs2,866.3836428261005,0.071359792439403,0.16166584302157636,0.44140302679694143,0.6589212513586078,0.9988711645766837
Irx2,30.037959784283327,0.15510248664424045,0.37190384980443403,0.41704996257984756,0.6766418633113688,0.9988711645766837
Irx3,19.60180168161885,0.12702969667116398,0.5123976933425076,0.24791231170951453,0.8042022538514141,0.9988711645766837
Irx4,0.3573793379136945,2.105959986671047,3.882576521232137,0.5424130020759307,0.5875340246416054,0.9988711645766837
Irx5,16.432969826883692,-0.38347529290819304,0.5177868856821007,-0.740604490982861,0.45893328420437385,0.9988711645766837
Irx6,0.5771472973487105,1.397135751351835,3.217169089977092,0.43427488959300653,0.6640888360311323,0.9988711645766837
Isca1,296.8033204512488,0.13879134101882598,0.1724363309889896,0.8048845636114125,0.4208862969495728,0.9988711645766837
Isg15,9.601243537573064,0.06057478144769665,0.6399574546219455,0.09465438836630345,0.924589348053978,0.9988711645766837
Isg20,12.483883116703067,1.7560811280339526,0.7198317331749847,2.4395717041930753,0.014704684111090868,0.6173886171589276
Isl1,4.101444533801339,1.07540349126674,1.2294220665055922,0.8747227828140243,0.38172476064057836,0.9988711645766837
Isl2,0.22046910344495593,1.2536647339164806,4.428644718705905,0.28308090026305255,0.7771148224071367,0.9988711645766837
Itch,1080.696380505605,-0.31288304412762213,0.15657865863663042,-1.998248336344002,0.045689743537939136,0.9988711645766837
Itga1,11.726288184531114,-0.059532326815348466,0.5768225088556721,-0.10320735737835807,0.9177984007536664,0.9988711645766837
Itga11,0.13691023446873854,1.2536647339164804,4.428644718705905,0.2830809002630525,0.7771148224071367,0.9988711645766837
Itga2,1.0288814048329356,0.2292495956131498,2.0204906908013474,0.11346233697430552,0.9096640209541552,0.9988711645766837
Itga2b,4.008671307757549,1.0680713207955168,1.0509850457978804,1.0162573911645574,0.30950683314934624,0.9988711645766837
Itga3,69.51969424670624,0.007208756704586987,0.2960291390519229,0.024351510556271917,0.9805722258128418,0.9990082607840204
Itga4,54.48259971833963,-0.045209129458851326,0.507119112614032,-0.08914893628404806,0.9289635466555914,0.9988711645766837
Itga5,11.066738878168158,2.6248678328166797,0.9291600037420329,2.824990122525156,0.004728207357698343,0.4150038843958738
Itga6,17.738446969245683,-0.4088515161886956,0.5023788182055259,-0.8138311198093392,0.4157417046973263,0.9988711645766837
Itga7,23.84600562177131,-0.008623101398421894,0.4198176100434018,-0.02054011359249655,0.9836125127987891,0.9990082607840204
Itga8,3.8163265905081825,0.13293955610721472,1.140569915078608,0.11655537670222743,0.9072124008487831,0.9988711645766837
Itga9,18.903374631446706,0.38725944773150467,0.7015536919913223,0.552002579634767,0.580946585880507,0.9988711645766837
Itgae,1.5906101328519815,0.12512030242664116,1.5713369404639173,0.07962665371419383,0.9365341959212377,0.9988711645766837
Itgal,1.6067298461915858,1.2652228354205668,1.567006821933213,0.8074137379055338,0.41942815467488936,0.9988711645766837
Itgam,27.99177750565357,-0.18905982161873766,0.3867903845143944,-0.4887914208521432,0.6249893724153703,0.9988711645766837
Itgav,485.24187691821606,-0.153970029946764,0.19697851340643263,-0.7816590108438491,0.4344149966910683,0.9988711645766837
Itgax,0.503593910251707,1.1445313061847249,2.9030240441770605,0.39425484900149105,0.6933928944779761,0.9988711645766837
Itgb1,816.8805658772071,0.4491345620103448,0.22167431677146074,2.0261010321434236,0.042754432361465027,0.9988711645766837
Itgb2,9.260152917848167,1.3822368514828993,0.7160544708834693,1.930351541241678,0.05356329486349233,0.9988711645766837
Itgb3,18.97995774834035,-0.901075388299329,0.45887132261997876,-1.963677710680491,0.049567479048729095,0.9988711645766837
Itgb4,118.4981761013234,-0.9110991316825493,0.8338218248727673,-1.0926784410105523,0.2745350087218833,0.9988711645766837
Itgb5,176.30335347577474,0.288566732682405,0.19431590592803516,1.4850391752761383,0.13753344688798935,0.9988711645766837
Itgb6,0.5871527792279244,1.3965312172505884,3.2008726531593164,0.43629702539780457,0.6626212397803939,0.9988711645766837
Itgb7,1.4675772423734976,1.9890657921146124,1.767173708078974,1.1255632556217965,0.2603504284682835,0.9988711645766837
Itgb8,653.5269651493167,-0.1460007379714792,0.16958789188966578,-0.8609148704228694,0.38928493094991323,0.9988711645766837
Itih5,338.63215864680393,-0.19405849315389098,0.1789364177134824,-1.0845108873511844,0.2781383423491822,0.9988711645766837
Itk,1.9718722966351443,2.4874970175965663,1.6442521427937842,1.5128440175665554,0.13031928485877325,0.9988711645766837
Itln1,0.13691023446873854,1.2536647339164804,4.428644718705905,0.2830809002630525,0.7771148224071367,0.9988711645766837
Itpa,57.31190705488469,-0.03966306176074381,0.2708398492263935,-0.14644470477307672,0.8835703383856703,0.9988711645766837
Itpkb,226.3064143463696,0.16332489404324335,0.21967479220408,0.7434849142432006,0.4571881515535754,0.9988711645766837
Itpr1,545.0146810411205,0.17556111355599788,0.2089440887547949,0.8402301046287391,0.4007793821729033,0.9988711645766837
Itpr2,96.25491323137396,0.002157278792590699,0.284589194166794,0.007580325735510346,0.9939518330524629,0.9990082607840204
Itpr3,2.201383211693487,-0.7752220554045517,1.3943030417117217,-0.5559925154095965,0.5782159713666216,0.9988711645766837
Itsn1,503.0678458508731,0.10292428215663962,0.19776709023676955,0.5204317969861276,0.6027626528548558,0.9988711645766837
Itsn2,586.6232614527711,0.2771761842129804,0.23990692692321092,1.1553488170089334,0.24794761260076104,0.9988711645766837
Ivd,407.34843257777146,-0.10206900855951531,0.16564906249804764,-0.6161761921273675,0.5377782397559022,0.9988711645766837
Izumo1r,0.0,,,,,
Jade1,133.40434732016544,0.0011251855160987908,0.20478065356736325,0.005494588949188295,0.9956159743688223,0.9990082607840204
Jade2,369.3360562381444,0.34847161294860285,0.24757985021454892,1.407512011363698,0.15927561808809254,0.9988711645766837
Jade3,30.902450484882863,0.12362907334069723,0.4695656732457526,0.26328388207371056,0.7923317818167303,0.9988711645766837
Jag1,69.43712959312909,0.5185802318161614,0.3514032599282155,1.4757410956349601,0.1400134091712099,0.9988711645766837
Jag2,66.5678763994001,-0.05043377509632535,0.3316393464348362,-0.1520741601938812,0.8791284443210686,0.9988711645766837
Jak1,393.19391035544237,0.023922910093466334,0.15292753823860428,0.1564329771407211,0.8756917451380756,0.9988711645766837
Jak2,452.8718677869536,-0.1461774618431534,0.2110805627696584,-0.6925197655582788,0.4886109776183877,0.9988711645766837
Jak3,13.795192772645157,-0.008713860497203858,0.512812051204895,-0.016992308345191793,0.9864427519387843,0.9990082607840204
Jam2,259.1372874513574,-0.08995438649571687,0.15699744100107027,-0.5729672147656448,0.5666668926349334,0.9988711645766837
Jam3,510.51172525716356,-0.03674463846459357,0.18265256289369702,-0.20117231251761183,0.8405638403165239,0.9988711645766837
Jaml,5.95901426879767,0.3146228461738082,0.9152917848796286,0.34374048950432207,0.7310414583257123,0.9988711645766837
Jarid2,150.4979985930506,-0.2951936504623825,0.19443909149370334,-1.5181805684992205,0.12896888467290968,0.9988711645766837
Jazf1,17.585501823664586,0.00844703485228175,0.47849009936541514,0.017653520654835716,0.9859152600068297,0.9990082607840204
Jchain,2.4899547949342917,-1.3327002550804898,1.223315393380289,-1.0894167295630495,0.2759701572626567,0.9988711645766837
Jmjd6,521.5278268998669,0.04811260747716769,0.14072637328826293,0.34188763877694883,0.7324354525465945,0.9988711645766837
Jph2,1.146515508536789,-0.6812897789261785,1.8845990406490574,-0.3615038340948862,0.717722839317068,0.9988711645766837
Jpt1,113.67917498036034,0.33698444881356887,0.27067503135894844,1.2449779616601797,0.21313985128392143,0.9988711645766837
Jun,1971.8530875989675,0.3232879865305923,0.12377427281518248,2.6119158624613386,0.009003640960542628,0.5403271861927048
Jup,836.5567134543544,-0.0047111110017037565,0.23982276327398933,-0.01964413610029784,0.9843272550997741,0.9990082607840204
Kansl2,568.998704467919,0.13531359406349974,0.1719352328468396,0.7870032908498602,0.4312799397294529,0.9988711645766837
Kat14,289.2595226275692,0.07373073173432958,0.17256068431857316,0.42727421964907997,0.6691796079676527,0.9988711645766837
Kat2a,602.7473404841634,0.16467359929399633,0.1830806101190457,0.8994595287120768,0.3684079435196327,0.9988711645766837
Kat2b,280.29459532620314,-0.027032123727332814,0.23905293301512437,-0.11308007555641474,0.9099670710646,0.9988711645766837
Kat5,426.72908396112365,0.14474107743349365,0.17506525854267765,0.826783558533451,0.4083597506147757,0.9988711645766837
Kat6a,233.73836271198024,-0.14533312577532406,0.213624811250739,-0.6803195046699956,0.4963021770607917,0.9988711645766837
Kat6b,57.58618895465457,-0.13499153127332802,0.26809386519882206,-0.5035233878746777,0.6145963412044015,0.9988711645766837
Kat8,152.78117773066322,0.2004073980631165,0.21875453501588105,0.9161291126996175,0.3595991799428443,0.9988711645766837
Katna1,81.46044979244869,0.010761300028949376,0.25867105795298173,0.04160225776362442,0.9668157733666793,0.9990082607840204
Katnal2,12.348291410295325,0.6611191606677295,0.7120018164579323,0.9285357781201544,0.3531297177493312,0.9988711645766837
Kcna10,0.8474477051361934,2.126689562245592,2.2685898945589966,0.9374499848325432,0.3485271395530155,0.9988711645766837
Kcna4,127.83400151210627,-0.1921096020533541,0.2505610308234394,-0.7667177989410741,0.4432493187747991,0.9988711645766837
Kcnab2,832.5120346960048,-0.08418212455640854,0.14307444436913538,-0.5883798810304426,0.5562773388425566,0.9988711645766837
Kcnab3,151.96043727753587,-0.5163717037118637,0.26384378088161786,-1.9571115225321563,0.05033435801013021,0.9988711645766837
Kcnc1,357.5105277943241,-0.3971422491143039,0.19998472251466065,-1.985862940531319,0.04704854469293402,0.9988711645766837
Kcnc2,707.3265744312293,-0.12237330615396923,0.13945007945728474,-0.8775420324622595,0.38019229902758933,0.9988711645766837
Kcnc4,63.036049076429926,0.30593071614178347,0.503658031911204,0.6074175268899905,0.5435738598255045,0.9988711645766837
Kcnf1,114.95311477659838,0.06080335561343093,0.25413250135758364,0.23925847850478602,0.8109051598106126,0.9988711645766837
Kcng1,2.6764487738375595,0.7274266762828826,1.2329315933653253,0.589997596133739,0.5551922611234736,0.9988711645766837
Kcng2,8.964317588595028,0.08411691921855795,0.7008500989122141,0.1200212703816628,0.9044662984257894,0.9988711645766837
Kcnh1,9.416833561967358,0.9215859258193198,0.7152398674275169,1.2884991004961202,0.19757228176716413,0.9988711645766837
Kcnh2,73.71827688959677,0.3038618640383958,0.33604795183903396,0.9042217409018604,0.3658778341986253,0.9988711645766837
Kcnh5,119.97366722207806,0.0885079570938647,0.2082664598943635,0.424974607715316,0.6708551854028573,0.9988711645766837
Kcnh8,16.72911164223729,0.6593719894995144,0.5278761202026477,1.2491036519067888,0.21162716511164115,0.9988711645766837
Kcnip3,608.8861597296533,0.1974144871561214,0.21869353691073362,0.9026992289978011,0.3666855457662139,0.9988711645766837
Kcnj10,2361.572300636581,-0.047512964336180144,0.13721058030456412,-0.34627770125828766,0.7291340250253372,0.9988711645766837
Kcnj11,61.654400782876344,-0.13603906334325216,0.26960464137721396,-0.5045872454136084,0.6138487700429388,0.9988711645766837
Kcnj2,106.23345116814396,0.4130759327138004,0.35482635287044983,1.1641636236207573,0.2443577088340848,0.9988711645766837
Kcnj3,194.620102927568,-0.20121748636972975,0.21341836880371584,-0.9428311513091573,0.3457672751994767,0.9988711645766837
Kcnj5,7.31264342529224,0.444351840087325,0.8586891899184792,0.5174769233201947,0.6048232740015382,0.9988711645766837
Kcnj6,19.08423856337639,0.3484682994490088,0.4665424578422525,0.7469165851714037,0.455113913995814,0.9988711645766837
Kcnj8,5.802882613385905,-0.23913075534738445,0.9053295915362707,-0.2641366830190528,0.7916745983527501,0.9988711645766837
Kcnj9,85.78909920322853,-0.15728921204906895,0.28266995328483907,-0.5564412142898426,0.5779092707570556,0.9988711645766837
Kcnk10,15.763538378926581,0.09559485055628546,0.5386068211264059,0.17748540643500366,0.8591271272360441,0.9988711645766837
Kcnk18,0.7210336908272459,0.3951100971416089,2.5634462658274937,0.15413238904544205,0.8775053506513348,0.9988711645766837
Kcnk2,27.559920522333744,0.016576898693023347,0.41200478175961636,0.0402347240297204,0.9679059942614116,0.9990082607840204
Kcnk5,3.458894165209559,-0.546244030643407,1.0449798984699823,-0.5227316156446603,0.6011610338039057,0.9988711645766837
Kcnma1,307.804743031865,0.13472964260744993,0.23948546011997804,0.5625796344377346,0.5737211630298651,0.9988711645766837
Kcnmb2,6.599482226197885,1.0900997376117216,0.7838987305675006,1.390612964537585,0.1643428228466376,0.9988711645766837
Kcnn2,211.64099612233136,-0.02096644481299956,0.27086992959113576,-0.07740410626106535,0.9383020742614879,0.9988711645766837
Kcnn4,0.9550283373014098,1.0238239496727684,2.1289252784986292,0.4809111714784064,0.6305796325861743,0.9988711645766837
Kcnq1,1.8662715075633909,-0.8953194749919742,1.4595352383196094,-0.6134277895357788,0.5395935158511393,0.9988711645766837
Kcnq3,350.85763049345906,-0.2700507281843949,0.15613508154444455,-1.729596740931818,0.08370234874394421,0.9988711645766837
Kcns2,117.71993853516386,0.4033130750872222,0.3322765041692597,1.2137875234228925,0.22482887188990652,0.9988711645766837
Kcns3,4.2768733307227,0.5061484433533928,1.0326917094199788,0.49012540600105714,0.6240451611724419,0.9988711645766837
Kcnt2,122.68345714763764,0.10717102161940481,0.23150675435828028,0.46292827142981213,0.6434157821001174,0.9988711645766837
Kctd15,45.344392436672074,0.8592947622144319,0.3613421448235927,2.3780640440763965,0.017403802881781404,0.6749707427717238
Kdf1,0.6950330918276629,-1.2751308494556954,2.658076713537825,-0.4797193560898144,0.6314269625494326,0.9988711645766837
Kdm1a,205.48634853425105,-0.04672649769115446,0.16924227492029872,-0.27609235170798413,0.782477134911886,0.9988711645766837
Kdm1b,99.90209367765108,0.10906849452009121,0.23584510658273763,0.46245816205573265,0.6437527984725798,0.9988711645766837
Kdm2a,372.9460297107585,-0.015679311924612103,0.15084616725637826,-0.10394239515521489,0.917215062832798,0.9988711645766837
Kdm2b,27.23274113226609,-0.25432603476416893,0.3892374307976768,-0.6533956260141024,0.5135012579215774,0.9988711645766837
Kdm4a,456.636896674127,-0.14251962981898222,0.2073594500706297,-0.6873071363298753,0.4918892027188623,0.9988711645766837
Kdm4b,252.04762171530604,0.074028618069307,0.17019208277774495,0.4349709860827163,0.6635834874922097,0.9988711645766837
Kdm4c,301.65234750824237,-0.042751929971908166,0.2011927983937155,-0.21249234720741164,0.8317229475133712,0.9988711645766837
Kdm5a,346.19771572313374,0.027249483881439725,0.15855095396984295,0.1718657832019269,0.8635430473171348,0.9988711645766837
Kdm5b,590.3006626787605,-0.07486376792678813,0.19980694675848573,-0.374680506065081,0.7078980917795057,0.9988711645766837
Kdm5c,363.75331599276956,0.08316717659648681,0.229108556166396,0.36300336394283117,0.7166023714290477,0.9988711645766837
Kdm6a,348.1039144455751,-0.06026975656678471,0.2619632213771075,-0.23006953514296488,0.8180377373666531,0.9988711645766837
Kdm6b,103.01468527438585,0.05559156730733985,0.2144540068314663,0.25922372880180217,0.7954626237496762,0.9988711645766837
Kdm7a,238.84330371158094,0.2372472241391466,0.19153645903690186,1.238653075931815,0.21547400321713894,0.9988711645766837
Kdm8,55.62466196326213,-0.023104115404462715,0.2732857308575757,-0.08454197492112586,0.9326255311147281,0.9988711645766837
Kdr,1327.3320232504384,-2.774085446618376,1.1841627523421456,-2.342655552314524,0.019147050650916434,0.7043580471068744
Keap1,160.46295632522444,0.07511379418352906,0.18797737505890125,0.39958954719945816,0.6894588566103166,0.9988711645766837
Khdrbs1,1310.569465197639,0.05525937246328143,0.11487709796797571,0.4810303658496499,0.6304949171577237,0.9988711645766837
Khdrbs2,59.071192983038166,0.2928144842557667,0.4077921210911882,0.7180484102347068,0.47272743813883344,0.9988711645766837
Khsrp,444.72665669042163,0.09050064372176081,0.13297587445583925,0.6805794215838431,0.4961376516670194,0.9988711645766837
Kif19a,75.51153238297258,-0.23959558654263385,0.3258111277867753,-0.7353818396879171,0.46210697867569983,0.9988711645766837
Kif1b,3848.3178208141776,-0.1640921359037524,0.16540097533502776,-0.9920868699315452,0.3211551509689837,0.9988711645766837
Kif1c,625.313793503024,-0.02376021746589023,0.16089311487502717,-0.14767703070666416,0.8825976596955918,0.9988711645766837
Kif20a,2.4278899400390213,-0.07940341043453367,1.3745259284142326,-0.05776785202308991,0.953933545767747,0.9990082607840204
Kif20b,6.359408710201881,0.24586428353543918,0.7821126905458357,0.3143591537478451,0.7532482753516163,0.9988711645766837
Kif21b,511.3057078403781,-0.14028641275810547,0.15411827593912414,-0.9102516356562269,0.36268981835094427,0.9988711645766837
Kif24,6.424533987654837,0.31504855865083065,0.7453626766660217,0.4226782055415366,0.6725300589723584,0.9988711645766837
Kif2b,0.14621457233801252,-0.6699094182016454,4.4288527141152105,-0.15126026116573596,0.8797704155341528,0.9988711645766837
Kif2c,0.42933937914476356,-0.5714040987738639,3.4937680995013802,-0.16354952088989905,0.8700857859629947,0.9988711645766837
Kif3a,184.9533546355716,-0.0974998691026,0.20241574897473322,-0.48168124069619966,0.6300324043241456,0.9988711645766837
Kif3b,208.53295257427536,-0.12859731382560183,0.18124100320419367,-0.7095376407772294,0.4779909017007795,0.9988711645766837
Kif4,4.854162023303094,0.8265509636292488,0.9734505208026292,0.8490939662220749,0.39582900758686856,0.9988711645766837
Kif5a,2646.787019624147,-0.04346924175602313,0.19257532901653826,-0.2257259119224458,0.8214146033622527,0.9988711645766837
Kif5b,2148.8619129773033,0.04955966085302194,0.14190908780086384,0.3492352859216974,0.7269126775543056,0.9988711645766837
Kif5c,1661.9149609119183,-0.04024507119881113,0.1807912162254949,-0.22260523513827563,0.8238427616314816,0.9988711645766837
Kifap3,364.2892359253656,-0.08191763383779481,0.19906581235396978,-0.41151030842067743,0.6806983840508136,0.9988711645766837
Kirrel,4.574979096387942,-0.19338421820810348,0.9106999836919157,-0.212346790019845,0.8318364944921277,0.9988711645766837
Kiss1,0.0,,,,,
Kiss1r,12.147923235861752,0.7685525554977948,0.657100846003204,1.1696112707394801,0.24215743960123293,0.9988711645766837
Kit,109.05973190135889,-1.181017538432037,0.9584434399159821,-1.2322245520670119,0.21786521429304395,0.9988711645766837
Kitl,286.5888423851352,-0.34743170248330885,0.18365277420699777,-1.891785757027081,0.05851953175137971,0.9988711645766837
Kl,3.8273622042800426,1.7501714054411013,1.0334857215881434,1.693464523875218,0.09036708206626112,0.9988711645766837
Klb,0.3531581327537605,0.2918814668318446,3.771616171528236,0.07738896365840324,0.9383141201774131,0.9988711645766837
Klc1,2317.7061409835455,-0.03975503986412171,0.1542536806925329,-0.25772506487779495,0.7966191004398204,0.9988711645766837
Klc2,774.7723519564651,-0.04207243827563094,0.1696696335388987,-0.24796681290636108,0.8041600844743397,0.9988711645766837
Klc3,23.188843086289282,0.011764690992149126,0.5331486142713125,0.02206643828237022,0.9823949583245849,0.9990082607840204
Klf1,2.3734375994916164,1.1139623974085948,1.3089222338817281,0.8510531554690136,0.39473982574379385,0.9988711645766837
Klf10,6.943421871016973,0.41798031576880257,0.7481634770855916,0.5586751138895606,0.5763834664147416,0.9988711645766837
Klf11,44.88969935016104,0.36227202324890295,0.30260960774243917,1.1971596868703667,0.23124431938409207,0.9988711645766837
Klf12,137.20996152211941,0.2630306296358529,0.30742088438431153,0.8556042968994724,0.39221669239727286,0.9988711645766837
Klf15,176.83251707876738,0.4000466118456403,0.3287543823091138,1.2168556021543568,0.223659160399184,0.9988711645766837
Klf17,0.6255763136713578,-1.1064295000453483,2.7065393861590663,-0.4087985956175264,0.6826874706165778,0.9988711645766837
Klf4,25.160966437545216,1.5075975264044417,0.5772898733591191,2.611508699489345,0.009014369438487506,0.5403271861927048
Klf5,20.93077786782987,0.3496099389997183,0.6080603375293336,0.5749592884486611,0.5653188309425243,0.9988711645766837
Klhl18,103.32675862560494,0.006237984038558086,0.21446065643949222,0.029086845774521194,0.9767953269115657,0.9990082607840204
Klhl21,100.93133500569083,0.07457507833827569,0.25950185896841516,0.287377819314013,0.7738230428647075,0.9988711645766837
Klhl22,107.47921523424792,0.05630301424363922,0.21093188603527402,0.26692509748964033,0.7895268325000717,0.9988711645766837
Klhl3,129.00895882135066,-0.2868123266479754,0.20826856714709072,-1.3771272860652695,0.16847289793543108,0.9988711645766837
Klhl36,55.84077260727611,0.1722286034454094,0.27163639082703445,0.6340409800065289,0.5260540783321652,0.9988711645766837
Klhl41,1.5372730680352806,1.3892410065528054,1.7257798465177492,0.8049931799562925,0.4208236153927354,0.9988711645766837
Klk1b4,0.13691023446873854,1.2536647339164804,4.428644718705905,0.2830809002630525,0.7771148224071367,0.9988711645766837
Klk5,0.22046910344495593,1.2536647339164806,4.428644718705905,0.28308090026305255,0.7771148224071367,0.9988711645766837
Klk6,13.408502959990075,-0.08988802369276874,1.8481268527003631,-0.04863736683519867,0.9612082907622802,0.9990082607840204
Klk8,12.853025988541651,-0.6210318605786117,0.5722026388618493,-1.0853355409438292,0.27777307013330865,0.9988711645766837
Klra8,1.2258531723530726,-1.3295810428537478,1.7638726144775974,-0.7537851837716337,0.4509782220197064,0.9988711645766837
Klrb1,0.3573793379136945,2.105959986671047,3.882576521232137,0.5424130020759307,0.5875340246416054,0.9988711645766837
Klrb1c,0.3531581327537605,0.2918814668318446,3.771616171528236,0.07738896365840324,0.9383141201774131,0.9988711645766837
Klrc1,1.631538562900652,2.1745008132402606,1.6418330291773042,1.324434808288555,0.18535868069666495,0.9988711645766837
Klrd1,0.17093747953695118,-0.6699094182016454,4.4288527141152105,-0.15126026116573596,0.8797704155341528,0.9988711645766837
Klrg1,0.5778484413586503,2.7836369692499847,3.3945083226875488,0.8200412856982138,0.4121925717198698,0.9988711645766837
Klrk1,0.827774241662992,3.30311358397631,3.603891371589273,0.916540828620946,0.3593833032545404,0.9988711645766837
Kmt2a,266.62288923829584,0.005690400941151179,0.18556254426650964,0.030665676436180355,0.9755361645171421,0.9990082607840204
Kmt2b,235.4138825348471,0.004847934925214675,0.15845525116738945,0.030594978011131976,0.9755925472431303,0.9990082607840204
Kmt2c,280.10074782400415,0.0004295810773891925,0.15093402329525038,0.002846151371376785,0.9977291028290007,0.9990082607840204
Kmt2d,253.26422497320382,-0.02901448483539043,0.17088020504774,-0.16979430020747252,0.8651719096167372,0.9988711645766837
Kmt2e,801.8123843729082,0.07633981133195573,0.1556396811696721,0.4904906689492196,0.6237867310966638,0.9988711645766837
Kmt5b,471.1193788500146,-0.04922220224745821,0.1505485028060249,-0.32695245273132245,0.7437038476969331,0.9988711645766837
Kmt5c,65.49884846072133,-0.18943188520017087,0.2722093798560061,-0.6959050613919953,0.4864882873886799,0.9988711645766837
Kndc1,866.3822345734111,-0.24694247616239792,0.14865768118677125,-1.661148446491259,0.09668363654657938,0.9988711645766837
Knl1,2.0918237437176868,-1.4849908507031304,1.4379222352641539,-1.032733769799679,0.30172850543520446,0.9988711645766837
Knstrn,19.755039486285693,0.2551501860847714,0.44845683621492516,0.5689514920505959,0.5693890595900466,0.9988711645766837
Kpna2,84.2136906591504,0.20060196869248226,0.2589359108304683,0.7747166781506073,0.4385070936215605,0.9988711645766837
Kpnb1,1713.479581739293,0.02739903834116037,0.11182694687381341,0.24501284446295138,0.8064464859861924,0.9988711645766837
Kras,348.92788824710607,-0.02442658985281855,0.1808490361133321,-0.1350661876766167,0.8925595434860812,0.9988711645766837
Kremen1,11.37639575746317,0.518481236403393,0.5823777012769814,0.8902834625476175,0.37331369869765096,0.9988711645766837
Kremen2,1.5658014161429152,-0.6278417840377306,1.6173712066891683,-0.38818657179074617,0.6978779697131694,0.9988711645766837
Krit1,203.69464775160395,0.0010339189676151022,0.18820337509567456,0.005493626068552181,0.9956167426248207,0.9990082607840204
Krt2,0.29242914467602504,-1.530833738821465,4.329334067330293,-0.3535956604442544,0.7236419269900363,0.9988711645766837
Krt20,1.3708421734169651,0.3260552715871274,1.5587388846246566,0.20917889121989877,0.8343085902831744,0.9988711645766837
Krt28,6.493715596285633,-0.49691345358287753,0.8509429447316624,-0.5839562530712032,0.5592497449898022,0.9988711645766837
Krt40,0.3171520518749637,-1.6299156053852275,4.032308140551388,-0.4042140502591523,0.6860553226533403,0.9988711645766837
Krt71,0.22046910344495593,1.2536647339164806,4.428644718705905,0.28308090026305255,0.7771148224071367,0.9988711645766837
Krt76,0.0,,,,,
Krt78,0.2738204689374771,1.843128458385611,4.35413451047909,0.4233053558519508,0.6720724871541612,0.9988711645766837
Krt79,0.3914065829819071,0.2918819116878126,3.6587476789220057,0.07977645284733358,0.9364150525269253,0.9988711645766837
Krt82,0.13691023446873854,1.2536647339164804,4.428644718705905,0.2830809002630525,0.7771148224071367,0.9988711645766837
Ksr2,67.5957390016856,0.29683557736722865,0.33054751437508006,0.8980118272207073,0.36917924407305913,0.9988711645766837
Kyat1,96.26199268131477,0.2172668080206402,0.25829781940953866,0.8411484406539157,0.40026478069354055,0.9988711645766837
L1cam,283.7863400154866,0.046781468664328515,0.2393526745532899,0.19544995163157455,0.8450407148161609,0.9988711645766837
L3hypdh,5.323992222025354,0.4541470581329387,0.8059585258964679,0.5634868836802623,0.5731033890824198,0.9988711645766837
L3mbtl2,128.97137386427173,0.1095437155410672,0.20094873558076704,0.545132644027205,0.5856622926052549,0.9988711645766837
Lacc1,8.582156518342183,-0.6861570023735322,0.7460692049476993,-0.9196961861220809,0.35773154622530545,0.9988711645766837
Lag3,17.15750556578868,0.7699136979013885,0.5469937978336146,1.4075364308528817,0.15926838238176788,0.9988711645766837
Lama1,3.1225711904811635,0.7724174514515612,1.1937848587307163,0.6470323742192784,0.5176109910153843,0.9988711645766837
Lama2,120.27155882085589,-0.6652740440956674,0.262555220764766,-2.5338442791496183,0.011281885462705568,0.602865825384146
Lama3,2.857691415688247,0.1993260340548588,1.2349282000768338,0.16140698223788016,0.8717728677480348,0.9988711645766837
Lama4,5.526418362041678,-0.1465032759835862,0.9592431885462998,-0.15272798153053024,0.8786127935607017,0.9988711645766837
Lama5,23.23514673341968,0.017298307142784148,0.4376253531243771,0.03952766223274046,0.9684696994734571,0.9990082607840204
Lamb1,15.255520494272181,-0.5178973294509979,0.556006782348564,-0.9314586546290092,0.3516163621671118,0.9988711645766837
Lamb2,56.68075472359114,-0.0912158482981712,0.3096569872821429,-0.2945706121433655,0.7683219146241399,0.9988711645766837
Lamb3,0.7117630419415747,-1.5513734539964057,2.627982792030103,-0.5903286196170172,0.554970355601021,0.9988711645766837
Lamc1,596.8548684186959,0.012020705160452887,0.15367623963280364,0.07822097410227725,0.9376522782112895,0.9988711645766837
Lamp1,3146.0584899812825,-0.07309854462672569,0.1250349900645308,-0.584624708563574,0.5588000899241434,0.9988711645766837
Lamp2,1057.825699281568,0.18920817897727701,0.212469627755338,0.8905187107267543,0.3731874261512391,0.9988711645766837
Lamp3,0.9897567263795622,0.9301425172093905,2.3408187321952285,0.3973577724820662,0.6911036502845239,0.9988711645766837
Lamp5,3.58856980485524,1.257575725245974,1.063866118222219,1.1820808123370399,0.23717363703065142,0.9988711645766837
Lamtor1,313.0941668169216,-0.1902246000309711,0.15466118584446764,-1.2299440159618793,0.2187180699627741,0.9988711645766837
Lamtor2,596.5166042278316,0.006821387355496824,0.1424087330689804,0.04790006348973457,0.9617958887929211,0.9990082607840204
Lamtor3,73.00002400576672,0.10912958532132896,0.2749958839479217,0.3968407954134898,0.6914848651761182,0.9988711645766837
Lamtor4,400.82932520044454,-0.0629150647975852,0.13876952394622916,-0.4533781121996478,0.6502764945972269,0.9988711645766837
Lamtor5,92.34940315880078,0.14094143486680785,0.2722808042765459,0.5176326522220005,0.6047145955154991,0.9988711645766837
Lancl2,197.94153472550502,-0.14940595796903341,0.17202091233812988,-0.8685336912721182,0.3851022366433241,0.9988711645766837
Laptm4b,1163.2829008138706,-0.1374208760164733,0.1527311171603221,-0.899756896770567,0.36824963721326454,0.9988711645766837
Large1,99.07144145782168,0.045209980626796153,0.22301012751999977,0.20272613234904174,0.8393490966101655,0.9988711645766837
Large2,0.6857287539583888,0.0855116563910114,2.5925463366510626,0.032983655945556446,0.9736876212160498,0.9990082607840204
Lasp1,86.1961758116005,0.02083455873210196,0.2458621162164467,0.08474082568198546,0.9324674384794669,0.9988711645766837
Lat,6.226193621098422,-0.0471380439605371,0.7774289336841695,-0.060633251372770404,0.9516512914660508,0.9990082607840204
Lats1,341.3413428265319,0.023028431577289794,0.1493353982622641,0.15420611486130748,0.8774472209008706,0.9988711645766837
Lats2,254.71150888103173,-0.026493482880816314,0.17478674813986816,-0.15157603858855279,0.8795213334437474,0.9988711645766837
Lbh,826.2161801107304,0.018687904058193743,0.17574992474231824,0.10633235880808287,0.9153186585018955,0.9988711645766837
Lbr,115.2467834252754,0.051756166285559964,0.24342861877761854,0.21261331779909257,0.831628582841395,0.9988711645766837
Lbx1,0.4540622863437022,-0.6597733345497565,2.9893343979330718,-0.22070911002996066,0.8253189376028802,0.9988711645766837
Lck,5.326624212186455,1.1073712055959684,0.8699673148306528,1.2728882875462146,0.2030576860094282,0.9988711645766837
Lcp2,9.741032314828022,0.8473501070143824,0.7770081291421755,1.0905292689149406,0.2754800675441099,0.9988711645766837
Ldah,438.6728030505465,-0.286204079433753,0.1961901301412968,-1.458809774108554,0.14461747168248099,0.9988711645766837
Ldb1,589.3517757644009,-0.11847503329491516,0.13364258710025434,-0.8865065834593505,0.37534460814067594,0.9988711645766837
Ldb2,44.084441172650365,0.5068391013010142,0.4252297318292382,1.1919183052434075,0.2332932798245918,0.9988711645766837
Ldha,500.9778909518057,0.44440400899607424,0.1687415617795424,2.633636931585827,0.008447576516059818,0.5357228229488131
Ldhb,3131.7600136077695,-0.19678876774281392,0.1530656677603681,-1.28564929433357,0.1985654848251116,0.9988711645766837
Ldlr,56.04078533021422,-0.18202095536291804,0.5162799606569328,-0.3525625033582712,0.7244164525914292,0.9988711645766837
Ldlrad4,122.51749639189258,-0.4453981796754869,0.32837091899949156,-1.3563874079731664,0.17497593758584284,0.9988711645766837
Lect2,1.0919385717701482,1.3344097863151152,1.8690185401363724,0.7139628407419385,0.4752501574459753,0.9988711645766837
Lef1,183.98760860486058,-0.3077241877941328,0.24287057430099201,-1.2670295225339527,0.2051447338399638,0.9988711645766837
Lefty1,47.87413334292744,-0.12261979941154662,0.31999547945076284,-0.383192286409827,0.7015771969014122,0.9988711645766837
Lefty2,0.2724181809175973,-1.4424797020843334,4.337121033308591,-0.33258922013156994,0.7394443816540731,0.9988711645766837
Leo1,149.49459954300895,0.05785574592986624,0.1978131485749574,0.292476745588744,0.7699221372941343,0.9988711645766837
Lep,0.22046910344495593,1.2536647339164806,4.428644718705905,0.28308090026305255,0.7771148224071367,0.9988711645766837
Lepr,5.541743525799082,-0.2211071312207322,0.8083319596638853,-0.2735350601659637,0.7844419454373761,0.9988711645766837
Leprot,277.80901853331284,-0.1574559414745653,0.1963526039011949,-0.8019040152571519,0.4226084833025232,0.9988711645766837
Letmd1,204.029885453236,0.127825311912014,0.19420667914907008,0.6581921511252311,0.5104146676506869,0.9988711645766837
Lfng,81.63958684010476,-0.07174673453891589,0.2859700043592016,-0.2508890213842013,0.8018999126718466,0.9988711645766837
Lgals1,170.24634799256523,1.5991331584895057,0.7041243474267072,2.2710948205863035,0.02314123847740962,0.7822676763681103
Lgals9,24.822520210739082,0.32937407882629954,0.42599461106895964,0.773188369683345,0.4394109081570826,0.9988711645766837
Lgi3,1459.8933476001341,-0.44023670393754755,0.1668887654509842,-2.637904970702456,0.008341995489182656,0.5357228229488131
Lgr4,116.71466325333104,-0.16884541221308527,0.23259908887571826,-0.7259074531598975,0.46789550713201034,0.9988711645766837
Lgr5,10.673462539409377,-0.31479068446247727,0.6907037290300638,-0.45575356152272284,0.6485672012821542,0.9988711645766837
Lgr6,16.730347548484946,-0.7941890247838554,0.5101436394863954,-1.5567949167874218,0.1195191844666009,0.9988711645766837
Lhb,0.9415027942722017,1.0030077354664695,2.133019240917581,0.4702291082170436,0.6381913398644891,0.9988711645766837
Lhcgr,8.838223343669723,0.7456768969121758,0.7493130575458083,0.9951473411586581,0.3196646085905841,0.9988711645766837
Lhfpl5,15.779026794229148,0.6231758441261622,0.6821571467344009,0.9135370744254576,0.36096014405121657,0.9988711645766837
Lhx1,0.9043191317787088,2.293291326500586,2.4676837386050803,0.9293295127830791,0.35271834491549425,0.9988711645766837
Lhx2,26.92894699844501,0.5971233135260657,0.5356414991467722,1.1147816486908284,0.26494400233093796,0.9988711645766837
Lhx3,0.13691023446873854,1.2536647339164804,4.428644718705905,0.2830809002630525,0.7771148224071367,0.9988711645766837
Lhx4,0.3171520518749637,-1.6299156053852275,4.032308140551388,-0.4042140502591523,0.6860553226533403,0.9988711645766837
Lhx5,0.13691023446873854,1.2536647339164804,4.428644718705905,0.2830809002630525,0.7771148224071367,0.9988711645766837
Lhx6,0.5643228983294425,2.752457264414417,3.051274670678445,0.9020680081227868,0.3670207420854281,0.9988711645766837
Lhx8,1.272881533186313,0.6942821148870375,1.7443619727599533,0.3980149336714414,0.690619177748562,0.9988711645766837
Lhx9,106.59057974879124,0.6908450178370028,0.4518987245165935,1.5287607164105534,0.12632377424039076,0.9988711645766837
Lif,2.7538219025190798,0.46833142961751917,1.1428958928810469,0.40977610693563266,0.6819701948225058,0.9988711645766837
Lifr,622.3656263401813,-0.1067097160298889,0.17429388300011522,-0.6122401669702795,0.5403788698827856,0.9988711645766837
Lig4,67.79274876630308,-0.10055783259259418,0.25902297819938047,-0.38821973745970423,0.697853428028765,0.9988711645766837
Lilra5,0.502892766241767,-0.5388364958218269,2.9050071951809917,-0.18548542554926636,0.8528483106477917,0.9988711645766837
Lima1,230.70441991030762,-0.1417795859117872,0.21964937789958014,-0.6454813906944291,0.5186152740331849,0.9988711645766837
Limd1,154.59902080677367,-0.07180026713886205,0.18529156380715753,-0.38749884594631784,0.6983869391268703,0.9988711645766837
Limk1,226.9338239266908,-0.07648440242918102,0.24654850829732688,-0.3102205036947298,0.7563932794561461,0.9988711645766837
Limk2,331.0749405473618,-0.06739267922450302,0.22041626444054518,-0.305751843656172,0.7597935967489423,0.9988711645766837
Lin28a,1.396505272131322,0.6218546673946092,2.0346417759172972,0.3056334902561668,0.759883718334337,0.9988711645766837
Lin28b,19.33615951473289,-0.2688397313569109,0.4960942797135653,-0.5419125806331277,0.5878787296567857,0.9988711645766837
Lin7c,321.19398840568977,0.1987321535335273,0.15415004984277,1.2892123858294575,0.19732426022017802,0.9988711645766837
Lingo1,632.7778025376839,-0.2350749732991845,0.17664322851899653,-1.3307896106184682,0.1832582474306126,0.9988711645766837
Lipe,163.24461439359993,-0.24384660008973782,0.26934770924847345,-0.9053227175018933,0.36529444465859384,0.9988711645766837
Lipg,2.0680410280341657,-1.1169499966233594,1.4321848082175503,-0.7798923645988666,0.4354542331108078,0.9988711645766837
Lipm,0.206943560415748,1.2536647339164804,4.428644718705905,0.2830809002630525,0.7771148224071367,0.9988711645766837
Litaf,1001.1282568704924,-0.29708389116314876,0.19214632680250895,-1.5461335957178943,0.12207230661100996,0.9988711645766837
Llgl2,10.036717553862422,-0.2744013690436676,0.7882033555472256,-0.34813524595205386,0.7277386155375547,0.9988711645766837
Lmna,178.06970124183522,0.640995233053689,0.21159361845021507,3.0293694004032825,0.0024506483366848065,0.3255935378377545
Lmnb1,75.55320281030639,0.171791866755483,0.2543032399842318,0.675539433811913,0.4993331065072405,0.9988711645766837
Lmnb2,61.61797627968386,-0.06313102831013143,0.2810043901926235,-0.22466207117567177,0.8222421731342336,0.9988711645766837
Lmo2,20.88205929580239,-0.26253971340788307,0.4240107629887868,-0.6191817197216432,0.5357966530448675,0.9988711645766837
Lmo4,437.0374414205069,0.5245196126023784,0.18708916403390705,2.8035809305733888,0.005053854669424512,0.42659047226830227
Lmx1a,0.502892766241767,-0.5388364958218269,2.9050071951809917,-0.18548542554926636,0.8528483106477917,0.9988711645766837
Lmx1b,0.8076218826728803,1.9902280232749034,2.9452332305932605,0.6757454732622348,0.49920225934511353,0.9988711645766837
Lnpk,347.6930671315325,0.0959329863391447,0.14976709597397478,0.6405478166967669,0.5218165127581387,0.9988711645766837
Lox,1.8829534680178792,-1.0599924640701541,1.509768348830587,-0.7020894727930855,0.4826233670207739,0.9988711645766837
Loxl1,1.0064008669833466,-0.8286159574429657,2.0910273008147744,-0.39627218502603634,0.6919042443995942,0.9988711645766837
Lpar1,402.12527117303125,-0.30697215232400576,0.1945775966439143,-1.5776335899850717,0.1146498109640416,0.9988711645766837
Lpar2,3.2889026405856003,4.261392866697707,1.74873539435956,2.4368425780381475,0.01481612785198696,0.6173886171589276
Lpar5,1.0450869276826675,3.6636671388980093,2.6291279336454294,1.3934913900588073,0.1634712468453816,0.9988711645766837
Lpar6,84.2558046792421,-0.22036278234851162,0.28933473345488836,-0.7616188340653179,0.4462875306465107,0.9988711645766837
Lpin1,228.2595449988761,0.3378690446262214,0.2707869955104255,1.2477299509503705,0.21212996901543435,0.9988711645766837
Lpin2,66.79043173707456,0.12887458845143926,0.31196228868765774,0.413109510747534,0.679526381594064,0.9988711645766837
Lpin3,2.8138497465868753,0.522183065301295,1.2011461855877918,0.4347373130488359,0.6637531111875923,0.9988711645766837
Lpl,17.032338859782193,1.2829462145524213,0.6541916543331489,1.9611167553951665,0.04986540459260745,0.9988711645766837
Lpp,25.319263590358833,-0.054336355508814715,0.387999047990701,-0.14004249698601573,0.8886264134714701,0.9988711645766837
Lratd2,34.49330230614751,0.2898031124720039,0.39567151125260663,0.7324336077534436,0.4639039521619057,0.9988711645766837
Lrig1,181.82234615154582,-0.31863632805202147,0.18040269531241807,-1.7662503739215922,0.07735385325919089,0.9988711645766837
Lrp1,1410.3088374998076,-0.20099480145090756,0.17458463171641037,-1.1512743102004361,0.24961940242761949,0.9988711645766837
Lrp12,200.0762050219873,0.0886183458461971,0.18053241563163697,0.49087221004684434,0.6235168333755488,0.9988711645766837
Lrp2,0.17093747953695118,-0.6699094182016454,4.4288527141152105,-0.15126026116573596,0.8797704155341528,0.9988711645766837
Lrp5,8.903420145505736,0.39235815617982245,0.6881954578806716,0.5701260473123534,0.5685922097474845,0.9988711645766837
Lrp6,312.2299531381646,0.1062483443593826,0.16519202140717462,0.6431808476844998,0.5201067592438118,0.9988711645766837
Lrp8,155.88369816142193,0.37352744890288236,0.19267360081105725,1.938654010360127,0.0525434821630025,0.9988711645766837
Lrpprc,348.1370578960006,0.1632989139868519,0.14360710373364594,1.137122814549127,0.25548694773494907,0.9988711645766837
Lrrc15,0.7271816112712394,-0.5351069293695357,2.25346821812341,-0.23745927502591962,0.8123005095572645,0.9988711645766837
Lrrc52,0.22046910344495593,1.2536647339164806,4.428644718705905,0.28308090026305255,0.7771148224071367,0.9988711645766837
Lrrc6,1.0536901215420016,1.3733005778676017,1.8799808061654697,0.7304864886725488,0.4650928688645176,0.9988711645766837
Lrrk1,5.091777848396078,-0.09590952443746806,0.8547730093472656,-0.11220467116844027,0.9106611255044181,0.9988711645766837
Lrrk2,34.97263552153918,0.1516796048501334,0.3450961186694767,0.4395285737635544,0.6602785824923966,0.9988711645766837
Lrrtm1,525.0889926309455,-0.17536983243674087,0.16821630198808685,-1.042525785932214,0.29716797678436657,0.9988711645766837
Lrrtm3,114.52282622186284,-0.09178536739786668,0.21606800662199227,-0.424798510583956,0.6709835635364662,0.9988711645766837
Lsm14a,505.1603508988466,-0.006984428701895611,0.14264569142074918,-0.04896347469265138,0.9609484039808522,0.9990082607840204
Lsr,7.568775110813621,0.5609193675746246,0.8650244792699888,0.6484433458438025,0.5166982426104368,0.9988711645766837
Lss,162.4679594331525,0.03387353021437435,0.18763970058994098,0.18052432458523252,0.8567409598266835,0.9988711645766837
Lta,0.5462386498550743,0.11629157192154112,3.1598124225420845,0.036803314998041556,0.9706418308546306,0.9990082607840204
Lta4h,227.18313844992824,-0.013872481411101076,0.1839040269601713,-0.07543326614650742,0.9398699920419009,0.9988711645766837
Ltb4r1,0.5643228983294425,2.752457264414417,3.051274670678445,0.9020680081227868,0.3670207420854281,0.9988711645766837
Ltbp1,8.732950550746546,1.3983426927455027,0.7129941440266586,1.961226055586256,0.049852658686232766,0.9988711645766837
Ltbr,30.396712652606354,0.5356849817247746,0.39192778312836174,1.3667951208994296,0.17168953254526753,0.9988711645766837
Luc7l3,495.338603859873,0.04230847496766487,0.1724702833796796,0.2453087809598256,0.8062173532142686,0.9988711645766837
Lum,2.520387004823172,0.21330246721247864,1.33297510478252,0.16001984316674825,0.8728654430507982,0.9988711645766837
Lurap1,20.831338247516026,-0.09221656852964714,0.4434503207649957,-0.20795242265371336,0.8352661164081712,0.9988711645766837
Luzp2,1827.5037049365262,-0.07396615628190244,0.17239221906044688,-0.4290573941505286,0.6678814572021166,0.9988711645766837
Lvrn,0.41933389726554965,-0.5364025948971828,3.042712615510623,-0.17629091625768425,0.8600653980508002,0.9988711645766837
Ly6g,0.3573793379136945,2.105959986671047,3.882576521232137,0.5424130020759307,0.5875340246416054,0.9988711645766837
Ly6g5b,0.7005319887882412,1.7856994100616659,2.4050642856604694,0.7424747108459449,0.45779976845005954,0.9988711645766837
Ly6g6d,2.287569939963704,-1.016991395276207,1.291037351028171,-0.7877319695408378,0.4308535014560809,0.9988711645766837
Ly6g6e,1.3466436934822064,-2.5386266771966937,2.228963011229294,-1.1389272340578755,0.2547335054443638,0.9988711645766837
Ly6h,96.45927135000028,0.23316912690436978,0.4360287491278774,0.5347563145107813,0.5928183748078266,0.9988711645766837
Ly6i,0.6502992208702963,-1.1670729356496832,2.6879293797645603,-0.43419032673838653,0.664150236947993,0.9988711645766837
Ly6k,1.369578782292142,1.002776699102025,1.8605007162716893,0.5389821623458001,0.589899162740685,0.9988711645766837
Ly6m,0.28242366279681114,-1.488372750394001,4.162759947789275,-0.3575446984840992,0.7206840699934347,0.9988711645766837
Ly75,6.215085531633851,-0.4546253756558036,0.788745812988706,-0.576390223782162,0.5643514508646466,0.9988711645766837
Ly86,30.30247501455989,0.2637668248487213,0.4489460588838053,0.5875245358084067,0.556851476898869,0.9988711645766837
Ly96,28.450763563453773,0.2515144846766888,0.41926310659734906,0.5998965344647834,0.5485751921641644,0.9988711645766837
Lyar,105.13205747083657,0.07464710341842394,0.27010995755789174,0.2763582064627331,0.7822729535623818,0.9988711645766837
Lyg1,0.5636217543195026,1.346150896857567,2.8382346280676947,0.47429161900333916,0.6352919672020887,0.9988711645766837
Lyn,19.83953592251272,0.28321252906151856,0.46238599296718935,0.6125023970646428,0.5402054125422716,0.9988711645766837
Lypd1,70.51054420980117,0.4019810408052118,0.43106568246706656,0.9325285151548178,0.35106345717116594,0.9988711645766837
Lypd6,63.55352272805737,-0.7231798826192947,0.32203511441980587,-2.2456553656336844,0.024726091207419677,0.7957540786550354
Lypd6b,10.844710575286113,-0.468265340841953,0.681617672126325,-0.686991197545079,0.4920882754283239,0.9988711645766837
Lyplal1,11.695748227969679,-0.12517296488047208,0.5861837485238571,-0.21353878403433366,0.8309067413598229,0.9988711645766837
Lyst,97.95150065372799,0.0017441291655384975,0.2295821075919539,0.007596973404558219,0.9939385505168167,0.9990082607840204
Lyve1,1.201445919219424,-0.8996226999023129,1.9266651762522775,-0.4669325583868426,0.6405481303056324,0.9988711645766837
Lyzl6,1.335412640328873,-0.24221706187398742,1.8440572071568544,-0.13135008010268556,0.8954983767338661,0.9988711645766837
Lztr1,564.4213741861737,-0.017082015240143123,0.13164408264916933,-0.12975908142917894,0.8967570374223782,0.9988711645766837
Mad1l1,116.82550852528844,-0.4533835847660798,0.2223233125071319,-2.039298441775132,0.04142025107460307,0.9988711645766837
Mad2l1,9.398839334719167,-0.018024426654904682,0.7207137196202728,-0.025009134923088924,0.9800476772735953,0.9990082607840204
Mad2l2,168.73955345581768,-0.18774168136845912,0.1928214761841936,-0.9736554510614679,0.33022764373829583,0.9988711645766837
Madcam1,0.206943560415748,1.2536647339164804,4.428644718705905,0.2830809002630525,0.7771148224071367,0.9988711645766837
Mael,12.471071858823137,-0.7445525026236437,0.5832841602438568,-1.2764833221467295,0.20178471868760073,0.9988711645766837
Maf,17.56116519801034,0.5440755141132558,0.6091951647908176,0.8931054374012929,0.3718007114202886,0.9988711645766837
Maf1,232.4275307814718,0.12084035213142508,0.21656740531022653,0.5579803293035939,0.5768578164690987,0.9988711645766837
Mafa,12.514207437759332,-0.4567616053144278,0.776969231748359,-0.5878760530666182,0.5566154910986287,0.9988711645766837
Mafb,12.641133593905733,0.5114848890621293,0.699614844128814,0.7310949636854103,0.4647211503280396,0.9988711645766837
Maff,24.53353970732044,2.1467012686453786,0.8152553883137054,2.6331641586395023,0.008459344995593891,0.5357228229488131
Mafk,22.103944244690293,0.6026142960380816,0.4367500460419778,1.3797692787882658,0.1676576944102558,0.9988711645766837
Mag,3038.8029324291347,-0.5519618902381623,0.20819294230302277,-2.6512036581662177,0.008020546239937674,0.5354662511703899
Mageb4,0.4800628853432851,1.1081524791737183,2.936189006084251,0.3774118344825384,0.7058675734198745,0.9988711645766837
Magoh,267.17968888806416,0.11394466423169004,0.19771825610889207,0.5762981450177052,0.5644136764766694,0.9988711645766837
Maip1,133.2729018327615,0.16525478763119072,0.20664454264857893,0.7997055499898882,0.4238814166203788,0.9988711645766837
Mal,10418.86029920499,-0.48026450855492375,0.2918245492216623,-1.6457303192478419,0.09981929390352584,0.9988711645766837
Malt1,24.920517048383513,0.48505734366335757,0.49316365138093465,0.9835626415392169,0.3253306012655959,0.9988711645766837
Maml1,108.56046702386492,0.1483691877096839,0.24811579754612115,0.5979836398047336,0.5498508494438029,0.9988711645766837
Man2b2,116.43745490461454,0.015870801274666575,0.23350056165122177,0.06796900685135261,0.9458103061594434,0.9990082607840204
Maoa,362.01809013820593,-0.2078414583639568,0.1848093152664044,-1.1246265268844882,0.260747327983739,0.9988711645766837
Maob,215.43046054214517,0.11969071761667656,0.28333181915491606,0.42244008446941783,0.6727038250095565,0.9988711645766837
Map1b,4370.513012381199,-0.010350280161953246,0.17815145717187547,-0.0580982065836688,0.9536704029209204,0.9990082607840204
Map1lc3a,667.6446786260826,-0.06854056146586224,0.1800970700498337,-0.38057566093050127,0.7035181443348677,0.9988711645766837
Map2,2709.145901434818,0.16300350684752604,0.2549601581007266,0.6393293291853411,0.5226087124895391,0.9988711645766837
Map2k1,596.906367935915,0.13890076945430652,0.14096301196981548,0.9853703288068891,0.32444219862216306,0.9988711645766837
Map2k2,286.66003383288756,-0.1723108361364404,0.15640568152092488,-1.1016916678527924,0.27059574054950164,0.9988711645766837
Map2k3,9.255825013723031,-0.09445482660955837,0.685974551977874,-0.1376943595607392,0.8904819773560393,0.9988711645766837
Map2k4,250.15250767719928,-0.0022957473981448377,0.16682842204818388,-0.013761128769064141,0.9890205543441982,0.9990082607840204
Map2k5,223.04412693212024,-0.11926146556991543,0.1811086116838842,-0.6585079774013187,0.5102117726626996,0.9988711645766837
Map3k1,26.55518033875907,0.1538306145181598,0.46153991655782084,0.3332986140514852,0.7389088854644528,0.9988711645766837
Map3k11,173.09220625805986,-0.17731445781482916,0.19481787404447912,-0.9101549777426801,0.36274078399186394,0.9988711645766837
Map3k14,28.230158152409093,-0.03015252827042229,0.46244663357318705,-0.06520217919512725,0.9480130260764101,0.9990082607840204
Map3k15,9.284030162221258,-0.25553608686890317,0.6359111871530008,-0.4018424145248147,0.6878000049486525,0.9988711645766837
Map3k5,83.10703362257574,-0.11215952859063097,0.23944443150980785,-0.46841568995116434,0.6394873499660041,0.9988711645766837
Map3k7,633.9329079800585,-0.13949315605825904,0.12941646579290977,-1.0778625053899542,0.2810951202644165,0.9988711645766837
Map3k8,7.346785137195442,-0.17894165198087691,0.7573434758127123,-0.2362754254783181,0.8132189547730004,0.9988711645766837
Map4,2420.0894307350504,0.0004264771620297203,0.16670189033907581,0.0025583222911405206,0.9979587563690024,0.9990082607840204
Map4k4,1203.3617409475298,-0.2651841474688578,0.13292171698179917,-1.9950400392824388,0.04603851312208691,0.9988711645766837
Map6,163.67821983134343,0.06759621154360837,0.19846116349121462,0.34060170944528745,0.7334034423697084,0.9988711645766837
Map7,2386.245162761287,-0.3277766259698263,0.23110685683649115,-1.418290354758835,0.1561060115076197,0.9988711645766837
Map9,105.29532126950359,0.014102865522113582,0.24928230794348702,0.05657387256423645,0.9548846478745102,0.9990082607840204
Mapk1,630.7209190956028,0.06035038785694726,0.14360258482967667,0.4202597601465691,0.674295702678916,0.9988711645766837
Mapk10,516.2125076651924,-0.01203489018724399,0.19681316955480718,-0.06114880530844048,0.9512407008280632,0.9990082607840204
Mapk11,16.28599674613456,0.6103637941138497,0.5926322295574811,1.029920013917584,0.3030475547923114,0.9988711645766837
Mapk14,56.941148491640625,0.19201603659588115,0.27317335200178894,0.7029091058436172,0.48211239606622236,0.9988711645766837
Mapk3,631.1977604762587,-0.1639383653323392,0.18554015780685307,-0.8835734930386266,0.3769264932662534,0.9988711645766837
Mapk7,59.90183629096509,0.44738552791789965,0.3511507950128479,1.2740552898407385,0.20264382214792642,0.9988711645766837
Mapk8,392.61451506360095,0.15320965700910655,0.15049002563453204,1.018071838071044,0.30864381761525317,0.9988711645766837
Mapk8ip1,3714.364111122953,-0.4131398327402153,0.20999189660984607,-1.9674084543738724,0.04913614045686842,0.9988711645766837
Mapk8ip2,1413.5579063849837,-0.008590923417260596,0.23458853144543027,-0.03662124215675483,0.9707870060974906,0.9990082607840204
Mapk9,705.621718730339,-0.004039588446612837,0.12236235908172328,-0.03301332596828147,0.9736639608483991,0.9990082607840204
Mapkap1,284.9657920209954,0.009593672174954923,0.16441680603215425,0.058349705279390554,0.9534700758403198,0.9990082607840204
Mapkapk2,149.10415403088777,0.0712556132589664,0.1891906063840463,0.376633991617541,0.7064456232163392,0.9988711645766837
Mapre1,461.14319010967955,-0.13800909790692908,0.15285390551389835,-0.902882379373555,0.36658832342140846,0.9988711645766837
Mapre2,1362.4489912144525,-0.11247039324609348,0.13071906750101447,-0.860397762898826,0.38956981858125295,0.9988711645766837
Mapt,3539.326994943938,-0.1362987428494522,0.14496520099431742,-0.9402169756229639,0.3471062759893978,0.9988711645766837
March2,249.87976308411763,-0.09145576979482553,0.16151985255654222,-0.5662199930674788,0.5712442404420021,0.9988711645766837
March5,257.8044097193958,-0.07910086200276054,0.1847843578885876,-0.42807120097499257,0.6685992831946956,0.9988711645766837
Marcks,554.3594421070051,0.3107709518820969,0.1861899183697008,1.6691072997036638,0.09509611689651583,0.9988711645766837
Marcksl1,449.7499248351866,0.07208849511373752,0.181336859450596,0.3975391177069411,0.6909699462650095,0.9988711645766837
Marco,0.7512033744602382,-1.625661138343835,2.5649985656610372,-0.633786373258606,0.5262202473683996,0.9988711645766837
Mark2,481.05767336666764,-0.012416891052395261,0.131570257925085,-0.09437460447531641,0.9248115884445343,0.9988711645766837
Mark3,394.58775910702025,0.16841957885509204,0.14553115458805846,1.1572750819700546,0.24715999067051642,0.9988711645766837
Marveld2,2.7205682771535176,0.003107046710867092,1.376702230637813,0.0022568763540301864,0.9981992747301414,0.9990082607840204
Mas1,0.3914065829819071,0.2918819116878126,3.6587476789220057,0.07977645284733358,0.9364150525269253,0.9988711645766837
Mast2,516.1687822630375,0.39851515349463446,0.14306713783538838,2.7855114705178625,0.005344334909009417,0.42659047226830227
Mast3,859.4658970095776,-0.10733744512379194,0.23073621537724556,-0.4651954828517015,0.6417914732631279,0.9988711645766837
Matn1,4.207798002586435,-1.340420410547483,1.0893878997060662,-1.230434458569945,0.2185344562547361,0.9988711645766837
Mavs,57.286343316368345,0.005198641615768095,0.28652384276546167,0.018143836008871067,0.9855241076201708,0.9990082607840204
Max,564.9802925874739,0.11498810795491461,0.1365440797039317,0.8421317731551827,0.3997141981348311,0.9988711645766837
Maz,111.40438019113981,-0.10255767599008257,0.21883199422676908,-0.46865942227718815,0.6393130957014154,0.9988711645766837
Mbd2,639.3392386704519,0.29402819418344706,0.17082524057559062,1.7212221870300177,0.08521051321042292,0.9988711645766837
Mbd3,573.456991761881,-0.023734920891295794,0.15397934371702063,-0.15414353846653117,0.8774965597524584,0.9988711645766837
Mbd5,71.48263255924948,-0.06030812680730535,0.25650131146260513,-0.2351182006182357,0.8141169925691303,0.9988711645766837
Mbl1,0.5655484696035622,-1.1313745957522126,2.7807942907720653,-0.4068530345831857,0.6841159320625395,0.9988711645766837
Mbl2,0.3573793379136945,2.105959986671047,3.882576521232137,0.5424130020759307,0.5875340246416054,0.9988711645766837
Mbnl1,448.6443429298775,0.0460881687367613,0.20216395757737024,0.2279742110762888,0.8196662892291425,0.9988711645766837
Mboat1,103.50930455953504,-0.47785476109122604,0.3604759425902935,-1.3256217811859414,0.18496500783570546,0.9988711645766837
Mboat7,395.79628875589174,0.20293019631275921,0.17132023884296377,1.1845080165850683,0.23621202481351278,0.9988711645766837
Mbp,33199.53954914434,-0.3895965060593719,0.21161009713665163,-1.8411054639220825,0.06560610513415659,0.9988711645766837
Mbtd1,243.65579495527822,-0.07472784879091493,0.19456458730082196,-0.38407733816111167,0.7009211272860791,0.9988711645766837
Mc1r,0.22046910344495593,1.2536647339164806,4.428644718705905,0.28308090026305255,0.7771148224071367,0.9988711645766837
Mc3r,6.6008997716584465,0.02570369565078097,0.9225757509960665,0.02786079692971527,0.9777731758143926,0.9990082607840204
Mc4r,1.5514997550744287,2.148290967801882,1.7835209889329617,1.2045223920169021,0.228387732665558,0.9988711645766837
Mc5r,2.3556387307759503,-0.8239510554770328,1.2842892688145362,-0.6415618937917166,0.5211576816805714,0.9988711645766837
Mcam,949.7679609278051,0.047793765878651015,0.23555379613491068,0.2028995781977451,0.8392135239737942,0.9988711645766837
Mcl1,797.441998187768,0.12551194509453792,0.16747319017142293,0.7494450005165953,0.4535890365530476,0.9988711645766837
Mcm2,30.678452427850914,-0.24924976733081716,0.38645132402568155,-0.6449706646994262,0.5189461963186484,0.9988711645766837
Mcph1,22.460205342998673,-0.2597315946389077,0.4670515935970678,-0.5561089999469779,0.5781363429547469,0.9988711645766837
Mctp2,43.85707165443406,-0.09322234508228491,0.34996343597949314,-0.26637738545848394,0.7899485800245193,0.9988711645766837
Mcu,313.32531470575213,-0.14321676574154177,0.17307804859997394,-0.8274692654557889,0.4079711353179972,0.9988711645766837
Mcub,19.850029563486938,0.9551661339176183,0.5512257136958005,1.7328040223550534,0.08313050769216591,0.9988711645766837
Mcur1,130.25494601473096,0.06861940167258983,0.2192239498247492,0.31301051608387304,0.7542726726482141,0.9988711645766837
Mdk,103.28498176076731,-0.1219456942817093,0.25034615017661654,-0.48710832659371,0.6261815659749179,0.9988711645766837
Mdm2,259.49194333478385,0.46197359066974275,0.2747206752741026,1.6816120235901741,0.09264409755715589,0.9988711645766837
Mdm4,659.7439226896141,-0.11327100036539714,0.1555352010791535,-0.728266010391772,0.4664507646825531,0.9988711645766837
Mdp1,187.60338741885042,-0.23089091581903037,0.19922387042206569,-1.1589520639764526,0.24647572503687132,0.9988711645766837
Me1,62.056582085904694,-0.04123527591505208,0.2608063423961797,-0.15810687553147515,0.8743725828691384,0.9988711645766837
Meaf6,93.4206218635602,-0.055050392770311936,0.26375618564559744,-0.20871697335008388,0.8346691891340148,0.9988711645766837
Mecom,5.982929958269061,0.5351906490733187,0.8214165718765978,0.6515459602313951,0.5146941187295139,0.9988711645766837
Mecp2,524.5521246357499,-0.07762172361930132,0.15120041469803747,-0.5133697799329436,0.6076926806416048,0.9988711645766837
Med1,244.50662033713664,0.28096033898113026,0.19242934835262182,1.460070105659131,0.14427080756369384,0.9988711645766837
Med12,132.85094943499013,0.03687409546213752,0.2402012859776368,0.15351331410261712,0.8779934916193814,0.9988711645766837
Med14,116.85849917237401,-0.04613096937342746,0.20373384618763238,-0.226427617387355,0.8208688500708102,0.9988711645766837
Med15,368.03452736432956,0.16462289308189282,0.1639163041863859,1.0043106687831582,0.3152288928191792,0.9988711645766837
Med21,233.8502628132214,-0.05083849614067671,0.203180246915759,-0.25021377280713203,0.8024220347953867,0.9988711645766837
Med24,205.6120860037174,-0.06980753947524332,0.1982131882539393,-0.3521841310872308,0.7247001770979182,0.9988711645766837
Med6,136.2109404714387,0.030638893729434447,0.20235309364697845,0.15141302352849867,0.8796499166146463,0.9988711645766837
Medag,119.48649986100035,-0.12758303448238967,0.26111275103609166,-0.48861280797717466,0.6251158436037221,0.9988711645766837
Mef2a,1098.5749082499535,-0.0537004298565983,0.14856658555172494,-0.36145698346080624,0.7177578565092876,0.9988711645766837
Mef2c,86.74048185499119,-0.6349891637171006,0.24463307403745035,-2.5956799431784576,0.009440395645152136,0.5414791461978025
Mef2d,655.2195423944281,0.07014356092002914,0.14524540291679683,0.48293136657970903,0.6291444694111281,0.9988711645766837
Meg3,2466.881918449887,0.34019276739114207,0.5224326614251473,0.6511705574898936,0.5149363939319753,0.9988711645766837
Megf11,13.694477082166948,1.2608279824455402,0.7574325273847102,1.664607653963544,0.09599105733945348,0.9988711645766837
Mei4,2.3943247914752708,0.7964315549923514,1.338870931602426,0.594853123025939,0.5519416541889559,0.9988711645766837
Meiob,0.30714656999574985,-1.589477432344553,4.067301980088958,-0.3907940546646573,0.695949469913375,0.9988711645766837
Meis1,155.72133055845805,-0.23778368970198446,0.24954151083325155,-0.9528823036615984,0.3406497072222434,0.9988711645766837
Meis2,41.86272881913802,0.4440868994268639,0.48668654036001385,0.9124700656368308,0.36152132049243324,0.9988711645766837
Meis3,103.8956144975056,-0.017641383405540573,0.26700589780422557,-0.06607113756893719,0.9473211895090212,0.9990082607840204
Memo1,136.12717246477786,-0.07280385208434006,0.2049775003233227,-0.35517972445513485,0.7224549533108624,0.9988711645766837
Men1,202.92510432376355,0.04266552535731036,0.18238054387032976,0.2339368249041137,0.815034024151909,0.9988711645766837
Meox1,4.955854137695981,-0.6095225012145261,0.8452434067782899,-0.721120681127544,0.470835267812282,0.9988711645766837
Meox2,0.5283168174506456,1.1445686742563042,2.8676689408787275,0.3991285946367222,0.6897984537198665,0.9988711645766837
Mep1a,0.0,,,,,
Mep1b,0.27311932492753715,0.2918801220273429,4.0938117842693424,0.07129788505395035,0.9431606784301703,0.9988711645766837
Mepe,0.4286382351348237,-2.087102965941236,3.6652882449794126,-0.5694239651683818,0.5690684570517077,0.9988711645766837
Mertk,94.05617048501175,0.07277894764770215,0.2334228806272838,0.3117901186555545,0.7552000341487872,0.9988711645766837
Mesp1,0.502892766241767,-0.5388364958218269,2.9050071951809917,-0.18548542554926636,0.8528483106477917,0.9988711645766837
Mesp2,0.5636217543195026,1.346150896857567,2.8382346280676947,0.47429161900333916,0.6352919672020887,0.9988711645766837
Mest,87.83593772988318,0.34356059367604685,0.30753346248293817,1.1171486540106426,0.263930770380186,0.9988711645766837
Met,0.9987117211999431,2.333125946565649,2.7966650982882104,0.8342528921298851,0.40413849151098014,0.9988711645766837
Metrnl,7.815873732243706,-0.2926420418462587,0.686784564003344,-0.42610457075566094,0.6700316497555052,0.9988711645766837
Mettl14,161.53731421465577,-0.0077793303263218455,0.1965258702231947,-0.03958425584116152,0.9684245796198038,0.9990082607840204
Mettl21c,0.5736272361987164,1.3455305147975487,2.825768809330052,0.47616440182753456,0.6339572583640176,0.9988711645766837
Mettl3,168.85546603517264,0.12693061701556654,0.19769323121451662,0.6420584874645219,0.5208352082932555,0.9988711645766837
Mettl7b,0.8379666505211595,-1.8436770620296388,2.4783121651911886,-0.74392446921125,0.4569221710295044,0.9988711645766837
Mfap5,2.436617730117591,-0.530389039332549,1.2091645554935482,-0.4386409086528827,0.6609217501674227,0.9988711645766837
Mfn1,592.3525379118859,0.16921873794349532,0.15801876408856763,1.0708774930593068,0.28422451706768237,0.9988711645766837
Mfn2,484.6441125995763,0.04751949997703249,0.15774349444949298,0.3012453866504618,0.7632273827158083,0.9988711645766837
Mfrp,0.7828131659638142,0.3530587743088432,2.8777070223310925,0.12268753266718833,0.9023545367666044,0.9988711645766837
Mfsd2a,138.8002282895583,-0.1940321705819365,0.2714106052437889,-0.7149026855735838,0.4746691774466326,0.9988711645766837
Mfsd2b,12.453119667796251,-0.36818429964055654,0.6648883680871948,-0.5537535582097477,0.579747515832381,0.9988711645766837
Mgst3,163.96227186653948,0.1370085477806203,0.20983872960454078,0.652923071154809,0.5138058745162586,0.9988711645766837
Mia,2.3127086114138806,0.6651449662328431,1.245739284005084,0.5339359324804985,0.5933858606831942,0.9988711645766837
Mia2,347.73368011426413,0.1362908316671024,0.17322889304946654,0.7867673184760451,0.4314180882224965,0.9988711645766837
Mib1,614.0211583529915,0.14540537113299795,0.13039285114519703,1.1151329989025547,0.26479343246350373,0.9988711645766837
Micu1,416.8737604760138,-0.05268775551738095,0.14976545011788575,-0.3518018039267971,0.7249869056052107,0.9988711645766837
Micu2,268.5063376078596,-0.32066526919819627,0.1587594995895377,-2.0198178378443834,0.04340228617387178,0.9988711645766837
Miga1,162.1523254332863,0.013388007878014585,0.20128593936133637,0.06651238492114067,0.946969897803552,0.9990082607840204
Miga2,200.68144559307817,-0.061255512326402584,0.1868136266981138,-0.3278963821273594,0.7429900092937425,0.9988711645766837
Minar2,181.42335335179095,0.24406260675763178,0.31634590165175774,0.7715055117935512,0.4404073566529738,0.9988711645766837
Mindy1,95.31848411129185,-0.38023729035383497,0.24707875877724944,-1.5389315222221625,0.1238210146483674,0.9988711645766837
Mip,0.27311932492753715,0.2918801220273429,4.0938117842693424,0.07129788505395035,0.9431606784301703,0.9988711645766837
Misp,1.3101274860150505,1.1206828908037345,1.867843391415022,0.5999876092153201,0.5485144933594522,0.9988711645766837
Mitf,66.92141195501448,0.0938629386119842,0.2911308599506144,0.3224080697865782,0.7471435715546471,0.9988711645766837
Mixl1,0.5462386498550743,0.11629157192154112,3.1598124225420845,0.036803314998041556,0.9706418308546306,0.9990082607840204
Mki67,2.286868795953764,-1.493157460173007,1.396045820397446,-1.069561928667867,0.2848165395379063,0.9988711645766837
Mkks,76.88493695935502,0.15084831945440166,0.24547285358300555,0.6145213910726506,0.5388708420774528,0.9988711645766837
Mkln1,627.2057160056338,0.1601854596104677,0.12904641587949175,1.2413011126171432,0.21449453383504768,0.9988711645766837
Mknk1,87.82337881445267,-0.11677934875177542,0.25895741725667276,-0.45095965965719514,0.6520186237098454,0.9988711645766837
Mknk2,205.9804615954429,0.004816019425577357,0.19550383714804787,0.024633886965248476,0.9803469896053979,0.9990082607840204
Mkx,20.436738052505728,0.5067433920712932,0.4574732599515312,1.1077005727613065,0.26799115193786605,0.9988711645766837
Mlc1,602.5243047452649,0.014888455899274596,0.1928544935131372,0.07720046148813432,0.9384640745297117,0.9988711645766837
Mlec,196.88297526948466,-0.17167944971717283,0.17959025032795187,-0.9559508347678505,0.33909707437866743,0.9988711645766837
Mlf1,3.481843595119789,-0.5427249384686935,1.067956729541511,-0.5081900075686521,0.6113200978469651,0.9988711645766837
Mlh1,46.960418441848475,-0.39877820910891126,0.3200614023491328,-1.24594282903851,0.2127853848943576,0.9988711645766837
Mlkl,9.601523044742596,-0.10338584189565031,0.7837377053010633,-0.13191382932882614,0.895052449999097,0.9988711645766837
Mllt10,157.5373768816161,0.13663668924033487,0.2152922020235866,0.634656935811198,0.5256521858670984,0.9988711645766837
Mllt6,673.2247497376014,0.04378993669729706,0.1435858334756321,0.3049739353620051,0.7603860038212709,0.9988711645766837
Mlph,6.354725408537486,-0.08876219093210429,0.8078113800477221,-0.1098798471084433,0.9125046654307077,0.9988711645766837
Mlst8,125.00673605762573,-0.21807542066383678,0.21637702421226135,-1.007849245814146,0.31352684029292044,0.9988711645766837
Mlx,50.086688225340396,0.36574771535073797,0.29702472425141835,1.2313712815406865,0.218184032881649,0.9988711645766837
Mlxipl,8.951447698252965,0.028399344530593243,0.684927040375097,0.04146331339910376,0.9669265393545126,0.9990082607840204
Mlycd,55.55382895967649,0.16215586204013424,0.29475492190850316,0.550137928113954,0.5822247739669932,0.9988711645766837
Mmd2,168.35964536339688,-0.000902842275805637,0.21174909122748606,-0.004263736248273654,0.9965980409837922,0.9990082607840204
Mme,9.54650344367067,-0.6044464992968686,0.7701388974244555,-0.7848538767724818,0.4325392472552454,0.9988711645766837
Mmp12,2.0445494555069215,3.4974352167586735,1.9593012888008632,1.7850420641019347,0.07425449419489483,0.9988711645766837
Mmp13,1.1549957387073608,2.624579405513372,2.38922259189701,1.098507696358878,0.2719828588026181,0.9988711645766837
Mmp14,51.98158312113117,-0.31275944540215206,0.41162400523606596,-0.759818284219806,0.44736321204013907,0.9988711645766837
Mmp15,150.62846684707935,-0.4974461590844381,0.22144958813177684,-2.2463178336932623,0.024683657070127315,0.7957540786550354
Mmp16,71.57429210752862,0.04560619133740004,0.27213543310285654,0.1675863771850786,0.8669086890531604,0.9988711645766837
Mmp2,3.6544483872691345,0.8486904430504275,1.1750430950017188,0.7222632486080743,0.4701326436281432,0.9988711645766837
Mmp25,1.6006156147311952,0.11585119029163951,1.604200438035026,0.0722174034770523,0.9424288953639652,0.9988711645766837
Mmp28,6.665869444146388,-1.0150978058517481,0.8636755454717009,-1.1753230841998048,0.23986548249858308,0.9988711645766837
Mmp3,0.0,,,,,
Mmp7,0.34187495907390236,-1.7277027400304457,4.313560939051032,-0.4005281864432253,0.6887675272995746,0.9988711645766837
Mmp9,1.7362624580751103,0.9198150472165264,1.447829232414748,0.6353063100421186,0.5252286589868848,0.9988711645766837
Mmrn1,0.13620909045879864,-0.6699094182016448,4.4288527141152105,-0.15126026116573588,0.8797704155341529,0.9988711645766837
Mms19,187.30202573672264,0.07873394013376529,0.19329192848383028,0.40733175332953303,0.6837643441497939,0.9988711645766837
Mmut,247.1742588255612,-0.07949865011346759,0.16974263973890644,-0.4683481430225798,0.6395356455646886,0.9988711645766837
Mnx1,0.502892766241767,-0.5388364958218269,2.9050071951809917,-0.18548542554926636,0.8528483106477917,0.9988711645766837
Mob2,275.09169947824654,-0.010747709474146359,0.18340252089639203,-0.058601754335852164,0.953269313328494,0.9990082607840204
Mog,4630.97598000878,-0.6496211054423031,0.29237956432473156,-2.2218416904158222,0.026294006149304695,0.8226347888567873
Mos,0.3914065829819071,0.2918819116878126,3.6587476789220057,0.07977645284733358,0.9364150525269253,0.9988711645766837
Mov10l1,0.30714656999574985,-1.589477432344553,4.067301980088958,-0.3907940546646573,0.695949469913375,0.9988711645766837
Moxd1,9.247028678684766,3.7895653561810527,1.1496544026933426,3.2962648142807804,0.0009797961188552922,0.23501466775626154
Mpc1,1039.6086850795052,-0.05269167016097111,0.15883498544651,-0.33173843919113016,0.7400867724897695,0.9988711645766837
Mpc2,261.24075822935015,-0.10537187156980209,0.16677738405215708,-0.631811514304893,0.5275100488009371,0.9988711645766837
Mpi,155.44455583386815,-0.12085008389857785,0.20323293466301268,-0.5946382858613118,0.5520852823560389,0.9988711645766837
Mpl,1.0877173666102142,0.41391717673021217,1.8492613249244834,0.22382838550258163,0.822890841828049,0.9988711645766837
Mplkip,84.79361367319274,-0.09147049795257164,0.24153404208352236,-0.3787064430484759,0.7049058682821332,0.9988711645766837
Mpp2,607.2036992811769,-0.5568198909028536,0.2677597502205372,-2.079550382177438,0.03756679207289318,0.9587506632877785
Mpp3,30.57517720348379,-0.1503125855206111,0.4774759309659178,-0.3148066232711119,0.7529084826012764,0.9988711645766837
Mprip,1706.4405485515617,-0.1921173211403822,0.1368586460371376,-1.403764589986151,0.16038896161365557,0.9988711645766837
Mpzl1,1348.8374707844966,0.4050006548804517,0.2640756109490329,1.5336541433151039,0.12511476072713457,0.9988711645766837
Mrc1,3.3169150987073013,0.4263080433520063,1.1337967804867066,0.37600040032659504,0.7069165984037915,0.9988711645766837
Mre11a,79.96239217873544,0.14228404386817567,0.24679575568440734,0.5765254895636167,0.5642600460264761,0.9988711645766837
Mrgprf,0.6405041447204455,1.6408322672298499,2.685609647260583,0.610971988763727,0.541218124615225,0.9988711645766837
Mrm3,77.75427845441044,0.3908077828087193,0.23513676942774825,1.6620445358666245,0.09650384512431344,0.9988711645766837
Mrnip,33.86927997691962,0.06008515471031108,0.3596431646711089,0.16706880767568186,0.8673159089019852,0.9988711645766837
Mrtfa,1.9232287437160334,-0.09478491857741014,1.4567950278125361,-0.06506400472806069,0.9481230397460467,0.9990082607840204
Ms4a1,0.5469397938650142,1.4209679017481653,3.2207329394076565,0.44119395444488596,0.6590725895243558,0.9988711645766837
Ms4a2,0.3566781939037546,0.2918814938548762,3.7648572205553323,0.07752790524465691,0.9382035929000956,0.9988711645766837
Ms4a7,1.151475677557367,2.5996135581280164,2.1595247307386902,1.2037896677565663,0.22867088420708603,0.9988711645766837
Msh2,159.33228448259754,0.14476896619007137,0.2066830617008683,0.700439431265998,0.483652918375473,0.9988711645766837
Msi1,100.08662135752216,0.20313872666840516,0.25991156052052067,0.7815686468950537,0.4344681188395323,0.9988711645766837
Msln,1.1198658860537907,0.7105163036583941,1.7654981394849494,0.4024452293479469,0.6873563891520678,0.9988711645766837
Msmo1,606.2767528785854,-0.017934723828072298,0.24378043591547105,-0.07356916793064978,0.9413532050609825,0.9988711645766837
Msn,129.02528755511358,1.5511631953295062,0.4742017448463182,3.271103938751249,0.0010712852917142096,0.23501466775626154
Msr1,0.6208306812472438,2.886843193469336,3.8859988067814593,0.7428831909138788,0.45755240325875957,0.9988711645766837
Msra,168.74392007200854,-0.06368277065661258,0.19280834573590114,-0.330290529767015,0.7411804479598286,0.9988711645766837
Msrb1,52.515537592949016,-0.4820008494169114,0.29283671363816105,-1.6459713791641848,0.09976965168455029,0.9988711645766837
Mst1,1.210225829824518,1.3633958006115412,2.2307040763815738,0.6111952791259997,0.5410703083517232,0.9988711645766837
Mst1r,0.7271816112712394,-0.5351069293695357,2.25346821812341,-0.23745927502591962,0.8123005095572645,0.9988711645766837
Mstn,0.3078477140056897,0.2918807853093279,3.93821644106615,0.074114967949885,0.9409189053157049,0.9988711645766837
Msx1,1.704954019961004,-0.9791800843994889,1.7749267159455788,-0.5516735286041587,0.5811720495132793,0.9988711645766837
Msx2,0.9202999482232571,1.1440533717903283,2.3712927497706606,0.4824597772253027,0.6294793653079368,0.9988711645766837
Mt1,69.59749354997753,0.04590579355676451,0.4661793748091655,0.09847238217168325,0.9215572011894441,0.9988711645766837
Mt2,2852.9653312345204,0.7643089189886739,0.12888186409426847,5.930306209953892,3.0237025816305034e-09,7.563792007948705e-06
Mta1,291.3499422697769,0.024215074129958946,0.185853626102467,0.13029110401434088,0.8963361180439621,0.9988711645766837
Mta2,357.0592274885339,-0.005582330592773551,0.1618597660773103,-0.034488685657109004,0.9724874645199238,0.9990082607840204
Mta3,485.10021281023677,-0.14110710554080308,0.22384701458255732,-0.6303729616584239,0.528450596787226,0.9988711645766837
Mtch1,2114.6172105166656,-0.05315386824331752,0.1595046393469338,-0.3332433994456056,0.7389505604625436,0.9988711645766837
Mtch2,339.0499650220208,0.008162974971684868,0.16092574954257768,0.05072510145136911,0.9595445743274975,0.9990082607840204
Mtcl1,52.64322638172914,0.21798738935795753,0.4012094979286698,0.5433255954392013,0.5869056443888478,0.9988711645766837
Mtf1,259.0427153442338,-0.2184941612562936,0.19615174876612496,-1.1139037129707565,0.2653204963754745,0.9988711645766837
Mtf2,170.41325200254184,0.17055092433566782,0.18390138797954272,0.9274042257616891,0.3537166974367648,0.9988711645766837
Mtfp1,199.7721102517962,0.0030667710961670563,0.20559042036425715,0.014916896860921196,0.9880984796766615,0.9990082607840204
Mthfr,22.4922922626548,-0.12819478527163836,0.41975085769782405,-0.30540684532424456,0.7600563088755342,0.9988711645766837
Mtif2,171.52946841450014,0.007724956533158772,0.1912230281524734,0.040397626832889645,0.967776122219514,0.9990082607840204
Mtmr12,95.83745235351255,-0.0342468986744282,0.21654469776078386,-0.15815163810780822,0.87433731124976,0.9988711645766837
Mtnr1a,0.8900924447395608,1.1814797603886467,2.3385695826286277,0.5052147129445793,0.6134080375665192,0.9988711645766837
Mtnr1b,0.0,,,,,
Mtor,440.20534583937484,-0.11562622469810321,0.13365901246204975,-0.8650836375955819,0.3869928847483639,0.9988711645766837
Mtrex,311.879704501508,-0.005520595170150804,0.15490488637716776,-0.03563861217850203,0.9715705197994129,0.9990082607840204
Mttp,14.563024979750482,0.21808841620056166,0.49974153984352276,0.4364024176754422,0.6625447851518875,0.9988711645766837
Mturn,476.9308489598673,0.0123696673340771,0.15622416743514533,0.07917896147030021,0.9368902783611706,0.9988711645766837
Mtus1,323.07501018456304,-0.07368270192440506,0.26177382429355617,-0.28147467426604283,0.7783463501916988,0.9988711645766837
Mtx1,37.63187706554,-0.021116928249058083,0.35014766600076086,-0.0603086363254873,0.9519098236750634,0.9990082607840204
Muc1,0.28242366279681114,-1.488372750394001,4.162759947789275,-0.3575446984840992,0.7206840699934347,0.9988711645766837
Muc2,1.4074635887955746,0.8608414121437437,2.0608710863145254,0.4177075499094871,0.676160951602712,0.9988711645766837
Muc20,0.6343562242764519,2.9042256393827564,3.330682811740712,0.871961037281999,0.3832296335438621,0.9988711645766837
Muc5ac,0.0,,,,,
Mus81,75.64256015562547,0.12357574614496407,0.2640439923377567,0.46801195910903315,0.6397760375193252,0.9988711645766837
Musk,4.262972467557561,-0.014001699747227854,1.1036301365247265,-0.012686949444239056,0.9898775504648466,0.9990082607840204
Mxd1,90.1188812833772,-0.06187756377054294,0.25215311100478865,-0.2453967889746473,0.8061492150452936,0.9988711645766837
Mxd4,123.43341090867524,-0.1511917174366416,0.21451646232009838,-0.7048023997852224,0.4809332149244132,0.9988711645766837
Myb,9.55987272615634,-1.3925294756735724,0.9169440939197941,-1.518663444050034,0.1288472326221261,0.9988711645766837
Mybbp1a,232.16106950923123,0.4398537979250112,0.2999782172145154,1.466285792379619,0.14257044442101932,0.9988711645766837
Mybl2,1.2358249652486835,0.6806778441250322,1.9318103304384973,0.35235231606330975,0.7245740580081533,0.9988711645766837
Mybpc3,1.0950571693447249,-0.27802011586244024,1.9295712408329733,-0.1440838824600341,0.8854342318468389,0.9988711645766837
Mybph,0.4633666242129762,-2.1832200994810527,3.598463165647577,-0.6067090307670724,0.5440440279341741,0.9988711645766837
Myc,68.8210599271075,1.6959814706351144,0.5413011155063203,3.1331571689977644,0.0017293681247496078,0.27909770090717057
Mycbp2,349.84600404309117,-0.05267222808539264,0.19369343329160785,-0.27193605477628124,0.7856711877961182,0.9988711645766837
Mycl,54.24698085477548,0.04614662226185069,0.28883692736208616,0.15976704462030664,0.8730645851428787,0.9988711645766837
Mycn,25.93380821089781,0.11572409899174262,0.4722118283047582,0.2450681919747594,0.8064036311747772,0.9988711645766837
Myd88,42.69704644166493,0.07997985174260631,0.33099401543057033,0.24163534086429117,0.8090627353444317,0.9988711645766837
Myf5,0.3566781939037546,0.2918814938548762,3.7648572205553323,0.07752790524465691,0.9382035929000956,0.9988711645766837
Myf6,1.299406559450076,-1.1616125037401483,1.7407523406866177,-0.667304863873953,0.5045774201990808,0.9988711645766837
Myh1,0.7257793232513596,-2.8442549049490116,2.8560075639571245,-0.9958849342150099,0.31930605622594455,0.9988711645766837
Myh10,572.1064410247989,-0.03846148866099927,0.18287577129347127,-0.21031484044585605,0.833421953308876,0.9988711645766837
Myh11,7.643360513002062,0.4534268597149374,0.7782750476058897,0.5826049044097684,0.5601593030756489,0.9988711645766837
Myh2,0.0,,,,,
Myh3,4.178481668800129,2.056098624938301,1.2638773577739348,1.626818149950644,0.1037757256792717,0.9988711645766837
Myh4,0.13620909045879864,-0.6699094182016448,4.4288527141152105,-0.15126026116573588,0.8797704155341529,0.9988711645766837
Myh7,0.4793617413333453,-0.49103473330401287,3.3685985829337604,-0.14576825383461503,0.8841043379373619,0.9988711645766837
Myh8,0.0,,,,,
Myh9,319.26795336412664,0.6079099229236323,0.23315860865977528,2.6072806250559406,0.009126452999563226,0.5403271861927048
Myl2,19.52412567350862,-0.40921664373831984,0.46194780729508084,-0.8858503867232826,0.37569815397526574,0.9988711645766837
Mylk,191.08487701397166,-0.5571757245743871,0.2459057751464592,-2.265809838107862,0.023463028770597024,0.7837659441178081
Mymk,0.13691023446873854,1.2536647339164804,4.428644718705905,0.2830809002630525,0.7771148224071367,0.9988711645766837
Myo10,81.12138542735221,0.1582003248110821,0.28220720273382877,0.5605821654392462,0.5750824122989671,0.9988711645766837
Myo16,51.62495850383842,-0.20305278838691082,0.35541765507009104,-0.5713075461793458,0.5677911873450487,0.9988711645766837
Myo18a,793.9786771608487,-0.07817240569226269,0.14287759149923795,-0.5471285235983252,0.5842904372952658,0.9988711645766837
Myo1c,137.88505640287693,0.14037458063337435,0.28446083308125775,0.4934759527800286,0.6216763270829713,0.9988711645766837
Myo1d,793.6514689443887,-0.4339150109423671,0.23682351420093703,-1.832229423697363,0.06691724688816009,0.9988711645766837
Myo1e,288.0663619408595,-0.08997098047970387,0.2739343291792758,-0.3284399613194246,0.7425790324525594,0.9988711645766837
Myo5a,1768.6445630750893,-0.04072573043403615,0.14476876587864576,-0.2813157257151381,0.7784682497712971,0.9988711645766837
Myo6,1688.320718703994,-0.21660539062248557,0.15815809354988639,-1.3695498330862448,0.17082746881033295,0.9988711645766837
Myo7a,37.71432914671717,0.13363481973624017,0.4023939247894739,0.3320994962986973,0.7398141304621834,0.9988711645766837
Myo9a,302.97851115742634,-0.028719406396444106,0.15598317060595243,-0.18411862180308924,0.8539203981240316,0.9988711645766837
Myocd,0.6498084825897195,0.2764170672490773,2.619096005391467,0.10553911222806137,0.9159480362000524,0.9988711645766837
Myod1,0.4935884283724931,1.1445163161069793,2.9180857726812546,0.3922147617529939,0.6948995378898936,0.9988711645766837
Myog,0.44405680446448836,-0.6235102737815117,3.003849274169698,-0.20757042610064314,0.8355643979530634,0.9988711645766837
Myrf,857.1017717856088,-0.09598706460440783,0.15864067841357674,-0.605059594829576,0.5451393999529742,0.9988711645766837
Myt1,86.2473599111841,0.054344984807587204,0.33018874799024184,0.16458763400742316,0.8692685651029852,0.9988711645766837
Mzb1,2.301796627002852,-0.5882017246901625,1.2851368083094907,-0.45769580396961895,0.647171003026715,0.9988711645766837
Naa15,327.0099793709287,0.0871193645050042,0.15937145506660122,0.5466434655352621,0.5846237013378256,0.9988711645766837
Naaa,53.273612487781975,-0.1777182259811166,0.3256167204322822,-0.5457896196030151,0.5852105594892965,0.9988711645766837
Nadk2,295.8415568768329,-0.19618258641842007,0.17258210317850087,-1.1367493083307099,0.25564309998585233,0.9988711645766837
Nae1,329.1818279188166,-0.0744039265530347,0.1590352908624861,-0.46784538293057193,0.6398951636387455,0.9988711645766837
Nagk,108.79355593999931,-0.0566697599653124,0.23427377132723276,-0.24189545267599027,0.8088611737579627,0.9988711645766837
Naip1,0.7705653147352506,1.9278235924088996,2.6028097533267807,0.7406701891849192,0.4588934387483513,0.9988711645766837
Naip5,0.706316265507521,0.4553493638468692,2.944208396867909,0.1546593523513065,0.8770898764542896,0.9988711645766837
Nampt,196.58561642816514,0.2568975176139671,0.20042775953436975,1.281746192297848,0.19993169517813514,0.9988711645766837
Nanog,0.9995997921888367,-1.213105616885217,2.043127465576567,-0.5937493559868917,0.5526797663716336,0.9988711645766837
Nat1,6.079015378494584,-1.047693951086102,0.8775462477035023,-1.1938902978935508,0.2325208831945339,0.9988711645766837
Nbn,168.92316750802146,0.1428993587702111,0.20293526892355662,0.7041622657717502,0.4813317272830503,0.9988711645766837
Nbr1,1081.9129086633109,-0.20613015635416118,0.14344391023249284,-1.4370087654475323,0.1507155029173786,0.9988711645766837
Ncam1,1984.5343650221087,0.07802710741937384,0.11999627588275293,0.6502460750999748,0.5155332834132718,0.9988711645766837
Ncam2,866.7293103958697,-0.23740765887339552,0.14904849954685465,-1.5928215285304796,0.11120023409315499,0.9988711645766837
Ncan,176.0103458307216,-0.17231720658907296,0.1751167364719396,-0.9840133505268056,0.3251089487063613,0.9988711645766837
Ncaph,3.508392100133961,0.44297189177845686,0.9881624970199403,0.44827838853867985,0.6539522956499421,0.9988711645766837
Ncbp2,288.85189997977517,-0.04896962434877804,0.1516332920472458,-0.3229477094879673,0.7467348435851627,0.9988711645766837
Ncf1,13.437512706589589,1.097282234827422,0.5448576488038315,2.0138879159288146,0.04402130253428681,0.9988711645766837
Ncf4,2.98622733399441,1.5758336868687346,1.2651837269680375,1.2455374292911254,0.2129342659983049,0.9988711645766837
Nck1,204.85142149993916,-0.036970407521332634,0.16538645716953695,-0.22353950954662766,0.8231156368037492,0.9988711645766837
Ncl,547.7560849243272,0.06042984816585869,0.16201615848345646,0.37298655104224804,0.7091584535963636,0.9988711645766837
Ncoa1,337.3592676004162,-0.08645635860196192,0.15468220160863064,-0.5589289375432448,0.5762102193765066,0.9988711645766837
Ncoa2,546.5441532283932,-0.12395398300506827,0.1387596377620232,-0.8932999898547799,0.3716965434272438,0.9988711645766837
Ncoa3,433.8806773660456,-0.01890231263262438,0.15460392832831488,-0.12226282240696806,0.9026908744788533,0.9988711645766837
Ncor1,764.9851945309823,0.029226688993005595,0.1272351262436306,0.22970613427177455,0.8183201279011992,0.9988711645766837
Ncor2,327.6998818460841,-0.010903577475421537,0.17132581410875636,-0.0636423502911244,0.9492550094177186,0.9990082607840204
Ncr1,0.9217022362431369,3.465510663774901,2.705676250905126,1.280829760255163,0.2002534684415188,0.9988711645766837
Ncstn,186.377707120163,0.1385033055096572,0.17899219210324555,0.7737952358825032,0.4390518902765509,0.9988711645766837
Ndc1,111.17681464670022,0.24649239199743056,0.24791714583236854,0.9942531048824621,0.3200996600890965,0.9988711645766837
Ndc80,2.820684510364988,-0.17629565472476355,1.1105188631123777,-0.15875070706198666,0.8738652862486149,0.9988711645766837
Nde1,360.7913662100859,-0.2285564021716345,0.2549592094969249,-0.8964430138554815,0.3700162029179672,0.9988711645766837
Ndel1,411.52047240777324,0.11615262111437066,0.15311812990499288,0.7585817642002377,0.44810278471968445,0.9988711645766837
Ndn,659.4316670980788,0.23687945612830646,0.3063695980181017,0.7731819921450254,0.4394146819597756,0.9988711645766837
Ndor1,106.18403419153843,-0.09694165073501959,0.23122598197703612,-0.41925068241097235,0.6750329352810653,0.9988711645766837
Ndrg2,4430.106960270641,0.02055744299836473,0.15581756709654634,0.13193276843827953,0.895037469701619,0.9988711645766837
Ndrg4,2139.53908605522,-0.21636644050575732,0.20136939887550492,-1.0744752763528098,0.28260971995905615,0.9988711645766837
Ndst1,194.32754587688933,0.22417393135546015,0.18815893167660908,1.1914073350541257,0.23349371477634806,0.9988711645766837
Ndst2,124.38819834555305,0.10858867240000943,0.2082800269926532,0.5213590278814385,0.6021166879222215,0.9988711645766837
Ndst3,13.424860268201385,0.09973285827425897,0.6053063320408395,0.16476427388096457,0.8691295249713356,0.9988711645766837
Ndufa12,63.68094017352583,-0.06177802689783357,0.26137794839269346,-0.2363551603252255,0.8131570874027343,0.9988711645766837
Ndufa9,442.61077783148767,0.02448480099831509,0.13440947056796443,0.18216574244992878,0.855452656698235,0.9988711645766837
Ndufaf6,80.16538043380014,-0.20737028389523046,0.26986780143038436,-0.7684143228503091,0.4422410738031223,0.9988711645766837
Ndufs1,1091.8318257870226,-0.07280555189958324,0.12028881299767488,-0.6052562169766404,0.5450087679212643,0.9988711645766837
Ndufs4,105.78231446005263,-0.307732658208996,0.21175706180162504,-1.4532344545717266,0.14615866890397797,0.9988711645766837
Ndufv2,190.9837924863488,-0.09697450949770461,0.19466042083068458,-0.49817271063054436,0.6183623151430873,0.9988711645766837
Neat1,1258.7419978369132,-0.3001972663176748,0.21161464153459092,-1.4186034772485439,0.15601465155021801,0.9988711645766837
Nectin2,20.04067111230473,-0.20906260456087164,0.5541089338531313,-0.3772951342024103,0.7059542878025782,0.9988711645766837
Nectin3,98.34875687681442,0.10610604148627627,0.22452812628380553,0.4725734955457531,0.6365174955323023,0.9988711645766837
Nedd4,1882.5316996860092,-0.015771075021902628,0.1486147406959967,-0.10612052982122157,0.9154867226768375,0.9988711645766837
Nedd4l,281.0128466174521,0.008614443149525629,0.1827206294921803,0.04714543274871048,0.9623973174756966,0.9990082607840204
Nefh,1190.285216870219,-0.3187784239686317,0.16213003112320137,-1.966189864765982,0.04927668279292818,0.9988711645766837
Nefl,1121.427547574486,-0.30644119017158655,0.16099691551435727,-1.9033978954973145,0.056988645432367674,0.9988711645766837
Nefm,420.8465331189866,-0.4082483184952376,0.18190393460530238,-2.2443072459156004,0.024812639670234966,0.7957540786550354
Neil1,102.98637162657339,-0.461631812016654,0.23147025251054018,-1.99434617195846,0.04611423666998311,0.9988711645766837
Nek2,2.0996508195377417,-0.35260622312405854,1.4028669794363737,-0.25134686915627896,0.801545941568286,0.9988711645766837
Nek7,547.9749215375767,0.1583850131954382,0.1490094506886842,1.0629192474935147,0.28781857359054,0.9988711645766837
Nelfb,370.89597328958035,0.04108749852571523,0.1544508361707869,0.2660231536738458,0.7902213772644812,0.9988711645766837
Nelfe,120.73937219232486,0.15453066310212846,0.24220266293304557,0.6380221473652701,0.523459263232315,0.9988711645766837
Nell1,219.08521618727488,-0.034408630618816057,0.1984255787166453,-0.17340824122252957,0.8623305476813531,0.9988711645766837
Neo1,434.9086433627738,-0.21219825372004303,0.13926461359541367,-1.5237054714883527,0.12758230205549498,0.9988711645766837
Nes,33.633482326821074,1.1231008408637784,0.6239035440582488,1.8001193478697786,0.0718417951835343,0.9988711645766837
Neu1,214.16923178251147,0.13966250493461518,0.18710142390795054,0.7464534583303108,0.45539353646078684,0.9988711645766837
Neurod1,7.169112963641851,1.5890412235266091,0.7930524065450939,2.003702668842799,0.045101920224338884,0.9988711645766837
Neurod2,2.344441366606219,-0.792972017867164,1.219937584330116,-0.6500103186037961,0.5156855563864486,0.9988711645766837
Neurod4,0.3431526508745466,0.29188133003570377,3.805645772578214,0.07669692543086128,0.9388646504887272,0.9988711645766837
Neurod6,3.883154542512084,0.8875379552348024,0.9894295901890219,0.8970198223657795,0.3697083397677622,0.9988711645766837
Neurog1,1.1531919871120635,-0.8889226624762839,1.8267633165680444,-0.4866107472238442,0.6265342059431496,0.9988711645766837
Neurog2,4.0098734002812595,-0.9856227802215713,1.152593464277106,-0.855134798842316,0.39247652673717026,0.9988711645766837
Neurog3,0.30714656999574985,-1.589477432344553,4.067301980088958,-0.3907940546646573,0.695949469913375,0.9988711645766837
Nf1,1198.8902927443125,0.03960063817084443,0.13039966720938992,0.3036866505744643,0.7613666292732073,0.9988711645766837
Nf2,346.20336428204405,0.12092918718055314,0.17312335422730118,0.6985145806600994,0.4848554426204975,0.9988711645766837
Nfat5,443.24593460639016,-0.1275730072579316,0.16335261183842767,-0.7809670492695536,0.4348218749569669,0.9988711645766837
Nfatc1,29.87961295411976,-0.27836394276426585,0.41837046725878657,-0.6653527544335043,0.5058248959001355,0.9988711645766837
Nfatc2,33.145966625742226,0.9037991328275654,0.4751242256584882,1.902237528669401,0.057140108624126676,0.9988711645766837
Nfatc3,212.57103284799393,0.05223356992211464,0.17897539446442218,0.29184777090963726,0.7704030184872341,0.9988711645766837
Nfe2,0.13620909045879864,-0.6699094182016448,4.4288527141152105,-0.15126026116573588,0.8797704155341529,0.9988711645766837
Nfe2l1,1089.45019064387,0.41606759959153694,0.1538928192215405,2.7036193221762725,0.006858881705163072,0.49239181335309834
Nfe2l2,201.5381949624599,0.11514764627462011,0.20758193352471752,0.5547093830345745,0.5790934571877673,0.9988711645766837
Nfia,510.20187911112043,-0.060760539404663486,0.1335440093815974,-0.45498513700485305,0.6491199316731806,0.9988711645766837
Nfib,276.73636220346697,-0.18478581381213283,0.15643016938576862,-1.1812671081141455,0.2374966294720109,0.9988711645766837
Nfil3,43.03382361096069,0.7099184185143921,0.3298256381520259,2.152405199583577,0.03136545454321249,0.8701777460413038
Nfix,610.5862305078491,-0.1584388954501214,0.18150697859321735,-0.8729080098082909,0.38271322008528075,0.9988711645766837
Nfkb1,118.26791968467724,-0.020630513988145808,0.2150073557709656,-0.09595259619918424,0.9235582215237902,0.9988711645766837
Nfkb2,58.378594928032726,0.17841121010310262,0.30376774169467213,0.5873277034216164,0.5569836386369991,0.9988711645766837
Nfkbib,257.2217356425786,0.15396456822032303,0.18251495767833234,0.843572330612338,0.398908431414041,0.9988711645766837
Nfkbie,21.199742323296316,0.23252302428353355,0.4794709185216476,0.4849575131698741,0.6277064839286642,0.9988711645766837
Nfu1,155.86362713757683,0.14230370431939196,0.1927337213674001,0.7383435722082304,0.4603056949986799,0.9988711645766837
Nfya,60.14793580134636,0.2327716716152455,0.2973539947666185,0.7828099696388436,0.4337387121975961,0.9988711645766837
Nfyc,94.57401039321213,0.21375941890700295,0.23464067001530298,0.9110075371548412,0.36229140238649216,0.9988711645766837
Ngb,5.620142615081675,1.0218480592521844,1.0106967893522054,1.0110332495536336,0.3120005162144155,0.9988711645766837
Ngf,47.43470519292154,-0.14385717634624487,0.37605389871072925,-0.3825440364784083,0.7020578716949404,0.9988711645766837
Ngfr,50.30185479418949,0.1733242768105977,0.35474410064253964,0.4885895959838642,0.625132280230392,0.9988711645766837
Nhlh1,0.0,,,,,
Nhlh2,22.561654944691046,-0.38394058414098664,0.44505793796280624,-0.8626755111894505,0.3883159003091865,0.9988711645766837
Nhsl1,376.646880099102,0.1161762085825795,0.14728898823775216,0.7887637084929203,0.43025012442309174,0.9988711645766837
Nid1,8.348418550410464,-0.37263100500611096,0.9276695125055288,-0.4016850828693049,0.68791580414491,0.9988711645766837
Nid2,3.873798084116285,0.15730394160649044,0.9476967675268309,0.1659855208929336,0.8681683447609314,0.9988711645766837
Ninj2,174.89245139877855,-1.113931098268376,0.3479204798336753,-3.20168303631018,0.00136627243706622,0.24641913201049157
Ninl,27.262923534562447,-0.3628456411610607,0.4071920413759956,-0.8910921734494659,0.37287972334217245,0.9988711645766837
Nipbl,345.45885336765446,0.0737000991543496,0.1804255362081492,0.40847931342337795,0.6829218148410382,0.9988711645766837
Nipsnap2,336.51498119478043,-0.03072609827456768,0.1497248359611106,-0.20521711095778694,0.8374025013283923,0.9988711645766837
Nkain1,284.6830520515821,-0.3890038923061744,0.22478910159479515,-1.7305282575816014,0.08353593707400155,0.9988711645766837
Nkain3,2.805404837930379,0.4759880603841656,1.1591193648692037,0.4106462844211705,0.6813319198347398,0.9988711645766837
Nkd2,3.8083193327473346,-0.49321695539263755,1.1892810917892858,-0.41471857141072305,0.6783479354884878,0.9988711645766837
Nkx2-1,0.5902713768025009,-1.1918380242870574,2.4876155505396205,-0.4791086082527988,0.6318613660907735,0.9988711645766837
Nkx2-2,89.03168102893585,-0.41935199375142035,0.2527317267602075,-1.6592772072075563,0.09705994599170896,0.9988711645766837
Nkx2-5,0.5871527792279244,1.3965312172505884,3.2008726531593164,0.43629702539780457,0.6626212397803939,0.9988711645766837
Nkx3-1,5.550717908927246,-0.871732573547848,0.8416295101534437,-1.0357675949229919,0.3003105788158532,0.9988711645766837
Nkx3-2,1.802877506013021,3.3293022850447493,2.0416029979210206,1.6307295240235258,0.10294740397429405,0.9988711645766837
Nkx6-1,0.22046910344495593,1.2536647339164806,4.428644718705905,0.28308090026305255,0.7771148224071367,0.9988711645766837
Nkx6-2,1240.166041077384,-0.6119820238741932,0.20219966389089503,-3.0266223597899393,0.0024730270713241398,0.3255935378377545
Nlgn2,313.0323914435214,-0.1579700985789062,0.19116949978211087,-0.8263352614248386,0.4086139361914458,0.9988711645766837
Nlgn3,441.45330231484695,-0.2134519601182902,0.2024056431436884,-1.0545751432768107,0.2916196769942564,0.9988711645766837
Nlk,193.35943108926259,-0.02159259356619249,0.18828101140278947,-0.11468279995585676,0.9086965476136665,0.9988711645766837
Nlrc4,1.6427696160539857,0.32095016839885504,1.5696225895445581,0.20447601260120876,0.8379815351674916,0.9988711645766837
Nlrc5,18.62992797604266,0.23577813080384352,0.5904262654541869,0.3993354371226534,0.6896460591349343,0.9988711645766837
Nlrp12,0.5569452757442281,1.4218619904385634,3.2029864012361275,0.4439175857536656,0.6571021697097548,0.9988711645766837
Nlrp3,2.259132499091702,1.8660215165430145,1.5337939563600813,1.2166050784105045,0.2237545096037734,0.9988711645766837
Nlrp4e,0.2738204689374771,1.843128458385611,4.35413451047909,0.4233053558519508,0.6720724871541612,0.9988711645766837
Nlrp4f,0.29242914467602504,-1.530833738821465,4.329334067330293,-0.3535956604442544,0.7236419269900363,0.9988711645766837
Nlrp6,0.3566781939037546,0.2918814938548762,3.7648572205553323,0.07752790524465691,0.9382035929000956,0.9988711645766837
Nlrp9b,0.9916834416636218,-0.8041145919153023,2.0569795663605928,-0.3909200679800722,0.6958563198660718,0.9988711645766837
Nmb,22.997571392866476,0.010647500048757644,0.42582767052989623,0.025004246519508676,0.9800515764360078,0.9990082607840204
Nme5,11.738203582681939,-0.22928932181881378,0.5890761827654881,-0.38923543087820633,0.6971019959135898,0.9988711645766837
Nmrk1,18.575378099055897,0.09780200181255967,0.4571361034478612,0.21394503972647724,0.8305899166727339,0.9988711645766837
Nmt1,271.87411428022693,0.12136297712702931,0.15777681479789055,0.7692066624775842,0.4417706358988931,0.9988711645766837
Nmu,3193.299214213114,1.7262687279396152,2.1727928405028907,0.7944930118326753,0.42690847558729006,0.9988711645766837
Nmur1,1.3194175232085037,-1.1790310593867088,1.7860532001057259,-0.6601321054249201,0.5091690573403129,0.9988711645766837
Nobox,0.7531822102708223,0.8152687145793862,2.4566466741561652,0.33186242171329877,0.7399931469235668,0.9988711645766837
Noct,138.01270922321183,0.31182754020278913,0.21173832491764977,1.472702404366647,0.14083129799289168,0.9988711645766837
Nod1,72.83725545407792,-0.5482110280908026,0.3705067353800591,-1.4796249993362673,0.13897335109587022,0.9988711645766837
Nod2,2.203802297788597,0.6911757359950915,1.6223323949311623,0.4260383002611613,0.6700799378471805,0.9988711645766837
Nodal,1.4122950307298157,-0.03401874755904958,1.6130123152910518,-0.02109019704100104,0.9831737047852287,0.9990082607840204
Nog,24.80319356633586,0.13014002781954748,0.50518143140273,0.25761047364347806,0.7967075456812106,0.9988711645766837
Nos1ap,132.155748457454,0.07777738247473426,0.2553112670478099,0.30463748574076666,0.7606422667047958,0.9988711645766837
Nos2,1.6748323259874347,-0.14763891171866186,1.4956073689996987,-0.09871502025120847,0.9213645426811907,0.9988711645766837
Nos3,7.6975789286452185,-0.06365250332270145,0.7771705588141525,-0.08190287524507589,0.9347239480085294,0.9988711645766837
Nosip,695.6359403704286,0.03374952282201513,0.1541081813923098,0.21899890399783323,0.8266509015287349,0.9988711645766837
Notch1,158.18839205033112,0.2874450261487311,0.2785500044133116,1.0319333031573785,0.30210336341898725,0.9988711645766837
Notch2,103.12174641998693,0.1365526802159742,0.21741848622322327,0.6280637980147453,0.5299621474128995,0.9988711645766837
Notch3,48.52124575743528,0.25766365557893384,0.33324659199958057,0.7731921698969937,0.4394086594524329,0.9988711645766837
Notch4,6.8863231992081735,1.0043136598687752,0.7815259764807778,1.2850675346598373,0.19876868528123715,0.9988711645766837
Noto,0.3573793379136945,2.105959986671047,3.882576521232137,0.5424130020759307,0.5875340246416054,0.9988711645766837
Nova2,120.05805060367571,-0.035270133679162013,0.29856915857725813,-0.1181305324609925,0.9059642314177904,0.9988711645766837
Nox1,0.503593910251707,1.1445313061847249,2.9030240441770605,0.39425484900149105,0.6933928944779761,0.9988711645766837
Nox3,0.7271816112712394,-0.5351069293695357,2.25346821812341,-0.23745927502591962,0.8123005095572645,0.9988711645766837
Nox4,2.00195617075801,0.5998927954244756,1.4877536430258727,0.40322051855600344,0.686786006419791,0.9988711645766837
Noxo1,13.567481518739484,-0.09677377261598075,0.5406949857573127,-0.17898034042323632,0.8579531384969468,0.9988711645766837
Npas1,0.22046910344495593,1.2536647339164806,4.428644718705905,0.28308090026305255,0.7771148224071367,0.9988711645766837
Npas2,103.86913605484672,0.17535115672705562,0.26771082816145103,0.6550021078015749,0.5124663969715961,0.9988711645766837
Npas4,19.401248428419624,-0.23479110249513727,0.4907109154177671,-0.4784713262293089,0.6323147780037881,0.9988711645766837
Npbwr1,2.5921029513412748,-0.09546837205600038,1.2001207058140415,-0.07954897502684466,0.9365959785639445,0.9988711645766837
Npc1,2430.3290082345607,-0.163435383422407,0.1428981672098359,-1.1437192415660142,0.2527400909435531,0.9988711645766837
Npc1l1,4.030046780109626,-0.49084106345975953,0.9774650686774773,-0.5021571401256044,0.6155569889727993,0.9988711645766837
Npepps,1122.6687809320538,-0.0076993524083594925,0.13355269211655396,-0.0576502973196536,0.9540271847959481,0.9990082607840204
Npffr2,1.2474717826532553,1.8058727863375583,1.9155133430809896,0.9427617890841309,0.34580276049736014,0.9988711645766837
Nphs1,1.8260963420511844,-0.03465861575371248,1.4777862995293292,-0.023453063385924712,0.9812888781667507,0.9990082607840204
Nphs2,0.7352603778663935,1.7852362942837103,2.3819295128730493,0.7494916556663274,0.4535609261261373,0.9988711645766837
Nploc4,269.82149241178456,0.16626771396521092,0.1724027512630904,0.9644145046820205,0.3348381530868575,0.9988711645766837
Nppa,0.30714656999574985,-1.589477432344553,4.067301980088958,-0.3907940546646573,0.695949469913375,0.9988711645766837
Nppb,0.28242366279681114,-1.488372750394001,4.162759947789275,-0.3575446984840992,0.7206840699934347,0.9988711645766837
Npr1,51.642309830831955,0.17288344535359124,0.4267498957313474,0.405116549723604,0.6853918419877834,0.9988711645766837
Npsr1,26.11509596121914,2.5076749335759874,0.7248786488027127,3.459441021911643,0.0005412978067922444,0.17490998812630276
Nptx2,116.86387745237808,0.2764888936292848,0.23966790468225327,1.1536333744639193,0.24865050949322642,0.9988711645766837
Nptxr,172.18357806512768,0.538026574632911,0.4107028709205206,1.3100141555548808,0.190191046902365,0.9988711645766837
Npy1r,19.56392010519087,0.4226803410384119,0.5221214805575085,0.8095440558911389,0.41820227244053787,0.9988711645766837
Npy2r,2.9554391518529077,0.0207687345045407,1.3065126205669695,0.01589631372678817,0.9873171108517407,0.9990082607840204
Npy4r,0.206943560415748,1.2536647339164804,4.428644718705905,0.2830809002630525,0.7771148224071367,0.9988711645766837
Nqo1,41.64391178177518,0.2577382678883497,0.3146015890013979,0.8192529119336535,0.4126421321365308,0.9988711645766837
Nr0b1,0.8566662334953401,-0.5102002866052555,2.453897185603483,-0.20791428817739274,0.8352958926038156,0.9988711645766837
Nr0b2,0.5469397938650142,1.4209679017481653,3.2207329394076565,0.44119395444488596,0.6590725895243558,0.9988711645766837
Nr1d1,644.189698595769,-0.0385538022766921,0.19206695883353575,-0.20073104979033196,0.8409088796090809,0.9988711645766837
Nr1h2,194.0669609425867,0.03580222170248312,0.1892861391577381,0.18914338821527765,0.8499804363009114,0.9988711645766837
Nr1h3,19.959024447709123,-0.07163962012222838,0.48319949475376933,-0.14826095825852378,0.8821368255801478,0.9988711645766837
Nr1h4,0.6249997658806534,-1.276829765293067,2.729391612911988,-0.4678074627520443,0.6399222833618157,0.9988711645766837
Nr1i2,0.4433556604545485,-2.127290718398713,3.635716882432567,-0.5851090134871547,0.5584744185773751,0.9988711645766837
Nr1i3,0.8279611686419456,-1.8255766361418462,2.5386853234239384,-0.7191031591421032,0.47207736098055975,0.9988711645766837
Nr2c2,264.2385583777447,0.06886923976133319,0.1661511932956326,0.41449741284008856,0.6785098613702436,0.9988711645766837
Nr2e1,26.559962249445903,-0.23058754645613222,0.4081488478192487,-0.5649594447912036,0.5721013491712186,0.9988711645766837
Nr2e3,0.4186327532556098,-2.0575975940909688,3.6862624899504026,-0.5581798907973732,0.5767215510806478,0.9988711645766837
Nr2f1,506.93764176934087,-0.26294024656312764,0.17618268876741874,-1.4924295252993827,0.13558657966029794,0.9988711645766837
Nr2f2,97.54331879183667,-0.8082345038179996,0.24576397198263353,-3.288661463670973,0.0010066502558871771,0.23501466775626154
Nr3c1,354.21154090583576,-0.1681422888900178,0.15475184658043756,-1.0865284816011556,0.2772452470437544,0.9988711645766837
Nr3c2,167.19384937017412,-0.0197397694114328,0.2031896159881753,-0.097149499079626,0.9226076721532015,0.9988711645766837
Nr4a1,40.32336722093747,0.10693810796983555,0.40944551855671063,0.26117786890619976,0.7939553440186555,0.9988711645766837
Nr4a2,6.432751651145048,1.0122051997096637,0.7602314215306569,1.3314435197530778,0.18304311766437553,0.9988711645766837
Nr4a3,26.580117822978945,0.1404436314069553,0.3999738590219906,0.35113202585380376,0.7254893025621147,0.9988711645766837
Nr5a1,0.4533611423337623,-2.1547732931189914,3.195826599826765,-0.6742459973378387,0.5001549306298455,0.9988711645766837
Nr5a2,1.301299585750533,-0.4511518091429426,1.851633282403565,-0.24365073442475188,0.8075013317482003,0.9988711645766837
Nr6a1,24.807344019276048,0.3443103490604846,0.4331690867269138,0.7948636216451681,0.4266928374694027,0.9988711645766837
Nrarp,36.79178671332634,0.3417112759327182,0.3709209758815842,0.9212508813246758,0.35691945907445266,0.9988711645766837
Nras,115.91765677998599,0.0260059788656374,0.2775369276564523,0.09370276988087425,0.9253452699142768,0.9988711645766837
Nrcam,430.2113307615373,0.07477497484335585,0.17848776406552613,0.4189361395994887,0.6752628041917293,0.9988711645766837
Nrep,96.48030493931167,0.09733262823573324,0.3109465366050743,0.31302046100405057,0.7542651171073363,0.9988711645766837
Nrf1,80.84079704520383,0.2723968484468392,0.290484154767117,0.9377339313575348,0.3483811616537792,0.9988711645766837
Nrg1,29.13535275579847,-0.1097970403561056,0.3959365367721616,-0.2773096952638331,0.7815423156455062,0.9988711645766837
Nrip1,138.57249854538168,-0.13450449880162008,0.21169228050070077,-0.6353774378710745,0.5251822794816139,0.9988711645766837
Nrip3,456.97042293953285,-0.12755832952487697,0.18888197740656962,-0.6753335139556851,0.49946389591782636,0.9988711645766837
Nrl,0.5816681829431668,1.424037609980047,3.161099558769212,0.4504880607222957,0.6523585611329832,0.9988711645766837
Nrn1,601.9467876060228,-0.16427968278593977,0.1811768542498161,-0.9067365887665891,0.3645461097884024,0.9988711645766837
Nrp1,55.298993190721745,0.46423342542702745,0.3598324491641961,1.2901377474581006,0.19700283581215117,0.9988711645766837
Nrp2,52.06588098693651,0.5578669479206226,0.28616460760952533,1.9494617191858963,0.05124031009707496,0.9988711645766837
Nsf,1421.3076270692436,0.013110070126044239,0.21217515573675744,0.06178890304343505,0.950730940690819,0.9990082607840204
Nsmce3,37.133849480734106,-0.05627005294168984,0.3344582602818927,-0.1682423776714725,0.866392603505771,0.9988711645766837
Nsmf,6286.436846902851,-0.27622793973098003,0.11225673996479581,-2.4606802212286434,0.013867390498482901,0.6091824867587009
Nsun2,217.38664631430285,0.15908527876857703,0.20277204227590073,0.7845523326737444,0.4327160872668463,0.9988711645766837
Nt5c1b,0.27311932492753715,0.2918801220273429,4.0938117842693424,0.07129788505395035,0.9431606784301703,0.9988711645766837
Nt5e,146.20435627946236,0.05340744343782577,0.24187050531107157,0.22081007094741886,0.8252403216426921,0.9988711645766837
Ntf3,0.9774567546244741,-1.950273938396128,2.1767708845957325,-0.8959481919744303,0.3702804337877015,0.9988711645766837
Ntf5,0.0,,,,,
Nthl1,62.91230804356875,0.06229644994448315,0.2674000754731316,0.23297095123947603,0.8157839627210666,0.9988711645766837
Ntmt1,58.7393389661731,-0.1845722352993923,0.28205106997692875,-0.6543929626449917,0.5128586671366107,0.9988711645766837
Ntn1,30.343492879039548,0.0075559667857641715,0.377577427506591,0.02001170153539508,0.9840340379599672,0.9990082607840204
Ntn4,21.02176898370966,-0.00876731719222857,0.45170476083304767,-0.01940939735959306,0.9845145138126018,0.9990082607840204
Ntng1,1019.2833053694781,-0.21348386696624733,0.20653387633293943,-1.0336506085912234,0.30129953102950635,0.9988711645766837
Ntng2,128.9875832565559,-0.23378709679590545,0.28007711388319034,-0.8347240285166936,0.40387310938556253,0.9988711645766837
Ntrk1,1.4326359492293543,1.9286989942793653,1.8646010471305101,1.03437622608198,0.30096031411145663,0.9988711645766837
Ntrk2,1807.8773769156994,0.07225454495849579,0.2191736789802962,0.3296679842883483,0.7416508473789394,0.9988711645766837
Ntrk3,47.68211403174687,0.7612932300953531,0.46664199838357884,1.631428874238558,0.10279985640256567,0.9988711645766837
Nts,3.3056319250274426,0.10248365568726729,1.189643708804024,0.08614651170668272,0.9313499500284522,0.9988711645766837
Ntsr1,10.493669178048657,1.6164682157028873,0.7561772432619767,2.137684293076331,0.03254237515502073,0.8848342548943952
Ntsr2,1675.6981698722057,0.017239017398455975,0.13732496414628823,0.1255344758735328,0.9001004331071849,0.9988711645766837
Nuak2,5.661934645634698,0.9719473406862897,0.8637754753306337,1.125231461699292,0.26049096438652986,0.9988711645766837
Nubpl,8.221071890130213,-0.8818367279450696,0.7188618275006381,-1.226712414277258,0.21993070008896132,0.9988711645766837
Numb,85.2171915226298,-0.09833546488053696,0.2312420106725313,-0.42524913442217355,0.6706550694140907,0.9988711645766837
Nup155,60.71463266093465,-0.03631168440324142,0.2809216675183383,-0.12925910886126657,0.8971526263327758,0.9988711645766837
Nup205,122.52211563605682,0.2750269544706693,0.24453926282533325,1.1246740146882364,0.26072719695291946,0.9988711645766837
Nup62,48.92308381031256,0.9035895620701095,0.4088415035421275,2.2101219035777335,0.02709670309517682,0.8288116763936265
Nup98,178.85702083237132,0.14038583602028476,0.18330507988895478,0.7658589500374444,0.44376023350447236,0.9988711645766837
Nxn,14.657410939967988,0.059980412735662084,0.5243308919171665,0.1143941996557734,0.9089253118176376,0.9988711645766837
Nxph2,0.7105374706674549,1.785564520254396,2.3982250732192356,0.7445358403569518,0.4565523668602308,0.9988711645766837
Nxph4,5.409831280201626,0.5804362051296423,0.9152579714021881,0.6341777108375313,0.5259648520560131,0.9988711645766837
Nyap1,133.07427875809807,0.012578255826278981,0.40127683557747273,0.03134558168098032,0.9749939393264277,0.9990082607840204
Nyap2,72.82438665440044,0.4853432641714108,0.45897116667840526,1.057459159545602,0.2903020841938547,0.9988711645766837
Oasl2,10.07217634388068,0.16240981962775375,0.6922042034496476,0.23462703465014104,0.8144982245851978,0.9988711645766837
Oc90,0.4186327532556098,-2.0575975940909688,3.6862624899504026,-0.5581798907973732,0.5767215510806478,0.9988711645766837
Oca2,0.7557620799053982,0.2827335713146134,2.9009335457732273,0.09746296040685495,0.9223587474667984,0.9988711645766837
Ocln,12.879877504351493,-0.2936368216965285,0.5499932796085047,-0.5338916539226525,0.5934164967269517,0.9988711645766837
Ocstamp,0.2724181809175973,-1.4424797020843334,4.337121033308591,-0.33258922013156994,0.7394443816540731,0.9988711645766837
Odam,1.3727688887010248,-0.818805447791944,1.6849081766335128,-0.4859644336393079,0.6269923829717419,0.9988711645766837
Odc1,162.65197984478456,0.9274366036868468,0.27285233597023556,3.3990421976376903,0.0006762228234557688,0.18795237698606732
Odf2,289.72376707743985,-0.23795757604281279,0.18153483184122393,-1.3108094663118863,0.18992214354823134,0.9988711645766837
Odr4,312.03100555047695,0.03310987724579781,0.14672179060015106,0.22566434822234047,0.8214624888224873,0.9988711645766837
Ofd1,37.20098292708812,0.3065684258098447,0.37454275282365845,0.8185138372018713,0.4130638441677694,0.9988711645766837
Ogdh,786.5682162381418,-0.014169612644710847,0.13257151235962047,-0.1068827864486724,0.9148819693792736,0.9988711645766837
Ogg1,44.07502982451979,0.30007824698502256,0.32134812230086246,0.9338104882532161,0.350401658338092,0.9988711645766837
Ogn,2.007402947192063,-0.1778598421447509,1.4772046206017964,-0.12040298254164193,0.9041639288650325,0.9988711645766837
Ogt,337.44331397449236,-0.10886783611734044,0.17492747967891256,-0.6223598277250227,0.5337052895060498,0.9988711645766837
Olfm3,122.31902299859217,-0.24200159864669732,0.23054056639144377,-1.0497137333990645,0.29384974769047234,0.9988711645766837
Olfml3,13.07333166863379,-0.08270856774318243,0.5959569700034851,-0.1387827845065706,0.8896217982985897,0.9988711645766837
Olfr17,0.13620909045879864,-0.6699094182016448,4.4288527141152105,-0.15126026116573588,0.8797704155341529,0.9988711645766837
Olig1,692.9127287611469,-0.2821368043439647,0.12916738619922905,-2.1842727692019266,0.0289422104944485,0.8418481343239875
Olig2,2143.4995419446655,0.0521758051693664,0.2143744768660136,0.24338627401981652,0.8077061759207058,0.9988711645766837
Olig3,0.3914065829819071,0.2918819116878126,3.6587476789220057,0.07977645284733358,0.9364150525269253,0.9988711645766837
Olr1,0.7198418085367289,0.4718215169257965,2.5641426138630936,0.18400751751282593,0.854007557500152,0.9988711645766837
Omp,13.30354540065702,-0.4975052988939622,0.5384825402036945,-0.9239023770497155,0.35553714537272907,0.9988711645766837
Onecut1,0.9534349914354753,-0.7906521907123188,2.10588826878318,-0.37544830959582287,0.707327082276471,0.9988711645766837
Onecut2,29.61554440319736,0.22808865717979174,0.3761823957262404,0.6063246440319311,0.5442991970373249,0.9988711645766837
Onecut3,1.1397910403020912,-0.35613798178745937,1.9618114098559523,-0.18153527907843556,0.8559474444501208,0.9988711645766837
Opa1,405.61563947549166,-0.0476981187039126,0.14782139375731432,-0.3226739884635438,0.7469421534594456,0.9988711645766837
Opalin,415.0323652604374,-0.955204964252487,0.3174081079055525,-3.009390562060615,0.0026177236696487928,0.32741178798132275
Opn1mw,1.4055705624951178,0.27976564287222144,1.6561734380758406,0.16892291377239818,0.865857275611492,0.9988711645766837
Opn1sw,0.490068367222499,1.10837745908821,2.9205192956860997,0.3795138284911847,0.70430633735881,0.9988711645766837
Opn3,38.32119651356678,-0.0898165173981326,0.38021315193949673,-0.23622675054761147,0.813256722897763,0.9988711645766837
Opn4,0.3171520518749637,-1.6299156053852275,4.032308140551388,-0.4042140502591523,0.6860553226533403,0.9988711645766837
Oprd1,1.766102186966992,-1.53735789133161,1.718318528594441,-0.8946873735855867,0.3709542301769634,0.9988711645766837
Oprk1,5.072712082936083,1.1468218151355185,1.1115719222737537,1.0317117517593104,0.302207170521298,0.9988711645766837
Oprl1,26.03030027128491,0.035277198619045894,0.4490623074527524,0.07855746971762387,0.9373846171920198,0.9988711645766837
Oprm1,142.81308754941134,0.1995592218500527,0.1956950952899065,1.01974564847638,0.30784910614011585,0.9988711645766837
Orai1,7.032832445197692,-0.07953398061047037,0.7993923140461983,-0.09949305142540309,0.9207468046866828,0.9988711645766837
Orc1,0.9067744051940491,1.1215145429811217,2.3771457420659887,0.4717904010405386,0.6370764031055047,0.9988711645766837
Orm1,0.3078477140056897,0.2918807853093279,3.93821644106615,0.074114967949885,0.9409189053157049,0.9988711645766837
Osgep,207.27501600849754,0.03236062280344859,0.19124948676245312,0.1692063249489554,0.8656343549377118,0.9988711645766837
Osm,0.0,,,,,
Osmr,12.450851739830535,1.5162702958924343,0.6134125809386487,2.4718604459860045,0.013441197501345535,0.6091824867587009
Osr1,0.2738204689374771,1.843128458385611,4.35413451047909,0.4233053558519508,0.6720724871541612,0.9988711645766837
Osr2,0.14621457233801252,-0.6699094182016454,4.4288527141152105,-0.15126026116573596,0.8797704155341528,0.9988711645766837
Otc,0.13691023446873854,1.2536647339164804,4.428644718705905,0.2830809002630525,0.7771148224071367,0.9988711645766837
Otof,14.698659104431032,0.4114771852451838,0.6216521092729884,0.661909095307984,0.5080294824243796,0.9988711645766837
Otp,0.9646844761317305,3.5284877815440248,3.029178920885547,1.1648330698513216,0.24408656991575262,0.9988711645766837
Otud5,327.63861751039457,0.24356980720934773,0.1514801295608577,1.6079323929511997,0.10784998641968947,0.9988711645766837
Otud7b,918.7414902265649,-0.3129809673681751,0.2079343052380535,-1.505191589285178,0.13227482690768202,0.9988711645766837
Otx1,7.857408318717599,-0.4355312651894097,0.8030872350280527,-0.5423212400757387,0.5875972260048195,0.9988711645766837
Otx2,13.591593523492046,-0.5044017528999368,0.5836895219415921,-0.8641610547026587,0.3874994230628349,0.9988711645766837
Ovol1,0.30714656999574985,-1.589477432344553,4.067301980088958,-0.3907940546646573,0.695949469913375,0.9988711645766837
Oxt,0.3438537948844865,2.0625228501282593,3.9223880904154367,0.5258334470187036,0.5990039332728522,0.9988711645766837
Oxtr,4.880036494605219,0.7870348061373249,1.0159034215303484,0.7747141996546703,0.4385085584945482,0.9988711645766837
P2rx3,13.84482385661579,-0.4710031265724102,0.5758399774567541,-0.8179409992557921,0.4133908779414416,0.9988711645766837
P2rx4,176.80057173174634,-0.2476440702546154,0.27061988172934703,-0.9150993218683384,0.36013949095756037,0.9988711645766837
P2rx7,184.55712653792264,0.0017400248497569186,0.22704454291055898,0.0076638038838148905,0.9938852290615222,0.9990082607840204
P2ry1,10.185949555788167,-0.161097535753042,0.6487173978620757,-0.24833238060819368,0.8038772473997452,0.9988711645766837
P2ry12,128.83789686145766,-0.5132185070397762,0.33675109585124613,-1.5240292113748055,0.12750141424089254,0.9988711645766837
P2ry13,12.477697833853611,-0.3263953633091588,0.5823370545429618,-0.5604921767606307,0.575143774348378,0.9988711645766837
P2ry2,3.608509965875905,2.3091082543183985,1.403315170837167,1.645466608146813,0.09987362331293712,0.9988711645766837
P3h1,23.098798404455014,0.6272322344259479,0.42469207658578983,1.4769106112561154,0.13969960013220858,0.9988711645766837
P3h3,19.910358160572333,0.006808313907830879,0.507978512705539,0.013402759639515439,0.989306465166116,0.9990082607840204
P4hb,764.8563880638017,0.23393548832050112,0.1622830824421455,1.4415272670452262,0.1494357797468339,0.9988711645766837
Pa2g4,341.2927448457379,0.1578060163100929,0.14888856712293677,1.0598934448727215,0.289193078176758,0.9988711645766837
Pacsin3,266.67606236193166,-0.3854545775643817,0.1985175842527078,-1.9416646591553717,0.05217770970146151,0.9988711645766837
Padi2,237.8993589203218,-0.043824049644230506,0.2069233107585243,-0.21178884816593893,0.8322717690534795,0.9988711645766837
Padi4,0.28242366279681114,-1.488372750394001,4.162759947789275,-0.3575446984840992,0.7206840699934347,0.9988711645766837
Padi6,0.0,,,,,
Pafah1b1,878.7189191950794,-0.07236734285153654,0.13945210772632946,-0.5189404737686378,0.6038022523429225,0.9988711645766837
Pafah1b2,1049.3247302803748,-0.12029991411436235,0.1416539246850954,-0.8492522489708335,0.395740945319629,0.9988711645766837
Pafah1b3,23.09453116822819,0.261969439951349,0.4290783072208107,0.6105399306904026,0.541504200535045,0.9988711645766837
Pah,1.7022209123310768,0.2477040259706019,1.5210467513381418,0.16285102726308978,0.8706357305473231,0.9988711645766837
Paip1,1199.4996634435984,-0.0507626905016448,0.11870192843249396,-0.42764840615469574,0.6689071181064525,0.9988711645766837
Pak1,3528.174173043981,-0.09555941094425567,0.107932533407327,-0.8853624382522705,0.37596118423836744,0.9988711645766837
Pak2,864.6042158188806,-0.08981916529642749,0.15725547454313987,-0.5711671759432922,0.5678863260672946,0.9988711645766837
Pak3,190.90716721667778,-0.16174377246563526,0.22580526289173844,-0.7162976203224403,0.4738075958754969,0.9988711645766837
Pakap,350.72086883672864,-0.09304002204647419,0.1670182267503719,-0.5570650811993908,0.5774829642182999,0.9988711645766837
Pald1,8.655420394813383,-0.7512136950632653,0.6987552343870609,-1.0750741577230836,0.282341528309374,0.9988711645766837
Palmd,16.660491604955766,-0.09250290922095719,0.4868535566530048,-0.1900015065246546,0.8493079499998673,0.9988711645766837
Panx1,18.789792763039078,0.21285921993366386,0.4933804953522453,0.4314301476017908,0.6661556330951377,0.9988711645766837
Panx2,502.53713435864483,0.1844995603973666,0.2604018974439851,0.7085184947127898,0.4786233310979352,0.9988711645766837
Panx3,0.28312480680675106,0.2918803284116611,4.04604244075645,0.07213971002169989,0.9424907245055009,0.9988711645766837
Pard3,704.0423447624148,-0.30205205945182406,0.17259631641194353,-1.7500492810686794,0.08010981041736442,0.9988711645766837
Pard6a,44.25529795053031,-0.1852424180917987,0.30021941317829687,-0.6170234500517972,0.5372192583984985,0.9988711645766837
Pard6b,10.403489446549655,0.11495126238769494,0.648438992561402,0.1772738279257782,0.8592933074810992,0.9988711645766837
Park7,1147.8930680024644,-0.04734472600673236,0.1360469066508521,-0.3480029584813484,0.7278379616620596,0.9988711645766837
Parp1,360.93580420535045,0.0720784850202839,0.1584031815683847,0.45503180117103065,0.649086360463517,0.9988711645766837
Parp2,99.53138308931834,-0.04435158544440625,0.22537316789622597,-0.19679177365438696,0.8439904889121161,0.9988711645766837
Parpbp,3.216312298506829,0.16825560316727567,1.0848600595568836,0.15509429228687846,0.876746981835186,0.9988711645766837
Parva,66.95154216874546,0.23634354949332237,0.38568082375601875,0.612795697726556,0.5400114359583703,0.9988711645766837
Parvb,677.4996092613745,0.1843068150681816,0.147252580916907,1.2516372475140787,0.21070207566793409,0.9988711645766837
Patj,202.62555130179206,-0.08942908162482555,0.19672636255118384,-0.45458615950141446,0.6494069938057468,0.9988711645766837
Patz1,114.70454383235669,0.02531369425418623,0.23739501194818885,0.1066311126187896,0.9150816349947876,0.9988711645766837
Pawr,2.019963812672566,0.9087287345359089,1.4084955090051297,0.645176877544875,0.5188125686384262,0.9988711645766837
Pax1,1.3473448374921464,-1.5269955722545516,1.9128166406850267,-0.7982968883560617,0.4246982233289651,0.9988711645766837
Pax2,0.3573793379136945,2.105959986671047,3.882576521232137,0.5424130020759307,0.5875340246416054,0.9988711645766837
Pax3,0.44405680446448836,-0.6235102737815117,3.003849274169698,-0.20757042610064314,0.8355643979530634,0.9988711645766837
Pax4,0.8447677253156695,-1.6407816879189485,2.283796121897884,-0.7184449050361918,0.47248300728963155,0.9988711645766837
Pax5,0.2738204689374771,1.843128458385611,4.35413451047909,0.4233053558519508,0.6720724871541612,0.9988711645766837
Pax6,28.38726381771478,0.2322779563082106,0.46338182616597423,0.5012668671753502,0.6161833201427694,0.9988711645766837
Pax7,0.17093747953695118,-0.6699094182016454,4.4288527141152105,-0.15126026116573596,0.8797704155341528,0.9988711645766837
Pax8,1.249298387751367,-2.4721933936183462,2.0823891272663735,-1.1871908862987979,0.23515233491283938,0.9988711645766837
Pax9,0.3438537948844865,2.0625228501282593,3.9223880904154367,0.5258334470187036,0.5990039332728522,0.9988711645766837
Paxbp1,363.81163722476634,0.17825335897902828,0.1886830120635229,0.9447239421798964,0.3447998304931055,0.9988711645766837
Paxip1,250.47276274436777,-0.02189755926310412,0.1607242550982264,-0.1362430284696075,0.8916291604785812,0.9988711645766837
Pbrm1,304.80762302695024,-0.08612762639522051,0.17729021519025417,-0.48580022480538465,0.6271088149032,0.9988711645766837
Pbx2,151.54313969141535,0.2856816289180655,0.2147190507777922,1.3304903681495446,0.18335675776272065,0.9988711645766837
Pbx3,155.48691436022588,-0.25270242097163936,0.21116842508121628,-1.196686582638711,0.23142873866820235,0.9988711645766837
Pcbp3,203.50718029246818,0.03590665364563192,0.20384140122568112,0.17614995496365435,0.8601761360637507,0.9988711645766837
Pcdh10,1072.1342715164649,-0.10773165921456859,0.14587367642790078,-0.7385270725511317,0.46019422206432603,0.9988711645766837
Pcdh11x,225.87844465102714,-0.20464702496678677,0.2238720778633522,-0.9141248293219484,0.36065125716094815,0.9988711645766837
Pcdh15,233.97852390250475,-0.3958315866752145,0.21962998753128704,-1.8022656702051079,0.07150361698687806,0.9988711645766837
Pcdh20,16.737694731598754,0.22993993284532088,0.5214917741663125,0.44092724801444166,0.6592656666956089,0.9988711645766837
Pcdh8,64.91750236903457,0.4285830885907943,0.3843498083184974,1.115085995400425,0.26481357222740587,0.9988711645766837
Pcdha2,3.3133470478978837,0.5358444999362612,1.0143821911593474,0.5282471484676198,0.5973278089552461,0.9988711645766837
Pcdha7,18.487850497201347,0.07157203452387066,0.5136648731643728,0.13933605014288686,0.8891846038252162,0.9988711645766837
Pcgf1,20.54469404523135,0.27394105916528655,0.4371426941480561,0.6266627873060262,0.530880301692626,0.9988711645766837
Pcgf2,23.726221371749133,1.0055874786213472,0.4081206435080827,2.4639466163182013,0.013741657644621298,0.6091824867587009
Pcif1,161.29612263895484,0.019816123883345815,0.18983650373191208,0.1043852130322113,0.9168636568634736,0.9988711645766837
Pclaf,0.40932841538633585,-0.4880724854232401,3.5388230487164654,-0.1379194378199454,0.890304088058115,0.9988711645766837
Pcm1,531.4302112354159,0.008259413401567722,0.13551966414211117,0.060946235764771234,0.9514020270436622,0.9990082607840204
Pcmtd2,356.0736983424277,-0.03679573982018715,0.1587576464337423,-0.23177302414560486,0.8167143101917403,0.9988711645766837
Pcna,409.2548321456264,0.04580873927221037,0.22972619578881773,0.19940581488722056,0.8419453122019736,0.9988711645766837
Pcnt,179.5179311020684,-0.10566543060421152,0.21166332967225024,-0.4992146290423995,0.6176281897532332,0.9988711645766837
Pcp2,0.9569550525854694,-0.7446471953412971,1.9094369895736658,-0.38998259665408497,0.6965494159692694,0.9988711645766837
Pcsk1,19.82077659261895,0.7627657187663154,0.49770010898474176,1.5325809759661915,0.1253791317960558,0.9988711645766837
Pcsk4,11.702830300987472,0.3386009242813595,0.5710929821661912,0.5928998164134764,0.5532482008880559,0.9988711645766837
Pcsk6,218.57386231220661,0.06906858375752521,0.21433447509240125,0.3222467301527167,0.7472657854609925,0.9988711645766837
Pcsk9,0.6149942840014395,-1.2520963489920358,2.7372561339148813,-0.4574275433995507,0.647363770774884,0.9988711645766837
Pcx,883.4599904974242,-0.11334206968258802,0.14935000324522263,-0.7589023583513955,0.4479109680857032,0.9988711645766837
Pdap1,509.5033861584515,0.027904540868903434,0.14771219839553443,0.18891155349392616,0.8501621382427933,0.9988711645766837
Pdc,0.13620909045879864,-0.6699094182016448,4.4288527141152105,-0.15126026116573588,0.8797704155341529,0.9988711645766837
Pdcd1,0.3531581327537605,0.2918814668318446,3.771616171528236,0.07738896365840324,0.9383141201774131,0.9988711645766837
Pdcd1lg2,0.0,,,,,
Pdcd4,633.529834836486,-0.02183394075551432,0.1379583673979557,-0.15826470816758784,0.8742482164152738,0.9988711645766837
Pde10a,185.2039217765882,-0.01872085873249336,0.222414624059717,-0.08417098835851244,0.9329204842488232,0.9988711645766837
Pde12,32.16077128039109,0.056070254541413046,0.35762449343062974,0.15678527497806657,0.8754140781864437,0.9988711645766837
Pde1b,236.71179080940354,0.2309983944060816,0.23515377925346612,0.982329074784269,0.325937755236672,0.9988711645766837
Pde1c,357.96138182014425,-0.10326046415707486,0.16913262206251978,-0.610529553068152,0.5415110727337061,0.9988711645766837
Pde3b,29.035749198030004,-0.26274939874649283,0.3640073732746173,-0.7218243860908482,0.47040245448891116,0.9988711645766837
Pde4c,0.9227174017878937,-1.866312069181318,2.481063102909207,-0.7522227334697559,0.45191712457305355,0.9988711645766837
Pde6b,0.3778810399526991,0.29188177635622714,3.693452016246246,0.07902682235273072,0.9370112886243994,0.9988711645766837
Pde6c,0.13620909045879864,-0.6699094182016448,4.4288527141152105,-0.15126026116573588,0.8797704155341529,0.9988711645766837
Pde6g,1.5089779791598235,-1.0230745277697677,1.6013204765915143,-0.6388943017499094,0.5228916951953066,0.9988711645766837
Pde7b,147.13250940656732,-0.3068545685690565,0.2081275123351652,-1.4743585080424295,0.14038508976682287,0.9988711645766837
Pde8a,903.4016211753502,-0.1877179907566687,0.20567246473246037,-0.9127035600066984,0.36139847108611156,0.9988711645766837
Pde8b,88.67412294025603,0.06288997577150224,0.29324535156890863,0.21446196993415584,0.8301868205963108,0.9988711645766837
Pdgfa,186.62264434135946,0.19453304105387723,0.29021337570155326,0.6703103900143086,0.5026599451166265,0.9988711645766837
Pdgfb,26.216782614201435,-0.07734681567835847,0.4200805329020866,-0.18412378013333613,0.8539163515473067,0.9988711645766837
Pdgfra,67.92990909867436,-0.4012508799584545,0.2702590706598325,-1.4846897792507312,0.13762602043373262,0.9988711645766837
Pdgfrb,36.55542461751272,-0.06832949870210316,0.3929499475474056,-0.17388855534548678,0.861953047115511,0.9988711645766837
Pdia3,1835.4686003029437,0.14982698887595805,0.13074607828438883,1.14593868391269,0.2518205235985398,0.9988711645766837
Pdk1,112.43684359374913,0.11818552618695201,0.2622173905450634,0.45071581995871185,0.6521943789502322,0.9988711645766837
Pdk4,45.82655006374676,-0.003008840004383774,0.3446881705424095,-0.008729165261601498,0.9930352222599181,0.9990082607840204
Pdlim1,4.071169682681367,-1.3199842228626042,1.1321876625936258,-1.165870523477329,0.24366679829146298,0.9988711645766837
Pdlim4,27.987607304545687,0.5910247865803737,0.3827119461217845,1.5443071285585137,0.12251394645726756,0.9988711645766837
Pdpk1,250.51063166884842,0.2449032365164636,0.1562010337516925,1.5678720597059426,0.11691099356858248,0.9988711645766837
Pdpn,17.60749755298362,0.39194602388935945,0.5307056340768214,0.7385375219751747,0.46018787469446687,0.9988711645766837
Pdx1,0.28312480680675106,0.2918803284116611,4.04604244075645,0.07213971002169989,0.9424907245055009,0.9988711645766837
Pdxk,412.2175261491621,-0.0350462352406182,0.16205137551396093,-0.21626620032977703,0.8287802538538753,0.9988711645766837
Pdyn,10.996786771969033,0.07980595812849343,0.6229568105096976,0.1281083323628759,0.8980632421133445,0.9988711645766837
Pdzd7,9.340898949050423,0.08166061472712235,0.655242297703834,0.12462659235108248,0.9008191748721995,0.9988711645766837
Pdzk1,2.291791145123638,-0.5810999777709287,1.2366063113652779,-0.46991509943804505,0.6384156760369786,0.9988711645766837
Pecam1,35.312183323818665,-0.44084699830352314,0.3840569923683953,-1.1478686941355145,0.251022773619374,0.9988711645766837
Peg10,278.8214205022403,0.4463607625857791,0.2099749509003632,2.12578100707634,0.03352149818252543,0.9016562118665308
Peg3,857.3117989521094,0.02874741015840273,0.21450611351981957,0.13401674053334883,0.8933893368193961,0.9988711645766837
Per1,216.22170176091262,0.32672645372275366,0.24712482782824008,1.3221110019339672,0.18613119074477968,0.9988711645766837
Per2,64.71510680252824,0.35524922469098263,0.3210154606519866,1.1066421036839371,0.2684486960720943,0.9988711645766837
Per3,58.23244588357765,-0.5111649049238739,0.3103097625082671,-1.6472730370842128,0.09950193735592171,0.9988711645766837
Pex3,192.8381915739491,-0.024888976250604933,0.1905268746756222,-0.13063236508224452,0.8960661384738496,0.9988711645766837
Pf4,0.7879105993489749,0.7186864248490757,2.1893757131853886,0.3282608921441981,0.7427144108538233,0.9988711645766837
Pfas,100.27199789931433,-0.07458693428181348,0.22283367626348832,-0.33472020716302603,0.7378361567725467,0.9988711645766837
Pfkfb1,4.540215385795713,-0.8907637705150613,1.00171149081129,-0.889241841274705,0.3738731203822896,0.9988711645766837
Pfkfb2,180.64837334066462,-0.06334262019093917,0.19565241388706267,-0.32375077277351005,0.7461267281164072,0.9988711645766837
Pfkl,444.367337615872,-0.032740014398830904,0.18293858936472515,-0.1789672398400157,0.8579634251742105,0.9988711645766837
Pfkp,480.38957109723805,-0.12023576124151125,0.1812455551096499,-0.6633859857626359,0.5070833790605208,0.9988711645766837
Pfn4,51.00698798088558,-0.26986169963578005,0.2876028978238946,-0.9383135624767666,0.3480832919156214,0.9988711645766837
Pgam5,262.56661582980854,0.21428618425011134,0.19579152436549313,1.0944609831531489,0.27375285045286313,0.9988711645766837
Pgf,11.285720301103874,0.31082674292179874,0.6305513650519075,0.49294436607271674,0.622051897818073,0.9988711645766837
Pgk1,2077.8536490777747,0.015059992040240838,0.11963704317295458,0.12588067742922396,0.8998263781715312,0.9988711645766837
Pgk2,0.2738204689374771,1.843128458385611,4.35413451047909,0.4233053558519508,0.6720724871541612,0.9988711645766837
Pgpep1,43.931835151763494,0.2794021870915271,0.38315532678913816,0.7292138920080589,0.4658708347509365,0.9988711645766837
Pgr,54.64143102978406,0.08391981966210332,0.353769117735953,0.23721635228979934,0.8124889510283715,0.9988711645766837
Phb,89.58149171231749,0.2803774764023566,0.23115793220725273,1.2129260446532044,0.2251580969965472,0.9988711645766837
Phb2,238.42702470473955,0.13406544691654407,0.19910259605854988,0.6733485628540955,0.5007255642517316,0.9988711645766837
Phc1,167.87660589085223,0.18077780197033103,0.23004688511825178,0.7858302531564608,0.4319669401732109,0.9988711645766837
Phc2,217.03168551588536,-0.18067811231223324,0.17607403980173705,-1.0261485027303314,0.3048215908857518,0.9988711645766837
Phex,0.7264804672612994,-1.5804735588790577,2.342058987532003,-0.6748222684794618,0.4997886906601331,0.9988711645766837
Phf10,285.3192375195975,0.15561876092803806,0.17344091042987006,0.8972436811034944,0.3695889013179101,0.9988711645766837
Phf3,48.22832127607279,0.5201900944091746,0.3025151782533865,1.7195503954960694,0.08551419957859456,0.9988711645766837
Phf6,186.97283698588578,0.07921285216788682,0.18149079930688894,0.43645657229126594,0.6625055011835046,0.9988711645766837
Phlda2,0.17093747953695118,-0.6699094182016454,4.4288527141152105,-0.15126026116573596,0.8797704155341528,0.9988711645766837
Phox2a,0.5276156734407057,-0.6224988170984243,2.8763878365650326,-0.2164168576939225,0.8286628270768912,0.9988711645766837
Phox2b,0.5748528074728362,-2.5088262592093136,3.3941938735294297,-0.7391523150091976,0.4598145127108393,0.9988711645766837
Phtf1,180.59712754491204,0.021017416618927715,0.20750210290418455,0.10128772829175926,0.9193220574983159,0.9988711645766837
Phyhd1,74.56440048592962,0.6924250388817723,0.43719447244861914,1.5837918421147215,0.11324109635723455,0.9988711645766837
Phykpl,14.677375405120742,0.5430246052139335,0.5836834795079758,0.9303408855629831,0.352194615186041,0.9988711645766837
Pi4ka,721.9103960936413,-0.030705065467629238,0.1279526746431307,-0.23997204867555835,0.8103519254726229,0.9988711645766837
Pianp,134.09228471287747,-0.05584768929705212,0.21348395731739123,-0.2616013399733927,0.7936288108372349,0.9988711645766837
Pias1,173.2595787369321,0.03608726762887611,0.18035156452609113,0.20009400929624555,0.84140705851616,0.9988711645766837
Pias2,482.3650275104855,-0.042243173930476025,0.1435511468325774,-0.2942726328738001,0.7685495830998627,0.9988711645766837
Pias3,86.75672625813007,-0.0003388623332664508,0.2551471976720518,-0.0013281052520200535,0.9989403256358121,0.9993398218668202
Picalm,2016.0886173283734,-0.024972075044885734,0.18182564858837147,-0.13734077254094726,0.8907614439383674,0.9988711645766837
Pick1,276.45186607150646,-0.105651089730839,0.15503035795309625,-0.6814864593346502,0.49556373180874214,0.9988711645766837
Piezo1,2.537035276294057,1.1947797562895441,1.2282363110988304,0.9727604903820548,0.33067235336821377,0.9988711645766837
Piezo2,4.5833003756836055,-0.7581183666221006,0.999697007059662,-0.7583481407550678,0.44824259476957373,0.9988711645766837
Pifo,0.2738204689374771,1.843128458385611,4.35413451047909,0.4233053558519508,0.6720724871541612,0.9988711645766837
Pik3c3,494.1262830931436,-0.13425126162853118,0.16184193888962867,-0.8295208432969066,0.406809747435362,0.9988711645766837
Pik3ca,91.5182106864708,0.17257610313193622,0.2803610003084166,0.6155496054804003,0.538191820245584,0.9988711645766837
Pik3cb,218.1100274441188,0.08140412897873482,0.17013394334826829,0.4784708293752917,0.6323151315582776,0.9988711645766837
Pik3cd,115.08168660404318,-0.29529458867404645,0.2500061191369554,-1.1811494442353294,0.2375433607744044,0.9988711645766837
Pik3cg,8.88228208812866,0.4081910912737896,0.703743848145277,0.5800279353767436,0.5618957794522237,0.9988711645766837
Pik3r1,1727.4145141518927,-0.24500772929370002,0.14009437496920785,-1.7488762796332948,0.08031240762881749,0.9988711645766837
Pik3r2,675.0379631808559,-0.03407141934344192,0.15506269694065108,-0.21972672999801146,0.8260839858303994,0.9988711645766837
Pim1,4.334765686307546,2.174273069008356,1.0796314010810513,2.0139031403043886,0.04401970378944446,0.9988711645766837
Pim2,53.90220953729304,0.08851744690294663,0.3134599647278201,0.2823883649058886,0.7776457355774333,0.9988711645766837
Pin1,2.2453409646115747,0.9844067145427755,1.3134531189781038,0.7494799017331247,0.45356800795441965,0.9988711645766837
Pink1,2030.3355632345226,-0.07541623067283452,0.18314104021203834,-0.411793176371165,0.6804910232554597,0.9988711645766837
Pinlyp,0.8579439252959844,0.8535720692571293,2.1605930349855527,0.3950637882449885,0.6927958124830231,0.9988711645766837
Pip,0.30714656999574985,-1.589477432344553,4.067301980088958,-0.3907940546646573,0.695949469913375,0.9988711645766837
Pip4k2c,228.67546994785275,0.01849604918581839,0.17753694091693792,0.10418141199397997,0.9170253847736147,0.9988711645766837
Pip4p1,374.13843698465627,0.05007702951448445,0.1588984691180861,0.315151113742131,0.7526469211558515,0.9988711645766837
Pip5k1c,336.8963028245252,-0.11217159067892427,0.24710519453757085,-0.4539426655471189,0.6498700938862755,0.9988711645766837
Pirb,0.6343562242764519,2.9042256393827564,3.330682811740712,0.871961037281999,0.3832296335438621,0.9988711645766837
Pisd,131.1082405597654,-0.000378148191506029,0.23338899354298862,-0.0016202486062667594,0.9987072292180289,0.9993064535555597
Pithd1,115.61135037364731,0.07596348526428759,0.20566263729157547,0.3693596769188143,0.7118596494636935,0.9988711645766837
Pitpnm1,734.6635491041261,0.09238227848169146,0.1802883289512931,0.5124140814830535,0.608361237861492,0.9988711645766837
Pitrm1,196.3616991397042,-0.1192839565096158,0.18663205113489673,-0.6391397178794223,0.5227320438199403,0.9988711645766837
Pitx1,0.7217348348371857,1.764461617391886,2.622254452448376,0.6728796344475355,0.5010238695500215,0.9988711645766837
Pitx2,1.3105146489146475,0.9670832934501682,2.1798040210235183,0.44365607372174587,0.6572912582861699,0.9988711645766837
Piwil1,0.8107404802474568,-0.3365252578140212,2.018011386256261,-0.16676083202797493,0.8675582385737055,0.9988711645766837
Piwil2,4.99680854483169,0.8015532040132276,1.0515959212206267,0.7622254782833646,0.44592544222425046,0.9988711645766837
Piwil4,0.7171761293920255,-0.5312669239359049,2.5148073196695075,-0.21125551837733764,0.8326878907645636,0.9988711645766837
Pja1,181.61158252532036,0.23600011344977834,0.17478893811764068,1.350200510348886,0.17695167454556382,0.9988711645766837
Pja2,1633.3985380209444,-0.04845312917123858,0.16077890691574767,-0.30136496198863505,0.7631362093456588,0.9988711645766837
Pkd1,168.9855315462822,0.1126557170764421,0.20378604593652408,0.5528136951611126,0.5803909896943984,0.9988711645766837
Pkd2,226.86003038994616,0.03231923954195659,0.16918858913015264,0.19102493677687796,0.8485060561695708,0.9988711645766837
Pkd2l1,173.45104767358066,1.75371806524046,0.9610183241790572,1.8248539295424577,0.06802307506071442,0.9988711645766837
Pkia,52.13296889346673,0.0413123925331927,0.38460704693443004,0.10741454911572607,0.914460112759621,0.9988711645766837
Pkib,66.44495484738431,0.38701872227805106,0.3534402702298363,1.0950046015593506,0.2735146205351898,0.9988711645766837
Pkig,58.17252087569599,0.1891360174855582,0.2740913015151096,0.6900475003769205,0.49016431659369464,0.9988711645766837
Pklr,0.13620909045879864,-0.6699094182016448,4.4288527141152105,-0.15126026116573588,0.8797704155341529,0.9988711645766837
Pkm,883.5820275420223,-0.013645188998892506,0.1514419619950382,-0.09010177112826612,0.9282063417896632,0.9988711645766837
Pkn1,141.48945692109706,0.15071262994656887,0.21639070027136867,0.6964838588606856,0.4861258622647152,0.9988711645766837
Pknox2,42.617227171762984,0.6060259345670623,0.34858190799993644,1.738546725056003,0.08211452444020154,0.9988711645766837
Pkp4,1256.0163579774019,-0.021616713232654423,0.15306571459854332,-0.1412250502298974,0.8876921571758882,0.9988711645766837
Pla2g10,1.2493505082778915,0.6983041014917105,1.7471301697275936,0.3996863620073527,0.6893875382817987,0.9988711645766837
Pla2g2e,0.5488185194896503,-0.7512039860289235,3.2589593858913677,-0.2305042490805572,0.8176999620895935,0.9988711645766837
Pla2g2f,0.0,,,,,
Pla2g4a,153.90391977681946,-0.6117275250770338,0.3146871789467354,-1.9439226190418646,0.051904783167072345,0.9988711645766837
Pla2g6,54.2402308319135,-0.5452250153575173,0.3097433400538716,-1.760247743382279,0.07836581016689709,0.9988711645766837
Pla2r1,1.342175895272679,-0.9941978169263359,1.8155066978351602,-0.5476145134093053,0.5839566217737993,0.9988711645766837
Plaat1,69.40398768020118,-0.08147703179706656,0.24546864470708485,-0.3319243966751527,0.7399463478928237,0.9988711645766837
Plac8,3.1879457007970644,-0.655542941651193,1.232064147822244,-0.5320688397677257,0.5946783179876832,0.9988711645766837
Plac9a,1.9864130052091091,-0.10685675779573828,1.363925722102954,-0.07834499787201195,0.9375536243105967,0.9988711645766837
Plagl1,24.965691115656686,0.28282210998249796,0.5486577003426258,0.5154800703715289,0.6062175927202271,0.9988711645766837
Plagl2,65.42659112157415,-0.06559203239328576,0.25502591813054226,-0.25719751495889376,0.7970263022751763,0.9988711645766837
Plau,13.781050062451579,0.7041179898902077,0.5592745021931352,1.2589846079681517,0.20803589148112056,0.9988711645766837
Plaur,3.3547662162271314,1.1329681765143125,1.1628345106165527,0.9743159204258528,0.32989970220877685,0.9988711645766837
Plcb2,1.585812379901343,-0.6390997973479732,1.7830736121929394,-0.35842591858109935,0.7200245981353517,0.9988711645766837
Plcb4,353.1706550539932,-0.4716191809229704,0.20449749010366114,-2.3062345688639185,0.02109752896628034,0.7485882086404294
Plcg1,193.08261284796265,-0.15308009369325984,0.1705295495729218,-0.8976748843624885,0.36935890308145736,0.9988711645766837
Plcg2,7.75610170981811,0.11464388586174212,0.788615700893635,0.14537357769041523,0.8844159249818501,0.9988711645766837
Pld1,186.31026446953885,-0.06197365807219086,0.18339687295551105,-0.3379210183546838,0.7354227079613015,0.9988711645766837
Pld2,78.28258518490212,-0.212054510500396,0.2692698866122785,-0.7875166182460392,0.43097950414614894,0.9988711645766837
Pld5,9.893450534808307,0.5551976158598386,0.732445695720578,0.7580051587491913,0.44844789443902466,0.9988711645766837
Plec,451.7276633529602,-0.02833025508156563,0.18974020247677753,-0.14931076657322,0.8813084200086785,0.9988711645766837
Plekha1,1770.0020032558862,0.27818712991756805,0.19897978580588258,1.3980672900560729,0.16209286133861567,0.9988711645766837
Plekha2,85.21135886610686,-0.3642660226962598,0.2756648123953311,-1.3214092126269117,0.1863649558993994,0.9988711645766837
Plekha5,357.907985084521,-0.1559505450333792,0.17012780874247174,-0.9166669822300884,0.3593171729192308,0.9988711645766837
Plekhg2,40.77654766721243,0.023804024493102625,0.3399515552799931,0.07002181376548491,0.9441762973752512,0.9990082607840204
Plekhg4,0.13691023446873854,1.2536647339164804,4.428644718705905,0.2830809002630525,0.7771148224071367,0.9988711645766837
Plg,0.3171520518749637,-1.6299156053852275,4.032308140551388,-0.4042140502591523,0.6860553226533403,0.9988711645766837
Plgrkt,44.05279113915384,-0.242104158774487,0.30370735577400493,-0.797162644143008,0.4253565781675981,0.9988711645766837
Plin1,0.490068367222499,1.10837745908821,2.9205192956860997,0.3795138284911847,0.70430633735881,0.9988711645766837
Plin2,71.1345993548516,0.38372395358094097,0.2738747966592525,1.401092609694786,0.16118638128562013,0.9988711645766837
Plin4,949.2653228580048,0.3489268298265519,0.5936582948174853,0.5877570192695213,0.5566953971805371,0.9988711645766837
Plin5,5.995666915247729,-0.7583559805253345,0.7782407175839118,-0.9744491175939618,0.32983359164837767,0.9988711645766837
Plk1,1.8011074434013263,-0.8769791381838911,1.9335339704914098,-0.45356282928973096,0.6501435122590014,0.9988711645766837
Plk2,210.30830989143578,0.20427169212685325,0.21947545977901525,0.9307267989438531,0.35199490345677553,0.9988711645766837
Plk3,143.15652365577205,-0.23535693337592792,0.20045684622474916,-1.174102744847384,0.24035387418105114,0.9988711645766837
Plk4,18.558705357100468,-0.03960874184083929,0.46572067008684925,-0.0850482797627447,0.9322230080207251,0.9988711645766837
Pllp,2309.4549228844407,-0.36100929641863333,0.13856859413382522,-2.6052750168626364,0.009180054132796303,0.5403271861927048
Pln,2.9457493240389847,0.20195825860996244,1.3129880354337933,0.15381576462213398,0.8777550033937827,0.9988711645766837
Plod1,389.73768948357997,-0.15221459009244517,0.23985738923683944,-0.6346045480472806,0.5256863611824124,0.9988711645766837
Plod3,235.5259950538729,0.3438879446068575,0.20401905197208406,1.6855678000793364,0.09187907559679068,0.9988711645766837
Plp2,5.967664626934748,0.1309071913249821,0.8162325581849409,0.16037977168673703,0.8725819232090936,0.9988711645766837
Plpp3,1205.3838499793742,0.003996227824971453,0.15282527416230504,0.026148998239174357,0.9791384954637948,0.9990082607840204
Plppr3,170.92762969629652,0.21965494967137886,0.2711889570630832,0.8099701110627574,0.4179573542530014,0.9988711645766837
Plppr4,173.78755755705717,-0.09451323440452418,0.18352572983322063,-0.5149862882464125,0.6065626016854986,0.9988711645766837
Pls1,1230.677443161791,-0.24074198415769119,0.1635309925334083,-1.4721489818421372,0.14098065085675138,0.9988711645766837
Pltp,393.45173380908324,-0.06357217969538621,0.178524684753807,-0.35609742027022706,0.721767609101548,0.9988711645766837
Plvap,0.0,,,,,
Plxdc2,896.884343452556,-0.10245216866908168,0.15610321573161604,-0.6563104301786125,0.5116244079274661,0.9988711645766837
Plxna1,29.869589299458678,0.6456025487200874,0.3811183807444564,1.6939685445215253,0.09027126047384412,0.9988711645766837
Plxna2,26.092256503591717,-0.0389236326931611,0.39382133934830443,-0.09883576333768994,0.9212686724619612,0.9988711645766837
Plxna3,96.16173707209192,0.23928028435421692,0.2689775904006889,0.8895918949893458,0.37368505981512035,0.9988711645766837
Plxna4,54.12294952237094,0.19571741336995835,0.30498374706995385,0.6417306340100373,0.521048095196627,0.9988711645766837
Plxnb2,209.93095045001613,0.37125209118984276,0.24579779896201082,1.5103963207059536,0.13094232690396226,0.9988711645766837
Plxnc1,60.31999398386849,0.09081189823240657,0.3347532492850635,0.27128010983121037,0.7861756031360121,0.9988711645766837
Plxnd1,9.667147532454175,0.07269229630881557,0.6623267088943217,0.10975292907961845,0.9126053225882649,0.9988711645766837
Pmaip1,8.500579815537696,-0.2820070460893632,0.7307384016170373,-0.3859206597946887,0.6995554293698139,0.9988711645766837
Pmch,84.42975475123994,-2.6448365273718455,0.46604055266656025,-5.675121000176473,1.385906583511445e-08,1.73342265932694e-05
Pml,75.77198388347531,-0.24834212378394588,0.2619633407912569,-0.9480033467042821,0.3431277504515088,0.9988711645766837
Pmm2,43.84837331328038,0.032265489339853785,0.2986549222239399,0.1080360206340755,0.9139671190840147,0.9988711645766837
Pmp22,296.31793462398645,-0.4116038989078479,0.3643967960602465,-1.1295486221558229,0.2586664705679066,0.9988711645766837
Pms1,75.75939038205645,0.25583265500324215,0.24139080878802266,1.0598276557741748,0.2892230126450859,0.9988711645766837
Pms2,4.918870711123132,0.33593005322434166,0.9336442672201237,0.3598051902836137,0.7189928215096664,0.9988711645766837
Pnkd,60.84839679740289,-0.33415107126282106,0.26626925957673986,-1.254936720047916,0.2095017326168428,0.9988711645766837
Pnoc,22.062731692834117,-0.3145667526397746,0.44006580196688355,-0.7148175369088254,0.4747217973733965,0.9988711645766837
Pnpla1,0.5283168174506456,1.1445686742563042,2.8676689408787275,0.3991285946367222,0.6897984537198665,0.9988711645766837
Pnpla2,150.227508565661,-0.045561092485799794,0.30924168336491464,-0.14733166625547148,0.8828702391413845,0.9988711645766837
Pnpla3,27.396670305381406,0.16903189408947447,0.3862018991379316,0.43767753205456117,0.6616200588670719,0.9988711645766837
Podxl,34.94838330409616,-0.2846320757370993,0.3376003470984348,-0.8431036229181025,0.3991704927266825,0.9988711645766837
Polb,256.01840600469217,-0.2934975434375669,0.15847281737608765,-1.8520371398524367,0.06402048991431808,0.9988711645766837
Polg,282.49435310465964,0.23241751708754882,0.20684818725120288,1.1236139904155589,0.2611768183442641,0.9988711645766837
Polk,99.90444582102013,0.16114205005793594,0.23386730315485038,0.6890319761853972,0.49080314526761404,0.9988711645766837
Polr1e,60.38046114831997,-0.030590071784640432,0.27682766229445227,-0.11050222196401313,0.9120110877904423,0.9988711645766837
Polr2a,655.2739660053451,0.24135287420158144,0.16272584080901242,1.4831871385740865,0.13802469735826198,0.9988711645766837
Polr2b,328.129895510426,-0.12655878670579754,0.1536637061581118,-0.8236088395237277,0.4101618517067316,0.9988711645766837
Polr2e,213.1046759251791,0.2998888192617791,0.20169568082105183,1.4868380822088405,0.13705758079097558,0.9988711645766837
Polr2f,275.29735911911376,-0.07709220298619623,0.16362334438268003,-0.4711565044526534,0.6375289769112931,0.9988711645766837
Polr2h,71.2930375228499,-0.012366742578816002,0.25825890045114597,-0.04788505858738209,0.9618078472504357,0.9990082607840204
Polr2j,136.02190460246118,-0.05649077963144297,0.1942607109858575,-0.29079878965106637,0.7712052110809462,0.9988711645766837
Polr3e,123.53791081324596,-0.1506615977566569,0.3176916480774176,-0.4742384594257337,0.6353298706950968,0.9988711645766837
Pom121,124.92371340960926,0.048599157246465026,0.22402351983573848,0.21693774511756422,0.8282568616294925,0.9988711645766837
Pomc,7.670675957980923,-0.06735050112204813,0.6778039422908568,-0.09936575596538347,0.9208478709510769,0.9988711645766837
Pon1,0.13620909045879864,-0.6699094182016448,4.4288527141152105,-0.15126026116573588,0.8797704155341529,0.9988711645766837
Pon3,5.460725739748334,-0.23362041669365263,0.8064182840028074,-0.28970128942765805,0.7720447697897899,0.9988711645766837
Por,242.8125164842742,0.09733777681443831,0.16327258884464532,0.5961672899488089,0.551063475032877,0.9988711645766837
Postn,0.7217685238207886,-1.5692244917744844,3.0285422537101816,-0.5181451537788756,0.6043569980591222,0.9988711645766837
Pou1f1,0.4935884283724931,1.1445163161069793,2.9180857726812546,0.3922147617529939,0.6948995378898936,0.9988711645766837
Pou2af1,0.13691023446873854,1.2536647339164804,4.428644718705905,0.2830809002630525,0.7771148224071367,0.9988711645766837
Pou2f1,138.80751831574375,0.04194862027280194,0.22142752548027814,0.18944627675269837,0.8497430574833523,0.9988711645766837
Pou2f3,0.5895702327925609,-2.5406102215163777,2.98339892396005,-0.851582468945879,0.3944458731597211,0.9988711645766837
Pou3f1,61.21315159021015,1.8155160195167002,1.1360688012352036,1.5980687239564717,0.11002768326085999,0.9988711645766837
Pou3f2,62.53090278050147,0.08536664559962197,0.33302628819835345,0.25633605701654644,0.7976913576203102,0.9988711645766837
Pou3f3,856.5016757875359,-0.1225363173551209,0.1906533914273833,-0.6427177425888747,0.5204072661574344,0.9988711645766837
Pou3f4,12.781851068166091,0.3757450646024275,0.5610566287063562,0.6697096966286511,0.5030428691184116,0.9988711645766837
Pou4f1,1.3754648421523168,2.907495690254171,2.323597774807891,1.2512904435426888,0.21082853078864483,0.9988711645766837
Pou4f2,0.6362829395605115,0.24218186862869714,2.6313799771685544,0.09203606880420678,0.9266693824327392,0.9988711645766837
Pou4f3,3.788697989800658,0.6289481253924465,1.011505928380395,0.6217938103432639,0.5340774568648441,0.9988711645766837
Pou5f1,0.685027609948449,-1.2507444915874348,2.6643264367215376,-0.4694411594423392,0.6387543339831915,0.9988711645766837
Pou6f1,129.2556929541041,0.09277644151091861,0.2422345260253717,0.38300255142489964,0.7017178723018993,0.9988711645766837
Pou6f2,6.505441478162171,0.5409144682967298,0.7756039062855267,0.6974107065644412,0.4855458030839088,0.9988711645766837
Ppara,39.753649792612265,0.21141434774015214,0.31685047428698193,0.6672369615854423,0.5046207852201458,0.9988711645766837
Pparg,2.716099512085586,1.4132956362279239,1.172178921770549,1.2056995821876526,0.22793334619416883,0.9988711645766837
Ppargc1a,162.52067543665322,-0.263137209986376,0.21569750722371359,-1.2199362587600966,0.22248903926702757,0.9988711645766837
Ppargc1b,100.59368007735709,0.5347355961665647,0.23429705497151757,2.2822975569691657,0.022471778688410278,0.7700432108090179
Ppfibp1,134.43853940003882,0.26642112006244156,0.26581297550955785,1.002287866315472,0.31620458107706784,0.9988711645766837
Ppif,105.72483507460096,0.04489772379923157,0.23378686875281535,0.19204553291956822,0.8477065390686039,0.9988711645766837
Ppl,1.5726504805968489,-0.4794037356489877,1.5685474405617783,-0.30563547091523624,0.7598822101114191,0.9988711645766837
Ppm1d,33.477533134554,0.19533159881437312,0.3876715086154832,0.503858536088901,0.6143607897885948,0.9988711645766837
Ppm1h,161.24266955363336,0.04060273614438467,0.19560059439304522,0.2075798198383611,0.8355570625805314,0.9988711645766837
Ppp1cc,552.9526545297819,-0.07940157431095446,0.14998637573186624,-0.5293919125887961,0.5965336072648292,0.9988711645766837
Ppp1r10,167.6764093110979,-0.2542911152798431,0.21602565118692382,-1.1771338907332294,0.23914207000068488,0.9988711645766837
Ppp1r16b,2828.331425193137,-0.28918748050976806,0.23157687346649222,-1.2487753037723424,0.2117472691281107,0.9988711645766837
Ppp1r1b,29.767406853712444,0.06548393909968087,0.49055193024945687,0.1334903300989577,0.8938056112925363,0.9988711645766837
Ppp1r1c,0.786718717058458,0.7735126771864226,2.435275078322364,0.31762846179959575,0.7507667819407275,0.9988711645766837
Ppp1r2,564.415908171739,0.1282685606126405,0.1569284969321956,0.8173694588310607,0.41371732370532066,0.9988711645766837
Ppp1r3a,3.415252066356761,-1.7169814130977437,1.2063270005716744,-1.4233134235444218,0.1546453173502538,0.9988711645766837
Ppp1r7,482.03395651114215,0.026038608145600918,0.1471712539026003,0.17692726979708673,0.8595655183187452,0.9988711645766837
Ppp2ca,3204.405877088175,-0.07933954452932106,0.12329266619607353,-0.6435057897372957,0.5198959591631622,0.9988711645766837
Ppp2r1a,1872.1249648534395,0.08947461828845106,0.12298448742380484,0.7275276757476031,0.4669027677195403,0.9988711645766837
Ppp2r1b,127.32031335240406,0.06360087614826555,0.21018504233894858,0.30259468247841115,0.762198767371187,0.9988711645766837
Ppp2r2a,307.0532445024316,-0.05028398114330619,0.16945590463061178,-0.29673785196755265,0.7666666562006198,0.9988711645766837
Ppp2r2b,318.06006321400685,-0.05193654090736639,0.18888920257053723,-0.274957701131549,0.7833487357790995,0.9988711645766837
Ppp2r5c,1201.051805762225,-0.17130094359844045,0.15132022769306025,-1.1320425974107662,0.2576165260849419,0.9988711645766837
Ppp3cb,1743.699762999916,0.005599161453095887,0.12248574238949198,0.045712760880291956,0.9635391927311507,0.9990082607840204
Ppp3r1,1086.817967607191,0.026390303902031665,0.11668225997467953,0.2261723753701587,0.8210673552085681,0.9988711645766837
Ppp3r2,2.9937397226075793,1.258544488097813,1.1385486228024464,1.1053937116888395,0.2689890273634966,0.9988711645766837
Ppp4r3a,321.03143626599825,-0.00755079020638186,0.1592934326607294,-0.04740176716804067,0.9621930206088866,0.9990082607840204
Ppp5c,587.3367518140151,0.07154840204526197,0.13764635582395687,0.5197987379830743,0.6032038590456561,0.9988711645766837
Ppp6c,556.6955069626839,0.0492904917279696,0.14935062997994353,0.33003203089661476,0.7413757596577878,0.9988711645766837
Ppp6r3,408.7014233721004,-0.05347602172210717,0.14087750872966856,-0.3795923295657003,0.7042480555107976,0.9988711645766837
Ppt1,1502.8151840073215,0.01176901958130437,0.13783277561170806,0.08538621912729343,0.9319543486929764,0.9988711645766837
Praf2,146.41058213075357,0.14650596438908972,0.1946989577720859,0.7524743124746934,0.45176587193002116,0.9988711645766837
Prap1,0.13691023446873854,1.2536647339164804,4.428644718705905,0.2830809002630525,0.7771148224071367,0.9988711645766837
Prdm1,1.2005200283798265,0.4914182878742015,2.150312797856199,0.22853339679888973,0.8192315960728886,0.9988711645766837
Prdm13,0.6931543662030268,0.621578402280634,2.5408716269104272,0.2446319584576739,0.8067414164961588,0.9988711645766837
Prdm14,0.27311932492753715,0.2918801220273429,4.0938117842693424,0.07129788505395035,0.9431606784301703,0.9988711645766837
Prdm16,4.0266656158546885,0.16193396863365553,0.973800362443037,0.16629072536736494,0.8679281645151489,0.9988711645766837
Prdm9,9.836119509997959,0.24837473408307748,0.6037659929625808,0.41137582602879524,0.6807969769480668,0.9988711645766837
Preb,236.4312396371339,0.02899695909898518,0.2114804044246701,0.13711416515336758,0.8909405560453995,0.9988711645766837
Prelp,13.401023690269271,0.2575168850327396,0.6555679680207246,0.39281492933559364,0.6944561772150508,0.9988711645766837
Prep,248.64297159854587,-0.08375100612498737,0.17152512579177182,-0.48827252414704225,0.6253568203857067,0.9988711645766837
Prf1,0.22046910344495593,1.2536647339164806,4.428644718705905,0.28308090026305255,0.7771148224071367,0.9988711645766837
Prickle3,6.965764478829911,-0.11914477338012208,0.7368915091628007,-0.16168563743594386,0.8715534153798811,0.9988711645766837
Primpol,39.055246088373664,-0.311015990703146,0.34774951203500665,-0.8943678709514254,0.3711250969813764,0.9988711645766837
Prkaa1,350.7809547108859,-0.11380353496624346,0.1640843948275804,-0.6935670822678052,0.4879537432451143,0.9988711645766837
Prkaa2,169.8566899771971,0.009684633059103593,0.19027628826599835,0.05089774005663217,0.9594070063511364,0.9990082607840204
Prkab1,91.82945991643068,0.01985243302919556,0.2645952442289749,0.07502944010594423,0.9401912880863349,0.9988711645766837
Prkaca,1461.602844349701,-0.08630257298811275,0.16939692198345765,-0.5094695463034481,0.6104231392942971,0.9988711645766837
Prkacb,1314.6714073662254,0.01302212420926569,0.1502931815365416,0.08664481033758374,0.9309538463110042,0.9988711645766837
Prkar1a,4382.65500440745,-0.02223650943465848,0.15127955104429455,-0.14698952555820083,0.8831402879107808,0.9988711645766837
Prkar2b,134.45248528476986,0.31708225249496785,0.31503624511026534,1.0064945142549753,0.31417774916623553,0.9988711645766837
Prkca,223.87864317932517,-0.05164611323905201,0.1720985891453741,-0.30009608733878584,0.764103863598112,0.9988711645766837
Prkcd,3305.526260111394,-0.8739453443984249,0.6070979911104311,-1.4395457688797628,0.14999595213941624,0.9988711645766837
Prkce,1211.8445478655406,-0.08646194305015292,0.1804198113809279,-0.47922643521449093,0.631777549999264,0.9988711645766837
Prkcg,402.74517869401984,-0.22861566322044238,0.2131793634459445,-1.0724099158801177,0.2835359561093511,0.9988711645766837
Prkci,305.3719139347598,0.14667280633177476,0.16509977756858174,0.8883888790876626,0.37433160534106724,0.9988711645766837
Prkcq,625.1823155602129,-0.40327744040508295,0.1981242647741912,-2.03547728424235,0.04180287193832033,0.9988711645766837
Prkcz,789.0647576579153,-0.31725750852088114,0.15617688218030032,-2.031398655753797,0.042214570686204524,0.9988711645766837
Prkd1,51.80859669903267,-0.43157918013148644,0.3032118053889995,-1.4233587626240363,0.15463218031742113,0.9988711645766837
Prkd3,657.0807649019529,0.21333214496069747,0.23274134568684707,0.9166061334359361,0.3593490691983279,0.9988711645766837
Prkdc,68.85496810950276,0.00264905479525741,0.27812261830231655,0.009524772963189616,0.9924004456146011,0.9990082607840204
Prkg2,113.9962017859106,-0.11342020776955598,0.23174518974257405,-0.48941774323577036,0.6245459768848163,0.9988711645766837
Prkn,48.075698613211465,-0.24578729256560283,0.31497685470718123,-0.7803344559843911,0.43519403669453893,0.9988711645766837
Prl,0.40862727137639593,-2.021519410583075,4.293594625457573,-0.47082214017063595,0.6377677525202419,0.9988711645766837
Prl2c2,0.14621457233801252,-0.6699094182016454,4.4288527141152105,-0.15126026116573596,0.8797704155341528,0.9988711645766837
Prl3a1,0.7105374706674549,1.785564520254396,2.3982250732192356,0.7445358403569518,0.4565523668602308,0.9988711645766837
Prl3b1,0.0,,,,,
Prl3c1,0.206943560415748,1.2536647339164804,4.428644718705905,0.2830809002630525,0.7771148224071367,0.9988711645766837
Prl3d1,0.13691023446873854,1.2536647339164804,4.428644718705905,0.2830809002630525,0.7771148224071367,0.9988711645766837
Prl7a1,0.0,,,,,
Prl8a1,0.22046910344495593,1.2536647339164806,4.428644718705905,0.28308090026305255,0.7771148224071367,0.9988711645766837
Prl8a2,0.13691023446873854,1.2536647339164804,4.428644718705905,0.2830809002630525,0.7771148224071367,0.9988711645766837
Prl8a6,1.8528317740443103,-0.27791929182067493,1.4479418486059417,-0.19194092089281886,0.8477884831000456,0.9988711645766837
Prm1,0.13691023446873854,1.2536647339164804,4.428644718705905,0.2830809002630525,0.7771148224071367,0.9988711645766837
Prmt1,33.58706416088777,-0.15142617679223644,0.3433812273242087,-0.4409856006754413,0.6592234214285628,0.9988711645766837
Prmt3,300.2147334289871,0.02493124522065186,0.17481307727563586,0.14261659144265057,0.8865929933552796,0.9988711645766837
Prmt5,276.33597953740815,0.2050567480979451,0.1615928952463524,1.268971310807514,0.2044512965345786,0.9988711645766837
Prmt7,85.44441594332939,0.07108538207098906,0.23740251032876072,0.2994297826613051,0.7646121406931521,0.9988711645766837
Prodh,44.69223615304597,0.12906661418407006,0.31412273032499927,0.4108795757968057,0.6811608394102495,0.9988711645766837
Prok1,0.17093747953695118,-0.6699094182016454,4.4288527141152105,-0.15126026116573596,0.8797704155341528,0.9988711645766837
Prokr2,10.79313431415757,1.0142742565942224,0.816061925994253,1.2428888351315697,0.21390880049797412,0.9988711645766837
Prom1,48.20842061329677,0.2520384600118028,0.3848894815596351,0.6548333277139758,0.5125750703275762,0.9988711645766837
Prom2,4.783278572145872,2.4826129754373163,1.1549729641367357,2.149498778348376,0.03159488282468408,0.8701777460413038
Prop1,0.7105374706674549,1.785564520254396,2.3982250732192356,0.7445358403569518,0.4565523668602308,0.9988711645766837
Prorp,23.975390824357262,0.036824051345295136,0.40078102196689863,0.09188072619949683,0.9267928049419772,0.9988711645766837
Prox1,446.0965468817438,0.038373543293849566,0.24579728011146054,0.15611866525312443,0.8759394860134933,0.9988711645766837
Prpf19,856.6810877917056,0.044299876016211916,0.1364574179084247,0.3246424906408617,0.7454516646707356,0.9988711645766837
Prpf3,52.59515335983449,0.27795054919751416,0.2938526473443805,0.9458841079344442,0.3442077000479029,0.9988711645766837
Prpf31,171.02352342799475,0.05972829858403639,0.1941985846557045,0.3075629963520535,0.7584148807533899,0.9988711645766837
Prpf4b,462.3202012709712,-0.03424886502862951,0.1900774576475438,-0.1801837285310096,0.8570083321185111,0.9988711645766837
Prpf8,1220.1801318237556,0.03268962159973868,0.11820570951634175,0.27654858410387856,0.7821267492430924,0.9988711645766837
Prph,2.851153874432503,-1.0092659355667994,1.2254032647075324,-0.823619427689122,0.4101558335836395,0.9988711645766837
Prph2,1.2065433526045848,-0.5329621623773032,1.7242662343174815,-0.3090950525910323,0.7572492225075447,0.9988711645766837
Prps1,122.80417953190573,0.18993150796620625,0.2059994117104152,0.9220002445113945,0.3565284481238701,0.9988711645766837
Prpsap2,420.79395837482497,-0.18337271330623986,0.1703114383155805,-1.0766905330601304,0.2816185431257203,0.9988711645766837
Prr5,42.3326734551812,-0.03446218382302141,0.323638628603647,-0.106483530633256,0.9151987217632288,0.9988711645766837
Prr5l,1204.1662268755497,-0.8357728805326488,0.32743783727504266,-2.5524627437317595,0.01069643485961033,0.5816767782894617
Prrc2b,826.8820656736193,0.20264225310212752,0.13772705292828627,1.4713322386099572,0.1412012888308422,0.9988711645766837
Prrx1,33.3982729026792,0.21252902746017108,0.3484180534073029,0.609982822020199,0.541873186823802,0.9988711645766837
Prrxl1,5.166795773423733,1.8742521897836222,1.2970467080527242,1.4450151857657196,0.14845362020439112,0.9988711645766837
Prss1,0.0,,,,,
Prss21,0.4100295593962757,0.8936255737254076,3.536097766403823,0.25271517722605735,0.8004883187694496,0.9988711645766837
Prss41,1.0010399000594203,2.3580660230898913,2.421329396126785,0.973872463144382,0.3301198678935341,0.9988711645766837
Prss42,0.13620909045879864,-0.6699094182016448,4.4288527141152105,-0.15126026116573588,0.8797704155341529,0.9988711645766837
Prss50,3.4559169628666666,0.20821591880905577,1.115399681010457,0.18667381957688017,0.8519163841974884,0.9988711645766837
Prune1,49.76864753785673,0.3946437373075755,0.29946080889930166,1.317847696859326,0.1875546374200292,0.9988711645766837
Psat1,1617.459770454544,-0.34108958849563464,0.2710390192140705,-1.2584519730210402,0.2082283458487082,0.9988711645766837
Psd2,184.99952228243967,-0.19861933028548207,0.2608899108071455,-0.7613147234057089,0.44646910849249,0.9988711645766837
Psen1,330.423106033612,0.004285297375577776,0.15273041794167022,0.028057916905684026,0.9776159582916909,0.9990082607840204
Psen2,51.766222972445405,-0.4989352982390802,0.2983234458101544,-1.6724642506194105,0.09443281163374267,0.9988711645766837
Psma4,358.910948972659,0.05127377198660625,0.16858687557061794,0.3041385743288694,0.7610223198695771,0.9988711645766837
Psmb11,0.14621457233801252,-0.6699094182016454,4.4288527141152105,-0.15126026116573596,0.8797704155341528,0.9988711645766837
Psmb6,534.892038862355,-0.02499066123755608,0.15372067598634723,-0.16257189266963437,0.8708555189360221,0.9988711645766837
Psmb8,36.12380089140806,0.9622393961979389,0.40307835138173886,2.387226684091108,0.016976020261673733,0.6709171811368123
Psmb9,1.5016044874417103,1.1631894970001746,1.7307823631841004,0.6720599433774379,0.5015455359739582,0.9988711645766837
Psmc2,599.7456776805885,-0.20440983907315782,0.1961583709496417,-1.0420653377348574,0.29738138759278276,0.9988711645766837
Psmd1,692.9044988072638,0.06412026938134592,0.12512377969575397,0.5124547031528158,0.6083328143746093,0.9988711645766837
Psmd10,100.44986038342641,-0.23300887092168374,0.25293019096557023,-0.9212378721265496,0.35692624954135177,0.9988711645766837
Psmd11,48.65340928224227,0.27514660057944695,0.3240174586609831,0.849172145589015,0.39578551019684494,0.9988711645766837
Psmd12,345.4457606440249,-0.047889464285314494,0.14700079832609722,-0.3257768993817268,0.744593157710652,0.9988711645766837
Psmd13,409.32941868942197,0.08730076204758389,0.1442599814628184,0.605162714997886,0.5450708869273027,0.9988711645766837
Psmd14,549.5206968450535,-0.14495908933268895,0.1382138932656527,-1.0488025907357355,0.29426898485768227,0.9988711645766837
Psmd3,384.30271201456486,0.08593595044615489,0.16099820755493616,0.5337696099307916,0.5935009419134919,0.9988711645766837
Psmd5,212.99117604830656,0.059465576719842955,0.19019500143291262,0.31265583360148513,0.7545421540339732,0.9988711645766837
Psmd6,228.78544921655364,0.058227351632839174,0.16848901013748327,0.34558545738577817,0.7296542766621361,0.9988711645766837
Psmd9,293.7257401539456,-0.16769213745425227,0.15301027895126504,-1.0959534130884339,0.27309916246025845,0.9988711645766837
Ptafr,2.3634658065960052,0.06606885681175995,1.3246959963336173,0.049874731255034964,0.9602222137737341,0.9990082607840204
Ptar1,370.16605219957114,-0.0632744105825264,0.15842090509813506,-0.39940695038530794,0.6895933734968575,0.9988711645766837
Ptbp1,303.1872029719952,0.5680769248423535,0.26822383415493406,2.1179211259586106,0.034181748114702204,0.9125452832454184
Ptch1,494.1266353240219,0.22113273391858868,0.1407851401197422,1.5707107563376952,0.116249849567074,0.9988711645766837
Ptch2,1.1136658450832726,-2.192197193244398,2.077699324203769,-1.055108007066666,0.2913759304061916,0.9988711645766837
Ptchd1,18.985095560540618,-0.277982961453162,0.5251734951547705,-0.529316433555428,0.5965859574587102,0.9988711645766837
Pten,812.4126088122151,0.10708105391846008,0.13833520609500463,0.7740694284643628,0.43888973510405227,0.9988711645766837
Ptf1a,0.5276156734407057,-0.6224988170984243,2.8763878365650326,-0.2164168576939225,0.8286628270768912,0.9988711645766837
Ptgdr,0.5809670389332269,0.00628711534297091,2.7048963783108357,0.0023243460982032564,0.9981454418041827,0.9990082607840204
Ptgds,33969.36806432975,-0.3379268159453889,0.18960575827994516,-1.7822603016436545,0.07470679323906629,0.9988711645766837
Ptger1,3.2512157718002683,-0.291735953363803,1.0203188252289588,-0.28592626750598044,0.7749345946751077,0.9988711645766837
Ptger2,0.5816681829431668,1.424037609980047,3.161099558769212,0.4504880607222957,0.6523585611329832,0.9988711645766837
Ptger3,1.752992408189022,0.5945946007009086,1.6900678276157894,0.3518170046108235,0.7249755050261666,0.9988711645766837
Ptger4,3.501000176872926,-0.3674907824251707,1.0383004384243617,-0.3539349198222858,0.7233876564941848,0.9988711645766837
Ptges,20.24411378419543,0.46898861245225126,0.49970478726385315,0.9385313577246495,0.34797140981074537,0.9988711645766837
Ptgfr,0.5562441317342882,0.08770033144603524,2.730285049575735,0.03212130962650336,0.9743753095529155,0.9990082607840204
Ptgir,0.3666836757829684,0.2918816216246855,3.732732619211389,0.07819515925744261,0.9376728125820393,0.9988711645766837
Ptgr1,10.47417087963969,0.26802018614176953,0.609919161313389,0.43943558940601196,0.6603459435908889,0.9988711645766837
Ptgs1,9.155417637355283,-0.7363935564128459,0.7095415371300137,-1.0378441823031876,0.2993426035083274,0.9988711645766837
Ptgs2,3.018675533872509,1.2834343106073085,1.167427721267536,1.0993693975450731,0.27160697342595563,0.9988711645766837
Pth,0.0,,,,,
Pth1r,25.676394667723198,-0.3381931050192869,0.41681727554626874,-0.8113701731197698,0.4171531225457359,0.9988711645766837
Pth2r,6.58644741135571,-0.3399110109378497,0.896535559572363,-0.37913834795351925,0.7045851307965614,0.9988711645766837
Pthlh,3.912273739086243,0.7098470023616459,0.9730543473663984,0.7295039627363761,0.4656934446606915,0.9988711645766837
Ptk2,909.9525138510107,-0.3854989706896271,0.16176023716349028,-2.3831503801518608,0.017165180728665196,0.6709171811368123
Ptk2b,225.70215811372546,-0.24772222891170287,0.25072406401635117,-0.9880273354836313,0.3231392608670409,0.9988711645766837
Ptk6,0.0,,,,,
Ptp4a1,1371.7958625501806,-0.1974605711957246,0.18723257866986712,-1.0546272053641461,0.29159585632112783,0.9988711645766837
Ptpa,1397.2374955349915,0.06589230452118468,0.15234715696921394,0.4325141724469468,0.6653677539290013,0.9988711645766837
Ptpn1,132.14020003644205,0.0016903182214251466,0.20087981642226477,0.008414574702079418,0.9932862199878564,0.9990082607840204
Ptpn11,1045.9200639008852,-0.0254417637534253,0.1305961896075147,-0.19481245072988979,0.8455397747665865,0.9988711645766837
Ptpn2,104.58180290282148,0.19260980472190495,0.2229539493818069,0.8638994969856405,0.38764310318605744,0.9988711645766837
Ptpn22,0.9376452328369814,0.19255708990784176,2.0458739809814452,0.09411972179022894,0.9250140541996308,0.9988711645766837
Ptpn23,268.7552911270343,0.09525992874602492,0.17697558518848183,0.5382659345048729,0.5903934659086761,0.9988711645766837
Ptpn5,616.0668614707816,0.1447016141863798,0.25649783138539634,0.5641436163604866,0.5726563965567886,0.9988711645766837
Ptpn6,6.631781359372208,0.9023896234740079,0.8529178114589995,1.0580030236798337,0.2900540638981963,0.9988711645766837
Ptpra,1369.801897600278,0.29809057146228585,0.19495688998894126,1.5290076256304392,0.1262625535026068,0.9988711645766837
Ptprc,5.053602539532712,0.8580990628536515,0.9237252152305773,0.9289548977392109,0.35291246073268856,0.9988711645766837
Ptprf,27.193221745369005,-0.14990434429974325,0.4229606886970269,-0.35441673022033965,0.7230265983343218,0.9988711645766837
Ptprk,438.3889160965543,-0.4052048260079458,0.22221612160231588,-1.8234717764227364,0.06823196793753342,0.9988711645766837
Ptprn2,1308.0548327764948,-0.22488944235183161,0.17623116617829707,-1.276104829972616,0.2019184644581783,0.9988711645766837
Ptprq,0.5555429877243484,-1.1046823123704168,2.7903976603966747,-0.3958870551136351,0.6921883510853257,0.9988711645766837
Ptpru,70.38224811661898,0.22520480310624655,0.31561939883618756,0.7135328307976789,0.47551610496479557,0.9988711645766837
Ptprz1,1181.8205222879506,-0.009635492195993085,0.14275049773974827,-0.06749883431972177,0.9461845899889836,0.9990082607840204
Pttg1,243.21173332667806,-0.2409408066891027,0.16967703413519603,-1.4199965712338232,0.15560867926625413,0.9988711645766837
Ptx3,0.503593910251707,1.1445313061847249,2.9030240441770605,0.39425484900149105,0.6933928944779761,0.9988711645766837
Pvalb,13.662380113975521,-0.16875914522108404,0.5617148455918292,-0.30043561523334406,0.7638449006589217,0.9988711645766837
Pwp1,79.01396422831786,0.25011178325487804,0.32708345947322587,0.7646726730165073,0.44446648250694243,0.9988711645766837
Pxn,14.20651023407527,-0.45940386078610107,0.5320430174622381,-0.8634712715099345,0.38787840812681185,0.9988711645766837
Pycard,3.3768949531156736,0.5882878890494407,1.0528607889497008,0.5587518266648503,0.576331103608615,0.9988711645766837
Pycrl,52.91683973684599,0.04355298938185845,0.32132187064566287,0.1355431838310391,0.8921824235054217,0.9988711645766837
Pygb,387.42161614254496,0.06837944045626247,0.2105777509085824,0.32472300687620065,0.7453907205099026,0.9988711645766837
Pygl,22.345648541730114,-0.5609245245125319,0.4514888618757433,-1.2423883995324496,0.21409329362368756,0.9988711645766837
Pyroxd1,68.5902523475582,-0.12382837876239824,0.2658597614603778,-0.46576577847736056,0.6413831629748427,0.9988711645766837
Pzp,0.44405680446448836,-0.6235102737815117,3.003849274169698,-0.20757042610064314,0.8355643979530634,0.9988711645766837
Qdpr,9456.707300524977,-0.21379028733555672,0.19596730526712122,-1.0909487531307387,0.2752954329411844,0.9988711645766837
Qrfpr,1.8289152591912385,-0.4857728818647221,1.5308581962844765,-0.3173206264588937,0.7510003278409524,0.9988711645766837
Qsox1,127.03982593665853,-0.09621706965487233,0.25744258952623483,-0.37374184990889886,0.7085963862171254,0.9988711645766837
Rab10,1418.3480945488118,-0.28437661117967783,0.1464660103519773,-1.9415877478759955,0.05218702730097504,0.9988711645766837
Rab11a,312.90675969257103,0.06120702894808227,0.15912517695434028,0.38464704404159217,0.7004989346399202,0.9988711645766837
Rab1a,512.074110828674,0.01601414630425548,0.13080725964526244,0.1224255163488969,0.9025620313798486,0.9988711645766837
Rab20,4.943220796522768,-0.46510541178746484,0.8825805948059684,-0.5269835010248739,0.5982050460012971,0.9988711645766837
Rab21,1400.2291703818928,-0.024928514201829795,0.15880852990138752,-0.15697213630344167,0.875266807846062,0.9988711645766837
Rab23,350.5206342543626,0.03967349545883681,0.15431744800587063,0.25709014742991043,0.7971091832028229,0.9988711645766837
Rab24,52.48902320548266,0.03453904020291902,0.2801953847904055,0.12326769846246845,0.9018951186139984,0.9988711645766837
Rab27a,22.69506002838446,0.4487913931043681,0.5047590234826426,0.8891200993453878,0.37393853794196796,0.9988711645766837
Rab27b,64.2748830552453,0.1850615853042778,0.3396360840616735,0.5448819898379026,0.5858346838228803,0.9988711645766837
Rab28,343.2252710454504,0.2943007352169802,0.1695322460539361,1.7359572710630484,0.08257139005024768,0.9988711645766837
Rab29,35.033397988356676,0.27743267400749777,0.38207294390033475,0.7261248890731902,0.46776221235267446,0.9988711645766837
Rab32,12.5154713530795,0.20415124673966203,0.5940710799525847,0.34364784556749706,0.7311111380458062,0.9988711645766837
Rab37,575.2278969683896,-0.7461009936523743,0.3167015328589313,-2.3558490131612677,0.018480427514329857,0.6899819317477036
Rab38,11.95986952466619,0.060924861417905644,0.6587451756392251,0.09248623545331641,0.9263117268641224,0.9988711645766837
Rab39,2.3160754345685244,1.47548067200378,1.3850269733676381,1.0653082577996351,0.28673645711623363,0.9988711645766837
Rab3a,2547.2768026253775,-0.15660326947971825,0.18704100256337194,-0.8372670555305596,0.4024424729540086,0.9988711645766837
Rab3b,11.736757379896515,0.7467233455301526,0.646077097101868,1.1557805544876258,0.24777092883618757,0.9988711645766837
Rab3d,18.988962365334412,-0.5995520011167573,0.6554031791637492,-0.9147834801194368,0.3603053089998839,0.9988711645766837
Rab3gap2,400.08946923446433,0.0924088298649076,0.15249204708165967,0.6059911427080691,0.5445206348475368,0.9988711645766837
Rab43,37.436568712184375,-0.07680505593607725,0.3312616544069374,-0.23185616238493548,0.8166497340899709,0.9988711645766837
Rab4b,162.91994518019422,-0.18982363297818083,0.20063798275347514,-0.9461001868794606,0.3440974884756284,0.9988711645766837
Rab5a,1890.0800867733258,-0.07429214884740393,0.12180515933411284,-0.6099261250799711,0.5419107455846457,0.9988711645766837
Rab5b,679.716873126898,-0.13324189492175037,0.15267604169511237,-0.8727099120622266,0.38282121363296695,0.9988711645766837
Rab5c,1250.6799789977433,-0.045695421717364786,0.13743979770032932,-0.3324759093213893,0.7395299276563064,0.9988711645766837
Rab6a,2460.177851088703,-0.05480717132302497,0.12163616761813163,-0.45058285209287674,0.652290227920235,0.9988711645766837
Rab7,3719.4819303559325,-0.06833507261941776,0.11718758425134126,-0.5831255337839737,0.5598087959196529,0.9988711645766837
Rab7b,27.879448823576563,-0.47104065346682905,0.36989958775078596,-1.2734284358926762,0.2028660521890706,0.9988711645766837
Rab8a,247.01920940433203,-0.11847644188415415,0.200894161853858,-0.5897455694622961,0.5553612392579074,0.9988711645766837
Rab8b,125.34241620752196,-0.34559224815892864,0.21078646437504123,-1.6395371931664198,0.10110143128330897,0.9988711645766837
Rabep1,705.472939437591,-0.19465297702442316,0.14458531117801707,-1.3462845944617536,0.17821075219034022,0.9988711645766837
Rabep2,36.803661173481224,-0.4094619308792924,0.32512920919147686,-1.2593821757741543,0.2078923243491072,0.9988711645766837
Rac1,2414.7011599592074,-0.06150395775573569,0.12108170708632159,-0.5079541677743962,0.6114854856039351,0.9988711645766837
Racgap1,40.5487564763858,-0.06419953284064178,0.320577296581938,-0.2002622566387283,0.8412754794180779,0.9988711645766837
Rack1,106.04877291416965,0.7985072364371094,0.3079903492604058,2.5926371990375956,0.009524318382052092,0.5414791461978025
Rad21l,0.5902713768025009,-1.1918380242870574,2.4876155505396205,-0.4791086082527988,0.6318613660907735,0.9988711645766837
Rad23b,1036.1173195864812,0.1827803859561241,0.13756752792061094,1.3286593770995516,0.1839603728609811,0.9988711645766837
Rad50,34.57399276717696,-0.10816641488244834,0.3548891853288492,-0.30478926761946445,0.7605266560632162,0.9988711645766837
Rad51,11.543536173660058,0.8467271938221953,0.6556011309260569,1.291527964001781,0.1965206648371347,0.9988711645766837
Rad51b,15.514322850172533,0.14823923725711888,0.5062690307080006,0.2928072393640417,0.7696694944519883,0.9988711645766837
Rad51d,94.94844231743485,-0.09209820935442496,0.23920147547014806,-0.3850235838780128,0.7002199425634259,0.9988711645766837
Rad54l,12.332699670263878,-1.0787267274385253,0.591519829753538,-1.8236526878363255,0.06820459577510794,0.9988711645766837
Rad9a,91.2267347341442,0.038614994805893595,0.2403557000780357,0.16065770353420603,0.8723630042870468,0.9988711645766837
Rae1,155.0067596764267,0.158467675099398,0.1982527770767194,0.7993213383239244,0.42410410900669704,0.9988711645766837
Raf1,1068.2104101908646,0.09974763248342358,0.12712975427418843,0.7846128001497732,0.43268062286672926,0.9988711645766837
Rag1,4.731531603682906,-0.09246375650022158,0.9139721955695852,-0.1011669249332015,0.9194179520577546,0.9988711645766837
Rag2,0.3778810399526991,0.29188177635622714,3.693452016246246,0.07902682235273072,0.9370112886243994,0.9988711645766837
Rai14,7.383869339626308,0.6910166142723119,0.7450059503543308,0.9275316713157241,0.35365055573111515,0.9988711645766837
Rala,402.2973236180121,-0.02312940656504069,0.1553503563385249,-0.148885442622605,0.8816440282841079,0.9988711645766837
Ramp3,1026.7437732713936,-0.4295718812724595,0.25090440396254243,-1.7120938273231359,0.08687937873481719,0.9988711645766837
Ranbp1,316.8634365457122,0.18110756530013672,0.16654168169946576,1.0874608893823707,0.27683317418173425,0.9988711645766837
Ranbp2,285.59210570879674,0.07948027213633747,0.17217651777119258,0.4616208595992152,0.6443532330763698,0.9988711645766837
Rangap1,707.9182374331058,0.05769006455810132,0.1642660349458023,0.3511989838747584,0.7254390723886384,0.9988711645766837
Rap1a,839.9466243252532,-0.4471154546521396,0.1606105730196125,-2.783848200314567,0.00537181686046433,0.42659047226830227
Rap1gap,1609.9981437487884,-0.24552711498743945,0.15470495288669112,-1.5870669322867008,0.11249748626042597,0.9988711645766837
Rap2a,531.0326824051344,-0.04855070625560099,0.19709418487260283,-0.24633251502058803,0.8054248419046829,0.9988711645766837
Rapgef1,252.97582883824296,0.017849592691074,0.16252001227978027,0.10983012147664437,0.9125441020622517,0.9988711645766837
Rapgef3,357.50487485208663,0.03732269911335053,0.18950778528978954,0.1969454661521045,0.843870213542845,0.9988711645766837
Rapsn,13.837962108467762,-0.005295556506435226,0.5241713789253302,-0.010102719681666546,0.9919393330627002,0.9990082607840204
Rara,46.05837810995166,0.2232520368426649,0.2968602421049368,0.7520442456681274,0.4520244511722369,0.9988711645766837
Rarb,15.130782079201774,0.10740721900228531,0.5470496890813435,0.19633905501829907,0.844344794746189,0.9988711645766837
Rarg,16.205642365091993,-0.19221431141925702,0.4865618737512531,-0.3950459782994084,0.6928089560378161,0.9988711645766837
Rasd1,137.29377984036435,0.056296663760847514,0.21563451923067622,0.26107445116718,0.7940350936178456,0.9988711645766837
Rasgrf1,761.2526997337363,-0.03508494463326328,0.2520333624296631,-0.13920754099788954,0.8892861496730465,0.9988711645766837
Rassf5,71.76916267274537,0.3055737455262168,0.3419917697097019,0.8935119865182768,0.3715830560004725,0.9988711645766837
Rax,0.27311932492753715,0.2918801220273429,4.0938117842693424,0.07129788505395035,0.9431606784301703,0.9988711645766837
Rb1,312.4413792358952,0.03028794942884743,0.15695070375805284,0.19297746810704194,0.8469766142471539,0.9988711645766837
Rb1cc1,179.41496951837223,0.08700775391817142,0.18965721321851775,0.4587632204524882,0.6464042091905342,0.9988711645766837
Rbbp4,2272.8820002682364,-0.024579187027020763,0.12924514301798345,-0.19017493774292749,0.849172049504754,0.9988711645766837
Rbbp7,435.33118776806424,0.03044857825633379,0.1552726726891804,0.19609746988309223,0.8445338765563624,0.9988711645766837
Rbck1,160.36492350116046,0.037735748944035176,0.19366541704357224,0.19485021910517517,0.8455102065168216,0.9988711645766837
Rbfox2,173.13637073765358,0.10486013256502745,0.24942382714615852,0.4204094442973206,0.6741863699851398,0.9988711645766837
Rbfox3,164.91443674248293,-0.07022416758804106,0.2306466023981133,-0.3044665165577809,0.7607724985138818,0.9988711645766837
Rbl1,10.360286631122976,0.11438598794746185,0.5936278543599464,0.19268972489640604,0.8472019709963947,0.9988711645766837
Rbl2,221.44720008407288,0.18922098771168533,0.1854443037127469,1.020365597234998,0.3075551035026185,0.9988711645766837
Rbm8a,143.9246018426439,0.06570219434794265,0.20730663848540123,0.3169324187009548,0.7512948825281638,0.9988711645766837
Rbms1,78.17718008387935,-0.06692688149861434,0.24345277176812016,-0.27490704259617027,0.7833876563324969,0.9988711645766837
Rbp1,35.678403180390774,-0.2620046042842004,0.34608856436110247,-0.757044962661146,0.44902292549180267,0.9988711645766837
Rbp3,0.27311932492753715,0.2918801220273429,4.0938117842693424,0.07129788505395035,0.9431606784301703,0.9988711645766837
Rbpj,343.7338357391807,0.03905199925820517,0.20657724214869025,0.1890430855403535,0.8500590481849699,0.9988711645766837
Rbpjl,0.3778810399526991,0.29188177635622714,3.693452016246246,0.07902682235273072,0.9370112886243994,0.9988711645766837
Rcan1,141.7686284863515,0.3517097807530434,0.22466741245525051,1.5654686049455315,0.11747307317995784,0.9988711645766837
Rcc2,148.68193900639835,0.9824555152672209,0.31626603761655087,3.1064211720968133,0.0018936678955241346,0.2870915297365832
Rcn2,250.4298936877494,-0.061048870555849545,0.1753059452379989,-0.34824187207666213,0.72765854407133,0.9988711645766837
Rcor1,105.64519673861601,0.1131257338143236,0.22592030838386198,0.5007329116340938,0.6165591064963312,0.9988711645766837
Rcor2,31.196070306433253,-0.356989964433739,0.40558849806659675,-0.8801777321977263,0.37876303458505334,0.9988711645766837
Rdx,1943.5381104226974,-0.07521331388319479,0.12978095746698945,-0.5795404453101352,0.562224564340251,0.9988711645766837
Rec114,1.3943874990012077,1.9767643917042537,1.7482591124565547,1.1307044691599613,0.25817949967687026,0.9988711645766837
Rec8,26.288892266534933,0.8540914984576546,0.5981085152851957,1.4279875250570522,0.15329544922289415,0.9988711645766837
Rel,41.3836438806613,-0.011195087027528049,0.3613340589667038,-0.030982650956132684,0.975283375562159,0.9990082607840204
Rela,218.55200064202418,0.14092880484482154,0.21288164395844617,0.6620054328043916,0.5079677399218734,0.9988711645766837
Relb,71.75936901942053,-0.2990089316259466,0.31220402198573866,-0.957735681059244,0.3381960595591935,0.9988711645766837
Reln,16.864304069454743,0.2053997861322342,0.7098484703396972,0.2893572286405581,0.7723080222233768,0.9988711645766837
Ren1,0.0,,,,,
Rest,77.0614179916839,0.08401168660475003,0.2707486133290187,0.3102940605005333,0.7563373474469056,0.9988711645766837
Ret,56.5488074273691,-0.712112207701402,0.29590278824193295,-2.4065748482206675,0.016102903901438138,0.6511993356300642
Retn,0.3531581327537605,0.2918814668318446,3.771616171528236,0.07738896365840324,0.9383141201774131,0.9988711645766837
Retreg3,207.93830222863753,-0.05054593492024341,0.16659285890243047,-0.3034099735922473,0.7615774458712951,0.9988711645766837
Rev1,276.11309110040446,0.15599805729170468,0.16274453654122598,0.9585455868878752,0.3377877155871978,0.9988711645766837
Rflna,3.283012449858324,0.8576097721804997,1.277614931109897,0.6712584138598569,0.5020559220268646,0.9988711645766837
Rfx2,2.6963882287616805,1.0469606730061505,1.1980345163481123,0.8738985886629794,0.3821734833734012,0.9988711645766837
Rfx3,110.93926287161896,-0.05930582147608081,0.24690789740641322,-0.24019410516652187,0.8101797833350461,0.9988711645766837
Rfx4,55.15415430952419,-0.013480154799666673,0.3222024748869113,-0.04183752717727579,0.9666282188293468,0.9990082607840204
Rfx5,33.34175524104548,-0.2796617403620695,0.3558201431800062,-0.7859637677133728,0.43188871417079455,0.9988711645766837
Rfx6,0.22046910344495593,1.2536647339164806,4.428644718705905,0.28308090026305255,0.7771148224071367,0.9988711645766837
Rgcc,194.58805826189825,-0.4412661306723401,0.27757362331591784,-1.5897264495125214,0.11189647903090258,0.9988711645766837
Rgmb,99.3011354176594,0.16238566655257491,0.22641567055752956,0.7172015353562493,0.47324975206206343,0.9988711645766837
Rgr,0.9074234286774646,-1.950702023002922,2.2082027759473517,-0.8833889913783131,0.3770261366407598,0.9988711645766837
Rgs18,0.7198418085367289,0.4718215169257965,2.5641426138630936,0.18400751751282593,0.854007557500152,0.9988711645766837
Rgs20,246.45433495425678,0.33715168778352683,0.21112851368988816,1.5969026726477373,0.11028740396197542,0.9988711645766837
Rgs3,484.3989607207611,-0.025188945249148442,0.1575289158907013,-0.15990045450846213,0.8729594904807891,0.9988711645766837
Rgs6,287.2018633895108,1.107774760843328,0.803215767389779,1.3791745702942042,0.1678409365827419,0.9988711645766837
Rgs9,26.172535320326617,0.2483829849530774,0.6333028052520404,0.39220256549191584,0.6949085486935636,0.9988711645766837
Rhbdf2,1.8390065505805797,0.15112009553515376,1.4749254739553583,0.10245947893888482,0.9183919746519819,0.9988711645766837
Rhbdl3,14.715422128374497,-0.16187118060698175,0.5432816085824386,-0.29795078289019444,0.7657407279674093,0.9988711645766837
Rheb,791.6815026799228,-0.03288885899740401,0.12865139306733733,-0.25564324033545194,0.7982263265732384,0.9988711645766837
Rho,1.00296661534348,0.330381444752097,2.0640851742816384,0.16006192422126153,0.8728322944756783,0.9988711645766837
Rhoa,2022.7950065855457,0.008801178258492455,0.11718666838391711,0.07510392077756468,0.9401320283084343,0.9988711645766837
Rhoc,440.3236468448324,0.2737304316921401,0.15562051556532505,1.7589610900449428,0.07858411769638753,0.9988711645766837
Rhod,5.826398380853646,1.3028317733857127,0.8751372942430655,1.4887170069841142,0.1365619046465133,0.9988711645766837
Rhog,831.904621121982,-0.3093720492368787,0.23278415248351436,-1.3290082075444902,0.18384526207736362,0.9988711645766837
Rhoj,63.87915701521185,0.41727625496282494,0.36223004324716535,1.151964787962381,0.24933554314616613,0.9988711645766837
Rhot2,186.6802409370969,0.1491207559406284,0.1878019673469921,0.7940319158909853,0.42717685141789685,0.9988711645766837
Rhox13,1.1233859472037848,0.7638525800167681,2.164646540056324,0.3528763545834567,0.7241811382568162,0.9988711645766837
Rhox5,0.3666836757829684,0.2918816216246855,3.732732619211389,0.07819515925744261,0.9376728125820393,0.9988711645766837
Rhpn1,15.564566754757601,0.014623123339719596,0.5576779698368058,0.026221447018964696,0.9790807095152868,0.9990082607840204
Rhpn2,82.23632311812234,-0.12164008906237556,0.3606149829998599,-0.33731290932640706,0.7358810291461427,0.9988711645766837
Ric8a,288.5869273729016,0.06190923284061199,0.15327642671922218,0.40390576793664285,0.6862820146908934,0.9988711645766837
Ric8b,216.5604061438136,0.04408491391230673,0.16711964407063817,0.26379253113818807,0.7919397900790723,0.9988711645766837
Rictor,196.32603788003357,-0.011644375049693706,0.21570876586454044,-0.05398192791574393,0.9569495626790343,0.9990082607840204
Rif1,268.61699271946475,0.08914997194123614,0.19356153105358329,0.46057691038079734,0.6451021803958927,0.9988711645766837
Rims2,324.622136178737,-0.15543028208840565,0.18868001939533463,-0.8237771152796949,0.41006621299956403,0.9988711645766837
Ring1,113.2048926497523,-0.07260399593687034,0.2280889365281834,-0.31831441297416524,0.7502464524934976,0.9988711645766837
Riok3,566.4239934980094,0.05576440952305748,0.1690679459903632,0.3298343112669981,0.7415251601716768,0.9988711645766837
Riox1,41.38392761898363,-0.046654630460182464,0.3574018978781468,-0.1305382840358866,0.896140566978061,0.9988711645766837
Riox2,23.91800511538356,0.22497801780049145,0.4274628432604449,0.5263101140779542,0.5986727568809269,0.9988711645766837
Ripk1,48.09781658801216,0.34650379838099143,0.35234282897077424,0.9834279851619541,0.32539684251101697,0.9988711645766837
Ripk2,44.244866625549854,-0.304128349091429,0.3201845527406289,-0.9498532845767657,0.3421868065762208,0.9988711645766837
Ripk3,0.4540622863437022,-0.6597733345497565,2.9893343979330718,-0.22070911002996066,0.8253189376028802,0.9988711645766837
Rita1,13.21840911902116,-0.050771573243268864,0.5333322825190545,-0.0951968873953452,0.9241584422592621,0.9988711645766837
Rlim,435.2107849529321,0.25839109448257375,0.1701305616306235,1.5187811760921346,0.12881758561639725,0.9988711645766837
Rln1,1.3236530290442583,1.1344827527003416,1.8656646429071595,0.6080850366186612,0.5431310759477666,0.9988711645766837
Rln3,0.3573793379136945,2.105959986671047,3.882576521232137,0.5424130020759307,0.5875340246416054,0.9988711645766837
Rmdn3,165.67268459041892,0.08827983184600988,0.18636897372095007,0.4736830926492685,0.6357259117907419,0.9988711645766837
Rnase1,6.517273565139497,-0.2003145597523357,0.7406027246152925,-0.27047505105573233,0.7867948082481684,0.9988711645766837
Rnase4,77.59070524835481,0.7510260500231949,0.38384291574917445,1.956597397550928,0.05039482123819454,0.9988711645766837
Rnaseh2b,101.07761767420315,-0.24098413007507236,0.22509309948005857,-1.070597591093287,0.28435040708235537,0.9988711645766837
Rnaset2a,442.8666657034408,0.20016477949911735,0.20293607042270037,0.9863440199772735,0.3239643253186565,0.9988711645766837
Rnd2,736.5982392534041,0.21006900011029592,0.15944574018514088,1.317495217284411,0.18767268317388408,0.9988711645766837
Rnf10,1099.6374688242884,0.09165299092190535,0.11725548808235628,0.781652035404359,0.43441909720085425,0.9988711645766837
Rnf13,4127.287957382956,-0.1790125829499771,0.142830826168534,-1.2533189630839934,0.21008964990226375,0.9988711645766837
Rnf130,770.6959872260339,-0.22963158800684053,0.14416850988983285,-1.5927998991063634,0.11120508778818951,0.9988711645766837
Rnf14,2240.523183135632,0.011132279261906379,0.14847773738592857,0.07497608367354741,0.9402337407848643,0.9988711645766837
Rnf144a,648.6293697472532,0.3035027148747722,0.21208825899703104,1.4310208226991992,0.1524242474616295,0.9988711645766837
Rnf19a,173.71604172370766,-0.07996699666936756,0.20642713276431157,-0.3873860746817133,0.6984704113882044,0.9988711645766837
Rnf2,140.74844581598867,0.31564777177784226,0.18766890337506761,1.6819396612927455,0.09258054087780417,0.9988711645766837
Rnf20,115.89045532422234,-0.10761239282094977,0.20950436472186357,-0.5136522714637243,0.6074951269450357,0.9988711645766837
Rnf219,53.773275685906704,-0.25632364279910885,0.2794769892231594,-0.917154730740416,0.3590615647170923,0.9988711645766837
Rnf220,521.8138426454585,-0.23949370183498672,0.15303716377596346,-1.5649381883840323,0.11759740332540555,0.9988711645766837
Rnf31,39.14544918747728,-0.13076010885181527,0.32681834669163784,-0.4001002703045648,0.6890826651422499,0.9988711645766837
Rnh1,521.5561806422861,-0.06914925717201417,0.16970872379821955,-0.40745847134076224,0.6836712894498445,0.9988711645766837
Robo1,253.10959477823246,0.022787200161821997,0.17184992644090816,0.13259941760671945,0.8945101930361667,0.9988711645766837
Robo2,36.81514450223278,0.056123926479720955,0.34070384014748867,0.16472936276686884,0.8691570045497092,0.9988711645766837
Robo3,0.6970119276382469,1.7645633957123297,2.6448213538104683,0.6671767804544053,0.5046592208545345,0.9988711645766837
Rock1,244.82597928467234,-0.14844011990610098,0.17900412627636117,-0.829255297036712,0.4069599606062513,0.9988711645766837
Rock2,601.432607043142,0.0743818388279217,0.13429702067448715,0.5538606772834556,0.5796741983900073,0.9988711645766837
Ror1,0.854787507870704,0.9437364484675335,2.413039685337808,0.39109860239841726,0.6957243536569094,0.9988711645766837
Ror2,1.2246276010789527,0.7375498486744009,1.6463214124548646,0.44799869763864925,0.6541541365235976,0.9988711645766837
Rora,1146.0167768785925,-0.35505867753824527,0.18309304831264836,-1.9392253327496611,0.052473906223178865,0.9988711645766837
Rorb,352.08029871254575,-0.013956211692786744,0.16648137368273988,-0.08383046934357238,0.9331912222450237,0.9988711645766837
Rorc,3.2734691049080458,-0.6411322344272465,1.065363909100011,-0.6017964649927523,0.5473096284909494,0.9988711645766837
Ros1,0.6304986628412316,1.6405550790167402,2.6963318047773215,0.6084396127027203,0.5428959455926969,0.9988711645766837
Rp1l1,0.478084049532701,-2.221037950482501,3.572610454232008,-0.6216848937032935,0.5341490866910862,0.9988711645766837
Rp2,150.391275898215,-0.001312546195431467,0.19115310265553254,-0.006866465556652464,0.9945213961962838,0.9990082607840204
Rpa1,332.5998171867291,-0.049124329619636566,0.14687075715439557,-0.3344731828950496,0.7380225237549726,0.9988711645766837
Rpe65,1.5410785089439765,-0.6049221125670899,1.585114945384485,-0.3816266538451949,0.7027383110251946,0.9988711645766837
Rph3a,635.1327887375215,0.3270320044181983,0.3038886540796263,1.0761573360106689,0.2818568967674525,0.9988711645766837
Rph3al,11.758593941470176,1.0629342989874107,0.658552069841665,1.6140474651350967,0.106517131189651,0.9988711645766837
Rpn1,566.0107549460087,0.10822188255790552,0.13866141147964958,0.7804758469070433,0.4351108388781636,0.9988711645766837
Rprml,5.182808661870157,-0.4797156445989581,0.8511871669910261,-0.5635842070960354,0.5730371373173353,0.9988711645766837
Rptor,176.650176072591,0.08463540926004944,0.2032037423309254,0.41650517007810467,0.6770403849745885,0.9988711645766837
Rragd,214.58156409888446,0.32884891639834335,0.22121237427479037,1.4865755926919653,0.13712693807583556,0.9988711645766837
Rras2,94.75210216069775,0.27735825873275055,0.240494470014969,1.1532833113189134,0.2487941177462344,0.9988711645766837
Rsad1,123.24979433264168,0.38758228678291395,0.2900438970439644,1.3362883712880358,0.18145503593072654,0.9988711645766837
Rsbn1,251.7395979805414,0.03120539453594734,0.17825863577386747,0.17505684591647716,0.8610349665584465,0.9988711645766837
Rsf1,371.15252625526654,-0.0455539066597207,0.1671712863298273,-0.2724983916786002,0.7852388277559527,0.9988711645766837
Rsph1,5.435805861689698,1.1726781514666642,1.082520277407664,1.0832851595860202,0.2786818703562879,0.9988711645766837
Rsph10b,11.958623063936997,-0.6237531052957084,0.5534430999014558,-1.1270410732499363,0.2597251156136505,0.9988711645766837
Rsph9,35.278267624772845,0.3018282881554198,0.39055983749513634,0.7728093346494658,0.4396352281720808,0.9988711645766837
Rspo1,7.001162856256513,0.873594830745158,1.0701091508470635,0.8163604900057613,0.4142939870068285,0.9988711645766837
Rspo2,1.282023454985648,-1.6729548387625295,1.8851528881521238,-0.8874372202258903,0.3748435520213751,0.9988711645766837
Rspo3,34.67495306486864,1.1744436477523412,0.6003294490456943,1.9563318934616316,0.05042606944348766,0.9988711645766837
Rsrp1,2657.0223250400163,0.04252142106786644,0.18879250865840963,0.22522832802016665,0.8218016529667939,0.9988711645766837
Rtbdn,1.3894651498313337,0.5530773600060344,1.741357746405444,0.31761271407194247,0.7507787287389021,0.9988711645766837
Rtcb,551.5632570805909,0.08534251073984163,0.13795508790343278,0.6186253224642252,0.5361632160387082,0.9988711645766837
Rtf1,168.39582216055007,-0.10938646211629452,0.20520019510043336,-0.5330719206322212,0.593983795584464,0.9988711645766837
Rtkn2,111.73098177286045,-0.3478480289838856,0.25873151449004966,-1.3444362572896518,0.17880735591362185,0.9988711645766837
Rtn2,94.45790942879292,0.06165968842502282,0.2856307489941681,0.21587202583109064,0.8290875031359072,0.9988711645766837
Rtn3,2643.9298243177946,-0.1400671896070771,0.16241040896966033,-0.8624274176493383,0.3884523583242333,0.9988711645766837
Rtn4,2145.1095437631816,0.02212663717385081,0.18985917788700904,0.1165423627137954,0.9072227142242315,0.9988711645766837
Rtn4r,137.9807541002879,-0.08088710359458752,0.22770670661758383,-0.3552249505344227,0.7224210742146651,0.9988711645766837
Rubcn,290.4005733125736,-0.05271160863911303,0.16191557815146024,-0.32554995165323225,0.7447648836846779,0.9988711645766837
Rundc1,73.59083797515926,0.33546882956475693,0.26992289394102226,1.2428320720288972,0.21392972130275067,0.9988711645766837
Runx1,4.154744484863877,0.6696655566512526,1.0507060415627336,0.6373481546325244,0.5238980909040905,0.9988711645766837
Runx2,29.814745128838666,1.3899730794910024,0.5964123658652809,2.330557109550228,0.01977672532738234,0.7169779479195205
Runx3,0.14621457233801252,-0.6699094182016454,4.4288527141152105,-0.15126026116573596,0.8797704155341528,0.9988711645766837
Ruvbl1,194.83517522420928,0.043357506577206203,0.178958091836746,0.24227743005194177,0.8085652010933789,0.9988711645766837
Ruvbl2,256.681997805044,-0.02878695530029903,0.1668562310644477,-0.17252550364259495,0.8630244129549145,0.9988711645766837
Rxfp1,10.968448649682932,0.061116522935162246,0.7032052491874407,0.08691135768082346,0.9307419715600933,0.9988711645766837
Rxfp2,0.8560508989955276,-0.11245310801591829,2.163738364179113,-0.051971675447267475,0.958551262621194,0.9990082607840204
Rxfp3,3.410918067316785,-0.8120954677893752,1.1706314173495036,-0.693724306176652,0.4878551199559049,0.9988711645766837
Rxra,126.45352128282319,0.1976796154826671,0.2194822983086235,0.9006631377839012,0.36776745364283336,0.9988711645766837
Rxrb,511.2126897469109,0.060282417978249535,0.14015219080479663,0.4301211249862703,0.6671075338759269,0.9988711645766837
Rxrg,6.1237079239817405,0.3874608868988953,0.8681422280031412,0.4463103791070204,0.6553730599644945,0.9988711645766837
Rybp,137.00936615776027,-0.09757127401441304,0.205966672044797,-0.47372360317202994,0.6356970195527332,0.9988711645766837
Ryk,299.87165582083,0.19491117106871544,0.19511585006299534,0.99895098735334,0.31781843483439687,0.9988711645766837
Ryr1,1.5746293164074332,0.7539685858717367,1.4737565531525014,0.511596426328981,0.6089334870910337,0.9988711645766837
Ryr2,51.467551297803084,0.04595808667993429,0.3774805075053977,0.12174956260298322,0.9030973598896426,0.9988711645766837
Ryr3,30.00881148585027,-0.9101090323540066,0.40266188109619105,-2.26023141270875,0.023806892225291077,0.7887806741929223
S100a1,1162.09709210859,-0.016667934742905188,0.18661369334933414,-0.08931785467480895,0.9288293048020722,0.9988711645766837
S100a10,126.05834101537282,0.8774760595808964,0.30567924875285496,2.8705777809940427,0.004097223826628103,0.3827053126640915
S100b,366.09327404538686,-0.07270852706527287,0.20805576016023086,-0.34946654209081995,0.7267390848686246,0.9988711645766837
S1pr1,372.4949853916296,-0.192924783875618,0.1940220347547848,-0.9943447099678469,0.3200550758561056,0.9988711645766837
S1pr2,14.971279935290035,1.0561797363046541,0.7231105341013555,1.4606062095571872,0.14412354121022458,0.9988711645766837
S1pr3,4.35664206674892,-0.23504899058759446,0.948646909678433,-0.247772894413655,0.8043101282131706,0.9988711645766837
S1pr5,505.3191269288061,-0.8760347252911171,0.3044767909812524,-2.87718062998456,0.0040124584224198335,0.3827053126640915
Saa1,0.9557294813113494,2.246883005952712,2.233960217623572,1.0057846993993862,0.31451914901338884,0.9988711645766837
Saa2,0.8114416242573966,0.7118766767117661,2.178199699100051,0.3268188297913577,0.7438049167005958,0.9988711645766837
Sacm1l,576.8474617068829,0.08835755743428399,0.12789714743653738,0.6908485388865068,0.48966072861947496,0.9988711645766837
Sag,1.332170413393465,-1.0147466451237417,2.0483059217684993,-0.49540775835262607,0.6203123193195926,0.9988711645766837
Sall1,219.18251153562338,-0.15324300868907897,0.2683709411451642,-0.5710119286207983,0.5679915569145904,0.9988711645766837
Sall3,16.658929500254825,-0.1089902907443489,0.5109051354190556,-0.21332784344583397,0.8310712574336414,0.9988711645766837
Sall4,1.072947820763965,-3.3968734089710435,2.9233916916620184,-1.161963146662649,0.24525043502306654,0.9988711645766837
Samd11,1.927401959216544,0.5414659311999421,1.4714062520796711,0.36799213706931005,0.7128790971668122,0.9988711645766837
Samd14,91.55646980901571,0.03974354638762306,0.2748899649090145,0.14457983724788834,0.8850426174933277,0.9988711645766837
Samd8,483.491667860222,0.12122022087528277,0.13970426887563944,0.8676916020597006,0.38556318444957616,0.9988711645766837
Samhd1,127.38463222272897,0.16034736905889474,0.2133726231840646,0.7514898896873572,0.4523578831316277,0.9988711645766837
Sap130,210.75729564176473,0.0362821420372715,0.17433171409337803,0.20812129465920096,0.8351342604576282,0.9988711645766837
Sap18,186.22856080505815,-0.19417375465041511,0.1759094290933015,-1.1038280076926763,0.2696677529713931,0.9988711645766837
Saraf,1061.3483385921481,0.13194338309913095,0.1289589946007691,1.0231421507867746,0.3062406399981631,0.9988711645766837
Sardh,47.78416228554548,-0.0957024856544827,0.29476516054370916,-0.3246736672609295,0.7454280663472607,0.9988711645766837
Sarm1,46.46628199164317,-0.30837797582523435,0.3295253375946442,-0.9358247777734663,0.34936341191296505,0.9988711645766837
Sart3,206.2746652421605,-0.007572491280593048,0.1782743032006857,-0.042476628121039944,0.9661187429885154,0.9990082607840204
Sass6,175.44697307339882,-0.05797422977858498,0.31701777162718014,-0.18287375335778952,0.8548970773732515,0.9988711645766837
Satb2,4.3114056147473105,0.5556487433573065,0.9735832094665476,0.5707254787824056,0.5681857448721248,0.9988711645766837
Saysd1,10.492484922151206,0.1568034178239016,0.609650378485615,0.25720219876415845,0.7970226867264542,0.9988711645766837
Scamp4,140.86850168062057,0.07041009783225362,0.22973137449169392,0.3064888197706724,0.7592324910605277,0.9988711645766837
Scarb1,27.32369363242756,0.007457298007437121,0.4381423380679513,0.017020263415585674,0.9864204502449332,0.9990082607840204
Scarb2,1558.2318521129757,0.04461289866428009,0.15754583174140865,0.2831740971573685,0.7770433835131237,0.9988711645766837
Scgb1b27,0.4793617413333453,-0.49103473330401287,3.3685985829337604,-0.14576825383461503,0.8841043379373619,0.9988711645766837
Scimp,0.3438537948844865,2.0625228501282593,3.9223880904154367,0.5258334470187036,0.5990039332728522,0.9988711645766837
Scin,0.3531581327537605,0.2918814668318446,3.771616171528236,0.07738896365840324,0.9383141201774131,0.9988711645766837
Scmh1,78.7363100619193,-0.26841484988567865,0.2824862750059382,-0.9501872254856852,0.34201712841688514,0.9988711645766837
Scn10a,0.3078477140056897,0.2918807853093279,3.93821644106615,0.074114967949885,0.9409189053157049,0.9988711645766837
Scn1a,561.866227111715,-0.2621544010284093,0.18240884422096693,-1.4371803195619175,0.15066676355143194,0.9988711645766837
Scn2a,295.96797457412805,0.29371151588483313,0.3206777317185936,0.9159086735170487,0.3597147971945822,0.9988711645766837
Scn3b,76.80443368528195,0.6060684095396993,0.44411755060496394,1.364657642360971,0.17236067854432724,0.9988711645766837
Scn4a,0.0,,,,,
Scn4b,178.36691161168298,-0.986975849477514,0.33441362356032167,-2.95136256402988,0.0031637530720700726,0.35479242213526224
Scn5a,0.9094022644880487,0.19935849546125514,2.055515547414752,0.09698710170885881,0.9227366375022866,0.9988711645766837
Scn8a,421.7410706517848,-0.192139260888122,0.14266745873478406,-1.3467630431779472,0.17805656082134858,0.9988711645766837
Scn9a,8.630688894362978,1.1610890282534088,0.8046828644288301,1.442915065772599,0.1490443985906861,0.9988711645766837
Scnn1a,7.699976958932805,-0.4687964174941555,0.7588654228237505,-0.6177596229773608,0.5367338029482099,0.9988711645766837
Scnn1b,0.6745313897886581,0.20361238648534974,2.3358448244481407,0.0871686271083759,0.9305374763492255,0.9988711645766837
Scnn1g,0.9390475208568612,2.2943467294314424,2.445839389424246,0.9380610760265556,0.34821302362044004,0.9988711645766837
Scrib,407.35398259344703,-0.09147186318005662,0.14581129042441962,-0.6273304550957972,0.5304426440426404,0.9988711645766837
Scrt1,426.8253450363365,-0.2846624413615919,0.14386856753370336,-1.978628454022144,0.047857853611523095,0.9988711645766837
Scrt2,57.48824513831209,-0.17792827409474968,0.28518022200383825,-0.6239151959575757,0.5326832800650965,0.9988711645766837
Sct,1.3715433174269052,0.986707836394325,1.657673627852571,0.5952364927664037,0.5516854001261954,0.9988711645766837
Scx,8.187870344866704,0.19523931925493665,0.7672858984414912,0.25445446039280295,0.7991444817701582,0.9988711645766837
Sdc1,12.820881098644755,1.8807606043351657,0.8556836730509574,2.1979624755831506,0.02795178011004744,0.8417076626234388
Sdc2,71.4623408895482,-0.17906651746730975,0.3331468970205914,-0.5375001810574926,0.5909221598934233,0.9988711645766837
Sdcbp,633.7354549764758,0.1470536491944246,0.14751399477050253,0.9968793091340646,0.3188230960018211,0.9988711645766837
Sdccag8,264.5404845403285,-0.19568315213725976,0.19405626227028416,-1.008383598900352,0.3132703435112042,0.9988711645766837
Sdha,2184.4773947668878,0.04244175284144282,0.13492006475197943,0.31456961512331433,0.7530884523651863,0.9988711645766837
Sdhb,1167.4886002221267,-0.009361488178491693,0.12507323734531506,-0.07484805204686222,0.9403356090086741,0.9988711645766837
Sdhc,868.536843688193,-0.14169385088747422,0.14743331297088172,-0.9610707921584787,0.3365165743603301,0.9988711645766837
Sdk1,4.827787736698055,1.3552054719367563,0.9680757033903727,1.3998961725726475,0.1615444123624329,0.9988711645766837
Sdk2,132.482489305962,-0.06903593709488295,0.22151954696025558,-0.31164715729248577,0.7553086914384337,0.9988711645766837
Sdr16c5,0.8626895577200981,-1.885249037917935,2.254740694341723,-0.836126762890727,0.40308359381011594,0.9988711645766837
Sec1,0.28242366279681114,-1.488372750394001,4.162759947789275,-0.3575446984840992,0.7206840699934347,0.9988711645766837
Sec22b,397.2835708799751,0.1958235528021222,0.17134466043934132,1.1428634677031375,0.2530952825066499,0.9988711645766837
Sec23a,363.92751667882015,0.014244917928230072,0.16195676997634506,0.0879550631338884,0.9299123920859572,0.9988711645766837
Sec24c,346.6666969021973,0.1121176958830864,0.17352591550311208,0.6461149941668259,0.518204885519306,0.9988711645766837
Sec61a1,277.1800293208603,0.33279745073579,0.2015925173994803,1.6508422784180576,0.0987707846621133,0.9988711645766837
Sel1l,861.1041511116746,0.2900199369997551,0.16266351992680972,1.782943939306424,0.07459542952206512,0.9988711645766837
Sele,0.13620909045879864,-0.6699094182016448,4.4288527141152105,-0.15126026116573588,0.8797704155341529,0.9988711645766837
Selenof,702.2836253273082,-0.1677935520814983,0.13695270777243237,-1.2251933883652206,0.22050236499930875,0.9988711645766837
Selenoh,18.12976740110665,0.4259348400131777,0.4572875070723302,0.931437735397846,0.3516271787419466,0.9988711645766837
Selenoi,167.16986979352205,0.1618534924311553,0.18800832001677664,0.8608847332751686,0.38930153078841745,0.9988711645766837
Selenok,8.4773862909145,-0.21197232142569092,0.6641599630661355,-0.3191585359152148,0.7496062975160189,0.9988711645766837
Selenon,102.79821169073921,0.11056447878476927,0.24044733532808082,0.4598282556714901,0.6456395001138019,0.9988711645766837
Selenoo,165.74739549437388,-0.18840890062761917,0.194992036100231,-0.9662389520912129,0.3339246258216727,0.9988711645766837
Selenop,3962.3328448962716,-0.27344184465034005,0.26761656112450827,-1.0217672759165362,0.30689106099001073,0.9988711645766837
Selenos,502.2391282465862,0.13071853440018052,0.18031055782880806,0.724963285423854,0.4684745544680773,0.9988711645766837
Selenov,1.6209565332307339,1.995469548203255,1.7686696934590431,1.1282318883978004,0.2592219999975527,0.9988711645766837
Sell,0.13620909045879864,-0.6699094182016448,4.4288527141152105,-0.15126026116573588,0.8797704155341529,0.9988711645766837
Selp,0.3438537948844865,2.0625228501282593,3.9223880904154367,0.5258334470187036,0.5990039332728522,0.9988711645766837
Selplg,35.92450147124081,0.20743006446750936,0.3770140147759652,0.550191919498726,0.582187745299189,0.9988711645766837
Sema3a,3.4537630428407957,0.042558804570131156,1.027724149434464,0.04141072737616452,0.9669684609246447,0.9990082607840204
Sema3b,18.09871464315802,0.5333632303660023,0.666592676217617,0.8001336489209786,0.42363336737957424,0.9988711645766837
Sema3c,36.21912023135272,0.09184941639116093,0.4693973997118407,0.19567517086278396,0.8448644194903424,0.9988711645766837
Sema3d,451.1975075759265,-0.18386251992538324,0.2897957142172858,-0.634455621339952,0.5257835201735352,0.9988711645766837
Sema3e,14.846837540776534,0.5583512646571533,0.7175316031905673,0.778155641053851,0.4364772640370763,0.9988711645766837
Sema3f,6.0364682103160625,0.9228974752824594,0.9981397749074444,0.9246174719047118,0.3551649214416327,0.9988711645766837
Sema4a,12.187469733056728,0.2899416457004565,0.8093295654448632,0.35824917077023455,0.7201568528431033,0.9988711645766837
Sema4d,811.28631890828,-0.15656589084172204,0.14474254107707016,-1.081685382035378,0.2793923507503735,0.9988711645766837
Sema4g,104.02384687963313,-0.2196821551482255,0.2699828853681351,-0.8136891894042764,0.415823028820027,0.9988711645766837
Sema5a,224.35996867384947,-0.0868982371325447,0.26240563509587317,-0.33115995051247793,0.7405236698643871,0.9988711645766837
Sema5b,7.3724262077886635,0.8812708678037604,0.79721007637581,1.1054437141714246,0.2689673708548883,0.9988711645766837
Sema6a,1504.104808204247,-0.21090301967419883,0.1375134260654818,-1.533690387248224,0.1251058397512574,0.9988711645766837
Sema6c,26.801808366830915,-0.075562473953824,0.42899421038691926,-0.17613868002011623,0.8601849936838323,0.9988711645766837
Sema6d,501.6924401580034,-0.41667533063910306,0.26652199653847003,-1.5633806441899432,0.11796309007045422,0.9988711645766837
Senp3,76.21676113076494,0.3023276361947803,0.3137757000876859,0.9635151355260896,0.3352890722739814,0.9988711645766837
Sept10,81.71632810878481,0.16815591878106628,0.2569732865124602,0.6543712035722152,0.5128726821830998,0.9988711645766837
Sept11,231.59569183490348,0.06332117661470571,0.20455051187542186,0.30956254293448277,0.7568936443137928,0.9988711645766837
Sept2,917.3754462132805,-0.0626448468559599,0.15253598653851627,-0.41068896774822183,0.6813006174878721,0.9988711645766837
Sept3,80.80789757153688,0.025552477735793715,0.2466290999452973,0.10360690503051462,0.9174813077363146,0.9988711645766837
Sept4,12155.099720628,-0.4312551260749364,0.20608514440182538,-2.092606564760796,0.03638429006760094,0.9334902728626026
Sept5,1051.921794864008,-0.09165360264903331,0.17218582542826608,-0.5322947020817164,0.5945219009888079,0.9988711645766837
Sept6,200.45822278827936,-0.1078868377435834,0.22726448372426933,-0.47471930490678027,0.6349870561869364,0.9988711645766837
Sept7,4062.34420967595,-0.3686650505021744,0.23215831127847145,-1.5879898870386104,0.11228862594400879,0.9988711645766837
Sept8,2025.7984615867426,-0.1758039734662795,0.19174386055353243,-0.9168688528475584,0.3592113672688352,0.9988711645766837
Sept9,59.386351029153666,0.2582770653536044,0.3473775800847058,0.7435052811716437,0.45717582533484546,0.9988711645766837
Serpina3a,0.6249997658806534,-1.276829765293067,2.729391612911988,-0.4678074627520443,0.6399222833618157,0.9988711645766837
Serpina3c,0.9601257706865702,1.2980294709065083,2.266928713650907,0.5725938637108802,0.5669197154766294,0.9988711645766837
Serpina3f,1.2027236110200683,0.11393170488273073,1.9414503169173676,0.05868381173082572,0.953203953482113,0.9990082607840204
Serpina3i,1.0517112857314175,-0.6338000059784519,1.8806972545265106,-0.3370026751796472,0.7361148834480153,0.9988711645766837
Serpina3n,306.1498884377858,3.498036739721023,1.0701607084840485,3.268702272461691,0.001080419220146715,0.23501466775626154
Serpinb13,0.0,,,,,
Serpinb3b,0.28242366279681114,-1.488372750394001,4.162759947789275,-0.3575446984840992,0.7206840699934347,0.9988711645766837
Serpinb5,0.40932841538633585,-0.4880724854232401,3.5388230487164654,-0.1379194378199454,0.890304088058115,0.9988711645766837
Serpinc1,2.27774117483025,0.9047822469693776,1.346154970312488,0.6721233936084989,0.5015051448168475,0.9988711645766837
Serpind1,7.2736795708028055,-0.7841737551804875,0.7193616060143055,-1.0900967588821984,0.27567052387571733,0.9988711645766837
Serpine1,8.213937911455563,3.298015140779509,1.1765934046352633,2.8030202513347198,0.005062649029455893,0.42659047226830227
Serpine2,1579.2092302267029,-0.16757364863701707,0.11639804865728261,-1.4396602913027665,0.1499635329392913,0.9988711645766837
Serpinf2,2.4801638496515417,1.1113429614592416,1.418095275056989,0.7836870914153352,0.4332237387490262,0.9988711645766837
Serping1,12.378053616287007,0.6039188932701156,0.6101931547372186,0.9897175813619132,0.32231217909947263,0.9988711645766837
Serpini1,140.0082536151754,0.11045384095321281,0.24087675597294023,0.4585491883891904,0.646557932104404,0.9988711645766837
Sertad1,9.795014988451124,0.9917237647358367,0.6145135616350357,1.6138354409903635,0.10656312492972327,0.9988711645766837
Sesn1,183.28702075519377,0.016286291248364705,0.18393248165619264,0.0885449437843562,0.9294435646171075,0.9988711645766837
Sesn2,149.43153716533627,1.3018243700575776,0.4100439183661564,3.1748413078403206,0.0014991846562276848,0.2500140278369036
Set,428.7264234686645,0.3057701755594549,0.16383129615698155,1.866372193420657,0.06198931069349602,0.9988711645766837
Setbp1,60.035959990825184,0.11826518593720146,0.2709766088907517,0.43644057109328516,0.662517108417949,0.9988711645766837
Setd1a,352.31111687400767,0.1165663877752103,0.14433241044878345,0.8076244788870484,0.41930679060196907,0.9988711645766837
Setd1b,344.0081173999031,0.13988467126602114,0.14593055484639128,0.9585701323020794,0.33777534505628426,0.9988711645766837
Setd5,323.468757149726,-0.20926411256474675,0.1700046910474757,-1.2309314012182606,0.21834852201909338,0.9988711645766837
Setd6,74.10179964946734,0.35330370880499945,0.2647852755630296,1.3343027026474472,0.18210467223442195,0.9988711645766837
Setdb1,134.48766392143938,0.05796367544737283,0.2214181859163055,0.2617837157661597,0.7934881943114254,0.9988711645766837
Setx,154.2609372363217,-0.10821571246578876,0.21647255427667256,-0.4999050010167976,0.617141970736686,0.9988711645766837
Sez6,137.56320716651558,-0.2150578244016675,0.22544977001957947,-0.9539057164839447,0.3401313696055558,0.9988711645766837
Sez6l2,714.8524480939726,-0.20943385443423576,0.6243111708262395,-0.3354638907983374,0.7372751791538819,0.9988711645766837
Sf1,1331.9337610127902,0.061242740551132206,0.12150802412708514,0.5040221910536417,0.6142457830136094,0.9988711645766837
Sf3a1,496.6542849334537,-0.055478980510658124,0.1466201579795216,-0.3783857641075987,0.7051440420455923,0.9988711645766837
Sf3b6,390.8039241587126,-0.003344384632299659,0.14141964427919868,-0.023648656799737,0.9811328604749849,0.9990082607840204
Sfpq,1391.14867480813,-0.1085084255138201,0.1287709241389752,-0.8426469425404843,0.399425929017465,0.9988711645766837
Sfrp1,2.6109220328091856,-0.09289593734358072,1.152656741918554,-0.08059288942253434,0.9357657212298952,0.9988711645766837
Sfrp2,1.0183851846731446,1.198413555941954,1.8795516106294743,0.6376060913488815,0.5237301294733805,0.9988711645766837
Sfrp4,9.014368542041707,-0.350234370624336,0.8724478118772097,-0.40143876327771544,0.6880971149115507,0.9988711645766837
Sfxn1,256.55957156901627,0.25702781182221784,0.2736177080382018,0.9393683386395894,0.34754166287939803,0.9988711645766837
Sfxn3,254.60440142987727,0.02508653392778579,0.17825132467643182,0.14073687235325608,0.8880778150587597,0.9988711645766837
Sgca,0.5909725208124407,-0.028213439943919016,2.695376556788683,-0.010467346342706556,0.9916484184681675,0.9990082607840204
Sgcd,5.3557889405078845,0.010865357398037819,0.8362208970733008,0.012993405732941627,0.9896330538804129,0.9990082607840204
Sgk1,3895.44524060772,-0.28047783121840203,0.728494415139182,-0.38501026965981,0.7002298068629662,0.9988711645766837
Sgms2,30.57745984048624,-0.27576127163600983,0.38423448543014194,-0.7176900619092044,0.4729484123524722,0.9988711645766837
Sgo1,1.2381531441081606,0.75143121584204,1.6448176843065272,0.45684772422595366,0.6477805003512129,0.9988711645766837
Sgo2a,10.755509530918843,-0.16403014575240796,0.765198875581952,-0.2143627637033041,0.8302641769827255,0.9988711645766837
Sgpl1,77.33663043266718,0.4161240341442572,0.2833536967941915,1.46856751421352,0.14195013151777186,0.9988711645766837
Sgsh,73.57722205042346,-0.5257154291544487,0.33793216798168446,-1.5556832967228555,0.11978342039962389,0.9988711645766837
Sgta,477.71778367157873,-0.001158070506283539,0.1311600924535604,-0.00882944258897633,0.9929552156120034,0.9990082607840204
Sh2d1a,7.553479464748244,0.5916418017833635,0.7005481583930804,0.8445412277443899,0.3983670353212725,0.9988711645766837
Sh3bp1,28.774111070003926,-0.2973065773624454,0.4870115067689345,-0.6104713610052427,0.5415496090937584,0.9988711645766837
Sh3bp2,138.00199565881476,0.3749148443267903,0.391205109943159,0.9583587606543902,0.3378818828238349,0.9988711645766837
Sh3bp4,357.6922850091098,-0.022640529980276387,0.15923177882895165,-0.14218600173145757,0.8869330884489188,0.9988711645766837
Sh3bp5,328.6491252952775,0.1471103414490904,0.18232609509111586,0.8068529157911999,0.4197512283222461,0.9988711645766837
Sh3gl1,236.15756380564653,-0.06615903468541123,0.17448006589213177,-0.3791781848954167,0.7045555500758454,0.9988711645766837
Sh3gl2,679.5224165264973,-0.09359301142378754,0.16310848225414423,-0.5738083644108555,0.5660974879342475,0.9988711645766837
Sh3gl3,240.53681921758104,0.06021067610415,0.18742645458086218,0.32124961355534287,0.7480212368059425,0.9988711645766837
Sh3rf2,0.27311932492753715,0.2918801220273429,4.0938117842693424,0.07129788505395035,0.9431606784301703,0.9988711645766837
Sh3tc2,31.321745761791757,-0.02219954072974668,0.43088738957533407,-0.051520516187827374,0.9589107540058196,0.9990082607840204
Shank3,484.9852121546748,-0.19196192385568592,0.17894403507297776,-1.0727483806733156,0.28338402674386654,0.9988711645766837
Sharpin,190.3058926279638,0.17458881181285188,0.17934649901882563,0.9734720932273435,0.330318723448496,0.9988711645766837
Shc1,44.99291275718691,-0.32409280433329174,0.3640199709651329,-0.8903159996250163,0.3732962324183696,0.9988711645766837
Shcbp1l,26.4191036372488,-0.5500493927725992,0.4539063298411327,-1.2118125626604868,0.22558413831029034,0.9988711645766837
She,15.166890284832272,-0.7202364310936766,0.5137608221284654,-1.4018905297406705,0.16094793888788195,0.9988711645766837
Shh,17.326184384927092,-0.4435273666814175,0.5906964636005541,-0.7508549551455306,0.4527399518738118,0.9988711645766837
Shisa3,1.1131414178190928,1.231726636918415,2.006568410353926,0.6138473179198303,0.5393162257362278,0.9988711645766837
Shld1,23.16615888774849,-0.2909166810225344,0.4762141246492835,-0.6108946920396057,0.5412692990685959,0.9988711645766837
Shmt1,15.398755981084726,0.11068917257312948,0.5537920651713699,0.19987497029029647,0.8415783662531576,0.9988711645766837
Shoc2,352.4761767447214,-0.020129343815533374,0.17807391141365878,-0.11303926361663215,0.9099994268254259,0.9988711645766837
Shox2,362.50864280887237,0.21122526503484165,0.2345960331615338,0.9003786730247058,0.367918766420964,0.9988711645766837
Shroom3,70.43565055428142,-0.5352709204339912,0.3122531087166589,-1.7142212695140866,0.0864880960385162,0.9988711645766837
Shtn1,507.5717962852653,-0.4840533961818923,0.197739056789156,-2.4479402503574486,0.014367547922335137,0.6091824867587009
Siah2,208.34843526783393,-0.12162523975063887,0.19035968290410266,-0.6389233155631485,0.5228728194373755,0.9988711645766837
Sidt1,18.400961837975697,0.5985486119625467,0.7092639753723143,0.8439010477704725,0.3987247026567178,0.9988711645766837
Sidt2,38.08057765052059,-0.04706305332241874,0.33427153073353993,-0.14079288541007826,0.8880335636993211,0.9988711645766837
Siglec1,0.6517015088901762,1.6150010838577284,2.670649115538542,0.6047223030765164,0.5453635264040231,0.9988711645766837
Siglech,49.848625221573634,-0.1569203396992181,0.3784379825326107,-0.4146527223537769,0.6783961467030465,0.9988711645766837
Sigmar1,45.00384723794121,-0.0207874944667387,0.34069665642742974,-0.06101467118790627,0.9513475249066587,0.9990082607840204
Sim1,0.4800628853432851,1.1081524791737183,2.936189006084251,0.3774118344825384,0.7058675734198745,0.9988711645766837
Sin3a,177.3505156908975,-0.01816444791673577,0.1842025878945618,-0.0986112525581517,0.921446935321783,0.9988711645766837
Sin3b,148.2260586784908,0.013274304873196191,0.1833047674948086,0.07241658280149278,0.9422703882748246,0.9988711645766837
Sinhcaf,35.866354521605295,0.3828889852093111,0.4935346201167243,0.7758097803123826,0.43786130835543424,0.9988711645766837
Sirpa,430.87436626468394,0.31637902344250063,0.2681746437545687,1.1797499532880829,0.238099679720693,0.9988711645766837
Sirt1,135.43083519409845,0.3269229829683338,0.23027455189489063,1.419709560948613,0.15569225350622473,0.9988711645766837
Sirt2,1644.201492815716,-0.17889871900646082,0.15999275748151637,-1.1181676084752061,0.2634954156568208,0.9988711645766837
Sirt3,108.12560281658095,-0.2550718714918713,0.25219353347900497,-1.011413211009655,0.311818700747837,0.9988711645766837
Sirt4,115.75441484032915,-0.08358051685462424,0.2271121558350431,-0.368014281522345,0.7128625852474759,0.9988711645766837
Sirt5,25.693537268597662,-0.35614408125156843,0.4181584602583422,-0.8516964622252037,0.3943825846842254,0.9988711645766837
Sirt6,97.5801596129432,0.08311473162503108,0.22155893648343108,0.37513599290654964,0.7075593299236769,0.9988711645766837
Sirt7,211.86774170772614,-0.008930409440443057,0.19960576626168416,-0.04474023775813794,0.9643143607009628,0.9990082607840204
Six1,0.3914065829819071,0.2918819116878126,3.6587476789220057,0.07977645284733358,0.9364150525269253,0.9988711645766837
Six2,0.3778810399526991,0.29188177635622714,3.693452016246246,0.07902682235273072,0.9370112886243994,0.9988711645766837
Six3,23.97087739256378,1.4339288392011205,0.7447366298312368,1.9254173646944963,0.054177164906541043,0.9988711645766837
Six6,0.5276156734407057,-0.6224988170984243,2.8763878365650326,-0.2164168576939225,0.8286628270768912,0.9988711645766837
Ska1,0.0,,,,,
Ska2,274.8557720814311,-0.03239221671116405,0.2049568130374595,-0.15804410807872876,0.8744220422323601,0.9988711645766837
Skp1a,485.3502591034789,-0.1175404311636047,0.16291949484183968,-0.7214632679637974,0.47062453253182746,0.9988711645766837
Skp2,25.173782218483893,-0.31588162384858365,0.41634769555051077,-0.7586967028385085,0.4480340097194989,0.9988711645766837
Slamf6,0.6510003648802364,0.2047937755513196,2.3516390166161814,0.08708554931445273,0.9306035117205305,0.9988711645766837
Slamf9,2.966951203229525,0.9396431150053182,1.2286454573858734,0.7647797087082788,0.4444027325874955,0.9988711645766837
Slc11a1,10.776385555904442,1.671285210699261,0.6947093736502906,2.4057329209733225,0.01614005948793283,0.6511993356300642
Slc11a2,62.13377509871219,-0.06978906738507802,0.28542163123842923,-0.24451218739892625,0.8068341642027244,0.9988711645766837
Slc12a2,3510.2430284903508,0.03978075913616648,0.24145058854784718,0.16475735004590103,0.8691349749157031,0.9988711645766837
Slc12a5,473.85022206169305,0.09186382592322186,0.2272859905571624,0.40417724690390944,0.6860823841140651,0.9988711645766837
Slc12a7,2.7044005741544894,-0.48445085916028513,1.2004907824147406,-0.40354400571558824,0.6865480685852869,0.9988711645766837
Slc13a4,1.194120417160734,1.6783916905662317,1.9178579959382396,0.875138667263601,0.3814984600380641,0.9988711645766837
Slc14a1,64.31034320768897,0.40923716833705226,0.29796085838319364,1.37345948913448,0.16960954685193108,0.9988711645766837
Slc15a1,0.17093747953695118,-0.6699094182016454,4.4288527141152105,-0.15126026116573596,0.8797704155341528,0.9988711645766837
Slc16a1,336.3104395083324,-0.05929665613231433,0.16701727402001212,-0.355033073556268,0.7225648140212293,0.9988711645766837
Slc16a2,8.748038499663032,0.2054627759591109,0.646872247894915,0.31762496633259263,0.7507694337237959,0.9988711645766837
Slc16a3,56.17317100363342,0.0082374472773474,0.3969661725810105,0.020751005617906527,0.9834442811653032,0.9990082607840204
Slc16a8,0.40932841538633585,-0.4880724854232401,3.5388230487164654,-0.1379194378199454,0.890304088058115,0.9988711645766837
Slc17a2,0.832344789871819,1.9893459763314285,2.9207678752444135,0.6811037580879163,0.49580583929403843,0.9988711645766837
Slc17a6,967.0945306577827,-0.023186083856505377,0.225098312740083,-0.10300425433787207,0.9179595944429461,0.9988711645766837
Slc17a7,574.979264522328,-0.3935983279927639,0.257198994695929,-1.5303260747892566,0.12593603720836313,0.9988711645766837
Slc17a8,7.724743433831275,1.4331087365616761,0.7199145150533117,1.9906651506471573,0.046517712442243196,0.9988711645766837
Slc18a2,2.8628048227041756,0.8078444699470941,1.1210525980971515,0.7206124595030692,0.4711479858533143,0.9988711645766837
Slc18a3,0.13691023446873854,1.2536647339164804,4.428644718705905,0.2830809002630525,0.7771148224071367,0.9988711645766837
Slc19a1,43.0720822465463,0.5983110689808758,0.3670110948238899,1.630226108744683,0.10305371777911666,0.9988711645766837
Slc19a2,56.27890899522395,0.7168192641169776,0.31249297837516893,2.293873186668494,0.021797783994540933,0.7573216203103353
Slc19a3,2.4199214689872823,-1.4069664606691674,1.3085547472024535,-1.0752064166035906,0.2822823232768691,0.9988711645766837
Slc1a1,307.0217030198878,-0.12640474871582175,0.18066337364690058,-0.6996700336332412,0.4841333948343023,0.9988711645766837
Slc1a3,1528.9675276195615,0.22324538850882655,0.25790702990705855,0.8656041232737125,0.3867072936673901,0.9988711645766837
Slc20a2,405.79982766599073,-0.12737161672985625,0.2051064402682237,-0.6210025222186523,0.5345979636614825,0.9988711645766837
Slc22a18,2.616035439825114,0.566247736681828,1.2554748733040066,0.45102275539107034,0.6519731485940432,0.9988711645766837
Slc22a2,0.8381433672669196,3.355482417738324,2.770984442782165,1.2109351340743373,0.22592026593753056,0.9988711645766837
Slc22a5,110.63453029544802,-0.13741849847584406,0.21255349289502462,-0.6465125395220485,0.5179474789208942,0.9988711645766837
Slc22a6,0.6745313897886581,0.20361238648534974,2.3358448244481407,0.0871686271083759,0.9305374763492255,0.9988711645766837
Slc22a8,8.356294416395897,0.12378182367910968,0.6612210437870687,0.18720188179457098,0.8515023494632499,0.9988711645766837
Slc24a3,689.3411276317037,0.016948465446741022,0.15954912099231314,0.10622725679295707,0.9154020455000048,0.9988711645766837
Slc24a4,4.6361988227462545,-0.16890363965590233,0.8772045858128158,-0.19254760222143227,0.8473132842425953,0.9988711645766837
Slc25a17,280.4284004678694,-0.04595829937449422,0.17799876405213225,-0.2581944858956097,0.7962568133098085,0.9988711645766837
Slc25a20,154.61998520462774,-0.19487303768089992,0.2564475847968038,-0.7598942210171624,0.44731781625485867,0.9988711645766837
Slc25a22,539.5271153384837,0.11366617014522551,0.2323021658219525,0.4893031011701574,0.6246271258577221,0.9988711645766837
Slc25a28,190.27563414486653,0.0015623008729186301,0.19753611122713974,0.007908938083337057,0.9936896461978355,0.9990082607840204
Slc25a31,0.77319317402925,0.7477201612690233,2.4436719483386207,0.30598221736652326,0.7596181853364912,0.9988711645766837
Slc25a51,202.78420263033811,-0.010397834433076961,0.17319013085238,-0.060037107090932566,0.9521260807947215,0.9990082607840204
Slc26a3,0.3666836757829684,0.2918816216246855,3.732732619211389,0.07819515925744261,0.9376728125820393,0.9988711645766837
Slc26a4,3.9805294164529683,1.3049653284762808,1.2765226385960586,1.022281383048172,0.30664774196221556,0.9988711645766837
Slc26a5,0.8188192468426111,1.9493981314630744,2.5687465699735634,0.7588907968773023,0.44791788469048954,0.9988711645766837
Slc2a1,271.8353582508189,0.07793651884632215,0.21464873395910308,0.3630886491097187,0.7165386635661352,0.9988711645766837
Slc2a2,0.7605077123295122,-2.899171745712984,2.8022405560858075,-1.0345906026578144,0.3008601445014889,0.9988711645766837
Slc2a3,167.83361817198195,0.2198421043931238,0.20353968804662678,1.0800945334197547,0.2801000859331516,0.9988711645766837
Slc2a4,9.32087878234168,0.05695121498669703,0.6572984017759788,0.08664438378796974,0.9309541853732454,0.9988711645766837
Slc2a5,11.45802640455283,0.31565337242824515,0.6800421405633763,0.46416737081432086,0.6425278365729838,0.9988711645766837
Slc30a10,85.13816622758047,0.04476561122552148,0.28297353301861816,0.1581971668798302,0.8743014361464174,0.9988711645766837
Slc30a3,18.008971161658973,0.6806603144451924,0.7688940518297631,0.8852459097913452,0.37602401610969305,0.9988711645766837
Slc30a8,0.2724181809175973,-1.4424797020843334,4.337121033308591,-0.33258922013156994,0.7394443816540731,0.9988711645766837
Slc31a1,29.015219544762676,-0.00898981233138203,0.37770012224888494,-0.023801454650994806,0.9810109797354983,0.9990082607840204
Slc32a1,83.85436002088247,0.19976858359646676,0.5363868123968848,0.37243380892193423,0.7095698855980506,0.9988711645766837
Slc39a5,0.206943560415748,1.2536647339164804,4.428644718705905,0.2830809002630525,0.7771148224071367,0.9988711645766837
Slc39a8,5.563733325368094,0.11704342129678852,0.8118522454542042,0.14416837786943193,0.8853675108510655,0.9988711645766837
Slc3a1,3.69965619749463,0.4354876119114902,1.0234131402030644,0.4255247414793612,0.6704541894036715,0.9988711645766837
Slc40a1,13.149651852344322,-0.39344521422398787,0.5669798812273193,-0.6939315260575248,0.4877251516638057,0.9988711645766837
Slc44a5,14.482629202482302,1.3814185375954358,0.6376590549114058,2.1663905294771753,0.030281357041190348,0.860781984528837
Slc45a1,52.184855771546616,-0.08674852711513767,0.33646690112480604,-0.25782187438092147,0.7965443817523026,0.9988711645766837
Slc45a2,0.40862727137639593,-2.021519410583075,4.293594625457573,-0.47082214017063595,0.6377677525202419,0.9988711645766837
Slc47a1,0.6478817673056598,2.929467506955339,3.316681278210058,0.8832526435992999,0.3770997840992353,0.9988711645766837
Slc4a1,0.22046910344495593,1.2536647339164806,4.428644718705905,0.28308090026305255,0.7771148224071367,0.9988711645766837
Slc4a10,361.0962172281852,0.12809754152267497,0.18164707793553855,0.7052001220087514,0.4806857053945186,0.9988711645766837
Slc4a7,56.77243228522102,0.18521805432516386,0.27288015728114934,0.6787523730951718,0.4972947755598871,0.9988711645766837
Slc4a9,0.4807640293532251,2.5610825047038985,3.5362499239384513,0.7242368497109861,0.4689203391226884,0.9988711645766837
Slc52a3,3.485825752774245,-0.18231309794669387,1.0310947629350489,-0.17681507510302252,0.8596536474062435,0.9988711645766837
Slc5a12,0.0,,,,,
Slc5a2,0.28242366279681114,-1.488372750394001,4.162759947789275,-0.3575446984840992,0.7206840699934347,0.9988711645766837
Slc5a7,3.314110522667542,-0.5542159642198904,1.1402997602724578,-0.48602655505905623,0.6269483383306473,0.9988711645766837
Slc6a11,3562.474800832761,-0.1866714889667165,0.1669445563499742,-1.1181645754018341,0.26349671082086523,0.9988711645766837
Slc6a14,0.22046910344495593,1.2536647339164806,4.428644718705905,0.28308090026305255,0.7771148224071367,0.9988711645766837
Slc6a19,0.14621457233801252,-0.6699094182016454,4.4288527141152105,-0.15126026116573596,0.8797704155341528,0.9988711645766837
Slc6a3,0.5902713768025009,-1.1918380242870574,2.4876155505396205,-0.4791086082527988,0.6318613660907735,0.9988711645766837
Slc6a4,0.14621457233801252,-0.6699094182016454,4.4288527141152105,-0.15126026116573596,0.8797704155341528,0.9988711645766837
Slc6a5,1.3720677446910852,-1.5500461278580062,1.7265174982945326,-0.8977876733882822,0.369298757560928,0.9988711645766837
Slc6a8,619.0745235793607,0.1990409545202077,0.19781571294682282,1.0061938536384836,0.3143223282207155,0.9988711645766837
Slc6a9,294.45729142559344,-0.5113343675082521,0.20818634708344125,-2.456137852802177,0.01404392729292691,0.6091824867587009
Slc7a10,55.90160138693373,-0.37741029864660525,0.2780889331659495,-1.3571568431361694,0.17473138018273904,0.9988711645766837
Slc8a1,986.9945483323323,0.000552784669191715,0.20048319127009764,0.0027572619215093454,0.9978000260702863,0.9990082607840204
Slc8a3,147.91408203291917,0.011820312902553544,0.3184980167926999,0.037112673484077,0.9703951670116395,0.9990082607840204
Slc8b1,86.07184536333465,0.9123087252805884,0.3169815336392989,2.878113165793207,0.004000615971301243,0.3827053126640915
Slc9a1,91.92457624110261,-0.04998089495658411,0.28721146076116943,-0.17402124143696934,0.8618487686767429,0.9988711645766837
Slc9a3,4.411017775860787,-0.3110600083305905,0.9213902462081063,-0.3375985469899734,0.7356657372945031,0.9988711645766837
Slc9a3r1,149.70608153455262,0.035158337382781034,0.18363885610507294,0.19145369410635205,0.8481701561699774,0.9988711645766837
Slc9a3r2,538.0214485510959,0.0840486863023206,0.18419493008537252,0.4563029300717716,0.6481721572300736,0.9988711645766837
Slc9a4,0.44405680446448836,-0.6235102737815117,3.003849274169698,-0.20757042610064314,0.8355643979530634,0.9988711645766837
Slc9a8,82.62195972035592,0.14013491380110077,0.28639340443169653,0.48930915179131607,0.6246228428335503,0.9988711645766837
Slc9a9,335.5051214674368,-0.28374249563910875,0.1965687359661223,-1.4434772358103296,0.14888608062384043,0.9988711645766837
Slco1a1,0.0,,,,,
Slco3a1,194.4902546587268,-0.38564190530414716,0.3524362630606436,-1.094217439360915,0.27385962464647196,0.9988711645766837
Slco4c1,0.8307657446817052,2.1441007173422584,2.88252585231955,0.7438270555724295,0.456981109810917,0.9988711645766837
Slit1,45.281431830438635,0.6339635085184588,0.5089495714667799,1.2456312846307975,0.21289979138835435,0.9988711645766837
Slit2,9.5027348700544,1.9769833593966595,0.8510451931374194,2.3230063166309822,0.020178813106969472,0.7262921005335847
Slit3,41.868233609691714,0.15651190136394852,0.34761887714351264,0.4502399370542049,0.6525374423624524,0.9988711645766837
Slitrk1,228.5613990222588,-0.06165709683970949,0.1826490293667789,-0.3375714453751375,0.7356861635303737,0.9988711645766837
Slitrk3,134.49159200474296,-0.39663280153504704,0.27193798020039656,-1.4585413969860348,0.14469137329025195,0.9988711645766837
Slk,665.3519401820002,-0.13320154744239673,0.13668884189162261,-0.9744873509719918,0.3298146166282875,0.9988711645766837
Slurp2,0.13691023446873854,1.2536647339164804,4.428644718705905,0.2830809002630525,0.7771148224071367,0.9988711645766837
Smad1,250.99266814748285,-0.009399997239213382,0.19959091401790358,-0.04709631841442537,0.9624364615632868,0.9990082607840204
Smad2,257.5640434279395,0.261808904510052,0.1786141376347004,1.465779293716943,0.14270842385354257,0.9988711645766837
Smad3,52.30124323060306,0.5867105290219612,0.3294910560215614,1.780656920118547,0.0749685149115313,0.9988711645766837
Smad4,504.1025910383027,0.19921997573991143,0.1442983249714063,1.380611838560068,0.16739834135258747,0.9988711645766837
Smad5,203.29064756123412,-0.061717435458884765,0.196834807642935,-0.31354939808635,0.7538632970374659,0.9988711645766837
Smad6,5.588209679941914,-0.6131762451344618,0.9319219926140474,-0.6579694974409803,0.5105577315014511,0.9988711645766837
Smad7,493.87204644855234,-0.6577274896572686,0.21818383489200838,-3.0145564632815964,0.002573553032304575,0.32741178798132275
Smad9,73.97749533115586,0.051934869337048425,0.2875501549910032,0.18061151571513964,0.8566725163077078,0.9988711645766837
Smap1,309.95269367637724,-0.038001277356183326,0.16198590834012844,-0.23459619262924086,0.8145221649375409,0.9988711645766837
Smap2,187.77384507438123,-0.047262692716500625,0.19682944876103467,-0.24012002784136732,0.8102372083736604,0.9988711645766837
Smarca1,109.74771876129456,0.29740419541372076,0.35353949232960485,0.841219161836808,0.40022516764002547,0.9988711645766837
Smarca2,482.0842324008297,-0.07072984848485477,0.24618201881012755,-0.28730712676219655,0.7738771662318165,0.9988711645766837
Smarca4,540.5579520822807,-0.13233085962317506,0.15869832582292662,-0.8338516423344502,0.4043645901178503,0.9988711645766837
Smarca5,402.3527990423567,-0.09822976568593986,0.14779767356041973,-0.6646232198356187,0.5062915138914434,0.9988711645766837
Smarcb1,293.67192052784554,-0.12699841740782872,0.1684291898546643,-0.75401667322282,0.4508392101050158,0.9988711645766837
Smarcc1,257.8127177789358,0.2686944533438962,0.1864360782991165,1.4412148967905505,0.1495239811217728,0.9988711645766837
Smarcc2,830.8401887018673,0.019458777054643276,0.13048091433852604,0.14913121319918463,0.8814500967093823,0.9988711645766837
Smarcd1,363.0311562914231,0.0017434460980998525,0.1464978764045496,0.011900828468566856,0.9905047368399373,0.9990082607840204
Smarcd2,108.46908849401235,0.28444646263680073,0.24072108605952325,1.1816433171395109,0.23734725814289637,0.9988711645766837
Smarcd3,406.5471341890289,-0.1552349308442813,0.19430622350599638,-0.7989189849057546,0.4243373898306009,0.9988711645766837
Smarce1,104.62880359342563,0.02801899903281115,0.2477400457917311,0.11309838481408059,0.9099525555089815,0.9988711645766837
Smc1a,350.2778959622479,0.04920782611955266,0.15324319193258093,0.3211093784916824,0.748127503355164,0.9988711645766837
Smc3,307.6187637671682,-0.11623761222208549,0.15629484814405348,-0.7437072533251504,0.45705360036763154,0.9988711645766837
Smc5,392.3711441694734,0.046189888214666984,0.1398168685399906,0.3303599107675316,0.7411280292107663,0.9988711645766837
Smcp,0.0,,,,,
Smdt1,926.800515340537,-0.0035733577754554716,0.1269680797741095,-0.02814374905734478,0.9775475011772313,0.9990082607840204
Smg9,180.20355055687205,-0.019853742938246658,0.17130347376491412,-0.11589807551417584,0.9077333209359364,0.9988711645766837
Smgc,0.13691023446873854,1.2536647339164804,4.428644718705905,0.2830809002630525,0.7771148224071367,0.9988711645766837
Smim7,163.1705053375192,0.10908679454341721,0.19415804947686569,0.5618453359896115,0.5742214004088702,0.9988711645766837
Smn1,127.92203797100792,0.01979878196743341,0.21891440775606827,0.09044074426336879,0.9279369800995515,0.9988711645766837
Smo,39.07276359237951,0.16686062148499908,0.32775649888496144,0.5090993528813753,0.6106825853878965,0.9988711645766837
Smoc1,129.25159431376494,-0.5592065449773486,0.33712419972965774,-1.6587552760252164,0.09716511587374331,0.9988711645766837
Smoc2,1.7820636151037579,0.4806559439781175,1.6255948660444757,0.2956800332100501,0.7674744469302738,0.9988711645766837
Smpd1,657.4507406610436,0.020449310633154524,0.14709558807490541,0.13902055731774315,0.8894339043968973,0.9988711645766837
Smpd3,34.539900693012406,0.09667462004256445,0.37247190593509044,0.2595487565696073,0.7952118681771869,0.9988711645766837
Smpd4,60.76528293482588,-0.028338652079936168,0.26082517093386753,-0.10864998948710153,0.9134801095366429,0.9988711645766837
Smtn,125.32622654860711,-0.12761359985594967,0.2653208214015282,-0.48097845914182236,0.6305318083950457,0.9988711645766837
Smurf1,236.91960128597077,-0.04520337527535011,0.17069908089315436,-0.2648132317926436,0.7911533431939521,0.9988711645766837
Smurf2,414.6016779274273,-0.09164013396595404,0.177878210917273,-0.5151847069598295,0.6064239546177448,0.9988711645766837
Smyd2,214.4120593118533,0.24084259224535565,0.21337791825088784,1.1287137592287084,0.2590186030888405,0.9988711645766837
Smyd3,173.03171697379864,0.08920426282535629,0.18206443121194815,0.4899598577907302,0.6241623047345777,0.9988711645766837
Snai1,0.13620909045879864,-0.6699094182016448,4.4288527141152105,-0.15126026116573588,0.8797704155341529,0.9988711645766837
Snai2,2.390620468035401,-0.1737273689345127,1.8392582239801523,-0.0944551268927138,0.9247476265705853,0.9988711645766837
Snai3,0.7767132351792442,0.8085903119549489,2.1959124884871826,0.3682251984968702,0.7127053226278053,0.9988711645766837
Snap25,4107.718922465254,-0.12487225377496625,0.19559717609857874,-0.6384154222759947,0.5232032943405402,0.9988711645766837
Snap29,107.33608931747794,-0.12559194205847177,0.2405281715312812,-0.5221506539500645,0.6015654405189713,0.9988711645766837
Snap91,165.40000532581436,-0.12741566204690877,0.2274037005824329,-0.5603060184182057,0.5752707230000296,0.9988711645766837
Snapin,790.4675654034253,-0.11920615522172835,0.16308973460800222,-0.7309237182110132,0.4648257477985068,0.9988711645766837
Sncb,2289.2871592578726,-0.0182841855532961,0.21832368488859233,-0.08374806225273394,0.9332567431868198,0.9988711645766837
Sncg,8.41340648264989,1.5996215601500934,0.8667399360678233,1.8455611580645124,0.0649559507017619,0.9988711645766837
Snf8,369.6488401784852,0.09544043492471553,0.14783645657096042,0.6455811857131791,0.5185506251005723,0.9988711645766837
Snph,236.00873507501433,-0.08071768970441884,0.18748058734056172,-0.43053892058591514,0.6668036611363233,0.9988711645766837
Snrk,369.9256410821993,-0.08370859457580439,0.16472442800631384,-0.5081735331483188,0.6113316502467228,0.9988711645766837
Snrpa,455.0033270691029,0.11844136247872712,0.15900781735739636,0.7448776069450131,0.45634571354034814,0.9988711645766837
Snrpd1,57.88486241409718,0.16341549774194988,0.27917079864614686,0.5853602831472409,0.5583054883871079,0.9988711645766837
Snrpn,1856.8876819502118,-0.06811378525696087,0.1633051930042253,-0.4170950353991408,0.6766088961056591,0.9988711645766837
Snta1,68.60980707263538,0.020741462760960148,0.2619002043262042,0.0791960541394846,0.9368766830769303,0.9988711645766837
Sntb1,53.899583424359456,0.3544219288622816,0.34605831824472294,1.024168211473663,0.3057558305819137,0.9988711645766837
Sntn,0.7264804672612994,-1.5804735588790577,2.342058987532003,-0.6748222684794618,0.4997886906601331,0.9988711645766837
Snu13,60.54633324546969,0.009311419945468484,0.29386011869460077,0.03168657246458659,0.9747220031317659,0.9990082607840204
Snx27,264.0006538215985,0.13469031430080125,0.15652138282473843,0.8605234113706876,0.38950058399506093,0.9988711645766837
Snx30,643.4925364939365,-0.37074279854026765,0.14971918314727975,-2.47625448353913,0.013276890539492556,0.6091824867587009
Snx4,83.93770864537372,-0.1673169960853833,0.2773296696007714,-0.6033144463996358,0.5462995243068802,0.9988711645766837
Snx5,734.9169155829385,0.05743353625354835,0.13463124162741014,0.4265988752632525,0.6696715170886589,0.9988711645766837
Snx6,1257.745479697249,-0.15697296712320646,0.1283069242977399,-1.2234177382270202,0.22117195699593295,0.9988711645766837
Socs1,0.9878780007549262,2.4111503606669404,2.3807874854696798,1.012753290826069,0.31117801643019083,0.9988711645766837
Socs2,34.145286346942356,-0.09453357126301215,0.37694522170005307,-0.250788618135702,0.8019775418336101,0.9988711645766837
Socs3,8.558011791464422,0.015947446793898822,0.7635568688873738,0.02088573548835575,0.983336805574603,0.9990082607840204
Socs6,165.79725176188143,0.00380069575904487,0.2435496925541751,0.015605422118114333,0.9875491799855679,0.9990082607840204
Sod1,1313.1088430196157,0.005124061147399316,0.13613351373685748,0.037639968342431766,0.9699747403584024,0.9990082607840204
Sod2,1087.8002383261135,0.01345715382724337,0.14516453771670976,0.09270276362884962,0.9261397014100338,0.9988711645766837
Sohlh2,0.0,,,,,
Sorbs1,918.0755362129357,0.22829226171897032,0.1695847488406112,1.346183918540558,0.17824321002876486,0.9988711645766837
Sorcs3,84.02782520121137,0.26208750601301806,0.3144249503713187,0.8335455112690867,0.40453714154425324,0.9988711645766837
Sorl1,439.45339097050265,0.10122788205648114,0.2647575248714284,0.38234185073923566,0.702207816029025,0.9988711645766837
Sort1,1172.8425757360792,-0.1197695283950475,0.1586195762563646,-0.7550740660249479,0.4502045428799474,0.9988711645766837
Sos1,386.68369280750284,-0.19640503590512307,0.14602767757136584,-1.3449849999096033,0.17863007867348357,0.9988711645766837
Sost,0.13620909045879864,-0.6699094182016448,4.4288527141152105,-0.15126026116573588,0.8797704155341529,0.9988711645766837
Sostdc1,1.9453237916209725,0.25830031472710524,1.4421140684818436,0.17911226328928728,0.8578495530070361,0.9988711645766837
Sox1,41.82563303669363,-0.09912217402144136,0.43602186409430316,-0.2273330357580489,0.8201647866780768,0.9988711645766837
Sox10,1287.1883116752113,-0.23471383098291446,0.1347520676824443,-1.7418198846197988,0.08153996611796245,0.9988711645766837
Sox11,42.70435106782901,0.07192804298104584,0.3744499791936361,0.19208985706432719,0.8476718198562267,0.9988711645766837
Sox13,42.20843393093398,0.6312938351242942,0.41181093473605807,1.532970064354676,0.1252832309507954,0.9988711645766837
Sox14,1.4141880570302725,0.5201084372369196,1.6070963290636622,0.32363239703244717,0.7462163576012317,0.9988711645766837
Sox17,8.407762940945428,-0.5126785486684209,0.6930748212157885,-0.7397160205143258,0.45947232509936053,0.9988711645766837
Sox18,12.466441262508384,1.0502359438450646,0.5687179863203071,1.8466726375936389,0.06479459967420362,0.9988711645766837
Sox2,424.7626826765918,0.34500821404262816,0.21617400472593984,1.5959745690978024,0.11049447126553157,0.9988711645766837
Sox21,144.95886235014973,0.5206990894530322,0.3181421539641095,1.6366868802672838,0.10169591168597941,0.9988711645766837
Sox3,47.35404796080913,-0.6143934267175603,0.3178681007809511,-1.9328565062303948,0.05325387710098733,0.9988711645766837
Sox30,0.3914065829819071,0.2918819116878126,3.6587476789220057,0.07977645284733358,0.9364150525269253,0.9988711645766837
Sox4,58.54877818628458,0.28625417465581493,0.2832015944185399,1.0107788243337485,0.3121223003504743,0.9988711645766837
Sox5,108.12485477983199,0.06447166899779105,0.30567004291060046,0.2109191610139144,0.8329503521286429,0.9988711645766837
Sox6,145.33447191226387,0.11327091846769433,0.26238359139092227,0.4316997029701194,0.6659596833311655,0.9988711645766837
Sox8,778.4195238735914,-0.8185698420511089,0.24081336992922853,-3.3991876875095204,0.0006758631922010696,0.18795237698606732
Sox9,335.32627790073974,-0.006146961581307176,0.20861256844002024,-0.02946592157545165,0.97649299777636,0.9990082607840204
Sp1,168.80209330576497,-0.03500968222004057,0.19566267978187254,-0.17892876791358395,0.8579936337619131,0.9988711645766837
Sp3,370.4617431288889,0.14572168548609415,0.1881513809956068,0.7744917136138195,0.43864006655398147,0.9988711645766837
Sp5,0.8374422232569797,2.126624397981583,2.273875220157843,0.9352423471301831,0.34966341934067435,0.9988711645766837
Sp7,3.6768221857290473,-0.3969322695641195,1.1400995982440258,-0.3481557840871728,0.7277231920825153,0.9988711645766837
Sp8,1.5819691191419434,0.22921487719657427,1.7544043460926857,0.1306511111347103,0.8960513083840623,0.9988711645766837
Sp9,1.3113050676297466,-0.4661789481344665,1.6763532679737296,-0.27809111423032823,0.7809424166373816,0.9988711645766837
Spaca6,16.577704472483408,0.15302760183930322,0.5409706951570952,0.2828759546667584,0.7772719274760916,0.9988711645766837
Spaca9,0.502892766241767,-0.5388364958218269,2.9050071951809917,-0.18548542554926636,0.8528483106477917,0.9988711645766837
Spag9,721.3966655876394,-0.061480909449532224,0.15469520139520532,-0.39743255702201624,0.6910485112240168,0.9988711645766837
Spast,656.094423093968,0.02248101954167849,0.15326171698140847,0.14668385546278048,0.8833815622293572,0.9988711645766837
Spata25,0.5995757146717748,-2.560798228429205,2.9757791846421746,-0.8605471271676801,0.38948751700067474,0.9988711645766837
Spata4,0.13691023446873854,1.2536647339164804,4.428644718705905,0.2830809002630525,0.7771148224071367,0.9988711645766837
Spatc1l,0.14621457233801252,-0.6699094182016454,4.4288527141152105,-0.15126026116573596,0.8797704155341528,0.9988711645766837
Spdef,1.142609957442145,-1.1161135437756988,1.985752831490655,-0.5620606583437981,0.5740746916649321,0.9988711645766837
Spdl1,1.034328181266989,-1.2577652597642557,1.998340713152433,-0.6294048114448408,0.5290840688339538,0.9988711645766837
Spdye4a,0.8579439252959844,0.8535720692571293,2.1605930349855527,0.3950637882449885,0.6927958124830231,0.9988711645766837
Speg,34.278996340162756,0.18810797663458786,0.36966661324806566,0.5088584413447085,0.6108514519255732,0.9988711645766837
Sphk1,3.1768719659881657,0.196860114158214,1.1573395868163256,0.1700971058112233,0.8649337695775701,0.9988711645766837
Sphk2,143.67085195497168,0.2225712492077371,0.20698395708345313,1.0753067645624312,0.2822374086272238,0.9988711645766837
Spi1,18.413454455028283,0.32079536019259164,0.46269266275979576,0.6933227734348809,0.48810701443659954,0.9988711645766837
Spib,0.3566781939037546,0.2918814938548762,3.7648572205553323,0.07752790524465691,0.9382035929000956,0.9988711645766837
Spink1,0.3666836757829684,0.2918816216246855,3.732732619211389,0.07819515925744261,0.9376728125820393,0.9988711645766837
Spink12,0.13620909045879864,-0.6699094182016448,4.4288527141152105,-0.15126026116573588,0.8797704155341529,0.9988711645766837
Spink8,0.3573793379136945,2.105959986671047,3.882576521232137,0.5424130020759307,0.5875340246416054,0.9988711645766837
Spn,0.7005319887882412,1.7856994100616659,2.4050642856604694,0.7424747108459449,0.45779976845005954,0.9988711645766837
Spo11,0.0,,,,,
Spock3,1474.553964245848,-0.3653889745310123,0.1455959293878983,-2.509609822658839,0.012086462600939814,0.6091824867587009
Spon1,419.14002454662835,-0.10335429401972256,0.20871304955436915,-0.49519804458991945,0.6204603307835713,0.9988711645766837
Spop,632.2550508420167,0.052912192844978244,0.14622045747840423,0.36186586854847597,0.7174522668237853,0.9988711645766837
Spopl,107.62232310698168,-0.11795661699786107,0.24035871529759906,-0.4907524025156051,0.6236015783830267,0.9988711645766837
Spred1,1445.591272139639,0.01628998496221293,0.13757323385397746,0.11840955181371542,0.9057431577715886,0.9988711645766837
Sprr2d,0.5283168174506456,1.1445686742563042,2.8676689408787275,0.3991285946367222,0.6897984537198665,0.9988711645766837
Sprr2f,0.14621457233801252,-0.6699094182016454,4.4288527141152105,-0.15126026116573596,0.8797704155341528,0.9988711645766837
Spry1,50.837763295174064,-0.3136079307330539,0.30558704098838174,-1.0262474799936856,0.30477494626315993,0.9988711645766837
Spry2,369.1139173805025,0.2352892479504012,0.26299391903733044,0.8946566095963736,0.3709706803251527,0.9988711645766837
Spry4,52.91291443561159,0.8866857252688612,0.30805597974381593,2.878326614553117,0.003997909811461809,0.3827053126640915
Spsb1,365.13781694850985,-0.07784447282985821,0.26909261065064993,-0.2892850630183969,0.772363241884498,0.9988711645766837
Spsb2,82.94295688507536,0.09006306163750312,0.27750857020935554,0.32454155044494143,0.7455280703385094,0.9988711645766837
Spta1,0.42933937914476356,-0.5714040987738639,3.4937680995013802,-0.16354952088989905,0.8700857859629947,0.9988711645766837
Sptan1,2534.2813141388474,-0.0771724164463052,0.12106688258813932,-0.6374362236520131,0.5238407396296654,0.9988711645766837
Sptb,178.81663369032614,0.46567472193270737,0.3359632493363226,1.3860882785620834,0.16571994908434862,0.9988711645766837
Sptbn2,180.26769148484792,-0.14233272408827966,0.18657623268595902,-0.7628663203198606,0.4455431239235519,0.9988711645766837
Sptlc2,324.65753394954123,-0.11141235550833038,0.16000093557145997,-0.6963231503016503,0.4862264783620853,0.9988711645766837
Sqstm1,1111.291919011441,0.34489713527339416,0.1761258325012288,1.9582427539184972,0.050201534540518025,0.9988711645766837
Sra1,92.50891516317934,0.24622331136637515,0.2533108423098891,0.9720204201332868,0.3310403898835982,0.9988711645766837
Src,37.38311458114381,-0.017493728024129795,0.34250414521029704,-0.051075960010319506,0.9592649921161558,0.9990082607840204
Srd5a3,122.57937192939717,-0.14167822411269965,0.22194413538323854,-0.6383508348533697,0.5232453276267608,0.9988711645766837
Srebf1,325.84770119073045,-0.04507667972073345,0.24755096600454513,-0.18209050220351725,0.855511702273043,0.9988711645766837
Srebf2,593.364259319519,-0.1690582937377406,0.2360913165293413,-0.7160716294990465,0.47394712074087786,0.9988711645766837
Srf,63.28934469951722,0.29150026147260144,0.2718037553270485,1.0724659088019335,0.28351081831672464,0.9988711645766837
Srgap1,344.91266128048346,0.09266742230012597,0.15882034417532537,0.5834732494838841,0.5595747599674388,0.9988711645766837
Srp72,101.32992625544715,0.2691352415338325,0.2508210058481551,1.0730171527051633,0.28326342020680306,0.9988711645766837
Srpx2,8.78473239073435,-0.05956420265427316,0.7413640083675868,-0.08034407117419672,0.9359636077548694,0.9988711645766837
Srr,97.21172722143264,-0.11006565819661267,0.22389145661552948,-0.4916027608218184,0.6230001913472922,0.9988711645766837
Srrm1,832.6802316884035,0.19111461672898675,0.1477705984984883,1.2933196364562456,0.19590053188620093,0.9988711645766837
Srrm4,142.1032315993893,-0.1294663980789598,0.21913062098568542,-0.5908183780824365,0.554642119734915,0.9988711645766837
Srsf1,968.8401706433534,0.10688157056481881,0.17852929960538735,0.5986780366083592,0.5493876061916485,0.9988711645766837
Srsf2,921.0836448384044,0.14901232639106055,0.19791580701969452,0.7529076562148085,0.4515054070446286,0.9988711645766837
Srsf4,315.7864411375974,-0.05548559069180887,0.16962968011654278,-0.3270983630558515,0.7435934898703463,0.9988711645766837
Sry,1.0572101826919955,1.4284260426605164,2.026734632665484,0.7047918457789933,0.48093978381317803,0.9988711645766837
Ss18l1,228.73187245491968,-0.0368048166400088,0.22815889099419168,-0.16131221746228488,0.8718475011355955,0.9988711645766837
Ssbp2,136.41518073300935,-0.08467992003788508,0.19507411796070434,-0.43409100562968056,0.6642223566821026,0.9988711645766837
Ssr2,104.54326869823912,-0.0331208575935088,0.2542905341084725,-0.13024809480080946,0.8963701444858152,0.9988711645766837
Ssrp1,233.77574089610212,0.3949333035219875,0.2078072354532146,1.900479079376917,0.057370277872312234,0.9988711645766837
Sst,45.664777412696246,0.5461623279791828,0.5564150539435231,0.9815736006930881,0.32630995842829036,0.9988711645766837
Sstr1,7.84328678907189,-0.19276490512978392,0.8999011518723316,-0.2142067545182244,0.8303858289878256,0.9988711645766837
Sstr2,2.870355031168049,1.1609328471140055,1.1676444419777792,0.9942520217435321,0.32010018727755396,0.9988711645766837
Sstr3,23.474606496928327,0.40566956519534464,0.4404382540888625,0.921058880397562,0.3570196868840053,0.9988711645766837
Sstr4,3.274798917235215,0.8215300281378576,1.0678976617142202,0.7692965886067339,0.4417172619295521,0.9988711645766837
St6galnac5,86.75926281180375,0.5897555198952074,0.323242976513104,1.824496006864666,0.06807711947899754,0.9988711645766837
Stab1,21.89562385847334,0.24381177552984393,0.5020019758352794,0.4856789161520058,0.6271948345166638,0.9988711645766837
Stac,1.8696526313938548,1.0425538472713187,1.6392165916616959,0.6360073785090645,0.5247716128343736,0.9988711645766837
Stag2,397.9213279711246,-0.07896369289323375,0.18271186738116657,-0.43217604868819326,0.665613465770863,0.9988711645766837
Stam2,232.96349937446993,-0.07716884605339842,0.18691099464024183,-0.4128641346215597,0.6797061594273055,0.9988711645766837
Star,11.40887931927982,0.19769234328310367,0.5929145771632144,0.3334246633451955,0.7388137485835615,0.9988711645766837
Stat1,102.02911129795818,-0.18153320707902232,0.24108723485661132,-0.7529772664529116,0.4514635751479097,0.9988711645766837
Stat2,113.40127667684139,0.023760776630750824,0.2288862591547805,0.10381041098095363,0.9173198043439628,0.9988711645766837
Stat3,299.7958283371809,0.09952615688278876,0.16501996701803703,0.6031158451989652,0.5464316261531209,0.9988711645766837
Stat4,1.0807412076004175,1.4203507780145002,2.0567755061218977,0.6905716125979191,0.489834792055201,0.9988711645766837
Stat5a,41.93611211482121,0.18236409376141852,0.34321221210371067,0.5313450026839732,0.5951797253410465,0.9988711645766837
Stat5b,153.2136742123546,0.15126152684571628,0.2368033167105365,0.6387643929439353,0.5229762153388607,0.9988711645766837
Stat6,7.82302415008711,-0.48392375694194606,0.7201692131419646,-0.6719584065954118,0.5016101758566112,0.9988711645766837
Stau2,152.07169406733473,-0.0010486779786946952,0.19898452205824194,-0.005270148491186423,0.9957950493507953,0.9990082607840204
Steap1,3.0271373325001587,0.3326473452782633,1.1461695273902366,0.2902252566735765,0.7716439153126279,0.9988711645766837
Stim1,188.6009992457341,-0.37672702119199675,0.17381541959912838,-2.167397012651954,0.030204594864780738,0.860781984528837
Stim2,199.58433322931478,-0.11824695151690925,0.18194806147658024,-0.6498939892917167,0.5157607010281369,0.9988711645766837
Stimate,108.68465627035994,-0.13908132433861017,0.21340128132893393,-0.6517361258212506,0.514571413393365,0.9988711645766837
Stip1,718.8182948966925,0.12455555469405687,0.1784141100641397,0.6981261439988086,0.4850983094101815,0.9988711645766837
Stk11,206.07624952963306,0.15086354953038789,0.1738871227071265,0.8675947199637283,0.38561623796099276,0.9988711645766837
Stk3,125.04180176627555,-0.034615806386494925,0.2397294336455454,-0.14439531208202205,0.8851883184342157,0.9988711645766837
Stk32a,5.774586567745587,0.9782712953984682,0.8177857721212753,1.1962439660216948,0.2316013682314002,0.9988711645766837
Stk38,99.01349783005014,0.04392663687571842,0.24972145949781296,0.17590253142062515,0.8603705165763105,0.9988711645766837
Stk38l,162.48201135617833,-0.0011458231245064748,0.18557339875329165,-0.006174500937118556,0.9950734923350391,0.9990082607840204
Stk39,1285.0416011859604,-0.21233790703390729,0.1321898742155077,-1.6063099257340627,0.10820583056957685,0.9988711645766837
Stk4,199.8973554102678,0.0731686172749284,0.21291188428786162,0.3436568020599677,0.7311044015567846,0.9988711645766837
Stmn2,1568.5766826650206,-0.0699590884535059,0.23198489962402952,-0.30156742342663834,0.7629818447741796,0.9988711645766837
Stmn4,8267.091768860593,-0.5454526189777079,0.23226429896471393,-2.3484135160202744,0.018853576985789364,0.6986995974807717
Stom,35.19238204311517,0.593532787402268,0.414130215950718,1.433203288583268,0.15179975013921956,0.9988711645766837
Stoml3,0.6645259079094442,0.23458272396277893,2.3420882746707004,0.10015964235838269,0.9202175855764452,0.9988711645766837
Stra6l,0.13620909045879864,-0.6699094182016448,4.4288527141152105,-0.15126026116573588,0.8797704155341529,0.9988711645766837
Stra8,0.0,,,,,
Strn3,1135.129210927913,0.02330587197217455,0.11504270278443898,0.2025845308575884,0.8394597818802073,0.9988711645766837
Stub1,330.91282211361005,0.05228229951339262,0.1514006146970118,0.34532422221681053,0.7298506387130594,0.9988711645766837
Stx1a,122.09257711846107,0.20101648570122768,0.3780928123234361,0.5316591036628063,0.5949621215469376,0.9988711645766837
Stx8,185.35082047900906,-0.09308398018043113,0.1865369717369381,-0.4990108894428815,0.6177717126495009,0.9988711645766837
Stxbp1,2640.5703049959575,0.013868620751870517,0.18952429836480442,0.07317595090195562,0.9416661034712484,0.9988711645766837
Stxbp4,137.90163176001357,-0.11061583751513837,0.20576258587281415,-0.5375896548243817,0.5908603738902682,0.9988711645766837
Stxbp5l,152.13113884811904,0.6885313689820006,0.40149397025162475,1.7149233114272762,0.08635928806406347,0.9988711645766837
Sucnr1,0.14621457233801252,-0.6699094182016454,4.4288527141152105,-0.15126026116573596,0.8797704155341528,0.9988711645766837
Sufu,209.68792339102868,-0.14067365009915755,0.1875217957593146,-0.7501722641335681,0.4531509610984653,0.9988711645766837
Sulf1,16.274908695101093,0.8318109381822837,0.5996156846515516,1.3872401264247536,0.16536855348164936,0.9988711645766837
Sulf2,480.15067476219343,0.14433414138439415,0.21273431434421078,0.678471368520534,0.4974728715293044,0.9988711645766837
Sult1a1,63.21610594642495,0.3793243185400177,0.3127878445155118,1.2127207792475652,0.22523659256240747,0.9988711645766837
Sult2a8,0.28242366279681114,-1.488372750394001,4.162759947789275,-0.3575446984840992,0.7206840699934347,0.9988711645766837
Sumf1,50.46687226757149,0.33375453034368346,0.2920464557634885,1.1428131509802397,0.25311617743426706,0.9988711645766837
Sumo1,431.2804566612276,0.019595575770686366,0.17874502029301662,0.10962865280701724,0.912703885959494,0.9988711645766837
Sumo3,394.75390104052093,-0.019009766072623956,0.17175228139352933,-0.11068130168860826,0.9118690739568347,0.9988711645766837
Sun1,181.1683405556495,0.15790233341880447,0.18754956202360024,0.8419232319984565,0.39983092537183484,0.9988711645766837
Supt16,225.0247151799259,-0.05199968520897919,0.16432202877109311,-0.31644987344585884,0.7516610668092603,0.9988711645766837
Supt20,108.3928190299505,0.17243745524439358,0.22110802313156097,0.779878779621633,0.43546223007874174,0.9988711645766837
Supt3,74.88362228206883,0.08334167861170326,0.2927156333772068,0.28471891866569815,0.775859495295345,0.9988711645766837
Supt5,432.63203164125736,0.20717717735823618,0.15652727684976067,1.323585138180681,0.18564086364996946,0.9988711645766837
Supt6,493.3583700531132,0.148806496972379,0.15969922494742705,0.9317922301837473,0.35144391083656423,0.9988711645766837
Suv39h1,62.09348197629424,0.1326342815416216,0.2869289844118021,0.4622547346114889,0.6438986561458032,0.9988711645766837
Suz12,274.9945069908187,-0.019965393220942925,0.18092922371250963,-0.1103491896514587,0.9121324477279856,0.9988711645766837
Sv2a,1905.6920041318938,-0.28291090682453246,0.13687972814574376,-2.0668576030725374,0.038747573737488404,0.9692705570432725
Sv2c,14.108839970292792,-0.8253907667003129,0.6634526256750929,-1.2440839552943825,0.21346866550314347,0.9988711645766837
Svil,116.57015554785202,-0.47024671764699233,0.20847998608846224,-2.255596455419261,0.024095915410940246,0.7931043736903556
Syce2,15.920281944067602,0.12675353236313044,0.4844033839089625,0.26166937840168386,0.7935763506373812,0.9988711645766837
Sycp1,1.0684412358453292,-1.0120680344366981,1.9972381810173943,-0.5067337706918612,0.6123416318518973,0.9988711645766837
Sycp3,8.17519062092225,0.3483281339697183,0.8877109888521861,0.3923891202699969,0.6947707235861025,0.9988711645766837
Syk,9.771372176945539,0.42461961965592865,0.6827460674575504,0.6219290595655159,0.5339885159748234,0.9988711645766837
Syn1,1529.519182342926,0.05613949112972194,0.1823200720843139,0.3079172275873182,0.7581453165586974,0.9988711645766837
Syn2,904.7614196473772,0.3153337194816026,0.3631757627346529,0.8682675217839215,0.3852478976601328,0.9988711645766837
Syn3,48.95156762042407,0.03992061416692059,0.3486437170263824,0.11450260600537292,0.9088393806936639,0.9988711645766837
Syncrip,270.17405328987707,0.22219450306899502,0.18399240525283067,1.2076286668662735,0.22719012740176436,0.9988711645766837
Syne1,354.8092609122905,-0.17510863968794085,0.20228994883848578,-0.8656319342279961,0.3866920373855287,0.9988711645766837
Syne4,19.01101500509252,0.391745271853674,0.492282117435521,0.7957739230797567,0.4261634511481278,0.9988711645766837
Syngr3,578.863769692619,-0.03472547588630343,0.26151905322130514,-0.13278373204004262,0.8943644203747086,0.9988711645766837
Synj2bp,96.59624872262968,0.09279906652120692,0.23222371505649755,0.3996106362290772,0.6894433212068696,0.9988711645766837
Synpo,62.54018564832604,-0.197261933744194,0.3118022770577301,-0.6326507157215886,0.5269617604789636,0.9988711645766837
Synpo2,626.3858145213845,-0.2714217989868176,0.1637203548126964,-1.6578378375574412,0.09735020185602165,0.9988711645766837
Syp,1552.9572000142562,-0.15104407780068096,0.21524211889597455,-0.7017403404845677,0.48284111042714806,0.9988711645766837
Sypl2,7.113463017830829,-0.3071050266369631,0.7621647818465928,-0.40293783437867725,0.6869939574305179,0.9988711645766837
Syt2,27.720574716107823,-0.49182225865059975,0.4176435234350493,-1.1776125596428326,0.23895110046007606,0.9988711645766837
Syt4,381.01432361767297,1.5754085149076749,0.28210125492729043,5.584549828797199,2.34306333609008e-08,2.344469174091734e-05
Syt6,2.919185511066114,1.2316121350794973,1.1707890794430602,1.0519504808375648,0.29282226955823465,0.9988711645766837
Syt9,122.77864080319695,0.21170946551134828,0.2303378989558463,0.9191256257483319,0.3580298670284262,0.9988711645766837
Sytl5,80.51733808013559,-0.21708565480693903,0.2568808914467448,-0.8450829237796541,0.39806454177404815,0.9988711645766837
Szt2,47.40448169016479,-0.28952018430514936,0.30612425771932433,-0.9457603473247171,0.3442708345836225,0.9988711645766837
T,0.872695039599312,-1.9008970949025554,2.216561251970142,-0.857588344654579,0.3911198132002732,0.9988711645766837
Taar5,0.3666836757829684,0.2918816216246855,3.732732619211389,0.07819515925744261,0.9376728125820393,0.9988711645766837
Tab1,62.24944385122658,-0.07641128170300306,0.2866912823270573,-0.26652809629500035,0.7898325239905615,0.9988711645766837
Tac1,49.98802504764391,-0.24913339349994892,0.6383420870374797,-0.3902819484395383,0.6963280701058732,0.9988711645766837
Tac2,6.904910028726785,0.7104459792001716,0.8342071015832855,0.8516422095325955,0.3944127047306122,0.9988711645766837
Tacr1,2.00633815945741,-0.7294151473773686,1.4559743337531197,-0.5009807731274546,0.6163846544403977,0.9988711645766837
Tacr2,0.28242366279681114,-1.488372750394001,4.162759947789275,-0.3575446984840992,0.7206840699934347,0.9988711645766837
Tacr3,5.047293169877182,0.1359689427773695,0.9453140680427365,0.14383467608695583,0.8856310200163451,0.9988711645766837
Tacstd2,1.3367291188386252,0.14085961272090303,1.8399775176355002,0.07655507274997439,0.9389775007631693,0.9988711645766837
Taf11,122.18810471777044,0.011719270485090829,0.2045625812590807,0.05728941438340695,0.9543146526032021,0.9990082607840204
Taf12,192.05921692264033,0.04080037197882887,0.17568095641366657,0.2322412901871869,0.8163506093823065,0.9988711645766837
Taf15,310.6655223099186,0.2489301991923021,0.18744454112646933,1.328020531813451,0.18417132419224136,0.9988711645766837
Taf4,241.08122521183506,0.062484641649559164,0.1811344375453689,0.34496279391327,0.7301223419183294,0.9988711645766837
Taf5l,139.52156764525458,0.12202391404986054,0.21776832198014157,0.5603382206388493,0.5752487620995165,0.9988711645766837
Taf6l,5.160128553771994,0.11194710509818542,0.8928579563897435,0.1253806434685778,0.9002222114557203,0.9988711645766837
Taf9,311.78115705892304,0.13193029941342288,0.16493299450478804,0.7999024076992243,0.42376734270433714,0.9988711645766837
Tagln,6.644202803762309,-0.5477081084709908,0.8386276940820707,-0.6531004310208129,0.5136915344228379,0.9988711645766837
Tal1,1.2821858710555871,-0.024125496773569653,1.894468875055953,-0.012734702106339492,0.9898394524308036,0.9990082607840204
Tap1,20.15657001746572,0.7589822311860275,0.5944982287401633,1.2766770269348522,0.2017162952468673,0.9988711645766837
Tardbp,1042.6700665870803,0.15497875480477125,0.15401910769990632,1.0062307016265457,0.31430460672955995,0.9988711645766837
Tas1r1,0.6255763136713578,-1.1064295000453483,2.7065393861590663,-0.4087985956175264,0.6826874706165778,0.9988711645766837
Tas1r2,0.206943560415748,1.2536647339164804,4.428644718705905,0.2830809002630525,0.7771148224071367,0.9988711645766837
Tas1r3,6.478024290466888,-0.208078340658315,0.7529339653004802,-0.2763566929475353,0.7822741159274929,0.9988711645766837
Tbc1d1,63.936331060533725,0.29886963878824946,0.3062427266362151,0.9759240393104124,0.3291021083374852,0.9988711645766837
Tbc1d22a,120.655771639269,0.03517303310534383,0.2103929304782631,0.16717782781668966,0.8672301297330894,0.9988711645766837
Tbck,296.33414536407,-0.14734234537160712,0.15712832926116146,-0.9377197992521823,0.3483884260994644,0.9988711645766837
Tbk1,268.72918806326817,0.04062888968479217,0.16459166918241624,0.24684657423191533,0.8050269645151946,0.9988711645766837
Tbl1xr1,280.72714847045467,-0.08609244079573077,0.20124711725384847,-0.42779465351116436,0.6688006297975452,0.9988711645766837
Tbp,149.98384437682503,0.12193288536619716,0.2324537959010181,0.5245467594692143,0.5998983060625404,0.9988711645766837
Tbpl1,243.24798105311217,0.13052384740163536,0.19723287669700817,0.6617753063661281,0.5081152340115366,0.9988711645766837
Tbpl2,0.0,,,,,
Tbr1,4.55114671809005,0.12625295879554538,1.0559883506652121,0.1195590450557653,0.9048324642448031,0.9988711645766837
Tbx1,2.666305361921694,-1.0666565913974655,1.2001332035393861,-0.8887818354260373,0.3741203399364488,0.9988711645766837
Tbx18,0.4533611423337623,-2.1547732931189914,3.195826599826765,-0.6742459973378387,0.5001549306298455,0.9988711645766837
Tbx2,12.113212618109655,-0.27422348913284306,0.568003997843662,-0.482784434922799,0.6292488037281548,0.9988711645766837
Tbx20,0.42933937914476356,-0.5714040987738639,3.4937680995013802,-0.16354952088989905,0.8700857859629947,0.9988711645766837
Tbx21,0.27311932492753715,0.2918801220273429,4.0938117842693424,0.07129788505395035,0.9431606784301703,0.9988711645766837
Tbx3,6.783345222222931,0.0704955112973658,0.8700956318417276,0.08102041743175778,0.9354257151202301,0.9988711645766837
Tbx4,0.6917520781831469,-1.510090990592313,2.6405050604807156,-0.5718947534671243,0.5673932786423632,0.9988711645766837
Tbx5,0.2738204689374771,1.843128458385611,4.35413451047909,0.4233053558519508,0.6720724871541612,0.9988711645766837
Tbx6,7.256273612835564,0.252527649934322,0.8096837633373182,0.3118842952876625,0.7551284581711931,0.9988711645766837
Tbxa2r,1.0157052048526207,-1.9849893077868113,2.20385233543145,-0.9006907023097844,0.3677527935527374,0.9988711645766837
Tcaf1,701.5717758201249,0.028609670793071435,0.17195528664716211,0.16637854730093926,0.8678590554214736,0.9988711645766837
Tcam1,1.1131414178190928,1.231726636918415,2.006568410353926,0.6138473179198303,0.5393162257362278,0.9988711645766837
Tceal5,600.2240344914901,-0.026055678422290247,0.2466019207340575,-0.10565886244815355,0.9158530205944203,0.9988711645766837
Tceal9,162.74731738363727,0.23347152203041077,0.19394186387435747,1.2038222040686484,0.22865830568149026,0.9988711645766837
Tcf12,585.8889881251915,0.29231360862056155,0.20862622234318057,1.401135510855002,0.16117355435118674,0.9988711645766837
Tcf21,0.17093747953695118,-0.6699094182016454,4.4288527141152105,-0.15126026116573596,0.8797704155341528,0.9988711645766837
Tcf3,121.34066165613706,-0.309047081192836,0.21188818238405438,-1.4585385447909405,0.14469215883970207,0.9988711645766837
Tcf7,19.553106307342528,1.1541028912581912,0.550256220969439,2.09739180999153,0.03595890549530929,0.93154602448665
Tcf7l1,42.392856355126725,-0.015784613585945236,0.3689508674777545,-0.04278242708535426,0.9658749723171616,0.9990082607840204
Tcf7l2,1106.346922573809,0.09039854249457785,0.19447394905011958,0.4648362566611965,0.6420487213687631,0.9988711645766837
Tcof1,65.71445371407457,0.07538102482709683,0.2547561573215316,0.2958948102359595,0.7673104145338703,0.9988711645766837
Tcp1,755.7989490129429,0.2297323142515801,0.11918431723731766,1.9275381155571103,0.05391260270258368,0.9988711645766837
Tctn1,13.68661055942092,-0.21605367689219274,0.6599128139379142,-0.3273973051120651,0.7433674044635059,0.9988711645766837
Tdg,198.16020524653516,-0.08578648281672602,0.2068368847648349,-0.41475427805955284,0.6783217935095813,0.9988711645766837
Tdgf1,11.170165183821029,0.3205874907112678,0.5708950456019454,0.5615524134970272,0.5744210100920365,0.9988711645766837
Tdh,0.3078477140056897,0.2918807853093279,3.93821644106615,0.074114967949885,0.9409189053157049,0.9988711645766837
Tdrd1,2.399648604220562,2.8524869025764867,1.4869963394669374,1.918287777089656,0.05507453141505771,0.9988711645766837
Tdrkh,189.61278732548192,0.18128513960843046,0.20162143502415256,0.8991362430622222,0.36858009531176383,0.9988711645766837
Tead1,55.38184284129401,-0.027151717369179137,0.276686620802534,-0.098131659891704,0.9218277478866033,0.9988711645766837
Tead2,3.3502790196162784,0.3590948642013707,1.0562502820953459,0.33997137826937485,0.7338780823232506,0.9988711645766837
Tead3,13.92538712667546,-0.3443341870352256,0.8010998859301164,-0.42982678325492046,0.6673216484549349,0.9988711645766837
Tec,18.899032170538444,0.8790902728669633,0.44916789697671605,1.957152946112116,0.050329489073125025,0.9988711645766837
Tecpr2,294.1677858081681,-0.23057768771562134,0.15141201192192857,-1.5228493749525787,0.12779639383062763,0.9988711645766837
Tecr,196.1183443302683,0.06570997488393411,0.17157766994753867,0.38297509754052195,0.7017382283097179,0.9988711645766837
Tectb,0.4286382351348237,-2.087102965941236,3.6652882449794126,-0.5694239651683818,0.5690684570517077,0.9988711645766837
Tek,20.18973574191175,-0.39871817891862604,0.47198246247310016,-0.8447732926969724,0.39823742881263813,0.9988711645766837
Tenm1,149.57990850493286,0.02354267266737085,0.21748212856456686,0.10825106790501832,0.913796536592456,0.9988711645766837
Tenm4,88.32949726395647,-0.021854971165875935,0.33461040786894686,-0.0653146783600217,0.9479234556579796,0.9990082607840204
Tent5c,8.435296046104977,1.2547982339732031,0.8343933311505051,1.5038449938747975,0.13262128292131115,0.9988711645766837
Tepsin,77.14313953936636,0.03877107574248414,0.2480687722302551,0.156291642006827,0.875803144095312,0.9988711645766837
Terf1,119.14061773521847,0.12613297053138667,0.233025967250954,0.5412828965775713,0.5883126073905294,0.9988711645766837
Terf2,315.5107909529996,0.13714701227756884,0.14982604435285451,0.91537497949672,0.3599948088831856,0.9988711645766837
Tert,1.7648909163686926,1.0404362092003414,1.5875014085053711,0.6553923061900838,0.5122152037997766,0.9988711645766837
Tesmin,4.7072346709684,-1.0030477772965476,1.0970315598630833,-0.9143290074733443,0.36054399283525207,0.9988711645766837
Tespa1,0.8072204190974627,-0.3887740571142969,2.1923466572302437,-0.17733238301166496,0.8592473158980812,0.9988711645766837
Tet1,144.80538637250254,-0.36496710557277406,0.27645184324813543,-1.3201832958848816,0.18677382764453276,0.9988711645766837
Tet2,162.71104961678375,-0.2700176606806381,0.1794815153466804,-1.5044315853868357,0.13247027665194022,0.9988711645766837
Tet3,181.80839539330046,0.04143954655624447,0.19940404559347932,0.20781698000614476,0.8353718739261757,0.9988711645766837
Tex101,0.3078477140056897,0.2918807853093279,3.93821644106615,0.074114967949885,0.9409189053157049,0.9988711645766837
Tex19.1,1.0456113549468473,-0.19688799498826104,1.9382439053118066,-0.10158060832730312,0.9190895721305424,0.9988711645766837
Tfam,85.26874756606357,0.38803397702290804,0.25158872313327096,1.5423345378535096,0.12299232019770716,0.9988711645766837
Tfap2a,5.182398526182609,2.065837572904371,3.1454414771477084,0.6567718992431155,0.5113275954616833,0.9988711645766837
Tfap2b,0.2738204689374771,1.843128458385611,4.35413451047909,0.4233053558519508,0.6720724871541612,0.9988711645766837
Tfap2c,0.4100295593962757,0.8936255737254076,3.536097766403823,0.25271517722605735,0.8004883187694496,0.9988711645766837
Tfap2d,0.881474950204406,0.847678851108696,1.9868383197505015,0.4266471220542715,0.6696363702606021,0.9988711645766837
Tfeb,284.14681191043263,-0.4426991799693251,0.16411908966570204,-2.6974264899413547,0.006987771086961819,0.49239181335309834
Tfpi,12.314456754551388,0.8104266342581824,0.5560779626965128,1.4573975029118065,0.14500668598413216,0.9988711645766837
Tfrc,235.3904569561456,-0.016452691738729434,0.17756391316777956,-0.09265785736082162,0.9261753778744751,0.9988711645766837
Tgfa,347.97350208353333,-0.11995121542029673,0.20131566989527527,-0.5958364566588161,0.5512844863968335,0.9988711645766837
Tgfb1,19.477396501883025,1.2090108584087271,0.5257995548450662,2.2993759642207725,0.021483599594945103,0.7518936782446198
Tgfb1i1,7.209989313588472,0.5016335954475748,0.6949840368204951,0.7217915360222006,0.4704226540144443,0.9988711645766837
Tgfb2,45.39333978736107,0.23495903696244186,0.39747421857292653,0.5911302569661705,0.5544331481590616,0.9988711645766837
Tgfb3,135.27934924752722,-0.10119274945728143,0.20992716811533596,-0.4820374150033081,0.6297793675893237,0.9988711645766837
Tgfbr1,109.1513193718679,0.4021538386146639,0.3030404119501497,1.3270633973425907,0.18448771201145608,0.9988711645766837
Tgfbr2,37.81108013955302,0.40795420274151506,0.3618809218628725,1.1273161365939623,0.25960884222027425,0.9988711645766837
Tgfbr3,70.30517628613815,-0.1028112488561723,0.29927040817141537,-0.3435396419056719,0.7311925234156751,0.9988711645766837
Tgif2,2.3237292588378513,-1.197100301916592,1.276718106435065,-0.9376386971272875,0.34843011757243514,0.9988711645766837
Tgm2,41.00874914690376,0.39836289903382094,0.39006869977085956,1.0212634319745053,0.307129646653033,0.9988711645766837
Tgs1,98.55163291818387,-0.13798227599452112,0.2317749930455289,-0.5953285735507128,0.5516238597008194,0.9988711645766837
Th,0.40932841538633585,-0.4880724854232401,3.5388230487164654,-0.1379194378199454,0.890304088058115,0.9988711645766837
Thap12,491.27348892347004,-0.03588464218173732,0.13903420090169946,-0.25809938812903044,0.7963302037886215,0.9988711645766837
Thbd,1.4745652441469612,-0.6794931575417492,1.6221852463134518,-0.4188751926365702,0.6753073479346927,0.9988711645766837
Thbs1,5.505951981516749,0.6128471762501363,0.8356237212829517,0.7334008844426034,0.4633139599300169,0.9988711645766837
Thbs2,43.36398762153747,-0.23017996989908474,0.3129174637216092,-0.73559323650874,0.46197827988454865,0.9988711645766837
Thbs3,26.743832089560556,0.9901125878700922,0.5269181438934911,1.8790633789035531,0.06023583975847622,0.9988711645766837
Thbs4,0.9476507147161953,0.17867780327201174,1.8813441722579978,0.09497348008236145,0.9243358915124033,0.9988711645766837
Themis,1.8296164032011781,-0.01146364307302066,1.476916328711352,-0.007761877128830303,0.9938069802609913,0.9990082607840204
Thpo,0.580265894923287,-1.166810486088898,2.766940026128218,-0.42169706429149345,0.6732461475347693,0.9988711645766837
Thra,985.141999329434,-0.0934172568851511,0.15216683599445338,-0.6139133818130794,0.5392725668666835,0.9988711645766837
Thrap3,389.83516004589404,0.05539947114164671,0.14927676363600256,0.3711191868865347,0.7105487608210148,0.9988711645766837
Thrb,87.45778703473017,0.04383794985581711,0.2941384821311155,0.14903847173684626,0.8815232759036221,0.9988711645766837
Thumpd1,552.1949260148872,-0.10515197937726739,0.2310044721937223,-0.45519456129440666,0.6489692728926513,0.9988711645766837
Tiam1,939.5979687332564,-0.20215148345544157,0.13644168153434502,-1.4815962481710994,0.13844775792293657,0.9988711645766837
Ticam1,13.024713267420035,-0.022522958755555312,0.5204016608176025,-0.04327995172069496,0.965478372454786,0.9990082607840204
Ticam2,0.8000338543583031,-1.5593554696730176,2.5587336905319074,-0.6094246835624617,0.542242980925876,0.9988711645766837
Tie1,14.618427697170773,-0.2644301021786269,0.5021831819262804,-0.5265610472344429,0.5984984481522007,0.9988711645766837
Tigar,28.703295587076024,0.040279067729421345,0.3968839002940163,0.10148828838756657,0.9191628540691559,0.9988711645766837
Tigit,0.14621457233801252,-0.6699094182016454,4.4288527141152105,-0.15126026116573596,0.8797704155341528,0.9988711645766837
Timeless,12.052167019201768,0.4642188698047295,0.5534913002443412,0.8387103276958426,0.40163188143656947,0.9988711645766837
Timm50,134.271063717697,0.22914772548658716,0.20567035701962114,1.1141504726649853,0.26521463870807727,0.9988711645766837
Timmdc1,191.78639453881485,0.11873502496765125,0.21403084777527107,0.5547565979476057,0.5790611576119141,0.9988711645766837
Timp1,1.6478190597797227,0.7516212768108996,1.6458439587364868,0.456678333824501,0.647902266030054,0.9988711645766837
Timp4,89.38983251174675,-0.16575712847405785,0.24644175340305505,-0.6726016439388108,0.5012007555812128,0.9988711645766837
Tiparp,165.14895488123062,0.09127983301060268,0.2599845972701877,0.35109708024641384,0.7255155183209109,0.9988711645766837
Tirap,57.0425478606777,-0.39160744900119765,0.3227424407964158,-1.2133745039383326,0.22498666961348124,0.9988711645766837
Tjp1,451.6266674275921,-0.021157361052145846,0.1544310384317328,-0.1370019995138386,0.8910292146323199,0.9988711645766837
Tjp2,498.5309054974723,0.0439879951014488,0.18117480998909447,0.2427931074087871,0.8081656753304256,0.9988711645766837
Tjp3,1.266080458391803,0.2906316379451377,1.666874392463896,0.17435725166761942,0.8615847078967618,0.9988711645766837
Tlcd1,131.49701130073004,-0.13433773599351073,0.19703689299794963,-0.6817897600268629,0.4953719001738002,0.9988711645766837
Tle1,621.4840938740562,-0.1340966994770126,0.15412940261144245,-0.8700267256278678,0.38428579911923555,0.9988711645766837
Tle4,512.3309379166662,-0.046673118923266636,0.16418087279478427,-0.2842786624822314,0.7761968367552933,0.9988711645766837
Tle6,39.01244369425404,-0.19058684938188358,0.49428089720209256,-0.38558408884646805,0.6998047189428569,0.9988711645766837
Tll1,16.15374028008944,0.9268733096870174,0.5205341058906996,1.780619750363946,0.074974591039156,0.9988711645766837
Tln1,120.78023230243987,0.21272977400938853,0.22030820709118726,0.9656007682062341,0.3342439907806589,0.9988711645766837
Tlr1,0.980136734444998,1.234407311322651,2.258132009877402,0.5466497556047086,0.5846193791163508,0.9988711645766837
Tlr11,0.14621457233801252,-0.6699094182016454,4.4288527141152105,-0.15126026116573596,0.8797704155341528,0.9988711645766837
Tlr12,0.3666836757829684,0.2918816216246855,3.732732619211389,0.07819515925744261,0.9376728125820393,0.9988711645766837
Tlr13,1.598651079596432,0.1913966321748194,1.4341977729555813,0.13345204948993264,0.8938358839479739,0.9988711645766837
Tlr2,4.7741105473315235,1.7517080973758274,1.0455640415699625,1.6753714050318305,0.09386138342784639,0.9988711645766837
Tlr3,48.42171895783098,-0.4957367671569099,0.3431462661494301,-1.4446806393079943,0.14854761051179627,0.9988711645766837
Tlr4,1.318191951934384,0.8387593208773456,1.8830220394588286,0.4454325564444275,0.6560071890465398,0.9988711645766837
Tlr5,2.6095340454651264,0.05580104695872401,1.1876631131197168,0.04698390169931904,0.9625260579415653,0.9990082607840204
Tlr6,0.13620909045879864,-0.6699094182016448,4.4288527141152105,-0.15126026116573588,0.8797704155341529,0.9988711645766837
Tlr7,2.9678290639852247,4.111465284971875,1.7149118086458721,2.397479138136187,0.016508321001306732,0.6607290397563007
Tlr8,0.3778810399526991,0.29188177635622714,3.693452016246246,0.07902682235273072,0.9370112886243994,0.9988711645766837
Tlr9,2.132366683821708,-0.1853869632539073,1.5118472600233752,-0.12262281260544863,0.9024057889247965,0.9988711645766837
Tlx1,0.6703101846287242,-1.2175311726616997,2.6741970387205205,-0.4552885053093291,0.6489016947066186,0.9988711645766837
Tlx3,0.13691023446873854,1.2536647339164804,4.428644718705905,0.2830809002630525,0.7771148224071367,0.9988711645766837
Tmco5,4.343379090400075,-0.4794719746975707,1.044374711187638,-0.4590995641328069,0.6461626696647582,0.9988711645766837
Tmem106b,893.1261847560705,-0.10761779230097876,0.1424819036020235,-0.755308495888529,0.45006390221458314,0.9988711645766837
Tmem108,16.52767289179576,0.2943203420314495,0.47192699426181595,0.6236565096087009,0.5328531903514153,0.9988711645766837
Tmem109,220.37805496529003,0.28877449135239747,0.19877325212250235,1.4527834518420422,0.14628388794597427,0.9988711645766837
Tmem119,13.110560822450077,-0.06547422798979669,0.608288613244777,-0.10763678057450284,0.9142838197907736,0.9988711645766837
Tmem120a,64.94603446330774,0.26251091297807677,0.32302569148933097,0.8126626454005969,0.4164115036755398,0.9988711645766837
Tmem163,446.34734170363225,-0.1553024879314993,0.15403733728285812,-1.008213272645177,0.31335208743869103,0.9988711645766837
Tmem173,10.333623674822562,-0.12746927903167016,0.6214236130037226,-0.20512461445668714,0.8374747657506731,0.9988711645766837
Tmem176a,55.15477968707535,0.875924583157865,0.3131084301518981,2.797511976068253,0.00514978580152918,0.42659047226830227
Tmem259,142.98786441695236,-0.11031838468073679,0.22265439470570345,-0.4954691544559525,0.6202689901797347,0.9988711645766837
Tmem35a,182.25504601094454,0.029467530211142415,0.23916045799332097,0.12321238409722962,0.9019389192017979,0.9988711645766837
Tmem41b,225.18238543760006,0.020287961719712432,0.17747772710150195,0.11431271997364191,0.9089898995170034,0.9988711645766837
Tmem43,52.86414454356355,0.5994143970604864,0.30190833542968865,1.9854185085925984,0.04709792842465396,0.9988711645766837
Tmem63b,698.3116921986806,0.017068539844477093,0.12497790863650432,0.13657245532985024,0.8913687499181284,0.9988711645766837
Tmem94,164.66786011604714,-0.043505580566558025,0.20158984102953137,-0.2158123660615655,0.8291340087312998,0.9988711645766837
Tmem98,141.29962706040178,-0.585841589623535,0.23166111961931737,-2.5288731686449286,0.01144293697351494,0.602865825384146
Tmigd1,0.7976164007936665,1.9905878502782477,2.9554497678517673,0.6735312749792224,0.5006093587939817,0.9988711645766837
Tmprss15,0.4800628853432851,1.1081524791737183,2.936189006084251,0.3774118344825384,0.7058675734198745,0.9988711645766837
Tmprss2,0.8065192750875229,-1.5990163629251095,2.29576758718606,-0.6965062020433159,0.4861118745806835,0.9988711645766837
Tmprss4,0.13620909045879864,-0.6699094182016448,4.4288527141152105,-0.15126026116573588,0.8797704155341529,0.9988711645766837
Tnc,20.8931244832395,-0.4486583852199981,0.4869383373810651,-0.921386448298668,0.35684870144288505,0.9988711645766837
Tnf,1.3518698539537037,1.7081429027147943,2.234288326272257,0.764513193140432,0.44456147759786024,0.9988711645766837
Tnfaip3,10.768601553919503,0.4207870464104282,0.6948721760070773,0.6055603619479828,0.5448067303829066,0.9988711645766837
Tnfrsf11a,43.747715843682535,-0.10038756584871904,0.3277595339877092,-0.3062841975253831,0.7593882699883449,0.9988711645766837
Tnfrsf11b,2.543959314777329,-0.7077395769446572,1.251112523335522,-0.5656881885074507,0.5716057659773786,0.9988711645766837
Tnfrsf13b,2.2865834161950622,-0.05789660259008861,1.277455664579902,-0.04532180974682062,0.9638508036339803,0.9990082607840204
Tnfrsf13c,1.2039491822941881,-2.3302433137425345,2.275515224538437,-1.0240508560935682,0.3058112547223397,0.9988711645766837
Tnfrsf14,2.0072783509728276,-0.4479404221949711,1.3465058756390982,-0.3326687467905501,0.7393843435201732,0.9988711645766837
Tnfrsf18,0.3171520518749637,-1.6299156053852275,4.032308140551388,-0.4042140502591523,0.6860553226533403,0.9988711645766837
Tnfrsf1a,60.21732321184542,0.5359174396102583,0.2926191088256235,1.8314505903632572,0.06703331612422438,0.9988711645766837
Tnfrsf1b,8.647937232799451,1.5066887928133603,0.6691320444112755,2.2517062295813304,0.024340842733424427,0.7957540786550354
Tnfrsf4,7.18887737477516,0.9549266778936593,0.7566172756276864,1.2621000189315743,0.2069127984683956,0.9988711645766837
Tnfrsf9,1.0877173666102142,0.41391717673021217,1.8492613249244834,0.22382838550258163,0.822890841828049,0.9988711645766837
Tnfsf10,3.3656975889459417,0.6075327196036218,1.0299348057989677,0.58987492818279,0.5552745040486112,0.9988711645766837
Tnfsf11,0.13620909045879864,-0.6699094182016448,4.4288527141152105,-0.15126026116573588,0.8797704155341529,0.9988711645766837
Tnfsf12,54.50100629596269,-0.2465075287208441,0.3383915353284192,-0.7284683657397077,0.4663269266445971,0.9988711645766837
Tnfsf13,26.115139562817618,-0.18135714658261665,0.47430009722346633,-0.3823679304395552,0.7021884742347255,0.9988711645766837
Tnfsf13b,10.66943650741385,0.22805351119893752,0.661834707699515,0.3445777450862821,0.7304118390885169,0.9988711645766837
Tnfsf14,0.611875686426863,1.3950544695752303,3.162314419804231,0.4411498302757617,0.6591045308297775,0.9988711645766837
Tnfsf4,0.3778810399526991,0.29188177635622714,3.693452016246246,0.07902682235273072,0.9370112886243994,0.9988711645766837
Tnfsf9,5.074247269333874,2.426506489120737,1.0980978119293001,2.2097362026953613,0.027123475658711125,0.8288116763936265
Tnks2,713.5206621575518,0.15613057143798115,0.19641704290808884,0.7948931983007234,0.4266756311247576,0.9988711645766837
Tnnc1,1.5448089758233337,0.6078317042432446,1.7693868807710262,0.34352673847020754,0.7312022289348611,0.9988711645766837
Tnni3k,0.3171520518749637,-1.6299156053852275,4.032308140551388,-0.4042140502591523,0.6860553226533403,0.9988711645766837
Tnnt2,1.803524896965963,-3.0119233704364943,1.9174925146951443,-1.57076147487092,0.11623806378299978,0.9988711645766837
Tnp1,0.6610058467594502,0.1737899943190249,2.3452170673207218,0.07410401226423367,0.9409276227163136,0.9988711645766837
Tnpo1,582.2089039985493,0.22562179637886048,0.2252179964709544,1.0017929291363632,0.31644361297607715,0.9988711645766837
Tnr,584.2401251260288,-0.036670417052952514,0.18054641296181914,-0.20310797900320154,0.8390506353702419,0.9988711645766837
Tns2,61.31530755842122,-0.056644308677001196,0.3216129162522713,-0.17612572696728926,0.8601951696519214,0.9988711645766837
Tnxb,12.424192772920497,1.8321213217835135,0.7468481541245667,2.453137644734587,0.014161613781752529,0.6091824867587009
Togaram1,156.54638998677456,-0.08389471610371474,0.19967549907602386,-0.42015528440859395,0.6743720181998965,0.9988711645766837
Top2a,1.8382195970605126,-1.0178065344199458,1.5393022238361087,-0.661212930546843,0.5084757699886481,0.9988711645766837
Top2b,383.75035965947967,-0.09232712205102084,0.15979017797245326,-0.5778022355475279,0.5633976458024654,0.9988711645766837
Topbp1,64.7165855393991,-0.05207241520271964,0.2575743111921093,-0.2021646295460029,0.8397880237078761,0.9988711645766837
Tor1a,219.16179975759596,0.0927879405585062,0.1697977032478284,0.546461694025846,0.584748612057654,0.9988711645766837
Tor2a,46.555416763594785,0.24021363333021004,0.2973735153522649,0.8077842206144552,0.41921481035970565,0.9988711645766837
Tox,146.01016765479005,0.1723243598946961,0.24410739219838873,0.7059366713263899,0.48022752111938505,0.9988711645766837
Tox3,119.67510054974169,0.5771094061623475,0.2355113097834291,2.450453044879434,0.014267657019255229,0.6091824867587009
Tpbpa,0.5895702327925609,-2.5406102215163777,2.98339892396005,-0.851582468945879,0.3944458731597211,0.9988711645766837
Tpcn1,157.41321412288426,0.06397158118144397,0.2070990249886309,0.3088936859309493,0.7574023999970998,0.9988711645766837
Tph1,0.14621457233801252,-0.6699094182016454,4.4288527141152105,-0.15126026116573596,0.8797704155341528,0.9988711645766837
Tph2,0.4787851935426409,-0.7545038689932926,3.396284246435854,-0.2221556896437888,0.8241926867429763,0.9988711645766837
Tpi1,1206.2622843558058,0.1327306322768391,0.14610780647708332,0.9084431248213805,0.36364415008176765,0.9988711645766837
Tppp,1741.6172060182362,-0.42543603080448317,0.22192730500428115,-1.9170062502956822,0.05523713760255523,0.9988711645766837
Tpr,578.9880432528349,-0.033159827788730244,0.14465631376229557,-0.22923180417288708,0.818688754470767,0.9988711645766837
Tpsab1,0.27311932492753715,0.2918801220273429,4.0938117842693424,0.07129788505395035,0.9431606784301703,0.9988711645766837
Tpsb2,0.2724181809175973,-1.4424797020843334,4.337121033308591,-0.33258922013156994,0.7394443816540731,0.9988711645766837
Traf2,152.75785587577116,-0.045725476647016094,0.21998426697725992,-0.2078579403669027,0.8353398905833487,0.9988711645766837
Traf3,89.02240805962566,0.0927102286533433,0.23066558613398352,0.4019248393624353,0.6877393415674314,0.9988711645766837
Traf3ip2,3.1485431881291053,-0.1767047235037966,1.075762192868892,-0.1642600238929687,0.8695264504954938,0.9988711645766837
Traf3ip3,2.351818989191434,-0.5130247534348749,1.2243149144204832,-0.4190300611323597,0.6751941628566922,0.9988711645766837
Traf6,324.8477199048312,0.42530264402057383,0.2943529867256818,1.444872867612275,0.14849359871587034,0.9988711645766837
Trappc10,1465.5383931418803,-0.15983874892118827,0.1453812796479936,-1.099445192037104,0.27157392790370594,0.9988711645766837
Trbc1,12.577828952564026,1.4596730159330213,0.6159691371378768,2.369717779555394,0.017801667752096448,0.6794567421470854
Trdn,0.6269786016912375,1.6140368475221092,2.6968723012618763,0.5984847138542286,0.5495165555695956,0.9988711645766837
Treh,0.17093747953695118,-0.6699094182016454,4.4288527141152105,-0.15126026116573596,0.8797704155341528,0.9988711645766837
Trem1,0.13620909045879864,-0.6699094182016448,4.4288527141152105,-0.15126026116573588,0.8797704155341529,0.9988711645766837
Trem2,25.1402409636743,0.8023887037945827,0.5004123442146131,1.6034550567570736,0.10883422403378958,0.9988711645766837
Trex1,40.246384911562544,-0.19975933543576746,0.35019704410345914,-0.5704198216383355,0.5683929887180726,0.9988711645766837
Trh,8.128358375236093,1.0466218306138977,0.7692416628879742,1.3605891114692765,0.17364357448824652,0.9988711645766837
Trhr,5.76626120810084,1.1141550587807634,0.8505382521317661,1.3099411531324727,0.19021574387187845,0.9988711645766837
Trhr2,32.53398499577708,0.19078447179594696,0.39683543434109586,0.4807647082038548,0.6306837355864032,0.9988711645766837
Trib2,43.47225844563084,-0.4102211780782477,0.3204989246648233,-1.2799455677027798,0.20056428013497085,0.9988711645766837
Trib3,90.57374473868235,6.600094304314311,1.6413076887704159,4.021241324506781,5.78922580542304e-05,0.029721621069495784
Trim17,21.036434313378585,-0.33169689892010384,0.42849457702967236,-0.7740982423148252,0.4388726968348159,0.9988711645766837
Trim2,2014.5853075848856,-0.4197006911505922,0.1942821334176589,-2.160263961320307,0.030752241166626722,0.8692286020148785
Trim21,20.687882665485564,-0.005286843921427292,0.5529377404704954,-0.00956137288970131,0.9923712444280223,0.9990082607840204
Trim24,198.96807447737197,-0.08726989773346094,0.1837358956836346,-0.4749746771514179,0.6348050226249837,0.9988711645766837
Trim27,170.64056167973803,0.1810582705589943,0.20657056731987616,0.876495973788096,0.38076046421980714,0.9988711645766837
Trim28,677.9134470870125,0.15352014346584628,0.1575052540079079,0.9746985548694042,0.32970981000799304,0.9988711645766837
Trim29,0.5902713768025009,-1.1918380242870574,2.4876155505396205,-0.4791086082527988,0.6318613660907735,0.9988711645766837
Trim32,169.5937550419225,-0.04078864951125642,0.20195617182408465,-0.20196782867713328,0.839941874871473,0.9988711645766837
Trim33,213.05124233280193,0.03894711379584114,0.17918343141393275,0.21735890137001102,0.8279286574694351,0.9988711645766837
Trim34a,10.945838518940851,0.20872975823113496,0.58562079910701,0.3564247693207255,0.7215224825304337,0.9988711645766837
Trim36,38.091000769756285,-0.33122091912949797,0.38385232153512044,-0.8628863251493791,0.3881999699999005,0.9988711645766837
Trim63,0.28312480680675106,0.2918803284116611,4.04604244075645,0.07213971002169989,0.9424907245055009,0.9988711645766837
Trim65,29.071372378259493,-0.40927850898311136,0.40362639403496076,-1.01400333335897,0.3105811617282497,0.9988711645766837
Trim7,24.56539546864303,-0.3242594505234993,0.42862836339813587,-0.7565048844476667,0.4493465450000872,0.9988711645766837
Trip13,4.141346036390533,0.3983072471476557,0.9928021756041177,0.4011949781488812,0.6882765777660347,0.9988711645766837
Trmt13,84.28669587214478,-0.21623566347791007,0.24780916248651408,-0.8725894608101011,0.38288688710265384,0.9988711645766837
Trmt2a,71.65913930244834,0.13227915724390463,0.2907780763421818,0.45491447948173774,0.6491707655790813,0.9988711645766837
Trp53,252.08262592425035,0.34001255876698844,0.28956793881050047,1.1742065097527943,0.24031231921980079,0.9988711645766837
Trp53bp1,194.6564486464243,0.07556343470553176,0.20587120525612085,0.367042270974829,0.7135874874496049,0.9988711645766837
Trp53cor1,8.412353411750926,0.9350150593472215,0.755412490017151,1.2377543020581945,0.21580717757475643,0.9988711645766837
Trp63,7.606016932775257,0.09807565189194452,0.6951702896240601,0.1410814779569804,0.8878055757393627,0.9988711645766837
Trp73,1.5939391361559208,0.18506835329506277,1.6060573314795685,0.11523147378840448,0.9082616523554705,0.9988711645766837
Trpa1,0.3666836757829684,0.2918816216246855,3.732732619211389,0.07819515925744261,0.9376728125820393,0.9988711645766837
Trpc1,166.47703816215702,0.06838798038758351,0.19366762056368597,0.35312036254968443,0.7239982078851314,0.9988711645766837
Trpc3,156.6072446000704,-0.14060151723937023,0.22803093812217445,-0.616589654005803,0.5375054203643593,0.9988711645766837
Trpc4,6.905961341167298,0.4099433880342449,0.724193952724818,0.5660685048415708,0.5713472124203709,0.9988711645766837
Trpc5,20.625585556668927,0.8155970015822283,0.6982923014200424,1.1679879613789752,0.24281162093118114,0.9988711645766837
Trpc6,2.45765979262707,0.7959698000889247,1.525149732413585,0.5218961674204171,0.6017426269269175,0.9988711645766837
Trpc7,6.585652871867055,0.5817604418876382,0.7797627457552142,0.746073655165704,0.45562292267943916,0.9988711645766837
Trpm1,2.069747127355669,1.237661550286615,1.4885522211083397,0.8314532286714688,0.4057176398151845,0.9988711645766837
Trpm2,18.015272940691357,0.26733927743705443,0.4516032951976042,0.5919781371836029,0.5538652285833542,0.9988711645766837
Trpm5,0.206943560415748,1.2536647339164804,4.428644718705905,0.2830809002630525,0.7771148224071367,0.9988711645766837
Trpm6,19.433437270705088,0.782099402390582,0.6964268814344493,1.1230172516886059,0.2614301676098979,0.9988711645766837
Trpm7,274.6286117696906,0.1272643079834213,0.22513340000613088,0.565283995977299,0.5718806124627244,0.9988711645766837
Trpm8,1.3756021065168997,0.05569506277699905,2.0857596857869614,0.026702531052126065,0.9786969943657452,0.9990082607840204
Trpv1,0.7357848051305735,-2.8609896790485805,2.8139589023210556,-1.0167133843670324,0.3092897967065871,0.9988711645766837
Trpv2,63.25925090625395,0.17695029334795376,0.2752210014957438,0.6429389195820154,0.5202637341915073,0.9988711645766837
Trpv3,20.110082314838582,0.13172625424726306,0.5523448407874396,0.23848553389123742,0.8115045340046316,0.9988711645766837
Trpv4,2.4298932618828935,-0.3703085232532344,1.1944625292112987,-0.3100210464515353,0.7565449515770781,0.9988711645766837
Trpv5,0.13620909045879864,-0.6699094182016448,4.4288527141152105,-0.15126026116573588,0.8797704155341529,0.9988711645766837
Trpv6,0.7197559990266015,-1.3432393542193815,3.033078986573046,-0.4428632950759563,0.6578646178895161,0.9988711645766837
Trrap,413.44292375037327,0.06003054312193298,0.18333546868905562,0.3274355123489346,0.7433385104959147,0.9988711645766837
Tsc1,230.74361948466165,-0.027908739183654645,0.16278147130166068,-0.17144911494217419,0.8638706383126721,0.9988711645766837
Tsc2,318.58395404177696,-0.05708807038527623,0.144556153731107,-0.39491968284842,0.6929021634212332,0.9988711645766837
Tsc22d3,1633.7395743061186,-0.2555561102830746,0.18845418493098665,-1.3560649256829251,0.17507851134732044,0.9988711645766837
Tsc22d4,859.7900331380641,-0.08493079929142787,0.13521737993090827,-0.6281056424464427,0.529934737021938,0.9988711645766837
Tsg101,19.626877146393394,0.4499719293842242,0.4402223212990159,1.0221470098482035,0.30671132639792764,0.9988711645766837
Tshb,0.5778484413586503,2.7836369692499847,3.3945083226875488,0.8200412856982138,0.4121925717198698,0.9988711645766837
Tshr,0.22046910344495593,1.2536647339164806,4.428644718705905,0.28308090026305255,0.7771148224071367,0.9988711645766837
Tshz1,192.5053045716128,-0.1690425657794364,0.17461787263089829,-0.968071384861922,0.3330087197438859,0.9988711645766837
Tslp,0.30714656999574985,-1.589477432344553,4.067301980088958,-0.3907940546646573,0.695949469913375,0.9988711645766837
Tspyl2,295.41236520487047,0.17525098123531824,0.17601722949611112,0.9956467428615572,0.3194218149663839,0.9988711645766837
Tssc4,407.38296428177983,0.23270242458580964,0.154982283285558,1.5014775860351128,0.13323207973822715,0.9988711645766837
Ttbk1,310.875728043321,0.07828375378247292,0.15345537701890527,0.5101401808346446,0.6099532568900261,0.9988711645766837
Ttc8,96.49739603680193,-0.04245066766747844,0.218103994031391,-0.1946349852784844,0.8456787125085037,0.9988711645766837
Ttk,0.8942993492236742,-0.13815645646794963,2.149729143976504,-0.0642669132783826,0.9487576983512953,0.9990082607840204
Ttll3,13.305297031725791,-0.5108942376650325,0.5382526565064233,-0.9491717904023677,0.34253324646378625,0.9988711645766837
Ttll6,0.28312480680675106,0.2918803284116611,4.04604244075645,0.07213971002169989,0.9424907245055009,0.9988711645766837
Ttn,4.342682993597622,-0.7503369777532697,1.1513524609111072,-0.651700502867298,0.5145943981322905,0.9988711645766837
Ttyh1,2717.2922541959233,0.0669735742030599,0.1625853482427916,0.4119287188353963,0.6803916702810724,0.9988711645766837
Tuba3a,0.13691023446873854,1.2536647339164804,4.428644718705905,0.2830809002630525,0.7771148224071367,0.9988711645766837
Tubb1,0.41933389726554965,-0.5364025948971828,3.042712615510623,-0.17629091625768425,0.8600653980508002,0.9988711645766837
Tubb2b,198.00059869519632,0.048482231076967364,0.21559476826319662,0.22487665849934071,0.8220752280751568,0.9988711645766837
Tubb3,990.9115853013009,0.358725898692645,0.23122389074990168,1.5514222926066628,0.12080051630445574,0.9988711645766837
Tubg1,93.00904762372302,0.08740032598600815,0.2766145336297903,0.31596433072089125,0.7520295821933631,0.9988711645766837
Tubg2,119.90695903865672,0.011286104346842735,0.2694616872279319,0.04188389252270976,0.9665912570346912,0.9990082607840204
Tubgcp2,85.41040215758551,0.07665259307170193,0.2698733644626356,0.28403170955507395,0.776386080208868,0.9988711645766837
Tufm,146.96634650038206,0.11850856932803648,0.1913441404058325,0.6193477839283974,0.5356872718773881,0.9988711645766837
Twf1,509.98398550162955,0.08766305512361285,0.23606648632287486,0.3713490063291474,0.710377601429458,0.9988711645766837
Twf2,267.6914781718815,-0.19981049410920557,0.16513304433992362,-1.2099970354685583,0.22628003044091693,0.9988711645766837
Twist1,1.9251932788507968,-0.15648043089964228,1.4726559490509312,-0.10625729044213467,0.9153782169765087,0.9988711645766837
Twist2,0.6478817673056598,2.929467506955339,3.316681278210058,0.8832526435992999,0.3770997840992353,0.9988711645766837
Twnk,18.314330533858758,0.575484971562578,0.4453665343033738,1.2921603381419997,0.1963016237737728,0.9988711645766837
Txnip,153.7595938745985,0.44668050948237636,0.29333746072290623,1.5227530380251084,0.12782050315330432,0.9988711645766837
Tyk2,54.945826249134775,-0.07683195592320137,0.2973702786838591,-0.25837133510199617,0.7961203370002304,0.9988711645766837
Tyr,0.0,,,,,
Tyro3,1123.3321536325523,-0.13890606516341564,0.1371282197688033,-1.0129648397507802,0.31107695554098835,0.9988711645766837
Tyrp1,0.9916977423394426,1.2555510943539567,2.3332804731204497,0.5381055165969076,0.5905042041293727,0.9988711645766837
Tyw5,70.35201946835734,-0.03054882297478039,0.26850360666153283,-0.11377434871215444,0.9094166732915584,0.9988711645766837
Uba1y,4.642559606831765,1.0370354564546926,1.1591209825033946,0.8946740436144728,0.3709613579356078,0.9988711645766837
Uba6,231.4810714500337,0.08817765774992264,0.17528278372836273,0.5030594327311251,0.6149224872889124,0.9988711645766837
Ubac1,335.64049416667194,0.03470156860850021,0.1498498093313581,0.23157566074552516,0.8168676135734754,0.9988711645766837
Ubap1,477.4634974055181,-0.11152595703444225,0.13687661495273604,-0.8147918990614471,0.41519143875473974,0.9988711645766837
Ubash3b,241.96733618255033,0.046975741226473335,0.25401117557865077,0.1849357262311791,0.853279448805745,0.9988711645766837
Ube2b,373.90168582724624,-0.03342201722554702,0.15929309999636435,-0.20981459477095887,0.8338123816207741,0.9988711645766837
Ube2d1,615.4060628041889,-0.14661114314557477,0.14579255335426464,-1.0056147572182308,0.31460092232643155,0.9988711645766837
Ube2g1,326.6500339006419,0.007514348546872804,0.17296247955283012,0.04344496312899817,0.9653468361221049,0.9990082607840204
Ube2g2,89.70320322401066,0.11940935001679083,0.26753134246694227,0.4463377969687635,0.6553532576120498,0.9988711645766837
Ube2i,532.7336511826585,0.15569946966561132,0.16051676194781084,0.9699888521065123,0.33205204888375106,0.9988711645766837
Ube2m,248.2573654465265,0.08439042760686329,0.15895260782475892,0.5309156531731868,0.5954772301016565,0.9988711645766837
Ube2n,88.68555849625272,-0.21082829374298406,0.22847171446286899,-0.9227763455911199,0.3561237702695069,0.9988711645766837
Ube2r2,212.27778087963375,0.03388407949716234,0.18428943624944344,0.18386338461255491,0.8541206298992956,0.9988711645766837
Ube2u,0.17093747953695118,-0.6699094182016454,4.4288527141152105,-0.15126026116573596,0.8797704155341528,0.9988711645766837
Ube3a,1058.3513998283513,-0.014295676045977172,0.1346998711093047,-0.10612984205735938,0.9154793343107045,0.9988711645766837
Ublcp1,95.57077809068619,0.020464480595813614,0.234304493852377,0.08734139179040762,0.9304001538213766,0.9988711645766837
Ubr5,626.2298319169807,0.08586054243971762,0.12903693231585972,0.6653950996722868,0.5057978183925396,0.9988711645766837
Ubr7,321.9674630497649,0.09294907336483844,0.158518177568417,0.5863622380135004,0.5576321148903924,0.9988711645766837
Ubtf,475.9222572912345,0.2275353560835311,0.15562950405432216,1.4620322635231835,0.14373236886926147,0.9988711645766837
Ubxn7,456.6851931098776,0.01367408092648648,0.1597112767133687,0.0856175043358218,0.9317704831071464,0.9988711645766837
Uchl1,3141.3815876040676,-0.0935689356018563,0.16564876586550933,-0.5648634634430368,0.5721666366359959,0.9988711645766837
Ucn3,0.3566781939037546,0.2918814938548762,3.7648572205553323,0.07752790524465691,0.9382035929000956,0.9988711645766837
Ucp1,0.8579439252959844,0.8535720692571293,2.1605930349855527,0.3950637882449885,0.6927958124830231,0.9988711645766837
Ucp3,25.891824507344676,-0.08171901156583107,0.4104335063144021,-0.1991041430794695,0.84218128040607,0.9988711645766837
Ufd1,482.737974108207,0.07584831123886679,0.14980618134972673,0.5063096232444292,0.6126393084557307,0.9988711645766837
Ufl1,236.45763318269675,-0.11555033798459352,0.15994751099107532,-0.7224266090082574,0.47003223216727164,0.9988711645766837
Ugt8a,3677.7570388605054,-0.391541641229125,0.2522446880437457,-1.5522294810871164,0.12060732438580307,0.9988711645766837
Uhrf1,4.750714328875532,-0.04313837857312298,0.8685426959621019,-0.04966753940097066,0.9603873243251071,0.9990082607840204
Uhrf2,109.83829773358177,0.17369671879111526,0.23961049738885057,0.7249128092632456,0.46850552209043883,0.9988711645766837
Ulk1,241.98864232949379,0.16303487761041802,0.16437937528829086,0.9918207641590384,0.3212849667440443,0.9988711645766837
Unc13b,99.22578104083296,-0.221478251187247,0.3035362438867084,-0.729659985085377,0.4655980461489281,0.9988711645766837
Unc5c,224.55658030691004,-0.10628345453596523,0.17287999232554643,-0.6147816939731536,0.5386989002269642,0.9988711645766837
Unc93b1,51.930247824459805,0.07701845983774913,0.3494884674486886,0.220374824954866,0.8255792502533503,0.9988711645766837
Uncx,0.8339221621069856,2.104598557124164,2.484622158014086,0.8470497416823859,0.39696739667572745,0.9988711645766837
Ung,4.724855125107632,-0.06127991185315284,0.8730834871042231,-0.07018791760270417,0.9440440909645973,0.9990082607840204
Upk1b,0.4540622863437022,-0.6597733345497565,2.9893343979330718,-0.22070911002996066,0.8253189376028802,0.9988711645766837
Upk3b,0.206943560415748,1.2536647339164804,4.428644718705905,0.2830809002630525,0.7771148224071367,0.9988711645766837
Uri1,329.540947202773,-0.0424668908952574,0.1478614577893658,-0.2872073056100467,0.7739535928009389,0.9988711645766837
Urm1,58.388839487748356,-0.07118957183288858,0.3291825143933331,-0.21626170504252756,0.8287837576716572,0.9988711645766837
Usp14,352.2223640619266,0.0987127873605838,0.15149547091960197,0.6515890327372906,0.5146663246390357,0.9988711645766837
Usp18,5.312737690121613,-0.1476702313098381,0.8962839055658691,-0.16475832087669415,0.8691342107472387,0.9988711645766837
Usp2,491.66708285225985,0.11386356298154815,0.1518831487393765,0.7496787097621477,0.4534482331009154,0.9988711645766837
Usp22,528.6491119133706,-0.07504992211017743,0.14366483765565383,-0.5223958996150642,0.6013947103450186,0.9988711645766837
Usp25,384.13038233613173,-0.21385027014778024,0.1574341119254408,-1.3583477400949646,0.1743533684993518,0.9988711645766837
Usp3,32.10325078984068,0.3264026371791328,0.3517622711391092,0.9279068961038531,0.35345586692976805,0.9988711645766837
Usp32,653.6310203818731,0.0695266087219198,0.12361430436305929,0.5624479228368091,0.573810875740635,0.9988711645766837
Usp47,273.70180164311154,0.003827980928780529,0.16042157435805549,0.023862008237349713,0.9809626786821256,0.9990082607840204
Usp50,0.3566781939037546,0.2918814938548762,3.7648572205553323,0.07752790524465691,0.9382035929000956,0.9988711645766837
Usp54,694.1106591762305,-0.29059807290752676,0.23283928948314755,-1.2480628744083144,0.21200803274569313,0.9988711645766837
Usp7,331.6380167520302,0.16470343126584866,0.1591825393481681,1.0346827732506838,0.30081708369420357,0.9988711645766837
Utp25,141.7229781847998,0.3015594624807754,0.2065423033757587,1.4600372783301139,0.14427982889236357,0.9988711645766837
Utrn,205.7977649203534,0.16415808504734083,0.24767433978946693,0.6627981129853087,0.5074598623512472,0.9988711645766837
Uts2,0.14621457233801252,-0.6699094182016454,4.4288527141152105,-0.15126026116573596,0.8797704155341528,0.9988711645766837
Uts2b,0.5548418437144085,-2.464151214168718,3.419579800617811,-0.7206005877457585,0.4711552921315475,0.9988711645766837
Vamp2,1997.5119886596083,0.05564991541707242,0.16146575165769947,0.34465460845868956,0.7303540466495186,0.9988711645766837
Vamp3,1368.8520009889762,-0.08249571115093665,0.16588235806726084,-0.4973145554000797,0.6189672490858662,0.9988711645766837
Vangl1,128.33899563023343,-0.18098842384722588,0.2334131707795157,-0.7753993626100442,0.43810371165015927,0.9988711645766837
Vangl2,90.29752280896247,0.010511710143574975,0.2573060629736063,0.0408529438525249,0.9674131314685096,0.9990082607840204
Vasp,2.3480135482827373,0.7439383651703299,1.247359930151679,0.5964103441096323,0.5509011318070953,0.9988711645766837
Vat1,252.09049167748313,0.5419453274600271,0.19409894083175042,2.792108628402039,0.005236577293564161,0.42659047226830227
Vav1,6.184316446707341,1.1475718981523542,0.7921496990016657,1.4486805961027591,0.14742680175291364,0.9988711645766837
Vav2,14.651698222601034,0.20157723973713718,0.5266930126968329,0.3827224490885092,0.701925567543575,0.9988711645766837
Vax1,1.6446626423544426,0.8192647053877732,1.4302754863226486,0.5728020323512413,0.5667787428550297,0.9988711645766837
Vax2,0.27311932492753715,0.2918801220273429,4.0938117842693424,0.07129788505395035,0.9431606784301703,0.9988711645766837
Vcam1,52.711429560506936,-0.3918502940118255,0.36725433862501855,-1.0669725386469031,0.2859842367100687,0.9988711645766837
Vcan,30.900588884332738,-0.2592240833364419,0.37117519970269275,-0.6983874018093816,0.4849349528846826,0.9988711645766837
Vcl,133.93208472762356,0.5803591790451822,0.19752679586510444,2.9381288574210593,0.003301997503513926,0.35912811978435155
Vcp,428.4567089701698,-0.2115426102609553,0.16482098201415893,-1.2834689350581758,0.19932783627065487,0.9988711645766837
Vdac1,1745.4211084291483,-0.046633640433872046,0.11211059937404927,-0.4159610303953699,0.6774385193694906,0.9988711645766837
Vdac2,743.526277348035,-0.03879823500343794,0.14519324110063883,-0.26721791392855154,0.7893013841754017,0.9988711645766837
Vdr,1.3008231481457764,1.9127609097556761,2.1431138274711694,0.8925148469657791,0.3721170384061807,0.9988711645766837
Vegfa,397.0138204428188,0.6632074825654615,0.29106815033119166,2.2785298969015724,0.022695025327397467,0.7724028007685002
Vegfb,587.2055584138056,-0.1451682366936948,0.1873337447395543,-0.774917711144454,0.43838828584700185,0.9988711645766837
Vegfc,11.80690858735553,-0.05057299986747649,0.567227680888641,-0.08915820149723098,0.9289561834061397,0.9988711645766837
Vegfd,1.821647932149439,-2.0116201960381748,1.820002656212296,-1.1052842088838837,0.26903645815861865,0.9988711645766837
Vgll2,0.0,,,,,
Vhl,71.69908318288586,0.06106322093989429,0.2547998762619598,0.23965168992906094,0.810600289426832,0.9988711645766837
Vil1,5.534717744599388,-1.0421031155924263,0.8289155876742961,-1.2571884653735061,0.2086853990569978,0.9988711645766837
Vip,1.6067298461915858,1.2652228354205668,1.567006821933213,0.8074137379055338,0.41942815467488936,0.9988711645766837
Vipas39,99.91933677343462,0.08583722341222876,0.2297685210941888,0.3735813026234415,0.7087158467051156,0.9988711645766837
Vipr1,4.639579946576718,0.6279918187070936,0.8817812064914012,0.7121855331957765,0.4763498941478638,0.9988711645766837
Vipr2,3.6532625594689843,-1.7908917177962047,1.2789178638235907,-1.4003180098227435,0.16141811005515372,0.9988711645766837
Virma,204.72111133838652,-0.0736376905686866,0.18087849072531306,-0.4071113722444466,0.6839261912717138,0.9988711645766837
Vit,4.109647937040202,0.12936560024116162,1.0038172480862069,0.1288736575186361,0.8974576210762086,0.9988711645766837
Vldlr,772.4377139985532,-0.31848555790694316,0.14417079576416805,-2.2090851078322133,0.02716872175265935,0.8288116763936265
Vps13a,153.96722762277224,-0.0017915561849237082,0.2140917227810429,-0.008368171182199223,0.9933232433364073,0.9990082607840204
Vps25,174.21653598467958,0.1702343615694834,0.17710362304210145,0.9612133204582435,0.33644492012987126,0.9988711645766837
Vps26b,386.87840156208455,0.014691987195332462,0.16139971883690207,0.09102857985879786,0.9274698818813892,0.9988711645766837
Vps28,1049.318688178737,0.045295052052582094,0.16972990470332286,0.2668654774287123,0.7895727379667709,0.9988711645766837
Vps51,231.77864931466308,0.14287060932854082,0.17080213274499897,0.8364685325202651,0.40289137224717453,0.9988711645766837
Vps54,121.52224653138289,0.25474808950113204,0.23256989382150753,1.0953614215288148,0.2733583283712553,0.9988711645766837
Vps72,220.5219105109362,0.2852301841372693,0.18325426819401255,1.5564722554527033,0.11959583509983455,0.9988711645766837
Vps9d1,124.07265021585887,-0.13737274287837264,0.22307441595197977,-0.615815768438207,0.538016119049176,0.9988711645766837
Vsig1,0.44405680446448836,-0.6235102737815117,3.003849274169698,-0.20757042610064314,0.8355643979530634,0.9988711645766837
Vsir,37.89299493213827,0.32432640434249055,0.39825161155184374,0.814375623186324,0.4154297990786533,0.9988711645766837
Vstm2a,100.74993376271372,0.11206904880344573,0.28815152376018593,0.3889240193528013,0.6973323534016042,0.9988711645766837
Vstm4,19.132110511158608,-0.18802874507578168,0.4489988468872364,-0.41877333623309737,0.6753817933202706,0.9988711645766837
Vstm5,36.45235203644417,0.1704598262890167,0.37943985846360667,0.4492406964814586,0.6532580328526181,0.9988711645766837
Vsx1,0.5562441317342882,0.08770033144603524,2.730285049575735,0.03212130962650336,0.9743753095529155,0.9990082607840204
Vsx2,0.41933389726554965,-0.5364025948971828,3.042712615510623,-0.17629091625768425,0.8600653980508002,0.9988711645766837
Vtcn1,0.14621457233801252,-0.6699094182016454,4.4288527141152105,-0.15126026116573596,0.8797704155341528,0.9988711645766837
Vtn,37.055983271678066,-0.34002846148154836,0.3512779775523884,-0.9679754587827462,0.3330566262758119,0.9988711645766837
Vwa8,218.46255280876957,0.017325898360475583,0.18615711207755486,0.09307137485704788,0.9258468582591574,0.9988711645766837
Vwc2l,21.592229617125625,0.2527828324508582,0.4165718319427008,0.606816911436365,0.5439724237365847,0.9988711645766837
Vwf,8.91966961809028,-0.23876046840191864,0.7658266362386095,-0.3117682999047943,0.7552166171017273,0.9988711645766837
Vxn,31.3462052143126,0.18717129491724205,0.37310345208929396,0.5016605819890586,0.6159062965893074,0.9988711645766837
Wap,0.9948541597647229,1.2012753523823216,2.0359671376808364,0.590026887050196,0.5551726238616641,0.9988711645766837
Wapl,692.548510365123,-0.12453820056331448,0.1505088184782833,-0.8274478653307874,0.40798326022263454,0.9988711645766837
Was,1.0141639795132107,0.2574810160444693,2.023968594148613,0.1272159147077968,0.8987695096070485,0.9988711645766837
Washc1,151.06080897307035,0.05575590257591996,0.19562175246359442,0.28501893002055706,0.7756296391138833,0.9988711645766837
Washc2,828.9384721393403,-0.04995918413602138,0.14684207013803138,-0.3402239160007742,0.7336879089571959,0.9988711645766837
Washc3,75.27814684748748,-0.0053919439000240715,0.24905070824605247,-0.021649984206015747,0.982727161230327,0.9990082607840204
Washc4,490.36721241341,0.041837855110264034,0.16612449802949325,0.25184638994566755,0.8011597987010977,0.9988711645766837
Washc5,234.7039796563544,0.05383238681866929,0.20393165815545936,0.26397268234651566,0.7918009686845313,0.9988711645766837
Wasl,500.5571595062285,0.08225422372831338,0.12969487830847162,0.6342133536890837,0.525941593913879,0.9988711645766837
Wdr34,37.08509210177635,0.2282536924971792,0.3454402753390048,0.6607616679125728,0.5087651688979439,0.9988711645766837
Wdr36,121.13708937845884,0.09361689776982712,0.20227477523356271,0.46282042662872586,0.6434930884023742,0.9988711645766837
Wdr37,200.66932544690496,-0.12988910914179044,0.17757732116543587,-0.7314509999888004,0.4645037237417212,0.9988711645766837
Wdr4,24.518961337155474,-0.17737003978517032,0.4300637018378641,-0.41242736605573754,0.6800262083412766,0.9988711645766837
Wdr45,239.1691910925946,0.11526856123220577,0.1881830358771036,0.612534284479734,0.5401843218733989,0.9988711645766837
Wdr5,127.41533688346935,0.2270118526857874,0.22903276143801582,0.9911763332916224,0.32159948480819545,0.9988711645766837
Wdr59,246.84866407041878,-0.19989764341268024,0.16398520838852734,-1.218998014376188,0.22284494612756767,0.9988711645766837
Wdr61,220.98643234519136,-0.12064477088853029,0.18545095017878824,-0.6505481410163709,0.515338215902868,0.9988711645766837
Wdr62,15.698544326896588,0.24921827713711367,0.5008476682029811,0.49759296680225673,0.6187709619813431,0.9988711645766837
Wdr82,351.41104286528093,0.08989518475814362,0.16462285246703992,0.546067471259144,0.5850195588038123,0.9988711645766837
Wdr83,61.11555397196644,0.027113851523992587,0.26591454780484797,0.10196452863455659,0.9187848303456005,0.9988711645766837
Wdtc1,316.5990977253242,-0.029130856016414734,0.17184670307208777,-0.1695165254592907,0.8653903750259132,0.9988711645766837
Wee1,43.52732589566825,-0.06442541929718122,0.31085296278048896,-0.20725367621049728,0.8358117496594337,0.9988711645766837
Wfdc18,44.603778291727615,-1.028155447659082,0.4094571939333408,-2.5110205972506727,0.012038267274776318,0.6091824867587009
Whrn,131.72659932168403,-0.07122614689835279,0.2250848401677972,-0.31644133316688416,0.7516675481890066,0.9988711645766837
Wif1,4.187216203916861,0.4223457462662238,1.0921578798006157,0.3867075942750394,0.6989726933337045,0.9988711645766837
Wipf1,62.63631555803045,-0.3781596624980579,0.28245617593443695,-1.3388259656458543,0.1806273356760253,0.9988711645766837
Wiz,261.80275816728437,0.14351903772125063,0.183669931592483,0.781396478328761,0.43456934175640405,0.9988711645766837
Wls,375.8204509258581,-0.17909338941820366,0.15160923415391916,-1.1812828579846368,0.23749037475752555,0.9988711645766837
Wnt1,0.27311932492753715,0.2918801220273429,4.0938117842693424,0.07129788505395035,0.9431606784301703,0.9988711645766837
Wnt10a,6.4589248360232885,1.2111939649581105,0.8077051335938619,1.4995496680440001,0.13373109376606257,0.9988711645766837
Wnt10b,0.206943560415748,1.2536647339164804,4.428644718705905,0.2830809002630525,0.7771148224071367,0.9988711645766837
Wnt11,0.8200448181167309,-1.599016244765886,2.291071665494449,-0.6979337525091313,0.4852186249809036,0.9988711645766837
Wnt16,0.27311932492753715,0.2918801220273429,4.0938117842693424,0.07129788505395035,0.9431606784301703,0.9988711645766837
Wnt2,0.2738204689374771,1.843128458385611,4.35413451047909,0.4233053558519508,0.6720724871541612,0.9988711645766837
Wnt2b,2.472800527742148,1.6849595819009768,1.247906198082032,1.3502293557726324,0.17694242458005516,0.9988711645766837
Wnt3,56.29445135100273,-0.38107638975351293,0.34331927846206006,-1.1099766708720535,0.26700907951770236,0.9988711645766837
Wnt3a,0.0,,,,,
Wnt4,35.926873790658426,-0.406641611036123,0.47672982489602883,-0.852981269054875,0.3936696915576863,0.9988711645766837
Wnt5a,17.62761546637557,0.3528911587755998,0.6323511070087171,0.5580620558172521,0.5768020098047355,0.9988711645766837
Wnt5b,8.055066929571856,-0.796605403764928,0.7478852819600539,-1.0651438435547076,0.2868108413869832,0.9988711645766837
Wnt6,2.765229672418173,1.1041587260180479,1.1442968289212663,0.9649233469072385,0.33458320662316643,0.9988711645766837
Wnt7a,68.24105492106816,-0.37474022650784317,0.3469039734723386,-1.080241955019648,0.280034449991436,0.9988711645766837
Wnt7b,61.853536797256545,-0.2519699227484863,0.2787365732249265,-0.9039715163074749,0.3660105051724435,0.9988711645766837
Wnt8a,0.503593910251707,1.1445313061847249,2.9030240441770605,0.39425484900149105,0.6933928944779761,0.9988711645766837
Wnt8b,0.8393689385410393,0.038036151210671776,2.367977129560952,0.016062718991599417,0.9871843556105364,0.9990082607840204
Wnt9a,64.52861410177947,0.2194874621177272,0.2902084186532135,0.7563097691525111,0.4494634922836832,0.9988711645766837
Wnt9b,17.939857933623703,-0.8423612980988663,0.4814777779549717,-1.7495330764312962,0.08019891647833907,0.9988711645766837
Wrap53,170.647359109963,-0.17276559921474033,0.21187092351811312,-0.8154285465224319,0.4148270496120302,0.9988711645766837
Wrap73,174.10126645938757,0.030654592221373622,0.1823662084802294,0.16809359846233207,0.8665096453834307,0.9988711645766837
Wrnip1,363.4820477149665,0.16848905428468386,0.14865279408565715,1.1334402109360728,0.25702943583115634,0.9988711645766837
Wsb1,51.37425458646158,0.11242188741346316,0.32058811189248526,0.35067391223529143,0.7258329992068261,0.9988711645766837
Wt1,0.13620909045879864,-0.6699094182016448,4.4288527141152105,-0.15126026116573588,0.8797704155341529,0.9988711645766837
Wtip,21.050827547354775,-0.014231614839103613,0.42438061839220603,-0.033535025451965794,0.9732479352591483,0.9990082607840204
Wwox,129.99896277066577,-0.03983123585854048,0.1923907172947422,-0.20703304410222198,0.8359840520651086,0.9988711645766837
Wwtr1,26.032475343516,-0.2971636971151412,0.4101307891901687,-0.7245583724692097,0.46872300447147586,0.9988711645766837
Xcl1,0.9917355621901462,3.553404245687234,2.686043445084401,1.32291391347007,0.18586400780053158,0.9988711645766837
Xcr1,1.020502957803259,-0.49044655754472954,2.298448362692715,-0.21338158624984455,0.8310293418237257,0.9988711645766837
Xiap,439.5111727149369,-0.05297134572269246,0.14253396542092586,-0.3716401600577062,0.7101607839402357,0.9988711645766837
Xist,147.56129816667584,-0.012809997423666272,3.421367668540763,-0.0037441159982463464,,
Xkr6,14.719829293654977,-0.22486484829014192,0.5477827795749516,-0.4105000315355374,0.6814391803614708,0.9988711645766837
Xpa,111.01518691996081,-0.34960739020276455,0.23556396173323274,-1.4841293533629805,0.13777460730685104,0.9988711645766837
Xpo1,345.7685968677749,0.15728551867939491,0.17438588502025182,0.9019395042272429,0.36708900471588224,0.9988711645766837
Xrcc1,115.04612034670907,0.36735170788567884,0.2287428666031324,1.6059591861416687,0.10828287779843919,0.9988711645766837
Xrcc2,34.975644039253176,-0.3595343121925911,0.3763067384926764,-0.9554288441199101,0.33936087320301334,0.9988711645766837
Xrcc4,91.08743027274302,-0.1956497182905663,0.2625199158319958,-0.7452757162080448,0.4561050582626688,0.9988711645766837
Xrcc5,85.03029420704586,-0.00738714648539441,0.23451002788059847,-0.031500343725836745,0.9748705180286598,0.9990082607840204
Xrcc6,320.49792345354723,0.03265514036098003,0.1882409906734773,0.17347518329641395,0.8622779329938983,0.9988711645766837
Yap1,23.465003510783138,-0.017475176177711518,0.46181175996302765,-0.03784047461050054,0.9698148733947854,0.9990082607840204
Yars,490.5708514043304,0.5612928794085599,0.22454380211584812,2.499703283366396,0.012429736386996444,0.6091824867587009
Ybx3,861.4924338267983,-0.0936674624595889,0.20571971251120658,-0.4553159311579651,0.6488819665962301,0.9988711645766837
Yeats2,86.44687086562082,0.0636830249452656,0.2532494963051786,0.25146357988615425,0.801455716723293,0.9988711645766837
Yeats4,223.32366176490427,-0.021078214695720167,0.16847963271337368,-0.12510838465311427,0.9004377454604111,0.9988711645766837
Yes1,166.1823110130635,0.15492456434727248,0.18750819763972223,0.8262282198719874,0.4086746429474375,0.9988711645766837
Yif1a,43.577769800287825,-0.01959719199946357,0.34565080163903067,-0.05669650383142831,0.9547869590760925,0.9990082607840204
Yipf1,61.95712762517095,-0.3347821193091017,0.26192018892463803,-1.2781837119300037,0.20118465784487993,0.9988711645766837
Ywhae,2242.142347271281,-0.07904342189511915,0.1300503787632172,-0.6077907857464495,0.5433262412890817,0.9988711645766837
Ywhag,2373.0655939990165,0.034156405983666836,0.20581823352300468,0.16595422766491244,0.8681929716122508,0.9988711645766837
Ywhaz,7255.302575099049,-0.025752841311196355,0.1103492147731714,-0.23337584562004063,0.8154695677804012,0.9988711645766837
Yy1,491.4095721052226,0.15640706482605085,0.17816215019137094,0.8778916546418412,0.38000251849707345,0.9988711645766837
Zap70,18.839152666874575,-0.11539037746902273,0.5129760418727766,-0.224943014975426,0.8220236055665456,0.9988711645766837
Zbp1,0.9036179877687688,1.2023085405939928,2.3322099339909967,0.5155232910514796,0.6061873983123027,0.9988711645766837
Zbtb16,841.8094675378237,0.3887564570969242,0.32114001160773986,1.2105512955258133,0.22606742015006365,0.9988711645766837
Zbtb4,81.19961570257651,-0.06820267489513127,0.29839814460293707,-0.22856266410732892,0.8192088461288309,0.9988711645766837
Zbtb46,20.563619341893588,0.11347067399842868,0.44050986159076677,0.25758940694009436,0.7967238059321691,0.9988711645766837
Zbtb7a,325.60507624253916,0.0627800763659637,0.147173274411891,0.426572532389694,0.6696907076536434,0.9988711645766837
Zbtb7b,65.86807585059948,0.27954366719101165,0.3232576049710389,0.864770582013241,0.38716472064771024,0.9988711645766837
Zbtb8b,11.813968057538824,0.1065682105371237,0.6079547146425599,0.17528971808332677,0.8608519904720856,0.9988711645766837
Zc3h11a,268.5955014723432,-0.1051746509328642,0.16556794760114513,-0.6352355782426621,0.5252747823361266,0.9988711645766837
Zc3h12a,16.69204835959243,0.04148298133946008,0.5228712714069912,0.07933689152175787,0.9367646635764846,0.9988711645766837
Zc3h14,97.64301087295458,0.3440664094250774,0.25286011233647165,1.3606986339041125,0.17360894650268965,0.9988711645766837
Zc3hc1,202.51144677465973,0.09349205635313809,0.17491191297594946,0.5345093696733699,0.5929891686945996,0.9988711645766837
Zcchc12,200.91147286355397,0.42094064406709425,0.3797160947596108,1.1085667683735707,0.2676171207059117,0.9988711645766837
Zdhhc18,90.67736711677175,0.2413659320070725,0.22960886963712143,1.0512047395578932,0.2931645668537659,0.9988711645766837
Zdhhc2,323.353572068116,0.26193802238973235,0.16224149012519237,1.6144946781961258,0.10642017024722832,0.9988711645766837
Zdhhc6,86.26329143223865,0.18369313485093625,0.27756165194295296,0.6618102088853778,0.5080928626232961,0.9988711645766837
Zdhhc7,119.70897036930876,0.013658416108650557,0.211706054636249,0.06451594467677506,0.9485594115442174,0.9990082607840204
Zdhhc8,271.17266330270934,-0.13243503089999342,0.152114913160628,-0.8706248989548231,0.38395899672465084,0.9988711645766837
Zeb1,485.47344786791285,0.1382779815246837,0.23906063287491197,0.5784222180865614,0.5629790971748964,0.9988711645766837
Zeb2,1720.719659954994,-0.1942173213437371,0.14333838022961543,-1.3549568582581868,0.17543130259624118,0.9988711645766837
Zfand2a,189.64421786890594,0.06760304151244229,0.171042269363482,0.3952417245399091,0.6926645024241362,0.9988711645766837
Zfand2b,124.54204637690064,0.04635884849188429,0.20816401354148606,0.22270347166728316,0.8237662992175881,0.9988711645766837
Zfand4,80.64293131588896,0.45792336148722723,0.3112368586562511,1.4713018357282215,0.1412095070959827,0.9988711645766837
Zfhx3,354.27431993558986,0.09929466572080967,0.21809277968909654,0.45528635043470844,0.648903244773172,0.9988711645766837
Zfp106,816.4957138884835,0.013009693768921946,0.1366627287028541,0.0951956242378925,0.9241594455566717,0.9988711645766837
Zfp111,132.00096720197266,-0.30138621867254556,0.2005190952767943,-1.5030300144558075,0.13283130431031237,0.9988711645766837
Zfp148,409.7894314422462,0.14401468315343255,0.15421808222766237,0.933837855283616,0.3503875391620802,0.9988711645766837
Zfp219,78.82378125335396,0.16414760072045873,0.2353728408208331,0.6973939735273392,0.48555627198090334,0.9988711645766837
Zfp24,300.70117517940963,0.13816820964668558,0.17937669739456372,0.7702684443050347,0.4411406707977664,0.9988711645766837
Zfp281,366.47060124869296,0.7091666433793145,0.3419166123436313,2.0740923891308074,0.03807073128662866,0.9587506632877785
Zfp42,0.8021372863881228,2.0060045849810737,2.5337162145895102,0.7917242560276501,0.4285214757946254,0.9988711645766837
Zfp503,34.71473273113774,0.04141452440256309,0.3769446725139195,0.10986897394347381,0.912513288751719,0.9988711645766837
Zfp536,541.550939028701,-0.13901159805795246,0.1735493751159467,-0.8009916369049449,0.4231364874242117,0.9988711645766837
Zfp57,4.811218570123609,0.6838392878089585,0.9056950695943611,0.7550436242467717,0.45022280753299493,0.9988711645766837
Zfp750,1.8141978338715135,-0.481569837216071,1.3718405205417408,-0.35103922796062237,0.7255589190911357,0.9988711645766837
Zfp819,0.14621457233801252,-0.6699094182016454,4.4288527141152105,-0.15126026116573596,0.8797704155341528,0.9988711645766837
Zfp979,8.150157197808,-0.24213077919756948,0.707616998072936,-0.3421777315369301,0.7322171425186041,0.9988711645766837
Zfpl1,16.172348996252463,0.41672402934892927,0.48083604287080406,0.8666655412537345,0.3861252910924833,0.9988711645766837
Zfpm2,37.06219434359104,0.042758818246403624,0.40229784694816223,0.10628647051127091,0.9153550657513112,0.9988711645766837
Zfyve9,591.6441371342613,-0.1669962872348998,0.13288606372044956,-1.2566877410576882,0.20886672888689084,0.9988711645766837
Zic1,991.0976616871648,0.2905811748238382,0.29345207204922397,0.9902168105158098,0.3220681575987283,0.9988711645766837
Zic2,246.649072296738,0.33651217753411555,0.33266901238423036,1.0115525191911965,0.31175205785102467,0.9988711645766837
Zic3,41.32169133043622,-0.09194953045118957,0.3480639641611416,-0.26417423209206486,0.791645665773046,0.9988711645766837
Zic4,81.77258120860382,0.851187116791983,0.9231061412281167,0.9220901896065263,0.35648153373692815,0.9988711645766837
Zkscan1,143.964301163597,-0.06084850475763184,0.1963305451806428,-0.30992887378601947,0.7566150450743563,0.9988711645766837
Zmpste24,258.54225020156485,0.10154510505458725,0.17125735790485924,0.592938640983822,0.553222216774246,0.9988711645766837
Zmynd10,1.3161028205803849,0.4336098083366943,1.8933150491973323,0.22902147665309186,0.8188522237488068,0.9988711645766837
Zmynd19,39.257340048839275,0.11587367974128529,0.38913181366639205,0.29777488159995413,0.7658749869310668,0.9988711645766837
Zp1,0.27311932492753715,0.2918801220273429,4.0938117842693424,0.07129788505395035,0.9431606784301703,0.9988711645766837
Zp3,1.0350293252769294,-0.43120054756663856,1.9887069777969053,-0.21682457615969328,0.8283450585310211,0.9988711645766837
Zscan2,46.02155545682473,0.07254654877138801,0.34392676734444955,0.2109360353994523,0.832937184515762,0.9988711645766837
Zscan21,144.80903479769052,-0.01662307648844877,0.2030387764654178,-0.08187143745559393,0.9347489477766617,0.9988711645766837
Zswim5,92.32217001969713,-0.1097471484634655,0.22539741502777247,-0.4869050891730189,0.6263255922480118,0.9988711645766837
Zswim9,36.62761791797596,-0.28553313558117704,0.4152481277461207,-0.6876205249400899,0.49169177957322463,0.9988711645766837
Zup1,39.816257506314635,0.20499077932008392,0.32185709175114696,0.6368999924928745,0.5241899876662854,0.9988711645766837
Zyx,131.4541734497565,0.36201207195783375,0.26982934950834686,1.3416334161478431,0.17971488580099104,0.9988711645766837
Zzef1,178.9195488563217,0.024370836483104938,0.2138234512314608,0.11397644338236718,0.9092564671942046,0.9988711645766837
a,0.13691023446873854,1.2536647339164804,4.428644718705905,0.2830809002630525,0.7771148224071367,0.9988711645766837
