,baseMean,log2FoldChange,lfcSE,stat,pvalue,padj
2610035D17Rik,199.5615628200733,0.31146836712079484,0.17878912645580036,1.742099048723721,0.08149111403306261,0.9999950287823665
9630013A20Rik,288.6712843716476,0.16968703570652613,0.23576257339037685,0.7197369508923603,0.4716869708935433,0.9999950287823665
A1cf,0.522546940242418,-1.3343323679918335,2.7783935047935273,-0.48025319872427236,0.6310473632092775,0.9999950287823665
A2m,3.5953339322011675,-0.13922982089785899,1.0496981573707016,-0.13263795875054576,0.8944797108903073,0.9999950287823665
Aatf,216.43621453528462,0.14846951482351362,0.1804069761228338,0.8229699206444495,0.41052509884962807,0.9999950287823665
Abca1,195.14124760065513,0.6116090479660418,0.27208028439686394,2.247899179177318,0.024582619534743225,0.9999950287823665
Abca13,0.30718511277788707,-1.7052535059724676,3.7751247964007675,-0.45170785018769954,0.6514794621774371,0.9999950287823665
Abca3,423.3796185195849,-0.2074578782705237,0.13920689067255382,-1.4902845489057843,0.13614943339716032,0.9999950287823665
Abca4,4.796503487186752,-0.7341896125348835,0.9202217674945431,-0.797839866941897,0.4249634228160971,0.9999950287823665
Abca7,107.91938682930261,-0.16020406869910891,0.21408328473144994,-0.7483259092370144,0.45426360030573376,0.9999950287823665
Abca8a,68.71951529378941,-0.9802712071221245,0.752443945153085,-1.3027830357817392,0.19264884396195703,0.9999950287823665
Abca8b,108.54534976098209,-0.44971712516043755,0.22008873089768363,-2.0433446243529167,0.04101833505945401,0.9999950287823665
Abcb1a,62.97362045372582,-0.17275810292483265,0.276327182510855,-0.6251940230963204,0.531843724204473,0.9999950287823665
Abcb1b,12.262108540891921,-0.12787196270479737,0.5962348003399862,-0.21446578199038693,0.8301838481656956,0.9999950287823665
Abcb4,13.406654715677988,-0.20562663907510903,0.5554832280095147,-0.37017614341289695,0.7112512508113966,0.9999950287823665
Abcb8,63.030913286120644,-0.22240495834562538,0.2633706850387156,-0.8444560119245306,0.398414634084749,0.9999950287823665
Abcc1,110.85421148040793,-0.0008294508936835321,0.21185301823330624,-0.003915218676611381,0.9968761154467385,0.9999950287823665
Abcc6,1.852286811493391,1.6250909088203522,1.5089220750650905,1.0769879609258488,0.28148564418523425,0.9999950287823665
Abcc8,91.90117276195149,-0.043796508848487695,0.2533060597643786,-0.17289957014540647,0.8627303695394424,0.9999950287823665
Abcc9,3.460686143950729,-0.08424968107997544,1.0257968006792944,-0.08213096494762348,0.9345425698289591,0.9999950287823665
Abcd2,86.70882285093887,-0.04594132920645859,0.24099023068332623,-0.19063564973647376,0.8488110579168691,0.9999950287823665
Abcd3,818.2388056381254,-0.07351429188372505,0.13453901704683258,-0.5464161512205413,0.5847799103506391,0.9999950287823665
Abcf1,228.20758814596152,0.10769964422104028,0.16356685145990751,0.6584441973405532,0.5102527432277291,0.9999950287823665
Abcg2,75.00393898226261,-0.1369484695563955,0.2516531035698658,-0.5441954325763952,0.5863069945372004,0.9999950287823665
Abcg8,0.18311118095946377,-0.8696279726090034,4.441901790678799,-0.19577829803303895,0.8447836970135787,0.9999950287823665
Abhd17c,217.3632364063833,0.03897230814156165,0.17058434126201466,0.22846357322856992,0.8192858716584649,0.9999950287823665
Abhd4,540.7622324106316,0.011448104511744587,0.13852857294815257,0.08264074528530152,0.934137202012176,0.9999950287823665
Abhd5,374.5117002694135,-0.05180343278445671,0.16995716607250752,-0.3048028746393442,0.7605162920021786,0.9999950287823665
Abi1,922.0600257379484,0.07192508727334009,0.11580647301737884,0.6210800260063738,0.5345469706127477,0.9999950287823665
Abi3bp,13.591592185282892,-0.4824410924126281,0.5597358316830571,-0.8619085381080337,0.3887378502055532,0.9999950287823665
Abitram,179.76980371682785,0.25693181636345136,0.1794556446331326,1.4317288090252385,0.15222144822297898,0.9999950287823665
Abl1,733.1796126710133,-0.3100858418026625,0.13882092999681553,-2.233711024769649,0.025502093124783153,0.9999950287823665
Abracl,36.0402322499399,-0.3789500492188232,0.33822510158019636,-1.1204078214430533,0.2625400134401996,0.9999950287823665
Abraxas1,46.35671512183998,0.40976499004213046,0.3105883807080801,1.3193184790362966,0.1870626625364954,0.9999950287823665
Abraxas2,171.51721652650954,0.15646348186845332,0.18026344807943148,0.8679712029002634,0.3854100975101359,0.9999950287823665
Acaa2,142.3413878866329,0.1093662309454336,0.19805452185065478,0.5522026456326123,0.5808095219723306,0.9999950287823665
Acaca,668.1531255930473,-0.1737031219562907,0.12422549013333714,-1.39828888394682,0.16202633459320137,0.9999950287823665
Acacb,10.466371430780262,-0.5236346862639698,0.6443281647062936,-0.8126832178796033,0.41639970550816163,0.9999950287823665
Acan,3.9232985658723085,0.2804739108304054,1.0554609613282018,0.2657359401312716,0.7904425819976931,0.9999950287823665
Ace,9.08254645586302,-0.7188956760574926,0.6856499010126482,-1.0484879746875821,0.29441383984925473,0.9999950287823665
Ace2,4.691017731066917,0.05625604841479041,0.9006200553956905,0.062463686076893024,0.9501935797576668,0.9999950287823665
Acer1,0.6014923260527159,1.3364690297710466,2.703768897588692,0.49429854414071883,0.6210953531603451,0.9999950287823665
Ache,55.208027242034014,0.007830714241559147,0.2957393175212965,0.02647843481614598,0.9788757340917233,0.9999950287823665
Ackr1,123.44747651999295,0.08881709134228867,0.2106385525688348,0.4216563884394527,0.673275841315383,0.9999950287823665
Ackr2,1.1434686894934596,0.40734056022207066,1.7992651048017625,0.22639274175605723,0.8208959726403142,0.9999950287823665
Ackr3,25.01508334636676,-0.5209153488648428,0.3980862366889071,-1.3085490048527428,0.19068716448858558,0.9999950287823665
Ackr4,1.1389870152737631,2.6096930078636844,2.100530772895739,1.2423969415435068,0.21409014352009026,0.9999950287823665
Acly,1339.1476471735366,0.0034266064420464875,0.11853842889902727,0.0289071356341775,0.9769386545883242,0.9999950287823665
Acod1,0.0895824482035079,0.9694711599089978,4.453824094096601,0.217671632158531,0.8276849679587712,0.9999950287823665
Acot6,105.4934225385665,-0.0614198176811189,0.22101949867669898,-0.2778932087388455,0.7810943372996664,0.9999950287823665
Acox1,1211.7603567079207,-0.025346154766986494,0.11160108808248756,-0.2271138678168839,0.8203352008343227,0.9999950287823665
Acp2,231.69454104746023,-0.06549451527773024,0.1594705288619062,-0.4106998060716619,0.6812926691564114,0.9999950287823665
Acp5,1.969788511880413,0.2886502304701434,1.5336535602712826,0.18821084366607868,0.8507113723777107,0.9999950287823665
Acr,3.5492558247642094,-0.5690278875902949,1.1188385333395607,-0.5085880318153096,0.611041019691567,0.9999950287823665
Acsl1,281.93675277042666,-0.3099356334051221,0.18187385621673569,-1.7041241652443855,0.08835789290359097,0.9999950287823665
Acsl4,609.5392671387049,-0.07368262973504466,0.1425020537860987,-0.5170636336627488,0.6051117388016565,0.9999950287823665
Acsl6,1106.684874187442,-0.07524339723648338,0.1646369314838377,-0.4570262368129108,0.6476521874196534,0.9999950287823665
Acss1,88.7880978284071,-0.022345483336303266,0.2523981370705538,-0.08853267934405136,0.9294533119444618,0.9999950287823665
Acss2,325.0947512021152,-0.21668734643612428,0.15040439760171567,-1.4406982102340635,0.14966996076495134,0.9999950287823665
Actc1,0.0895824482035079,0.9694711599089978,4.453824094096601,0.217671632158531,0.8276849679587712,0.9999950287823665
Actg2,1.9337239285006869,-0.2113108616747009,1.4826982232407682,-0.14251778167834708,0.8866710349831106,0.9999950287823665
Actl6a,104.000712259723,0.031934382948232934,0.2240562603628209,0.142528411821748,0.8866626390627772,0.9999950287823665
Actl6b,193.7206535720829,0.1469257970636378,0.17550430146558443,0.8371635101630215,0.4025006652970181,0.9999950287823665
Actn1,182.5668233767376,0.10846278965451164,0.1824109485525001,0.5946067958924885,0.5521063363380063,0.9999950287823665
Actn2,37.13865792068415,-0.4380851151981255,0.33966610507727496,-1.2897522262295202,0.197136700015206,0.9999950287823665
Actr1a,266.38681404543775,0.038077485693706,0.15828362860636544,0.24056490256740734,0.8098923550708663,0.9999950287823665
Actr1b,549.2220119581403,-0.06206683767370588,0.1314333512518536,-0.4722305037689629,0.6367622690318786,0.9999950287823665
Actr2,2293.3251161210264,0.12316965852051821,0.11137056376718059,1.1059444646253525,0.26875055751011423,0.9999950287823665
Acvr1,135.9894837211328,0.15077763716778222,0.20384973784189517,0.7396508760032088,0.45951186265103294,0.9999950287823665
Acvr1b,279.0643395132036,-0.21378449166863214,0.1530307280809168,-1.3970036890603506,0.16241246177060342,0.9999950287823665
Acvr1c,38.4619168511713,0.11462398910979862,0.3317720619071192,0.34549017916369346,0.7297258921756773,0.9999950287823665
Acvr2a,225.18476403818485,-0.10525888958354952,0.16179842246482787,-0.6505557222378416,0.5153333206101673,0.9999950287823665
Acvr2b,63.16247508798022,-0.37200967160534054,0.2691724135916499,-1.3820497674390242,0.1669564206718266,0.9999950287823665
Acvrl1,26.05413760812796,0.17050102471192446,0.41943226692535057,0.40650431108169793,0.684372090005906,0.9999950287823665
Ada,72.77160326827993,0.12142014269006335,0.2672276492820832,0.4543696844853553,0.6495627681885838,0.9999950287823665
Adad1,0.18140573351686404,-0.8696279726090038,4.441901790678799,-0.19577829803303906,0.8447836970135786,0.9999950287823665
Adad2,0.522546940242418,-1.3343323679918335,2.7783935047935273,-0.48025319872427236,0.6310473632092775,0.9999950287823665
Adam10,935.0165976631055,0.12386203008369491,0.12067438932155607,1.0264152218217972,0.3046959060550447,0.9999950287823665
Adam17,94.53579783039224,0.12921768263414038,0.2403926684209945,0.5375275522456626,0.5909032584365485,0.9999950287823665
Adam18,34.54371156698616,-0.8016436594295693,0.40265787779739354,-1.9908803568297115,0.04649404223611804,0.9999950287823665
Adam28,0.5459226479931919,-2.4954809619134455,3.1639846788888897,-0.7887146162761428,0.43027882319750954,0.9999950287823665
Adamdec1,0.5179840238216964,0.8926555639927439,2.828096277901696,0.31563832213486354,0.7522770466898078,0.9999950287823665
Adamts1,527.1641220752223,0.6083140339055381,0.4746220971522054,1.281680809965448,0.19995463939630465,0.9999950287823665
Adamts13,0.466920585986577,-1.1781561454977258,3.0826573404154125,-0.3821884872027197,0.7023215607304094,0.9999950287823665
Adamts14,0.2469958421013245,1.2368956898123245,4.413469574143697,0.2802547222844076,0.7792820857173672,0.9999950287823665
Adamts18,1.8100724106597046,0.6379240548435053,1.4789264833308873,0.4313426407827599,0.666219249937904,0.9999950287823665
Adamts20,122.51754074307986,-0.15684593867325877,0.20878267753372004,-0.7512401916003156,0.4525081159886132,0.9999950287823665
Adamts3,33.06498194499301,-0.404261426974509,0.36912492405174996,-1.0951886492439429,0.2734339974344937,0.9999950287823665
Adamts5,9.799526505531363,-0.22565921399472433,0.6721703813605656,-0.3357172827787486,0.7370840717214364,0.9999950287823665
Adamts6,49.052481350542855,-0.0010006002123808045,0.2943201826488769,-0.0033996996175234017,0.9972874373890922,0.9999950287823665
Adar,360.18036064680877,-0.09104284338988204,0.1472392885133537,-0.6183325409211348,0.5363561556596086,0.9999950287823665
Adarb1,472.2200205174291,-0.003980381963188763,0.14555472167643518,-0.027346292290242984,0.9781835347507201,0.9999950287823665
Adcy1,1849.446481854783,-0.007381058725287022,0.131318377802825,-0.056207355351051536,0.9551766217053167,0.9999950287823665
Adcy2,434.2803576442032,0.041136827749758714,0.14861243145306846,0.27680610126313454,0.781928996035967,0.9999950287823665
Adcy3,42.865104834738766,0.07761958832819282,0.3122888408763413,0.24855063059691035,0.8037084012071297,0.9999950287823665
Adcy8,56.03158431131356,-0.15547643561686064,0.2826033702824931,-0.5501577545287053,0.582211176378632,0.9999950287823665
Adcyap1,91.83820998992358,-0.3303611649873909,0.24601629530810656,-1.342842613631151,0.17932294162028206,0.9999950287823665
Adcyap1r1,204.41998841306898,-0.11925074940478968,0.1670640495578788,-0.7138025788335488,0.47534926481415485,0.9999950287823665
Add2,1303.4687997560118,0.05553022184720551,0.1339926374930409,0.41442741098435015,0.6785611177889889,0.9999950287823665
Adgra2,14.758695331907552,0.602393305083847,0.5190481020869285,1.1605731774411923,0.24581551862394557,0.9999950287823665
Adgra3,62.54551573758781,-0.09688258704203818,0.26320094805709465,-0.36809360968191507,0.7128034356396014,0.9999950287823665
Adgrb1,1590.8970521233593,-0.08189741980577589,0.12133431713225182,-0.6749732618226173,0.4996927527799192,0.9999950287823665
Adgre1,10.384563056806002,0.1928373981017498,0.6029641855852328,0.31981567514591797,0.7491080641664001,0.9999950287823665
Adgre5,19.872867232801507,0.03509199600333954,0.4458265823358035,0.07871221096661235,0.9372615326702889,0.9999950287823665
Adgrf1,0.12577937926102303,-0.8696279726090034,4.441901790678799,-0.19577829803303895,0.8447836970135787,0.9999950287823665
Adgrf5,116.68146222329501,-0.03650391090499489,0.2179856733825611,-0.16746013780883276,0.8670080100047732,0.9999950287823665
Adgrg1,436.4116633494835,0.59891922109091,0.2026915829802943,2.954830251383142,0.0031284112684757718,0.493506877602053
Adgrg2,24.899510905561666,0.012993739886987253,0.39872816625543117,0.03258796590422777,0.9740031665519264,0.9999950287823665
Adgrg5,1.1474962162469327,0.13369654343238832,1.8372266621472506,0.07277084868566576,0.9419884688127083,0.9999950287823665
Adgrg6,14.299281499206794,-0.14333383479804646,0.5194216135192999,-0.2759489229316035,0.7825872970794346,0.9999950287823665
Adgrg7,0.4118282856498321,0.24465543834210696,3.3144986561990453,0.07381370871414669,0.9411586188070882,0.9999950287823665
Adgrl1,887.7171608718694,-0.07416772449691073,0.12629396384102592,-0.5872626231786521,0.5570273396751653,0.9999950287823665
Adgrl2,135.81979873134097,-0.26283328154270974,0.20179669625243285,-1.3024657312225,0.1927572252630927,0.9999950287823665
Adgrl3,504.26384865873473,0.15128806161489675,0.13625897628023648,1.1102979469312229,0.26687065751951367,0.9999950287823665
Adgrv1,2.286264070922329,1.9350690842106903,1.4423702581956206,1.3415897015454459,0.17972906718412107,0.9999950287823665
Adh5,913.1286447124326,0.043691997413102326,0.11530050776446064,0.37894019948600455,0.7047322715810522,0.9999950287823665
Adipoq,0.18311118095946377,-0.8696279726090034,4.441901790678799,-0.19577829803303895,0.8447836970135787,0.9999950287823665
Adipor1,648.5447202378915,0.06654713550876912,0.14156900174402287,0.47006855094659716,0.6383060420857379,0.9999950287823665
Adm,20.21880803755791,2.5280863930297834,0.696303814611879,3.630723169941189,0.0002826282018329035,0.17833839535656212
Adora1,1277.5671220235458,0.05983018726896012,0.1194057302143488,0.5010662985901695,0.6163244641833279,0.9999950287823665
Adora2a,7.363993340688348,0.3608872298922937,0.7593444603495547,0.47526155616670174,0.6346005568484304,0.9999950287823665
Adora2b,18.921898812696906,-0.5530913859456471,0.46174168287354045,-1.1978372463660056,0.23098038389013453,0.9999950287823665
Adprhl1,1.3627768015104387,-0.6119387859258294,1.6296359931602689,-0.3755064250508656,0.707283868961847,0.9999950287823665
Adra1a,71.30902735023882,-0.23767515441668166,0.2560214030962844,-0.9283409572101162,0.3532307349162981,0.9999950287823665
Adra1b,66.08950445940377,-0.09684853640136593,0.2612448936182641,-0.3707193471229444,0.7108465786436479,0.9999950287823665
Adra2a,15.569996221801162,0.15946821849342815,0.5286837505220084,0.3016325323711452,0.7629322051539382,0.9999950287823665
Adrb1,189.25564347455258,-0.18598263437991355,0.2038743973996344,-0.9122412463363438,0.36164173557996004,0.9999950287823665
Adrb2,4.191960810013232,-0.8416736094645135,0.9394549072610421,-0.8959169864984711,0.3702971011863724,0.9999950287823665
Adrb3,2.1080427486550346,-1.6023520067304184,1.4198604753174677,-1.1285277916987917,0.2590970865807465,0.9999950287823665
Adtrp,0.678870182817756,1.5998953738420998,2.5438426496480293,0.6289285911860407,0.5293958070387544,0.9999950287823665
Aebp2,475.69263483489084,0.03328185147257957,0.13311293693291845,0.25002717421336573,0.8025663339017222,0.9999950287823665
Afap1l2,25.163472759918122,0.33714154511736094,0.4093289301478169,0.8236445564588175,0.41014155105222794,0.9999950287823665
Afdn,239.16916617424332,-0.11874371122737361,0.17555144622115254,-0.6764040615067627,0.4987841392866055,0.9999950287823665
Afg3l2,392.2936165166841,0.08959487364490723,0.14989574657564644,0.5977145829130799,0.550030393338335,0.9999950287823665
Afp,0.39676756098139493,-0.822914378647003,3.066823138151417,-0.26832795423052325,0.7884468905612643,0.9999950287823665
Ager,2.121127759805741,0.5041771304233355,1.4522934664989282,0.347159263643019,0.728471672760665,0.9999950287823665
Agl,234.40615886934748,-0.1255711940935795,0.16661248695673533,-0.7536721669978246,0.45104609862560086,0.9999950287823665
Ago1,223.74872595232225,0.03915348498096313,0.1680709558735365,0.23295806689184195,0.81579396772768,0.9999950287823665
Ago2,158.01190798191598,0.05405049549830485,0.19157475400414356,0.2821378828294661,0.7778377863497384,0.9999950287823665
Ago3,347.4687498678654,-0.08795736934945815,0.15503416065941097,-0.5673418617893418,0.5704819410530099,0.9999950287823665
Agpat3,2362.314230143874,-0.001312225447091684,0.10694620815275896,-0.012269957670844562,0.9902102358578803,0.9999950287823665
Agpat4,1866.7169785806411,-0.22194814658466613,0.15825527283724747,-1.4024692043779263,0.1607751803557369,0.9999950287823665
Agps,589.7062536719724,-0.15278248569552078,0.13435704515042163,-1.1371378815637887,0.25548065003910125,0.9999950287823665
Agr3,2.960960149803855,0.24134505506734194,1.1441950613141518,0.21092999194573336,0.8329419004070729,0.9999950287823665
Agrn,140.26814243271696,-0.015534211324298976,0.2004764920254798,-0.07748644824812996,0.9382365715911667,0.9999950287823665
Agrp,0.7612844754577228,-1.9113069355116206,2.358632615285858,-0.8103453344640437,0.4177417267355584,0.9999950287823665
Agt,4.055910106140124,0.4766540890613804,0.9520041530117642,0.5006848841503848,0.6165929121268288,0.9999950287823665
Agtr1a,2.16982449108439,-0.9869214824005221,1.4343843189588141,-0.6880453650782415,0.4914242140411875,0.9999950287823665
Agtr1b,0.533661380358407,1.2819992789990042,2.7479191829390976,0.46653456439276125,0.6408329127251617,0.9999950287823665
Agtr2,1.8242385376446482,0.08649278441827425,1.5158959228888738,0.05705720499164823,0.9544996263242767,0.9999950287823665
Agtrap,12.326312434345388,0.7694418265355102,0.5706302699579946,1.3484069581379734,0.1775275272355641,0.9999950287823665
Agxt2,0.3088905602204868,-1.7114059541876046,3.7685775910769013,-0.4541251739754034,0.6497387352058142,0.9999950287823665
Ahi1,750.2062838301832,0.11779181522800009,0.13343680295190213,0.8827535778900417,0.3773694271815763,0.9999950287823665
Ahr,25.954123821897024,0.2396547402049103,0.3974266328577608,0.6030163063849897,0.5464978414799677,0.9999950287823665
Aicda,0.6197710634636721,1.3930596119411458,2.834981824868939,0.4913822020730404,0.6231561499040155,0.9999950287823665
Aida,317.8557100108552,0.06867483274292355,0.14525363206470612,0.472792533768319,0.6363612013091914,0.9999950287823665
Aif1,71.9834530923187,0.06612722454031016,0.2863966247974964,0.230893868204861,0.8173972545053212,0.9999950287823665
Aif1l,78.49611235726171,-0.09865169354586634,0.3088578262968215,-0.31940810672888414,0.7494170642581666,0.9999950287823665
Aifm1,49.41978083097015,-0.014392773941285407,0.29846756888601483,-0.048222237327171805,0.9615391279771437,0.9999950287823665
Aim2,7.607263655600114,-0.3360099652731234,0.7287515884887362,-0.4610761342831939,0.6447439835104212,0.9999950287823665
Aip,760.3104926277507,0.14330247114166983,0.13218279899803792,1.0841234428981714,0.27831006991177065,0.9999950287823665
Aire,0.9480910468824847,0.6563891923804605,2.090584659600203,0.31397398300338925,0.7535407988657112,0.9999950287823665
Ajuba,3.1541124690243887,-0.7508105316303149,1.1325014822081432,-0.6629664891620185,0.5073520165115182,0.9999950287823665
Ak4,118.50087805787769,0.23064485747571603,0.20711730167553546,1.1135953182561165,0.26545283581852264,0.9999950287823665
Akap5,239.45983929291404,-0.22078509400246407,0.17106711704014646,-1.290634330095419,0.1968305059404144,0.9999950287823665
Akap9,199.57786600217628,-0.07763134449076632,0.17099870162395453,-0.4539879177649338,0.649837523024253,0.9999950287823665
Akip1,38.46648829564232,-0.018465205129367328,0.3491774343833448,-0.052882011582384446,0.9578259170171413,0.9999950287823665
Akr1b3,297.03004549130236,0.08426682813483703,0.15797923449356516,0.5334044591681408,0.5937536313973291,0.9999950287823665
Akt1,462.6654910034104,0.03962461048244766,0.14460633982845272,0.2740171041563914,0.7840714773366401,0.9999950287823665
Akt1s1,448.95561655885405,-0.08001074607604737,0.14366575729543932,-0.5569228714084627,0.5775801273047375,0.9999950287823665
Akt2,211.74539127941168,0.056794328352999815,0.1854549773912609,0.30624321413158306,0.7594194718223071,0.9999950287823665
Akt3,187.60764953257853,0.03237391416166816,0.17147551282597576,0.18879613554224076,0.85025260076648,0.9999950287823665
Aldh1a2,5.080730112174579,-1.105164133883714,0.8685808957233216,-1.2723790487740056,0.20323847443617393,0.9999950287823665
Aldh1a3,0.627190113114363,0.038962130112117355,2.416026930903064,0.016126529722727084,0.9871334486071888,0.9999950287823665
Aldh1l1,108.51180569761028,-0.10332948363682261,0.26020123322849986,-0.397113735222316,0.6912835917202236,0.9999950287823665
Aldh1l2,22.143336476041608,1.816388984898484,0.6281304025269979,2.8917386860929932,0.003831164547693583,0.5089399641251896
Aldh2,35.431375689005954,-0.024817567859365057,0.3413758004219993,-0.07269867351079447,0.9420459041429163,0.9999950287823665
Aldh3a1,6.762535270644836,0.858406727350631,0.7518916644806719,1.141662779229676,0.2535942178641083,0.9999950287823665
Aldh4a1,108.77529421725883,0.21150257165831862,0.21682574141124902,0.9754495489406212,0.32933731572126324,0.9999950287823665
Aldh9a1,112.75742819528638,-0.027865781388116247,0.20811440863800557,-0.13389645421709373,0.8934844541635935,0.9999950287823665
Aldoa,8302.336981838724,0.18967122373994225,0.1020393731079273,1.8588042827284577,0.0630548852022322,0.9999950287823665
Aldoc,3427.0263958878654,0.125962496328925,0.13197246281472103,0.9544604506302685,0.33985061950519746,0.9999950287823665
Alg13,51.45275546548829,0.07726792984722682,0.2900758811842643,0.26637143885169845,0.7899531593501834,0.9999950287823665
Alk,11.248104626591216,-0.31547090912338055,0.6047416270701149,-0.5216623017201432,0.6019054768209516,0.9999950287823665
Alkbh5,262.86905291367435,0.3439579333518551,0.16011546646446248,2.1481868113483986,0.031698917997804665,0.9999950287823665
Alox12,1.3799653875989162,0.7292756335694378,1.6714653578210619,0.4363091524194844,0.6626124423065767,0.9999950287823665
Alox12b,5.655680732169606,0.49287974500439724,0.8687505385930493,0.5673432396400251,0.5704810051143401,0.9999950287823665
Alox12e,0.0,,,,,
Alox15,0.9298123094715285,0.6272961901926448,2.0162402299266264,0.311121750712946,0.7557080664675193,0.9999950287823665
Alox5,2.6543930046423942,-0.23884465416076414,1.2972740629208879,-0.18411271834340964,0.8539250292402495,0.9999950287823665
Alpl,47.49930791044776,-0.465719791194316,0.3100421730369862,-1.502117555919589,0.13306675166598703,0.9999950287823665
Als2,182.45771581567217,0.0023164741918845003,0.17563142974871998,0.013189405764097772,0.9894766818823609,0.9999950287823665
Alx1,0.3088905602204868,-1.7114059541876046,3.7685775910769013,-0.4541251739754034,0.6497387352058142,0.9999950287823665
Alx4,2.2831801183085774,-1.0147986253056458,1.3162822881818557,-0.7709582013044931,0.4407317074435537,0.9999950287823665
Ambra1,530.9972535262157,-0.13935794180391625,0.13057410589691248,-1.067270886878127,0.2858495305736769,0.9999950287823665
Amd1,1426.738766876626,0.08750762107464981,0.1300201271173627,0.6730313453367188,0.5009273494993292,0.9999950287823665
Amelx,0.18311118095946377,-0.8696279726090034,4.441901790678799,-0.19577829803303895,0.8447836970135787,0.9999950287823665
Amer1,38.85750083092235,0.05614034706380719,0.3236538106017476,0.17345801354672527,0.8622914279016858,0.9999950287823665
Amfr,1347.6967940679654,-0.023023549826160523,0.10974934911233156,-0.20978301932884602,0.8338370267811537,0.9999950287823665
Amh,4.461720922013785,-0.08451231300050867,0.905756010653247,-0.09330582630034873,0.9256606035596722,0.9999950287823665
Amhr2,3.4571359949200353,1.0211170672725274,1.058026137682994,0.9651151620022402,0.3344871335166708,0.9999950287823665
Amigo3,5.357990654782974,1.6227145589141037,0.9418219492407321,1.722952581666085,0.08489710040532435,0.9999950287823665
Amy1,128.6519656183426,-0.5345922741780866,0.2385458249327279,-2.241046450210757,0.025023066341205415,0.9999950287823665
Amy2a5,9.75688903620398,-0.21105529281138982,0.6388868803026416,-0.3303484534091741,0.7411366853939061,0.9999950287823665
Anapc11,369.9395140359123,-0.027408556029322583,0.1389862528345676,-0.19720335983117995,0.8436684014792792,0.9999950287823665
Anapc15,24.950002898046936,0.08079273331289125,0.4113513772299576,0.19640807782618827,0.8442907742054946,0.9999950287823665
Anapc16,379.10050099040456,0.16802253140548848,0.1481714490437659,1.1339737344126204,0.25680556573061575,0.9999950287823665
Anapc2,613.9960824652231,-0.07440560055041999,0.1296707800211339,-0.5738039097034294,0.5661005027637882,0.9999950287823665
Anapc4,466.52902575014406,0.007175898904006677,0.1428829949446378,0.05022220388638332,0.9599453177359231,0.9999950287823665
Anapc5,774.4471856186523,-0.017505777982103357,0.12307116563368523,-0.14224110003319845,0.8868895686842769,0.9999950287823665
Ang,1.421202612799932,1.7685292880228005,1.7494558329695877,1.010902507336145,0.31206309386536935,0.9999950287823665
Angpt1,2.1150979285287685,0.9598448241688464,1.390805561783222,0.6901358827888069,0.49010873965380286,0.9999950287823665
Angpt2,0.3049442756680388,0.5282623719659802,3.599600672302437,0.1467558265645295,0.8833247523657832,0.9999950287823665
Angpt4,0.36622236191892754,-1.9219707158045265,3.830057158379299,-0.5018125412566465,0.6157993904371948,0.9999950287823665
Angptl3,0.2709881817203719,0.010035929001538433,3.8206954392682,0.0026267283433250234,0.9979041764195309,0.9999950287823665
Angptl4,2.2148137829470205,-0.3927780786041256,1.2902487636074584,-0.3044204262641117,0.7608076078861843,0.9999950287823665
Angptl8,0.12577937926102303,-0.8696279726090034,4.441901790678799,-0.19577829803303895,0.8447836970135787,0.9999950287823665
Ank,1562.2928597403386,-0.18541330948235396,0.11710739862420501,-1.5832757935076425,0.11335861769896254,0.9999950287823665
Ank1,158.83244319312914,0.021153077656664944,0.1939898230201293,0.10904220297407047,0.9131690167534742,0.9999950287823665
Ank2,1650.5945046155332,-0.03420222330344704,0.11662081048447703,-0.29327718750505144,0.7693102891417419,0.9999950287823665
Ankle2,498.3483817906146,-0.04246145521132542,0.13599159414495965,-0.31223588103588085,0.7548612650962209,0.9999950287823665
Ankrd11,246.6637290193912,0.0016899964522635094,0.1647133022208737,0.01026023053072723,0.9918136641019497,0.9999950287823665
Ankrd13a,753.9026483389271,-0.09318447214438602,0.16578500344461394,-0.5620802256430717,0.5740613604693006,0.9999950287823665
Ankrd13b,418.97003645724834,0.04720857690262508,0.13768366201329474,0.34287711564547596,0.7316909083957316,0.9999950287823665
Ankrd13d,96.22060374864667,0.012499490996625645,0.22499795475439885,0.05555379830127666,0.9556972712405182,0.9999950287823665
Anks6,33.84818520787882,-0.34511462003087473,0.35118091177397404,-0.9827260208635609,0.32574230048428443,0.9999950287823665
Anln,632.9425730256486,-0.28796320280420806,0.8331739954886626,-0.3456219281487723,0.7296268641757578,0.9999950287823665
Ano1,4.630748553937482,-0.21857000396967538,0.9109059727370319,-0.23994793152242733,0.8103706220706646,0.9999950287823665
Ano5,3.5312353044776654,0.5534559259949092,1.067919963057502,0.5182559977719121,0.604279669258148,0.9999950287823665
Anp32e,287.53606697013436,0.10917993155938413,0.168305130287001,0.6487023382662543,0.5165307927301469,0.9999950287823665
Anxa2,225.33095085129415,-0.1926599004011458,0.22055604310432445,-0.8735190280413964,0.38238023938906196,0.9999950287823665
Anxa6,417.80580569360814,-0.024483227771949008,0.16543721965760577,-0.14799104955112452,0.8823498318857312,0.9999950287823665
Anxa8,0.7333458512862272,0.48195352578484246,2.250259666078116,0.21417684947658475,0.8304091486451339,0.9999950287823665
Aox3,3.4960760835177123,1.7005131561301157,1.0950734450353885,1.5528758950731032,0.12045278656039998,0.9999950287823665
Ap1b1,746.1642376592467,-0.014954723501164714,0.1271434943321329,-0.11762083132699629,0.9063680985085896,0.9999950287823665
Ap1g1,688.3123900650058,-0.09406313888579823,0.12175751601133716,-0.7725448248881799,0.43979180892447944,0.9999950287823665
Ap1s1,256.9715119345693,0.11467913788822334,0.16120734354887975,0.7113766368431687,0.4768508726891212,0.9999950287823665
Ap2a1,327.9608236322994,0.03107186765597684,0.14605561157621746,0.21273997842775344,0.8315297821835738,0.9999950287823665
Ap2a2,610.1704898883064,-0.006449388865399063,0.13148582396868638,-0.04905006996750462,0.9608793938673494,0.9999950287823665
Ap2b1,1749.4737147022136,0.0076609968442732275,0.11456994970639867,0.06686741910863704,0.9466872507501247,0.9999950287823665
Ap3b1,206.6308806673077,0.06571543547854766,0.17336680722167563,0.3790543099436593,0.7046475342631804,0.9999950287823665
Ap3b2,405.6811633524557,0.03460697419379884,0.16232120447386572,0.2132005754021538,0.8311705194791643,0.9999950287823665
Ap3m2,610.2648936991662,-0.07850291722419601,0.1379434572818019,-0.5690948941769959,0.5692917431725034,0.9999950287823665
Ap3s2,185.4918861422715,-0.12237582243958994,0.182101495728558,-0.6720198642519903,0.50157105043695,0.9999950287823665
Ap4s1,295.5042538872787,0.08577966030090747,0.15747925776005586,0.544704499633889,0.5859567696410927,0.9999950287823665
Ap5z1,84.02846193848963,-0.05480327941782588,0.24768064483159316,-0.22126589445488795,0.8248854041193775,0.9999950287823665
Apaf1,68.71850534058002,-0.012414946626400426,0.28018213381761203,-0.04431027224056366,0.9646570836542028,0.9999950287823665
Apba1,370.56254782471495,-0.032209083733037165,0.16993531591579156,-0.18953731635746515,0.8496717108822659,0.9999950287823665
Apba3,216.53979995232805,0.01494082928194995,0.16905334416091217,0.08837937726761935,0.9295751517049251,0.9999950287823665
Apc,1290.3167169995115,-0.07568406864026761,0.12065075842163653,-0.6272987391904786,0.5304634297404638,0.9999950287823665
Apc2,298.75909117581534,-0.049159600383852586,0.15391588307980197,-0.31939264096847253,0.7494287904964901,0.9999950287823665
Apcs,0.0,,,,,
Apex1,6.8490088235270585,-0.04384837896768622,0.7487696073572764,-0.058560575291571514,0.9533021131234438,0.9999950287823665
Aph1c,8.988384767449938,-1.4666929500007313,0.6958751151413103,-2.1076956455080196,0.03505732421393207,0.9999950287823665
Apip,173.35776433490568,0.12235136060320406,0.181226544352235,0.6751293583427815,0.49959358273064103,0.9999950287823665
Apln,294.1015925827789,-0.2758380405199429,0.16742239821745566,-1.6475575756696075,0.09944349219309988,0.9999950287823665
Aplnr,1.8445638942746196,0.2171833144121906,1.4165329158142987,0.15332034433336272,0.878145657892451,0.9999950287823665
Aplp1,28522.521304908285,-0.1711313732007061,0.12244396043833168,-1.3976301696554123,0.16222415372493282,0.9999950287823665
Aplp2,1300.5869752799065,0.04514698028320509,0.11184316455557863,0.4036632946018801,0.6864603346422071,0.9999950287823665
Apmap,367.6342756485037,0.029230035093438803,0.14415276211712771,0.20277124533825214,0.8393138339243432,0.9999950287823665
Apoa1,0.794012499685569,3.099675503353515,2.7622636742265403,1.1221504783468772,0.26179846432446563,0.9999950287823665
Apoa4,4.631598853722519,0.8403240880899809,0.9747417410421945,0.8620992132659733,0.38863292428921126,0.9999950287823665
Apob,1.3316781765408934,-2.50192174384166,2.087851173662634,-1.1983237959689619,0.23079098618971572,0.9999950287823665
Apobec1,4.875615198870613,0.10509987424419429,0.8826371290797606,0.1190748392306719,0.9052160642843724,0.9999950287823665
Apobec3,15.42308643315033,-0.24388171636590317,0.5487439603845075,-0.444436265312176,0.6567271988411356,0.9999950287823665
Apod,3849.4711652555866,-0.31769076877332575,0.3225360534611071,-0.984977540849195,0.3246351030212459,0.9999950287823665
App,5076.048757900605,0.20420165818876393,0.12010486921203548,1.7001946676138695,0.08909431495654917,0.9999950287823665
Appbp2,932.1690465207333,-0.085813270857271,0.11707352243209898,-0.7329861532699805,0.46356687476451375,0.9999950287823665
Appl1,806.299297943708,-0.036596764479710615,0.12531419106711097,-0.2920400648008933,0.7702559912428268,0.9999950287823665
Appl2,849.995076391764,-0.14556448911978837,0.12197799145288712,-1.193366831064859,0.23272573928626117,0.9999950287823665
Aqp2,2.610429322392893,-0.03665108535681066,1.2813184343858008,-0.028604197343324204,0.9771802644597012,0.9999950287823665
Aqp3,0.6355050961966997,-1.5963673258033813,2.6324928080123984,-0.6064089979446823,0.5442431949210089,0.9999950287823665
Aqp4,131.81700564683368,-0.04345754861907672,0.20679872679877495,-0.21014417879546712,0.8335551455313445,0.9999950287823665
Aqp5,3.4768163122055107,0.021709238578577032,1.052023741551239,0.020635692638044593,0.9835362679143967,0.9999950287823665
Aqp6,2.044580501490615,-1.4426183976744336,1.450983193161342,-0.9942350845093639,0.3201084310901411,0.9999950287823665
Ar,156.53704361969616,-0.20885095732610356,0.19363557887728441,-1.0785773902556504,0.2807761649459074,0.9999950287823665
Araf,691.7452187966206,0.056192105425419914,0.12898210476456362,0.43565815217537107,0.6630847722517269,0.9999950287823665
Arap1,168.45083035220242,-0.14787974966273826,0.19805477365214696,-0.7466608703028108,0.4552682952120063,0.9999950287823665
Arc,2964.847120120006,0.12371547812981101,0.16063580466704988,0.7701612874305097,0.4412042246145379,0.9999950287823665
Arf2,149.1379418838475,0.167906324188423,0.19035540957508212,0.882067520766703,0.37774029486430405,0.9999950287823665
Arf6,54.473288739000765,0.489684446397154,0.29938307648493534,1.6356450476311224,0.10191389658371196,0.9999950287823665
Arfip2,550.385793580061,0.05724558889331107,0.12700311221659288,0.450741622738218,0.6521757798598353,0.9999950287823665
Arg1,2.1823741125678473,1.2864838354647967,1.3419573211655036,0.9586622578633667,0.33772891771276026,0.9999950287823665
Arg2,3.990401239756688,0.3930790553532273,0.979316339581763,0.4013810854224077,0.6881395729812342,0.9999950287823665
Arhgap17,141.26637053981824,-0.26252561102911853,0.19434095814730973,-1.3508506571740018,0.17674327706761273,0.9999950287823665
Arhgap31,144.49459107661065,0.18689063041293458,0.1945561741292559,0.9605998434610016,0.33675340743298854,0.9999950287823665
Arhgap35,841.7248524896896,0.026592163489482384,0.13016347814028673,0.20429819385144318,0.8381204813071934,0.9999950287823665
Arhgap44,647.1559613085701,-0.0177554642053872,0.14225873243199463,-0.12481106714398023,0.9006731255945368,0.9999950287823665
Arhgef1,212.35578851834762,-0.1320461767688196,0.1773748707390657,-0.744446923166875,0.4566061403411793,0.9999950287823665
Arhgef11,238.4195943852451,0.04446792977071489,0.1637165906601116,0.27161529318084676,0.7859178391430943,0.9999950287823665
Arhgef12,1110.0538496163424,0.12865556037100462,0.12370214495514036,1.0400430842784543,0.29831988441274004,0.9999950287823665
Arhgef15,40.58356468983376,0.2783986219136542,0.346950711414457,0.8024154808003477,0.4223126610630277,0.9999950287823665
Arhgef28,341.13250164017495,-0.35789070919769844,0.1768444097551235,-2.023760376102755,0.042994813010645526,0.9999950287823665
Arhgef3,301.3090168040248,0.11739261648495819,0.1719577604348354,0.6826828646064214,0.4948072597440365,0.9999950287823665
Arhgef6,13.377693569959225,0.23572445862687427,0.5720492665235585,0.41207020517553017,0.6802879663477244,0.9999950287823665
Arhgef7,390.67048683102865,0.063992567421238,0.13799583444595792,0.4637282543937863,0.6428424514969466,0.9999950287823665
Arid1a,436.8243467508046,-0.08425400994762142,0.13995344967368534,-0.6020145280024721,0.5471644668931894,0.9999950287823665
Arid1b,263.9512176122292,0.07383556624386582,0.15891555033734914,0.46462140480982633,0.6422026010382484,0.9999950287823665
Arid2,259.8692379486996,0.15952600757273316,0.15877709985512445,1.0047167237485257,0.3150332729569584,0.9999950287823665
Arid3a,14.784188678817854,-0.1685278499107563,0.5297329889591404,-0.3181373511245592,0.7503807521968276,0.9999950287823665
Arid3b,32.534355642412315,-0.017373820982499597,0.3807459643185982,-0.04563100494996092,0.9636043565269826,0.9999950287823665
Arid5b,481.2315666496665,0.26351740690332837,0.46565874084826453,0.5659024169143555,0.5714601184871702,0.9999950287823665
Arl13b,168.26921768447787,-0.25372750266196115,0.1806328289981806,-1.4046588544794192,0.16012274641891633,0.9999950287823665
Armc12,0.3411412067255539,-0.6177680891974539,3.456440796226646,-0.17872954452796175,0.8581500695221761,0.9999950287823665
Arnt,293.27960444472245,-0.3326930312090436,0.14947330628310845,-2.2257688645684306,0.026029667345621656,0.9999950287823665
Arnt2,785.5606508438949,0.09824098600474077,0.1345377989674621,0.7302110392671155,0.4652611957696847,0.9999950287823665
Arntl,111.0989163159018,0.31971535268879125,0.22545668478819428,1.4180788340303525,0.1561677500171706,0.9999950287823665
Arr3,0.8608306779898501,-0.04176454469789792,2.0842320249803206,-0.02003833747746596,0.9840127898137225,0.9999950287823665
Arrb1,479.73497359086264,0.10240616295977868,0.15586341081030725,0.6570250351085385,0.5111648191056491,0.9999950287823665
Arrb2,113.05741009684237,-0.1462960340495015,0.21967199426968878,-0.6659748983290767,0.5054271450188688,0.9999950287823665
Arrdc2,497.37333119066307,-0.12804192141437004,0.6815616444112317,-0.18786550338374647,0.8509820855137801,0.9999950287823665
Arrdc3,1407.7078643342213,-0.5841642456013959,0.19262395150009032,-3.0326667117568813,0.0024240316110332293,0.40788371908319143
Arx,85.99566270863723,-0.022327995861681573,0.23118683007920324,-0.09657987807537365,0.9230600367500501,0.9999950287823665
Asap1,759.9728176663734,0.03811368980219118,0.12636321421102512,0.30162013557633754,0.762941656501974,0.9999950287823665
Asap2,220.9291194699375,0.05702802063820125,0.1708987638040162,0.3336947521961014,0.7386099099665624,0.9999950287823665
Asb9,0.497464449300892,2.5401441703741754,3.227639428812514,0.7869975027875787,0.4312833280060179,0.9999950287823665
Ascc2,102.88330378312251,-0.2710165102428161,0.22068915720975354,-1.2280463329932834,0.21942957541838448,0.9999950287823665
Ascl1,14.300962397441745,-0.06942307108569393,0.5318921741960119,-0.13052094851861887,0.8961542813876537,0.9999950287823665
Ascl2,7.201932584416466,-0.6354595502302496,0.7472405638833263,-0.8504082633413754,0.39509814355430195,0.9999950287823665
Asf1a,354.4077455701206,-0.15160482418468915,0.14415676385616036,-1.0516663951749115,0.29295263400623983,0.9999950287823665
Ash1l,566.3614756154287,-0.07087937353335595,0.12728351490659218,-0.5568621638502931,0.5776216073392864,0.9999950287823665
Ash2l,539.5088975240391,-0.028223085847802597,0.13599570252208754,-0.20752924779530285,0.8355965533957941,0.9999950287823665
Asic1,89.51534057114982,0.21415437071179363,0.24211648037315608,0.8845096805543078,0.3764211390157657,0.9999950287823665
Asic3,2.5518655927060574,-0.5958380444052033,1.350663528926714,-0.4411446904757085,0.6591082515504298,0.9999950287823665
Asna1,944.7016763544817,0.15085214612370615,0.11876163591505787,1.2702093985266458,0.20401005070432376,0.9999950287823665
Aspa,2276.5413566896955,-0.5831720486280243,0.15018282076101286,-3.8830809387714904,0.00010314121629408768,0.13495453691099063
Asxl3,37.547859781132004,-0.43708234544420244,0.3395257547490668,-1.2873319308788127,0.1979786186041702,0.9999950287823665
Atad3a,122.16897976439215,0.3131662076418073,0.21695135520694916,1.4434858327714943,0.14888366055021046,0.9999950287823665
Atf1,139.1910116234914,0.142197185235818,0.20281252972732502,0.7011262342962616,0.48322423958893124,0.9999950287823665
Atf2,248.18410407348017,0.08828945090878654,0.15856125590651063,0.5568160418762255,0.5776531223275763,0.9999950287823665
Atf4,2135.5229070620035,0.4324990454015822,0.16352395040669776,2.644866665255584,0.00817231123338733,0.6473727514996509
Atf5,476.031212295112,1.4176524739818417,0.520907774768957,2.7215037721612547,0.006498564343374595,0.6188785709236924
Atf6,137.0905328225082,0.1524004364371088,0.22895394024128932,0.6656379718842028,0.5056425293851754,0.9999950287823665
Atf6b,263.6723084074836,-0.07773974761095954,0.159414136201663,-0.4876590587463131,0.6257913556902324,0.9999950287823665
Atg101,352.01823718031375,0.00779003545838804,0.14595295208168388,0.0533736066813385,0.9574342340468482,0.9999950287823665
Atg13,980.5802341946386,-0.0549994387981248,0.11815715870342718,-0.4654769918441643,0.6415899098313509,0.9999950287823665
Atg14,136.5652197034232,0.11205124249559041,0.2011969173218337,0.5569232570117053,0.5775798638356702,0.9999950287823665
Atg16l1,276.43749834529325,0.08533658390126043,0.1540484042703457,0.5539595447642538,0.5796065325944219,0.9999950287823665
Atg3,340.86654407539896,0.08150472412847866,0.14962853805265755,0.5447137637593931,0.5859503970630976,0.9999950287823665
Atg5,287.19816978252953,0.13132443856639203,0.15755395560192267,0.8335204156866592,0.4045512886756938,0.9999950287823665
Atg7,196.18296812391918,-0.06824899343538021,0.16981268470098665,-0.40190751094687605,0.6877520948413087,0.9999950287823665
Atg9a,473.29778427869263,-0.058835383450603004,0.13422092795713114,-0.43834731547523237,0.6611345315276855,0.9999950287823665
Atl1,723.2256273635443,-0.04414168450987451,0.1428669259504529,-0.30897063274940983,0.7573438662406304,0.9999950287823665
Atm,58.33246298194803,-0.242150248245049,0.2722443292030641,-0.8894592917835646,0.37375629180476966,0.9999950287823665
Atn1,613.0813366981714,-0.009427317547908761,0.1288205440758165,-0.07318178645760394,0.941661459821866,0.9999950287823665
Atoh1,0.18140573351686404,-0.8696279726090038,4.441901790678799,-0.19577829803303906,0.8447836970135786,0.9999950287823665
Atoh7,7.0097781485647355,-0.31284950082249635,0.7327349102808516,-0.4269613695662236,0.669407464900861,0.9999950287823665
Atp1b2,2451.467688537637,-0.09401217773160386,0.16031800334055407,-0.5864106074967721,0.5575996177131057,0.9999950287823665
Atp2a2,3624.703469193253,0.024135051494028798,0.1136683371600438,0.21232871085328628,0.831850598023863,0.9999950287823665
Atp2a3,4.499953446537666,0.1497492983863754,1.0029047115890355,0.14931557969162157,0.8813046222668823,0.9999950287823665
Atp2b2,3457.359251151456,0.04868455309058239,0.1343411604164034,0.36239491262156676,0.7170569406543017,0.9999950287823665
Atp2b3,192.51297609307105,-0.032675371761812254,0.18612241300067442,-0.17555850063954337,0.8606408075796383,0.9999950287823665
Atp2b4,254.69406459283815,0.09484019304006465,0.15959074161990375,0.5942712721139233,0.5523306897612175,0.9999950287823665
Atp4a,1.987706705526972,-0.09014902565981459,1.5238070041887264,-0.0591603959110359,0.9528243538483773,0.9999950287823665
Atp4b,0.2709881817203719,0.010035929001538433,3.8206954392682,0.0026267283433250234,0.9979041764195309,0.9999950287823665
Atp5f1,2316.32663658286,0.08653273642337757,0.11504488902564639,0.7521649780033883,0.4519518519678063,0.9999950287823665
Atp5o,2585.1471385759287,0.10069152974169243,0.11387468429270917,0.8842310331492986,0.37657150923535476,0.9999950287823665
Atp6ap2,1294.0733425730407,0.20442919107113766,0.144324785875533,1.4164524120440356,0.15664308777289082,0.9999950287823665
Atp6v0a1,1489.5858812803738,0.033539091594150146,0.13052333960876958,0.2569585768697013,0.7972107504560628,0.9999950287823665
Atp6v0d2,0.5892877346142481,1.2849739953109849,2.671738301025426,0.4809505462484128,0.6305516470822865,0.9999950287823665
Atp6v1a,2792.570003543616,0.026929437000513683,0.1061011643734388,0.2538090619414084,0.7996430722291288,0.9999950287823665
Atp6v1b2,3035.932159284357,-0.011950819358392508,0.1224643786191517,-0.097586085792,0.9222609736951033,0.9999950287823665
Atp7a,169.51865987715627,0.00010950664622625058,0.18761019495771203,0.0005836924067529152,0.9995342808668388,0.9999950287823665
Atp7b,15.204465858702909,0.04025327168883695,0.5173717955661303,0.07780337473709811,0.9379844619371029,0.9999950287823665
Atr,64.78619413486274,0.010082532006426928,0.2872307394029672,0.03510255214112634,0.9719979663536288,0.9999950287823665
Atraid,413.7071232287091,0.010794957611870252,0.13992104208805672,0.077150351732491,0.9385039374405278,0.9999950287823665
Atrx,341.98366864131776,0.03501655828203403,0.15211197640848803,0.23020250679012322,0.8179344140282687,0.9999950287823665
Atxn1,267.33185045591415,0.03843976758741478,0.16666271073758507,0.23064407999422998,0.8175913198414505,0.9999950287823665
Atxn10,2233.653526698509,0.09449904198535035,0.11585844315243492,0.8156422563094343,0.4147047738778954,0.9999950287823665
Atxn3,174.29490634125776,-0.09058104092424182,0.1819907101287659,-0.49772343247714146,0.6186789897250582,0.9999950287823665
Aurka,7.892952018224524,-0.36616706901465,0.6932255900933297,-0.5282076632014587,0.5973552111783398,0.9999950287823665
Aurkb,1.6126287768417324,0.28904224169129855,1.5642318196217164,0.184782228609311,0.8533998473328956,0.9999950287823665
Avil,1.9580768118841316,-0.22821900608237256,1.448048039964358,-0.15760458201924704,0.8747683927733363,0.9999950287823665
Avpr1b,0.6075664720252043,1.3214733718424867,2.6490585241118523,0.49884642404626983,0.6178875797602459,0.9999950287823665
Avpr2,0.0895824482035079,0.9694711599089978,4.453824094096601,0.217671632158531,0.8276849679587712,0.9999950287823665
Axin1,48.02491242740607,0.053263791192390324,0.307994721175147,0.1729373509687553,0.8627006721274004,0.9999950287823665
Axin2,145.93482580886038,0.12414169970598228,0.1951903351808268,0.6360033123103962,0.5247742631157722,0.9999950287823665
Axl,67.0461755680043,0.1745788133950342,0.2550439207265034,0.6845048997746704,0.4936563964209695,0.9999950287823665
Azi2,289.64709568352316,-0.0031412060611315665,0.1502227114165197,-0.02091032728348248,0.9833171884450893,0.9999950287823665
Azin2,8.963679195595374,0.7338192122389887,0.6923888145579515,1.0598368962784126,0.2892188080294783,0.9999950287823665
B2m,1385.5801781147673,0.3213737422353346,0.1792281938394891,1.7930981468414862,0.07295723191750322,0.9999950287823665
B3glct,54.13244955855476,0.4473875996558734,0.29418290984864043,1.520780387569278,0.12831495769703422,0.9999950287823665
B3gnt2,165.44489420834745,0.005237574163912528,0.1974058003462702,0.026532017573573225,0.9788329962517325,0.9999950287823665
B3gnt6,1.762400495721803,-0.44160111221926385,1.4809194777695844,-0.29819387134022984,0.7655551991058172,0.9999950287823665
B4galnt1,437.6952116746015,0.02131179637330911,0.14174030875408453,0.15035804959536586,0.8804821365215999,0.9999950287823665
B4galnt2,0.7139164280879013,-0.3368625767237819,2.4142930140506293,-0.1395284560586968,0.8890325711822034,0.9999950287823665
B9d2,33.997157736628644,-0.038594162605817106,0.3630463275425713,-0.10630643991651866,0.9153392222319463,0.9999950287823665
Babam2,280.46740431650875,-0.0170822236213399,0.15255640597037157,-0.11197316502499075,0.910844683944825,0.9999950287823665
Bace1,310.4622474601112,-0.13303662498299312,0.15716381342653507,-0.8464838189051705,0.39728289686640705,0.9999950287823665
Bace2,14.462255011662238,-0.3437235448466448,0.5464362869014794,-0.6290276709032264,0.5293309408409701,0.9999950287823665
Bach1,158.40562145017682,0.08707495069518043,0.18785747817009382,0.4635160204606772,0.6429945342844339,0.9999950287823665
Bach2,201.34771449210987,0.1381854680293333,0.17857236537609497,0.7738345613460291,0.43902863141655335,0.9999950287823665
Bad,194.2255555758389,0.08444372458633317,0.18133847069787187,0.46566911180708537,0.6414523650568746,0.9999950287823665
Bag2,21.357949312726575,0.058381380302339116,0.4259634433938797,0.13705725504795266,0.8909855390762386,0.9999950287823665
Baiap2,730.8093333635887,0.11412267859627857,0.13152936789421663,0.867659294828076,0.3855808756860041,0.9999950287823665
Bak1,52.06173426532723,-0.003758766918483319,0.2998972755867615,-0.012533514721429648,0.9899999639277912,0.9999950287823665
Banp,165.08713177299722,0.4120464010722447,0.18144077687362692,2.2709691182552314,0.023148847480833536,0.9999950287823665
Bap1,411.31384741798115,0.03099027610368101,0.14790489442378657,0.20952840150702307,0.8340357662110672,0.9999950287823665
Bard1,6.468028268759622,0.8623087351059069,0.7969629441948037,1.0819935122292592,0.27925541076670846,0.9999950287823665
Barhl1,0.4101228382072324,0.24486712757251475,3.318725845487363,0.07378347563884277,0.9411826757120761,0.9999950287823665
Barhl2,1.6928022323718508,-0.6648936754187358,1.4816203217002402,-0.4487611742904106,0.6536039495173,0.9999950287823665
Barx1,0.0895824482035079,0.9694711599089978,4.453824094096601,0.217671632158531,0.8276849679587712,0.9999950287823665
Batf,3.734023476710045,1.4369294349443296,1.090734607327481,1.3173960240109142,0.18770591298407857,0.9999950287823665
Batf3,15.46068010612842,0.0778345573037272,0.5224538574806155,0.14897881638593333,0.8815703484856461,0.9999950287823665
Bax,282.376954922423,0.40579073149563405,0.20043575662395316,2.0245426181963975,0.042914351546792,0.9999950287823665
Baz1a,25.350626785018903,1.0697749017073526,0.45777402452313987,2.3369060811646745,0.01944406808295882,0.9523713796670925
Baz1b,640.3469397718991,-0.03580154201432731,0.1313287431470976,-0.27261010161520405,0.7851529460018136,0.9999950287823665
Bbc3,15.842040502275735,1.9127409716385915,0.6688583897722377,2.85970991900083,0.0042402867784561635,0.5096420870868265
Bbox1,5.460199969646262,-0.1449646732705754,0.8440994572840074,-0.1717388537803553,0.8636428386989178,0.9999950287823665
Bbs1,155.11395456884478,0.013398288306849106,0.1835233895108261,0.07300588956296895,0.9418014308261544,0.9999950287823665
Bbs2,137.27861934024392,-0.26023822889527426,0.1971433852801106,-1.3200454508048318,0.18681984359634085,0.9999950287823665
Bbs4,209.77550709192306,0.05014513019672664,0.16622264732916245,0.3016744769888469,0.7629002267323226,0.9999950287823665
Bbs5,71.34049625029122,0.2036471474932701,0.25448235013768666,0.8002407529759435,0.42357132239329254,0.9999950287823665
Bbs7,113.65728433502686,-0.041660396704976344,0.21192113649003552,-0.19658443416726018,0.8441527526502828,0.9999950287823665
Bbs9,384.779174955035,0.08392653924234655,0.1465527122825987,0.572671347634361,0.5668672410954727,0.9999950287823665
Bcam,31.379389711893506,-0.21689635113293645,0.3785404472449964,-0.5729806489940512,0.5666577963608086,0.9999950287823665
Bcar1,252.14850528934184,-0.36317173882005693,0.17439440485945848,-2.082473569680925,0.03729923461961471,0.9999950287823665
Bcl10,213.9145534505869,0.1710315662867019,0.17649551627270035,0.9690419898398087,0.3325242392441745,0.9999950287823665
Bcl11a,239.07497003201544,-0.05162509125634266,0.18680388543244641,-0.27635983661063496,0.7822717016250198,0.9999950287823665
Bcl11b,167.12341935499776,0.12901871067033516,0.19347106047925858,0.6668630975130612,0.5048595844273706,0.9999950287823665
Bcl2,45.388489593408735,0.4275866993682594,0.32227528501221897,1.3267747148281865,0.18458321705685232,0.9999950287823665
Bcl2a1a,6.733652540077606,0.33374938843100566,0.7781761927225684,0.4288866603118921,0.6680057084851301,0.9999950287823665
Bcl2l1,982.3049904281128,0.5749870721091398,0.41194876711205897,1.3957732563203202,0.16278278622738618,0.9999950287823665
Bcl2l11,39.47690709885316,-0.10330226520262849,0.3267602487918932,-0.31614085735508035,0.7518955961297042,0.9999950287823665
Bcl2l12,36.97233666557224,-0.06402341956468194,0.37399142142233155,-0.1711895404477291,0.8640747316079657,0.9999950287823665
Bcl2l2,378.4213098326856,0.09895687131959253,0.1382276104949635,0.71589801028354,0.4740543271464246,0.9999950287823665
Bcl3,0.45580481012243546,-1.0265968350500398,3.131943952360558,-0.32778263297984306,0.7430760194030092,0.9999950287823665
Bcl6,432.61507256772614,0.21343372946024183,0.16066981630446403,1.328399660679215,0.18404611150559858,0.9999950287823665
Bcl7a,264.80338752897273,-0.0821636590326155,0.1688887753766841,-0.4864956765146784,0.6266157699795692,0.9999950287823665
Bcl7b,624.7148301608449,-0.12136999505318376,0.12610063012672793,-0.9624852384259303,0.3358059147489836,0.9999950287823665
Bcl7c,196.80690949500104,-0.20114765488845754,0.18139031586358337,-1.108921685983131,0.26746396770239267,0.9999950287823665
Bclaf1,385.2912782158057,0.08952889655410956,0.1608783544927178,0.5565005735943308,0.5778687024315852,0.9999950287823665
Bco1,0.3365782903048324,1.8623689430816042,3.676600551404302,0.5065464461104593,0.6124730927412735,0.9999950287823665
Bcor,133.78874786861425,0.060782027022176124,0.19680359948585752,0.30884611450688415,0.7574385884680417,0.9999950287823665
Bcr,519.2249628739288,-0.10524055193186528,0.1450942575129493,-0.7253254107763212,0.46825242022195,0.9999950287823665
Bdh1,252.59065794262344,-0.14517450739503357,0.17225382350249813,-0.8427941072258879,0.3993436042524309,0.9999950287823665
Bdkrb1,0.7173079509851193,-1.2818421771792046,2.5157962659538673,-0.5095174814138587,0.6103895480630938,0.9999950287823665
Bdkrb2,1.2694422866453154,-1.048382357338635,1.969951370655325,-0.5321869224568115,0.5945965395394366,0.9999950287823665
Bdnf,201.56900503008717,0.27047214883915444,0.20774853540582372,1.3019208453662696,0.192943445736107,0.9999950287823665
Becn1,404.9532601633769,0.13324406131511554,0.1408889916704139,0.9457379156124391,0.3442822785612688,0.9999950287823665
Bex3,584.7436217634902,0.0988140280033955,0.13477046672808493,0.7332023877513482,0.46343499924779075,0.9999950287823665
Bfsp1,7.314243710761843,-0.44326583066131103,0.7486210387275961,-0.592109769469896,0.5537770853669337,0.9999950287823665
Bglap,7.015509306290355,-0.5860935717240757,0.8026268282896843,-0.7302192638800539,0.46525616922503377,0.9999950287823665
Bglap2,6.290895658047179,-1.2722942794016627,0.9183436373744183,-1.3854228718121286,0.16592320135396543,0.9999950287823665
Bhlha15,0.7673019452338942,0.9567504233361253,2.323845890404058,0.4117099276190688,0.6805520475536435,0.9999950287823665
Bhlhe22,70.3954710784687,-0.16266231237800272,0.24941905040208154,-0.6521647489066265,0.5142948978869546,0.9999950287823665
Bhlhe40,281.7385562332269,0.10988182279149719,0.1639869218189443,0.6700645488840641,0.5028166428272239,0.9999950287823665
Bhmt,0.2709881817203719,0.010035929001538433,3.8206954392682,0.0026267283433250234,0.9979041764195309,0.9999950287823665
Bicd2,664.0661061021154,-0.015745759252667014,0.1233006259102798,-0.1277021842867568,0.8983846614372488,0.9999950287823665
Bid,26.33939864057163,0.024142073988139678,0.426392055113311,0.05661942735242586,0.9548483585795001,0.9999950287823665
Bin1,5991.074503608775,-0.051386059383305,0.10783517792787398,-0.4765240839837514,0.6337010534764647,0.9999950287823665
Birc2,95.69170014031901,-0.0986093530813075,0.22396233390856657,-0.4402943627188897,0.6597239231131465,0.9999950287823665
Birc3,4.063863209709911,0.4946928101900589,0.9738505858034648,0.5079760872987698,0.611470113228042,0.9999950287823665
Birc5,6.261067705041992,-1.0463295608603205,0.8147277219514664,-1.2842690050537533,0.1990478478865909,0.9999950287823665
Blk,0.3984730084239947,-0.8283827025891066,3.0627272605991944,-0.2704722399692362,0.7867969706114013,0.9999950287823665
Blmh,377.28375988479337,-0.05018775346468791,0.14365204576473078,-0.3493702661699923,0.7268113527854979,0.9999950287823665
Blnk,86.59478243399322,0.013518608247527378,0.2533828557817978,0.053352497767919276,0.9574510525595774,0.9999950287823665
Bloc1s5,51.41655263436407,-0.06719480125771478,0.30133269799246426,-0.22299206725781612,0.8235416804840483,0.9999950287823665
Bloc1s6,26.97113690804456,0.06186091690193102,0.39478701648542464,0.15669440563837514,0.8754856962699784,0.9999950287823665
Bmf,28.81816621519376,-0.48916357675247135,0.39198953484333693,-1.2478995821864762,0.21206783368944326,0.9999950287823665
Bmi1,619.1791213848311,0.30637543657020433,0.16142567901389407,1.8979349409695483,0.05770465284804946,0.9999950287823665
Bmp1,682.2783264597532,-0.22526060938192952,0.15682617705159396,-1.4363712335334262,0.15089673418279634,0.9999950287823665
Bmp10,0.5242523876850177,-1.3382862920737906,2.7757968613890838,-0.4821268842432785,0.6297158128274267,0.9999950287823665
Bmp15,0.0,,,,,
Bmp2,10.68526765560938,0.697896499224266,0.6278157149564497,1.1116263620012723,0.26629883306635715,0.9999950287823665
Bmp3,21.318441568716853,-0.3759509086183824,0.4265996819166854,-0.8812732980232397,0.37816991492629404,0.9999950287823665
Bmp4,16.40122039340162,-0.17902066703335878,0.5371444224849997,-0.3332821854598297,0.7389212853917886,0.9999950287823665
Bmp5,3.181301736946996,0.06839601449642814,1.1028308595012994,0.06201858962067569,0.9505480281206199,0.9999950287823665
Bmp6,8.332858182191346,-1.0034199318876464,0.6818159771325678,-1.4716873255267648,0.14110533177756251,0.9999950287823665
Bmp7,22.530344942016075,-0.696288223667677,0.43268191128670924,-1.609238115818282,0.10756428491172736,0.9999950287823665
Bmp8b,0.9164570322456912,-0.15255208084436653,1.9606160883597936,-0.07780823678336135,0.9379805943100021,0.9999950287823665
Bmpr1a,64.83043066986055,-0.05562666669791254,0.25683495350297253,-0.21658526590411584,0.8285315693008053,0.9999950287823665
Bmpr1b,103.19769069259625,-0.10886567464952698,0.25766752486199196,-0.4225044452452283,0.6726568567701388,0.9999950287823665
Bmpr2,1199.1160791652044,-0.05734754109847707,0.12456653002198838,-0.46037680497605676,0.6452457806504412,0.9999950287823665
Bnc1,0.6717020272542148,-2.810412796360028,2.8325464772874533,-0.9921859425414895,0.3211068286116585,0.9999950287823665
Bnc2,19.179155109210857,0.046825926721446094,0.470354821293885,0.09955447377499832,0.9206980388535765,0.9999950287823665
Bnip3,1009.0238395705334,-0.07774787703901999,0.12911553625268893,-0.6021574110714413,0.5470693618987725,0.9999950287823665
Boc,18.49482806680514,-0.16287801476727143,0.4994752569813057,-0.3260982651105931,0.744350009590259,0.9999950287823665
Borcs8,64.72340226325024,0.08583850334332555,0.2641305883869273,0.32498509115339547,0.7451923553272211,0.9999950287823665
Bpifb1,0.6454688505253191,0.038316865606087123,2.398191187172825,0.0159774023901981,0.9872524196749332,0.9999950287823665
Braf,334.0665391101489,0.010425972605841813,0.14698502927628337,0.0709322075668293,0.9434517099943055,0.9999950287823665
Brca1,10.471132458097044,-0.0005496035621841204,0.6831324727452178,-0.0008045343825854132,0.9993580745067505,0.9999950287823665
Brca2,14.393204615166797,-0.5666341867088887,0.5617798671932586,-1.008640963834968,0.31314685412715015,0.9999950287823665
Brcc3,115.82717944088489,-0.1250058229220336,0.21464761454331163,-0.5823769492523753,0.5603128044833252,0.9999950287823665
Brd2,653.7022241079798,0.1756859048904135,0.13654566772521137,1.286645763408394,0.1982177851701088,0.9999950287823665
Brd4,601.962054098959,-0.0668406628430654,0.12488685493394763,-0.5352097534878052,0.592504822587451,0.9999950287823665
Brd7,384.95644615670784,-0.06443933974364185,0.14900979053607089,-0.43245037464865765,0.6654141125312896,0.9999950287823665
Brd8,346.3311416565882,-0.002679205367423106,0.15888036382611548,-0.016863036456508416,0.986545881206136,0.9999950287823665
Brip1,2.187126052862675,-1.261440661333981,1.379660368854787,-0.9143124567541674,0.36055268695583764,0.9999950287823665
Brpf1,206.12670406449828,0.13175359895767583,0.17768164145872775,0.7415149808162924,0.4583812518823883,0.9999950287823665
Brpf3,89.98126734361341,-0.03119320031256758,0.25561453920650884,-0.12203218333901913,0.9028735301224369,0.9999950287823665
Brs3,0.3645169144763278,-1.91107425506513,3.582635774964726,-0.5334268887782616,0.5937381083712814,0.9999950287823665
Brsk2,1252.1059368948497,-0.03465755504207961,0.13732148777960537,-0.2523826067024804,0.8007453429350925,0.9999950287823665
Brwd3,131.00128591407335,-0.08089258677704611,0.19443661556324776,-0.41603576848277724,0.6773838299016536,0.9999950287823665
Bsn,1461.4339884002422,0.09419976100989635,0.14173664988955734,0.6646111720807412,0.5062992216618531,0.9999950287823665
Bsnd,0.18140573351686404,-0.8696279726090038,4.441901790678799,-0.19577829803303906,0.8447836970135786,0.9999950287823665
Bsx,0.2709881817203719,0.010035929001538433,3.8206954392682,0.0026267283433250234,0.9979041764195309,0.9999950287823665
Btbd2,127.35326247223854,-0.03475637818768596,0.20240307613286768,-0.17171862627655968,0.863658741679022,0.9999950287823665
Btbd9,153.54991844671977,-0.26948558274524215,0.18699596599007517,-1.4411304613894458,0.14954782925779855,0.9999950287823665
Btc,6.681408811986869,1.4807256594786435,0.8820342164200747,1.6787621522082063,0.09319840754894322,0.9999950287823665
Btk,3.5239541732243165,0.31126062233949964,1.0213259374226322,0.30476130188662554,0.7605479568624288,0.9999950287823665
Btla,0.6014923260527159,1.3364690297710466,2.703768897588692,0.49429854414071883,0.6210953531603451,0.9999950287823665
Btrc,465.5849774720805,0.019549443964511026,0.14109949748552675,0.13855076958382723,0.8898051481528041,0.9999950287823665
Bub1,0.7301278385437083,1.6142510877801344,2.5223659866732477,0.6399749664834216,0.5221888744192499,0.9999950287823665
Bub1b,7.02106877033173,-0.6162209340836352,0.7317831598282553,-0.8420813266982781,0.3997424327705448,0.9999950287823665
C030029H02Rik,87.74862605669955,-0.6652478829554954,0.3195017458250486,-2.082141620971827,0.03732953579999519,0.9999950287823665
C1ql1,34.018596590524105,0.1162122920953399,0.3573358590667827,0.325218667946843,0.7450155809999035,0.9999950287823665
C1qtnf12,67.56016271755693,0.037345570218952955,0.28305984771666276,0.13193524450820424,0.8950355112034255,0.9999950287823665
C1qtnf5,49.463669436699696,-0.2657484183712793,0.3268314330419786,-0.8131054467369615,0.41615760389427103,0.9999950287823665
C2,7.2259031850802975,0.23628885648793982,0.7310239108357843,0.32322999697477645,0.7465210648677513,0.9999950287823665
C2cd6,1.3904645315947841,0.8338373557576784,1.6770833454687872,0.4971949414503307,0.6190515883038343,0.9999950287823665
C3,1.918801122229592,-1.3276912318914833,1.489399242976375,-0.8914273578105634,0.3726999463098818,0.9999950287823665
C3ar1,7.458452262885153,0.7407661176925029,0.7205130904878019,1.0281091731324261,0.30389847611978205,0.9999950287823665
C4b,31.831577033672847,-0.1180793812624822,0.3965793375125687,-0.2977446631564357,0.7658980522618165,0.9999950287823665
C4bp,0.18311118095946377,-0.8696279726090034,4.441901790678799,-0.19577829803303895,0.8447836970135787,0.9999950287823665
C5ar1,1.1739520183428835,0.5835435998286959,2.025577206240101,0.28808756241480216,0.7732797129831817,0.9999950287823665
C5ar2,1.5835394668828673,1.2593852462595188,1.6151353656157295,0.779739750036004,0.4355440764655695,0.9999950287823665
C6,0.2709881817203719,0.010035929001538433,3.8206954392682,0.0026267283433250234,0.9979041764195309,0.9999950287823665
C7,0.43072365492906184,-0.09575801841778878,3.115369599241553,-0.03073728986798272,0.9754790521884167,0.9999950287823665
Cab39l,532.2516602031246,0.43469003540742857,0.1715792772952194,2.533464659951333,0.011294112807679281,0.72167951206538
Cabp1,2907.2831706793586,-0.003894159129856583,0.1563710282106808,-0.024903328797006623,0.9801320720627955,0.9999950287823665
Cacna1a,460.9196907558605,0.003269214957038852,0.14677601556421485,0.022273495737514165,0.9822297909737001,0.9999950287823665
Cacna1b,350.25061631270813,-0.22174714722994376,0.14828393469805362,-1.4954226004420585,0.13480418587139487,0.9999950287823665
Cacna1c,88.87952444374396,0.04890302067550251,0.23009131093501425,0.21253745079193542,0.831687763596225,0.9999950287823665
Cacna1d,192.48331180056653,0.0068074107463624335,0.17480060652103616,0.03894386227740694,0.9689351460351925,0.9999950287823665
Cacna1g,130.83291744438986,-0.13155086486163836,0.21990200330056908,-0.5982249496919336,0.5496898459253305,0.9999950287823665
Cacna1h,60.97920679703275,0.4444133795824914,0.29504886365119665,1.5062365402222722,0.1320064623098141,0.9999950287823665
Cacna1s,4.803396182658434,0.004476560527687154,0.9003410016003683,0.004972072270095449,0.9960328766460432,0.9999950287823665
Cacna2d1,274.4599136209475,0.004347551123982675,0.157628783545552,0.027580946995802373,0.9779963779793096,0.9999950287823665
Cacna2d2,73.82636188879219,-0.20307555702234675,0.291327257988768,-0.6970702241332194,0.4857588473654949,0.9999950287823665
Cacnb1,407.18101325381184,0.0603833801972597,0.15153609053743375,0.3984752410010425,0.690279905309606,0.9999950287823665
Cacng1,0.3984730084239947,-0.8283827025891066,3.0627272605991944,-0.2704722399692362,0.7867969706114013,0.9999950287823665
Cacng2,210.39171530797873,-0.022215955037561866,0.17822508196788425,-0.1246511141544327,0.9007997606892288,0.9999950287823665
Cacng3,206.04736851791017,0.10759839218721018,0.17090597870173577,0.629576525084534,0.5289716864049395,0.9999950287823665
Cadm1,671.3727653708627,0.11635372406562387,0.12710706061550264,0.9153993767316554,0.35998200547233683,0.9999950287823665
Cadm3,225.23373230554114,-0.018914979302927265,0.19287290979161853,-0.0980696528266368,0.9218769848735887,0.9999950287823665
Cadps2,529.5237664828071,-0.12813787055580686,0.1626209085978776,-0.787954462071424,0.4307233428555589,0.9999950287823665
Calb1,210.66663038067801,-0.0027722945144527692,0.16371254128073212,-0.016933916563538497,0.9864893351372624,0.9999950287823665
Calb2,54.26907666141812,0.1897110064529402,0.2935074315191744,0.646358443024795,0.5180472469952905,0.9999950287823665
Calcr,0.1791648964070158,1.4769425715357707,4.382600628342644,0.33700140550892543,0.7361158405752473,0.9999950287823665
Calcrl,6.760404886704374,-0.3130158627694118,0.747484540225445,-0.41875897884791663,0.6753922871827087,0.9999950287823665
Calu,324.0260089953946,0.3902339551635948,0.16979893736156304,2.2982119984216762,0.021549726139669458,0.9773252764007363
Camk1d,387.30036783593715,-0.05573225989983692,0.16694540500431018,-0.3338352433144119,0.7385038872496479,0.9999950287823665
Camk2a,8271.967900779864,-0.03132955252085814,0.14671290350543673,-0.21354326560442696,0.8309032461891253,0.9999950287823665
Camk2b,3830.861987953789,-0.052376523417268284,0.1433584695767803,-0.36535353350166955,0.714847522180906,0.9999950287823665
Camk2d,224.6277684200165,0.23104174330453783,0.16234162543951036,1.4231823950205897,0.15468328773021706,0.9999950287823665
Camk2g,1016.3036861068013,0.06927433591813059,0.14641537557590306,0.47313566383073025,0.6361163941757313,0.9999950287823665
Camk4,748.6049027936424,-0.027373603727016416,0.15733860397685936,-0.17397894118243482,0.8618820123255254,0.9999950287823665
Camkv,897.2232867804055,0.004122928709741615,0.12578327486860505,0.03277803598330925,0.9738515935457239,0.9999950287823665
Camsap1,374.0084422358547,-0.00813973259501946,0.14282492093591587,-0.05699098267781767,0.9545523782483286,0.9999950287823665
Camsap2,707.8867653916295,0.08627016988081106,0.1253779836564787,0.6880806929961598,0.49140196793904634,0.9999950287823665
Camsap3,135.6114363206907,-0.004566706416477006,0.2079250044636185,-0.021963238275539206,0.9824772800655127,0.9999950287823665
Camta2,333.7429241566563,0.08300287022012005,0.14521467077761177,0.5715873594289543,0.567601561107401,0.9999950287823665
Canx,1770.4460821497742,0.16950757989837786,0.11279794354396805,1.50275416884976,0.1329024484277349,0.9999950287823665
Cap2,1427.1042006046264,0.01768873929105604,0.1286769581393068,0.13746625306378518,0.8906622656290742,0.9999950287823665
Capn1,32.432301865616644,-0.04094442084863141,0.34962015254395684,-0.1171111577828271,0.9067719679494847,0.9999950287823665
Capn10,258.2449124558249,-0.0633939205444492,0.16177428693785395,-0.39186648103602617,0.6951568705206728,0.9999950287823665
Capn2,832.9221808901799,0.01033166075482957,0.12198571741186019,0.08469565924629356,0.9325033469887494,0.9999950287823665
Caprin1,1212.865439969031,-0.006006020455981562,0.11380223657573703,-0.05277594392430476,0.957910428749627,0.9999950287823665
Car2,21384.251625511257,0.20896368275498367,0.17434572173604493,1.1985592802291385,0.23069935958594434,0.9999950287823665
Car4,109.28046315893799,-0.1134056159815217,0.23475401904912757,-0.4830827452534008,0.6290369850661359,0.9999950287823665
Car7,26.458821229487175,0.10571923270703805,0.38570581771937734,0.2740929170634256,0.7840132168486038,0.9999950287823665
Card9,2.6951463223557517,-1.3396307452348168,1.2438686058185513,-1.076987343332174,0.2814859200989529,0.9999950287823665
Carm1,361.214618820692,-0.09772391663552885,0.1400526605169952,-0.6977655138773331,0.48532384935752526,0.9999950287823665
Carmil1,83.73519111780848,0.21719426721827065,0.23426835760677725,0.9271173855362673,0.35386559040307863,0.9999950287823665
Carns1,74.47148506805303,-0.5626775555974133,0.6747500015004876,-0.83390523059822,0.40433438950828404,0.9999950287823665
Cartpt,55.55104216893161,-0.2908130043152838,0.3588599744478884,-0.8103801622421226,0.41772171577714023,0.9999950287823665
Casc4,236.46968587941907,0.07925079972332093,0.16330378198376883,0.48529678100901463,0.627465838559952,0.9999950287823665
Caskin1,519.7078527151042,-0.0671921150292617,0.1334746252218895,-0.503407407344736,0.6146778647821007,0.9999950287823665
Casp1,14.054734941611121,0.05424669061003285,0.5325217533237294,0.10186755803204779,0.9188618009103412,0.9999950287823665
Casp12,4.107915782366812,-0.18215486078358753,0.9982806493699545,-0.1824685882657858,0.8552150034462938,0.9999950287823665
Casp2,85.70500188265584,0.0357493818848144,0.23555376444537432,0.1517673978549589,0.8793703969574194,0.9999950287823665
Casp3,15.922328571343257,-0.04402172719011424,0.4972802613663079,-0.08852498401839208,0.9294594279124725,0.9999950287823665
Casp4,0.9454896660082394,1.0200002899600198,2.0541445310201425,0.4965572161825735,0.6195013299469794,0.9999950287823665
Casp7,10.823172751075079,-0.11129306542045686,0.5973374964086772,-0.18631521725921268,0.8521975747503946,0.9999950287823665
Casp8,5.105371349406696,0.3692315805091758,0.8541124023244924,0.4322985821354438,0.6655244175411423,0.9999950287823665
Casp9,123.49594581661165,-0.004513814979480529,0.2006957601413905,-0.02249083376898714,0.9820564237448288,0.9999950287823665
Casq1,1.5008986906072714,-1.7710578146974767,1.7011781946567506,-1.041077190067573,0.29783972492641053,0.9999950287823665
Casq2,2.2131083355044208,-0.3885858333572352,1.2680497454967712,-0.30644368230601454,0.7592668533755166,0.9999950287823665
Casr,1.2843848416072183,-0.9452551551092802,1.8370544200324437,-0.5145493485667051,0.6068679676194645,0.9999950287823665
Casz1,4.369001703268782,0.1917374660837735,0.9503794714180943,0.20174832459046632,0.8401134817299882,0.9999950287823665
Cat,279.90836068650543,-0.03944550673200285,0.1527568232512983,-0.2582241885661078,0.7962338910249811,0.9999950287823665
Cav1,42.42921147050109,-0.12027742369690525,0.30900591588933896,-0.389239873776329,0.697098709612754,0.9999950287823665
Cav2,389.5311071503623,-0.12486223688094669,0.15979798617101762,-0.7813755346535951,0.4345816560824175,0.9999950287823665
Cav3,0.5203061031325698,0.2665130530586528,2.8749880434408057,0.09270057789168687,0.9261414378985733,0.9999950287823665
Cavin1,19.67803864237008,-0.483008932349057,0.4795476168539046,-1.00721787654344,0.31383008424853065,0.9999950287823665
Cbfb,224.36736551420802,0.2696333673965235,0.1993960493325903,1.352250299336564,0.17629525779444177,0.9999950287823665
Cbl,487.11272651517805,-0.12450277341114858,0.1320207270256297,-0.9430547476607849,0.345652900445935,0.9999950287823665
Cblb,19.5682378504542,0.10670720486932894,0.4488130002801285,0.23775426469983535,0.8120716930263392,0.9999950287823665
Cblc,0.0,,,,,
Cblif,0.30718511277788707,-1.7052535059724676,3.7751247964007675,-0.45170785018769954,0.6514794621774371,0.9999950287823665
Cbln1,29.60105626905047,0.04883458288595836,0.4396043845973837,0.11108757009028476,0.9115469053634209,0.9999950287823665
Cbln2,175.19729661502026,0.1571537508839269,0.21463498372882675,0.7321907554570762,0.46405214605505707,0.9999950287823665
Cbln3,0.9081987253596714,-1.4431582651909312,2.2382652380918717,-0.6447664202752075,0.5190785659653044,0.9999950287823665
Cbln4,51.871472892870294,0.12382022510283129,0.2910090363542363,0.4254858428248557,0.6704825397977898,0.9999950287823665
Cbr2,2.3694329138279113,-0.3409227908229539,1.2464976485531274,-0.27350455993132455,0.7844653876060522,0.9999950287823665
Cbs,125.82397521900434,0.024749488083365193,0.22950445670058076,0.1078388125405957,0.9141235544434834,0.9999950287823665
Cbx1,45.01370594775026,0.09301009056359563,0.33398346302824194,0.27848711346444904,0.78063845591113,0.9999950287823665
Cbx2,6.295591077698877,0.671372639457456,0.7993786099571382,0.8398681564589954,0.4009823136557116,0.9999950287823665
Cbx3,2427.74166067525,0.046521679516397435,0.1034563518237469,0.44967446363906155,0.6529451870361985,0.9999950287823665
Cbx5,262.9538662769694,0.11929461310438423,0.15476822947318702,0.7707952304581448,0.4408283147640045,0.9999950287823665
Cbx7,469.14704508051653,-0.039414920114115674,0.13783262928331771,-0.285962187031182,0.7749070830781899,0.9999950287823665
Ccar2,332.16203081984884,-0.008565922104872453,0.1462537578306791,-0.058568902651987866,0.9532954802357286,0.9999950287823665
Ccdc130,126.56312009323466,-0.05500600222997896,0.19970591454031317,-0.2754350183197769,0.7829820433770315,0.9999950287823665
Ccdc184,41.36009699847417,0.19959237897757806,0.3174335239902427,0.6287690615302282,0.5295002575161241,0.9999950287823665
Cckbr,191.18324013192702,0.11496154525959305,0.19665670663599166,0.5845798357255366,0.5588302693795162,0.9999950287823665
Ccl1,0.18140573351686404,-0.8696279726090038,4.441901790678799,-0.19577829803303906,0.8447836970135786,0.9999950287823665
Ccl11,0.8724805077730876,0.7739296823103701,2.0579490776727685,0.3760684317736221,0.7068660223731806,0.9999950287823665
Ccl12,0.759579028015123,-1.9140536099630945,2.491146109226114,-0.7683425724706706,0.4422836884950013,0.9999950287823665
Ccl17,19.58168990039753,0.1866840124007715,0.4676038733367522,0.39923538500359707,0.6897197725988577,0.9999950287823665
Ccl19,0.8169108297135637,-2.010405569342943,2.4479491915916367,-0.8212611504554118,0.4114975315146904,0.9999950287823665
Ccl2,0.6711666375869664,-0.9220437970846156,2.4797551576525976,-0.37182856308985235,0.7100204957393356,0.9999950287823665
Ccl20,1.3644822489530382,-0.61380400298385,1.629236771712675,-0.3767432785957876,0.7063643969450099,0.9999950287823665
Ccl21a,41.344822371376836,0.10592132666949411,0.3295376743207261,0.32142402803512243,0.7478890766480728,0.9999950287823665
Ccl21b,10.571897318157923,-0.1905574159757015,0.6177367156086669,-0.3084767525723996,0.7577195870765843,0.9999950287823665
Ccl24,2.9574307085092957,1.0455973168482173,1.1518777232142758,0.90773290929745,0.3640193523262123,0.9999950287823665
Ccl25,20.911345047881728,-0.03736414146899753,0.43478276072757954,-0.08593749532863532,0.9315161047887712,0.9999950287823665
Ccl3,4.758790994163898,5.696745474354323,2.155075176677915,2.6434091654918292,0.008207578465922674,0.6473727514996509
Ccl5,4.671998517342125,-1.533331673213698,1.1539796539511216,-1.3287337155067764,0.1839358374080361,0.9999950287823665
Ccl7,1.2877210240562715,-1.044105258235796,1.8771248880699902,-0.5562257817109426,0.5780565165376158,0.9999950287823665
Ccl8,0.30718511277788707,-1.7052535059724676,3.7751247964007675,-0.45170785018769954,0.6514794621774371,0.9999950287823665
Ccn1,82.70820500240622,-0.7898465486979112,0.2757857166186652,-2.8639864253377882,0.00418345939430048,0.5096420870868265
Ccn2,107.66547924491424,0.06302367021068785,0.22800831556356543,0.27640952504259764,0.7822335416744941,0.9999950287823665
Ccna1,3.221639547150618,-1.9332316839541428,1.1802148473174345,-1.6380336922114438,0.10141466561692696,0.9999950287823665
Ccna2,7.2737499459210495,0.23465242802379072,0.7424090365588101,0.3160689275974386,0.7519501908701974,0.9999950287823665
Ccnb1,0.7969460168479894,-1.258976659495376,2.316339221191626,-0.5435199853187752,0.5867718344652209,0.9999950287823665
Ccnb3,0.0,,,,,
Ccnd1,226.8711189590764,1.8997626629976736,0.6712318508231048,2.8302629868771434,0.004650975672791837,0.5460029115407719
Ccnd2,234.01338337223365,0.16528967444596343,0.16866927260855832,0.9799631663175654,0.32710430078833364,0.9999950287823665
Ccnd3,174.05985808394863,0.09383652029692229,0.19067942967559465,0.49211664025095714,0.6226368893921664,0.9999950287823665
Ccne1,29.067135403845583,-0.31366807357921755,0.393058781025947,-0.7980182321852551,0.42485990987498956,0.9999950287823665
Ccnt1,206.33219493814508,0.07844647358773398,0.17504492059101043,0.4481505280065959,0.6540445639486563,0.9999950287823665
Ccp110,1925.6088502065002,-0.6061909254438874,0.33795545666117893,-1.7937006593494096,0.07286096002551294,0.9999950287823665
Ccr1,2.026245087883342,-0.27568383564743365,1.4493717242408315,-0.19020919963912947,0.8491452024539672,0.9999950287823665
Ccr10,0.7333458512862272,0.48195352578484246,2.250259666078116,0.21417684947658475,0.8304091486451339,0.9999950287823665
Ccr2,1.4112388584713127,0.699144685590867,1.750100131518729,0.3994883909780364,0.6895333759751081,0.9999950287823665
Ccr3,0.0,,,,,
Ccr4,0.3628114670337281,-1.910856836373863,3.8416188283135435,-0.49740927504062715,0.6189004662842906,0.9999950287823665
Ccr5,6.47987402888467,-0.01086052628522631,0.7633856678970483,-0.014226788295809324,0.9886490481785435,0.9999950287823665
Ccr6,0.0895824482035079,0.9694711599089978,4.453824094096601,0.217671632158531,0.8276849679587712,0.9999950287823665
Ccr7,0.27269362916297163,0.010090281732857432,3.812598158487743,0.002646563134484573,0.9978883506009081,0.9999950287823665
Ccr9,0.35449648395139133,0.25206441206239544,3.4739394731227704,0.07255866546109146,0.9421573201607218,0.9999950287823665
Ccser2,215.44952147306435,-0.010961173817549784,0.1660878891860908,-0.06599622568066052,0.9473808303758104,0.9999950287823665
Cct3,495.47162174979127,0.2610708395741381,0.14069291306734477,1.8556076058299584,0.0635095087961379,0.9999950287823665
Cct5,1479.0338692478988,0.24125895704901673,0.1141138831913879,2.114194612450314,0.03449864884333835,0.9999950287823665
Cct7,900.9163656267433,0.1972697459329695,0.1253398539094817,1.5738788564045585,0.11551545890578023,0.9999950287823665
Cct8,1893.0306697783665,0.043478318204208,0.10912291686571109,0.39843434773387987,0.6903100434342019,0.9999950287823665
Cd109,1.1106839890692966,-0.7090799103791636,1.899712762054412,-0.3732563809343162,0.708957637296002,0.9999950287823665
Cd14,10.700482518444536,0.7368747167895149,0.5961006591329381,1.236158198283727,0.21639976541683537,0.9999950287823665
Cd151,176.7029729806934,0.0030788221606069584,0.2063566500531172,0.01491990764443237,0.9880960776862889,0.9999950287823665
Cd160,0.22871710469036832,1.2368956898123245,4.413469574143697,0.2802547222844076,0.7792820857173672,0.9999950287823665
Cd163,2.5713582218655797,-0.9795615120799291,1.2688003683258873,-0.7720375376091725,0.4400921952136957,0.9999950287823665
Cd177,4.3022183066524144,-1.8531001288876405,1.1453884492754487,-1.6178791833110218,0.10568863727488503,0.9999950287823665
Cd180,1.9946058792298216,-2.2221376024934885,1.5848226623177724,-1.4021364379303205,0.16087450790190405,0.9999950287823665
Cd19,1.0422364115067142,-0.5077042192346248,1.8505294740051592,-0.27435619176374676,0.7838109056565764,0.9999950287823665
Cd1d1,2.0322379916548052,-0.766450340569779,1.3323447982046372,-0.5752642571221706,0.5651125908617813,0.9999950287823665
Cd2,0.7010952047811602,-0.12310756404881337,2.3389723379051386,-0.052633185118842664,0.9580241757050635,0.9999950287823665
Cd200,170.9910017312546,0.020656304424358958,0.18795632944248644,0.1098994882780985,0.9124890883813852,0.9999950287823665
Cd200r1,7.250873354848271,-0.2047409895379436,0.7405938982949201,-0.2764551395971824,0.7821985108604586,0.9999950287823665
Cd207,1.0298939016709043,1.070173726133267,2.0599375693964586,0.5195175533629485,0.6033998753449603,0.9999950287823665
Cd209a,0.6143702255557741,-2.7048944727418323,3.0302488718992873,-0.8926311293522466,0.37205474304419395,0.9999950287823665
Cd209b,0.4885908462947511,-2.3603974562342604,3.2575814112285566,-0.7245858685521125,0.46870613087902324,0.9999950287823665
Cd209d,0.0,,,,,
Cd22,0.18311118095946377,-0.8696279726090034,4.441901790678799,-0.19577829803303895,0.8447836970135787,0.9999950287823665
Cd226,2.262641171799792,-0.7072973534037083,1.415091160408307,-0.49982458600025903,0.617198597242312,0.9999950287823665
Cd244a,0.980341693387552,1.0698927979514812,2.0362418406631053,0.5254252105943708,0.5992876317643789,0.9999950287823665
Cd247,0.452393915237236,-1.01636677170274,3.1394991257764424,-0.3237353255995503,0.7461384239179836,0.9999950287823665
Cd248,4.35824780691719,-0.047892736550599224,0.909184292158465,-0.052676599192995985,0.9579895842718567,0.9999950287823665
Cd24a,31.143623431415573,0.04917899065899955,0.3743627901802073,0.13136719767294772,0.8954848362156729,0.9999950287823665
Cd27,0.6548778431987086,2.863594147472268,2.8665067408141827,0.9989839223817464,0.3178024797516815,0.9999950287823665
Cd274,9.258034049578276,0.25393617625480264,0.650811882726037,0.39018368132915376,0.6964007276487278,0.9999950287823665
Cd276,9.155540781610659,-0.1060586990847394,0.6580046526042976,-0.16118229356733685,0.871949826457013,0.9999950287823665
Cd28,1.995675322816166,-3.178011138513166,1.8426931865841294,-1.7246556082428277,0.08458955556675832,0.9999950287823665
Cd2ap,113.2299983239377,-0.20090057050130045,0.22239752177996366,-0.9033399693188491,0.36634548963171976,0.9999950287823665
Cd2bp2,113.58674812074248,-0.00913963450467311,0.204761331927881,-0.044635549195842214,0.9643978067256789,0.9999950287823665
Cd300a,1.4396192686082303,0.3758912966718375,1.6191419555363313,0.23215462695321593,0.8164179174721156,0.9999950287823665
Cd300lb,0.6816657815828343,-1.1541881651268862,2.552666162263922,-0.4521500626244262,0.6511608804182722,0.9999950287823665
Cd300ld,0.21536182746453092,0.0081920501520074,4.137788937172267,0.001979813440558373,0.9984203384544649,0.9999950287823665
Cd300lf,0.30718511277788707,-1.7052535059724676,3.7751247964007675,-0.45170785018769954,0.6514794621774371,0.9999950287823665
Cd320,14.300365992587308,-0.39131845346881355,0.5432293619731103,-0.7203558586146226,0.4713059205837018,0.9999950287823665
Cd33,6.27372061221076,-0.5963753905309921,0.8162794281313376,-0.7306020095302911,0.4650222842428534,0.9999950287823665
Cd34,59.37540747298749,-0.11227550009146513,0.2769454059805235,-0.40540661685271295,0.6851786479887314,0.9999950287823665
Cd36,2.3972374778706387,1.6038371003204415,1.3620806404904742,1.1774905630718844,0.2389997619397406,0.9999950287823665
Cd37,1.7373141465117026,-2.115575682089927,1.664207644510941,-1.2712209855949972,0.20365004284766974,0.9999950287823665
Cd38,16.312748821053784,-0.12262729920411869,0.4944408330977645,-0.24801207949561058,0.8041250606515611,0.9999950287823665
Cd3d,1.4507104784676637,-2.2324276130039076,1.9922982099348392,-1.1205288454668252,0.2624884675195316,0.9999950287823665
Cd3e,0.5459226479931919,-2.4954809619134455,3.1639846788888897,-0.7887146162761428,0.43027882319750954,0.9999950287823665
Cd3eap,17.17427974008017,-0.5148352067961998,0.4977454891409594,-1.0343342491857332,0.30097993083895613,0.9999950287823665
Cd3g,1.13521038260744,-0.7124094886788511,1.9114532427344628,-0.37270568421527345,0.7093675054160777,0.9999950287823665
Cd4,2.8091431474529216,-0.095813050752127,1.1639986638074944,-0.08231371197516499,0.9343972508439454,0.9999950287823665
Cd40,52.754028088368806,5.028192271964157,1.5886084250538437,3.1651552343956206,0.0015500023149387539,0.33848606603789183
Cd40lg,0.43010702306078824,0.2425818330349456,3.274007161363496,0.07409325058834623,0.9409361857509249,0.9999950287823665
Cd44,18.48977213721405,2.9451437560598768,0.7687468062418626,3.8310972249207333,0.00012757307860862226,0.13495453691099063
Cd47,1769.3198872227986,-0.12602200975278155,0.11432934197884866,-1.1022718015476385,0.2703435246754441,0.9999950287823665
Cd48,3.6525703137273275,0.2030947677227688,1.0362134847440228,0.1959970321877635,0.8446124889190293,0.9999950287823665
Cd5,1.009985765001647,-1.057421100045248,1.9507597427901742,-0.5420560394243205,0.5877799014581662,0.9999950287823665
Cd53,25.62239695083747,0.02658017146272147,0.4128040412161856,0.06438931989234434,0.9486602338719035,0.9999950287823665
Cd55,18.933766859081846,-0.1646867653550346,0.5277572490547535,-0.3120502193953735,0.7550023579038766,0.9999950287823665
Cd59a,8.24305191162876,0.11501152973261838,0.7026012988081289,0.1636938757837772,0.8699721389321161,0.9999950287823665
Cd59b,10.292508626096302,0.4165106602917687,0.6360365771113371,0.6548533139138305,0.5125622010770202,0.9999950287823665
Cd5l,0.3365782903048324,1.8623689430816042,3.676600551404302,0.5065464461104593,0.6124730927412735,0.9999950287823665
Cd6,9.521487683437728,-0.16023218744484466,0.6344820495983423,-0.2525401428555455,0.8006235898320422,0.9999950287823665
Cd68,50.75802072290819,0.5495463095123198,0.30337698174495475,1.8114304729101578,0.07007424246633522,0.9999950287823665
Cd69,0.4261607385083403,2.2758266160578153,3.389482401174884,0.6714378027951861,0.5019416695422074,0.9999950287823665
Cd70,0.18140573351686404,-0.8696279726090038,4.441901790678799,-0.19577829803303906,0.8447836970135786,0.9999950287823665
Cd72,2.856255106718867,-0.21490905155355924,1.150584064795974,-0.18678257254646383,0.8518311115352631,0.9999950287823665
Cd74,18.182508454643088,-0.8667378487698378,0.569125876209756,-1.5229282044634964,0.12777666855292055,0.9999950287823665
Cd79a,0.8229282994897353,0.7963963229467627,2.149409171348586,0.370518714427503,0.7109960351261344,0.9999950287823665
Cd79b,2.1907453951436744,0.8581608001855608,1.3119888300821025,0.6540915444622026,0.5130528287350868,0.9999950287823665
Cd80,2.590427101299508,-1.0380307737893515,1.27378332095402,-0.8149194268079301,0.4151184323092365,0.9999950287823665
Cd81,2170.260669401358,-0.02743188569306908,0.1071464773406415,-0.25602228252317866,0.7979336316195469,0.9999950287823665
Cd82,248.11155076999475,-0.3806018760720166,0.16487422473832722,-2.308437699562026,0.020974804199934964,0.9713835926722174
Cd83,45.893429089523494,-0.09413780824857547,0.3156161559393361,-0.2982667600408564,0.7654995719433642,0.9999950287823665
Cd84,24.219550571421433,0.0412600002790272,0.4053970602641482,0.10177676239719907,0.9189338707742748,0.9999950287823665
Cd86,2.8773913131079447,-0.707009432796444,1.174571703735463,-0.6019295633871975,0.5472210244234157,0.9999950287823665
Cd8a,1.6288415230456919,-0.19846985681793958,1.5965731304038169,-0.1243099066609878,0.9010699037629313,0.9999950287823665
Cd8b1,0.45743420938073664,2.30232504177356,3.576143990846203,0.6438009900235515,0.5197044917046956,0.9999950287823665
Cd9,615.9806802444174,-0.20807316030747247,0.13139135981546293,-1.5836137216306148,0.11328164943170821,0.9999950287823665
Cd93,3.6062593484430505,1.5649084117151304,1.0628334125358505,1.472392938778018,0.14091479887798186,0.9999950287823665
Cd96,0.27269362916297163,0.010090281732857432,3.812598158487743,0.002646563134484573,0.9978883506009081,0.9999950287823665
Cdc16,310.2560359720233,0.10393718507229875,0.14944907286047315,0.6954689184946321,0.4867614830878568,0.9999950287823665
Cdc20,9.435742350831722,-0.4389351397158398,0.7101221036926232,-0.6181122055395606,0.5365013771420237,0.9999950287823665
Cdc23,419.93529661101974,0.10671897401308544,0.14302426768677926,0.7461599051623756,0.4555708253577814,0.9999950287823665
Cdc25a,45.3908066177602,0.13494624963868182,0.3145303570634911,0.4290404617810597,0.6678937793008979,0.9999950287823665
Cdc27,273.18750929492916,-0.032384942017463,0.1569476821161564,-0.20634227648863926,0.8365235571428304,0.9999950287823665
Cdc37,1128.716977276935,0.10290058798490516,0.12228961173259842,0.8414499525103587,0.40009591126275545,0.9999950287823665
Cdc42,464.18289721624814,-0.07324569796513396,0.1421209932443975,-0.5153756408047151,0.6062905510572307,0.9999950287823665
Cdc42bpb,411.87928998235594,-0.1393446297717325,0.1462647502529012,-0.9526877086297051,0.34074832284085466,0.9999950287823665
Cdc42ep4,103.96322820677874,0.08380154184189613,0.22935084484557838,0.36538579963949813,0.7148234398246561,0.9999950287823665
Cdc5l,124.11520019766003,0.20722643123594708,0.20630180511375673,1.004481909994343,0.3151463864206243,0.9999950287823665
Cdc6,1.4661563129052062,1.2475657232717654,1.6972777843119362,0.7350392109076709,0.46231561423085277,0.9999950287823665
Cdc73,354.7759552012005,0.018756053484834254,0.15316014529087085,0.12246040540908401,0.9025344018305616,0.9999950287823665
Cdca5,0.715067113875271,0.45057154201068417,2.266432715894748,0.19880208172551306,0.8424175675149762,0.9999950287823665
Cdca8,3.9107579798770917,-0.1843447554497649,0.9623380839528469,-0.1915592436002954,0.8480874700904507,0.9999950287823665
Cdcp1,1.476351589332994,-0.8304750337914116,1.5995970758343636,-0.51917763938036,0.6036368706365262,0.9999950287823665
Cdh1,5.679783148255212,-0.7628521021977791,0.9559290839872137,-0.7980216471873586,0.42485792814767764,0.9999950287823665
Cdh10,412.63546990506103,-0.24534471388352344,0.1468404239879513,-1.670825425454061,0.09475616492853925,0.9999950287823665
Cdh11,119.42989342796416,-0.28036150548754185,0.20443056263145334,-1.371426570854655,0.1702420191867321,0.9999950287823665
Cdh12,302.24857598258586,-0.31437492325941496,0.16694113222898513,-1.8831483832768188,0.05968026186454718,0.9999950287823665
Cdh13,63.27467337354892,0.13910802568982925,0.27449897139055424,0.5067706628740252,0.6123157430787418,0.9999950287823665
Cdh2,474.67185888261224,0.11008014628746653,0.13485140710380422,0.8163069904248786,0.4143245772797338,0.9999950287823665
Cdh20,320.7595290784148,0.11636963614899969,0.17567683643603324,0.6624073982079688,0.5077101636186596,0.9999950287823665
Cdh23,1.2852859690555904,0.9436436026057291,1.7760742137191792,0.5313086555261095,0.5952049083762224,0.9999950287823665
Cdh26,0.8408464931362941,-0.06751686162159133,2.098779956591554,-0.03216957614329403,0.9743368183365613,0.9999950287823665
Cdh3,0.27269362916297163,0.010090281732857432,3.812598158487743,0.002646563134484573,0.9978883506009081,0.9999950287823665
Cdh4,50.082794367195454,-0.14846853663265588,0.3116814207297292,-0.4763470863455752,0.6338271250263214,0.9999950287823665
Cdh5,29.811722612710565,-0.08298040786266157,0.371098232722824,-0.22360766111392463,0.8230626019015553,0.9999950287823665
Cdh6,132.0389556778646,0.4380449913764053,0.22269415374227988,1.9670251060265695,0.04918031646474895,0.9999950287823665
Cdh7,66.79858326951484,-0.02110015101208523,0.25415416498630816,-0.08302107114090355,0.9338347851022835,0.9999950287823665
Cdh8,36.243783925833796,-0.06730615600685606,0.35037661215624744,-0.19209660026292355,0.847666537917969,0.9999950287823665
Cdh9,94.97430554507719,-0.26066492409863834,0.22999964459375263,-1.133327508218761,0.25707674398624714,0.9999950287823665
Cdhr1,12.820893305828397,-0.9569811682371439,0.6626140972547965,-1.4442511443718256,0.1486683430596258,0.9999950287823665
Cdipt,464.41348995723337,0.043093717679408575,0.13313237974353914,0.3236907337074766,0.7461721869215825,0.9999950287823665
Cdk1,0.3411412067255539,-0.6177680891974539,3.456440796226646,-0.17872954452796175,0.8581500695221761,0.9999950287823665
Cdk2,27.159396870870577,0.1404676006591523,0.4255904246233021,0.330053479900265,0.741359552990289,0.9999950287823665
Cdk4,9.936960531889524,0.37699626847369083,0.6482722960833114,0.5815399960038427,0.5608765703352055,0.9999950287823665
Cdk5,325.89092738170825,-0.27352508892890953,0.14691565546621865,-1.8617831303336019,0.06263366530653475,0.9999950287823665
Cdk5r1,1440.6812633537365,0.03861233995258216,0.12961629695482751,0.2978972618392186,0.7657815778659823,0.9999950287823665
Cdk5r2,1826.4652753378402,0.13874861498150226,0.11578617152580147,1.1983176674131928,0.23079337114763687,0.9999950287823665
Cdk5rap2,203.968611574261,-0.33141397594337796,0.1728779713186899,-1.9170399410370027,0.05523285764567782,0.9999950287823665
Cdk6,7.019589806524759,0.41018590773002694,0.7418189934240366,0.5529460843766204,0.5803003296489417,0.9999950287823665
Cdk7,96.90637403236688,-0.13806925922852176,0.21870856999719024,-0.6312933198287362,0.5278487539700301,0.9999950287823665
Cdk8,266.3048938798117,-0.05872868075121846,0.16104310117071963,-0.3646767872965945,0.7153526880949914,0.9999950287823665
Cdk9,343.89595261332653,0.07554621704140285,0.15910103284790672,0.47483171975144606,0.63490692230564,0.9999950287823665
Cdkn1a,98.93029271134226,3.1833652553490324,0.9976913408773688,3.1907315668887977,0.001419130647979187,0.33660795345641653
Cdkn1b,1397.0758802315338,0.19228492966159536,0.15534114918287606,1.2378235301660288,0.215781501620811,0.9999950287823665
Cdkn1c,16.029967697136104,-0.2311028112328974,0.5116366749948205,-0.4516932083401507,0.651490011647868,0.9999950287823665
Cdkn2a,1.397268285125354,-1.1970340589321822,1.8068926543498918,-0.6624821104067565,0.5076622961796318,0.9999950287823665
Cdkn2b,0.8163754400463153,-0.649213248935135,2.2811985540243276,-0.28459304771600846,0.7759559382129241,0.9999950287823665
Cdkn2c,66.33479346678064,-0.17827748856924408,0.25710564590809426,-0.6934016868418816,0.4880575039650574,0.9999950287823665
Cdkn2d,464.8486604830425,-0.12629155127820973,0.1568238794911566,-0.8053081691894468,0.42064186881271415,0.9999950287823665
Cdx1,1.8085611811079376,-0.14963168939421514,1.4083229275927405,-0.10624813845073303,0.9153854781054827,0.9999950287823665
Cdx2,0.18140573351686404,-0.8696279726090038,4.441901790678799,-0.19577829803303906,0.8447836970135786,0.9999950287823665
Ceacam1,15.951429536752956,-0.6889231523592714,0.5050915236748696,-1.3639570653391824,0.1725810789018445,0.9999950287823665
Cebpa,19.742600608601233,0.16682904210511987,0.4460792164971078,0.37398972185964086,0.7084119630169895,0.9999950287823665
Cebpg,357.38066281679033,0.886973640691578,0.39930425962518146,2.221297717996201,0.02633080333133202,0.9999950287823665
Celf6,35.39361924339209,-0.37957148295614246,0.351811072342146,-1.0789071544257671,0.28062911916603395,0.9999950287823665
Celsr1,31.94179129274757,-0.003374127161890922,0.36852984700860003,-0.009155641501710396,0.9926949570601584,0.9999950287823665
Celsr2,747.2837415866842,0.0030542662016670124,0.1305296542642305,0.02339902161607107,0.9813319854307366,0.9999950287823665
Celsr3,133.00266173201513,0.0566736571933359,0.21196202942022158,0.2673764605309498,0.7891793216612257,0.9999950287823665
Cemip,13.451038393403984,-0.21168142738247045,0.5811113970665163,-0.3642699634718067,0.7156564269946017,0.9999950287823665
Cemip2,178.10361414372287,-0.12583673203171122,0.24074268091260417,-0.5227022128136606,0.6011814981288459,0.9999950287823665
Cenpa,23.916623171748032,-0.032736238808197635,0.4217907121442149,-0.07761251697975928,0.9381362853074623,0.9999950287823665
Cenpe,3.375945913731315,-0.6551631555227704,1.1022839627992103,-0.594368763071729,0.5522654962372275,0.9999950287823665
Cenpf,4.5542175153917315,-0.8735422832735356,0.9384058070818115,-0.930879025557201,0.3519161452957521,0.9999950287823665
Cenps,8.334677137579769,0.12415995515081664,0.6716112606879665,0.18486878112143787,0.8533319579458399,0.9999950287823665
Cenpu,2.3660206831945594,0.4698230892244501,1.2780545515624873,0.3676080091026375,0.713165541992976,0.9999950287823665
Cep104,254.2239109446464,0.11198070946061033,0.16228937107573752,0.6900064293696163,0.49019014416290296,0.9999950287823665
Cep152,44.286470830676315,-0.09584570865289181,0.33318631644973123,-0.28766400035324474,0.7736039492457505,0.9999950287823665
Cep164,30.453457090847923,0.2129829980663261,0.3688266442507857,0.5774609871230103,0.5636280857355782,0.9999950287823665
Cep250,219.11531895856615,0.08089247184996438,0.18785038992014202,0.43062179367502496,0.6667433920495035,0.9999950287823665
Cep290,85.29080987449593,-0.01995968283237138,0.23727771975549114,-0.08411949867412474,0.9329614218883099,0.9999950287823665
Cer1,1.1434686894934596,0.40734056022207066,1.7992651048017625,0.22639274175605723,0.8208959726403142,0.9999950287823665
Cercam,151.3944575656819,-0.5652132340757827,0.203916121287436,-2.7717927866971817,0.005574851189089646,0.5862885167192612
Cers1,195.44520003332832,-0.08175057967575591,0.16871894846240473,-0.4845370387901167,0.628004784686027,0.9999950287823665
Cers2,993.0825557562202,-0.29111767751064477,0.14591090207514226,-1.995174269848067,0.04602387628658598,0.9999950287823665
Cers4,121.70572498211133,0.03357623377977986,0.1987335669481826,0.1689509945168672,0.8658351878673425,0.9999950287823665
Cers5,319.5589409462063,0.16367506094500947,0.18983608447578443,0.8621915132572593,0.3885821390685362,0.9999950287823665
Cers6,79.52937044061402,0.07563379879304097,0.24139503279163563,0.31331961523137725,0.754037849057195,0.9999950287823665
Cetn2,170.20738619665408,0.03197735900649838,0.17917115661010696,0.17847381024661282,0.8583508873779571,0.9999950287823665
Cetn3,359.7775109484356,-0.030474948236162033,0.14459833411721543,-0.21075587365659545,0.8330777728010728,0.9999950287823665
Cfap299,3.744223947154559,1.271317726676257,1.0632419038478558,1.1956994189895809,0.23181387818407384,0.9999950287823665
Cfap36,768.2810242781028,-0.04263412908959481,0.1410220718906733,-0.3023223848437478,0.7624063156072041,0.9999950287823665
Cfap44,2.5189524028726793,1.5574330220136388,1.2696367279553826,1.2266760938160022,0.21994435638282617,0.9999950287823665
Cfap45,6.235311906035875,-0.19426424644099385,0.7857124309725808,-0.2472459882052867,0.8047178563963537,0.9999950287823665
Cfap52,2.591881654654958,0.4408961911462889,1.234610922962623,0.3571134702812254,0.7210068606614006,0.9999950287823665
Cfap53,2.3715344967922647,0.7471606885895138,1.3237852529243594,0.5644123070104983,0.572473565131654,0.9999950287823665
Cfap57,1.923226120252971,-1.4257977702500189,1.4418706057786268,-0.9888527892418415,0.3227351719225555,0.9999950287823665
Cfap61,3.417239815128648,-1.1124783613989653,1.0903110336269872,-1.0203311964093742,0.30757141277472044,0.9999950287823665
Cfap65,0.735051298728827,0.47777773385859307,2.2485901183460255,0.21247880169909647,0.8317335140130665,0.9999950287823665
Cfap69,21.451887084980854,-0.4543320159828986,0.44321079921501455,-1.0250923867098483,0.30531959748456516,0.9999950287823665
Cfb,0.5179840238216964,0.8926555639927439,2.828096277901696,0.31563832213486354,0.7522770466898078,0.9999950287823665
Cfc1,0.7627390288131727,3.097652762858788,2.8736431038471153,1.0779531942264433,0.2810546446269566,0.9999950287823665
Cflar,57.33671557516101,0.14011107957548993,0.2810086786818378,0.4986005422776489,0.6180608230479956,0.9999950287823665
Cftr,1.770658802607823,0.26558204207019565,1.4125497948322574,0.1880160565254508,0.8508640643572587,0.9999950287823665
Cga,0.4902962937373508,-2.3631332969027237,3.0839180621137636,-0.7662762918165851,0.4435119219204432,0.9999950287823665
Cgas,2.762284587997488,-0.5584660131445889,1.3151160107036328,-0.42465152016953256,0.671090729677901,0.9999950287823665
Cgn,29.559115963144404,0.42421305100388657,0.372101262315338,1.1400473311063004,0.2542665827812768,0.9999950287823665
Ch25h,1.1742841546310585,-1.9463561926213224,2.0455780289204912,-0.9514944749619104,0.3413534219049299,0.9999950287823665
Champ1,177.3932636198624,0.028619561433824253,0.1806145951633635,0.158456526771484,0.8740970744205511,0.9999950287823665
Chat,2.203566995153242,-0.5087996242773982,1.4942806696348185,-0.34049802999977363,0.7334815060903598,0.9999950287823665
Chchd3,304.84350781998813,-0.00607447629065783,0.16128297210900758,-0.03766346943651452,0.9699560024848719,0.9999950287823665
Chd1,198.76274512062488,0.06896647206942652,0.18997356378059344,0.3630319434817684,0.7165810223462409,0.9999950287823665
Chd4,639.8403696399271,-0.037912203326510595,0.1264261876686745,-0.2998761888309661,0.7642715975183617,0.9999950287823665
Chd6,109.96482061702392,-0.0898209184288806,0.20648895010337764,-0.43499140454688845,0.6635686665095326,0.9999950287823665
Chd7,193.88722963561588,-0.12339529950325838,0.1878973863231254,-0.6567164233517151,0.5113632722659713,0.9999950287823665
Chek1,7.63443607405516,0.892757286041079,0.7320486863614076,1.2195326658920205,0.22264208536790375,0.9999950287823665
Chek2,18.27512492508887,0.3967552288011246,0.5358204007387848,0.7404630884790534,0.45901905031613754,0.9999950287823665
Chia1,2.469230010447188,-1.2191939180821973,1.2827865899111524,-0.9504261485666454,0.34189576264298216,0.9999950287823665
Chic2,63.18036392411216,0.3215741094447981,0.28890699466438247,1.113071387622042,0.26567777102073264,0.9999950287823665
Chil1,50.740873576578,0.053403383962729194,0.3129336982002967,0.17065398923112385,0.8644958432741296,0.9999950287823665
Chil3,8.356978809757964,-0.3724734032582046,3.360868944539537,-0.11082651820249305,0.911753916398849,0.9999950287823665
Chil4,0.7484065759546645,1.6361162857827871,2.397952719855401,0.6822971413220551,0.4950510803112447,0.9999950287823665
Chka,315.28920839738925,0.19556196332303477,0.17124918384792917,1.1419731115138951,0.25346519648161525,0.9999950287823665
Chmp3,367.5810400115138,0.04993061453589555,0.14176146659314148,0.3522157024461203,0.724676501696318,0.9999950287823665
Chmp4c,0.6121293884459259,-0.787276737900117,2.548021015034891,-0.3089757632510486,0.7573399634967355,0.9999950287823665
Chrd,49.7855005640867,0.1968150891533616,0.303622715787266,0.648222543702101,0.5168410230205809,0.9999950287823665
Chrm1,442.79994122952945,0.04050432736089097,0.1504535169198435,0.26921489234758333,0.7877643207623704,0.9999950287823665
Chrm2,51.51284433783879,0.5305763913105258,0.3198785508078186,1.6586807398327041,0.09718014245543896,0.9999950287823665
Chrm3,114.29204940309411,-0.29217397700779935,0.21683642307442474,-1.3474395715682717,0.17783870311860783,0.9999950287823665
Chrm4,76.52853085677158,0.08335905949723363,0.27736350026867257,0.3005408405088865,0.763764649147749,0.9999950287823665
Chrm5,0.5541809548792115,-0.62176767047064,2.7593569908638487,-0.22533063772802678,0.8217220669993681,0.9999950287823665
Chrna1,3.6741469703336755,0.8066314239600002,1.0453159219254777,0.7716628122091365,0.4403141615628281,0.9999950287823665
Chrna2,1.8134846412930565,-0.4910567323761191,1.450427073551757,-0.3385600981465658,0.7349411461423969,0.9999950287823665
Chrna4,66.6274471996928,0.10414487519257684,0.2538827306282287,0.410208583052782,0.6816529452104438,0.9999950287823665
Chrna6,1.6309887564537136,0.7784247242932503,1.5308566592084405,0.5084896222065298,0.6111100151875777,0.9999950287823665
Chrna7,54.99073020513557,-0.5561251393725898,0.29295173900415955,-1.8983507019382926,0.05764989908589213,0.9999950287823665
Chrnb1,0.21536182746453092,0.0081920501520074,4.137788937172267,0.001979813440558373,0.9984203384544649,0.9999950287823665
Chrnb2,121.45374522456142,0.029463309339950644,0.21776590055195244,0.13529808507793248,0.8923761990444752,0.9999950287823665
Chrnb3,4.437249868923805,-0.1970412135473866,0.9229756490887521,-0.21348473683127406,0.83094889296671,0.9999950287823665
Chrnb4,1.2748998007495302,-0.9891880425552158,1.7831219877611846,-0.5547506280247264,0.579065241570955,0.9999950287823665
Chrnd,0.3088905602204868,-1.7114059541876046,3.7685775910769013,-0.4541251739754034,0.6497387352058142,0.9999950287823665
Chrng,0.0,,,,,
Chst10,147.95107524390485,-0.07302177387221619,0.1999565735772068,-0.3651881634390038,0.7149709532699147,0.9999950287823665
Chst8,141.09753631799992,0.07903760638214737,0.20104749195368685,0.3931290344092152,0.6942241806156251,0.9999950287823665
Chtop,730.7281026982258,-0.09650112091331597,0.13979154782279093,-0.6903215710555491,0.48999198554591195,0.9999950287823665
Chuk,238.49273832903876,-0.22982348501225996,0.18299607176961336,-1.255892996990673,0.20915476793408005,0.9999950287823665
Ciart,52.62300325089827,0.4368811635917127,0.38126494891882656,1.1458728761471517,0.25184775569971574,0.9999950287823665
Cib2,93.2329659145657,0.13152445546804167,0.23051845115614106,0.5705593405143692,0.56829838664689,0.9999950287823665
Cic,658.2264362825977,0.04660108256665966,0.13015520225259644,0.3580424121366998,0.7203115743131809,0.9999950287823665
Cidea,9.357579065338134,-0.5218432200812863,0.6509492843717417,-0.8016649416627578,0.42274680068291215,0.9999950287823665
Cideb,20.877256772029217,-0.2798680330530592,0.4819375774293033,-0.5807142795253681,0.5614330361398328,0.9999950287823665
Ciita,0.6734074746968147,-2.813195545869306,2.8310441936613087,-0.9936953835507175,0.320371190917202,0.9999950287823665
Cisd2,927.6507927286948,0.03239593266740331,0.12022077953121915,0.26947032612603106,0.7875677742482946,0.9999950287823665
Cish,17.992523627430085,-0.03916130501528805,0.4822032891363047,-0.08121326813309707,0.9352723479278849,0.9999950287823665
Cit,773.5310819231912,0.03489053254875505,0.13986106266489412,0.24946566173569304,0.8030005993566234,0.9999950287823665
Cited1,13.3288524546711,0.05316082494565981,0.5363070246296924,0.0991238646974019,0.9210399241090362,0.9999950287823665
Cited2,209.9769518029756,0.11079145026229312,0.1821652595596559,0.6081919819953974,0.5430601518237252,0.9999950287823665
Cited4,32.30286621656911,-0.15839029103815438,0.3504732959195037,-0.45193255201541305,0.6513175729675327,0.9999950287823665
Ckb,9900.239221239857,0.04524938434369615,0.1064128462615277,0.4252248288941364,0.6706727859638568,0.9999950287823665
Cklf,2.0673654791259755,-0.8852456772426276,1.4831705967915558,-0.5968603201530698,0.5506006413109443,0.9999950287823665
Cks1b,15.823676589791797,0.1301181386514636,0.4931168245824216,0.26386878760758065,0.7918810273617243,0.9999950287823665
Clca3a2,0.12577937926102303,-0.8696279726090034,4.441901790678799,-0.19577829803303895,0.8447836970135787,0.9999950287823665
Clcn4,397.11066288511887,0.0813842236883901,0.13786664187457762,0.5903112064079166,0.5549820276721996,0.9999950287823665
Clcn7,307.8946944700164,0.12513561249448832,0.15819077863088987,0.7910423956283197,0.42891925209970716,0.9999950287823665
Clcnka,0.6548778431987086,2.863594147472268,2.8665067408141827,0.9989839223817464,0.3178024797516815,0.9999950287823665
Clcnkb,0.6115127565776523,-0.8055847613644721,2.6806661241682197,-0.30051663431768694,0.7637831101093995,0.9999950287823665
Cldn1,2.21596446873439,-0.14939290755217546,1.345221631608169,-0.11105449395248057,0.9115731340146169,0.9999950287823665
Cldn10,264.72999938405906,0.0814668816904891,0.17757364482759672,0.45877800035914074,0.6463935944674185,0.9999950287823665
Cldn11,13878.46193190844,-0.5404960206781136,0.3879253685461376,-1.3932989809451717,0.16352939868316174,0.9999950287823665
Cldn12,105.20443136725906,-0.06986795759919404,0.22024015737794886,-0.317235323616734,0.7510650487141041,0.9999950287823665
Cldn14,43.17687858916196,-0.8504660897793486,0.4345614667454729,-1.9570674228174842,0.05033954193443876,0.9999950287823665
Cldn16,0.9409847615319871,-2.2539354779350087,2.353520461117158,-0.9576867994872335,0.3382207151507418,0.9999950287823665
Cldn17,0.1791648964070158,1.4769425715357707,4.382600628342644,0.33700140550892543,0.7361158405752473,0.9999950287823665
Cldn19,0.18311118095946377,-0.8696279726090034,4.441901790678799,-0.19577829803303895,0.8447836970135787,0.9999950287823665
Cldn2,0.8848230176088977,-0.8460412827372406,2.0725716301922144,-0.4082084645049286,0.683120634354948,0.9999950287823665
Cldn23,1.8724458422497985,0.4801895422919515,1.4006835811303435,0.3428251382117589,0.7317300131814757,0.9999950287823665
Cldn6,1.2648230707311032,-0.14419456980056408,1.9065213434806014,-0.07563228719869364,0.9397116485528715,0.9999950287823665
Cldn7,0.18140573351686404,-0.8696279726090038,4.441901790678799,-0.19577829803303906,0.8447836970135786,0.9999950287823665
Cldn8,0.21536182746453092,0.0081920501520074,4.137788937172267,0.001979813440558373,0.9984203384544649,0.9999950287823665
Cldn9,0.3365782903048324,1.8623689430816042,3.676600551404302,0.5065464461104593,0.6124730927412735,0.9999950287823665
Clec10a,1.6432500240884984,-0.6105611249515018,1.5331064100318712,-0.3982509765508117,0.6904451930769417,0.9999950287823665
Clec14a,6.6223951800249665,-1.4364423016037653,0.8654728841408912,-1.6597195913649507,0.09697087623624384,0.9999950287823665
Clec1b,0.3984730084239947,-0.8283827025891066,3.0627272605991944,-0.2704722399692362,0.7867969706114013,0.9999950287823665
Clec4e,0.522546940242418,-1.3343323679918335,2.7783935047935273,-0.48025319872427236,0.6310473632092775,0.9999950287823665
Clec4n,1.5456370883827526,1.9332951315566382,1.6989203390995922,1.1379551395454255,0.255139215001008,0.9999950287823665
Clec9a,0.2709881817203719,0.010035929001538433,3.8206954392682,0.0026267283433250234,0.9979041764195309,0.9999950287823665
Clgn,67.03168583498022,-0.13099058343976314,0.25903477958965304,-0.5056872426446763,0.6130762254491271,0.9999950287823665
Clic3,1.6388052773743114,0.6051625342517144,1.52981244947012,0.3955795590899552,0.6924152190908499,0.9999950287823665
Clic4,1411.6670790937058,0.20514496827339643,0.13777021971668704,1.4890370988393569,0.13647759981173302,0.9999950287823665
Clic5,43.4125775077934,0.283089507127062,0.30707521879408406,0.9218897840040091,0.35658606845062335,0.9999950287823665
Clic6,8.181245996694583,-0.1765513741234855,0.7147425120910962,-0.2470139541678521,0.8048974247809225,0.9999950287823665
Clk1,1431.5948192662727,-0.024243732928542407,0.15239872107773356,-0.15908094737997494,0.8736050988465356,0.9999950287823665
Clmp,58.353365428108255,0.1239526723675321,0.28663380171946146,0.4324426205980023,0.6654197470911302,0.9999950287823665
Cln3,53.37660173391194,0.24200245516328747,0.29679107152951395,0.8153966826432036,0.4148452826065224,0.9999950287823665
Cln6,55.58009617506565,0.10977104429133193,0.2770085300042595,0.39627315552212056,0.6919035285285817,0.9999950287823665
Cln8,228.96019647981885,0.21054580049783073,0.20067570365825166,1.0491843140930888,0.2940932965989681,0.9999950287823665
Clock,340.0956276440665,0.07984946404417018,0.21604670991040184,0.3695935202035017,0.7116853798969791,0.9999950287823665
Clspn,6.567332473936713,0.6064864025356022,0.7582684048937702,0.7998307705047634,0.42380885251421463,0.9999950287823665
Cltb,231.38938983477874,0.24728356998216391,0.17338809799419644,1.4261853774440785,0.15381483933866597,0.9999950287823665
Cltc,3070.8499142825126,-0.033178420125943575,0.10447970159873689,-0.3175585268549876,0.7508198375863689,0.9999950287823665
Cltrn,3.3757426603522416,-1.1301698362066042,1.1672937012162623,-0.9681966372550654,0.33294617402682347,0.9999950287823665
Cmah,0.49970528641074025,0.8931701739538003,2.8559870036325203,0.3127360778665239,0.7544811832643689,0.9999950287823665
Cmip,1761.0117044127362,0.06505618361582303,0.11984101749311257,0.5428540659675383,0.5872302844177206,0.9999950287823665
Cmklr1,8.497111453633103,0.3174995993127164,0.6591036079415612,0.48171424869649204,0.6300089526413368,0.9999950287823665
Cmtm6,117.06820052314784,-0.03015834041259975,0.2119167910733729,-0.1423121795108623,0.8868334265840517,0.9999950287823665
Cndp1,1.4940136948756766,-0.7163057570175525,1.734005760118673,-0.4130930666392536,0.6795384290024342,0.9999950287823665
Cnga2,0.6121293884459259,-0.787276737900117,2.548021015034891,-0.3089757632510486,0.7573399634967355,0.9999950287823665
Cngb3,0.4880554566275026,-0.2881933680008072,2.7877549360262712,-0.10337830068076376,0.9176627334111398,0.9999950287823665
Cnksr3,131.63057787774574,0.09788884746694591,0.20426118352155193,0.47923372311517776,0.6317723659137956,0.9999950287823665
Cnmd,0.6138348358885256,-0.7909748270003137,2.545890432378898,-0.31068690817979205,0.7560386508227803,0.9999950287823665
Cnn1,0.5476280954357916,-2.4990768030176826,3.1614541550274464,-0.7904833283897443,0.4292455547872909,0.9999950287823665
Cnot11,52.5922298530184,0.27167609334148113,0.292109711870849,0.9300481370561132,0.3523461615535888,0.9999950287823665
Cnot2,154.7576339318423,-0.028465558533193512,0.20381085634498863,-0.13966654693315325,0.888923458962154,0.9999950287823665
Cnot4,120.46781798728881,0.02562120034241226,0.2075366070646831,0.1234538846172178,0.9017476896133011,0.9999950287823665
Cnot8,71.27193788636562,-0.08664372479130293,0.25709669555050463,-0.3370083174572831,0.7361106300843727,0.9999950287823665
Cnot9,144.4050736844294,-0.03799612034838531,0.19049558455903237,-0.19945932309318565,0.841903459473257,0.9999950287823665
Cnp,23312.037575021164,-0.3859413596667789,0.16810321922303711,-2.2958594216730437,0.021683920554057542,0.9773252764007363
Cnppd1,188.24872999004353,0.1531333066887756,0.1991020316948136,0.7691197592774968,0.44182221917333786,0.9999950287823665
Cnpy1,0.9572155439757754,-0.3159640287900093,2.147849962265907,-0.14710712309563664,0.8830474676320225,0.9999950287823665
Cnr2,0.21536182746453092,0.0081920501520074,4.137788937172267,0.001979813440558373,0.9984203384544649,0.9999950287823665
Cntf,14.077615668765901,0.6582334459559301,0.58849284891327,1.118507127438244,0.26335046415511243,0.9999950287823665
Cntn1,991.5396712551814,-0.051463661915334726,0.14565281661763024,-0.353331045086741,0.7238402739389316,0.9999950287823665
Cntn2,1843.2629478913443,-0.5053238957321818,0.19701197197484951,-2.564940042307131,0.01031936352818335,0.7068398965246528
Cntn3,121.59783794480013,-0.19799624929716658,0.23556797176260755,-0.8405058116164295,0.4006248444609475,0.9999950287823665
Cntn4,119.79182474048359,0.14437916452390254,0.21380171846569843,0.6752946868715942,0.499488558868058,0.9999950287823665
Cntn6,94.82461259596772,0.03790205187687923,0.22841977729809554,0.16593156829592637,0.8682108039499338,0.9999950287823665
Cntnap1,333.79481718330777,0.07178697278267132,0.15660517605714866,0.4583946366911568,0.6466689441877927,0.9999950287823665
Cntnap3,28.171627018700562,0.08213631941668226,0.37818149904246917,0.21718756635278574,0.8280621740437113,0.9999950287823665
Cntnap4,95.36830520902446,-0.0499367866184709,0.23345711080864087,-0.2139013305077817,0.8306240026513925,0.9999950287823665
Cntnap5b,36.74837879312329,-0.24486974094247135,0.3512530406195136,-0.6971320177345328,0.48572017854971705,0.9999950287823665
Cntrob,31.46424158205457,-0.16793899912701077,0.38154971420435685,-0.4401497180445093,0.659828674640297,0.9999950287823665
Coa7,37.16454273113573,0.11171461590686949,0.3356875124361289,0.3327934813426382,0.7392901791809263,0.9999950287823665
Col10a1,0.3984730084239947,-0.8283827025891066,3.0627272605991944,-0.2704722399692362,0.7867969706114013,0.9999950287823665
Col12a1,9.085642115461315,-0.15583126001330683,0.6979879066113953,-0.2232578222878378,0.8233348517211061,0.9999950287823665
Col13a1,0.7723989155737119,0.2927293518806169,2.2111893456244913,0.13238547502043221,0.894679402810252,0.9999950287823665
Col14a1,3.203587293375291,0.45723431167241024,1.0876567329201177,0.4203847572798426,0.6742044014681001,0.9999950287823665
Col15a1,10.69527723417562,0.1553148845656482,0.6066750085103512,0.2560100257747773,0.797943095790471,0.9999950287823665
Col18a1,6.271798526690215,0.5645382274253954,0.7758351132889946,0.7276523294133348,0.46682643861923323,0.9999950287823665
Col1a1,12.449434781177624,-1.654738191859807,0.5954304146289461,-2.7790622568230563,0.005451607559453668,0.5862885167192612
Col1a2,33.118259726866036,-1.6523020622032465,0.4630572171290359,-3.5682459987289534,0.00035937901320021073,0.20157169540385153
Col20a1,15.628350104191298,0.5228213044431731,0.5243880938016654,0.997012156879586,0.3187586091115181,0.9999950287823665
Col23a1,17.338343281597847,0.04119295115927227,0.49191798584497726,0.083739469473787,0.9332635752337894,0.9999950287823665
Col24a1,7.173157374505947,-1.224866989426085,0.7428390968632917,-1.6488994650365087,0.09916823276616013,0.9999950287823665
Col26a1,9.809550943300756,-0.9625272098685644,0.638883287274342,-1.5065775377768598,0.13191897857608073,0.9999950287823665
Col4a1,30.81577958886078,0.12807344432307066,0.39559136417641394,0.32375187104932934,0.7461258965609596,0.9999950287823665
Col4a2,35.15327419320713,0.36582613370496786,0.34055927083660986,1.0741922626457592,0.28273651950422574,0.9999950287823665
Col4a3,1.643615761869622,1.4980606674127346,1.6398659230227248,0.9135263111336541,0.36096580210516716,0.9999950287823665
Col4a3bp,164.65282919694184,-0.05881183362372877,0.1897050565853653,-0.3100172166326208,0.7565478639559752,0.9999950287823665
Col4a5,2.316046060933766,0.043341275382510126,1.2413296338775872,0.03491520237628049,0.9721473582612282,0.9999950287823665
Col5a1,12.61104604152424,0.18397110835565583,0.5447638808191748,0.33770797740667746,0.7355832625047782,0.9999950287823665
Col6a1,20.16919574588499,0.2407505808550016,0.45089939852087124,0.5339341361837229,0.5933871035150565,0.9999950287823665
Col6a2,17.027244421248437,-0.8172646615434618,0.49046511958425715,-1.6663053679254833,0.09565260812082993,0.9999950287823665
Col6a3,4.523082921962003,-1.0459027879191802,0.9575280365569815,-1.0922946879758957,0.2747035944526799,0.9999950287823665
Col7a1,9.642622527374177,0.15558296754606082,0.6819039995391267,0.22815963486240515,0.8195221405405637,0.9999950287823665
Col9a2,16.98318837360309,0.3776001539194664,0.47431115927680173,0.7961021926939398,0.42597263980360645,0.9999950287823665
Col9a3,88.04893451315759,0.021335669964636227,0.23728976346303937,0.08991399229895353,0.9283555619448407,0.9999950287823665
Colgalt2,11.640337678628113,0.07053065869998529,0.5860125219560378,0.12035691398634728,0.904200420884824,0.9999950287823665
Colq,4.8899528457458485,0.9223084010000665,0.8808047371360653,1.0471201642249905,0.29504416040514103,0.9999950287823665
Commd1,520.884733764622,0.012051444242419737,0.13213169408060527,0.09120782357537856,0.9273274585531297,0.9999950287823665
Commd10,127.9039860768495,-0.046516454524389704,0.19502565032387129,-0.23851454640526357,0.8114820344668087,0.9999950287823665
Comt,318.4992853342061,-0.054912101252094975,0.15259403518314058,-0.35985745567440086,0.7189537339689386,0.9999950287823665
Cop1,110.95551248354172,-0.08219896075359365,0.20878801305901445,-0.39369578525736487,0.6938056534666874,0.9999950287823665
Copg1,531.3200212373403,0.15790727943609423,0.13477957417720587,1.1715965152737495,0.24135908780508597,0.9999950287823665
Coprs,234.8102620967934,0.11681095147625578,0.16696721068339496,0.6996041378313134,0.48417455773397156,0.9999950287823665
Cops2,723.6925014116019,0.11545118606435548,0.12277247735297876,0.9403669988056517,0.34702934383128303,0.9999950287823665
Cops5,74.76937712950729,0.11224366231517612,0.25364563687265607,0.4425215576309265,0.6581118340478567,0.9999950287823665
Cops8,641.2754870328035,0.1968554475114565,0.12931382681357984,1.5223078023608825,0.1279319739833299,0.9999950287823665
Cops9,166.1097543964579,0.10706792094432135,0.18056908945842506,0.592947116615843,0.5532165443689411,0.9999950287823665
Coq8a,217.08039991072624,-0.1286600654270274,0.17307534173930453,-0.743376058854312,0.45725403482075044,0.9999950287823665
Coro1c,863.7570490413432,0.37666506968146274,0.1731012589012171,2.175981111127635,0.02955667299183269,0.9999950287823665
Coro2b,707.4102241804743,-0.11500571292025283,0.15287456887832473,-0.7522880604934866,0.4518778463459949,0.9999950287823665
Coro6,171.83920748446965,0.04422955083046359,0.2268033265234777,0.19501279592513002,0.845382930240445,0.9999950287823665
Cort,57.83029471378268,-0.2132185065648321,0.2763910624509389,-0.7714377761497974,0.44044749117793736,0.9999950287823665
Cox7a1,0.6571186803085568,1.3280381615599517,2.6407936081628924,0.5028935837525831,0.6150390924538365,0.9999950287823665
Cox8b,0.25155875852204607,-1.4851131659810481,4.354343402773429,-0.34106477799503115,0.7330548162393851,0.9999950287823665
Cpa4,1.7712702404593699,-1.5864751877632812,1.530111837886967,-1.0368360981731573,0.2998122490646805,0.9999950287823665
Cpeb2,872.2584161416844,-0.13065194854027484,0.1196224605519324,-1.0922024838600788,0.2747441109782789,0.9999950287823665
Cpeb4,1150.5211668931738,-0.13971224785323402,0.11666861381172303,-1.1975135667481078,0.23110644283985182,0.9999950287823665
Cplx3,77.18643028265288,0.3611287252235144,0.26185466247701056,1.379118942574565,0.1678580843399714,0.9999950287823665
Cpn1,0.7467011285120648,1.6362262180140463,2.3992330259553305,0.6819788658763278,0.49525231457214114,0.9999950287823665
Cpne4,389.7717652763923,0.257875279010365,0.15662114929091778,1.6464907847877657,0.09966275579080437,0.9999950287823665
Cpox,988.3285082904786,-0.14488352515396913,0.17188011907006687,-0.8429335861403925,0.3992655883756514,0.9999950287823665
Cps1,1.2530353225505235,0.6504262990734491,1.7318744494237701,0.375562038743547,0.7072425167831285,0.9999950287823665
Cpsf6,640.0811481523128,0.15930157039337278,0.14724428122044517,1.0818862985576747,0.27930305375370856,0.9999950287823665
Cpt1a,148.3524286702643,-0.11282233875826672,0.22227751863717043,-0.507574222755427,0.6117519719369977,0.9999950287823665
Cpt1c,329.47076773676406,-0.04015667289815455,0.1598658091068287,-0.2511898768255084,0.8016673108368157,0.9999950287823665
Cpt2,54.50690598652412,0.17891812609474808,0.28532976407195776,0.62705735126051,0.5306216420406162,0.9999950287823665
Cptp,87.202290957922,-0.23839619416872188,0.2272826075035739,-1.0488976555981004,0.29422522465554535,0.9999950287823665
Cr1l,65.54154538598804,0.1112658741651572,0.2718556170611606,0.4092829692760227,0.6823320122646361,0.9999950287823665
Cr2,1.33660030097786,-1.0089573543527315,1.794069354650385,-0.5623848106749193,0.5738538656771321,0.9999950287823665
Crabp1,1.8591510994888523,1.40440009038485,1.568273425795891,0.8955071655774082,0.37051603705963376,0.9999950287823665
Crabp2,9.178912254390033,-0.38204027910820976,0.703844384279378,-0.5427908322368115,0.5872738260878868,0.9999950287823665
Crb1,1.3214829001131057,0.37879399498904204,1.7419208115951643,0.21745764357804606,0.827851712693939,0.9999950287823665
Crb2,14.531025087042217,-0.02500711632009065,0.5467773178837558,-0.04573546762487894,0.9635210942992583,0.9999950287823665
Crbn,301.5754999334624,0.06606736112486848,0.16365577709685178,0.4036970909115521,0.6864354790836099,0.9999950287823665
Creb1,304.895567481863,0.06973082003685438,0.1553509228670849,0.44886003088964366,0.6535326304670624,0.9999950287823665
Crebbp,495.7404201162647,0.0392833329153294,0.1345507198191336,0.29195929214005706,0.7703177487346535,0.9999950287823665
Crebrf,593.0740640665792,0.12358145007471351,0.13426311721894024,0.920442282545784,0.3573416815112307,0.9999950287823665
Creg1,16.731816961240828,0.7604585039506743,0.5575002076221994,1.3640506201676852,0.1725516345214999,0.9999950287823665
Creld1,141.09459082451087,-0.007468025463334724,0.18823570532640438,-0.03967379860470691,0.9683531909098271,0.9999950287823665
Crh,14.449387019470336,-0.00326387667671054,0.5571674765162743,-0.005857981332862678,0.9953260338689804,0.9999950287823665
Crhbp,77.18949976188854,0.3375363421988524,0.28745721665571433,1.1742141878564056,0.2403092445538335,0.9999950287823665
Crhr1,83.67143076867988,-0.2686039411831974,0.23639301863314127,-1.136260041587964,0.2558477487244267,0.9999950287823665
Crhr2,0.3984730084239947,-0.8283827025891066,3.0627272605991944,-0.2704722399692362,0.7867969706114013,0.9999950287823665
Crisp1,0.0895824482035079,0.9694711599089978,4.453824094096601,0.217671632158531,0.8276849679587712,0.9999950287823665
Crk,977.8583792079329,0.13846032509899153,0.1191250188866265,1.162311044254833,0.24510914205874879,0.9999950287823665
Crlf2,73.07604177041596,-0.04116966579171826,0.2453878340182697,-0.16777386685214837,0.8667611822837252,0.9999950287823665
Crmp1,540.4629672892542,0.05975247387237935,0.14753278358267785,0.4050114992841159,0.6854690583071836,0.9999950287823665
Crocc,87.05552602887288,-0.3114544525101317,0.22951980138273156,-1.3569829297245317,0.17478663452062992,0.9999950287823665
Crtc1,1.056208320600825,-0.1199163879785858,1.9030067839775437,-0.06301416736305279,0.9497552228178274,0.9999950287823665
Crtc2,36.759801054319354,0.07057643444943597,0.3475927792223232,0.2030434424079181,0.8391010772212019,0.9999950287823665
Crx,0.7695427823437425,-0.4816127386977212,2.224382477956585,-0.21651525466975977,0.8285861356490114,0.9999950287823665
Crxos,1.6591500059922641,1.1871205829819882,1.6769799958698322,0.7078919163649541,0.4790123800418533,0.9999950287823665
Cry1,99.97847322597057,0.332867660719469,0.23507152112793844,1.4160271696132205,0.15676754978106539,0.9999950287823665
Cry2,578.1645972536184,0.0010364705015481258,0.12777049968796886,0.008111970322408641,0.9935276551065683,0.9999950287823665
Cryaa,0.4757129467916928,2.3316288326806114,3.330110774486326,0.7001655472077406,0.4838239249031523,0.9999950287823665
Cryab,3402.1781289418955,0.24184675993725097,0.1525872992110994,1.5849730691062571,0.11297245322499237,0.9999950287823665
Cryba2,4.548502577435488,-0.24765215878354466,0.9658877278296009,-0.2563984939947749,0.7976431506194341,0.9999950287823665
Cryba4,1.7005870198036657,0.9009162331968934,1.5087461932299704,0.5971290845600639,0.5504212010232461,0.9999950287823665
Crybb3,7.331778285940637,0.5621281015769485,0.7088944667862692,0.7929644367592862,0.4277985430167548,0.9999950287823665
Crygb,0.3984730084239947,-0.8283827025891066,3.0627272605991944,-0.2704722399692362,0.7867969706114013,0.9999950287823665
Crygc,0.6014923260527159,1.3364690297710466,2.703768897588692,0.49429854414071883,0.6210953531603451,0.9999950287823665
Crygd,0.0895824482035079,0.9694711599089978,4.453824094096601,0.217671632158531,0.8276849679587712,0.9999950287823665
Cryge,0.6633870441718782,-1.1523545750109214,2.5688130170864967,-0.4485941823503768,0.6537244312764228,0.9999950287823665
Crygf,0.3411412067255539,-0.6177680891974539,3.456440796226646,-0.17872954452796175,0.8581500695221761,0.9999950287823665
Crygs,0.18311118095946377,-0.8696279726090034,4.441901790678799,-0.19577829803303895,0.8447836970135787,0.9999950287823665
Crym,218.83966178124743,0.08362038589674438,0.18339096396391177,0.4559678628070217,0.6484130881361665,0.9999950287823665
Cs,980.1002733732066,0.07657263082296506,0.12960108945043552,0.5908332341006238,0.554632164723053,0.9999950287823665
Csde1,1716.8487183730124,0.11219593991246463,0.10917314932103156,1.0276880406055187,0.3040965952365555,0.9999950287823665
Cse1l,317.8581198941711,-0.05132946503340069,0.15818508970393078,-0.32448990691519763,0.7455671623577522,0.9999950287823665
Csf1,203.89449274385478,-0.553680835124508,0.2275107762210586,-2.4336466356500384,0.014947579603883189,0.8291800202242016
Csf1r,135.2800868401323,-0.11762998544884856,0.2250507193358494,-0.5226821127076964,0.6011954879525321,0.9999950287823665
Csf2,1.0199301473422848,-0.3097581936482875,2.160917722795381,-0.14334566762106138,0.8860171906665958,0.9999950287823665
Csf2rb,2.635184871062971,1.2593040746456774,1.2254842047858394,1.0275971487251836,0.30413936599555425,0.9999950287823665
Csf2rb2,1.6075318065019149,0.6321494835095692,1.4904273957427396,0.4241397369071735,0.6714639071240108,0.9999950287823665
Csf3,1.1140755119665142,-1.3213581892725126,1.959377199080485,-0.674376628396315,0.5000718976583407,0.9999950287823665
Csf3r,5.569144776818326,-0.5376586880048675,0.8631272424299209,-0.6229193814937676,0.53333750093962,0.9999950287823665
Csk,54.91215511120517,0.02654073670051258,0.2809909562289814,0.09445406021852304,0.9247484738653685,0.9999950287823665
Csnk1a1,606.3653306313139,-0.07504034086778155,0.13002723018727097,-0.577112507585566,0.5638634555985892,0.9999950287823665
Csnk1d,764.5641491823054,0.003972618554079857,0.12599814699804257,0.0315291823628293,0.9748475195491041,0.9999950287823665
Csnk1e,497.8889215047634,0.013062747565577232,0.12925115074623947,0.10106484538171347,0.9194989844404925,0.9999950287823665
Csnk2a1,541.4720000618245,-0.07331104513419334,0.15111012616749933,-0.48514978442232964,0.627570099541769,0.9999950287823665
Csnk2a2,234.3986044867563,0.01124237714978874,0.16261721211603342,0.06913399266596014,0.9448829635130219,0.9999950287823665
Cspg4,15.608382151726149,-0.3654788607477742,0.5507942227909082,-0.6635488275382961,0.5069791184979894,0.9999950287823665
Cspg5,950.9094840973852,-0.1090157471769672,0.13624769744395823,-0.8001290973875567,0.4236360041839816,0.9999950287823665
Cst7,2.7500233203627036,0.37273156347775177,1.1926553596397775,0.3125224403387827,0.7546435115764409,0.9999950287823665
Csta1,0.22871710469036832,1.2368956898123245,4.413469574143697,0.2802547222844076,0.7792820857173672,0.9999950287823665
Ctbp1,842.2663286493088,-0.01886205692330953,0.11980193617357025,-0.1574436734977471,0.8748951961580476,0.9999950287823665
Ctbp2,82.57086148484949,-0.05372282870603275,0.23594345540743092,-0.2276936591153305,0.8198844022657864,0.9999950287823665
Ctcf,469.53403100404716,-0.019655267114512088,0.13182314262081635,-0.1491033116320829,0.8814721127988197,0.9999950287823665
Ctdsp1,508.5897029726716,-0.04425002404104152,0.13990614136123958,-0.31628364280869814,0.7517872255407767,0.9999950287823665
Ctdspl2,208.33400487431456,-0.04667475063222492,0.17033990782539435,-0.2740094862565531,0.7840773315856514,0.9999950287823665
Cth,26.681368954144585,0.14190022459050503,0.4247820353603589,0.33405420375210926,0.7383386569642223,0.9999950287823665
Ctla4,0.7267929918428072,-1.0404960050886218,2.424332021235458,-0.42918873981558725,0.6677858767946661,0.9999950287823665
Ctnna1,570.4566144169211,-0.013019447114241411,0.13939856236927514,-0.09339728396733472,0.9255879481681227,0.9999950287823665
Ctnna3,13.211799645779573,-1.2057965822474264,0.7668311582783759,-1.5724407768648556,0.11584836375783386,0.9999950287823665
Ctnnal1,311.1456138061924,-0.24242320860002262,0.1554390930467625,-1.5596025674641043,0.11885382941462738,0.9999950287823665
Ctnnb1,2364.2549535171042,0.2261531254046281,0.1056611649387553,2.1403618399978264,0.03232553592524459,0.9999950287823665
Ctnnbip1,176.53691813087667,-0.3390489869675808,0.19875702510733895,-1.7058465570435914,0.0880366522547893,0.9999950287823665
Ctnnd1,1005.320326637676,0.13981854310154282,0.12121508441433203,1.153474782260773,0.24871556242603232,0.9999950287823665
Ctps,418.71429136435944,0.16516862136717345,0.13865831246080404,1.191191630965964,0.23357836425293266,0.9999950287823665
Ctr9,402.01387389895694,0.04335522831155537,0.14139749042598027,0.3066195035070389,0.7591330066356767,0.9999950287823665
Ctsk,34.27987462720903,-0.33868306116911057,0.3696842121547112,-0.9161415338650524,0.35959266591103856,0.9999950287823665
Ctsl,193.99776344546777,0.13766284645767193,0.19304506788590908,0.7131124766110657,0.4757761595876764,0.9999950287823665
Ctsq,0.12577937926102303,-0.8696279726090034,4.441901790678799,-0.19577829803303895,0.8447836970135787,0.9999950287823665
Ctss,394.5660372661703,-0.06085155121270181,0.18095999503272023,-0.33627073874365965,0.7366667135239495,0.9999950287823665
Cttn,286.0739224916404,0.030365105148641283,0.15951317721281288,0.19036110796119363,0.8490261717327697,0.9999950287823665
Cttnbp2,1124.9412531838589,-0.14149735883442463,0.12055046295298709,-1.1737603935175804,0.2404910122847861,0.9999950287823665
Cubn,2.0515294964557893,0.3737543952877361,1.4815064990379556,0.25227995660528024,0.8008246795064393,0.9999950287823665
Cul1,768.1536366757247,-0.05518197536318749,0.12302121653974689,-0.4485565735350923,0.6537515666231266,0.9999950287823665
Cul3,1477.8278969141659,0.006766553443043102,0.11316757528673582,0.059792333854449896,0.9523210313521121,0.9999950287823665
Cul4a,334.17451678357753,-0.018999910566323608,0.14663073863484208,-0.1295765863502845,0.896901428434286,0.9999950287823665
Cux1,319.7623723854758,-0.17108809352369855,0.15341920026300543,-1.1151674186177707,0.2647786851907111,0.9999950287823665
Cux2,101.3798555960965,-0.2399048744737286,0.23412589071628606,-1.0246832323403545,0.3055126772996364,0.9999950287823665
Cwc27,84.27548049025846,-0.17937136332390885,0.23408720008894418,-0.7662587414252235,0.44352236251930754,0.9999950287823665
Cx3cl1,368.22997077225085,0.061009520187771026,0.14840468607315394,0.41110238363832574,0.6809974622236642,0.9999950287823665
Cx3cr1,64.60494832366547,0.043922756441425584,0.2941590790557043,0.14931633788909168,0.8813040240191802,0.9999950287823665
Cxadr,92.3816560967138,-0.49125398228431566,0.22844113839100674,-2.150461977839869,0.03151869043986742,0.9999950287823665
Cxcl1,0.0895824482035079,0.9694711599089978,4.453824094096601,0.217671632158531,0.8276849679587712,0.9999950287823665
Cxcl10,0.4885908462947511,-2.3603974562342604,3.2575814112285566,-0.7245858685521125,0.46870613087902324,0.9999950287823665
Cxcl12,83.43424381560011,0.051725637254264406,0.23876795998372924,0.21663558736184382,0.8284923495608661,0.9999950287823665
Cxcl13,0.0895824482035079,0.9694711599089978,4.453824094096601,0.217671632158531,0.8276849679587712,0.9999950287823665
Cxcl14,352.1865049145738,-0.04618678749438508,0.17237640794518297,-0.26794146626534204,0.7887443748045235,0.9999950287823665
Cxcl16,2.809672007355291,-0.8803792986431813,1.2536515953474736,-0.7022519669024688,0.48252204249035935,0.9999950287823665
Cxcl2,0.22871710469036832,1.2368956898123245,4.413469574143697,0.2802547222844076,0.7792820857173672,0.9999950287823665
Cxcl3,0.3984730084239947,-0.8283827025891066,3.0627272605991944,-0.2704722399692362,0.7867969706114013,0.9999950287823665
Cxcl5,2.1924456485695476,-0.48442819677266913,1.4776319634302035,-0.327840902715794,0.7430319590118447,0.9999950287823665
Cxcl9,0.18311118095946377,-0.8696279726090034,4.441901790678799,-0.19577829803303895,0.8447836970135787,0.9999950287823665
Cxcr1,0.5374946892210474,2.7200030555978736,3.3591669729658293,0.8097254698823042,0.41809797611978583,0.9999950287823665
Cxcr2,2.3362064274383254,-1.8417049259445328,1.4187693316082812,-1.2981003218168117,0.19425286375269413,0.9999950287823665
Cxcr3,1.8982003055077623,-1.3120180571310913,1.4841139157397845,-0.8840413415819844,0.37667389622715464,0.9999950287823665
Cxcr4,8.122242349046491,0.6441697983760275,0.7373261620066203,0.8736565058575038,0.382305343918124,0.9999950287823665
Cxcr5,0.18311118095946377,-0.8696279726090034,4.441901790678799,-0.19577829803303895,0.8447836970135787,0.9999950287823665
Cxcr6,3.984875221655076,-1.6524829776493735,1.252102772249548,-1.3197662478460102,0.18691307381396283,0.9999950287823665
Cxxc1,121.15338344393511,0.011596643196189697,0.21312584835970536,0.05441218550186059,0.9566067706115815,0.9999950287823665
Cxxc5,494.1660899077428,-0.06906532385202721,0.14352503120281168,-0.48120751671833956,0.6303690190811508,0.9999950287823665
Cyb561,169.82815729664648,-0.0014687128180645645,0.18661088111639393,-0.007870456477553908,0.9937203491213605,0.9999950287823665
Cyb5a,385.9835971118023,0.09519968588814004,0.14697245403605858,0.6477382888686305,0.5171542351263758,0.9999950287823665
Cyb5r3,222.860800347557,0.1716842224534355,0.1644191954473975,1.0441860026517542,0.29639934170074866,0.9999950287823665
Cybb,2.468537330394616,-0.3991424575392636,1.2489353030562433,-0.31958617597126965,0.7492820551949233,0.9999950287823665
Cybc1,127.1709986381084,0.0794735450909334,0.21363603431761655,0.372004401527032,0.7098895722221774,0.9999950287823665
Cyct,1.0279039586482057,-2.0296998062845604,2.137093295009289,-0.949747870635539,0.34224037945653574,0.9999950287823665
Cyfip1,838.1376636979512,-0.07026014587383081,0.12156771955320377,-0.5779506774664935,0.563297419384033,0.9999950287823665
Cyfip2,4929.378048587103,0.015180155146866962,0.1189935823278696,0.12757120888284748,0.8984883169094674,0.9999950287823665
Cygb,52.11335293896258,-0.407087273624068,0.30314032913508704,-1.342900414423775,0.17930422224339282,0.9999950287823665
Cyld,1028.9010077309747,-0.08846532816523409,0.12062793026470774,-0.7333735062112435,0.4633306535812244,0.9999950287823665
Cyp11a1,7.646264278662681,0.23382778192285283,0.707937606022565,0.33029433658225493,0.7411775718027764,0.9999950287823665
Cyp11b2,0.18140573351686404,-0.8696279726090038,4.441901790678799,-0.19577829803303906,0.8447836970135786,0.9999950287823665
Cyp17a1,0.0,,,,,
Cyp19a1,0.8425519405788938,-0.07071284286519089,2.0975554489824915,-0.033712025538820994,0.9731067894309303,0.9999950287823665
Cyp1a1,0.5459226479931919,-2.4954809619134455,3.1639846788888897,-0.7887146162761428,0.43027882319750954,0.9999950287823665
Cyp1a2,0.7467011285120648,1.6362262180140463,2.3992330259553305,0.6819788658763278,0.49525231457214114,0.9999950287823665
Cyp1b1,2.3811574560472946,-0.058441058417977476,1.348264947216525,-0.04334538143903264,0.9654262160380497,0.9999950287823665
Cyp21a1,0.5179840238216964,0.8926555639927439,2.828096277901696,0.31563832213486354,0.7522770466898078,0.9999950287823665
Cyp24a1,0.5179840238216964,0.8926555639927439,2.828096277901696,0.31563832213486354,0.7522770466898078,0.9999950287823665
Cyp26a1,1.4100881726839427,0.23657015200629314,1.6049767191448359,0.14739787137369972,0.8828179855703215,0.9999950287823665
Cyp26b1,19.833629593272,0.7306921690176813,0.5150779978326671,1.418604894971772,0.15601423799244066,0.9999950287823665
Cyp27a1,156.5522670145738,-0.33462770679403836,0.24397280106431496,-1.3715779190723205,0.17019487160573377,0.9999950287823665
Cyp27b1,0.7706934681311122,0.2839530823946343,2.328508464569606,0.12194633891834242,0.9029415163095031,0.9999950287823665
Cyp2a5,1.086193563991336,-1.776196698633715,2.291776848720878,-0.7750303872844659,0.43832170386869773,0.9999950287823665
Cyp2c29,0.0,,,,,
Cyp2e1,0.6799603341402346,-1.1503592058829042,2.554395748554094,-0.45034494225652416,0.6524617379156458,0.9999950287823665
Cyp2g1,1.2698401346180483,-3.7228996573540054,2.7328627568400865,-1.362270991485377,0.17311237886469066,0.9999950287823665
Cyp2r1,6.656016466188152,-0.3145665329872141,0.7444087192626453,-0.4225723380816923,0.6726073123408343,0.9999950287823665
Cyp3a13,58.20616295524935,-0.7741420822648112,0.3317488919702062,-2.3335182151394664,0.019620963447974964,0.9523713796670925
Cyp7a1,0.5519401177693632,1.319943910188987,2.7215154239684836,0.48500328110000546,0.6276740180618727,0.9999950287823665
Cyp7b1,70.45125258386958,0.03581594972593548,0.2544374848717604,0.14076522468372596,0.8880554161453585,0.9999950287823665
Cyp8b1,0.8103012940738269,-0.6088171923403901,2.1928982612648906,-0.27763129876769427,0.7812954033641466,0.9999950287823665
Cyren,3.724485462371426,-0.5555648441503397,1.0399138361176068,-0.5342412273544451,0.5931746488775169,0.9999950287823665
Cysltr1,0.8780192640783278,2.093264666987847,2.356064998759018,0.8884579449592466,0.3742944680625232,0.9999950287823665
D1Ertd622e,301.2152248614714,0.0951436384169959,0.22737089360567947,0.41845126659879267,0.6756172102925833,0.9999950287823665
D1Pas1,0.21536182746453092,0.0081920501520074,4.137788937172267,0.001979813440558373,0.9984203384544649,0.9999950287823665
Daam2,458.0651236606756,-0.2426643614457781,0.1901799262311195,-1.2759725290400836,0.201965230176113,0.9999950287823665
Dab2,9.446606751886412,-0.4165175078057777,0.6492016265033403,-0.6415842025060523,0.5211431928501211,0.9999950287823665
Dach1,7.765333508094961,0.15963714781802169,0.7103861306961198,0.22471884081068766,0.8221980066010405,0.9999950287823665
Dact2,245.3784504240248,-0.1619745183699429,0.1673114214036442,-0.968101980194013,0.3329934410364819,0.9999950287823665
Dag1,109.08987996256673,0.01853040180987351,0.20805349365303674,0.08906556426673609,0.9290298043317877,0.9999950287823665
Dagla,194.55894957570717,-0.02312188087514248,0.17514603519012786,-0.13201486890663996,0.8949725309966918,0.9999950287823665
Daglb,81.24288016335959,0.11715167144099349,0.23862797938902244,0.4909385384771137,0.6234699185740915,0.9999950287823665
Dao,0.6633870441718782,-1.1523545750109214,2.5688130170864967,-0.4485941823503768,0.6537244312764228,0.9999950287823665
Dapk1,152.57152125520042,0.01922365716152856,0.19588200443582812,0.09813896491868053,0.9218219473170263,0.9999950287823665
Daxx,53.4514887169051,0.34450582279940056,0.28864161711824915,1.1935417568640674,0.23265726872080894,0.9999950287823665
Dazl,20.410716895067395,0.1606821320108193,0.44270063793740394,0.3629588896900101,0.7166355943966338,0.9999950287823665
Dbh,0.45743420938073664,2.30232504177356,3.576143990846203,0.6438009900235515,0.5197044917046956,0.9999950287823665
Dbn1,745.8283155672665,0.060222325509389475,0.1506125301636491,0.3998493713899799,0.6892674641599601,0.9999950287823665
Dbnl,322.84913918438264,-0.05149007681551579,0.15620651097755883,-0.32962823696198573,0.7416808839984131,0.9999950287823665
Dbp,931.6223404330732,0.009122031496204058,0.11851285005486308,0.07697082208369135,0.9386467566909436,0.9999950287823665
Dbx1,0.18140573351686404,-0.8696279726090038,4.441901790678799,-0.19577829803303906,0.8447836970135786,0.9999950287823665
Dbx2,199.5098653762091,0.013664657447152983,0.20518750862036336,0.06659595186388878,0.9469033685377155,0.9999950287823665
Dcaf1,177.1248614212142,0.31894965576609574,0.1930636935811886,1.6520436849094498,0.09852564575541832,0.9999950287823665
Dcaf11,59.05801352528898,0.21933598684051575,0.28261046967536974,0.7761070815687174,0.4376857627518864,0.9999950287823665
Dcaf7,1272.0355949461882,0.04732381729780017,0.11266480840451051,0.4200408092639651,0.6744556417503474,0.9999950287823665
Dcc,92.6061831260994,0.016315045886367164,0.2313875030787503,0.07050962419873863,0.9437880406142979,0.9999950287823665
Dct,5.543067074004299,-0.6482513475352492,0.8510945445444317,-0.7616678448834858,0.44625827128975215,0.9999950287823665
Dctn1,1263.1606082943365,-0.08019673017840698,0.1142145679130639,-0.7021585043288864,0.4825803204297898,0.9999950287823665
Dctn2,1004.0560953720965,-0.001032686810971913,0.11705164853892543,-0.00882248839603907,0.9929607640390719,0.9999950287823665
Dctn3,127.42899230367398,0.09252710300252363,0.20401945913956196,0.45352096997389524,0.6501736468252347,0.9999950287823665
Dctn4,241.1578117901511,0.08486831986042848,0.1607102376226026,0.5280828472155308,0.5974418354874371,0.9999950287823665
Dcx,40.133136062944864,-0.14342460098276097,0.3347704500942862,-0.4284267053509838,0.6683404852505812,0.9999950287823665
Ddah1,431.56520388732724,0.1304203602925736,0.17550225205226697,0.7431264201312506,0.45740514544939903,0.9999950287823665
Ddb1,382.87387300662886,0.03280212900592472,0.15902283357004732,0.20627307581886248,0.8365776086679209,0.9999950287823665
Ddc,21.66204622112225,-0.5540367820616036,0.4883839355533078,-1.1344287592791422,0.2566147411681535,0.9999950287823665
Ddit3,298.20303657767766,0.9333032038196366,0.24870172444231445,3.752700975083561,0.00017493948195769143,0.14718241748707106
Ddit4,2070.066634050386,-0.22896798966866652,0.1957444473411418,-1.1697291687136495,0.24210997595569606,0.9999950287823665
Ddr1,697.5900708595594,-0.3441907877906445,0.12452436525885484,-2.764043704018554,0.005708989221029537,0.5881423997501449
Ddx19b,82.97730225313755,-0.11694391954264001,0.23316351061115975,-0.5015532629274231,0.6159818024423184,0.9999950287823665
Ddx21,280.8014593199511,0.5244748764365725,0.21082355828288687,2.4877432138434106,0.012855651802306854,0.7914064670493293
Ddx4,1.280362508870472,1.6200647275853206,1.7821118079720124,0.9090701943268664,0.3633130744977303,0.9999950287823665
Ddx41,113.57238628072241,0.06894748623011752,0.20494445827664348,0.33642034924920505,0.7365539063685602,0.9999950287823665
Ddx42,449.68695777059935,-0.044546770528653634,0.13629870309272674,-0.3268319471708221,0.7437949948519664,0.9999950287823665
Ddx56,294.5870030617096,0.20468247437778644,0.15999328755989878,1.2793191358178497,0.2007846966981931,0.9999950287823665
Ddx58,34.24697681891623,0.13034509351779314,0.3894033996069008,0.33473024028391973,0.7378285876294094,0.9999950287823665
Ddx6,826.804069183414,-0.03277077904573322,0.1256615132871143,-0.260786124474387,0.7942574453537039,0.9999950287823665
Decr1,143.8090388673508,-0.1078445189963854,0.19211147903255274,-0.5613642638090952,0.5745492405081791,0.9999950287823665
Def6,10.54449007640922,0.44562499838788827,0.6071183681646124,0.734000191321938,0.46294862147894533,0.9999950287823665
Defa5,0.3727752213623475,0.2497755297606688,3.4220104789280974,0.07299087226609192,0.9418133810131621,0.9999950287823665
Dek,603.5106933549741,-0.06976837813055509,0.12510029321317032,-0.5576995571998388,0.5770495601079588,0.9999950287823665
Dennd1a,120.46843438869935,-0.07124492516569454,0.2014247637657876,-0.35370489622883017,0.7235600528578663,0.9999950287823665
Derl2,61.23781148772332,-0.06596616942187478,0.2622618654342083,-0.25152787391586373,0.8014060144648665,0.9999950287823665
Des,6.565903822334122,0.20990427296076575,0.7966088340972427,0.2634972950038143,0.7921673081835924,0.9999950287823665
Dffb,39.35051174224012,-0.15731169106879084,0.34247143261150415,-0.4593425205402271,0.6459882178279933,0.9999950287823665
Dgat1,86.66728676212756,0.240950109577306,0.244720727052275,0.9845921613572047,0.3248244415533511,0.9999950287823665
Dgcr2,706.9686587046585,0.06395364955177604,0.12281706325050684,0.5207228365437415,0.6025598635631328,0.9999950287823665
Dgcr8,123.65677989284133,-0.15045317847254913,0.2066597565028353,-0.7280235930718566,0.4665991439959615,0.9999950287823665
Dgka,15.565803023690378,-0.1274289123370164,0.5159233742126048,-0.24699193466761737,0.8049144659453689,0.9999950287823665
Dgkg,142.314702144604,-0.08068062607107776,0.20412461823411254,-0.395251816116292,0.6926570555102955,0.9999950287823665
Dgkq,98.80168524330054,-0.06257406654766848,0.2413418556570217,-0.2592756502071253,0.7954225655020477,0.9999950287823665
Dglucy,53.25911442546154,0.7871365350314914,0.3388659443040595,2.322855241910073,0.02018693026018737,0.9613549429568475
Dhfr,49.737186179680414,0.002994646184029036,0.2904947303723245,0.010308779715868943,0.9917749295052429,0.9999950287823665
Dhh,1.045571258207615,1.4129053433974785,2.0262132708692353,0.6973132412617894,0.4856067832234734,0.9999950287823665
Dhodh,39.195978908519685,0.19283234662193685,0.3410641835498872,0.5653843350388956,0.5718123771403261,0.9999950287823665
Dhx33,142.26479592285318,0.09499460132137084,0.19327214574425558,0.49150694196292,0.6230679434220947,0.9999950287823665
Dhx58,14.364476555022295,-0.06612076485032001,0.5800554457611814,-0.11399042166314398,0.909245386356453,0.9999950287823665
Diablo,146.73860330517854,-0.017688925315118908,0.20038448295425687,-0.08827492555477402,0.9296581676493327,0.9999950287823665
Diaph1,231.62746026424125,0.04689505531821992,0.16018846135752665,0.29274927120720795,0.769713805894227,0.9999950287823665
Diaph3,10.939605007875755,-0.28119226275084874,0.5887922643639588,-0.47757465539158517,0.6329529733790549,0.9999950287823665
Dicer1,249.8729279511313,-0.048418394551563854,0.17115000978326236,-0.2829003317784147,0.7772532402453657,0.9999950287823665
Dio1,0.30718511277788707,-1.7052535059724676,3.7751247964007675,-0.45170785018769954,0.6514794621774371,0.9999950287823665
Dio2,440.6733426018804,0.14062467789005284,0.13789397296928707,1.0198029316435313,0.30782193254702184,0.9999950287823665
Dio3,0.0,,,,,
Dip2a,1506.6156003011572,-0.06563972548437667,0.1162776413700839,-0.5645085737116143,0.5724080668879286,0.9999950287823665
Diras1,119.41893107400055,0.17875279748157974,0.20843203761052356,0.8576071103598647,0.39110944749555976,0.9999950287823665
Disc1,1.44233881918901,0.5325572198979022,1.6238694672625784,0.3279556827899814,0.74294517105199,0.9999950287823665
Disp2,562.890583947097,-0.0581602819781215,0.1505831525442791,-0.38623365891492695,0.6993236279080126,0.9999950287823665
Dixdc1,382.7070616035814,-0.18002247339319727,0.15631759472804893,-1.1516456206122447,0.24946672658081426,0.9999950287823665
Dkk1,0.6828164673702041,-0.12367497848624803,2.3546543850271413,-0.052523622690734066,0.9581114731250588,0.9999950287823665
Dkk2,1.2498186455561566,-0.4452501856596865,1.759935668848124,-0.252992307355815,0.8002741577166268,0.9999950287823665
Dkk3,799.1425821100142,0.05745792064548162,0.12708941558461354,0.45210626220267186,0.6511924325816387,0.9999950287823665
Dkk4,0.3182995528938762,1.8629739584626925,3.7382122267057616,0.4983596022595025,0.618230605083357,0.9999950287823665
Dlg1,1977.1876090817102,0.006159107132939412,0.11258223289033245,0.05470762992362271,0.9563713906681555,0.9999950287823665
Dlg3,463.8134130164199,-0.011471155419882343,0.14082445491762463,-0.08145712636766393,0.9350784197277214,0.9999950287823665
Dlg4,2467.613754180574,0.04942479554440966,0.1296658839816619,0.38117038982589746,0.7030768190690702,0.9999950287823665
Dlg5,120.27389944502272,-0.09811837237635589,0.20799690815376046,-0.47172995621561103,0.6371195521717875,0.9999950287823665
Dlgap4,966.878512622895,0.08277194564274425,0.11754306872283181,0.7041839773463942,0.48131820790230306,0.9999950287823665
Dlk1,0.48635000918490284,-0.283134924303387,2.790909847126822,-0.10144896819037989,0.9191940659561675,0.9999950287823665
Dll1,188.82662214956875,0.5208332748885698,0.20979742969375448,2.4825531735486015,0.013044459764291833,0.7923095143047726
Dll3,8.4695616419461,-0.08321252798589239,0.6680233749257007,-0.1245652938344373,0.900867705845412,0.9999950287823665
Dll4,5.098761813766959,0.6069015624479978,0.8472148865052282,0.7163490303522335,0.4737758589012988,0.9999950287823665
Dlx1,31.012260275103827,-0.17458109672009225,0.3656427083433005,-0.4774636352276954,0.6330320097565711,0.9999950287823665
Dlx2,23.142309706819663,-0.11720020715136956,0.4167195637182219,-0.2812447923146181,0.7785226512192933,0.9999950287823665
Dlx3,0.522546940242418,-1.3343323679918335,2.7783935047935273,-0.48025319872427236,0.6310473632092775,0.9999950287823665
Dlx4,1.0222522266531582,-0.5339469740934815,1.941114214839447,-0.27507241460165455,0.783260604328145,0.9999950287823665
Dlx5,35.633114593132106,-0.29147023384468695,0.3423199034236325,-0.8514557024865208,0.3945162604535447,0.9999950287823665
Dlx6,14.180816713935942,-0.2985191591912617,0.5263905872181825,-0.5671058078162958,0.5706422972680529,0.9999950287823665
Dmap1,142.18618692894253,-0.032032585727447,0.19458616977558837,-0.1646190259276362,0.8692438550031333,0.9999950287823665
Dmbx1,0.6816657815828343,-1.1541881651268862,2.552666162263922,-0.4521500626244262,0.6511608804182722,0.9999950287823665
Dmc1,3.1717023846513475,1.5648929846873607,1.1281651734636615,1.387113360256344,0.16540719870519338,0.9999950287823665
Dmd,194.59933223840235,-0.22968154172216768,0.18543625605578087,-1.2386010514204806,0.2154932785295095,0.9999950287823665
Dmp1,40.62365119595446,-0.3901617628757069,0.32715155339357815,-1.1926025073960893,0.2330250834009333,0.9999950287823665
Dmrt1,0.3088905602204868,-1.7114059541876046,3.7685775910769013,-0.4541251739754034,0.6497387352058142,0.9999950287823665
Dmrt2,2.9486988821690705,1.0620785266217263,1.1445280594591438,0.9279619820973373,0.35342729076508084,0.9999950287823665
Dmrta1,1.3005215396268792,0.024369091007523037,1.9161602527390573,0.0127176685627878,0.9898530421317091,0.9999950287823665
Dmrta2,28.307434111657056,-0.14215233960773077,0.3918556288516168,-0.3627671242705545,0.716778852327302,0.9999950287823665
Dnah11,0.36622236191892754,-1.9219707158045265,3.830057158379299,-0.5018125412566465,0.6157993904371948,0.9999950287823665
Dnah12,1.1891506614086627,-0.2677102452832256,1.7507851511395545,-0.15290867934822147,0.8784702912741551,0.9999950287823665
Dnah5,6.789110954898301,0.28418182932162633,0.788598601560523,0.36036309062591726,0.7185756244437209,0.9999950287823665
Dnajb1,1095.7129035934113,-0.057349434898343585,0.14172274423976478,-0.4046593594131971,0.6857279193071176,0.9999950287823665
Dnajb6,698.7088596730872,0.004488290169934366,0.12295387012901471,0.03650385437420418,0.9708806054131319,0.9999950287823665
Dnajc5,502.99847139651865,0.08553149011391906,0.13062403567781145,0.6547913611005355,0.5126020934646633,0.9999950287823665
Dnajc7,619.8688730067571,0.14127277308160016,0.13770707087719267,1.0258933850069862,0.30494184104793154,0.9999950287823665
Dner,850.3297116377906,-0.037691522340924724,0.12950530523239057,-0.29104230342756415,0.7710189657513765,0.9999950287823665
Dnm1,4117.525906666929,-0.023013351085496615,0.10837985842225671,-0.21233974117067705,0.8318419932827491,0.9999950287823665
Dnm1l,932.1860269702346,0.005051570931118251,0.11795276317826879,0.042827067336129475,0.9658393871656008,0.9999950287823665
Dnm2,1258.8969213733974,0.1515665577390855,0.13328130906563238,1.1371928952502173,0.2554576563892238,0.9999950287823665
Dnmt1,155.190770076255,0.026487432733968537,0.18702580808906968,0.14162447955500393,0.8873766299413889,0.9999950287823665
Dnmt3a,261.26127089104375,-0.2165775316795471,0.16087659176053096,-1.3462339629989704,0.1782270751845565,0.9999950287823665
Dnmt3b,3.7552532868009485,0.22155858747271814,1.0798154476990003,0.20518190209710527,0.8374300086718377,0.9999950287823665
Dnmt3l,1.016538624445067,0.278392614447224,1.987620182732573,0.14006328616792918,0.8886099879881107,0.9999950287823665
Dnttip1,173.1571127985652,0.1526171863481991,0.17802059854079344,0.8573007146317781,0.39127871368069445,0.9999950287823665
Dnttip2,125.38111544117288,0.17839124820763458,0.2119748179160989,0.8415681162572956,0.40002974231616617,0.9999950287823665
Doc2a,258.8916442023864,-0.026993232663486806,0.17713176882112985,-0.15239069108345524,0.8788787987685849,0.9999950287823665
Dock2,17.016332126490312,-0.22643351752064086,0.5065734193792562,-0.4469905227125961,0.6548819027446839,0.9999950287823665
Dock3,275.3598025039291,-0.06982637107191404,0.1589678197806358,-0.43924846656555666,0.660481510218943,0.9999950287823665
Dock5,252.84201142599895,-0.3871225762280322,0.1799680719161569,-2.151062530738141,0.03147126445451732,0.9999950287823665
Dock7,74.9850541730624,-0.08856473390138243,0.24868961131602033,-0.3561255873645623,0.7217465158032288,0.9999950287823665
Dock8,9.000029558769636,-0.033988574286138794,0.6478120701516832,-0.05246671967408768,0.958156812648402,0.9999950287823665
Dot1l,97.25693739281161,-0.033500080188611836,0.263674756687426,-0.12705076742831548,0.8989002174834098,0.9999950287823665
Dpf2,545.5520110604829,0.19147107435954713,0.14139574600774243,1.3541501761238468,0.17568847090273332,0.9999950287823665
Dpf3,30.523360986702695,0.10384983770112995,0.41555850175260073,0.2499042547875872,0.8026613927621603,0.9999950287823665
Dpm1,307.5290333701419,0.30669452545802306,0.18095329515895497,1.6948822357095685,0.09009776306636222,0.9999950287823665
Dpp10,397.9661433008736,-0.018287175439726664,0.16510474438645914,-0.11076105358257933,0.9118058300019724,0.9999950287823665
Dpp4,12.277698125462729,-0.23973250433806756,0.5670695395269225,-0.42275680075862354,0.6724727088802481,0.9999950287823665
Dpp9,168.06854964063598,-0.22496707593446266,0.17977949909731614,-1.2513499985484224,0.2108068113456213,0.9999950287823665
Dppa3,0.7629899229003225,-1.9139022900692801,2.3574520523992724,-0.8118520536277403,0.4168765291564833,0.9999950287823665
Dpy30,416.6197562478821,0.001039584926246821,0.13532977193201487,0.007681864170798083,0.9938708194615449,0.9999950287823665
Dpyd,166.6587747848436,-0.3983567081487977,0.19565471812999866,-2.036018921271901,0.04174845531914385,0.9999950287823665
Dpysl2,4257.76631004596,-0.05880183822556976,0.12051766788169613,-0.487910521827318,0.6256132213781374,0.9999950287823665
Dpysl3,107.83763742871743,-0.0683853244447236,0.21304641074759448,-0.3209879209171128,0.7482195446699835,0.9999950287823665
Dpysl4,133.12117032036554,-0.11437342379744606,0.20037255164089632,-0.5708038494335482,0.5681326132640987,0.9999950287823665
Dpysl5,94.57589807310008,0.07684006474368073,0.2374870953155233,0.3235546952207726,0.7462751922431067,0.9999950287823665
Drc7,2.308743845241457,1.8337385544667224,1.4435039831071497,1.2703384098183026,0.20396411187635488,0.9999950287823665
Drd1,36.121517958387805,0.34493652630465615,0.34637871174906315,0.9958363912229924,0.31932964543245634,0.9999950287823665
Drd2,2.5419070323941653,0.03941106866730601,1.1794497519717837,0.03341479244997022,0.9733438135808672,0.9999950287823665
Drd3,0.3365782903048324,1.8623689430816042,3.676600551404302,0.5065464461104593,0.6124730927412735,0.9999950287823665
Drd4,0.6845219148128038,-0.132210942532507,2.477174594707618,-0.05337166900345671,0.9574357778896222,0.9999950287823665
Drd5,5.855596348493768,0.12399182462031806,0.7979465641691573,0.15538863150494492,0.8765149460530186,0.9999950287823665
Drosha,785.8145423206685,0.04765727597850179,0.1252155294852736,0.38060196027128324,0.7034986265011061,0.9999950287823665
Dsc1,0.3088905602204868,-1.7114059541876046,3.7685775910769013,-0.4541251739754034,0.6497387352058142,0.9999950287823665
Dsc3,0.43466993948150984,-2.2202779259802816,3.3643472165289423,-0.6599431577906464,0.5092903072419142,0.9999950287823665
Dscam,311.15132104867183,0.05821296972384377,0.1629340611838467,0.35727931471713054,0.7208827139241605,0.9999950287823665
Dscaml1,130.38195764556232,-0.3849113399745937,0.25430231930525415,-1.5135974419193627,0.13012797033251344,0.9999950287823665
Dsg1a,1.2387028696920153,-0.33329082681518346,1.705750393364794,-0.195392495942931,0.8450856907677728,0.9999950287823665
Dsg1b,0.3411412067255539,-0.6177680891974539,3.456440796226646,-0.17872954452796175,0.8581500695221761,0.9999950287823665
Dsg2,5.21888560276436,-0.16598047266796234,0.8702753903178458,-0.19072178130573383,0.8487435729093024,0.9999950287823665
Dsp,0.5909931820568479,1.2850624847971044,2.669583882208548,0.48137183227746033,0.6302522524320479,0.9999950287823665
Dspp,0.9526539633032062,-0.9663990296152432,1.9759253438962552,-0.4890868132242467,0.6247802368955542,0.9999950287823665
Dst,3616.1808398419885,-0.2109695021086717,0.1250312682656554,-1.6873339368230862,0.09153915895012453,0.9999950287823665
Dtl,4.98992864653655,1.0283866165931428,0.9399153206737939,1.0941268792766636,0.2738993351543645,0.9999950287823665
Dtnbp1,381.58646115109735,0.11795471544188194,0.1527144398797343,0.7723874411272023,0.43988498992500313,0.9999950287823665
Dusp1,147.08309689861255,0.1601716348054277,0.20985596236995321,0.7632455756632854,0.44531695296602314,0.9999950287823665
Dusp11,100.48109858190493,-0.23508796180417926,0.23210125546231075,-1.0128681179941033,0.31112315865133855,0.9999950287823665
Dusp15,139.6344771179175,-0.15129980521254405,0.2391111572770944,-0.6327592862478183,0.5268908476890428,0.9999950287823665
Dusp3,783.9777402322978,-0.1402475952211205,0.12569946993773584,-1.115737363813793,0.26453457204225117,0.9999950287823665
Dusp4,34.584984814915394,0.7209613094662857,0.3553881899754579,2.0286586043167985,0.04249307497981123,0.9999950287823665
Dusp5,65.51327324462328,0.07478061434647446,0.29554390449164875,0.25302709076372626,0.800247278800765,0.9999950287823665
Dusp6,646.9395616530672,0.22887988507367296,0.1445581276084236,1.583306928916917,0.1133515244135958,0.9999950287823665
Dusp7,806.9296679447815,0.2139036066011889,0.13499209059568143,1.5845639967296865,0.11306543049982437,0.9999950287823665
Dut,49.90022334940326,0.19084703649986123,0.3014113185836243,0.6331780684172024,0.52661736594443,0.9999950287823665
Duxbl1,17.53267320278064,-0.5827874173028096,0.5058022026957281,-1.1522041900900795,0.2492371762827028,0.9999950287823665
Dvl1,441.41452732354065,-0.0009915682270686178,0.13344747701422083,-0.007430400703364,0.9940714525516192,0.9999950287823665
Dvl2,115.91383543569528,-0.024820077117395433,0.2105660300171037,-0.11787313041604748,0.9061681836209737,0.9999950287823665
Dvl3,196.0836830737585,0.13072583161015114,0.17219573254348675,0.7591699845240781,0.44775087878002195,0.9999950287823665
Dxo,68.20056313230779,0.32948790552360174,0.2825134561573387,1.1662733166950525,0.24350395796779845,0.9999950287823665
Dydc2,4.55617053090892,-0.21915061239077793,0.9997740859822007,-0.21920013277347494,0.8264941520593571,0.9999950287823665
Dync1h1,1707.5068837493602,0.01918768766179182,0.10834215925005079,0.17710268832197773,0.8594277303308535,0.9999950287823665
Dync1i1,179.17122058063111,-0.06194625966216862,0.1752400895513324,-0.35349365445298375,0.7237183851210562,0.9999950287823665
Dync1i2,884.1345731048224,-0.04949383720344975,0.11833892239468198,-0.41823802517297504,0.675773096687275,0.9999950287823665
Dync1li1,601.1240607311073,0.29283894398734966,0.15336412772594335,1.9094357222221041,0.05620590625255162,0.9999950287823665
Dync2h1,140.47613963031273,-0.32045772049241744,0.20121653946904405,-1.5926012908184315,0.11124966378561343,0.9999950287823665
Dyrk1a,532.0416037776912,0.15363812481193487,0.13877335533865742,1.1071154432852186,0.26824401941655696,0.9999950287823665
Dysf,4.738803957442779,-0.4201991221632536,0.9023541128449525,-0.46566986971272833,0.6414518224725521,0.9999950287823665
E2f1,77.2685872309434,0.1239538919126668,0.2571579625493182,0.48201459789095463,0.6297955762370189,0.9999950287823665
E2f2,9.812598622925254,-0.6337524903046343,0.6636679628144485,-0.9549240370396211,0.3396161131234201,0.9999950287823665
E2f3,122.03202616122509,0.19656609317940632,0.21082138571689604,0.9323821324434676,0.3511390753476886,0.9999950287823665
E2f4,220.44365168626163,0.06912080265254572,0.17707826745504135,0.3903404050985246,0.6962848492632294,0.9999950287823665
E2f5,291.4919650659964,0.041260987320381984,0.16260506889066093,0.2537496992060361,0.7996889359009032,0.9999950287823665
Ebf2,0.9064366017207547,1.1962071210220064,2.095335389978611,0.5708905250887865,0.5680738540225976,0.9999950287823665
Ebf3,2.07372278493041,1.2722539468900609,1.4182029691680567,0.8970887627152465,0.3696715545131256,0.9999950287823665
Ebi3,4.2571890390851435,-0.2693967579127587,0.9679464538484385,-0.2783178313652265,0.7807683892092524,0.9999950287823665
Ece1,402.84793947733584,0.5809124243824078,0.19957966890531315,2.910679367135391,0.003606438987012743,0.5057028890677868
Ecel1,10.56024322638647,1.2898433366766433,0.7823082191922837,1.6487661832421738,0.09919554540206794,0.9999950287823665
Echdc1,290.4213109728715,-0.1410255886229793,0.16054234588057434,-0.8784323403862969,0.3797091402774063,0.9999950287823665
Echs1,845.9062862182797,-0.056749015878610996,0.12475597583208696,-0.4548801410121733,0.6491954706655716,0.9999950287823665
Eci3,0.18311118095946377,-0.8696279726090034,4.441901790678799,-0.19577829803303895,0.8447836970135787,0.9999950287823665
Ecpas,440.5184506352282,-0.0931028830944468,0.15187521252059527,-0.6130222407545368,0.5398616338958286,0.9999950287823665
Ecscr,1.2398548912275373,-1.5473858035701105,1.8888190517103634,-0.8192345381993695,0.4126526129958017,0.9999950287823665
Ect2,4.482604898567559,0.9670556817308706,0.9351392102623258,1.034130182028825,0.3010753080478832,0.9999950287823665
Eda,8.518322372458329,0.1649952721753874,0.662891021037627,0.24890256005748781,0.8034361549694575,0.9999950287823665
Edar,1.4100881726839427,0.23657015200629314,1.6049767191448359,0.14739787137369972,0.8828179855703215,0.9999950287823665
Edc4,466.6492683292335,-0.016595331725530033,0.13639540538204117,-0.1216707533442699,0.9031597765637005,0.9999950287823665
Edil3,2870.7022176500523,0.14214025854406473,0.1338734910601317,1.0617505931791968,0.2883489246270493,0.9999950287823665
Edn1,5.309982606532196,-1.2121303779076957,0.8608430243667268,-1.4080736482698353,0.15910926311439233,0.9999950287823665
Edn3,5.18070258695272,0.35136973934056925,0.8517273208794572,0.41253782839531306,0.6799452599064422,0.9999950287823665
Ednra,17.72851366844031,-0.12158860124654604,0.4673230356376308,-0.26018105673016223,0.7947241157450394,0.9999950287823665
Ednrb,105.35401591597555,-0.0005908601590127985,0.23676078628296796,-0.0024955997498108647,0.9980088015565526,0.9999950287823665
Eea1,222.81499179869797,0.056420369232403324,0.1696908758462948,0.3324891155816099,0.7395199571904061,0.9999950287823665
Eed,323.6804573478308,0.0898243296935555,0.16152290635944996,0.5561089242268967,0.5781363947150475,0.9999950287823665
Eepd1,138.6728438463835,-0.16240849890580653,0.20431690389733492,-0.7948852777615184,0.4266802388923291,0.9999950287823665
Efcab14,813.4716947739597,-0.19107170741965376,0.12652590236584815,-1.510139061226943,0.13100794421987486,0.9999950287823665
Efcab3,1.613245408710006,0.09902822554396433,1.510991930243988,0.06553855355665182,0.947745211004753,0.9999950287823665
Efemp1,76.41652121293936,-0.7486712599642225,0.26023280051991543,-2.8769288824024595,0.00401566086414736,0.5096420870868265
Efna1,92.35948431727222,-0.0045473031197649175,0.22764758310545186,-0.019975187338837228,0.9840631662512276,0.9999950287823665
Efna2,29.64082454321885,-0.19736703256306257,0.3826151435103759,-0.5158369602213884,0.6059682859912574,0.9999950287823665
Efna3,238.6659577627355,-0.08364377919167186,0.19082551878828072,-0.438325962496001,0.661150008146403,0.9999950287823665
Efna5,141.4945950992106,-0.1629179471431644,0.18861642451425126,-0.8637527063866851,0.3877237531174964,0.9999950287823665
Efnb1,74.43599395905657,0.13759087103470719,0.2570252929398062,0.5353203548995864,0.592428353455031,0.9999950287823665
Efnb2,100.20088646620984,0.09292110319709229,0.21742507596957233,0.4273706829018019,0.6691093573891307,0.9999950287823665
Efnb3,1706.5588127327048,0.09754861816877747,0.148324373871026,0.6576708576137317,0.5107496523823432,0.9999950287823665
Egfl7,94.18297002587828,0.009898307528692982,0.2285234661928149,0.04331418428749616,0.9654510844078298,0.9999950287823665
Egfr,46.99646450752761,0.022409546143671848,0.3265646102485317,0.06862209020939865,0.9452904348683567,0.9999950287823665
Egln1,603.2496160038635,0.037195135582939604,0.1338739028558281,0.2778370898994101,0.7811374180255408,0.9999950287823665
Egln2,548.3898936087672,-0.08270847718387825,0.1295066850302599,-0.638642531577061,0.5230555061028133,0.9999950287823665
Egln3,61.78054081123894,-0.2576508552905334,0.275562345387941,-0.935000226274778,0.34978818281514945,0.9999950287823665
Egr1,1283.2839860099123,0.3006222571993009,0.17302866273237807,1.7374130531440952,0.08231428887197617,0.9999950287823665
Egr2,53.12621971076346,0.1839701021923879,0.3603062130345475,0.5105937548036347,0.6096355498236644,0.9999950287823665
Egr3,676.4578626456329,0.4524823728975574,0.1616711361620276,2.7987826623799896,0.005129565091397835,0.5862885167192612
Egr4,101.68006852770095,0.3735380669173341,0.23212960866217258,1.6091788939383378,0.10757723009419559,0.9999950287823665
Ehd4,29.074043654651806,-0.0377873920361499,0.3831270092798198,-0.09862889099669708,0.9214329301564086,0.9999950287823665
Ehhadh,40.63707405286902,-0.12870714067995187,0.33798024481372213,-0.3808126145091374,0.7033422982871569,0.9999950287823665
Ehmt1,41.351790605846475,0.08172483112881578,0.353456249132849,0.23121625754054476,0.8171468004844158,0.9999950287823665
Ehmt2,663.6693892144605,-0.08920714204789046,0.1230976532846501,-0.7246859681525246,0.46864470533749236,0.9999950287823665
Eif2a,331.3860579863061,0.21682115726477716,0.1532250423366002,1.4150503988014629,0.15705371968476683,0.9999950287823665
Eif2ak2,33.356433540496816,-0.15519581748410408,0.3691483316153379,-0.4204158713246526,0.6741816756928467,0.9999950287823665
Eif2ak3,274.78782272985205,0.03826450050044442,0.15896222343287714,0.24071442682482272,0.8097764567156325,0.9999950287823665
Eif2ak4,43.70382329410478,-0.3752294105773458,0.31110078941925956,-1.2061345497637501,0.2277656150849956,0.9999950287823665
Eif2b1,197.35097682564924,-0.0519321996333678,0.17392164773519117,-0.29859537504174577,0.7652487947302844,0.9999950287823665
Eif2s1,60.42214464122147,-0.06845593142653515,0.2852820972357397,-0.23995873589630598,0.8103622460672011,0.9999950287823665
Eif2s2,204.3979940771861,0.3433235669355217,0.19994699562411117,1.7170728965637982,0.08596585363530065,0.9999950287823665
Eif3i,355.2953257092006,0.04005492453288605,0.14842359985292797,0.26986897348249356,0.7872610574045475,0.9999950287823665
Eif4a3,1075.1890071061978,0.05352654530583143,0.11540061401768445,0.4638324133841161,0.6427678186264898,0.9999950287823665
Eif4e,437.2264499750907,-0.0757101220672846,0.14451625120334483,-0.5238865624929268,0.600357441537888,0.9999950287823665
Eif4ebp1,14.05649064368266,2.0011953223212804,0.6843997532652737,2.924015259756554,0.0034554780658703375,0.4983786650432418
Eif4ebp2,281.2268468639966,0.0022538489793829408,0.1553999402331247,0.01450353826392602,0.9884282564347224,0.9999950287823665
Eif4enif1,498.68114194972554,0.033035079227571665,0.13329242689919876,0.2478391308198939,0.8042588772202339,0.9999950287823665
Eif4g1,902.9379737630469,-0.0036245986222878277,0.1176794736320921,-0.030800601926718445,0.9754285603809099,0.9999950287823665
Eif4g3,681.5325919726855,-0.10277619709612536,0.12417779551649247,-0.8276535806473977,0.4078667147171169,0.9999950287823665
Eipr1,185.5735058199704,-0.07295328928656697,0.17680492617386206,-0.4126202299071009,0.6798848772630154,0.9999950287823665
Elac2,112.13446577279501,0.14901889590533698,0.2100035767188173,0.7096017040931866,0.47795116258473547,0.9999950287823665
Elavl1,1321.3230639209767,-0.008562864754834733,0.11443786704754226,-0.07482544874134504,0.9403535934054311,0.9999950287823665
Elavl2,366.4015694448758,-0.10887234780071711,0.15742712065544218,-0.691573010720332,0.4892055156598295,0.9999950287823665
Elavl3,449.83950286294174,-0.11891770277420367,0.13699814967188506,-0.8680241525817346,0.3853811107053394,0.9999950287823665
Elavl4,188.4720292747517,0.07602699483641201,0.18798613015797458,0.40442874574056364,0.6858974653616212,0.9999950287823665
Elf2,273.8091737262464,0.2542016260072291,0.1847507301759648,1.3759167596529454,0.16884740582054236,0.9999950287823665
Elf3,1.069639646010961,-1.2105265716195046,2.0464123701856534,-0.5915359920882828,0.5541613467328699,0.9999950287823665
Elk1,92.50814343982461,0.018367582986559217,0.2213484069080195,0.08298041645355865,0.9338671113080309,0.9999950287823665
Elmo1,1394.2249891521126,0.15042375596983076,0.14471148087781913,1.0394735445823717,0.29858455565381525,0.9999950287823665
Elmo3,5.112900852226773,-1.7598654106611,0.9407254113449676,-1.8707535583045398,0.06137924746697976,0.9999950287823665
Eln,4.162316738399137,-0.3624838993561918,0.9360098808367247,-0.38726503510001153,0.698560007839911,0.9999950287823665
Elob,105.7311045884643,0.22800485069404972,0.2177555522287582,1.0470679087646149,0.29506825891668476,0.9999950287823665
Eloc,345.0849337013692,0.002868584187376629,0.14740495245225915,0.019460568587786716,0.9844736927898303,0.9999950287823665
Elovl1,183.44226826938066,-0.13664186075340284,0.19737840862940442,-0.6922837290169876,0.48875916612925463,0.9999950287823665
Elovl4,166.4892632485016,0.08388075360496125,0.1883914332531134,0.4452471758217542,0.6561411376244506,0.9999950287823665
Elp2,257.9601506868399,0.12951218156225355,0.15526153694957823,0.8341549626957069,0.40419366638731846,0.9999950287823665
Emc1,1360.143844643026,0.2768364733428541,0.12702788894401218,2.1793361729003493,0.029306703898558863,0.9999950287823665
Emc10,530.1388970226635,0.11714935518047657,0.14951561950317752,0.7835258655232801,0.4333183707341697,0.9999950287823665
Emc2,318.4747696492421,-0.08517283707083785,0.14721095874336426,-0.5785767431847334,0.5628748010348636,0.9999950287823665
Emc3,477.8436186622855,-0.021948864353362116,0.13471431471947076,-0.16292896860343647,0.8705743619310834,0.9999950287823665
Emc4,407.80882643518754,0.07697304738136894,0.14217360088473685,0.5414018277821677,0.5882306476560524,0.9999950287823665
Emc6,276.1377021454418,0.07470090161191288,0.15574519618846894,0.47963534953281334,0.6314867059253324,0.9999950287823665
Emd,116.1451343409722,0.38896911694712616,0.22930051945971297,1.6963289828720438,0.08982359464367284,0.9999950287823665
Eme1,1.8168761641902742,-0.8486661366170314,1.4229706138292022,-0.596404541576075,0.550905007220611,0.9999950287823665
Emilin1,3.1657622988076266,-0.546050919589061,1.0727217469625772,-0.5090331403602192,0.6107289948801103,0.9999950287823665
Emsy,267.96842859732095,-0.05818688257369083,0.15477372521392746,-0.37594806543077786,0.7069555061634564,0.9999950287823665
Emx1,130.6650722098187,0.055541492557298955,0.2026776061472853,0.27403862524869715,0.7840549387455543,0.9999950287823665
Emx2,96.56324111863393,-0.19655999150691736,0.22866744136061215,-0.8595888874137494,0.3900157028243332,0.9999950287823665
En1,0.2709881817203719,0.010035929001538433,3.8206954392682,0.0026267283433250234,0.9979041764195309,0.9999950287823665
En2,3.9038304859204356,0.3731254881416606,1.2303743141303982,0.3032617666481257,0.761690380810049,0.9999950287823665
Enah,643.8474666215805,0.06665323203781778,0.12608099908145692,0.5286540598774544,0.597045451421699,0.9999950287823665
Eng,29.960480384005646,0.33804698758167606,0.37263671044192526,0.9071757508291983,0.36431386489103257,0.9999950287823665
Eno1,194.00354835216726,0.13086781349019225,0.17484145324478087,0.7484941989527804,0.4541621228325199,0.9999950287823665
Eno2,4358.373117302982,0.12665128568791717,0.1215124199898464,1.0422908678676648,0.29727684497382123,0.9999950287823665
Enpp1,113.49253463125335,0.12562105947014438,0.23219304409431932,0.5410199084995662,0.5884938605863066,0.9999950287823665
Enpp6,246.36571052876062,-0.06325840360548662,0.21420249438654398,-0.2953205740514498,0.767749001212898,0.9999950287823665
Entpd1,26.550803673190018,0.38782159976777286,0.3865209724140581,1.0033649593334912,0.31568480438467605,0.9999950287823665
Eomes,1.218794733022758,-1.9401914592787572,1.9585854522471486,-0.9906085318119322,0.32187677001133186,0.9999950287823665
Ep300,294.78058369508955,0.034489861910734776,0.15423479306525897,0.22361920566225035,0.8230536181237698,0.9999950287823665
Ep400,321.63637180804454,0.10337465806562146,0.15345358293049563,0.6736542483497657,0.500531155413521,0.9999950287823665
Epas1,1281.3736969311287,-0.21674148024174353,0.17462766141366287,-1.241163504608358,0.21454535378296247,0.9999950287823665
Epb41,158.39626526531558,0.12039880653878984,0.19576617097086635,0.6150133393409806,0.5385459111107203,0.9999950287823665
Epb41l1,1226.8946365489924,-0.05789863127806079,0.15753925958555798,-0.36751874694838604,0.7132321107146112,0.9999950287823665
Epb41l2,287.5441945039491,-0.11272423019631461,0.16434698501635125,-0.6858916832888624,0.4927814150624642,0.9999950287823665
Epb41l3,362.2802479686841,-0.17541741922502999,0.22275796010872698,-0.7874799138015525,0.4310009821586772,0.9999950287823665
Epb41l4a,7.530089445714032,0.09215561501802963,0.7038195597153665,0.13093642219221435,0.8958256019581948,0.9999950287823665
Epb42,1.9082048456104654,2.293277081773239,1.8610337280804525,1.2322598173105763,0.21785204489084198,0.9999950287823665
Epc1,251.14525388027928,0.1127221474181004,0.17586879045335044,0.6409445765080198,0.5215586927013149,0.9999950287823665
Epc2,289.37810267847806,-0.09365326981765422,0.1540778107542391,-0.6078310001888286,0.5432995665290599,0.9999950287823665
Epcam,6.231095355408296,0.5198785930494102,0.8254256726043167,0.6298308985340025,0.5288052274563309,0.9999950287823665
Epha1,1.0790499744325028,-1.284948129081425,2.0581652799352317,-0.6243172701474495,0.5324192442570257,0.9999950287823665
Epha10,106.50584718399831,-0.09180716021448744,0.22499317458956092,-0.4080442012606148,0.6832412242369763,0.9999950287823665
Epha2,2.854611529489311,-0.09717792420974505,1.178346979026875,-0.082469701997283,0.9342732105462679,0.9999950287823665
Epha3,16.905535056746192,0.4033510409089544,0.47724710907463563,0.8451618317626629,0.39802048958119574,0.9999950287823665
Epha4,162.0462713360685,-0.2554244413908434,0.18886323427900273,-1.3524307278012169,0.17623756509740596,0.9999950287823665
Epha5,275.7429638190279,0.0897288442795757,0.1569127733292875,0.5718390056829615,0.5674310492206325,0.9999950287823665
Epha7,165.69473355040626,-0.21326951270486982,0.18563749459575754,-1.148849337625912,0.25061811110394516,0.9999950287823665
Ephb1,238.90731389439722,-0.004843573917501976,0.19647795655792055,-0.024651996602347185,0.9803325445922659,0.9999950287823665
Ephb2,233.89496978950956,0.15454179148202674,0.24877554132261467,0.6212097485966892,0.5344616260782223,0.9999950287823665
Ephb3,48.312205238560246,0.07142514798762095,0.3122273501219796,0.22876006205003144,0.8190554095458755,0.9999950287823665
Ephb4,7.993459882669915,0.42630363709406954,0.680271718152239,0.6266667064331292,0.5308777321620008,0.9999950287823665
Ephx2,53.08006756061541,0.016751184045819156,0.3093334643376791,0.05415251169699824,0.9568136553056411,0.9999950287823665
Epm2a,145.29145307649335,-0.09460705809379769,0.19398453103831167,-0.4877041359298537,0.625759421788765,0.9999950287823665
Epn3,1.977762323186334,-0.4195705123555376,1.3798107776255668,-0.30407829766161937,0.7610682404210425,0.9999950287823665
Epo,0.0,,,,,
Epor,34.88723898891772,0.06374982307119825,0.3678945680536738,0.17328286038161209,0.862429095326618,0.9999950287823665
Eps15,2375.960496222185,-0.12365200811149445,0.13214682375608122,-0.9357168382626687,0.3494189987333508,0.9999950287823665
Eps15l1,200.60765056767207,-0.12462821484297124,0.1751611157714164,-0.7115061712989421,0.47677062795633485,0.9999950287823665
Epx,3.4790623433320853,0.5049377955132137,1.0829938053390444,0.46624255191850966,0.6410418942859922,0.9999950287823665
Erap1,44.17284711793125,0.2870290732232533,0.3476705855450212,0.8255776736858425,0.40904370437458637,0.9999950287823665
Erbb2,8.597380733958435,0.12006426296416342,0.6821976523449058,0.17599630041450404,0.8602968489238759,0.9999950287823665
Erbb3,138.7712809137856,-0.7758445049042959,0.5531928394465502,-1.402484720663595,0.1607705500264176,0.9999950287823665
Erbb4,341.23314966659007,-0.10944045767525697,0.159673923892886,-0.685399688359089,0.49309174065657113,0.9999950287823665
Erbin,1804.4529670556258,-0.17197572416251242,0.13261673452074682,-1.2967875041110155,0.19470431138022437,0.9999950287823665
Erc2,414.67709995686624,-0.13901630418307676,0.14115476191516432,-0.9848502614926105,0.3246976279464103,0.9999950287823665
Ercc1,60.58524362335104,-0.11540678077704115,0.2653108472827929,-0.4349870424032452,0.6635718328118096,0.9999950287823665
Ercc2,51.77197642020005,-0.16189307383421037,0.28983568264585313,-0.558568470094228,0.5764562633429348,0.9999950287823665
Ercc6,223.80655165866855,0.13700654037148907,0.20469385006828708,0.6693241654587222,0.5032887148493088,0.9999950287823665
Ercc6l,2.542635304204094,-0.16009150207016531,1.2810821187538273,-0.12496583921247323,0.9005505946517475,0.9999950287823665
Ereg,1.0699241415910599,1.2861587319068932,1.9664922422999447,0.6540370230002251,0.5130879533802527,0.9999950287823665
Erg,6.04942064003074,-0.5237835091450324,0.8042628704809397,-0.6512590949670672,0.5148792488000771,0.9999950287823665
Erg28,125.1301896766567,-0.23931501630821084,0.21087190511245896,-1.1348833604959516,0.256424192611857,0.9999950287823665
Ermn,8227.653249767274,-0.20296347513691218,0.1684442112688815,-1.204929950444713,0.228230345250097,0.9999950287823665
Ern1,53.60805824189336,0.3292614640943467,0.29059450662012065,1.1330615568888691,0.25718840381939545,0.9999950287823665
Ern2,1.3008820833912762,0.6373750928613842,1.7473566911127731,0.3647653029877278,0.715286607326165,0.9999950287823665
Ero1l,590.1765685943723,0.41505501130268097,0.18368775240323998,2.2595682394302083,0.0238480606438256,0.9999950287823665
Ero1lb,116.24521866224329,0.07172159185230872,0.21116300307260819,0.33965036871372456,0.7341198419173913,0.9999950287823665
Erp44,348.46450210032236,-0.01915163186589894,0.1526944356713939,-0.1254245564462756,0.9001874483849985,0.9999950287823665
Esam,30.944490396130423,0.25953359483283794,0.37059069396127553,0.7003241016622981,0.4837249233700459,0.9999950287823665
Esd,245.36049978446275,-0.16469748846572846,0.16365422053258494,-1.0063748306016695,0.3142352963565197,0.9999950287823665
Espl1,4.99089676988392,-0.3988786169206512,0.8584402144523493,-0.46465509211392186,0.6421784727405593,0.9999950287823665
Espn,0.7211412598477596,0.25446139449433225,2.52756217289916,0.10067463313967084,0.919808748865848,0.9999950287823665
Esr1,4.808441670818662,1.0329109974147315,0.9340287883708538,1.1058663397477817,0.26878437586872106,0.9999950287823665
Esr2,0.43010702306078824,0.2425818330349456,3.274007161363496,0.07409325058834623,0.9409361857509249,0.9999950287823665
Esrra,78.99114541011724,0.09951194365436769,0.24932761394952763,0.3991212288042522,0.6898038808494581,0.9999950287823665
Esrrb,9.363083416658288,0.33121451005854763,0.6528654278690198,0.507324321245874,0.6119272762056256,0.9999950287823665
Esrrg,58.185479220203966,0.2281291986910056,0.27993964306197083,0.814922803343377,0.4151164994302321,0.9999950287823665
Ess2,146.27634283367576,0.08181799673910048,0.1884663494322772,0.43412522705280426,0.6641975072332316,0.9999950287823665
Esyt2,145.9435303320996,0.07188065437826154,0.19414509826700105,0.3702419222524308,0.7112022430107562,0.9999950287823665
Esyt3,1.4067533259830418,-1.1450569816734864,1.647578270956599,-0.6949939810802771,0.4870590735622068,0.9999950287823665
Etfbkmt,17.989181497558654,0.11825262087108183,0.48409931323823263,0.24427347372188465,0.8070190261927922,0.9999950287823665
Etnk1,2101.7104945660444,-0.03410216319446355,0.10745594410452472,-0.31735948605403935,0.750970844914919,0.9999950287823665
Etnppl,181.76516447836343,0.5095171625328732,0.25642804148378207,1.9869791134566608,0.04692471147618916,0.9999950287823665
Ets1,46.630500210825886,-0.2882550201466628,0.3634475286351164,-0.7931131660990239,0.42771189262658404,0.9999950287823665
Ets2,220.6317490252408,0.15094923358493284,0.16915776649577652,0.8923576889903054,0.37220124211041894,0.9999950287823665
Etv1,202.87328473969387,0.08681435737427401,0.20357452252035746,0.42645001103019936,0.6697799662820136,0.9999950287823665
Etv2,0.27269362916297163,0.010090281732857432,3.812598158487743,0.002646563134484573,0.9978883506009081,0.9999950287823665
Etv3,111.43072998581219,0.01854701775895591,0.22634286135938303,0.08194213701976356,0.9346927265887682,0.9999950287823665
Etv4,6.392398357662244,0.795499128816934,0.7830207131047731,1.0159362523919482,0.30965974408240515,0.9999950287823665
Etv5,1020.9660495188838,0.3742297487368372,0.13468862830405826,2.7784806590502735,0.005461376445395818,0.5862885167192612
Etv6,106.43242283882806,0.2936212068756289,0.21448687236779349,1.36894721636921,0.17101577499260934,0.9999950287823665
Eva1a,52.81849189904262,-0.29950731632652455,0.30324013938942945,-0.9876902079308469,0.32330439160715474,0.9999950287823665
Evl,960.2315297547303,0.030712423522671287,0.14155465909985457,0.21696511946672364,0.8282355280763499,0.9999950287823665
Evpl,4.429970073418609,-0.8018875403472987,0.9678608319764624,-0.828515333872711,0.40737871459719666,0.9999950287823665
Evx1,0.22871710469036832,1.2368956898123245,4.413469574143697,0.2802547222844076,0.7792820857173672,0.9999950287823665
Evx2,0.30718511277788707,-1.7052535059724676,3.7751247964007675,-0.45170785018769954,0.6514794621774371,0.9999950287823665
Ewsr1,422.10796178928405,-0.16233678258100115,0.14964390168983943,-1.0848205690163688,0.27800113357562184,0.9999950287823665
Exoc3l2,0.9620629559765955,1.042856072622825,1.9645494731271806,0.5308372667056336,0.595531552956833,0.9999950287823665
Exoc4,789.6824690226432,0.20131880360130228,0.15125002245643906,1.33103321461842,0.1831780821900879,0.9999950287823665
Exosc9,175.98390311600588,0.08571571020490096,0.17575596639939436,0.48769729961893526,0.625764264771987,0.9999950287823665
Exph5,199.3570174476599,-0.23232108671240723,0.17571469838318432,-1.3221494209083198,0.18611839969154198,0.9999950287823665
Ext1,210.10558693778145,0.07995877108397369,0.17018857022875272,0.4698245656362236,0.6384803619272907,0.9999950287823665
Ext2,303.853685919203,-0.007776016472056059,0.14758835006831775,-0.05268719698036186,0.9579811401868553,0.9999950287823665
Extl1,164.69041777927535,0.17006513915516563,0.2087570576645357,0.8146557585059162,0.4152693841902457,0.9999950287823665
Eya1,32.33533311422955,0.3435852759903394,0.3639334169653832,0.9440882864104251,0.3451245346122477,0.9999950287823665
Eya2,4.921555930385997,-1.0765182749774904,0.9129704912457749,-1.179138083103376,0.23834319622042843,0.9999950287823665
Eya3,131.94192815786099,0.07301466186839624,0.19843609507103144,0.367950507402699,0.712910138518875,0.9999950287823665
Eya4,21.833398094971475,0.05216751084059961,0.44552850622935775,0.11709129743932437,0.9067877059350553,0.9999950287823665
Ezh1,361.49104262767383,0.09127834970070298,0.14599059971608874,0.6252344320676404,0.5318172064615074,0.9999950287823665
Ezh2,58.99561501223524,0.04391830658884435,0.27207820060426496,0.16141795443848547,0.8717642265044042,0.9999950287823665
Ezr,120.0207095733477,0.1330707969028199,0.21628770856473942,0.615249002293577,0.5383902909634519,0.9999950287823665
F11r,10.154970726420123,0.03490349499940669,0.6294843406839403,0.05544775738421663,0.9557817494401325,0.9999950287823665
F13a1,5.398363263471569,-0.6641037126383272,0.8866524998358895,-0.7490011168538365,0.4538565322701047,0.9999950287823665
F2r,4.5957835508683615,0.22207581577722513,0.9170274105190556,0.2421692233294595,0.8086490415839248,0.9999950287823665
F2rl1,0.7333458512862272,0.48195352578484246,2.250259666078116,0.21417684947658475,0.8304091486451339,0.9999950287823665
F2rl2,3.3730936387699195,0.6001213681382698,1.0663914554224085,0.5627589803788849,0.5735990158335638,0.9999950287823665
F2rl3,0.4623576695658554,0.8942960949168186,2.9207619181127735,0.30618589258198103,0.7594631130200995,0.9999950287823665
F3,72.76265808198659,-0.05030025450512386,0.26492531080221776,-0.18986579407158247,0.8494142972391614,0.9999950287823665
F8,11.766811728206115,-0.5433348005480272,0.5780872888809523,-0.9398836663573799,0.3472772364197505,0.9999950287823665
F9,1.5336833910314347,-0.8896829633849936,1.588283270548782,-0.560153833942727,0.5753745133813599,0.9999950287823665
Faah,330.2182401700302,-0.13304682940070994,0.14847872051402936,-0.8960666480698741,0.3702171685261274,0.9999950287823665
Faap100,31.91804163973647,0.14672156748193796,0.35956006978653854,0.408058568820066,0.6832306763185992,0.9999950287823665
Fabp12,1.0889311508119448,0.9250312296659283,2.1127407951650796,0.4378346987869142,0.6615061155997359,0.9999950287823665
Fabp3,407.35514581420165,-0.06509866370119355,0.16065909826973324,-0.40519749209533296,0.6853323483140756,0.9999950287823665
Fabp7,111.26613366528524,-0.0682812464615925,0.22894887089393512,-0.2982379698794194,0.7655215438600299,0.9999950287823665
Fadd,89.77674764356271,-0.3446529845223107,0.2329731698129395,-1.4793677091617115,0.13904206547299522,0.9999950287823665
Fah,260.438453097663,-0.16613327464488029,0.1866451322379594,-0.89010237048707,0.3734109202536615,0.9999950287823665
Fam104a,26.969038651092763,-0.2844592750368041,0.38679388557880673,-0.7354285722772819,0.4620785260626008,0.9999950287823665
Fam107a,3851.5174515122767,0.16120039477627696,0.15826382406925762,1.0185549080738392,0.30841432079798325,0.9999950287823665
Fam107b,151.29557181303448,-0.05888370913340161,0.21371025885766487,-0.27553056857518143,0.7829086439884276,0.9999950287823665
Fam129a,8.228502027419921,0.019839165366866418,0.6691315035240623,0.02964912765634415,0.9763468843129309,0.9999950287823665
Fam136a,164.24986518890952,0.18595896620198374,0.19334486990341257,0.9617993293273386,0.33615041501694876,0.9999950287823665
Fam13b,400.1726016344856,-0.023331213054735695,0.14193841305647936,-0.1643756087751373,0.8694354637679212,0.9999950287823665
Fam192a,161.3746077793554,0.04284138142682403,0.1808321912928,0.23691236123692208,0.8127247800737978,0.9999950287823665
Fam20a,30.975238946014134,-0.2609397846681706,0.38092930428028593,-0.685008430005617,0.49333860141212427,0.9999950287823665
Fam20c,112.72368172748577,0.08402750913401477,0.20864723135745433,0.4027252534688988,0.6871503539677151,0.9999950287823665
Fam210a,320.49096857575074,-0.07591635773597247,0.14485629762107785,-0.5240804782582402,0.6002225659008469,0.9999950287823665
Fam210b,50.37577908675945,0.18374954264628246,0.2884619752233313,0.6369974500244652,0.524126504579534,0.9999950287823665
Fam214a,297.4226060610711,-0.05069367799969126,0.18173270501244027,-0.27894636794307937,0.7802859837637605,0.9999950287823665
Fam49b,1441.327618372937,-0.0919122829906517,0.12250065151854597,-0.7503003604575659,0.4530738255767539,0.9999950287823665
Fam83d,60.32769003147941,0.4632643552443936,1.0857682831184423,0.42666963333451674,0.6696199714880193,0.9999950287823665
Fam92a,428.7032406851092,-0.014063317724727539,0.15354241752365042,-0.09159239480231149,0.9270218941194279,0.9999950287823665
Fancc,46.30124519636632,-0.03979443683162857,0.2993608487622651,-0.1329313335266195,0.894247686231588,0.9999950287823665
Fanci,1.081038581707049,3.6004209335268618,2.5508221495903354,1.411474702030909,0.15810468986471082,0.9999950287823665
Fancl,43.839521458482636,-0.316714690788568,0.3168414939932499,-0.999599789777899,0.3175042249337372,0.9999950287823665
Fap,10.82300776094967,-0.497854639231986,0.5963725548647647,-0.8348047460783654,0.40382765319467595,0.9999950287823665
Far2,67.34390791588906,-0.016795001546125624,0.25704611183367354,-0.06533847731177954,0.9479045073165847,0.9999950287823665
Fas,7.549474554216842,0.019456342078480935,0.7294453517490366,0.0266727891703323,0.9787207165047086,0.9999950287823665
Fasl,1.176523655992754,-1.404548106390256,1.9634447348966786,-0.7153489382343969,0.47439345589775994,0.9999950287823665
Fasn,1648.9200996427087,-0.372052427202564,0.1611067716355665,-2.309353129142018,0.020923993689942317,0.9713835926722174
Fat1,876.6791500385237,-0.17474167794696582,0.13448593508078996,-1.2993305050226478,0.19383052986121208,0.9999950287823665
Fat4,34.79922364152292,-0.04457758701755103,0.3662964539478862,-0.12169811238165354,0.90313810822811,0.9999950287823665
Fbh1,247.4611383057652,-0.030305259831541503,0.15960571978228144,-0.1898757755854927,0.8494064754136934,0.9999950287823665
Fbl,112.66066421339775,0.2536189832900377,0.21732126160125556,1.1670233341244893,0.2432009464116952,0.9999950287823665
Fbln1,14.086178938591829,0.06011039064397405,0.5734997865716145,0.10481327465405761,0.9165239764210613,0.9999950287823665
Fbln2,7.16918148548525,0.10771032343568067,0.7368248135116601,0.14618172659297415,0.883777930658537,0.9999950287823665
Fbn1,15.542973025309534,-0.6260550135132242,0.49662340409626,-1.260623257682549,0.2074446150898167,0.9999950287823665
Fbxl12,116.12807288517041,0.08580287690422142,0.24731068000463066,0.3469436778978362,0.7286336320500982,0.9999950287823665
Fbxl13,1.4880774673005301,-1.7286592062874861,1.7443961452183354,-0.9909785750364177,0.3216960421201859,0.9999950287823665
Fbxl16,262.4688812043133,0.029302153700249932,0.16271942668705114,0.18007778356179358,0.8570915036319984,0.9999950287823665
Fbxl17,344.1491959669463,-0.07513735786755704,0.14461675223537956,-0.5195619228487636,0.6033689430787101,0.9999950287823665
Fbxl19,332.04195820496363,0.09254616048218942,0.14734008979016724,0.6281125565620871,0.5299302079674546,0.9999950287823665
Fbxl20,439.1717206720939,-0.19504196173625676,0.13617561288492522,-1.4322826062921883,0.15206295891031804,0.9999950287823665
Fbxl3,601.0632254288229,0.07386538716708232,0.1393033396246956,0.5302485020537693,0.5959396468557419,0.9999950287823665
Fbxl4,132.8497964348666,-0.13599204090029854,0.19897084576926227,-0.6834772218740153,0.4943053387224353,0.9999950287823665
Fbxl7,4.136817404199724,-0.023743463579269118,1.0335352218717302,-0.022973057015192724,0.9816717646630122,0.9999950287823665
Fbxo11,457.0152256105003,-0.06602381086119338,0.1359763659172159,-0.4855535770193292,0.6272837174548236,0.9999950287823665
Fbxo17,24.01795700617205,-0.0814442404179239,0.42538483557197654,-0.19146014057697472,0.8481651060421136,0.9999950287823665
Fbxo2,767.3586984032428,-0.05483865591053377,0.13578068575377222,-0.4038767045997944,0.6863033875544591,0.9999950287823665
Fbxo21,430.01485964391253,0.0023797415931762385,0.14167050015341817,0.0167977214070619,0.9865979876952604,0.9999950287823665
Fbxo3,625.0677664192348,-0.07820570353282112,0.12929968810374498,-0.6048406201109467,0.5452849009025564,0.9999950287823665
Fbxo31,452.3598479798202,-0.09533602840851207,0.1377214731185714,-0.6922379368279952,0.4887879181958854,0.9999950287823665
Fbxo32,144.41999909386956,0.14368938611703497,0.19268998348625105,0.7457024154412655,0.45584719974237764,0.9999950287823665
Fbxo33,412.5925564978322,0.08447085689889694,0.15193403859668458,0.5559705888101116,0.5782309608881522,0.9999950287823665
Fbxo4,39.783008285544376,-0.15270888927964885,0.32783877207593376,-0.46580484764711877,0.6413551948817753,0.9999950287823665
Fbxo41,145.1307556667501,-0.3288380498438594,0.19633490078252203,-1.6748833168897954,0.09395712751144229,0.9999950287823665
Fbxo5,20.300571212163828,0.009872905093595626,0.45458669202439617,0.02171842085748031,0.9826725695188879,0.9999950287823665
Fbxw11,620.6064690739626,0.030650844269564798,0.13424199079578966,0.22832531079035612,0.8193933490206838,0.9999950287823665
Fbxw7,876.7030289541093,0.0038173545606832995,0.13526819805824297,0.028220635858841308,0.9774861787424807,0.9999950287823665
Fcgr1,6.539054390439779,0.1346015155956359,0.7796042785575956,0.17265363890084376,0.8629236872048502,0.9999950287823665
Fcgr2b,4.310690735673263,1.2320733308354854,1.0054430971127646,1.2254033414456902,0.22042328858251048,0.9999950287823665
Fcgr3,35.38490907361357,0.1810324575818222,0.35059446267874295,0.5163585762268756,0.6056039917554036,0.9999950287823665
Fcgr4,1.1686324226360105,-0.9237349264953061,1.9605141019961336,-0.4711697434641191,0.6375195234666491,0.9999950287823665
Fcgrt,51.51050154003645,-0.28533449272334005,0.3241187944681177,-0.8803392385547307,0.37867556198074537,0.9999950287823665
Fcmr,1.4207252350771526,-0.7713955056383104,1.6115956384616756,-0.4786532596815876,0.6321853223105339,0.9999950287823665
Fcrls,25.16131802967888,0.19058782619767575,0.41647341094436646,0.45762303472270155,0.6472232915030287,0.9999950287823665
Fdx1,136.76563079690712,-0.13073846896333677,0.19871308104885535,-0.6579258309179634,0.5105857914384024,0.9999950287823665
Fen1,43.50918339215858,0.01886314222936352,0.3283780823968927,0.05744336556105675,0.954192019288818,0.9999950287823665
Fermt1,0.45015307812738775,0.9014136729956795,3.120418042114123,0.2888759329134504,0.7726763216764053,0.9999950287823665
Fermt3,5.26401800704106,0.29347023308487474,0.8825892319546891,0.3325105524286989,0.7395037728870238,0.9999950287823665
Fezf1,1.257598238971245,-0.46201923554939467,1.6994408668405587,-0.2718654379592139,0.7857254871298888,0.9999950287823665
Fezf2,271.83780527505394,0.13715441828208955,0.16928586023452055,0.8101941774232199,0.41782858341609874,0.9999950287823665
Ffar1,0.0,,,,,
Ffar2,1.3143752790144558,-0.12421190162279264,1.7746369706747087,-0.06999285131289013,0.9441993495101847,0.9999950287823665
Ffar3,0.18140573351686404,-0.8696279726090038,4.441901790678799,-0.19577829803303906,0.8447836970135786,0.9999950287823665
Ffar4,0.7974814065152378,-3.0718158746849125,2.696811231371088,-1.1390548359304957,0.25468028336131265,0.9999950287823665
Fga,0.18140573351686404,-0.8696279726090038,4.441901790678799,-0.19577829803303906,0.8447836970135786,0.9999950287823665
Fgb,0.0,,,,,
Fgf1,150.12273032488727,0.14649934070062473,0.22057399498515476,0.6641732209206463,0.5065794507792643,0.9999950287823665
Fgf10,13.156358964116864,-0.06317625777534894,0.5567386455836351,-0.11347561064154366,0.909653498060739,0.9999950287823665
Fgf12,745.8283598732942,-0.12097700031916037,0.13715438729727364,-0.8820498031677996,0.37774987558999484,0.9999950287823665
Fgf15,0.2469958421013245,1.2368956898123245,4.413469574143697,0.2802547222844076,0.7792820857173672,0.9999950287823665
Fgf16,1.3422572269896342,0.25317330670900284,1.6477183347293138,0.1536508403000771,0.8778850481144707,0.9999950287823665
Fgf17,2.117987130995673,-1.2455696008129684,1.4349458286460508,-0.868025521206073,0.38538036148248855,0.9999950287823665
Fgf18,15.098483935214814,0.25339472738194535,0.5232048379907348,0.48431266108902576,0.6281639917629711,0.9999950287823665
Fgf2,17.45760672892096,-0.06391809400013407,0.4811172889368405,-0.1328534548017979,0.8943092781864815,0.9999950287823665
Fgf21,0.6075664720252043,1.3214733718424867,2.6490585241118523,0.49884642404626983,0.6178875797602459,0.9999950287823665
Fgf22,81.11085306328305,-0.5967910910237988,0.2426796101467439,-2.4591727778981105,0.01392575805930911,0.8026247767155253
Fgf23,0.6500317669460408,-1.7112779771814977,2.5919737195936987,-0.6602219629949592,0.5091113999950132,0.9999950287823665
Fgf3,0.35449648395139133,0.25206441206239544,3.4739394731227704,0.07255866546109146,0.9421573201607218,0.9999950287823665
Fgf4,0.497464449300892,2.5401441703741754,3.227639428812514,0.7869975027875787,0.4312833280060179,0.9999950287823665
Fgf5,25.275820107719042,0.1537740172737164,0.39714397739605856,0.38719967071378414,0.6986083938999578,0.9999950287823665
Fgf7,66.47176310616466,-0.06314321423023701,0.3194012491853985,-0.19769244607301187,0.8432857002371308,0.9999950287823665
Fgf8,0.7173079509851193,-1.2818421771792046,2.5157962659538673,-0.5095174814138587,0.6103895480630938,0.9999950287823665
Fgf9,33.70496955219449,-0.053103658554744346,0.3527935496600201,-0.1505233261943685,0.88035174874936,0.9999950287823665
Fgfbp3,67.44783129829656,0.2659307877496611,0.27756039001509086,0.9581006415764244,0.33801201199585107,0.9999950287823665
Fgfr1,140.7411514975531,0.27777813853125743,0.19014216104868362,1.4608971361177265,0.14404367268943402,0.9999950287823665
Fgfr1op,73.45853926276361,-0.18087060954119175,0.2470202069545311,-0.7322097725166448,0.46404054046965515,0.9999950287823665
Fgfr2,1016.1401999811851,-0.13255105397008712,0.14322362631145366,-0.9254831579382163,0.3547146404133248,0.9999950287823665
Fgfr3,857.0203482453647,-0.039118717167832294,0.1541129195465131,-0.25383152355390814,0.7996257185590169,0.9999950287823665
Fgfr4,1.0638499956185712,1.4330441774729745,2.018281419453172,0.7100318933031845,0.47768435871056125,0.9999950287823665
Fgg,0.7228467072903593,0.282062604576703,2.3774471266199493,0.11864095794959505,0.9055598147454744,0.9999950287823665
Fgl1,1.1519778904666291,-2.25764236722901,2.0678546330888032,-1.0917800173683951,0.2749298042688262,0.9999950287823665
Fgr,2.134641663165054,-0.6265993830860683,1.3173848444050698,-0.47563882774819705,0.6343317084882989,0.9999950287823665
Fh1,670.4223381001835,0.0932901243473275,0.13398398540102602,0.696278171365793,0.48625464070225055,0.9999950287823665
Fhl2,75.15626084021366,0.05099207418103834,0.25819424792060663,0.1974950046010248,0.8434401902112348,0.9999950287823665
Fhod1,8.738885249220372,0.6500525873897125,0.7515229418091637,0.8649803635066967,0.38704956665071577,0.9999950287823665
Fibcd1,6.380545651202759,-0.09563566767361144,0.8651181771422347,-0.11054636256693508,0.9119760831408651,0.9999950287823665
Fign,121.23506574909568,-0.12148764716194324,0.23472814359520935,-0.5175674518665717,0.6047600958037248,0.9999950287823665
Fkbp5,239.73143620322196,0.9761186028110214,0.49723561002977934,1.963090702117175,0.04963563573915401,0.9999950287823665
Fli1,15.068160402474073,0.3370404731820925,0.5042900961424531,0.6683464056904351,0.5039124976986098,0.9999950287823665
Flna,266.03282501820144,1.3623219373845272,0.6601390172817166,2.0636894680066327,0.03904716857227478,0.9999950287823665
Flnb,442.1664105189075,-0.39792473396817185,0.15167109304456214,-2.6236029950101205,0.008700513470662873,0.6683998526605125
Flot1,405.8369746494745,-0.05161171701382352,0.13973222992063117,-0.3693615785215717,0.7118582322509333,0.9999950287823665
Flot2,588.4912891528971,-0.014605545525755458,0.1321471344245459,-0.11052487508985685,0.9119931232493825,0.9999950287823665
Flt1,58.72195947036238,-0.30404915171139885,0.2802396468331333,-1.0849612292454918,0.2779388273235037,0.9999950287823665
Flt3,14.817636454826342,0.3111852453257375,0.5151583578457366,0.6040574525996946,0.545805445684453,0.9999950287823665
Flt3l,3.3697943838263757,0.5876133546027409,1.0981565430459825,0.5350907011607507,0.5925871396891889,0.9999950287823665
Flt4,7.648950227750511,-0.5710461901298551,0.7150507519634921,-0.7986093134813047,0.4245169855599895,0.9999950287823665
Fmc1,459.2822847811237,0.07892313929425712,0.13894297216721382,0.5680254140473936,0.5700177113925922,0.9999950287823665
Fmo4,0.0,,,,,
Fmod,7.722262721297729,-1.8590465999180918,0.7990552065767036,-2.3265558932812445,0.019988914365852126,0.960990854464967
Fmr1,696.600680790616,0.06566930294528878,0.13334894428814986,0.4924621135611384,0.6223926986576735,0.9999950287823665
Fn1,42.612165526848166,-0.2530807002886183,0.3182580512088591,-0.7952059636113725,0.42649370333826453,0.9999950287823665
Fndc5,112.81275184423303,0.15541333145327327,0.21986642373184004,0.7068534104271558,0.4796575791367418,0.9999950287823665
Folr1,1.419019787634553,-0.7791159691864984,1.6951298715840075,-0.4596202227611366,0.6457888410340831,0.9999950287823665
Folr2,1.176808151572853,1.1417383544289261,1.8678175210100039,0.6112686820774346,0.5410217206462424,0.9999950287823665
Fopnl,194.82866378856554,0.04183541554098952,0.1764309646160819,0.23712059633083346,0.8125632343954607,0.9999950287823665
Fos,597.497889565578,-0.01318058984145161,0.21743270749069585,-0.060619168079924776,0.9516625076762256,0.9999950287823665
Fosb,146.85566105548932,0.3512014201991767,0.2607761161747614,1.346754546968619,0.17805929805863985,0.9999950287823665
Fosl1,2.5038667354967075,1.102515518420474,1.350761471183507,0.8162177719316163,0.4143755940726527,0.9999950287823665
Fosl2,99.72235904234145,0.3567886858884742,0.2596357353936407,1.3741894402461097,0.16938287817037156,0.9999950287823665
Foxa1,0.5698583114159222,0.233182681679877,2.635557474737586,0.0884756579642014,0.9294986305848696,0.9999950287823665
Foxa2,0.18311118095946377,-0.8696279726090034,4.441901790678799,-0.19577829803303895,0.8447836970135787,0.9999950287823665
Foxb1,1.117235512764564,2.4922856051969537,2.1066695589041764,1.1830453402921732,0.2367911786785042,0.9999950287823665
Foxc1,9.916182723447248,-0.3738686077324533,0.6253655259735185,-0.5978401306187207,0.5499466107194777,0.9999950287823665
Foxc2,2.1259609423015937,-2.141816870288159,1.5817064342253222,-1.3541178210716225,0.17569879147681855,0.9999950287823665
Foxd1,0.7490232078229381,0.9285328606989914,2.3404459856010904,0.3967333005809655,0.6915641408596831,0.9999950287823665
Foxd2,1.4426993629534073,1.1242893053694039,1.7227877788618458,0.6525988396041223,0.5140149338563531,0.9999950287823665
Foxd3,0.3984730084239947,-0.8283827025891066,3.0627272605991944,-0.2704722399692362,0.7867969706114013,0.9999950287823665
Foxf1,0.6254846656717633,0.04348729863143567,2.4180242247201393,0.017984641422055588,0.985651105800515,0.9999950287823665
Foxg1,629.5285232779361,-0.0489560155986348,0.1344694865513224,-0.3640678406245715,0.715807350756081,0.9999950287823665
Foxh1,0.3645169144763278,-1.91107425506513,3.582635774964726,-0.5334268887782616,0.5937381083712814,0.9999950287823665
Foxi1,0.7646193221586236,0.4349520290585421,2.391961450224787,0.18183906309094863,0.8557090276284728,0.9999950287823665
Foxi2,0.1791648964070158,1.4769425715357707,4.382600628342644,0.33700140550892543,0.7361158405752473,0.9999950287823665
Foxj1,12.31600498571993,0.08839124703247343,0.5810417477649851,0.1521254666682319,0.8790879784705842,0.9999950287823665
Foxj2,367.53852444007725,0.0657053808697103,0.14488998734429373,0.4534846201178718,0.6501998155895516,0.9999950287823665
Foxj3,96.44781831905573,0.0643125157530473,0.22560336589103636,0.2850689549734353,0.7755913139936794,0.9999950287823665
Foxl2,1.1580520364391178,-1.8693787761415288,1.9512052792783279,-0.9580636112428604,0.3380306832544784,0.9999950287823665
Foxm1,6.516662649102925,-0.27446880336887763,0.7847653340095069,-0.34974634005119376,0.7265290729918282,0.9999950287823665
Foxn1,0.4902962937373508,-2.3631332969027237,3.0839180621137636,-0.7662762918165851,0.4435119219204432,0.9999950287823665
Foxn4,0.8825009382980241,-0.7199821517475736,2.145466897950462,-0.3355829691128601,0.7371853686406152,0.9999950287823665
Foxo1,230.77655500626125,-0.18417158764963892,0.1643486690424044,-1.1206150236733583,0.26245176720819086,0.9999950287823665
Foxo3,196.46258428317867,0.06683786722617012,0.16965645833361026,0.39396005246520593,0.6936105326045807,0.9999950287823665
Foxo4,19.45190186885165,-0.14148684985026913,0.47467236460226414,-0.29807265052985193,0.7656477150211938,0.9999950287823665
Foxp1,550.1961178812725,-0.056079773768923855,0.1266706411563472,-0.44272116456492583,0.6579674319269428,0.9999950287823665
Foxp2,60.75131971866955,-0.041844598843081955,0.2683308100430779,-0.15594407081454498,0.8760771067399888,0.9999950287823665
Foxp3,0.0,,,,,
Foxp4,187.8822646546998,0.07765875435448873,0.17747622261631682,0.43757272500879185,0.6616960465887733,0.9999950287823665
Fpr1,1.06676414079301,-2.461821962929719,2.247049397441052,-1.0955798149044924,0.27326269913208767,0.9999950287823665
Fpr2,2.665061800524387,-2.5599958953115567,1.5030506338077134,-1.7032000371313234,0.08853063974012232,0.9999950287823665
Fras1,20.81478062029925,-0.19522605137923849,0.4510465620071161,-0.43282904210709494,0.665138972964253,0.9999950287823665
Frk,0.3645169144763278,-1.91107425506513,3.582635774964726,-0.5334268887782616,0.5937381083712814,0.9999950287823665
Frmd4a,866.7721101135843,-0.04225104565534362,0.1468545635117814,-0.2877067259265255,0.7735712410768545,0.9999950287823665
Frmd7,4.813478431862703,-2.1362034974717594,1.0961057838690893,-1.948902677925192,0.05130704821976981,0.9999950287823665
Frmpd1,40.32595245978241,-0.42148773392320216,0.3314232269047981,-1.2717507395589849,0.20346169637902345,0.9999950287823665
Frrs1,4.085055715592479,0.21598277479991287,1.0206841318472537,0.2116058906578895,0.8324145133205844,0.9999950287823665
Frrs1l,1047.3658204638482,-0.10105218424971217,0.13631502440752816,-0.7413136203358333,0.4585033051782833,0.9999950287823665
Frs2,361.95046637099676,0.0013800625896830258,0.14107502128965504,0.009782473020858053,0.9921948402984917,0.9999950287823665
Fryl,619.7958137371021,-0.17466264816168867,0.1453232443185849,-1.2018906471616093,0.22940589857573945,0.9999950287823665
Frzb,43.609320745021655,0.13206916786864162,0.3080417481025245,0.4287378859591638,0.668113986205417,0.9999950287823665
Fscn1,5797.933823164036,-0.007430169029435739,0.1465892274183375,-0.05068700586183911,0.9595749311598364,0.9999950287823665
Fscn2,0.4118282856498321,0.24465543834210696,3.3144986561990453,0.07381370871414669,0.9411586188070882,0.9999950287823665
Fshb,0.3727752213623475,0.2497755297606688,3.4220104789280974,0.07299087226609192,0.9418133810131621,0.9999950287823665
Fshr,0.35449648395139133,0.25206441206239544,3.4739394731227704,0.07255866546109146,0.9421573201607218,0.9999950287823665
Fst,8.804128904789275,0.19366366576633842,0.6883941506020034,0.2813267160927774,0.7784598209413793,0.9999950287823665
Fstl1,129.15929277551007,0.01466386335447527,0.21658713005184455,0.0677042230116128,0.9460210875505553,0.9999950287823665
Fstl4,76.91178566612457,-0.09027907291607898,0.24688483821088222,-0.3656728115436764,0.7146092363240388,0.9999950287823665
Fstl5,33.04578473170306,0.2161484978498879,0.36325375649027614,0.5950344462733008,0.5518204458434591,0.9999950287823665
Fthl17a,0.5470166575842446,2.589917547884151,3.1718202729745735,0.8165398178299974,0.414191459741015,0.9999950287823665
Fto,447.58030095341724,0.0001538524763378569,0.13909371876862,0.0011061065711657897,0.9991174548242258,0.9999950287823665
Ftsj1,126.33892353527631,0.17740152053772326,0.21544506648913503,0.8234188112479692,0.4102698692895168,0.9999950287823665
Fubp1,369.4839060967133,0.07851677555311815,0.15278512246438922,0.5139032798917882,0.6073196142528312,0.9999950287823665
Fundc1,503.8494206236231,-0.09017658684435696,0.1297558062273701,-0.6949714965844475,0.487073164531847,0.9999950287823665
Furin,236.73405008111774,0.15719240942144622,0.17414261910843776,0.9026647826145492,0.3667038328544885,0.9999950287823665
Fus,431.5934766959738,-0.0010410769969241326,0.14456367068655748,-0.0072015119149913724,0.9942540744942816,0.9999950287823665
Fut1,0.5909931820568479,1.2850624847971044,2.669583882208548,0.48137183227746033,0.6302522524320479,0.9999950287823665
Fut4,0.12577937926102303,-0.8696279726090034,4.441901790678799,-0.19577829803303895,0.8447836970135787,0.9999950287823665
Fv1,52.38939371073079,0.16547122412972048,0.2946599004353432,0.5615668229210903,0.5744111901375626,0.9999950287823665
Fxn,8.133204641260171,0.3326439288133589,0.6807873476177067,0.48861649673335844,0.6251132315785936,0.9999950287823665
Fxr1,483.21351810068586,0.15761977006575156,0.15095709459227194,1.0441362195760007,0.29642237054472953,0.9999950287823665
Fyn,1129.7247450708776,0.16285309406736379,0.1275510772185642,1.2767676888240471,0.20168427604626915,0.9999950287823665
Fzd1,53.930180407244364,0.5513799540504671,0.292462065117937,1.8853041806571393,0.059388782052333826,0.9999950287823665
Fzd10,3.191384037684975,-0.20875301544976413,1.0695507372150526,-0.19517822594683562,0.8452534244242426,0.9999950287823665
Fzd2,14.131181273187154,-0.02336561216690373,0.5269082100789667,-0.0443447487056654,0.964629602427574,0.9999950287823665
Fzd3,436.3402204014662,-0.0735322726407969,0.14300325881056408,-0.5141999787445742,0.6071121826279828,0.9999950287823665
Fzd4,30.347183135613836,0.5744442433812028,0.40693945904845413,1.4116208949715146,0.15806161660781848,0.9999950287823665
Fzd5,30.020322248893933,0.2522786307502601,0.43177369958543227,0.5842843855299328,0.5590289956750842,0.9999950287823665
Fzd6,13.299994666811402,-0.1645672730782653,0.5372059293881587,-0.306339271544706,0.7593463411735626,0.9999950287823665
Fzd7,29.02200744017995,-0.10586923707760093,0.42355797372957066,-0.24995217572080308,0.8026243331031815,0.9999950287823665
Fzd8,18.066206510299384,0.37819400491696614,0.4713255606959753,0.8024050390106405,0.42231869918801024,0.9999950287823665
G3bp1,386.98864479263165,0.04872734570963611,0.13951442722159774,0.34926384804805904,0.7268912366051734,0.9999950287823665
G6pc,0.0,,,,,
G6pc2,0.3645169144763278,-1.91107425506513,3.582635774964726,-0.5334268887782616,0.5937381083712814,0.9999950287823665
G6pdx,24.67839815488365,0.00466446856538126,0.44749392460089604,0.010423534955343436,0.9916833729907815,0.9999950287823665
Gaa,233.4800541738524,0.3043273428782058,0.1782016197113314,1.7077697911566985,0.08767906644794138,0.9999950287823665
Gab1,1340.6069896387792,0.07375717666508276,0.12564742318516686,0.5870170258596283,0.557192272016803,0.9999950287823665
Gabbr1,3572.4648872149387,-0.07203425683335005,0.10956480583345768,-0.6574579883146476,0.5108864758474657,0.9999950287823665
Gabbr2,592.893940179439,-0.05952798631775262,0.13697245142291412,-0.43459824000634184,0.6638540727515367,0.9999950287823665
Gabpb1,147.29386343207162,0.24374995983009903,0.20089171599948058,1.2133400255823852,0.22499984594936606,0.9999950287823665
Gabra1,1750.3890818931989,-0.13972355982209606,0.14189040970904404,-0.9847287079416344,0.3247573474342844,0.9999950287823665
Gabra2,48.67422975855079,0.9735745312208121,0.3228274644831504,3.0157735581125764,0.002563246054343879,0.41739568007509364
Gabra5,214.78781943181755,0.06603653408747276,0.17573516784555845,0.3757730162781517,0.7070856499487299,0.9999950287823665
Gabra6,0.3645169144763278,-1.91107425506513,3.582635774964726,-0.5334268887782616,0.5937381083712814,0.9999950287823665
Gabrb2,421.13229325354354,0.054089439267855456,0.15237561786515022,0.3549743720529072,0.7226087907306775,0.9999950287823665
Gabrb3,770.5119478766788,-0.012226103542296697,0.13818529417498024,-0.08847615526160922,0.9294982353489278,0.9999950287823665
Gabrd,106.9602577863876,-0.13752176643725958,0.2240993644749924,-0.6136642411255292,0.5394372227993813,0.9999950287823665
Gabrg1,58.56546546787971,-0.10040589454152073,0.28872774845430643,-0.3477528401029692,0.7280258097226955,0.9999950287823665
Gabrg2,597.3243208788153,-0.19262737626112855,0.1399936277571283,-1.3759724592273108,0.16883016000789897,0.9999950287823665
Gabrg3,164.80855430666142,-0.13316824800407226,0.20612588838372362,-0.6460529972643052,0.5182450338477582,0.9999950287823665
Gabrp,0.22871710469036832,1.2368956898123245,4.413469574143697,0.2802547222844076,0.7792820857173672,0.9999950287823665
Gabrq,2.362547918096316,0.36520376654449654,1.290211196866948,0.28305735327001497,0.7771328723534456,0.9999950287823665
Gabrr2,30.748574168571235,-0.4649562280355068,0.4576995886686128,-1.0158545900991578,0.30969863572003975,0.9999950287823665
Gad1,335.05022125888115,-0.05299558034884804,0.19465390285911358,-0.27225542139376024,0.7854256304983704,0.9999950287823665
Gad2,215.70440237961535,-0.09393237608509897,0.17316303400189523,-0.5424505098707783,0.5875081919368241,0.9999950287823665
Gadd45a,67.98520075392649,1.0754905918647488,0.3463719040656623,3.1050168308710924,0.001902681974565998,0.3557310595410799
Gak,208.08687716525773,-0.027723655713691484,0.1661512425769908,-0.1668579499238169,0.8674818203175882,0.9999950287823665
Gal,1.531977943588835,-0.8929047299692368,1.614424503685182,-0.5530792724782354,0.5802091292234552,0.9999950287823665
Galc,136.27176557107092,0.11706267668304478,0.20338159662928318,0.5755814617603898,0.5648981143944364,0.9999950287823665
Galnt14,87.5183714974879,0.12156108834209835,0.23771768227714168,0.5113674640339843,0.6090937729909176,0.9999950287823665
Galnt15,8.710617398203704,-0.7156509438934123,0.6663513101765672,-1.0739844477889327,0.2828296520146343,0.9999950287823665
Galnt17,354.3376979584852,0.01685799076808342,0.16178326231026177,0.10420108067640402,0.9170097763868088,0.9999950287823665
Galnt18,124.93046407414566,-0.06494926803955502,0.20909123614438194,-0.3106264482300261,0.7560846183868959,0.9999950287823665
Galntl5,0.719013398427719,-1.294495791073508,2.3991514182847262,-0.5395640230156911,0.5894977332419185,0.9999950287823665
Galp,0.42840157561818853,0.24278752585553082,3.277951152336884,0.07406685291281573,0.9409571903344809,0.9999950287823665
Galr1,1.429593644066567,-0.6895847376834706,1.7481878969115208,-0.3944568766902817,0.6932437590010625,0.9999950287823665
Galr2,0.894232010282287,1.0259330608468868,2.0836790694784524,0.4923661593930966,0.6224605177306282,0.9999950287823665
Gap43,1366.5544766964633,0.08652602146824535,0.12833033747653824,0.6742444785050481,0.5001558960879853,0.9999950287823665
Gar1,130.34008629321036,0.4507949378522161,0.21963653980645273,2.0524587495753845,0.0401251000154869,0.9999950287823665
Garem1,132.7178844976114,-0.29717044908670875,0.19771313405315263,-1.5030384830520076,0.13282912061742663,0.9999950287823665
Gars,1055.922622952179,0.16130290152721205,0.12683386417909376,1.2717652542655866,0.20345653766757077,0.9999950287823665
Gart,181.30735207803696,0.2749292628469896,0.17946645061539024,1.531925671367866,0.12554077778823725,0.9999950287823665
Gas1,19.30174472765239,-0.47167793208655723,0.4540835835216935,-1.038746938236368,0.2989224449973171,0.9999950287823665
Gas6,137.93489216168322,-0.07696756748413833,0.19350263369420426,-0.3977597927983325,0.6908072577297748,0.9999950287823665
Gast,0.4118282856498321,0.24465543834210696,3.3144986561990453,0.07381370871414669,0.9411586188070882,0.9999950287823665
Gata1,0.0,,,,,
Gata2,4.559698259752501,0.34865952570572095,0.9309978079806964,0.374500909365138,0.7080316801657833,0.9999950287823665
Gata3,0.18311118095946377,-0.8696279726090034,4.441901790678799,-0.19577829803303895,0.8447836970135787,0.9999950287823665
Gata4,0.0,,,,,
Gata5,0.5459226479931919,-2.4954809619134455,3.1639846788888897,-0.7887146162761428,0.43027882319750954,0.9999950287823665
Gata6,0.18140573351686404,-0.8696279726090038,4.441901790678799,-0.19577829803303906,0.8447836970135786,0.9999950287823665
Gatad2b,545.2816788624918,0.17604559110753587,0.13225107819253548,1.3311467362953584,0.18314073333747216,0.9999950287823665
Gatd3a,415.1538463057132,0.054840501402282804,0.14075542434164492,0.389615545253678,0.6968208553607323,0.9999950287823665
Gba,111.50802568089641,0.30702281455923025,0.22630910682262884,1.3566524956499488,0.1748916532454715,0.9999950287823665
Gba2,219.87046771655608,-0.09182772855507715,0.17077985930122855,-0.5376964762168331,0.5907866123969718,0.9999950287823665
Gbf1,277.1941479355641,0.04519694082422923,0.15187748125987283,0.29758816415248657,0.7660175091627812,0.9999950287823665
Gbp2,8.17785833206594,0.465138164521537,0.7114551077055764,0.6537842788445151,0.5132507964233254,0.9999950287823665
Gbp2b,0.497464449300892,2.5401441703741754,3.227639428812514,0.7869975027875787,0.4312833280060179,0.9999950287823665
Gbp3,14.417546750611018,-0.45989876816395364,0.5661058361809083,-0.8123900846289555,0.41656783391726193,0.9999950287823665
Gbp7,34.73189767095817,-0.16873633509646704,0.3449890042555188,-0.48910641503081403,0.6247663600365608,0.9999950287823665
Gbx1,0.6655149055919186,0.4465114184897241,2.444354266703108,0.18267050098755488,0.8550565630680608,0.9999950287823665
Gbx2,4.004290570901622,0.8168835903540738,0.9698927230508637,0.842241178781619,0.39965296846117493,0.9999950287823665
Gcat,150.43535371838837,0.18111339009803987,0.19085423725811104,0.9489618501532262,0.3426400154715389,0.9999950287823665
Gcg,0.12577937926102303,-0.8696279726090034,4.441901790678799,-0.19577829803303895,0.8447836970135787,0.9999950287823665
Gcgr,0.3365782903048324,1.8623689430816042,3.676600551404302,0.5065464461104593,0.6124730927412735,0.9999950287823665
Gch1,3.23631665335129,1.0375583383849063,1.128133882857433,0.9197120609097305,0.35772324823811485,0.9999950287823665
Gck,0.12577937926102303,-0.8696279726090034,4.441901790678799,-0.19577829803303895,0.8447836970135787,0.9999950287823665
Gckr,1.0390183987641952,0.10582246749151086,1.9740657145134362,0.05360635500302672,0.9572487932342804,0.9999950287823665
Gcm1,0.4802758632124144,-0.40436544622613463,3.066393517930401,-0.1318700433788592,0.8950870835847461,0.9999950287823665
Gcm2,0.2709881817203719,0.010035929001538433,3.8206954392682,0.0026267283433250234,0.9979041764195309,0.9999950287823665
Gcnt3,1.6664560799531476,1.9971516920944798,1.7797809254100467,1.1221334398975833,0.2618057076459699,0.9999950287823665
Gcnt4,61.673146068462984,-0.23360012087894377,0.30280372248536586,-0.7714572296588375,0.44043596442714805,0.9999950287823665
Gdap1,195.29617802895868,-0.1454733285928431,0.18420585598246572,-0.789732377491248,0.4296840784165904,0.9999950287823665
Gdf1,81.22520674911722,-0.48240293617961716,0.2480916600131155,-1.9444544655556526,0.051840671325940384,0.9999950287823665
Gdf10,20.618998034405223,-0.07829397273163434,0.4498073219428874,-0.17406113442852186,0.8618174171132539,0.9999950287823665
Gdf11,49.81968525564188,0.29001691911179256,0.3148393527490374,0.9211584148534598,0.3569677259611992,0.9999950287823665
Gdf15,23.74279365448942,6.230362819093724,2.021594025785245,3.0819060304027524,0.002056797559693665,0.3588876680000125
Gdf2,0.7167725613178709,0.44638533023077553,2.264711664006435,0.19710470755517212,0.8437455995984925,0.9999950287823665
Gdf5,1.519158056030246,-2.3181070300114612,1.927277216868207,-1.202788581591986,0.22905814453986495,0.9999950287823665
Gdf7,0.4540993626798357,-1.0128503819390418,2.9426053025063625,-0.344201915586962,0.7306944417945913,0.9999950287823665
Gdf9,0.4078820010973841,2.2318224263509725,3.431765412638648,0.6503423626019202,0.5154710989060005,0.9999950287823665
Gdnf,1.9965184383200691,1.4436506872068904,1.4705148877925722,0.9817314324331606,0.32623217586024145,0.9999950287823665
Gdpd1,135.3460187492762,-0.0882831312508119,0.20021835312124012,-0.4409342593950565,0.6592605906460483,0.9999950287823665
Gdpd2,9.402652121922213,0.4382921430062436,0.646742486895083,0.6776918972965897,0.4979670649868585,0.9999950287823665
Gem,26.36592251329836,-0.22061864829758118,0.40806962107025013,-0.5406397264245288,0.5887559302813935,0.9999950287823665
Gen1,9.600876845477856,-0.3066048960189513,0.6255346798285809,-0.4901485175897396,0.6240288079381635,0.9999950287823665
Gfap,393.65259387984264,1.199963571421853,0.571058168330676,2.1012983229529856,0.03561478688711605,0.9999950287823665
Gfi1,1.2693047449507997,-2.015203620054563,2.0586765495793764,-0.9788830695459684,0.327637758468577,0.9999950287823665
Gfi1b,0.675397417719513,1.3846064423961484,2.764670732210884,0.5008214635704159,0.6164967786073214,0.9999950287823665
Gfpt1,434.8192808972051,0.00499630605481002,0.13485930000127583,0.03704828702775969,0.9704465046652546,0.9999950287823665
Gfpt2,17.74535203046707,-0.4572727440138565,0.46977363073783407,-0.9733895521033322,0.3303597295759687,0.9999950287823665
Gfra1,546.0414080603656,-0.14316261363073488,0.17678005799631208,-0.8098346343665159,0.4180352239876918,0.9999950287823665
Gfra2,276.3147755599005,-0.04633814412382914,0.17247461066252723,-0.26866646601392685,0.7881863594796236,0.9999950287823665
Gfra3,0.2687473446105237,1.8201492506551062,4.237876475280358,0.42949558847976893,0.6675626036306206,0.9999950287823665
Ggnbp1,19.51263685547545,0.6835160107014,0.47554193252038546,1.4373411973971384,0.15062106828588107,0.9999950287823665
Ggnbp2,855.7568470675618,0.08186582370429811,0.12474475149899537,0.6562666783215919,0.5116525533680305,0.9999950287823665
Ggps1,392.56114847033905,-0.08018807123195497,0.13738813704417255,-0.5836608091291986,0.5594485394758673,0.9999950287823665
Gh,4.128490320632955,0.11513683467377403,1.1550708049010814,0.0996794605016739,0.9205988074609944,0.9999950287823665
Ghr,52.759933682499906,0.26765903538513686,0.28167003795025153,0.9502573909987924,0.34198148357838287,0.9999950287823665
Ghrh,0.7573381909052749,-0.5282352207194365,2.331326162472754,-0.22658143215754775,0.8207492318014052,0.9999950287823665
Ghrhr,0.27269362916297163,0.010090281732857432,3.812598158487743,0.002646563134484573,0.9978883506009081,0.9999950287823665
Ghrl,0.801176796980536,0.5051206042630932,2.3600118685679345,0.2140330779648166,0.8305212623405857,0.9999950287823665
Ghsr,0.6405453903402004,1.306878543031258,2.8069760808297004,0.46558235816707205,0.6415144732156977,0.9999950287823665
Gigyf2,202.51874794834282,0.16082193100637104,0.17267777262265213,0.9313412407618361,0.35167707534270987,0.9999950287823665
Gimap4,1.9410067722050146,-2.6712996532052204,1.7325504477330893,-1.5418308059660908,0.12311471395123909,0.9999950287823665
Gip,0.4802758632124144,-0.40436544622613463,3.066393517930401,-0.1318700433788592,0.8950870835847461,0.9999950287823665
Gipc1,412.29924878124604,0.19806871263424078,0.14460625095562019,1.3697105852984757,0.17077726307256735,0.9999950287823665
Gipr,16.134783348943667,0.21911789604910312,0.5762588209895849,0.3802421552052274,0.7037656697358983,0.9999950287823665
Gja1,1191.4741288630464,-0.1573625112589245,0.16333965124367777,-0.9634066808687115,0.33534347489688254,0.9999950287823665
Gja3,0.48635000918490284,-0.283134924303387,2.790909847126822,-0.10144896819037989,0.9191940659561675,0.9999950287823665
Gja4,3.075013651097342,0.4986970645230424,1.117530212530066,0.44624929056191,0.6554171815960039,0.9999950287823665
Gja5,1.0133206117025477,1.0423106956395982,2.0673840619443786,0.5041688744854225,0.6141427108631481,0.9999950287823665
Gja8,0.0895824482035079,0.9694711599089978,4.453824094096601,0.217671632158531,0.8276849679587712,0.9999950287823665
Gjb1,335.92836901434606,0.027784007204107432,0.20495269671864,0.13556302331678732,0.8921667386518353,0.9999950287823665
Gjb2,16.66891169592173,-0.3841070807436655,0.5363956095186797,-0.7160891586870627,0.47393629755730915,0.9999950287823665
Gjb6,494.06690394809465,0.06491623744195078,0.15794248617550066,0.41101187535960354,0.6810638269701672,0.9999950287823665
Gjc1,13.49594896558601,0.3119813353173338,0.5448813685304749,0.5725674492389711,0.5669376046623679,0.9999950287823665
Gjd2,4.441561891257376,0.3488251601550757,0.9048346947411385,0.38551258277609485,0.6998576858451779,0.9999950287823665
Gk,148.78929866841037,-0.22955732442792412,0.20820370436971294,-1.1025611918042197,0.2702177711645767,0.9999950287823665
Gkn2,0.12577937926102303,-0.8696279726090034,4.441901790678799,-0.19577829803303895,0.8447836970135787,0.9999950287823665
Gla,79.8013330290286,0.3642895822861029,0.2351119534115859,1.5494302905491975,0.12127831691258391,0.9999950287823665
Glb1,184.49366686721757,-0.06863787597696948,0.18570453389420805,-0.36960797099370246,0.7116746110719344,0.9999950287823665
Gldc,45.76941889976526,-0.2891121154152943,0.33199889997701415,-0.8708225100604577,0.38385107245777594,0.9999950287823665
Gldn,4.516470714825961,0.10524239149045397,0.9903259325731484,0.10627045907704781,0.915367769081736,0.9999950287823665
Glg1,1269.683534648854,0.11768027490228143,0.11717496161144893,1.0043124681577291,0.31522802578169773,0.9999950287823665
Gli1,2.9641781625463746,0.02208864868137366,1.1345191228125646,0.019469613369419558,0.9844664774652455,0.9999950287823665
Gli2,13.951528766577098,0.31324451910975787,0.563892905610211,0.555503564583391,0.5785502726468513,0.9999950287823665
Gli3,36.903132211859884,-0.2179841195501227,0.3808468998990786,-0.5723667951817036,0.5670735063392747,0.9999950287823665
Glis3,31.84903845571256,-0.30066168451736963,0.3583855544835241,-0.8389336030874865,0.40150656983454536,0.9999950287823665
Glmp,106.9505193294544,0.06800723572157967,0.22229234596927258,0.30593602053657887,0.7596533595884272,0.9999950287823665
Glo1,311.05188886391926,-0.0071367980783690515,0.16015514964408148,-0.044561777090711185,0.9644566098393829,0.9999950287823665
Glp1r,0.493991684202649,2.388824050182261,3.496913019998284,0.6831236683672026,0.4945287007131879,0.9999950287823665
Glra1,6.761554236743591,0.07152102493077013,0.7426870821440732,0.09630034862636244,0.9232820342114412,0.9999950287823665
Glra2,48.446044404961505,0.147952903945024,0.30208484172801725,0.48977268471561947,0.6242947617112782,0.9999950287823665
Glra3,16.745847905477476,0.10849403679646173,0.4988480550328559,0.21748914464408592,0.827827165864556,0.9999950287823665
Glud1,1415.5375879668372,-0.0600761344667258,0.11399037647917128,-0.527028125726939,0.5981740571145774,0.9999950287823665
Glyat,0.5587438712999331,-2.5915329257766864,3.1229927573647465,-0.829823546553301,0.40663855579301544,0.9999950287823665
Gm2a,814.8343290266586,0.13516894308344038,0.15174797462036727,0.890746274680745,0.37306530338203436,0.9999950287823665
Gmds,75.42174433906798,0.11437262490870194,0.2645050708228803,0.43240239044524376,0.6654489810444516,0.9999950287823665
Gmfb,1429.8755005950213,-0.030778647064478477,0.11783210778374878,-0.26120764232585014,0.793932384930482,0.9999950287823665
Gmnc,0.36227607736647954,0.5349739304793952,3.39659642773651,0.15750294209544982,0.874848489377778,0.9999950287823665
Gmnn,32.34006217041202,0.40159944699199407,0.3796558995937889,1.057798515502284,0.29014730975170233,0.9999950287823665
Gna11,135.2376995284805,-0.16614904761347177,0.19442609396037838,-0.8545614646114882,0.39279396864243454,0.9999950287823665
Gna12,203.9991334888731,-0.11991156515489142,0.20505983974145336,-0.5847637709367184,0.5587065678467791,0.9999950287823665
Gna13,253.2312119382475,0.11484596201774046,0.16097801377672388,0.7134263824191018,0.47558195251547497,0.9999950287823665
Gna14,1.217455023361282,0.9234244126385535,1.8214503737884082,0.506972040483286,0.6121744365969546,0.9999950287823665
Gnai1,1145.13486112117,-0.041707268466502,0.13204027164086865,-0.3158677875181901,0.7521028629300492,0.9999950287823665
Gnai2,2324.8272045576946,0.13734885408311076,0.1197125357740125,1.1473222348442376,0.2512484677754837,0.9999950287823665
Gnai3,378.27964242417187,0.10938609265385145,0.1438506290885243,0.7604144197835678,0.44700690661315756,0.9999950287823665
Gnal,661.2575953342937,0.0671780944692324,0.13884047747494932,0.48385093231441234,0.6284916655947637,0.9999950287823665
Gnao1,5317.475534306454,0.04228674234959339,0.1017702508649341,0.41551182187528324,0.6777672627481479,0.9999950287823665
Gnaq,1113.4945025851703,-0.00874148303323287,0.13281164699426543,-0.06581864792031615,0.9475222095345486,0.9999950287823665
Gnat1,0.43296449203891,-2.2159171443416903,3.368089218862552,-0.657915215526872,0.5105926129690218,0.9999950287823665
Gnat2,0.0,,,,,
Gnat3,0.27269362916297163,0.010090281732857432,3.812598158487743,0.002646563134484573,0.9978883506009081,0.9999950287823665
Gnaz,34.201946565086295,-0.030352246309906957,0.3389625481158078,-0.08954454254201855,0.928649155905428,0.9999950287823665
Gnb1,4115.515159578601,0.0009995813904674644,0.12193029204136055,0.008197974217337162,0.9934590362083959,0.9999950287823665
Gnb3,0.2709881817203719,0.010035929001538433,3.8206954392682,0.0026267283433250234,0.9979041764195309,0.9999950287823665
Gng11,1059.1221003053918,-0.3296461815731665,0.18653942962218004,-1.7671662352610231,0.07720039254789655,0.9999950287823665
Gnrh1,2.2624096497006234,1.3675211378443983,1.3107824481265369,1.0432861225743115,0.2968157963928967,0.9999950287823665
Gnrhr,0.5242523876850177,-1.3382862920737906,2.7757968613890838,-0.4821268842432785,0.6297158128274267,0.9999950287823665
Golga2,178.95985029694324,0.03632073274984469,0.1951313654437283,0.1861347747311224,0.8523390721153404,0.9999950287823665
Golga3,177.75769854382176,-0.11750597681374492,0.17374114050586562,-0.6763278776207747,0.49883249687492537,0.9999950287823665
Golga5,123.68990294072675,0.13613274080735682,0.20764724372920984,0.6555961849649486,0.5120839808386574,0.9999950287823665
Gopc,442.9117578108664,-0.10454314140526083,0.14351901306465914,-0.7284271203715801,0.46635216662872425,0.9999950287823665
Gorasp1,70.63321212657014,-0.21486474747073042,0.26534081007229826,-0.8097689436170243,0.4180729850054754,0.9999950287823665
Gosr1,181.6450807682912,0.05859395814124192,0.1844771424501985,0.31762177884482334,0.7507718518656524,0.9999950287823665
Got2,351.57004636255914,0.1482997397662843,0.14557494761038198,1.0187174524231666,0.308337124639361,0.9999950287823665
Gpa33,1.755062688272137,0.5000943667056554,1.4251445261593072,0.35090782550551874,0.7256575004542392,0.9999950287823665
Gpam,266.4493487760745,-0.006002550993562839,0.16055183442821466,-0.03738699725817632,0.9701764401082444,0.9999950287823665
Gpat2,0.39676756098139493,-0.822914378647003,3.066823138151417,-0.26832795423052325,0.7884468905612643,0.9999950287823665
Gpbar1,0.0895824482035079,0.9694711599089978,4.453824094096601,0.217671632158531,0.8276849679587712,0.9999950287823665
Gpc3,5.062028960786182,-1.438219746324447,0.9306268714286279,-1.5454311394604383,0.12224201307195307,0.9999950287823665
Gpc4,116.35441078909263,-0.017664317269417255,0.21654905468252952,-0.08157189739439835,0.934987149429804,0.9999950287823665
Gpc6,50.483392480415354,-0.39576260733908597,0.2924277348606065,-1.3533689187441018,0.1759378017851746,0.9999950287823665
Gpd1,276.93604812267347,0.9918745093756082,0.5199343815851222,1.9076917097724595,0.05643107384859985,0.9999950287823665
Gper1,3.8128605485912472,0.04025198723768551,0.9709112915897363,0.04145794532039926,0.9669308187819177,0.9999950287823665
Gphn,662.2269589897509,-0.2025005492138605,0.14411237469622265,-1.4051572575964792,0.159974520949566,0.9999950287823665
Gpi1,1061.6982432522198,0.061930671137872664,0.12379680484136335,0.5002606587240466,0.6168915516160036,0.9999950287823665
Gpm6a,942.3306217154583,0.035617645510590185,0.13223541476619738,0.269350276350439,0.7876601462706992,0.9999950287823665
Gpnmb,9.27714347683959,2.9653824805941773,0.9321774659519129,3.1811351259880687,0.00146699187322527,0.33660795345641653
Gpr101,2.332870244989272,-1.699727518115914,1.3487424106896975,-1.2602313863970034,0.2075859035428328,0.9999950287823665
Gpr107,145.1677086690215,-0.02877522721906871,0.19089917097063927,-0.1507352131115038,0.8801845945426694,0.9999950287823665
Gpr139,0.4261607385083403,2.2758266160578153,3.389482401174884,0.6714378027951861,0.5019416695422074,0.9999950287823665
Gpr141b,0.49970528641074025,0.8931701739538003,2.8559870036325203,0.3127360778665239,0.7544811832643689,0.9999950287823665
Gpr143,0.21536182746453092,0.0081920501520074,4.137788937172267,0.001979813440558373,0.9984203384544649,0.9999950287823665
Gpr149,2.597671305047348,-0.5750723200877926,1.2403158432188355,-0.46364990275007684,0.6428985950475249,0.9999950287823665
Gpr17,226.2938879157684,0.1888345491006914,0.21502721870520622,0.8781890508455865,0.37984113290472366,0.9999950287823665
Gpr183,2.6805643111582462,-1.0949829896917866,1.1910169696650048,-0.9193680842345768,0.35790307708076385,0.9999950287823665
Gpr20,0.3049442756680388,0.5282623719659802,3.599600672302437,0.1467558265645295,0.8833247523657832,0.9999950287823665
Gpr22,232.7956724594958,-0.07707603080840901,0.15960658885588017,-0.48291258751232563,0.6291578037775201,0.9999950287823665
Gpr26,139.15228964340204,-0.05376042706269792,0.20304724669916188,-0.2647680672191052,0.7911881378777785,0.9999950287823665
Gpr34,27.282845555548008,0.19463375219225826,0.4139730873354587,0.47016039966515716,0.6382404242400253,0.9999950287823665
Gpr35,1.568652252369129,0.8888657571283818,1.649726609632032,0.5387957931566864,0.5900277666969305,0.9999950287823665
Gpr37l1,1173.841796487145,-0.11538180930024179,0.17364366189644143,-0.6644746375427963,0.5063865764297235,0.9999950287823665
Gpr39,0.1791648964070158,1.4769425715357707,4.382600628342644,0.33700140550892543,0.7361158405752473,0.9999950287823665
Gpr4,9.432320742743956,0.12173094812515353,0.6415740175537973,0.18973796443517313,0.8495144698375285,0.9999950287823665
Gpr50,0.9698425493916837,0.9020388233449036,2.0292770865127916,0.4445123977105615,0.6566721674461601,0.9999950287823665
Gpr6,5.325468267698495,0.45833149095808906,0.9331150964791298,0.4911843058669667,0.623296098013841,0.9999950287823665
Gpr65,0.49970528641074025,0.8931701739538003,2.8559870036325203,0.3127360778665239,0.7544811832643689,0.9999950287823665
Gpr83,48.25149998494107,0.21690844180250246,0.2940216549627878,0.7377294772045107,0.46067885576275236,0.9999950287823665
Gpr84,0.49855460062337054,-0.4075740349596034,3.0338915982369508,-0.1343403420202792,0.8931334540307605,0.9999950287823665
Gpr88,200.68943262122932,-0.14953697967770446,0.1780723914793984,-0.8397538688360049,0.40104640348349163,0.9999950287823665
Gprc5b,4880.573422112669,-0.15891957419191477,0.12795933803590948,-1.2419537067886117,0.21425364277517323,0.9999950287823665
Gprc6a,0.12577937926102303,-0.8696279726090034,4.441901790678799,-0.19577829803303895,0.8447836970135787,0.9999950287823665
Gps1,1288.5540026000788,0.05294436264451784,0.10999095637989782,0.48135196189815166,0.6302663723180038,0.9999950287823665
Gpsm1,136.98344658983436,-0.09641630180985432,0.1909964500842733,-0.5048067739861792,0.6136945575454262,0.9999950287823665
Gpsm2,303.511093160962,-0.42847520613208995,0.20279785998502292,-2.112819169609254,0.03461624828126281,0.9999950287823665
Gpt2,567.0102515178227,0.08272702518337939,0.13822972029398087,0.5984749517501678,0.5495230674453523,0.9999950287823665
Gpx2,0.44407893215489924,0.8948460235259593,2.954440455847421,0.3028817256258735,0.7619799984587861,0.9999950287823665
Gpx5,0.12577937926102303,-0.8696279726090034,4.441901790678799,-0.19577829803303895,0.8447836970135787,0.9999950287823665
Gramd1a,276.97881494140955,-0.08303934335786657,0.16473824515204963,-0.50406839821089,0.6142133131455496,0.9999950287823665
Gramd1b,641.3331793500156,-0.080300293697924,0.12673395016866068,-0.6336131209597615,0.5263333357746228,0.9999950287823665
Grb10,126.46146643469181,0.03319846328446808,0.2146861670433083,0.15463717919828063,0.8771073577735192,0.9999950287823665
Grb2,491.61702154120576,0.05284852592988534,0.13758213844069214,0.3841234518437644,0.7008869503237742,0.9999950287823665
Grb7,5.111813223424716,0.10941152827210159,0.8810620057380063,0.12418141692587789,0.9011716354850685,0.9999950287823665
Greb1,2.9417533519725843,0.924435542783014,1.1720756014756335,0.7887166507170335,0.4302776338634857,0.9999950287823665
Grem1,5.311971213806742,-0.26950076601431944,0.8554410772413162,-0.3150430499356234,0.7527289677588512,0.9999950287823665
Grhl2,1.0444811068851365,3.5653342496804954,2.665512769628163,1.3375791293537327,0.1810336716441877,0.9999950287823665
Grhl3,5.230942281271919,-0.564250097868482,0.89217691883578,-0.6324419360733784,0.5270981385005091,0.9999950287823665
Gria1,806.7962224667693,-0.06745033931862195,0.14370262566441136,-0.46937443910133325,0.6388020156354505,0.9999950287823665
Gria2,1916.5454860114048,-0.07111580025988647,0.1423015078244916,-0.49975436906541815,0.6172480443420159,0.9999950287823665
Gria3,399.30061392465313,0.0018961581448073057,0.1514746596554495,0.01251798914168472,0.9900123505764307,0.9999950287823665
Gria4,716.9690944389391,-0.15970619163853136,0.15298426285256572,-1.0439386944815605,0.29651375424955584,0.9999950287823665
Grid1,160.4833074719638,-0.12104478836261942,0.1903881654312879,-0.6357789523756147,0.5249205078520153,0.9999950287823665
Grid2,112.32773220947729,-0.3767535035053319,0.21778876262299737,-1.7299033199316625,0.08364755004007234,0.9999950287823665
Grifin,1.8068557336653377,-0.14813224535725028,1.4085664562000824,-0.10516525131293383,0.9162446832191359,0.9999950287823665
Grik1,41.940020858602686,-0.12280779634845437,0.3185882984869108,-0.3854749120784169,0.6998855903593764,0.9999950287823665
Grik2,783.0034345242661,-0.12335456355357104,0.1540639019856135,-0.8006714224665676,0.4233218908197538,0.9999950287823665
Grik3,517.7774572320692,0.0308033753559344,0.1452456510911062,0.21207778081157694,0.832046353775709,0.9999950287823665
Grik4,85.26514232160422,0.2780860908979988,0.23851295804650385,1.1659160708735128,0.24364838065856598,0.9999950287823665
Grin1,1342.8775916824188,-0.09741867250185336,0.145013940186551,-0.6717883286015853,0.5017184600135556,0.9999950287823665
Grin2a,933.9646651284544,-0.14686627035282315,0.14144367502102378,-1.0383374889756884,0.2991129610911871,0.9999950287823665
Grin2b,292.5073141287223,0.008936150879727654,0.15751924625299701,0.05673053352080545,0.9547598509430192,0.9999950287823665
Grin2c,78.47460916148879,-0.006854483551584035,0.2530185065985559,-0.027090838704773055,0.9783872817350261,0.9999950287823665
Grin2d,40.65973083570565,0.15684828257522546,0.33869257702825717,0.46309926232053084,0.6432932187479721,0.9999950287823665
Grk2,1891.9374072375686,0.049285531134000866,0.12360436087010587,0.3987361836350932,0.6900876035162687,0.9999950287823665
Grk3,167.9287025014763,-0.042117806269321365,0.18247522503724012,-0.23081383382717205,0.8174594335574371,0.9999950287823665
Grk5,36.64018626449303,0.015187896063079244,0.32822567995115476,0.04627272328398998,0.9630928796803703,0.9999950287823665
Grm1,111.77380554785746,-0.09863291025905367,0.20659692303917182,-0.477417130943196,0.6330651178721407,0.9999950287823665
Grm2,189.43687509459718,-0.33848390192185085,0.20107949699602667,-1.6833337410255174,0.09231050213288669,0.9999950287823665
Grm3,704.1925048164076,-0.25382283154313756,0.1450937540122653,-1.7493711791458713,0.08022687939897195,0.9999950287823665
Grm4,38.67578805280072,-0.11323815479557882,0.3341235469679324,-0.3389110280409147,0.7346767564230473,0.9999950287823665
Grm6,0.6014923260527159,1.3364690297710466,2.703768897588692,0.49429854414071883,0.6210953531603451,0.9999950287823665
Grm8,165.56736806483158,-0.08832603947415868,0.18690986410293473,-0.4725595403863538,0.6365274537526902,0.9999950287823665
Grn,337.4048854560407,0.17890956880765768,0.16809070582855484,1.0643632432011891,0.2871641782557418,0.9999950287823665
Grp,16.8787768783835,0.9257231009446898,0.4944052565149758,1.8723973678395733,0.061151648927210506,0.9999950287823665
Grpel1,181.26034186192246,0.037346210153756026,0.17939546992227842,0.20817811157626195,0.835089898618768,0.9999950287823665
Grpr,3.8106003394934174,0.19900170668924297,1.0114520402285194,0.19674853455659858,0.8440243272537638,0.9999950287823665
Grxcr1,0.3049442756680388,0.5282623719659802,3.599600672302437,0.1467558265645295,0.8833247523657832,0.9999950287823665
Grxcr2,0.21536182746453092,0.0081920501520074,4.137788937172267,0.001979813440558373,0.9984203384544649,0.9999950287823665
Gsc,0.21536182746453092,0.0081920501520074,4.137788937172267,0.001979813440558373,0.9984203384544649,0.9999950287823665
Gsc2,2.0299971545449567,-0.1804684128061434,1.3128140884512087,-0.13746684651979232,0.8906617965725846,0.9999950287823665
Gsdma3,0.735051298728827,0.47777773385859307,2.2485901183460255,0.21247880169909647,0.8317335140130665,0.9999950287823665
Gsdmd,4.731869846498828,-0.5625101164449183,0.9520493466162147,-0.5908413449830081,0.5546267296608782,0.9999950287823665
Gsdme,24.077619506100046,-0.3716365410052532,0.41354062248142404,-0.8986699753346404,0.3688284741707315,0.9999950287823665
Gsk3a,1432.391337330752,0.15109185269571682,0.11212831266576184,1.3474906480230342,0.17782226338542817,0.9999950287823665
Gsk3b,178.51598979178786,-0.05285580000693041,0.1761378198597365,-0.3000820610191552,0.7641145622469794,0.9999950287823665
Gsta1,0.4261607385083403,2.2758266160578153,3.389482401174884,0.6714378027951861,0.5019416695422074,0.9999950287823665
Gstk1,68.23901633689073,0.19916479404130213,0.2656130700521179,0.749830548633102,0.45335676753762044,0.9999950287823665
Gstp1,2684.717158564225,0.8519705114398499,0.42956096547095635,1.9833517938618512,0.047328147761946264,0.9999950287823665
Gsx1,1.958693443752405,-0.34373301612657753,1.3799800709311425,-0.24908549287573656,0.8032946508816898,0.9999950287823665
Gsx2,0.4118282856498321,0.24465543834210696,3.3144986561990453,0.07381370871414669,0.9411586188070882,0.9999950287823665
Gtf2a1,1157.2969855181227,-0.005779288566612622,0.11690633715555242,-0.04943520349049048,0.9605724741183004,0.9999950287823665
Gtf2a2,341.4233758031958,0.05822643662073233,0.14364405918563244,0.40535220844382996,0.685218635257798,0.9999950287823665
Gtf2b,131.98341075796333,0.11704943426443085,0.19655997992203683,0.5954896531372109,0.551516213362403,0.9999950287823665
Gtf2e1,109.99108990271752,-0.06755856788776661,0.22695978616070495,-0.29766756935490746,0.7659568978617494,0.9999950287823665
Gtf2e2,46.94230151438853,0.01111789253933843,0.3065940729517077,0.03626258143969285,0.9710729859891125,0.9999950287823665
Gtf2h1,186.91446033940747,0.03996082822236062,0.1763521953065295,0.22659671546987004,0.8207373465425756,0.9999950287823665
Gtf2i,1387.3725471179084,0.05807761743320074,0.11776965509863815,0.49314585649892356,0.6219095314527037,0.9999950287823665
Gtpbp2,281.15655643034285,0.18372993720516717,0.1768811428081921,1.0387197543403586,0.2989350911104345,0.9999950287823665
Gtse1,3.219487275279057,1.5201004278309982,1.2052661659607706,1.261215547869677,0.20723119841351167,0.9999950287823665
Gucy1a1,275.5537630299472,0.1411544412118278,0.16827395345232385,0.8388371362049225,0.40156070825340595,0.9999950287823665
Gucy2e,1.171407313664955,-1.3985187338467011,1.8669730401898479,-0.7490835184767795,0.45380686820760374,0.9999950287823665
Gucy2f,1.3505103398589273,-1.014439877933038,1.843999465340107,-0.5501302451548894,0.5822300432255352,0.9999950287823665
Gusb,47.611579889097534,-0.07171539379351077,0.3154687610716047,-0.22732962068860094,0.8201674420021533,0.9999950287823665
Gyg,98.14245890791538,-0.163671807141543,0.21898725955237575,-0.7474033305686315,0.4548201355699286,0.9999950287823665
Gys2,0.12577937926102303,-0.8696279726090034,4.441901790678799,-0.19577829803303895,0.8447836970135787,0.9999950287823665
Gzma,0.12577937926102303,-0.8696279726090034,4.441901790678799,-0.19577829803303895,0.8447836970135787,0.9999950287823665
Gzmb,0.9147515848030913,-0.15411554934131233,2.048715586865924,-0.07522544872959874,0.940035336559147,0.9999950287823665
Gzmk,3.456407723110106,1.146023651238267,1.1077070630613988,1.0345909035471634,0.30086000392352774,0.9999950287823665
H19,2.7087860951616882,-0.08173156550228784,1.1973082942631692,-0.06826275729809918,0.9455764703164795,0.9999950287823665
H1foo,0.0,,,,,
H2-Aa,9.860329404833475,-1.6057306728988612,0.7928892226742167,-2.025163953525732,0.04285053170118761,0.9999950287823665
H2-Ab1,8.43091878713215,-0.8205704833404415,0.780757936645655,-1.0509921767376864,0.29326218293361195,0.9999950287823665
H2-D1,614.6802852070181,0.8324722133415301,0.3982508770148748,2.0903211050818022,0.03658896465734736,0.9999950287823665
H2-DMa,45.531521187330725,-0.24264186059859524,0.3208391604227769,-0.7562725830564471,0.4494857826683696,0.9999950287823665
H2-DMb2,0.8203217245987632,-2.0155521715934746,2.4455346607095816,-0.8241764894915266,0.4098392836777365,0.9999950287823665
H2-Eb1,10.424045702555,-0.34217285976540956,0.6712687526070575,-0.5097404853666833,0.6102332855619963,0.9999950287823665
H2-K1,472.9768520339384,0.12148852285292298,0.19479346683711846,0.6236786316581588,0.5328386590818068,0.9999950287823665
H2-T23,491.48906257735297,0.00017052218003240572,0.14059180040389394,0.0012128885151376355,0.9990322552170713,0.9999950287823665
H2afv,84.53483182317483,-0.0746738604893938,0.23255157239615198,-0.32110666773814267,0.7481295575421065,0.9999950287823665
H2afx,86.80152482671643,-0.005495905243763611,0.22925483676224223,-0.023972908582353517,0.9808742183143709,0.9999950287823665
H2afy,447.8910258218015,0.0917024259031581,0.14307435649598021,0.6409424312576555,0.5215600865386627,0.9999950287823665
H2afz,358.7924391507341,0.12028037563651957,0.1425487340357518,0.8437842429828438,0.3987899821208354,0.9999950287823665
Hace1,208.44708993158542,-1.075607418351642e-06,0.17263588437522584,-6.2304973397871245e-06,0.9999950287823665,0.9999950287823665
Hacl1,94.22092389040095,-0.2548051125114774,0.2319389823337616,-1.098586834984088,0.2719483226504561,0.9999950287823665
Hadh,478.3533910437518,-0.13323698773733125,0.15201525525479787,-0.8764711641210501,0.38077394588059155,0.9999950287823665
Hadhb,585.3134572943474,0.36957191052396854,0.13645938741678085,2.70829231700421,0.006763042543522888,0.6188785709236924
Hal,0.8597405266673716,2.0699805386854027,2.368057393700894,0.8741260005739789,0.38204963935467307,0.9999950287823665
Hamp,0.3583297928140316,2.1392654395547632,3.8224688848224453,0.5596554227161833,0.5757144936342623,0.9999950287823665
Hand1,0.18311118095946377,-0.8696279726090034,4.441901790678799,-0.19577829803303895,0.8447836970135787,0.9999950287823665
Hand2,0.18140573351686404,-0.8696279726090038,4.441901790678799,-0.19577829803303906,0.8447836970135786,0.9999950287823665
Hao1,1.0946460887681886,-2.169946068282328,2.195115092418173,-0.9885340754009766,0.322891154597856,0.9999950287823665
Hap1,97.05700927653521,0.1205234550329026,0.23251929474243527,0.5183374358949783,0.6042228578922515,0.9999950287823665
Hapln1,80.01815783672903,0.1471588392797785,0.2516678831697703,0.5847342832398998,0.5587263982456004,0.9999950287823665
Has2,1.1785754692284962,1.2894651091700973,1.9765404909386233,0.6523848689574548,0.5141529229536329,0.9999950287823665
Haspin,1.0450925447366837,0.027837088645615023,1.9397016330370138,0.014351221946454808,0.9885497746250526,0.9999950287823665
Hat1,308.2614672630711,0.044003892892540426,0.15768256670126102,0.2790663154025671,0.7801939330016682,0.9999950287823665
Havcr1,0.5519401177693632,1.319943910188987,2.7215154239684836,0.48500328110000546,0.6276740180618727,0.9999950287823665
Havcr2,10.349793607375867,0.07681101168361426,0.6347687683799528,0.12100628687143851,0.9036860555862156,0.9999950287823665
Hba-x,0.3645169144763278,-1.91107425506513,3.582635774964726,-0.5334268887782616,0.5937381083712814,0.9999950287823665
Hbegf,44.82643968660377,0.07448792407786411,0.32280804873250973,0.23074989725422698,0.8175091069811868,0.9999950287823665
Hc,0.48635000918490284,-0.283134924303387,2.790909847126822,-0.10144896819037989,0.9191940659561675,0.9999950287823665
Hcar2,0.6075664720252043,1.3214733718424867,2.6490585241118523,0.49884642404626983,0.6178875797602459,0.9999950287823665
Hcfc1,576.4275554437496,-0.08287856839982276,0.12867234021939006,-0.6441055494794949,0.5195069920049656,0.9999950287823665
Hck,4.095498560094857,0.16193068944861577,0.9525175112696659,0.17000284775108118,0.8650078970707171,0.9999950287823665
Hcn1,152.68119325287685,0.08535076590363581,0.2012150171304728,0.42417691840710015,0.6714367927273852,0.9999950287823665
Hcn2,1108.4548846141417,0.2321575139598771,0.1576546437497957,1.4725700964972555,0.140866993021911,0.9999950287823665
Hcn3,25.008692594622563,-0.38670285976731,0.4066773928250607,-0.9508835912441707,0.34166347234182937,0.9999950287823665
Hcn4,11.262215247355053,0.1954989874547169,0.5868493119596285,0.3331331970074219,0.7390337415865713,0.9999950287823665
Hcrt,1.3742517853908252,1.5246926446802649,1.822001360438337,0.836823000128526,0.40269206700189253,0.9999950287823665
Hcrtr1,4.496984992134145,-0.08550529570923981,0.9448191575527993,-0.09049911300561402,0.9278905987813013,0.9999950287823665
Hcrtr2,10.190338771478702,-0.12078571208628038,0.6500549519137384,-0.18580846393169004,0.8525949668638134,0.9999950287823665
Hdac1,152.06145367887615,-0.23581646397277806,0.19641951982479566,-1.2005755038151202,0.22991590798539985,0.9999950287823665
Hdac2,293.1283233043271,0.06417349994310506,0.14889371176893967,0.43100208316851246,0.6664668557852599,0.9999950287823665
Hdac3,567.8666257095833,-0.06055800990380951,0.12917920541956976,-0.46879069821740355,0.6392192493789127,0.9999950287823665
Hdac4,359.05503258163145,-0.07820783604364426,0.15334382871458405,-0.510016194973265,0.6100401159066773,0.9999950287823665
Hdac5,375.70636177542195,0.04956458572956081,0.1443522839184051,0.34335851421358254,0.7313287653555929,0.9999950287823665
Hdac6,282.2439373440994,-0.05026609613439692,0.15550573581303967,-0.32324271430624585,0.7465114343833839,0.9999950287823665
Hdac8,65.84442239885367,0.027122737225426893,0.2667684762322549,0.10167144787307329,0.9190174659733125,0.9999950287823665
Hdac9,62.529074899316726,-0.026361603007333135,0.2793184035095053,-0.09437832479389795,0.9248086332499624,0.9999950287823665
Hdc,1.5096910514123874,-0.3855015170659872,1.5399427277042874,-0.2503349703405427,0.8023283147837054,0.9999950287823665
Hdgfl2,326.83953725546627,-0.20631329476289478,0.1702120283590223,-1.212095859216984,0.2254756886184247,0.9999950287823665
Hecw2,399.0443090581189,0.04902819467262526,0.15335398865261682,0.3197060285382322,0.7491911893479013,0.9999950287823665
Hells,16.542339161175256,0.2718825895831725,0.5315238606950966,0.5115153047459055,0.6089902744075631,0.9999950287823665
Herc6,117.62270281723154,-0.24433078350137177,0.22298889597849483,-1.0957082971742915,0.27320645050602,0.9999950287823665
Hes1,87.64696936650485,0.07141980689206338,0.2411664780942222,0.29614317651626576,0.7671207418981825,0.9999950287823665
Hes2,0.5558864023218112,-0.6269105370675249,2.756835740254742,-0.22740220895772192,0.8201110027800621,0.9999950287823665
Hes5,24.32599007240778,-0.20535761895318735,0.4869498763604271,-0.4217222940645891,0.6732277298028881,0.9999950287823665
Hes6,52.486697462892664,-0.1274920300514762,0.2958145347878663,-0.4309863615826144,0.6664782872006753,0.9999950287823665
Hesx1,0.3088905602204868,-1.7114059541876046,3.7685775910769013,-0.4541251739754034,0.6497387352058142,0.9999950287823665
Hexa,228.24020050380696,0.11169306094894278,0.17889353492133772,0.6243549326590028,0.532394515271102,0.9999950287823665
Hexb,514.7082836562555,0.0944929825661737,0.1364598453397805,0.692459985799407,0.4886485062689617,0.9999950287823665
Hey1,233.89125105317223,0.11552866666922314,0.1716336034240327,0.6731121666414097,0.5008759341652922,0.9999950287823665
Hey2,9.866522356787987,0.4042441345582797,0.6264438715076399,0.6452998471920556,0.5187328917207392,0.9999950287823665
Heyl,5.977680337289493,-0.3997109647642115,0.7874596862199132,-0.5075954639442768,0.6117370724076096,0.9999950287823665
Hfe,5.82711847638645,-0.16628997323886469,0.8299378945563277,-0.200364357778555,0.8411956326159513,0.9999950287823665
Hfm1,3.9292928053919245,-0.4248692812444667,0.9845245833577574,-0.43154766110098985,0.6660702053849539,0.9999950287823665
Hgf,43.84338936532066,-0.3545102827503907,0.3134412207015779,-1.1310263594459198,0.2580439970378121,0.9999950287823665
Hgs,367.97083312374207,0.1439331538427524,0.14849984841128208,0.9692478166315572,0.33242155869300116,0.9999950287823665
Hhex,10.915789382163728,0.4835595648371432,0.6015342930982738,0.8038769699172299,0.42146803177044456,0.9999950287823665
Hibadh,483.00801047099463,0.2213949150673135,0.1335883874747123,1.6572916198215404,0.09746053075927652,0.9999950287823665
Hic1,9.7338437522904,0.02287828286366962,0.6407682142532346,0.035704459670073484,0.9715180145185537,0.9999950287823665
Hif1a,740.6631066457309,-0.019794795173647992,0.12086612019817332,-0.1637745560227485,0.8699086225489391,0.9999950287823665
Hif1an,164.36671193606358,-0.01728447386087406,0.18832243672205123,-0.09178127769440746,0.9268718195031317,0.9999950287823665
Hif3a,15.140634875343544,1.1822520076678398,0.6567039906921041,1.8002814425139366,0.07181620961902146,0.9999950287823665
Hikeshi,57.368511883910024,-0.13356843569563867,0.2802382031219473,-0.47662465077081434,0.6336294266884782,0.9999950287823665
Hip1r,307.2660766100992,-0.20741908470138862,0.16386436496200393,-1.2657973852306688,0.2055856314857638,0.9999950287823665
Hipk2,1169.4303951497745,-0.1830466677828724,0.13516407321185947,-1.3542553389609722,0.17565492931572713,0.9999950287823665
Hira,100.88594345958352,-0.20149231172552098,0.21439301052439824,-0.9398268685750408,0.347306374384868,0.9999950287823665
Hist1h2ba,0.5815841893834585,-1.4761748167044073,2.6961092369503534,-0.5475204032808964,0.5840212569807588,0.9999950287823665
Hist1h2bc,648.2428200285382,-0.04735985037165991,0.1505943519131119,-0.3144862325181028,0.7531517713027904,0.9999950287823665
Hist1h4h,18.230419538442828,0.2155654479069988,0.48178023614716775,0.4474352240575323,0.6545608479252565,0.9999950287823665
Hist2h2bb,354.6827644251063,0.0706090930322849,0.1432974633730374,0.49274489143239486,0.6221928538264152,0.9999950287823665
Hist2h2be,39.04816795673177,0.12891089430698713,0.34424631971475295,0.37447283216797894,0.7080525654790417,0.9999950287823665
Hivep2,1635.022493868073,0.13622825542121741,0.12150444743844423,1.1211791691018755,0.26221160475788186,0.9999950287823665
Hjv,1.111834674856666,-0.2089699621102889,1.857302032767634,-0.11251264383687509,0.9104169450669832,0.9999950287823665
Hk1,699.170245445975,0.1610079029052611,0.1406862935028359,1.1444462633598032,0.2524386113180731,0.9999950287823665
Hk2,20.861531648878216,0.9589123086823739,0.489744106946716,1.9579864159278249,0.05023160667989468,0.9999950287823665
Hkdc1,50.229178516690304,-0.028968818392501438,0.30087458216889795,-0.0962820394586858,0.9232965752449601,0.9999950287823665
Hlf,612.3259433780391,0.01891169744815037,0.14530827230421464,0.13014880122280442,0.896448700641283,0.9999950287823665
Hmcn1,6.534860537812743,-0.1348376155156132,0.817511172930972,-0.16493672500179818,0.8689937858739869,0.9999950287823665
Hmcn2,1.704893848120511,0.7157584450044692,1.5148542429829357,0.47249327670961405,0.6365747395474759,0.9999950287823665
Hmga1,156.1290274273892,0.6617240334467922,0.2526207665644032,2.6194364083607207,0.008807519218622247,0.6683998526605125
Hmga1b,28.410758635020468,0.5981682402183089,0.4398460485950865,1.35994910521288,0.17384603008561317,0.9999950287823665
Hmga2,13.856171413246294,0.006571587126991977,0.5325748881988226,0.012339273354057677,0.9901549341310317,0.9999950287823665
Hmgcr,1163.3666508883096,-0.023664558874088627,0.14693562196996743,-0.16105392658919354,0.872050927688072,0.9999950287823665
Hmox1,44.19260411727723,0.45576780049036497,0.3594357127397401,1.2680092276205646,0.20479465528121565,0.9999950287823665
Hmx2,0.3945267238715467,0.8919214770610963,3.258084436773589,0.2737564033006913,0.7842718292267451,0.9999950287823665
Hmx3,0.22871710469036832,1.2368956898123245,4.413469574143697,0.2802547222844076,0.7792820857173672,0.9999950287823665
Hnf1a,0.0,,,,,
Hnf1b,0.7662117939114158,3.1934671629770928,2.876928016093981,1.1100267872926757,0.266987483575427,0.9999950287823665
Hnf4a,1.2286824391670788,0.7185351698978295,1.7745141512456934,0.4049193799854592,0.6855367724190302,0.9999950287823665
Hnrnpa1,2950.002429130058,0.05587790045301482,0.10538631790634485,0.5302196866074458,0.5959596231468142,0.9999950287823665
Hnrnpdl,606.231435509053,-0.18435401097477874,0.14506165586532188,-1.2708665834197883,0.2037761163206564,0.9999950287823665
Hnrnph1,1253.7437879185495,-0.025356295696675062,0.12931299082692932,-0.19608467435890933,0.8445438914988815,0.9999950287823665
Hnrnpk,547.1860970364306,0.02958105333142076,0.14598377245159863,0.20263247643657414,0.8394223040283648,0.9999950287823665
Hnrnpm,1025.3504035929725,0.03555252933199559,0.12697688037776333,0.27999214680833884,0.7794835299624991,0.9999950287823665
Homer1,1178.3372402251389,0.2630793272167739,0.12823676330110473,2.051512533882766,0.040217060298562986,0.9999950287823665
Homer3,108.76953290578102,-0.2516716336612173,0.2222989888657262,-1.1321312568508033,0.2575792556361295,0.9999950287823665
Hopx,329.7650500209768,0.09660487191019515,0.17168013538703364,0.5627026778165702,0.5736373605098932,0.9999950287823665
Hoxa1,0.1791648964070158,1.4769425715357707,4.382600628342644,0.33700140550892543,0.7361158405752473,0.9999950287823665
Hoxa10,0.0895824482035079,0.9694711599089978,4.453824094096601,0.217671632158531,0.8276849679587712,0.9999950287823665
Hoxa11,0.12577937926102303,-0.8696279726090034,4.441901790678799,-0.19577829803303895,0.8447836970135787,0.9999950287823665
Hoxa13,0.2469958421013245,1.2368956898123245,4.413469574143697,0.2802547222844076,0.7792820857173672,0.9999950287823665
Hoxa2,0.6132182040202521,-0.8062912805856769,2.833596688434933,-0.2845469448339213,0.7759912633239692,0.9999950287823665
Hoxa3,0.6828164673702041,-0.12367497848624803,2.3546543850271413,-0.052523622690734066,0.9581114731250588,0.9999950287823665
Hoxa4,0.4540993626798357,-1.0128503819390418,2.9426053025063625,-0.344201915586962,0.7306944417945913,0.9999950287823665
Hoxa5,0.35449648395139133,0.25206441206239544,3.4739394731227704,0.07255866546109146,0.9421573201607218,0.9999950287823665
Hoxa7,0.8379890241581723,1.8962575781123032,2.294768860468261,0.8263392495771277,0.4086116744839533,0.9999950287823665
Hoxa9,2.3505375445486814,-0.26263325385216335,1.2286451176263382,-0.21375843201945374,0.8307354421180821,0.9999950287823665
Hoxb1,0.7612844754577228,-1.9113069355116206,2.358632615285858,-0.8103453344640437,0.4177417267355584,0.9999950287823665
Hoxb13,0.0,,,,,
Hoxb2,0.6014923260527159,1.3364690297710466,2.703768897588692,0.49429854414071883,0.6210953531603451,0.9999950287823665
Hoxb3,0.18311118095946377,-0.8696279726090034,4.441901790678799,-0.19577829803303895,0.8447836970135787,0.9999950287823665
Hoxb4,0.21536182746453092,0.0081920501520074,4.137788937172267,0.001979813440558373,0.9984203384544649,0.9999950287823665
Hoxb5,0.6828164673702041,-0.12367497848624803,2.3546543850271413,-0.052523622690734066,0.9581114731250588,0.9999950287823665
Hoxb6,0.21536182746453092,0.0081920501520074,4.137788937172267,0.001979813440558373,0.9984203384544649,0.9999950287823665
Hoxb7,0.0,,,,,
Hoxb8,1.458433395686435,-0.34081941879594235,1.6166324168970003,-0.2108206016616434,0.8330272620220696,0.9999950287823665
Hoxb9,0.12577937926102303,-0.8696279726090034,4.441901790678799,-0.19577829803303895,0.8447836970135787,0.9999950287823665
Hoxc10,0.0895824482035079,0.9694711599089978,4.453824094096601,0.217671632158531,0.8276849679587712,0.9999950287823665
Hoxc11,0.0895824482035079,0.9694711599089978,4.453824094096601,0.217671632158531,0.8276849679587712,0.9999950287823665
Hoxc12,0.6771028651621127,1.3843506923804576,2.7626608777590427,0.5010932407684385,0.6163055036200797,0.9999950287823665
Hoxc5,0.4757129467916928,2.3316288326806114,3.330110774486326,0.7001655472077406,0.4838239249031523,0.9999950287823665
Hoxc6,0.4078820010973841,2.2318224263509725,3.431765412638648,0.6503423626019202,0.5154710989060005,0.9999950287823665
Hoxc8,0.30718511277788707,-1.7052535059724676,3.7751247964007675,-0.45170785018769954,0.6514794621774371,0.9999950287823665
Hoxd1,0.8274912159104568,-0.767595244161315,2.2443902147508115,-0.34200614452711775,0.7323462681326716,0.9999950287823665
Hoxd10,0.5652953949952008,2.6167313423968497,2.9985837008591623,0.8726557613339581,0.38285073730558117,0.9999950287823665
Hoxd11,0.7612844754577228,-1.9113069355116206,2.358632615285858,-0.8103453344640437,0.4177417267355584,0.9999950287823665
Hoxd12,0.18311118095946377,-0.8696279726090034,4.441901790678799,-0.19577829803303895,0.8447836970135787,0.9999950287823665
Hoxd13,0.6454688505253191,0.038316865606087123,2.398191187172825,0.0159774023901981,0.9872524196749332,0.9999950287823665
Hoxd3,0.5558864023218112,-0.6269105370675249,2.756835740254742,-0.22740220895772192,0.8201110027800621,0.9999950287823665
Hoxd4,0.18311118095946377,-0.8696279726090034,4.441901790678799,-0.19577829803303895,0.8447836970135787,0.9999950287823665
Hoxd9,0.8180048393046165,1.8731559386164223,2.4074690990608927,0.7780602207301869,0.4365335122496,0.9999950287823665
Hpcal4,4175.048685079782,0.09641824340669536,0.12439023825837095,0.7751270900086632,0.4382645654515369,0.9999950287823665
Hpd,0.4261607385083403,2.2758266160578153,3.389482401174884,0.6714378027951861,0.5019416695422074,0.9999950287823665
Hpgds,22.74532233072365,0.059740977265636624,0.4367663290595598,0.13678018036388062,0.8912045501654104,0.9999950287823665
Hprt,374.32519150001417,0.22995803973328582,0.14795869829586442,1.5542042636347888,0.12013570082844457,0.9999950287823665
Hps4,58.30692304059739,0.09938698546865074,0.28717991424701883,0.3460791668847797,0.7292832195729906,0.9999950287823665
Hps5,187.5807192393605,-0.10086063568990801,0.17655064087771333,-0.5712844495408459,0.5678068410272886,0.9999950287823665
Hps6,34.4569171607418,-0.15752363091645244,0.3575350114474841,-0.44058239297661067,0.6595153517611771,0.9999950287823665
Hpse,1.977166399054194,-1.0439154657842562,1.508955475554154,-0.6918132991305691,0.4890545837439373,0.9999950287823665
Hpse2,0.7550973537954265,0.748732163206714,2.335217259190254,0.32062634012320546,0.7484935741105353,0.9999950287823665
Hr,143.80498038244136,-0.031657843907424675,0.1875405656718799,-0.16880531310123637,0.8659497790526004,0.9999950287823665
Hras,42.75292593381095,0.3439883176446364,0.32128678931369625,1.070658144330905,0.28432316917732336,0.9999950287823665
Hrg,0.5376076649108551,-0.6250532922586682,2.779705434253256,-0.22486314001346097,0.8220857449751323,0.9999950287823665
Hrh1,66.77028313869063,0.26437955465640434,0.26849085155864283,0.9846873855165955,0.3247776508474971,0.9999950287823665
Hrh3,269.67589878866943,0.0073686828234011525,0.16324572624932063,0.04513859561718124,0.963996837906356,0.9999950287823665
Hs3st2,311.17987694841355,0.11051099519619295,0.18469450731868753,0.598344784588033,0.5496098999430259,0.9999950287823665
Hsd17b3,1.0673175667000876,-1.147873136314204,2.0233951799676566,-0.5673005192848946,0.5705100242974384,0.9999950287823665
Hsd17b4,736.4967404085837,-0.026787461593143647,0.13153022991110858,-0.20366011380993776,0.8386191134404009,0.9999950287823665
Hsd17b7,71.71200237851414,0.09108462389874672,0.2509745231165209,0.3629237851224385,0.7166618184404374,0.9999950287823665
Hsf1,197.44552695425287,0.31125157546862037,0.21017773394706182,1.4808969990466085,0.13863402284485224,0.9999950287823665
Hsf2,130.966081693343,0.07662004701558767,0.1978595877497485,0.38724454997094304,0.6985751718478588,0.9999950287823665
Hspa1a,215.25411995331808,0.8265283356950176,0.2541197877599126,3.252514662399708,0.0011438869402945965,0.33660795345641653
Hspa1b,119.35244397746526,0.8533016832369887,0.30959046454353406,2.756227277526498,0.005847235163472716,0.5903368621042054
Hspa5,1564.8194468018592,0.34331514574130645,0.12822206229621178,2.677504476165717,0.007417286145552806,0.6294053895385405
Hspa9,1405.3855497684672,0.5392711896677557,0.15789211750957788,3.4154408603396114,0.0006367885561143331,0.23141779794399187
Hspb2,6.9868811542848945,-0.051939171818648044,0.7303677409013544,-0.0711137265654003,0.9433072436110563,0.9999950287823665
Hspb3,24.838203225062284,-0.4353561891288068,0.39985263354684847,-1.0887916012132468,0.2762457961685614,0.9999950287823665
Hspd1,1359.2938760367053,0.25163505478954323,0.1126318999695335,2.2341366420846094,0.025474083688835202,0.9999950287823665
Hspg2,45.77518673440031,-0.1493443088185114,0.4156598461902157,-0.35929452937864,0.7193747664129347,0.9999950287823665
Hsph1,2332.6549412358477,0.3313434871293665,0.14387052947358767,2.3030671280750092,0.021275066474707272,0.9763321414938392
Htr1a,67.11019001443681,-0.12476569476491613,0.27385975235834137,-0.4555824420729852,0.6486902713476753,0.9999950287823665
Htr1b,18.7924331824783,-0.18493032034364731,0.4550328296084539,-0.40641094072877315,0.6844406821918392,0.9999950287823665
Htr1d,1.6883205581521545,0.6976866382349347,1.5352558859161112,0.4544432264583791,0.6495098460188555,0.9999950287823665
Htr1f,39.28579556711572,0.09404627585740068,0.32502915913142105,0.2893471961368683,0.7723156988214276,0.9999950287823665
Htr2a,160.72746082465284,-0.19923603671586673,0.19034914259769545,-1.0466873346361945,0.2952438070461547,0.9999950287823665
Htr2b,0.5196894712642962,0.892606820588167,2.82550652394846,0.31591037324550486,0.7520705381264341,0.9999950287823665
Htr2c,83.58582280397796,0.23705168092823498,0.3080656031746436,0.7694844165833388,0.44160579206292605,0.9999950287823665
Htr3a,11.559193855043631,0.23508873447270948,0.627713339440675,0.37451607238773305,0.7080204011940623,0.9999950287823665
Htr3b,0.0895824482035079,0.9694711599089978,4.453824094096601,0.217671632158531,0.8276849679587712,0.9999950287823665
Htr4,9.991283774642255,-0.12438563961426928,0.6152096849870688,-0.20218413761949108,0.8397727733981681,0.9999950287823665
Htr7,41.22368108249865,-0.07974270108692855,0.3155910597235032,-0.25267731334592625,0.8005175804426528,0.9999950287823665
Htra2,39.572385382357616,-0.126195879936347,0.3184462159119543,-0.39628632287230037,0.6918938158691974,0.9999950287823665
Htt,417.83189060369915,0.06579276865266552,0.1394417689506246,0.47182970459850015,0.6370483465774959,0.9999950287823665
Huwe1,336.56321771238066,0.02575203325763795,0.14386892709505197,0.17899649199874815,0.8579404561906053,0.9999950287823665
Ibsp,1.2236421450235782,-0.8604101981286876,1.7397405643202468,-0.4945623593394042,0.6209090776600155,0.9999950287823665
Icam1,3.3089051100599787,-0.6914441084218347,1.0921183074197296,-0.6331219829612239,0.5266539878178733,0.9999950287823665
Ick,192.71033945556692,-0.2282178057681353,0.19111073828065744,-1.194165266804547,0.23241332677782078,0.9999950287823665
Icos,0.8724805077730876,0.7739296823103701,2.0579490776727685,0.3760684317736221,0.7068660223731806,0.9999950287823665
Icosl,4.238940044898563,0.137761530462795,0.9595505415381314,0.1435688111248078,0.8858409705749312,0.9999950287823665
Id1,25.696414805065448,0.6458286169245095,0.43228115501747494,1.4940013216592845,0.1351752738318086,0.9999950287823665
Id2,766.0304403911382,-0.2189482976542704,0.13202499794211284,-1.6583851624089374,0.09723974949560235,0.9999950287823665
Id4,360.5577950922272,0.08453929587891136,0.14829256124691276,0.5700845353810446,0.5686203634679905,0.9999950287823665
Idh1,466.3604953359927,-0.22058211496737198,0.1486371503634318,-1.4840308390468195,0.1378007393864032,0.9999950287823665
Idh2,502.6519251181816,0.05578264661758687,0.15247889074142318,0.36583848653637063,0.7144855995478387,0.9999950287823665
Idi1,202.66187712497003,-0.1366061345057172,0.2308321992728867,-0.5917984359895272,0.553985570646407,0.9999950287823665
Ido1,4.658611129924679,-0.23433509863235305,0.9297231949827262,-0.25204824392566316,0.8010037739765774,0.9999950287823665
Ido2,5.687206432877304,-0.5113220058778567,0.8144754131662311,-0.6277930525737035,0.5301395178905794,0.9999950287823665
Idua,71.31248801025463,-0.030566715063274175,0.28594646274527197,-0.10689663641862829,0.9148709816513629,0.9999950287823665
Ifi204,0.7267929918428072,-1.0404960050886218,2.424332021235458,-0.42918873981558725,0.6677858767946661,0.9999950287823665
Ifi208,0.18311118095946377,-0.8696279726090034,4.441901790678799,-0.19577829803303895,0.8447836970135787,0.9999950287823665
Ifi209,0.452393915237236,-1.01636677170274,3.1394991257764424,-0.3237353255995503,0.7461384239179836,0.9999950287823665
Ifi27,164.52112817070653,-0.4648771368840115,0.21687404560378654,-2.143535136211315,0.03207015286078311,0.9999950287823665
Ifi44,4.203951811572886,-0.6463938309182328,1.009085972489843,-0.6405735968396281,0.5217997584709537,0.9999950287823665
Ifih1,32.66394928371712,-0.3600504078112838,0.3569478347768009,-1.008691950846047,0.313122393236262,0.9999950287823665
Ifit1,6.249647030390688,-0.631715650934406,0.7907055167409793,-0.7989265757726393,0.42433298802138497,0.9999950287823665
Ifit3,16.07856820475034,0.4922522389557844,0.4889047759385132,1.0068468609471963,0.3140083714340056,0.9999950287823665
Ifnar1,204.3975178728501,-0.10993287687331214,0.17191195512346766,-0.6394719715354179,0.5225159416371322,0.9999950287823665
Ifnar2,21.650380738863475,-0.8509995888908117,0.4327258663204458,-1.9666020802662683,0.04922910346504029,0.9999950287823665
Ifnb1,0.6437634030827194,0.04279359683323498,2.40011363487916,0.017829821143193304,0.9857746147062729,0.9999950287823665
Ifng,0.18311118095946377,-0.8696279726090034,4.441901790678799,-0.19577829803303895,0.8447836970135787,0.9999950287823665
Ifngr1,193.13798826611017,0.16207908761273918,0.18187829194182034,0.891140365803443,0.3728538719379447,0.9999950287823665
Ifngr2,79.43354685757686,0.28788401737008956,0.24711616421967808,1.164974449482674,0.24402933541043936,0.9999950287823665
Ifnlr1,0.25155875852204607,-1.4851131659810481,4.354343402773429,-0.34106477799503115,0.7330548162393851,0.9999950287823665
Ift122,169.43200764681828,0.03897216094075464,0.18250192868870257,0.21354383058181423,0.8309028055642319,0.9999950287823665
Ift27,276.5479867709372,0.02313199641681442,0.15900525639144186,0.1454794447792825,0.8843323437796659,0.9999950287823665
Ift88,110.0730779213631,-0.10315807880591403,0.21438080915319224,-0.48119082679737124,0.6303808798631624,0.9999950287823665
Igdcc4,155.95922053549808,-0.026764089867175052,0.19474011951013892,-0.1374349052188068,0.8906870424317748,0.9999950287823665
Igf1,13.374699213802842,0.04617794727749153,0.5812649599302497,0.07944388611182197,0.9366795628559043,0.9999950287823665
Igf1r,292.6068002045395,0.20680432702449766,0.2178599216197816,0.9492536556834964,0.3424916181217734,0.9999950287823665
Igf2,56.3137723836067,-0.15633359019581297,0.33755068968096885,-0.4631410776958252,0.6432632476773664,0.9999950287823665
Igf2bp1,0.6115127565776523,-0.8055847613644721,2.6806661241682197,-0.30051663431768694,0.7637831101093995,0.9999950287823665
Igf2r,100.0101699262807,-0.04853551998697858,0.23491511212772884,-0.20660875985104218,0.8363154185048608,0.9999950287823665
Igfbp1,0.3049442756680388,0.5282623719659802,3.599600672302437,0.1467558265645295,0.8833247523657832,0.9999950287823665
Igfbp2,24.903932815519184,-0.21267709864301285,0.414561569521732,-0.5130169178208497,0.6079394865668901,0.9999950287823665
Igfbp3,53.68720752332967,1.3584742365705171,0.7229782913461622,1.8789972711920326,0.06024486582409276,0.9999950287823665
Igfn1,43.649932302866155,0.09350220706546576,0.30777007997680994,0.3038053831370191,0.7612761653243718,0.9999950287823665
Igha,1.305501676008315,-2.754675842841023,2.0745370082402417,-1.3278509045146991,0.1842273664317028,0.9999950287823665
Ighd,3.0060074536109553,-0.8255490752848345,1.2015807029862609,-0.6870525410678754,0.49204961955557147,0.9999950287823665
Ighm,258.8052322849614,0.45317140006817586,0.7568997462444267,0.5987205073283676,0.5493592795394373,0.9999950287823665
Igkc,2.016541263130113,-1.4307784738104639,1.670984414669198,-0.8562488442441355,0.3918601504935929,0.9999950287823665
Igll1,0.18140573351686404,-0.8696279726090038,4.441901790678799,-0.19577829803303906,0.8447836970135786,0.9999950287823665
Igsf11,1171.9561984502016,0.2981858186195648,0.17383133493755606,1.715374381302885,0.0862766092704599,0.9999950287823665
Igsf21,207.8865586423186,-0.04196535547936141,0.18354312743538717,-0.22864029869020566,0.8191485002708432,0.9999950287823665
Igsf5,4.317738853526104,-0.43974231387673673,0.9345423095389327,-0.47054296995252004,0.6379671418426656,0.9999950287823665
Igsf8,192.42769680087488,-0.2965338143319503,0.17418596592728164,-1.702397852509805,0.08868081234891649,0.9999950287823665
Igsf9b,278.35372631819234,-0.12312988529540851,0.16301457443342515,-0.7553305323978533,0.4500506832110517,0.9999950287823665
Igtp,4.188013189712632,-0.07817590838896377,0.9468922055238511,-0.0825605152655305,0.9342009982979038,0.9999950287823665
Ihh,0.752969492375386,-0.48408841204828335,2.236817657094495,-0.21641836137733642,0.8286616550811424,0.9999950287823665
Ikbkb,220.63111586120615,-0.2967921431066533,0.16645215886371392,-1.783047724539625,0.07457853490121143,0.9999950287823665
Ikbkg,224.9977896043276,-0.016576644598201604,0.16107692600671047,-0.10291135427746505,0.9180333261399589,0.9999950287823665
Ikzf1,5.7923545976758675,-0.3406951002514283,0.8627092124117387,-0.3949130197636365,0.6929070809776462,0.9999950287823665
Ikzf2,205.59985069632202,0.024331981217623703,0.2157662914131875,0.1127700766336504,0.9102128423647956,0.9999950287823665
Il10,0.12577937926102303,-0.8696279726090034,4.441901790678799,-0.19577829803303895,0.8447836970135787,0.9999950287823665
Il10ra,18.382550918655536,-0.023509383711629594,0.46319028240556503,-0.05075534743417825,0.9595204725706015,0.9999950287823665
Il11,3.9828673464120237,-1.2557249479166508,0.9906552528414572,-1.2675700697239578,0.20495152605623335,0.9999950287823665
Il11ra1,271.0450634152337,0.09752839126426291,0.17726148696797447,0.5501950419827133,0.5821856038537303,0.9999950287823665
Il12a,3.9118519894681447,0.5934260774927546,0.9664289418617517,0.614040051769936,0.5391888609318115,0.9999950287823665
Il12b,0.5359022174682554,-0.6198548119728715,2.782350050743306,-0.22278103066408808,0.823705932344979,0.9999950287823665
Il12rb1,42.942621059760135,0.008066909836129309,0.361132306110421,0.02233782383806655,0.9821784773423955,0.9999950287823665
Il12rb2,0.8591252305472503,-0.03856822982600469,2.0854215918088914,-0.0184942123825191,0.9852445946269457,0.9999950287823665
Il13,0.18311118095946377,-0.8696279726090034,4.441901790678799,-0.19577829803303895,0.8447836970135787,0.9999950287823665
Il13ra1,14.396332882476065,-0.11912941698066035,0.5842551682471424,-0.20389963744448744,0.8384319284051271,0.9999950287823665
Il13ra2,0.22871710469036832,1.2368956898123245,4.413469574143697,0.2802547222844076,0.7792820857173672,0.9999950287823665
Il15,4.272000205414584,0.3228110816535281,0.938514356864349,0.3439596627291516,0.7308766217378964,0.9999950287823665
Il15ra,11.580333590354142,-0.17700243787850883,0.6022063981956546,-0.2939232103957179,0.768816581743389,0.9999950287823665
Il17a,0.9744054658124055,-0.480308278714364,1.9683164803638324,-0.2440198431024576,0.8072154518065636,0.9999950287823665
Il17f,0.5414409737734953,1.242495843746938,2.909770119087326,0.4270082490697434,0.6693733193877965,0.9999950287823665
Il17ra,99.4807798697042,-0.06098989308822029,0.2199080654141294,-0.2773426839682506,0.7815169874315105,0.9999950287823665
Il17rb,10.011304887001321,-0.159917433820439,0.6197557201645423,-0.25803300980906096,0.7963814314712537,0.9999950287823665
Il17rc,10.264626301418298,0.6477649211350874,0.6159825029034101,1.051596300352481,0.2929848059040643,0.9999950287823665
Il18,191.43480696240576,-0.2901692860705519,0.1796254590239997,-1.615412913331971,0.10622130562165936,0.9999950287823665
Il18r1,1.3628334777067554,-2.815330582444242,2.1316384393199916,-1.3207355105410623,0.18658956927044756,0.9999950287823665
Il18rap,1.7523800651968664,0.25361666022026136,1.4768845785360374,0.1717240899567514,0.8636544460967095,0.9999950287823665
Il1a,0.5519401177693632,1.319943910188987,2.7215154239684836,0.48500328110000546,0.6276740180618727,0.9999950287823665
Il1f10,0.6699965798116151,-2.8098588679096737,2.9870071575528896,-0.9406937177250204,0.3468618393345807,0.9999950287823665
Il1f5,2.293262419046558,-1.3304548516347703,1.3645904720239481,-0.9749847143967317,0.32956784224877644,0.9999950287823665
Il1r1,10.336064726855872,-0.20686353941734198,0.6248621787960094,-0.3310546652318255,0.7406031944515848,0.9999950287823665
Il1rap,1187.3151611348178,-0.05204922271170761,0.1302578148477831,-0.39958618047240685,0.6894613367490212,0.9999950287823665
Il1rapl2,29.185476378264994,-0.16536048489751523,0.3806763582912044,-0.4343860113609159,0.6640081541696639,0.9999950287823665
Il1rl1,0.7891664234329011,-1.5370630416921323,2.429832129699541,-0.6325799313066934,0.5270079959105367,0.9999950287823665
Il1rn,0.25155875852204607,-1.4851131659810481,4.354343402773429,-0.34106477799503115,0.7330548162393851,0.9999950287823665
Il2,1.264685152333761,1.342375698672751,1.8637022070582472,0.7202737076711512,0.47135648966171184,0.9999950287823665
Il21,0.21536182746453092,0.0081920501520074,4.137788937172267,0.001979813440558373,0.9984203384544649,0.9999950287823665
Il21r,2.053372862295731,-0.45227207692746796,1.345741697205055,-0.33607643864107284,0.7368132253559139,0.9999950287823665
Il22,4.1337284131224346,1.4398759250160238,1.0226830532578202,1.4079395570594526,0.1591489685301084,0.9999950287823665
Il22ra1,1.0188607037559403,0.0019522153414024898,2.0517021567159364,0.0009515101083323467,0.9992408048896727,0.9999950287823665
Il22ra2,0.36622236191892754,-1.9219707158045265,3.830057158379299,-0.5018125412566465,0.6157993904371948,0.9999950287823665
Il23a,0.5196894712642962,0.892606820588167,2.82550652394846,0.31591037324550486,0.7520705381264341,0.9999950287823665
Il23r,1.4643696232615815,0.7570701866743234,1.8328715019241346,0.4130514255252246,0.6795689367998606,0.9999950287823665
Il25,0.8229282994897353,0.7963963229467627,2.149409171348586,0.370518714427503,0.7109960351261344,0.9999950287823665
Il27,0.4540993626798357,-1.0128503819390418,2.9426053025063625,-0.344201915586962,0.7306944417945913,0.9999950287823665
Il27ra,1.648290318231999,0.540627047690907,1.5457415403695745,0.34975255149165974,0.7265244110170147,0.9999950287823665
Il2ra,2.666993731602616,0.7965487426497255,1.3048530092776036,0.6104509373747109,0.5415631344995842,0.9999950287823665
Il2rb,2.62545263883352,-1.0445607360287177,1.3705541652607416,-0.762144804273383,0.4459735845632503,0.9999950287823665
Il2rg,0.8848230176088977,-0.8460412827372406,2.0725716301922144,-0.4082084645049286,0.683120634354948,0.9999950287823665
Il3,0.0,,,,,
Il31,0.5196894712642962,0.892606820588167,2.82550652394846,0.31591037324550486,0.7520705381264341,0.9999950287823665
Il33,162.3631787053266,-0.3843675017851116,0.6255248512116058,-0.6144719926644221,0.5389034750680024,0.9999950287823665
Il34,258.05018316496955,-0.051619260787202345,0.15744524757171346,-0.3278553121375779,0.74302106352405,0.9999950287823665
Il3ra,0.2709881817203719,0.010035929001538433,3.8206954392682,0.0026267283433250234,0.9979041764195309,0.9999950287823665
Il4,0.18140573351686404,-0.8696279726090038,4.441901790678799,-0.19577829803303906,0.8447836970135786,0.9999950287823665
Il4ra,12.513200092417987,-0.15633003909523638,0.5515055598546834,-0.28346049518780536,0.7768238605468143,0.9999950287823665
Il5,0.4101228382072324,0.24486712757251475,3.318725845487363,0.07378347563884277,0.9411826757120761,0.9999950287823665
Il5ra,0.6694611901443667,-0.9062670262240609,2.3524300161158544,-0.3852471784560958,0.7000542923350571,0.9999950287823665
Il6ra,5.686253823249342,-0.03036145417310772,0.8568704742521509,-0.03543295642157144,0.9717345057796358,0.9999950287823665
Il6st,552.4631270492499,0.193368460167918,0.13892410112129283,1.3919000274768056,0.1639526735400303,0.9999950287823665
Il7,0.6160756729983738,-2.7091147928272727,2.885341203802469,-0.9389235454223039,0.34776999941866416,0.9999950287823665
Il7r,4.653857802347987,-0.3741444742149984,0.9996704425663763,-0.3742678169562425,0.7082050733573684,0.9999950287823665
Il9,0.18311118095946377,-0.8696279726090034,4.441901790678799,-0.19577829803303895,0.8447836970135787,0.9999950287823665
Ilf2,691.9327885857792,0.051563300552534844,0.12361314011616197,0.41713446081929223,0.676580060034319,0.9999950287823665
Ilk,146.61549946663652,0.14387422489324855,0.19084308374894887,0.7538875502688526,0.4509167468409111,0.9999950287823665
Ilkap,311.87759324663494,0.05057644413613333,0.15808310798598965,0.3199357906134775,0.749017005688504,0.9999950287823665
Immt,878.5266189378141,0.10538827694249296,0.11982938964075388,0.8794860531163926,0.3791377918998524,0.9999950287823665
Impact,1932.2577586322748,0.024854512252223945,0.11151537335411509,0.22287969366608212,0.8236291409964204,0.9999950287823665
Impad1,368.66794310206006,-0.22322462487206424,0.14175127491836537,-1.5747627314154278,0.11531122184605896,0.9999950287823665
Ina,742.1085381245783,0.2139092897425838,0.14031980904274408,1.5244411405764027,0.12739854962501607,0.9999950287823665
Ing3,263.8756251902052,0.09688516795944012,0.1663763433877802,0.5823253834448439,0.5603475309114643,0.9999950287823665
Inha,46.934672743347356,-0.2885113453481294,0.29810834027125077,-0.9678070230628603,0.33314075567775425,0.9999950287823665
Inhba,15.821856350188938,0.18381174338633596,0.5380616145132828,0.3416183917014922,0.7326380944780557,0.9999950287823665
Inhbb,1.4335451226357419,0.4429578737177184,1.666044695743238,0.2658739437480162,0.7903362929331896,0.9999950287823665
Inka2,127.40399265443233,0.42282686563147703,0.20717142716122014,2.040951647750317,0.04125563340927354,0.9999950287823665
Ino80d,394.60682954801683,-0.10459765982562123,0.14321739747857326,-0.7303418555784753,0.465181249807158,0.9999950287823665
Inpp1,104.02942550144627,0.011499317384489208,0.21847675654398,0.052634053921312055,0.9580234834605129,0.9999950287823665
Inpp4b,43.32008808189952,0.2235803300237635,0.30571430778892966,0.7313374753075906,0.4645730455915985,0.9999950287823665
Inpp5b,216.6498844594016,0.07802381987540002,0.17282792803116198,0.45145377118292956,0.6516625363329203,0.9999950287823665
Inpp5d,22.371370057895827,0.008611640921863808,0.4252087125853073,0.02025273863629053,0.9838417571493067,0.9999950287823665
Inpp5e,48.48729717891976,-0.24027494528220322,0.30417688142526766,-0.789918497935668,0.42957536768123483,0.9999950287823665
Ins1,0.4623576695658554,0.8942960949168186,2.9207619181127735,0.30618589258198103,0.7594631130200995,0.9999950287823665
Insm1,4.4376736186493995,-0.3901978626278809,0.9533191383057698,-0.40930455180133807,0.6823161755345644,0.9999950287823665
Insr,216.87183386988997,0.0682850834942152,0.16413214412344915,0.4160372354781143,0.6773827564473363,0.9999950287823665
Insrr,0.0895824482035079,0.9694711599089978,4.453824094096601,0.217671632158531,0.8276849679587712,0.9999950287823665
Ints11,149.08029011957882,0.29336345351927073,0.223852437398213,1.3105215959628085,0.190019443333719,0.9999950287823665
Ints4,263.4170939865362,0.0400815546010564,0.1638919947147113,0.24456078328186087,0.8067965324412091,0.9999950287823665
Invs,84.01105156910938,0.03509381593205399,0.24265095374236803,0.14462673808121299,0.8850055852477475,0.9999950287823665
Ipmk,189.8747307470658,-0.040567977080376835,0.17943267365081406,-0.22609024463027494,0.8211312318233668,0.9999950287823665
Ipo9,284.49754686295614,0.12765364751508496,0.162277268978623,0.7866391166091227,0.4314931539260797,0.9999950287823665
Iqgap1,118.64811829902327,-0.16064282486612852,0.22047236003671986,-0.7286302230328251,0.4662278858680159,0.9999950287823665
Iqgap2,44.45741268021177,0.5322957960742931,0.3121720192877089,1.7051361531018907,0.08816903430297719,0.9999950287823665
Iqgap3,0.48635000918490284,-0.283134924303387,2.790909847126822,-0.10144896819037989,0.9191940659561675,0.9999950287823665
Irak1,90.36661547877394,0.1690188390595905,0.23178108845632112,0.7292175568993495,0.4658685932862403,0.9999950287823665
Irak2,73.0317116485134,0.10643172731517492,0.24665565608229914,0.4314992366510456,0.6661054075382571,0.9999950287823665
Irak3,23.845879261074245,-0.5588289456049643,0.42673719077890926,-1.3095388864161388,0.19035187444676205,0.9999950287823665
Ireb2,317.28604008528947,0.01607401609085991,0.14715022805596864,0.10923541406097008,0.9130157720041919,0.9999950287823665
Irf1,42.92124983465748,-0.24502692747118554,0.33513225359402504,-0.7311350216025703,0.4646966846701125,0.9999950287823665
Irf3,293.31383439345933,0.10193100385118845,0.15523562112502376,0.656621225930453,0.5114244972001863,0.9999950287823665
Irf4,5.566252045429988,0.944632347910796,0.8847545698707695,1.0676772746692593,0.28566611287724697,0.9999950287823665
Irf5,8.418164732074652,0.3440971864047772,0.6655722581458687,0.5169944843605003,0.6051600091318852,0.9999950287823665
Irf7,1.8168761641902742,-0.8486661366170314,1.4229706138292022,-0.596404541576075,0.550905007220611,0.9999950287823665
Irf8,5.02561859540304,2.1563675132824853,0.9665744319359746,2.2309378792106536,0.02568524417620959,0.9999950287823665
Irf9,73.65557504529923,-0.2547149196090894,0.2614959912421924,-0.9740681621890619,0.3300226963841536,0.9999950287823665
Irgm1,64.41157355112342,0.03355343039565161,0.2652117709634214,0.12651561532794628,0.8993237891198174,0.9999950287823665
Irgm2,32.55730252210723,-0.046465783990105314,0.3535293528747366,-0.1314340198692616,0.8954319781194707,0.9999950287823665
Irs1,69.64155468594105,0.021752464430967358,0.25680043724413676,0.08470571415066393,0.9324953530623225,0.9999950287823665
Irs2,713.3419390045419,0.4271931604762884,0.160185608735307,2.6668635456646332,0.0076562750523137485,0.6294053895385405
Irx2,2.11949836054744,-0.48098704671531817,1.3536620819925262,-0.35532283360358896,0.7223477513515113,0.9999950287823665
Irx3,1.6799243328687927,1.056139222546828,1.6411157104204643,0.643549516856577,0.5198675953764664,0.9999950287823665
Irx4,0.0,,,,,
Irx5,1.493478305208428,0.1183609291105452,1.689350133525773,0.07006299449807897,0.9441435204041057,0.9999950287823665
Irx6,0.7333458512862272,0.48195352578484246,2.250259666078116,0.21417684947658475,0.8304091486451339,0.9999950287823665
Isca1,464.08735899426756,0.01275166588520493,0.13537572742255208,0.09419462504827616,0.9249545543819312,0.9999950287823665
Isg15,12.507225930936322,0.5649237031077992,0.6038651028592309,0.9355130813702454,0.3495239450080855,0.9999950287823665
Isg20,9.480491449190739,1.2305600820409675,0.723475195190475,1.7009015515963728,0.08896147523447301,0.9999950287823665
Isl1,1.0701750356782094,-2.4602879315331294,2.1162361461584926,-1.162577218047796,0.24500107846100483,0.9999950287823665
Isl2,0.0895824482035079,0.9694711599089978,4.453824094096601,0.217671632158531,0.8276849679587712,0.9999950287823665
Itch,1123.969895077645,-0.11724770777600385,0.1274120158643241,-0.9202248860174711,0.35745525211456275,0.9999950287823665
Itga1,16.25451322041067,-0.019797174681755323,0.4923115977027635,-0.04021269207171513,0.9679235590053892,0.9999950287823665
Itga11,0.45580481012243546,-1.0265968350500398,3.131943952360558,-0.32778263297984306,0.7430760194030092,0.9999950287823665
Itga2,0.5909931820568479,1.2850624847971044,2.669583882208548,0.48137183227746033,0.6302522524320479,0.9999950287823665
Itga2b,3.949749173951533,-0.31579177388204993,0.990593259926631,-0.3187905537591072,0.7498853418605925,0.9999950287823665
Itga3,38.488053926496015,0.07984729111451803,0.3284822011220356,0.2430795058051066,0.8079438071429921,0.9999950287823665
Itga4,37.78319489140491,-0.3654598607120295,0.3878335363909808,-0.9423111371771727,0.3460333678220189,0.9999950287823665
Itga5,8.9659394046932,0.6591650941041653,0.6637292264751137,0.9931235024933477,0.3206497718207135,0.9999950287823665
Itga6,13.577371904622053,0.24534528456884103,0.5444921070449867,0.45059474948196127,0.6522816515353295,0.9999950287823665
Itga7,22.531064351830548,-0.2584159936091744,0.45940815719544975,-0.5624976169050354,0.5737770268436565,0.9999950287823665
Itga8,23.01902992426867,-0.3608948215599798,0.41640223479613053,-0.8666976096722272,0.386107715487343,0.9999950287823665
Itga9,17.64204741187971,0.4850058892217263,0.5825344297746409,0.8325789248360059,0.4050822490478243,0.9999950287823665
Itgae,1.3500381561528745,-1.1729693062766833,1.8420249871796088,-0.6367825162201839,0.5242665160448776,0.9999950287823665
Itgal,6.0352416708226935,-0.32987933973141587,0.8250471169570288,-0.3998309102007287,0.6892810624387938,0.9999950287823665
Itgam,36.20585670351555,-0.13780266272173308,0.34629400591092874,-0.39793545475683945,0.6906777644821036,0.9999950287823665
Itgav,540.0051941029864,0.044114576844939295,0.13590777818603883,0.32459199490813967,0.7454898865956752,0.9999950287823665
Itgax,0.35449648395139133,0.25206441206239544,3.4739394731227704,0.07255866546109146,0.9421573201607218,0.9999950287823665
Itgb1,863.9982832651572,0.28185686732805193,0.15417311719364357,1.8281842675207491,0.06752190133889036,0.9999950287823665
Itgb2,6.686659127221021,0.04810621588180009,0.8358598817179176,0.05755296663231263,0.95410471472176,0.9999950287823665
Itgb3,33.63926898386333,-0.5557542004648486,0.3752973867061849,-1.4808368513899106,0.1386500538986964,0.9999950287823665
Itgb4,91.08564729613114,-0.9833305430460513,0.6823954953710577,-1.4409979985453418,0.14958524822704497,0.9999950287823665
Itgb5,171.69234498723196,0.08350344705102773,0.19151562956838525,0.4360137459235974,0.6628267563859178,0.9999950287823665
Itgb6,0.9281068620289288,0.6329683891856727,2.1021322835027947,0.30110778191891613,0.7633323071367392,0.9999950287823665
Itgb7,4.285025058803225,0.06200869744805878,1.0571101984175861,0.058658688130037065,0.9532239647430983,0.9999950287823665
Itgb8,510.9712999244377,0.03570082170834964,0.16961628985608693,0.21047991167971222,0.833293128653456,0.9999950287823665
Itih5,170.0926957424514,-0.14085777163630603,0.2187884106594434,-0.6438081944640073,0.5196998193459132,0.9999950287823665
Itk,2.244381806376817,-0.43791555237387025,1.3118080807068324,-0.33382592988595655,0.738510915547117,0.9999950287823665
Itln1,0.2469958421013245,1.2368956898123245,4.413469574143697,0.2802547222844076,0.7792820857173672,0.9999950287823665
Itpa,69.70271371177084,0.15657030764119673,0.26601995637154213,0.5885660225525322,0.5561524323129097,0.9999950287823665
Itpkb,70.65649338341723,0.09200442247220261,0.2548659830512561,0.3609913781773678,0.7181058923374765,0.9999950287823665
Itpr1,1625.1946944773472,-0.013232710514849233,0.12895925316993986,-0.10261156287413853,0.9182712654391029,0.9999950287823665
Itpr2,87.56624100003891,-0.016232260553842644,0.23316820615764078,-0.06961609741453476,0.944499224142169,0.9999950287823665
Itpr3,2.9532579403212176,-1.0437245398518369,1.129643045136803,-0.9239418985892477,0.3555165670460938,0.9999950287823665
Itsn1,419.8518324235401,0.012503407528606321,0.14528258057919544,0.08606267508987804,0.9314165944611902,0.9999950287823665
Itsn2,667.5005086831369,0.0666919154379417,0.14743968030214585,0.4523335597396236,0.6510287028457777,0.9999950287823665
Ivd,435.3359422653825,-0.08143955138834842,0.14518521620205946,-0.560935565746626,0.574841463412709,0.9999950287823665
Izumo1r,0.0895824482035079,0.9694711599089978,4.453824094096601,0.217671632158531,0.8276849679587712,0.9999950287823665
Jade1,156.7909950716554,-0.06815909443353708,0.18947528667202673,-0.3597255115993963,0.7190524119517245,0.9999950287823665
Jade2,477.86630076748725,0.5188999782783335,0.19828267693121107,2.6169708131303477,0.00887139265615181,0.6683998526605125
Jade3,30.845263887435863,0.311317585563328,0.3610271665040334,0.8623106914029142,0.38851657095120773,0.9999950287823665
Jag1,44.36217992955756,0.21150386561601894,0.3584379647607973,0.5900710482974801,0.5551430178510677,0.9999950287823665
Jag2,82.04270604630312,-0.10203961172753473,0.26117011225638875,-0.39070171868426967,0.696017728318408,0.9999950287823665
Jak1,513.4448332088697,0.051717083598058794,0.1357876536527217,0.38086734844336995,0.7033016818440007,0.9999950287823665
Jak2,530.9021011340357,0.04441351159817483,0.1555375626663919,0.285548460685578,0.7752239827853311,0.9999950287823665
Jak3,24.60642567727538,0.16325692713588968,0.42783208435633174,0.3815911267653238,0.7027646668997571,0.9999950287823665
Jam2,169.70402615657628,0.10316054394929823,0.17923515734891166,0.575559758895286,0.5649127874398883,0.9999950287823665
Jam3,543.5607347969581,0.0329638268843522,0.17494805779339184,0.18842065067839417,0.8505469127107514,0.9999950287823665
Jaml,5.161727311220617,-0.1336807943901133,0.8469731561524817,-0.15783356700155743,0.8745879475221987,0.9999950287823665
Jarid2,146.17853967686952,-0.3619320876283324,0.19570832561723542,-1.8493443571542068,0.06440810455616036,0.9999950287823665
Jazf1,29.583461679043776,0.6308797733862049,0.3690618465950436,1.7094147748045148,0.08737414603797163,0.9999950287823665
Jchain,2.7201514293648272,-0.8610067093216554,1.2685001689574211,-0.6787596331416461,0.4972901747147057,0.9999950287823665
Jmjd6,534.313151271543,0.03866638726212252,0.1406064498062324,0.27499725165814287,0.7833183497981281,0.9999950287823665
Jph2,2.4320843112332247,0.36396648706699725,1.2935142832528814,0.28137801938429924,0.7784204753480448,0.9999950287823665
Jpt1,240.8743652893825,-0.07226318599860794,0.16506119071109496,-0.4377963450238858,0.6615339207169997,0.9999950287823665
Jun,1651.712916869382,0.2023505086889821,0.1287132778540869,1.5721028324550361,0.11592670473131039,0.9999950287823665
Jup,804.7123203533396,-0.07242826521796814,0.1513742137277647,-0.4784716196658501,0.6323145691984182,0.9999950287823665
Kansl2,669.3446659631469,0.13927429972779629,0.1361382331213988,1.0230358991335002,0.30629087255900556,0.9999950287823665
Kat14,342.24933408244505,0.11276761314338894,0.14637118609417618,0.7704222132273597,0.4410494809424502,0.9999950287823665
Kat2a,691.9694965522963,0.14636617095403912,0.13024506708072656,1.1237751588958116,0.2611084223555685,0.9999950287823665
Kat2b,249.54759616866738,-0.15764759004202525,0.17909051498106465,-0.8802676683279036,0.37871432321861476,0.9999950287823665
Kat5,483.02261484624404,0.14369482039067033,0.14809626887636806,0.9702798151560991,0.33190703570644753,0.9999950287823665
Kat6a,211.7565040228769,-0.038164638025559805,0.1676961678060089,-0.2275820522607809,0.8199711740601342,0.9999950287823665
Kat6b,83.4303521486488,-0.0560178829089732,0.2379482314313755,-0.2354204634007915,0.8138824048481993,0.9999950287823665
Kat8,164.56301181363156,0.029279508288657396,0.20015804108533172,0.14628194865363867,0.8836988154518617,0.9999950287823665
Katna1,89.99341759253338,0.04134605786921108,0.24288406274579893,0.17022960420619948,0.8648295706960888,0.9999950287823665
Katnal2,21.598854962879987,-0.2505591283851973,0.4287948956564079,-0.5843332813037252,0.558996104933475,0.9999950287823665
Kcna10,1.1924855081095638,1.4473380653312176,1.8333462094693729,0.7894515819519554,0.4298481179875754,0.9999950287823665
Kcna4,56.024386053762406,-0.20210289526483088,0.2802078312270095,-0.7212606956052483,0.47074913447992506,0.9999950287823665
Kcnab2,1288.5129094906079,0.09418091232771399,0.13260612348892722,0.7102304919997017,0.47756121504587246,0.9999950287823665
Kcnab3,434.1364844254458,-0.010356207386193856,0.2007907880085405,-0.051577104153569836,0.9588656632907728,0.9999950287823665
Kcnc1,258.5489664367766,-0.165995233922631,0.15995945965344158,-1.0377331499010198,0.2993943071418417,0.9999950287823665
Kcnc2,217.72012387925665,-0.20479862715455055,0.16437338372808727,-1.2459354580990816,0.21278809116526198,0.9999950287823665
Kcnc4,341.0554054034797,-0.04156104590201023,0.16631733606429416,-0.2498900408430289,0.802672385203097,0.9999950287823665
Kcnf1,191.04142744579485,0.0035836688847742915,0.18858948178696402,0.01900248545580344,0.9848391226615436,0.9999950287823665
Kcng1,95.73267267381043,-0.10895358192024115,0.2464372690510473,-0.442114873045734,0.6584060823129342,0.9999950287823665
Kcng2,34.896800591971434,-0.23888629795078445,0.3536683511039854,-0.6754528563415255,0.4993880937248274,0.9999950287823665
Kcnh1,488.39251515770206,-0.19589520554267514,0.15088263045744305,-1.2983284089677112,0.1941745082517442,0.9999950287823665
Kcnh2,35.51469559706105,-0.10286272613274465,0.3485953222656955,-0.29507775796929314,0.767934480212237,0.9999950287823665
Kcnh5,360.10897505908747,-0.22913197994498694,0.16656316600898935,-1.3756461613645166,0.16893120780827442,0.9999950287823665
Kcnh8,5.82938624646824,-1.1335413518770503,0.8576805018046137,-1.3216359116151153,0.1862894190353831,0.9999950287823665
Kcnip3,870.2578471679859,0.39410250047511236,0.14407716047068492,2.735357215450534,0.0062312613577082026,0.6167726928178628
Kcnj10,1600.4488875833524,0.19259850753394372,0.11976084640450751,1.6081926048135777,0.10779300231828648,0.9999950287823665
Kcnj11,143.70686353976052,-0.132777506623814,0.19378864070620883,-0.6851666131716662,0.4932387892709412,0.9999950287823665
Kcnj2,108.13307294700888,0.2924413096207094,0.2446595575787272,1.1952989391252653,0.23197025412650996,0.9999950287823665
Kcnj3,313.21186305471025,-0.18527352176399584,0.16294615705029664,-1.1370229597179602,0.2555286876854219,0.9999950287823665
Kcnj5,2.9253798506146134,0.36416914358432656,1.181674500714652,0.30818058895582895,0.7579449219044143,0.9999950287823665
Kcnj6,52.8821526070903,-0.2868953387970291,0.29441674136728235,-0.9744532103190752,0.32983156041710593,0.9999950287823665
Kcnj8,4.804933313963062,0.5531772560214624,0.8846775879466752,0.6252868429790105,0.5317828136347971,0.9999950287823665
Kcnj9,80.19680798222328,-0.12534038329132557,0.23709288275699697,-0.5286551913065665,0.5970446664029478,0.9999950287823665
Kcnk10,24.919838950485,0.03764250221000933,0.40634093927139847,0.0926377299749942,0.9261913684290238,0.9999950287823665
Kcnk18,0.8219511238570645,0.26194311974874196,2.3360726286657156,0.11212969859518232,0.9107205698356593,0.9999950287823665
Kcnk2,171.97145039510326,-0.04226940709887795,0.19254669716287076,-0.21952808187160563,0.8262387071557286,0.9999950287823665
Kcnk5,5.059817866900708,-0.7818043369333666,0.928467531903017,-0.8420373465628412,0.39976704921636286,0.9999950287823665
Kcnma1,638.0702070581178,0.07861708096697889,0.1306833744944684,0.6015844117210687,0.5474508077578064,0.9999950287823665
Kcnmb2,7.6814248353707875,-0.47512242688990775,0.7056963139310927,-0.6732675479672419,0.5007770945373233,0.9999950287823665
Kcnn2,259.18791571200984,0.10140711966396702,0.17411800283757717,0.5824045647856576,0.5602942075337694,0.9999950287823665
Kcnn4,1.383300234299817,2.764728583547677,2.00689865162007,1.3776124575677242,0.16832297262854234,0.9999950287823665
Kcnq1,2.4695131702791344,0.633448673133157,1.2044394903760955,0.5259281833538668,0.5989381062164826,0.9999950287823665
Kcnq3,352.65742414473357,-0.18878488608213045,0.14535427923728717,-1.2987913879985875,0.1940155309378886,0.9999950287823665
Kcns2,92.9016976418032,-0.07512740342307322,0.23407586860206364,-0.3209532185942336,0.7482458429679363,0.9999950287823665
Kcns3,27.004351836425485,-0.19501314369563724,0.4076630708699434,-0.478368431262326,0.6323879984415752,0.9999950287823665
Kcnt2,650.9729872815913,-0.07113562099697841,0.12561166353056,-0.5663138198919869,0.5711804674145906,0.9999950287823665
Kctd15,33.24009367664438,0.806342584850327,0.3940313358912436,2.046392028762111,0.04071781571208093,0.9999950287823665
Kdf1,0.7301278385437083,1.6142510877801344,2.5223659866732477,0.6399749664834216,0.5221888744192499,0.9999950287823665
Kdm1a,229.2421446563293,-0.027449859571312796,0.17085793508858096,-0.16065896826554452,0.8723620081168784,0.9999950287823665
Kdm1b,91.67813417439474,-0.04391886824954328,0.22771497006712,-0.19286772510651365,0.8470625620661416,0.9999950287823665
Kdm2a,402.6089007302268,-0.10376535355221946,0.1379463463927338,-0.7522153088186844,0.4519215888069027,0.9999950287823665
Kdm2b,24.991389392567054,-0.4400205258487336,0.44390900521029436,-0.9912403683729762,0.321568223138732,0.9999950287823665
Kdm4a,497.1186679469188,-0.021385153678457485,0.14383617789397207,-0.14867715474351256,0.881808388731342,0.9999950287823665
Kdm4b,280.8664149457425,0.0220302308158246,0.15802896154586946,0.13940628730531845,0.8891291043238596,0.9999950287823665
Kdm4c,376.03425026772607,-0.14494131060775645,0.146898580300009,-0.9866760475951828,0.3238014759303103,0.9999950287823665
Kdm5a,400.1762147636591,-0.10471407895271323,0.14149698195213517,-0.7400446109029756,0.4592729258365832,0.9999950287823665
Kdm5b,808.1909075907002,-0.1578785689879886,0.13380073391070904,-1.1799529372787128,0.23801893350927317,0.9999950287823665
Kdm5c,386.5515906760195,0.22779924398481544,0.1893645803256258,1.2029664871492785,0.22898928943968788,0.9999950287823665
Kdm6a,351.76734690814595,-0.08943859169076587,0.20396032408872955,-0.43850975472983217,0.6610168004559591,0.9999950287823665
Kdm6b,102.93560338007444,-0.03969148487626037,0.21585618946127658,-0.18387929933962263,0.8541081446333669,0.9999950287823665
Kdm7a,280.91152581036073,0.3024018751683345,0.16081090209078475,1.880481181540885,0.060042528725723604,0.9999950287823665
Kdm8,54.28559279446787,0.17667761006251234,0.28435325822775115,0.6213314071506204,0.5343815931250764,0.9999950287823665
Kdr,1133.8074925407257,-0.8563696204865255,1.3608201545568843,-0.6293040396402566,0.5291500272016629,0.9999950287823665
Keap1,212.26661365578175,-0.10383193584624349,0.16619800708741908,-0.6247483809575922,0.5321362141790223,0.9999950287823665
Khdrbs1,1361.8000077096249,0.020630534193114444,0.1124252315829209,0.18350448473746825,0.8544022002129172,0.9999950287823665
Khdrbs2,118.99234356602801,-0.10625641492406009,0.20454436214167687,-0.5194785806438507,0.6034270458338648,0.9999950287823665
Khsrp,496.6562755825377,-0.05984357611928933,0.13418402581476188,-0.44598137338569704,0.6556107008650246,0.9999950287823665
Kif19a,86.81391737258743,-0.1216814143259715,0.2715672667519334,-0.4480709909604936,0.6541019631232081,0.9999950287823665
Kif1b,4385.918303275043,-0.06873411250335588,0.1174627783385613,-0.5851565361858251,0.5584424668600796,0.9999950287823665
Kif1c,518.3770393165554,0.019089167436861156,0.13580249282003493,0.14056566297467063,0.8882130758227277,0.9999950287823665
Kif20a,1.3302752609182216,2.6623807461557996,2.0436609052229207,1.3027507348952245,0.1926598748853332,0.9999950287823665
Kif20b,6.512237651079545,-0.2946202921885739,0.7557125237474623,-0.389857628305003,0.6966418273646471,0.9999950287823665
Kif21b,636.6030318154795,-0.22543570627976808,0.136825687512507,-1.6476124503972354,0.09943222389429275,0.9999950287823665
Kif24,6.854860344132493,-0.3923409019267027,0.7743564125068567,-0.5066670793834598,0.612388433135149,0.9999950287823665
Kif2b,0.7846035070121795,0.4446705930337749,2.260569165735629,0.1967073601524027,0.8440565500613054,0.9999950287823665
Kif2c,0.4902962937373508,-2.3631332969027237,3.0839180621137636,-0.7662762918165851,0.4435119219204432,0.9999950287823665
Kif3a,225.4555402989647,-0.16042257407946647,0.16374988235785717,-0.979680545533955,0.3272438321267759,0.9999950287823665
Kif3b,283.2762563526814,0.06526673617752454,0.15332847313069933,0.42566611957252243,0.6703511531684374,0.9999950287823665
Kif4,4.574032048359162,0.16625014277874672,0.9009128004279426,0.18453522105555192,0.8535935991682049,0.9999950287823665
Kif5a,7036.817948197734,0.0199987566526243,0.12123969850673479,0.16495221366385518,0.8689815946836856,0.9999950287823665
Kif5b,2814.273722598116,0.06798903840100443,0.10827293950424433,0.6279411892972504,0.5300424669752504,0.9999950287823665
Kif5c,4074.072749028291,0.012654318468612504,0.12899456419285707,0.09809962573068813,0.9218531847178492,0.9999950287823665
Kifap3,471.0688997282805,0.018722474539748877,0.13797421439516447,0.13569546035701174,0.8920620366366004,0.9999950287823665
Kirrel,7.902179171304941,0.14711265682873975,0.7667897001983954,0.19185528547224429,0.8478555637211035,0.9999950287823665
Kiss1,0.5519401177693632,1.319943910188987,2.7215154239684836,0.48500328110000546,0.6276740180618727,0.9999950287823665
Kiss1r,12.795330328458187,-0.2811864361843304,0.5744423020182832,-0.4894946545482316,0.6244915380413334,0.9999950287823665
Kit,158.3493366633724,-0.14921979656769616,0.2279770984693501,-0.6545385372897782,0.5127649074563572,0.9999950287823665
Kitl,99.73602471416594,-0.03359290062407223,0.2311315781365498,-0.14534102563962917,0.8844416248187503,0.9999950287823665
Kl,9.360685289163115,0.5763646878496237,0.632848284515783,0.910747017811106,0.36242868436586895,0.9999950287823665
Klb,0.3411412067255539,-0.6177680891974539,3.456440796226646,-0.17872954452796175,0.8581500695221761,0.9999950287823665
Klc1,3058.1066480587265,0.027302990881120474,0.10973468159707153,0.24880913202421054,0.8035084268750996,0.9999950287823665
Klc2,1250.5344063040752,-0.0384088000631916,0.14581595597828975,-0.2634060162038111,0.7922376540355404,0.9999950287823665
Klc3,28.285140313012903,-0.04305440444797233,0.3802883849287864,-0.11321514449102826,0.9098599892964798,0.9999950287823665
Klf1,1.4198577091217295,2.792750585639829,1.998951959646591,1.3971074052893095,0.16238127527559076,0.9999950287823665
Klf10,86.78348764610963,0.37534724363880745,0.2612878976155854,1.436527474345672,0.15085230423417822,0.9999950287823665
Klf11,52.25737075476079,-0.0664061190042776,0.2925571780325622,-0.2269850955319458,0.8204353317538087,0.9999950287823665
Klf12,124.61844472478367,0.1613199979354717,0.2093841569674781,0.7704498767809266,0.44103307672294345,0.9999950287823665
Klf15,161.1216881609025,0.5907554880358055,0.29195034422598565,2.023479333795641,0.04302375215677734,0.9999950287823665
Klf17,0.39676756098139493,-0.822914378647003,3.066823138151417,-0.26832795423052325,0.7884468905612643,0.9999950287823665
Klf4,22.622495908943794,0.4922345032410543,0.44574607004163846,1.1042935346464708,0.2694658265149603,0.9999950287823665
Klf5,115.54052629958994,-0.2543704286393854,0.25653024441463124,-0.9915806583345592,0.32140212823626213,0.9999950287823665
Klhl18,101.6490179198376,0.07252346219791592,0.21560011389146536,0.3363795171018543,0.7365846934721044,0.9999950287823665
Klhl21,111.0158634057121,0.13910514217206807,0.21958391016325537,0.6334942394852461,0.5264109414451581,0.9999950287823665
Klhl22,156.8940008550965,-0.011727090568085147,0.1883265668032479,-0.06226997479509566,0.9503478387020541,0.9999950287823665
Klhl3,302.68684248973966,-0.12527291667109572,0.17147986179617225,-0.7305401075025362,0.465060106379214,0.9999950287823665
Klhl36,56.788491112307874,-0.09338870768824968,0.2975202846768648,-0.31389022025734703,0.7536044183840604,0.9999950287823665
Klhl41,2.4129676523350923,-1.4920221247959522,1.325596188668234,-1.1255479893125815,0.2603568935736239,0.9999950287823665
Klk1b4,0.0,,,,,
Klk5,0.12577937926102303,-0.8696279726090034,4.441901790678799,-0.19577829803303895,0.8447836970135787,0.9999950287823665
Klk6,4.25970681079113,1.4128950851635822,1.1571879975350616,1.220972813555969,0.22209631340020308,0.9999950287823665
Klk8,11.875175766506906,0.7352196156148166,0.6211477059822805,1.1836469949641741,0.23655282914526687,0.9999950287823665
Klra8,1.3205817726647335,-1.6195916351952384,1.8728327144463763,-0.8647817942853492,0.3871585654392842,0.9999950287823665
Klrb1,0.12577937926102303,-0.8696279726090034,4.441901790678799,-0.19577829803303895,0.8447836970135787,0.9999950287823665
Klrb1c,1.0043340330065993,0.16551304330244318,1.9608411734284814,0.08440920434827866,0.9327310893935706,0.9999950287823665
Klrc1,0.4540993626798357,-1.0128503819390418,2.9426053025063625,-0.344201915586962,0.7306944417945913,0.9999950287823665
Klrd1,0.3628114670337281,-1.910856836373863,3.8416188283135435,-0.49740927504062715,0.6189004662842906,0.9999950287823665
Klrg1,1.0000220106730275,-2.3318465517485296,2.2955248645313624,-1.015822824565476,0.30971376491568114,0.9999950287823665
Klrk1,0.5419763634407438,-0.47502516591815136,2.872735013137029,-0.1653564160097814,0.8686634563576588,0.9999950287823665
Kmt2a,351.8210790314568,0.03917350855410749,0.1628755477544455,0.24051190675451342,0.8099334338716994,0.9999950287823665
Kmt2b,247.60211453446036,-0.18693917613052882,0.1556773162371162,-1.2008119143433644,0.22982416915159454,0.9999950287823665
Kmt2c,269.55338448556927,-0.04168805798159275,0.1756249576312342,-0.23736978242651938,0.8123699300252248,0.9999950287823665
Kmt2d,250.44456422008912,-0.023993339090047538,0.15586450095738896,-0.15393716300164437,0.8776592814859832,0.9999950287823665
Kmt2e,1018.3553207625845,-0.07553400751702714,0.11398476988343974,-0.6626675440435406,0.5075435007410319,0.9999950287823665
Kmt5b,558.9685235179685,-0.13813459073842715,0.13463830844689373,-1.0259679606188197,0.30490668645384134,0.9999950287823665
Kmt5c,56.870609056748584,-0.4368812481949015,0.2880973480093919,-1.5164362019072084,0.12940909086202493,0.9999950287823665
Kndc1,649.9882893164876,-0.20165377596979078,0.142092587055015,-1.4191716834018584,0.1558489692704544,0.9999950287823665
Knl1,2.0036827356150364,0.36788582643239,1.3826166837367664,0.26607940636020205,0.7901780548220009,0.9999950287823665
Knstrn,20.916277079629847,0.12261451556314627,0.4642820477482216,0.2640948883503668,0.7917068026165897,0.9999950287823665
Kpna2,105.26696049246995,-0.02397301737995883,0.21075714452538466,-0.1137471160654836,0.9094382616540085,0.9999950287823665
Kpnb1,1702.077291582799,0.05637001755193903,0.1096236195932349,0.514214160790379,0.607102268300051,0.9999950287823665
Kras,441.1011531905378,0.02121719635112452,0.1333090083991843,0.1591580089440853,0.8735443860932683,0.9999950287823665
Kremen1,18.856050578388476,0.2850354501021834,0.5134844392041902,0.5551004633050571,0.5788259459059852,0.9999950287823665
Kremen2,2.8228589684431564,0.4092586226965244,1.1446904997292917,0.35752775339125303,0.7206967530992258,0.9999950287823665
Krit1,228.47258246850757,-0.09369490682404706,0.16473928069721294,-0.5687466063194495,0.5695281141592767,0.9999950287823665
Krt2,0.0,,,,,
Krt20,0.8848230176088977,-0.8460412827372406,2.0725716301922144,-0.4082084645049286,0.683120634354948,0.9999950287823665
Krt28,5.053150696019329,-0.1520670284748355,0.8988743860542285,-0.16917494906308453,0.8656590335148135,0.9999950287823665
Krt40,0.0,,,,,
Krt71,0.7573381909052749,-0.5282352207194365,2.331326162472754,-0.22658143215754775,0.8207492318014052,0.9999950287823665
Krt76,0.2469958421013245,1.2368956898123245,4.413469574143697,0.2802547222844076,0.7792820857173672,0.9999950287823665
Krt78,0.3182995528938762,1.8629739584626925,3.7382122267057616,0.4983596022595025,0.618230605083357,0.9999950287823665
Krt79,0.0895824482035079,0.9694711599089978,4.453824094096601,0.217671632158531,0.8276849679587712,0.9999950287823665
Krt82,0.0,,,,,
Ksr2,122.86673107360222,-0.18439964853925156,0.2428898136102377,-0.7591905391106908,0.4477385847298284,0.9999950287823665
Kyat1,85.17667665943867,0.219685179546213,0.2450775401993347,0.8963905030527533,0.37004423770294026,0.9999950287823665
L1cam,168.1744327217842,0.08160231302592223,0.17983928165422125,0.45375132882714575,0.6500078183301513,0.9999950287823665
L3hypdh,7.745923456884616,0.1523182394606044,0.6940466038845374,0.21946399363974742,0.8262886250803254,0.9999950287823665
L3mbtl2,126.57777484195373,-0.11264038196675695,0.2022059774326895,-0.5570576270637339,0.5774880569734517,0.9999950287823665
Lacc1,6.600862295638364,-0.2332318339354082,0.7646224712919398,-0.3050287464627209,0.7603442584540859,0.9999950287823665
Lag3,15.43568136311128,0.45421710133878374,0.5082382780074178,0.893708956986814,0.37147763175727544,0.9999950287823665
Lama1,2.1297182029799355,-0.34362369795739783,1.3597829398491135,-0.2527048162521642,0.8004963258299393,0.9999950287823665
Lama2,113.97056676045766,-0.7448234909920513,0.28800576697453323,-2.586140891608993,0.009705724828001671,0.6900633652359498
Lama3,9.436088716624864,-0.12398880647208314,0.6553340557233482,-0.18919939439928252,0.8499365422914126,0.9999950287823665
Lama4,11.494589095976927,-1.3496008026851327,0.6111909704031762,-2.208149118752294,0.0272338799306987,0.9999950287823665
Lama5,19.914453294782373,0.16517448342974134,0.46803956122672413,0.35290709827353417,0.7241580891473345,0.9999950287823665
Lamb1,6.4523225047466894,0.18127015215993997,0.7858124903478474,0.23067863438986447,0.8175644731904319,0.9999950287823665
Lamb2,49.67775356522034,-0.08172525187479623,0.33029855213824594,-0.24742842905526954,0.8045766748239521,0.9999950287823665
Lamb3,7.957821039280191,-0.41035764895825616,0.7258431158929899,-0.5653530907342168,0.5718336243348843,0.9999950287823665
Lamc1,571.4963153894215,0.015376339718233434,0.14488262074679245,0.10612963541780666,0.9154794982592892,0.9999950287823665
Lamp1,2863.9748579046386,0.05984932029804771,0.10704607973222113,0.5590986652454953,0.5760943856427916,0.9999950287823665
Lamp2,1043.7495563955044,0.3294586427552532,0.15245113974963523,2.161076941086244,0.030689396468737883,0.9999950287823665
Lamp3,0.0895824482035079,0.9694711599089978,4.453824094096601,0.217671632158531,0.8276849679587712,0.9999950287823665
Lamp5,264.3000375918525,0.14250997727020653,0.1658929821617818,0.8590476547779956,0.39031422490306467,0.9999950287823665
Lamtor1,358.6021942832447,0.09291646940233031,0.14859265432092642,0.6253099779862052,0.5317676324543901,0.9999950287823665
Lamtor2,555.5333647160356,0.053151614265494876,0.13481913480451183,0.3942438463395043,0.6934010169099669,0.9999950287823665
Lamtor3,86.0338594530932,0.22735696642160144,0.2384538877899118,0.9534630302270969,0.340355519051758,0.9999950287823665
Lamtor4,459.9731029509838,0.054293313444960474,0.13239431683199734,0.4100879459490421,0.6817414347850421,0.9999950287823665
Lamtor5,117.8383550643681,0.17954769515409294,0.2085727252956488,0.8608397617645678,0.38932630234131604,0.9999950287823665
Lancl2,300.69858566631484,0.005553463100453715,0.1518207424290391,0.03657908011515224,0.9708206240151852,0.9999950287823665
Laptm4b,1115.8314360200488,0.04284870773285902,0.12097496502660487,0.3541948346373625,0.7231928743705398,0.9999950287823665
Large1,259.0486421720315,-0.04416970924387581,0.16227677172071162,-0.27218750271847053,0.7854778505954757,0.9999950287823665
Large2,0.3049442756680388,0.5282623719659802,3.599600672302437,0.1467558265645295,0.8833247523657832,0.9999950287823665
Lasp1,195.92861054443847,-0.12367832145489425,0.17946891930278905,-0.6891350431894657,0.4907382892365193,0.9999950287823665
Lat,8.875029933498132,-0.6762146872467392,0.7339374951415938,-0.921351874952623,0.35686674576590216,0.9999950287823665
Lats1,337.8641084815742,-0.0016076016273694703,0.14204488795771372,-0.011317560599914359,0.990970085901158,0.9999950287823665
Lats2,188.77787552576217,0.051585623025628184,0.19222304789309402,0.2683633601227561,0.7884196397796173,0.9999950287823665
Lbh,660.0500872068736,-0.10679442942428931,0.12959524649185641,-0.8240613164079297,0.409904718772761,0.9999950287823665
Lbr,108.73763288553981,0.08804076196682775,0.22645727807011679,0.3887742655794359,0.6974431392731664,0.9999950287823665
Lbx1,0.27269362916297163,0.010090281732857432,3.812598158487743,0.002646563134484573,0.9978883506009081,0.9999950287823665
Lck,7.196084922079606,0.4087774732620049,0.7716639506577403,0.5297350911800102,0.5962956143560182,0.9999950287823665
Lcp2,12.845491303096779,-0.2183538991763086,0.5743962969888242,-0.3801450328301072,0.7038377591236167,0.9999950287823665
Ldah,486.34726044274447,-0.22048984799006655,0.1456792800115949,-1.513529226479684,0.130145283071563,0.9999950287823665
Ldb1,692.1839260516016,-0.05735272206681161,0.12693919912154683,-0.4518125406785907,0.6514040345740095,0.9999950287823665
Ldb2,164.86369873732076,0.05779143351824707,0.19776796372817732,0.29221837768263953,0.7701196612076744,0.9999950287823665
Ldha,1553.4454242184977,0.06350745347622318,0.11491683242259133,0.5526383919344642,0.5805110474357584,0.9999950287823665
Ldhb,3153.119391853074,-0.038721923832691046,0.14609598451740996,-0.26504440871936924,0.7909752515379187,0.9999950287823665
Ldlr,64.16222456669902,-0.6093231079306879,0.3509743274519128,-1.7360902501171442,0.08254787804792296,0.9999950287823665
Ldlrad4,196.73416593650472,-0.33548027858564894,0.1877905520101643,-1.7864598351438408,0.07402483491192899,0.9999950287823665
Lect2,0.6672203530345184,0.4420620309775813,2.4422437468871805,0.181006515644076,0.8563624617495708,0.9999950287823665
Lef1,8.349795874192674,-0.31460423295078316,0.6677543018416763,-0.4711377105068437,0.6375423970119962,0.9999950287823665
Lefty1,34.10464105068812,0.2043049646115682,0.3594860803206183,0.5683251057436015,0.569814234723774,0.9999950287823665
Lefty2,2.8427671051124137,1.163015542739061,1.2359432949793818,0.9409942571503352,0.34670780217227215,0.9999950287823665
Leo1,124.12236408142093,0.3033343245434964,0.2163833564961297,1.4018375971948744,0.1609637484602613,0.9999950287823665
Lep,0.3945267238715467,0.8919214770610963,3.258084436773589,0.2737564033006913,0.7842718292267451,0.9999950287823665
Lepr,12.75106111772334,0.5097903894529475,0.5515497121519007,0.9242872912832697,0.3553367577599804,0.9999950287823665
Leprot,326.5214692342843,-0.07191558241824078,0.1497972563547212,-0.48008611217780967,0.6311661629373435,0.9999950287823665
Letmd1,238.012761668631,0.26413750185731694,0.17885776125824213,1.476802012946726,0.13972871684129218,0.9999950287823665
Lfng,75.87145452635956,-0.18486554332739694,0.27813324763725134,-0.664665389333473,0.5062645356739326,0.9999950287823665
Lgals1,131.1219433981517,0.676441955242439,0.2533588029683106,2.66989718658817,0.007587447584475073,0.6294053895385405
Lgals9,27.22317129197167,-0.13277795348131413,0.3864382122105967,-0.34359426497127643,0.7311514383059521,0.9999950287823665
Lgi3,1432.841112403663,-0.35779774331201425,0.1561034413065997,-2.2920554493687986,0.02190244371357191,0.9784383704965575
Lgr4,121.80088256264291,-0.2818422794344182,0.21877178417473353,-1.2882935543886689,0.1976437959989723,0.9999950287823665
Lgr5,14.095228329749089,-0.10731882817971389,0.5232877807560274,-0.20508567584869547,0.8375051875927197,0.9999950287823665
Lgr6,7.61104265523367,-0.8656380659357158,0.7313955691121976,-1.1835429451486397,0.23659403704178095,0.9999950287823665
Lhb,0.22871710469036832,1.2368956898123245,4.413469574143697,0.2802547222844076,0.7792820857173672,0.9999950287823665
Lhcgr,2.1128888249077025,0.12512637182531453,1.3269145168559258,0.0942987436159767,0.9248718479186804,0.9999950287823665
Lhfpl5,9.882331101957162,0.20653704760706884,0.6217959593513984,0.3321620935306651,0.7397668652631864,0.9999950287823665
Lhx1,0.18311118095946377,-0.8696279726090034,4.441901790678799,-0.19577829803303895,0.8447836970135787,0.9999950287823665
Lhx2,115.40236477853341,-0.10921811125773374,0.23211408977180534,-0.4705363270498039,0.6379718866645364,0.9999950287823665
Lhx3,0.37733813778306907,-2.0451269535763235,3.772470724059586,-0.5421187076504457,0.5877367319746392,0.9999950287823665
Lhx4,0.980341693387552,1.0698927979514812,2.0362418406631053,0.5254252105943708,0.5992876317643789,0.9999950287823665
Lhx5,0.21536182746453092,0.0081920501520074,4.137788937172267,0.001979813440558373,0.9984203384544649,0.9999950287823665
Lhx6,20.776041987806526,0.22128647564123985,0.4438564252387063,0.49855417891547216,0.6180934921093506,0.9999950287823665
Lhx8,0.3605706299238798,0.5347797563522193,3.4019012632891696,0.15720025802135157,0.8750870249579784,0.9999950287823665
Lhx9,2.7630302415309913,1.3706374461861406,1.334172158594181,1.0273317707591674,0.3042642670845658,0.9999950287823665
Lif,3.575807753082408,0.6574098580225487,1.0615683852285147,0.6192816846943249,0.535730807975541,0.9999950287823665
Lifr,708.1618474631191,-0.18345905315638966,0.13561429336286662,-1.3528002735338789,0.17611944536309887,0.9999950287823665
Lig4,75.4599373788293,-0.014190223011541487,0.24438916122292645,-0.058064044004789046,0.9536976147779619,0.9999950287823665
Lilra5,1.6832042158243554,0.7037391438601196,1.5363571509554983,0.45805699763394664,0.6469114924331858,0.9999950287823665
Lima1,247.78054832548548,-0.0826628892574075,0.20273229185178637,-0.40774406732323004,0.6834615811722748,0.9999950287823665
Limd1,124.04220078875322,-0.0861278687758902,0.2099413484670592,-0.41024728765807694,0.6816245555854685,0.9999950287823665
Limk1,322.23882198756064,-0.06335418318909943,0.1607279229453142,-0.3941703596247862,0.6934552674889516,0.9999950287823665
Limk2,297.32936097069523,0.0002072978623291724,0.15898101479664803,0.0013039158329334246,0.9989596259831227,0.9999950287823665
Lin28a,0.7010952047811602,-0.12310756404881337,2.3389723379051386,-0.052633185118842664,0.9580241757050635,0.9999950287823665
Lin28b,19.899114106779354,-0.34325554890851695,0.4604198140010808,-0.7455273176139009,0.45595300314855935,0.9999950287823665
Lin7c,412.7666973478161,0.06679693791139714,0.1471821325514554,0.45383863349068326,0.6499449748253194,0.9999950287823665
Lingo1,1608.3311477914006,0.048867621912247396,0.13095004714821182,0.3731775816540033,0.7090162802278248,0.9999950287823665
Lipe,139.05106908251543,-0.1715310668285471,0.1988609415340203,-0.8625679105476943,0.3883750799247673,0.9999950287823665
Lipg,23.13485420798649,-0.18426661736141806,0.4172865609079739,-0.4415829183678293,0.6587910470385648,0.9999950287823665
Lipm,1.2136217144986416,0.1306732202449507,1.7383667455159943,0.0751701104395916,0.9400793654649513,0.9999950287823665
Litaf,890.4322727486446,-0.15619833622496304,0.14715830682384917,-1.0614306429329534,0.2884942371612208,0.9999950287823665
Llgl2,9.440800577195578,-0.6189918662550621,0.6722229277399915,-0.9208133800733458,0.35714786812873933,0.9999950287823665
Lmna,227.03206066445418,0.3652222920465338,0.19851086800291728,1.8398100603800014,0.06579612791577745,0.9999950287823665
Lmnb1,90.50420169016682,-0.05940185520939919,0.2318900967455375,-0.256163829516977,0.7978243368441458,0.9999950287823665
Lmnb2,59.902204907316616,-0.20021409899368384,0.2689476231944125,-0.7444352793144274,0.4566131823306434,0.9999950287823665
Lmo2,22.658159285045286,-0.3070964725163938,0.4287168036883715,-0.7163154555043243,0.47379658554315063,0.9999950287823665
Lmo4,1576.0442963571659,0.016749228762087513,0.11390294196217345,0.14704825418512757,0.8830939329340042,0.9999950287823665
Lmx1a,0.3182995528938762,1.8629739584626925,3.7382122267057616,0.4983596022595025,0.618230605083357,0.9999950287823665
Lmx1b,0.30718511277788707,-1.7052535059724676,3.7751247964007675,-0.45170785018769954,0.6514794621774371,0.9999950287823665
Lnpk,598.317026305159,-0.021912994726565136,0.1339347374573179,-0.16360949476268868,0.8700385696931451,0.9999950287823665
Lox,0.8831175701662978,-0.8619906328252348,2.1823479384127538,-0.39498313612272584,0.6928553336500709,0.9999950287823665
Loxl1,2.030725426354886,-0.45955458086375855,1.420428809857608,-0.3235322866408398,0.7462921599572501,0.9999950287823665
Lpar1,319.43152345276644,-0.15417341794218872,0.1854488114033145,-0.8313529581318911,0.4057742656328741,0.9999950287823665
Lpar2,2.754079254592399,2.040435154649125,1.369132062099761,1.4903128859022006,0.13614198587218887,0.9999950287823665
Lpar5,1.1669256394452585,0.6247035826623913,1.7724886821542039,0.35244432810885673,0.7245050628826876,0.9999950287823665
Lpar6,75.6475746373701,-0.3429547559339104,0.26824044107592954,-1.2785348643116488,0.2010608998900485,0.9999950287823665
Lpin1,221.79735429509307,0.23798110864162614,0.19465673755482146,1.2225680530302898,0.22149288563011282,0.9999950287823665
Lpin2,80.4063630845002,-0.04068277079784785,0.24113105381337768,-0.16871643098003505,0.8660196940053047,0.9999950287823665
Lpin3,2.5650318460577886,1.491657687505297,1.2683182107750475,1.1760910431095761,0.23955849674667107,0.9999950287823665
Lpl,30.666308469643734,0.2653293762109603,0.3855385929568238,0.688204452311923,0.49132404057018964,0.9999950287823665
Lpp,24.243514555097963,0.18875531077436639,0.41809342534168614,0.45146682376099656,0.6516531309129608,0.9999950287823665
Lratd2,41.46819008289063,0.03535306218696823,0.31303117905277855,0.11293783032714304,0.9100798439203522,0.9999950287823665
Lrig1,49.41959964589342,-0.029331797390134518,0.29276420647518764,-0.1001891513422439,0.9201941586527297,0.9999950287823665
Lrp1,1513.960091831723,-0.05704161836551984,0.13545388434865915,-0.42111467411812536,0.6736713467524249,0.9999950287823665
Lrp12,251.97713267408747,-0.06463559940818434,0.15759656748414627,-0.41013329439860086,0.6817081703345309,0.9999950287823665
Lrp2,0.30718511277788707,-1.7052535059724676,3.7751247964007675,-0.45170785018769954,0.6514794621774371,0.9999950287823665
Lrp5,9.56109417363229,-0.02807852425556527,0.6217839773881396,-0.04515800547565037,0.9639813668558496,0.9999950287823665
Lrp6,317.5076022527318,0.09514065112769737,0.15610078864442437,0.6094821938690803,0.542204871712356,0.9999950287823665
Lrp8,224.26625164554477,0.16568198123677913,0.16709749021617593,0.9915288435657199,0.32142741531280505,0.9999950287823665
Lrpprc,405.6990684713716,0.2175358696844695,0.1469696476681382,1.4801414655063467,0.13883549763298908,0.9999950287823665
Lrrc15,0.0,,,,,
Lrrc52,0.21536182746453092,0.0081920501520074,4.137788937172267,0.001979813440558373,0.9984203384544649,0.9999950287823665
Lrrc6,21.37567104377531,-0.2370038270983113,0.43122248434185645,-0.5496091593183807,0.5825874752048221,0.9999950287823665
Lrrk1,5.863457184109881,0.2542428858123254,0.7983073714291331,0.3184774372772968,0.7501228068263052,0.9999950287823665
Lrrk2,151.18284992621707,-0.005266367361836512,0.19835580275691506,-0.02655010485521537,0.9788185697710664,0.9999950287823665
Lrrtm1,153.0248886283063,0.020773590892096787,0.20236161560058039,0.10265578692107065,0.9182361651101942,0.9999950287823665
Lrrtm3,278.86995761277575,-0.09642952637270269,0.17338270941633732,-0.5561657601113507,0.5780975437790009,0.9999950287823665
Lsm14a,517.7948961790099,0.12213172040678912,0.1395114007639834,0.87542465875892,0.3813428875591318,0.9999950287823665
Lsr,6.057470174351846,0.7389836379229671,0.8242970788308248,0.8965015852914758,0.3699849340023521,0.9999950287823665
Lss,189.1712802148497,-0.03365353681006462,0.17269749772305915,-0.1948698577209963,0.8454948318483143,0.9999950287823665
Lta,0.3628114670337281,-1.910856836373863,3.8416188283135435,-0.49740927504062715,0.6189004662842906,0.9999950287823665
Lta4h,245.4364440979388,-0.0842383332602344,0.16011545273427924,-0.5261099526729175,0.5988118139215011,0.9999950287823665
Ltb4r1,1.3183215635669037,-1.033350675400292,1.8018141564101706,-0.5735056924289459,0.566302345943799,0.9999950287823665
Ltbp1,31.698813821094944,-0.45491099027126736,0.36777979846552644,-1.2369113044524878,0.21612001277899695,0.9999950287823665
Ltbr,24.9005102010304,0.4238618404885336,0.4597960137735759,0.92184757542779,0.35660808757012863,0.9999950287823665
Luc7l3,540.6526612660741,-0.019141407145201836,0.1674640928198094,-0.11430156054885092,0.9089987454694151,0.9999950287823665
Lum,4.530349396921072,0.10649709393513733,1.0803216121842452,0.09857906454339692,0.9214724931156882,0.9999950287823665
Lurap1,38.684151469863515,-0.10734731691068668,0.3213248534316551,-0.33407722983220517,0.7383212818982829,0.9999950287823665
Luzp2,1935.7478483924533,-0.06706110466766903,0.14343700120375646,-0.46753002436523866,0.6401207161604736,0.9999950287823665
Lvrn,0.452393915237236,-1.01636677170274,3.1394991257764424,-0.3237353255995503,0.7461384239179836,0.9999950287823665
Ly6g,0.21536182746453092,0.0081920501520074,4.137788937172267,0.001979813440558373,0.9984203384544649,0.9999950287823665
Ly6g5b,2.2041767205538103,0.27424444715902724,1.3497460017077803,0.20318226304211057,0.8389925757286127,0.9999950287823665
Ly6g6d,1.8394669239348023,0.5196749654632024,1.5130639945420121,0.3434586820767632,0.7312534193189182,0.9999950287823665
Ly6g6e,9.887597069666848,-0.035155302380680827,0.6308468329474096,-0.05572715997705824,0.9555591625844293,0.9999950287823665
Ly6h,248.6395258384739,0.09588105040139648,0.16316200230813604,0.5876432566715037,0.556771769989135,0.9999950287823665
Ly6i,0.6388399428976007,1.3070854493643211,2.809168123049156,0.4652927101940667,0.6417218544674077,0.9999950287823665
Ly6k,1.5564683686667953,-0.1858427046173569,1.573647772296188,-0.11809676084387331,0.9059909899651579,0.9999950287823665
Ly6m,3.076375404243104,-1.9738850591124824,1.227409526708844,-1.6081715321252439,0.1077976161637903,0.9999950287823665
Ly75,5.480102912298793,-0.2970347537306804,0.815158851325302,-0.36438879765306503,0.7155676995026261,0.9999950287823665
Ly86,25.23602557333574,-0.26807320999471396,0.4095982360683986,-0.6544784288327564,0.5128036201875585,0.9999950287823665
Ly96,24.40035722858755,-0.0018908238851418468,0.4208703298789956,-0.004492651895146606,0.9964153944743707,0.9999950287823665
Lyar,111.90020982093101,0.16832889755711805,0.2176086112811434,0.773539689289421,0.4392030493468997,0.9999950287823665
Lyg1,0.452393915237236,-1.01636677170274,3.1394991257764424,-0.3237353255995503,0.7461384239179836,0.9999950287823665
Lyn,15.603162828242107,0.030059851782648053,0.49175355638765017,0.0611278787762377,0.95125736660841,0.9999950287823665
Lypd1,142.46698763981308,0.13517533476091362,0.2255434045170566,0.5993318006809242,0.5489516456533707,0.9999950287823665
Lypd6,125.00825213157782,-0.30369232414791947,0.2523644010183864,-1.2033881281290282,0.2288261598315321,0.9999950287823665
Lypd6b,51.79688317965424,0.2217852888574324,0.29738041967737655,0.7457965426844305,0.45579032877212655,0.9999950287823665
Lyplal1,13.314023252101832,-0.3159157773662709,0.5501720907150174,-0.574212655817744,0.5658239061700906,0.9999950287823665
Lyst,174.92400233475198,0.11746214811092819,0.20469592284124588,0.5738372630021908,0.5660779303101902,0.9999950287823665
Lyve1,1.4441009428279268,-1.2257226861617194,1.6594726010253147,-0.738621828046091,0.4601366658348187,0.9999950287823665
Lyzl6,1.6175522370268514,-0.1342065533158605,1.5330474510648213,-0.0875423348590049,0.9302404362250025,0.9999950287823665
Lztr1,630.4939577458716,-0.10026706395595152,0.13294157754602104,-0.7542190021119732,0.45071772929262754,0.9999950287823665
Mad1l1,113.43486402276642,-0.30232516420688166,0.2241518245365394,-1.3487517437432193,0.1774167193093139,0.9999950287823665
Mad2l1,17.683163290337514,0.27373090795557187,0.4781649188452585,0.572461293514833,0.5670095012933053,0.9999950287823665
Mad2l2,148.99085341146477,-0.17183101960059266,0.18631966294656632,-0.9222377117001936,0.3564045962354301,0.9999950287823665
Madcam1,0.0,,,,,
Mael,1.6146999620654559,3.1129256114510935,1.910648291657877,1.629250985145987,0.10325989767694538,0.9999950287823665
Maf,163.69827983687074,0.012131976628625937,0.20794653769585789,0.0583418063270192,0.9534763675740984,0.9999950287823665
Maf1,286.41284339664196,-0.0373733919594148,0.1633468211932934,-0.22879779163372696,0.8190260832891488,0.9999950287823665
Mafa,22.442688648531576,-0.6902776834531604,0.4752191285948861,-1.4525460822550498,0.14634982559293844,0.9999950287823665
Mafb,51.96331338641445,-0.05392600510691772,0.31969396774507186,-0.1686800832911524,0.8660482855123912,0.9999950287823665
Maff,16.877070841109447,2.983815996213102,0.7043978161549332,4.23598132728567,2.275556880628888e-05,0.05743505566707313
Mafk,19.26256558078966,0.12318053515305562,0.4727173088637474,0.26057970132115527,0.7944166450011683,0.9999950287823665
Mag,3084.278027945848,-0.39658119788406715,0.15250278353743119,-2.6004849792576272,0.009309209434222303,0.6794613713086947
Mageb4,0.6355050961966997,-1.5963673258033813,2.6324928080123984,-0.6064089979446823,0.5442431949210089,0.9999950287823665
Magoh,297.8527512609732,0.15120863599806827,0.16076043610958168,0.9405836389682194,0.34691826951708926,0.9999950287823665
Maip1,164.55320451290672,0.16130717020105306,0.18192184778109521,0.8866838819444731,0.3752491185004162,0.9999950287823665
Mal,11620.896805331971,-0.4540886328061861,0.3585471672100707,-1.2664683320176344,0.20534546021894784,0.9999950287823665
Malt1,29.475818308056247,-0.00756552851092104,0.451537512898938,-0.016755038717268963,0.9866320387623359,0.9999950287823665
Maml1,104.16342936639442,-0.11303354139492809,0.21414007854732875,-0.5278486034081924,0.5976044198834132,0.9999950287823665
Man2b2,94.62848786245489,0.0012483227081244053,0.23374026170274284,0.005340640499974921,0.9957388056568918,0.9999950287823665
Maoa,322.71262607353873,0.01609599074497,0.15246429769646624,0.10557219616762166,0.9159217856851489,0.9999950287823665
Maob,89.68003959175671,-0.07798081538957399,0.26199644271690686,-0.2976407411524822,0.7659773761110422,0.9999950287823665
Map1b,4355.536119435758,0.04900999510259899,0.11839345065604136,0.413958667739009,0.6789043769969436,0.9999950287823665
Map1lc3a,889.6498579745381,-0.09714014633586107,0.12849331427144856,-0.75599377980591,0.4496529250927882,0.9999950287823665
Map2,5853.755083518466,0.021249613911767586,0.14855448873216034,0.14304255693060916,0.88625657118679,0.9999950287823665
Map2k1,931.4271982757682,0.04389711551425641,0.11780437034429106,0.37262722415105815,0.7094259078907421,0.9999950287823665
Map2k2,267.2140070267548,-0.0030078618100394462,0.1581324676481514,-0.019021152675186306,0.9848242310669263,0.9999950287823665
Map2k3,10.619605201556007,-0.11441422518951656,0.5988525997842492,-0.19105573764017553,0.8484819250286487,0.9999950287823665
Map2k4,339.3085279237511,0.03485860326808802,0.146340468560165,0.23820207500399376,0.811724367815061,0.9999950287823665
Map2k5,263.38765251035846,-0.14693874905174886,0.15464300861045374,-0.9501803565002286,0.3420206180634038,0.9999950287823665
Map3k1,17.669291514710107,0.13925190476341703,0.49212168721909383,0.2829623411849796,0.7772057050843577,0.9999950287823665
Map3k11,168.2896203762409,-0.060862946969568135,0.18265902130231254,-0.3332052615613001,0.7389793467040324,0.9999950287823665
Map3k14,30.018623348013268,0.41863617514956875,0.37381381679997344,1.1199055688558983,0.26275400494006995,0.9999950287823665
Map3k15,6.134150157047588,0.6990572061026115,0.8268620810317235,0.8454338663472842,0.39786864255200094,0.9999950287823665
Map3k5,111.1170033411418,-0.0004595472074178496,0.20737974135510445,-0.0022159696237201345,0.9982319134970634,0.9999950287823665
Map3k7,732.6359001669243,-0.015425107190030379,0.12513259901748883,-0.12327009357389382,0.9018932220557583,0.9999950287823665
Map3k8,6.350957879082155,0.28174165236580617,0.7701440066813573,0.36582983172181616,0.7144920581124283,0.9999950287823665
Map4,2192.055833060685,-0.026845717196404693,0.12397920909375457,-0.21653402528244586,0.8285715058616673,0.9999950287823665
Map4k4,1108.038911426007,-0.16566838545802406,0.11859644145854377,-1.3969085701102983,0.16244106711730344,0.9999950287823665
Map6,208.87630001876065,-0.07062002918142596,0.16626524648095145,-0.42474317800092215,0.6710239040173063,0.9999950287823665
Map7,2671.8814383542685,-0.1871494120753318,0.16547087268789704,-1.1310112108269579,0.25805037288051735,0.9999950287823665
Map9,189.08105603776735,0.04177208268680821,0.18668000856061098,0.2237630210588174,0.8229417052900075,0.9999950287823665
Mapk1,1058.2037729657388,0.023344761485817173,0.11620928925503347,0.20088550266050284,0.8407881038413814,0.9999950287823665
Mapk10,946.4034077072993,-0.04130403057911274,0.11809215513119486,-0.34976100261042653,0.7265180680757874,0.9999950287823665
Mapk11,40.04644924953097,0.2213560879050695,0.3367836182542724,0.6572650090656879,0.5110105313716764,0.9999950287823665
Mapk14,82.97537231232373,-0.2610271086066134,0.23184477450595883,-1.1258701394622312,0.26022049027346805,0.9999950287823665
Mapk3,600.882617158993,-0.08761321890037668,0.1503427085853598,-0.5827566878684555,0.5600571057936141,0.9999950287823665
Mapk7,63.06200226897342,0.006442993350306255,0.27550621944089737,0.023386017794376615,0.9813423581408844,0.9999950287823665
Mapk8,599.1084071163465,0.035715495716014574,0.13260590576676598,0.26933563410692135,0.7876714129155344,0.9999950287823665
Mapk8ip1,3596.1489328392167,-0.3377220329544368,0.1376479594948139,-2.4535200826363215,0.01414656399663896,0.8026247767155253
Mapk8ip2,1915.200666016116,0.08827462409417716,0.1452522501861407,0.6077332638981722,0.5433643974086724,0.9999950287823665
Mapk9,967.8146073394154,-0.01617052831193949,0.11747819770493068,-0.13764705815929282,0.8905193624459398,0.9999950287823665
Mapkap1,334.5012786939595,0.05610650688082182,0.14469925802813965,0.3877456432424193,0.6982042747470283,0.9999950287823665
Mapkapk2,157.82926415548116,-0.10912286711327265,0.18243514856936807,-0.5981460698171351,0.5497424725317963,0.9999950287823665
Mapre1,515.8313662403535,-0.03946971560510758,0.1368712700961104,-0.28837107727130845,0.773062704792138,0.9999950287823665
Mapre2,1610.3966941409537,-0.0289499737245425,0.11150872348477185,-0.25962070786772157,0.7951563613511071,0.9999950287823665
Mapt,3832.55141999318,-0.08299893504785455,0.11166803356370525,-0.7432649469958174,0.4573212892843942,0.9999950287823665
March2,248.27034656366072,-0.12112530943030043,0.15856036403807083,-0.7639066053179461,0.44492290087197495,0.9999950287823665
March5,303.2300544035068,0.07726938443207675,0.1584622918725808,0.48762001053354004,0.6258190190724491,0.9999950287823665
Marcks,646.4378392207659,-0.06754194121405219,0.13090347690153573,-0.5159675114271911,0.605877100425003,0.9999950287823665
Marcksl1,497.4212804018528,-0.09057619724430073,0.13368597485418307,-0.6775295414728135,0.4980700332558671,0.9999950287823665
Marco,0.49970528641074025,0.8931701739538003,2.8559870036325203,0.3127360778665239,0.7544811832643689,0.9999950287823665
Mark2,742.3437330232501,-0.04228340097379306,0.12473801954084389,-0.3389776519575725,0.7346265656785849,0.9999950287823665
Mark3,492.1435387873207,0.07722393810636453,0.13626859571975422,0.5667038520392541,0.5709154033163069,0.9999950287823665
Marveld2,4.183934180779569,1.2942413713153142,0.9831382999466911,1.3164387669420385,0.1880268179224197,0.9999950287823665
Mas1,27.785742901414697,-0.15437233789337415,0.38370356290486574,-0.4023218776617113,0.6874471557993976,0.9999950287823665
Mast2,715.9889229098729,0.18529695214480552,0.1271798985217314,1.4569672904177038,0.14512540952999312,0.9999950287823665
Mast3,1388.6165301682643,-0.06499647839364413,0.13268321403744138,-0.4898621039983477,0.6242314807536465,0.9999950287823665
Matn1,5.557020570155754,-0.5120145411324913,1.0023595328090946,-0.5108092699009703,0.6094846174933286,0.9999950287823665
Mavs,49.96139936375793,0.061529710119898155,0.3014877707342754,0.2040869185839351,0.8382855766618781,0.9999950287823665
Max,615.432307640879,0.10525549035926834,0.13185945342335048,0.7982400019612781,0.42473122798346874,0.9999950287823665
Maz,137.4772117609853,-0.05872421333600541,0.20719518872150774,-0.28342459927936337,0.7768513736432832,0.9999950287823665
Mbd2,621.4892448512043,0.2363319278748752,0.15133369318889697,1.5616610081661204,0.11836786901097021,0.9999950287823665
Mbd3,630.5140044516555,0.05454564479983776,0.1247147810201226,0.43736311248493376,0.6618480313495545,0.9999950287823665
Mbd5,84.45174579616513,-0.18492183596850503,0.2295025514670557,-0.8057506759137268,0.420386623401406,0.9999950287823665
Mbl1,0.2687473446105237,1.8201492506551062,4.237876475280358,0.42949558847976893,0.6675626036306206,0.9999950287823665
Mbl2,1.161747426904416,0.4307375425008,1.8666330047336501,0.2307564161827632,0.8175040422798738,0.9999950287823665
Mbnl1,506.5730920861991,0.073558889591669,0.14151579177137932,0.5197927995944395,0.6032079984531067,0.9999950287823665
Mboat1,117.38987375310425,-0.3650558982507219,0.24621410580549602,-1.4826766202384374,0.13816034921610887,0.9999950287823665
Mboat7,582.334200208145,0.11003097477585604,0.13095833461158296,0.8401983356172282,0.40079719145902293,0.9999950287823665
Mbp,29096.609755898127,-0.2303557078390285,0.14205109956871131,-1.6216397376607672,0.10488050891423052,0.9999950287823665
Mbtd1,296.42623198394176,-0.12976962185118068,0.15352091970729795,-0.845289502555083,0.39794922065251603,0.9999950287823665
Mc1r,0.522546940242418,-1.3343323679918335,2.7783935047935273,-0.48025319872427236,0.6310473632092775,0.9999950287823665
Mc3r,1.4289822062150204,1.6415002468266688,1.7705181959953247,0.9271298372078428,0.35385912616967385,0.9999950287823665
Mc4r,4.846724341773982,0.5228725465072783,0.909403613386779,0.5749620287520181,0.5653169776062688,0.9999950287823665
Mc5r,4.247891031837154,-0.0865272574055591,0.9520837950372436,-0.0908819768350057,0.9275863713220179,0.9999950287823665
Mcam,981.3562871813643,0.030476072601946867,0.1777489119106597,0.17145574774187522,0.8638654233200589,0.9999950287823665
Mcl1,751.6920187453137,0.1658283631469543,0.12647103703724344,1.311196357930716,0.18979143252812103,0.9999950287823665
Mcm2,27.573111345754523,-0.3451649249161972,0.4115969769291337,-0.8385992712857695,0.4016942197351838,0.9999950287823665
Mcph1,35.40285907292267,-0.1034684222176707,0.3437151661158914,-0.30102955126159303,0.7633919604137427,0.9999950287823665
Mctp2,6.4374965059297375,0.5340334268767062,0.8584368036205143,0.6220998734261913,0.5338761982057434,0.9999950287823665
Mcu,321.9771207435586,-0.018930740870193835,0.14802771035927817,-0.1278864668260221,0.8982388210084596,0.9999950287823665
Mcub,5.161725975472466,0.25695519139013007,0.8601866497514856,0.2987202736340612,0.7651534868453452,0.9999950287823665
Mcur1,166.43940706465324,0.06567714427755818,0.1923877072621498,0.3413791099868232,0.7328181993903322,0.9999950287823665
Mdk,47.939273242271526,0.2386958545353404,0.29240679653066076,0.8163143174762408,0.41432038770065394,0.9999950287823665
Mdm2,285.26571159325414,0.36949607426286835,0.20606872240425386,1.7930720875631576,0.07296139812191069,0.9999950287823665
Mdm4,832.3104280959919,-0.1404157685669584,0.13506536481723036,-1.0396134401811166,0.29851953013875165,0.9999950287823665
Mdp1,221.04913797033225,-0.12614564469595826,0.16357756497565262,-0.7711671506709014,0.4406078623204036,0.9999950287823665
Me1,40.55218767883346,0.0732192026904802,0.3237669694552001,0.2261478458215967,0.8210864327710267,0.9999950287823665
Meaf6,138.0555583819257,-0.018394759397612925,0.19851304467043032,-0.09266272364192363,0.9261715117766133,0.9999950287823665
Mecom,5.303624497235622,0.5375597369865678,0.8397323366388009,0.6401560515559753,0.5220711515079726,0.9999950287823665
Mecp2,542.6492250143182,0.034204251206947985,0.13156581520368796,0.2599782561601853,0.7948805461186863,0.9999950287823665
Med1,287.78322632819186,0.23642277453814464,0.1736642242969426,1.3613786921012203,0.17339404626253252,0.9999950287823665
Med12,146.21549343452588,0.1736361282868322,0.20265671875219068,0.8567992680230605,0.39155583030371466,0.9999950287823665
Med14,195.90237089385346,-0.046759892175252823,0.17822341838220343,-0.262366711399146,0.7930387344197793,0.9999950287823665
Med15,402.9250390392328,0.1380789777823524,0.14399833307099785,0.9588928901994516,0.33761270685819766,0.9999950287823665
Med21,214.46869062090627,0.052843926213190666,0.1961793156672631,0.26936543250471157,0.7876484842380485,0.9999950287823665
Med24,252.43796319403586,-0.01649072073622924,0.15913678050422086,-0.10362607992934637,0.9174660902903612,0.9999950287823665
Med6,139.244172317919,0.0013172163376151222,0.1993280740316223,0.006608283073091616,0.9947273913378739,0.9999950287823665
Medag,75.49303576273225,-0.20026239545157154,0.2451860265366742,-0.8167773599512893,0.41405567267309495,0.9999950287823665
Mef2a,820.7841179917123,-0.03496542277866273,0.12603855434017947,-0.2774184689891846,0.7814588017492534,0.9999950287823665
Mef2c,415.82681517693146,-0.18062930955334194,0.1804684415965729,-1.0008913910673016,0.3168793190427417,0.9999950287823665
Mef2d,1211.8817704178389,0.02843558337261152,0.12808821283218544,0.2220000009670394,0.8243138825785519,0.9999950287823665
Meg3,4282.4767849437385,-0.09091866146293878,0.13155263319481394,-0.6911200426395034,0.4894901058721809,0.9999950287823665
Megf11,7.483677333984733,-1.0421261589403243,0.7245674541226756,-1.4382734871829934,0.1503564714205943,0.9999950287823665
Mei4,2.27923383375613,-0.4147420184625911,1.2575933018324328,-0.329790257198629,0.7415584495468421,0.9999950287823665
Meiob,0.12577937926102303,-0.8696279726090034,4.441901790678799,-0.19577829803303895,0.8447836970135787,0.9999950287823665
Meis1,94.82585358392738,-0.2811941648651987,0.26786738524028564,-1.0497514081938661,0.2938324213015555,0.9999950287823665
Meis2,333.66917600584543,-0.12263232913014266,0.1573110947434038,-0.7795529573433647,0.4356540548492813,0.9999950287823665
Meis3,136.96457507423727,-0.14388916022215867,0.21047190988515985,-0.6836501854364755,0.49419608641778934,0.9999950287823665
Memo1,166.89066087492628,-0.0438776123788808,0.17890881232775105,-0.2452512640825061,0.806261885120483,0.9999950287823665
Men1,255.9833285546969,0.2077285803978365,0.17463912116541191,1.1894733494512002,0.23425345217077753,0.9999950287823665
Meox1,1.538189631255839,-0.19909432228332083,1.6421689044317092,-0.12123863857489107,0.9035020206690956,0.9999950287823665
Meox2,0.0895824482035079,0.9694711599089978,4.453824094096601,0.217671632158531,0.8276849679587712,0.9999950287823665
Mep1a,0.42840157561818853,0.24278752585553082,3.277951152336884,0.07406685291281573,0.9409571903344809,0.9999950287823665
Mep1b,0.18311118095946377,-0.8696279726090034,4.441901790678799,-0.19577829803303895,0.8447836970135787,0.9999950287823665
Mepe,0.0,,,,,
Mertk,191.2641509651468,-0.1961483621274977,0.18921148174529884,-1.03666204776905,0.2998933852678687,0.9999950287823665
Mesp1,0.2709881817203719,0.010035929001538433,3.8206954392682,0.0026267283433250234,0.9979041764195309,0.9999950287823665
Mesp2,1.3191608208022323,0.6689705615055593,1.8293627665272088,0.36568502089692523,0.7146001247048754,0.9999950287823665
Mest,278.00327750272385,-0.007287321137022785,0.16450964567586115,-0.044297227114458916,0.9646674819489041,0.9999950287823665
Met,18.155381167530305,0.7530238958315362,0.4707885206936883,1.5994950232048675,0.10971065355774057,0.9999950287823665
Metrnl,6.452781846229638,0.30414138969561333,0.7693734954752046,0.39531045907392476,0.6926137814861042,0.9999950287823665
Mettl14,154.95615692887563,0.018335094777519642,0.19988506636992612,0.09172818715524746,0.926914001685955,0.9999950287823665
Mettl21c,0.18311118095946377,-0.8696279726090034,4.441901790678799,-0.19577829803303895,0.8447836970135787,0.9999950287823665
Mettl3,178.52236734547705,0.11673559316375588,0.19186383867889845,0.6084293630709823,0.542902741728329,0.9999950287823665
Mettl7b,0.8786358959466014,1.3576350581935293,2.3639748728374914,0.5743018141998916,0.5657635817303566,0.9999950287823665
Mfap5,2.824702334283098,-0.14217473217196638,1.1682194672293513,-0.12170207410527072,0.9031349705521731,0.9999950287823665
Mfn1,548.1982202503925,0.051189180047501316,0.14405819155341282,0.3553368225403675,0.7223372726392961,0.9999950287823665
Mfn2,559.1732780082353,-0.049380500612196905,0.13395083918760048,-0.36864644455895235,0.7123912722860489,0.9999950287823665
Mfrp,1.4039010510216468,2.0258433119685195,1.7992786766669309,1.1259197022894127,0.260199509005005,0.9999950287823665
Mfsd2a,98.0739317079895,0.2719524763745211,0.23856063165216881,1.1399721508578118,0.25429790369630123,0.9999950287823665
Mfsd2b,11.597736455574342,-0.018671647957164382,0.5850200274363898,-0.03191625428446479,0.9745388361987094,0.9999950287823665
Mgst3,218.01327605399874,0.218929913964301,0.18176862215227688,1.2044428316175066,0.2284184656331213,0.9999950287823665
Mia,0.9387439244221388,-0.9575465764764413,2.167444720831479,-0.44178592758255236,0.6586441227438824,0.9999950287823665
Mia2,383.05132786231246,0.0997902588580464,0.15469264353222187,0.6450872942594744,0.5188706171866485,0.9999950287823665
Mib1,958.3532991511089,0.08568939884910023,0.11711054031608639,0.7316967253145691,0.46435369560747874,0.9999950287823665
Micu1,452.8712824888832,0.0027655646784351924,0.13505415327682077,0.020477450054916926,0.9836625005541574,0.9999950287823665
Micu2,246.72734052052488,-0.012144901663333263,0.16671313234258733,-0.0728491000839459,0.9419261985056736,0.9999950287823665
Miga1,183.58413825855777,-0.011713735514904658,0.1754863191694736,-0.06675013511219796,0.9467806212318728,0.9999950287823665
Miga2,200.9015590561253,-0.17617835560672487,0.1710228012044594,-1.030145421347075,0.30294174590571243,0.9999950287823665
Minar2,213.63608949490086,-0.09184217789991735,0.18491691551616737,-0.4966672607725146,0.6194237132604996,0.9999950287823665
Mindy1,88.00931470241336,-0.428973541161511,0.24056769672256015,-1.7831718348130252,0.07455833578447377,0.9999950287823665
Mip,0.9458502097726363,2.1352579643367418,2.301992555587858,0.9275694481086029,0.35363095182974325,0.9999950287823665
Misp,2.111800009333377,-0.003975804244428245,1.2979060161527047,-0.003063245100144811,0.9975558878510158,0.9999950287823665
Mitf,65.6946077357629,0.05987368779022264,0.2746323709968837,0.21801394924017178,0.8274182429097654,0.9999950287823665
Mixl1,0.36227607736647954,0.5349739304793952,3.39659642773651,0.15750294209544982,0.874848489377778,0.9999950287823665
Mki67,4.256618387007681,1.7865556763558612,1.1825687108761973,1.5107415407872187,0.13085431416747537,0.9999950287823665
Mkks,101.72949524438303,0.2438522970387441,0.22307446375525042,1.093143038130489,0.2743310021255947,0.9999950287823665
Mkln1,780.3575913788968,-0.029176838444011047,0.12249191097793621,-0.2381940016371082,0.8117306292544937,0.9999950287823665
Mknk1,108.85714849611584,-0.14032000835780586,0.21439654609916056,-0.6544881944735549,0.5127973305425677,0.9999950287823665
Mknk2,205.5184133763709,0.07014349612092717,0.20616641112859416,0.34022756537764,0.7336851609161761,0.9999950287823665
Mkx,39.17309730600017,-0.011994112592103368,0.33104399789405176,-0.0362311737062274,0.9710980292779396,0.9999950287823665
Mlc1,661.5743758240019,-0.020988733537277086,0.16836648924230754,-0.12466099181453374,0.9007919404532266,0.9999950287823665
Mlec,172.6763449651838,0.0015351587373664379,0.18445697307524334,0.008322584458437463,0.9933596150128904,0.9999950287823665
Mlf1,4.827418265501856,0.2150355185582602,0.9924424741907576,0.21667303057902798,0.8284631671932103,0.9999950287823665
Mlh1,60.84765269217895,-0.05665229987469351,0.271472591078185,-0.20868515546889024,0.8346940292273275,0.9999950287823665
Mlkl,8.97636549717019,-0.8207326091042035,0.6702257730037813,-1.2245613973122655,0.22074051996526933,0.9999950287823665
Mllt10,175.54683808043126,0.042886732882430875,0.17792368199112824,0.2410400481964471,0.809524077446818,0.9999950287823665
Mllt6,942.3084542836733,-0.022771439924064475,0.12333513250101368,-0.18463060331878528,0.8535187806171911,0.9999950287823665
Mlph,6.009796923665792,0.7725599480337668,0.8153684201492744,0.9474980008329605,0.3433850744704834,0.9999950287823665
Mlst8,138.22098564348275,0.047351510517971006,0.19576365080213332,0.24188101480509883,0.8088723613841846,0.9999950287823665
Mlx,58.95126573147331,-0.07506911466369867,0.2709557931732845,-0.27705299740791917,0.7817394121798542,0.9999950287823665
Mlxipl,8.946592254914982,0.022806917831117685,0.8077025400416219,0.02823677864123396,0.9774733037964275,0.9999950287823665
Mlycd,54.39900891484297,-0.3066859719564266,0.2793902887819005,-1.0976973226003353,0.2723366792819115,0.9999950287823665
Mmd2,142.70037572021016,-0.07701937939374248,0.20400328603762424,-0.37753989599725285,0.7057724214435133,0.9999950287823665
Mme,25.040723121483936,-0.3730112949636903,0.3944593560923183,-0.9456266892967083,0.344339026432527,0.9999950287823665
Mmp12,1.469409917405082,2.804707084520097,2.0146455533631684,1.3921590722685842,0.1638742333437131,0.9999950287823665
Mmp13,1.3744266312936764,-0.058832626725951964,1.8058500484028641,-0.032578910291020516,0.974010388051413,0.9999950287823665
Mmp14,25.01862831817779,-0.589293007438497,0.4293371529732389,-1.37256466941548,0.16988772169799604,0.9999950287823665
Mmp15,77.01846669541065,-0.231681048141949,0.24581086283605239,-0.9425175334764294,0.3459277386734887,0.9999950287823665
Mmp16,154.26299290381357,-0.12010383665883737,0.19832294206433776,-0.6055972920161431,0.5447822009960084,0.9999950287823665
Mmp2,2.4200791317023165,0.8834981974773538,1.3183285917566308,0.6701653919984553,0.5027523628879189,0.9999950287823665
Mmp25,0.6315588116442518,-0.09684652213301466,2.6803744909472744,-0.03613171310953195,0.9711773354257122,0.9999950287823665
Mmp28,9.273516001451886,-0.5014702647853451,0.6551176726271242,-0.7654659395378101,0.44399414094484735,0.9999950287823665
Mmp3,0.3411412067255539,-0.6177680891974539,3.456440796226646,-0.17872954452796175,0.8581500695221761,0.9999950287823665
Mmp7,0.1791648964070158,1.4769425715357707,4.382600628342644,0.33700140550892543,0.7361158405752473,0.9999950287823665
Mmp9,4.377906229694263,-3.6874209889421716,1.3276087686934954,-2.7774906854306,0.00547804101724892,0.5862885167192612
Mmrn1,0.18140573351686404,-0.8696279726090038,4.441901790678799,-0.19577829803303906,0.8447836970135786,0.9999950287823665
Mms19,194.58898214455522,-0.007654627381744843,0.1700223540797445,-0.045021299835400715,0.9640903313525825,0.9999950287823665
Mmut,216.42999762217516,-0.09820882586726541,0.16434179491260492,-0.5975888599701112,0.5501142992001258,0.9999950287823665
Mnx1,0.0,,,,,
Mob2,304.39214231887587,0.09228648277022597,0.15480736401495626,0.5961375504159477,0.5510833405819037,0.9999950287823665
Mog,4755.615879710702,-0.6310661475556413,0.39935287826521676,-1.580221858665408,0.11405606761554085,0.9999950287823665
Mos,0.18311118095946377,-0.8696279726090034,4.441901790678799,-0.19577829803303895,0.8447836970135787,0.9999950287823665
Mov10l1,0.6355050961966997,-1.5963673258033813,2.6324928080123984,-0.6064089979446823,0.5442431949210089,0.9999950287823665
Moxd1,27.77887004603426,0.40513648823521714,0.4153635444495481,0.97537806013312,0.32937276253970915,0.9999950287823665
Mpc1,1102.270221286417,0.045293453889361714,0.12106896631229595,0.37411283228872866,0.7083203719982729,0.9999950287823665
Mpc2,290.422400008182,-0.0471185411997617,0.15100360854973757,-0.31203586227041585,0.7550132688830881,0.9999950287823665
Mpi,193.69643132263914,0.017319845593133966,0.17225344127346018,0.10054861873927919,0.9199087862028483,0.9999950287823665
Mpl,6.050496613381964,-0.4421396817580937,0.78080758942978,-0.5662594571871236,0.5712174167150512,0.9999950287823665
Mplkip,124.61748145557794,-0.1441437464618265,0.2148016340939182,-0.6710551671073518,0.5021853861366441,0.9999950287823665
Mpp2,1006.6502075215363,-0.2578443409562257,0.13008273526128356,-1.982156513224609,0.04746172609695331,0.9999950287823665
Mpp3,201.11539861662197,0.04663118812326241,0.18038952095449637,0.2585027549079485,0.7960189230539998,0.9999950287823665
Mprip,1733.4677748367533,-0.03295634624199545,0.11514981989820831,-0.28620406242170976,0.7747218324701647,0.9999950287823665
Mpzl1,913.9223158999936,0.5128422445293963,0.20375855384273106,2.5169114859601347,0.011838856705739805,0.7461925387718115
Mrc1,2.13013542294065,-1.1590332811814523,1.3889987248805469,-0.8344379734985923,0.4040342262690535,0.9999950287823665
Mre11a,97.10833688498921,-0.07882074347467984,0.22557114031406914,-0.3494274283710916,0.7267684446378397,0.9999950287823665
Mrgprf,2.9170610092637026,-0.7915346610132922,1.1271329342593535,-0.7022549310329707,0.48252019428992143,0.9999950287823665
Mrm3,96.72548219651567,0.2969311537908511,0.22845566919890703,1.2997320435603867,0.19369282380324226,0.9999950287823665
Mrnip,39.00139639486151,-0.32123457930910165,0.3377735967950192,-0.9510351974137446,0.3415865087150153,0.9999950287823665
Mrtfa,9.345315126207046,0.15866775240417844,0.6347627965170948,0.24996384992122858,0.8026153049262357,0.9999950287823665
Ms4a1,0.8251691365995835,-0.602573359884371,2.1829375898014813,-0.2760378320935733,0.7825190088325291,0.9999950287823665
Ms4a2,0.0,,,,,
Ms4a7,0.22871710469036832,1.2368956898123245,4.413469574143697,0.2802547222844076,0.7792820857173672,0.9999950287823665
Msh2,184.27336662261789,-0.06324391966657104,0.17864094265204997,-0.35402813446722087,0.7233177986744308,0.9999950287823665
Msi1,84.70209688160061,-0.032819334896082075,0.2450773029627309,-0.13391421604257223,0.8934704087649117,0.9999950287823665
Msln,1.2954812454833784,-1.6122757709792437,1.8807001017382556,-0.8572742509499957,0.3912933354435806,0.9999950287823665
Msmo1,836.9089061507751,-0.06732732534927832,0.1502015086487762,-0.44824666512979716,0.6539751877954261,0.9999950287823665
Msn,112.29131555258111,0.9951817307334974,0.2869608373935718,3.4680053897688774,0.0005243367720990431,0.22057100212966416
Msr1,0.45580481012243546,-1.0265968350500398,3.131943952360558,-0.32778263297984306,0.7430760194030092,0.9999950287823665
Msra,199.46999675931522,-0.04182086044645227,0.17028758807249617,-0.2455895988652324,0.8059999415932804,0.9999950287823665
Msrb1,44.69327530661436,-0.3130276132714203,0.3080041230377888,-1.0163098148949623,0.30948187621219725,0.9999950287823665
Mst1,0.3583297928140316,2.1392654395547632,3.8224688848224453,0.5596554227161833,0.5757144936342623,0.9999950287823665
Mst1r,0.8580350792247717,2.0698462799092496,2.369277604847728,0.8736191468970043,0.3823256955258111,0.9999950287823665
Mstn,0.864222200887068,-0.7203259701442483,2.1566247356556234,-0.33400617095549817,0.7383749020788946,0.9999950287823665
Msx1,6.227896714653759,0.728670695373981,0.8012886833131906,0.909373501146994,0.3631530044747153,0.9999950287823665
Msx2,1.08845763135774,2.442030564705251,2.2036688878407804,1.1081658311644198,0.2677902044506565,0.9999950287823665
Mt1,53.71633886161339,-0.017641554759697805,0.371892202686036,-0.04743728056753963,0.9621647168556906,0.9999950287823665
Mt2,2266.8179453302714,0.547303494712825,0.11780054495227817,4.646018360395035,3.384028982650599e-06,0.017082578304420223
Mta1,306.9006260645718,0.19603185328265557,0.15216424057805863,1.2882912078287758,0.19764461253062426,0.9999950287823665
Mta2,391.3060389812303,0.1479034624864433,0.16540260769938306,0.894202724755439,0.37121343465469625,0.9999950287823665
Mta3,534.3715465597513,-0.11229519815758789,0.16067532646207205,-0.6988950987698509,0.4846175907258592,0.9999950287823665
Mtch1,2177.441338975361,-0.012989843751034864,0.10912004918500667,-0.11904176957445595,0.9052422637060901,0.9999950287823665
Mtch2,442.3434907747397,-0.1019433701130913,0.1343376827262695,-0.7588590784375384,0.44793686042951075,0.9999950287823665
Mtcl1,206.5855153631776,-0.1102138735787343,0.19107811431421196,-0.5768000902369008,0.5640745086033103,0.9999950287823665
Mtf1,265.92978892048137,-0.14064896022114862,0.1551227430585524,-0.9066946435317964,0.3645682967960614,0.9999950287823665
Mtf2,255.89304488524246,-0.04188378879152311,0.15905496347970466,-0.2633290271187762,0.7922969885447997,0.9999950287823665
Mtfp1,263.73295421452434,0.0825649715113056,0.1582016093176316,0.5218971656952905,0.6017419318314186,0.9999950287823665
Mthfr,26.08798365889849,-0.03713541076977429,0.3997041315365571,-0.09290724773601163,0.9259772477945313,0.9999950287823665
Mtif2,216.96023263410038,0.07757064172182698,0.17113248773134465,0.45327829186707447,0.6503483623248723,0.9999950287823665
Mtmr12,151.6249919717558,0.011917566793799834,0.18684815458094467,0.06378209525551944,0.9491437351425157,0.9999950287823665
Mtnr1a,0.957139495791477,2.1086420679139013,2.341348209133887,0.9006101953087668,0.3677956119212613,0.9999950287823665
Mtnr1b,0.3049442756680388,0.5282623719659802,3.599600672302437,0.1467558265645295,0.8833247523657832,0.9999950287823665
Mtor,498.30828745568186,-0.1913602644690516,0.13896006314820286,-1.3770882088975678,0.16848497772923932,0.9999950287823665
Mtrex,341.6597919277131,0.10611865241845195,0.1460398977004466,0.7266415143354858,0.4674455898741193,0.9999950287823665
Mttp,12.465312875150294,0.1348462181415274,0.5617797532211534,0.24003395880385722,0.8103039307184834,0.9999950287823665
Mturn,344.1649731213299,-0.12109783201223351,0.1595908370287862,-0.7588019103527258,0.4479710627185409,0.9999950287823665
Mtus1,259.1508543160874,0.10519539803012037,0.21198354429245603,0.4962432267147635,0.6197228164155559,0.9999950287823665
Mtx1,39.71097363144559,-0.047574553704596206,0.33354509904642304,-0.14263304674722488,0.8865799967834199,0.9999950287823665
Muc1,0.898178294834735,-0.1792160414078161,1.9716720295326982,-0.09089546269533058,0.9275756555141629,0.9999950287823665
Muc2,1.4512085639265766,-0.746767125439097,1.660015968150784,-0.44985538679545156,0.6528147178871473,0.9999950287823665
Muc20,0.22871710469036832,1.2368956898123245,4.413469574143697,0.2802547222844076,0.7792820857173672,0.9999950287823665
Muc5ac,0.18140573351686404,-0.8696279726090038,4.441901790678799,-0.19577829803303906,0.8447836970135786,0.9999950287823665
Mus81,96.62145698423251,0.17845969875786505,0.25394857964968526,0.7027395034224845,0.48221810449624813,0.9999950287823665
Musk,3.3572697050504523,-0.7376206122713238,1.1185331253071884,-0.6594535249626579,0.5096045806930719,0.9999950287823665
Mxd1,106.87707457909778,0.12218523488674782,0.21289068523555985,0.5739341519407106,0.5660123614032975,0.9999950287823665
Mxd4,109.16093156194124,0.12029386767626665,0.21886559383142376,0.5496243862291131,0.5825770290531006,0.9999950287823665
Myb,5.924966792459938,-0.7090075364680992,0.8354891789831794,-0.8486136676611264,0.3960962991758106,0.9999950287823665
Mybbp1a,244.96349377317017,0.3304836902323012,0.24079567510185115,1.372465224271632,0.1699186575627375,0.9999950287823665
Mybl2,3.697137191612517,0.34145125291324857,1.1966001423686496,0.28535117189385556,0.7753751121893646,0.9999950287823665
Mybpc3,0.9676017122818358,2.276541678775448,2.2947020012228436,0.9920859778578145,0.32115558609674777,0.9999950287823665
Mybph,0.6777194970303864,0.6542784311275157,2.4414193557784816,0.26799100678010707,0.7887062411768024,0.9999950287823665
Myc,68.04808701019887,1.7910135990454354,0.6859360640284976,2.611050348522026,0.009026460343485206,0.6700819384399017
Mycbp2,435.1818214182938,-0.1447620459973074,0.14203748781258435,-1.019181965456317,0.3081165868612892,0.9999950287823665
Mycl,55.21974744701094,-0.19968421759221577,0.3048311499471075,-0.6550650011551109,0.512425904557128,0.9999950287823665
Mycn,21.813923398032305,-0.06526521287175972,0.42161193549076176,-0.1547992534788897,0.8769795797540554,0.9999950287823665
Myd88,42.51866880684166,0.0708113091107987,0.3377698010529469,0.20964369487756165,0.8339457737933539,0.9999950287823665
Myf5,0.3727752213623475,0.2497755297606688,3.4220104789280974,0.07299087226609192,0.9418133810131621,0.9999950287823665
Myf6,1.5262643413807435,-0.3652450030987165,1.603994955324435,-0.227709570959866,0.819872031347658,0.9999950287823665
Myh1,1.786413543076984,-1.6333760350085804,1.594503626529243,-1.0243790028649549,0.3056562955746748,0.9999950287823665
Myh10,675.8089766037793,0.03824477720974253,0.1300262357284865,0.2941312343272255,0.7686576244183251,0.9999950287823665
Myh11,5.183242097613923,0.23475947368703257,0.8798351790684862,0.26682210403951007,0.789606134494821,0.9999950287823665
Myh2,4.038299482777032,-0.896159094724456,0.9870659841510475,-0.9079019124493705,0.3639300471199878,0.9999950287823665
Myh3,6.849297177375731,1.1261764498304019,0.766312832193232,1.4696040605338936,0.14166901990358852,0.9999950287823665
Myh4,1.9049473828420151,-1.4342833966230013,1.4859503862932808,-0.9652296670555984,0.3344297906353706,0.9999950287823665
Myh7,0.18311118095946377,-0.8696279726090034,4.441901790678799,-0.19577829803303895,0.8447836970135787,0.9999950287823665
Myh8,0.5519401177693632,1.319943910188987,2.7215154239684836,0.48500328110000546,0.6276740180618727,0.9999950287823665
Myh9,364.8498740784458,0.46215237749452553,0.17800081124807343,2.596349838262479,0.009422007922267953,0.6794613713086947
Myl2,3.2157562930564016,-0.05531961329679325,1.1387813271972875,-0.04857790690416672,0.9612556769104691,0.9999950287823665
Mylk,121.5543565977568,-0.41885793473207444,0.30889225530758474,-1.3560001182774541,0.17509913041835623,0.9999950287823665
Mymk,0.3365782903048324,1.8623689430816042,3.676600551404302,0.5065464461104593,0.6124730927412735,0.9999950287823665
Myo10,82.54576396091085,0.06504323637951417,0.24007702865652625,0.27092653030361485,0.7864475396322894,0.9999950287823665
Myo16,245.88938321661456,-0.2790659839201324,0.18679943120726095,-1.4939337990301387,0.13519292323378085,0.9999950287823665
Myo18a,1029.4177919996491,-0.10769496195301968,0.1158703092510428,-0.9294439848234931,0.3526590419455867,0.9999950287823665
Myo1c,146.8866457739309,0.107286669849388,0.24092583896563075,0.44530993566320204,0.6560957886504329,0.9999950287823665
Myo1d,769.5150853321903,-0.4474955480467219,0.1527232033158701,-2.930108446724944,0.003388437268947117,0.4983786650432418
Myo1e,325.82968462209465,-0.0051514545333367434,0.16666442009909893,-0.030909143836901,0.9753419976812745,0.9999950287823665
Myo5a,2240.8678030698043,0.014936027379363927,0.11774949965275727,0.12684578213419337,0.8990624594681963,0.9999950287823665
Myo6,1742.784330360673,-0.14273503895157652,0.12843135303316644,-1.1113722278913956,0.26640816138209,0.9999950287823665
Myo7a,56.85276963287264,0.04653230516026244,0.2965884703790309,0.15689182084790954,0.8753301060464563,0.9999950287823665
Myo9a,433.6826457078044,-0.14692379190530233,0.1347088691656814,-1.0906764551975976,0.2754152743635436,0.9999950287823665
Myocd,1.8214377448628436,-0.5098355923494198,1.5539556901302662,-0.32808888669578534,0.7428444564879189,0.9999950287823665
Myod1,0.6822824134511078,-1.0472236779844004,2.6252866135783828,-0.39889879930366456,0.6899677739435659,0.9999950287823665
Myog,0.8214170699379683,-0.7410664346502844,2.2977496219235807,-0.3225183577790754,0.7470600326503651,0.9999950287823665
Myrf,773.5040183811499,0.00961378482566476,0.14553029261673764,0.06606036896375392,0.9473297628823759,0.9999950287823665
Myt1,33.24105249690984,-0.1533729308992683,0.36773992113940007,-0.4170690264577743,0.6766279195154437,0.9999950287823665
Mzb1,2.4061020285914787,-0.48141090235979506,1.3006224488442626,-0.37013885373697675,0.7112790336041621,0.9999950287823665
Naa15,389.60447102393374,-0.001157334610755081,0.14120621263739144,-0.00819606013884844,0.9934605633707635,0.9999950287823665
Naaa,110.82855018604147,0.09678483034433813,0.20908067410092127,0.4629066304694474,0.6434312946628773,0.9999950287823665
Nadk2,292.1608187825487,-0.009382262859592908,0.16350147659924238,-0.05738335246102837,0.9542398239606842,0.9999950287823665
Nae1,448.4389743565298,-0.06822485256260691,0.1319805172599129,-0.5169312409061847,0.6052041583395182,0.9999950287823665
Nagk,141.86194923741047,-0.005276579270283508,0.19704039943778157,-0.026779174653214537,0.9786358634802044,0.9999950287823665
Naip1,0.4078820010973841,2.2318224263509725,3.431765412638648,0.6503423626019202,0.5154710989060005,0.9999950287823665
Naip5,0.7010952047811602,-0.12310756404881337,2.3389723379051386,-0.052633185118842664,0.9580241757050635,0.9999950287823665
Nampt,223.10615709917917,0.3108378480787196,0.19442480006439464,1.5987561667841155,0.10987479211984764,0.9999950287823665
Nanog,0.2469958421013245,1.2368956898123245,4.413469574143697,0.2802547222844076,0.7792820857173672,0.9999950287823665
Nat1,6.182845552578084,0.4425916508128975,0.8086820419556618,0.5472999619758636,0.5841726699744697,0.9999950287823665
Nbn,174.8691840931286,-0.02964824207899909,0.18711518725165152,-0.15844914843350005,0.8741028880403405,0.9999950287823665
Nbr1,1119.7573360598847,-0.14330603143065754,0.13008493429107984,-1.1016343453731083,0.2706206705226313,0.9999950287823665
Ncam1,2053.204148477175,0.1221222692904204,0.1382921801903398,0.8830742932994203,0.3771961323639311,0.9999950287823665
Ncam2,1166.2115483873529,-0.18414244879051742,0.1268544079920478,-1.4516046521778012,0.14661156446368231,0.9999950287823665
Ncan,332.02002598924224,-0.03846568878413061,0.14966745922885352,-0.25700769547583147,0.7971728324388347,0.9999950287823665
Ncaph,5.424144421754778,0.25887517719159575,0.8357443391925925,0.3097540300921373,0.756748011968433,0.9999950287823665
Ncbp2,318.09909839594786,0.005288355917141811,0.1519663781915653,0.034799512761141356,0.9722396091578627,0.9999950287823665
Ncf1,18.74271084158652,-0.11718827318219954,0.46112842264295045,-0.254133702083547,0.799392267359308,0.9999950287823665
Ncf4,2.042737135650673,-0.7692933395614101,1.383899235073215,-0.5558882612726574,0.5782872434941053,0.9999950287823665
Nck1,226.74699003063236,0.11715240594993359,0.16549573369807707,0.7078877704706341,0.47901495484518763,0.9999950287823665
Ncl,619.0794028329905,0.08636897126096887,0.13209636440398342,0.6538330683865844,0.5132193592283738,0.9999950287823665
Ncoa1,405.3058199457866,-0.039179062889376066,0.13633887245446702,-0.2873653139713376,0.7738326170783513,0.9999950287823665
Ncoa2,562.0489392480176,0.049205960700358944,0.12901151117737938,0.38140752132346634,0.7029008808613555,0.9999950287823665
Ncoa3,481.80511805411203,-0.0720054558031813,0.14646843175837043,-0.4916107514687464,0.6229945414251229,0.9999950287823665
Ncor1,951.0104587453629,0.0524090954250654,0.11854116178065648,0.44211727502756354,0.6584043442530277,0.9999950287823665
Ncor2,434.02150144170656,-0.030992681828900095,0.13719979050804318,-0.22589452734684157,0.8212834543670149,0.9999950287823665
Ncr1,0.4261607385083403,2.2758266160578153,3.389482401174884,0.6714378027951861,0.5019416695422074,0.9999950287823665
Ncstn,217.50087766490097,0.05679749889306804,0.1786129057617193,0.31799213304798607,0.7504909043527249,0.9999950287823665
Ndc1,112.60355674951735,0.23254579862900715,0.2161442888105107,1.0758822262145233,0.2819799318624522,0.9999950287823665
Ndc80,1.5270738553916976,-0.1058007917083334,1.6318879570989637,-0.06483336754100284,0.9483066738727572,0.9999950287823665
Nde1,295.70227783854756,-0.06601765501730335,0.17317994516899526,-0.3812084300689721,0.7030485942812714,0.9999950287823665
Ndel1,578.9851921659039,-0.03892267610763469,0.13691791781617002,-0.28427744687071127,0.7761977682627352,0.9999950287823665
Ndn,623.4923483229842,0.21936123216519837,0.14647847292541555,1.4975663507694645,0.13424595474000314,0.9999950287823665
Ndor1,117.50862710159113,0.09037413082380197,0.23219540444359868,0.3892158461979994,0.6971164822803979,0.9999950287823665
Ndrg2,3084.4188508583734,0.1867597166880723,0.13601793068187443,1.3730521832807125,0.16973612466527666,0.9999950287823665
Ndrg4,1629.4289211368014,-0.11219892332658549,0.1327039961411481,-0.8454826274202566,0.3978414282911129,0.9999950287823665
Ndst1,195.34576347716254,0.16437488744077514,0.18299092655741256,0.8982679662491532,0.3690427062884415,0.9999950287823665
Ndst2,134.82241786401403,-0.12872818117889592,0.22351830188892785,-0.5759178559027546,0.5646707058114473,0.9999950287823665
Ndst3,45.62434832680963,0.28533440533470034,0.32255517219560065,0.8846065105465764,0.3763688940300619,0.9999950287823665
Ndufa12,59.69835568926694,-0.07473243106970065,0.2718537392666051,-0.2748994046258494,0.7833935245719101,0.9999950287823665
Ndufa9,534.9462756990785,0.15295474618562496,0.13636335189195262,1.1216704786401739,0.26200257300135177,0.9999950287823665
Ndufaf6,110.86516605753171,0.0336016335002732,0.21121413491107963,0.15908799623860098,0.8735995453906311,0.9999950287823665
Ndufs1,1191.4492996833412,-0.01816735413152735,0.1138929846574476,-0.1595124948755074,0.8732651148687511,0.9999950287823665
Ndufs4,121.45678935603779,-0.14551914887494075,0.21251698200365882,-0.684741273393556,0.49350719936658527,0.9999950287823665
Ndufv2,214.6432476979539,0.20089752852060583,0.17046872369270621,1.1785008074721777,0.23859701061647298,0.9999950287823665
Neat1,1060.5840884288627,-0.19647943067348836,0.20043381078756956,-0.980270892926981,0.3269524185142195,0.9999950287823665
Nectin2,25.33171460705049,-0.17854048507487566,0.4381678064872486,-0.4074705681967337,0.6836624064389725,0.9999950287823665
Nectin3,132.18237131795527,-0.3234822685218195,0.1938342848180685,-1.6688599172506435,0.09514514487090583,0.9999950287823665
Nedd4,1966.144567341243,0.004105562187065024,0.10894347648514023,0.037685250365817165,0.9699386361465563,0.9999950287823665
Nedd4l,503.9746010444489,-0.09086911224093797,0.13694579895475734,-0.6635407068672353,0.5069843175464059,0.9999950287823665
Nefh,492.5950787023597,0.03798148487868732,0.18895284141511792,0.2010103928272997,0.84069044762713,0.9999950287823665
Nefl,1423.0417732821236,0.08214746489612056,0.14183834384498406,0.5791626063111678,0.5624794596024739,0.9999950287823665
Nefm,482.2179348836639,0.127352546668913,0.16681438686666838,0.763438628172422,0.4452018502071967,0.9999950287823665
Neil1,102.91457750843749,-0.15926144323560035,0.21916576981378527,-0.7266711556778106,0.46742742728347275,0.9999950287823665
Nek2,3.2112341624097636,2.099149794078882,1.2236748184568673,1.7154474067923084,0.08626323008827716,0.9999950287823665
Nek7,453.23960533570425,0.11646794550111911,0.14630415654182077,0.7960672359149753,0.4259929565526688,0.9999950287823665
Nelfb,385.4785087238303,-0.05784420970204153,0.14939658308240172,-0.3871856270644206,0.6986187898869409,0.9999950287823665
Nelfe,128.4143963886188,-0.11944059637077506,0.20688959455611267,-0.577315628787606,0.5637262578286306,0.9999950287823665
Nell1,115.37422451568693,-0.16521285568863195,0.20585334778082248,-0.8025755105257674,0.4222201277501829,0.9999950287823665
Neo1,444.03491437739973,-0.13323882221564137,0.14292265162486248,-0.9322442642987144,0.35121030451963975,0.9999950287823665
Nes,29.293768243979176,1.8474064395064025,0.5023886686924479,3.6772454369136,0.00023576616803048706,0.17002108803112836
Neu1,238.7177161679837,-0.016194945443395573,0.15921407829155823,-0.10171804916484105,0.9189804752930021,0.9999950287823665
Neurod1,19.011021919417463,-0.5681227530258471,0.46050138372991056,-1.2337047685378026,0.2173129363783769,0.9999950287823665
Neurod2,144.8901397961502,0.07040676273333783,0.19303899837681,0.3647281809653022,0.7153143202520915,0.9999950287823665
Neurod4,1.7350179689536898,-0.7755585783534038,1.6143993180176033,-0.48040070984776473,0.6309424896694622,0.9999950287823665
Neurod6,555.1404802192737,0.03227862209142728,0.17567456869175713,0.1837410066340572,0.8542166378936813,0.9999950287823665
Neurog1,2.740216856419408,-0.46059686650865683,1.2046836712919708,-0.3823384324738848,0.7022103511715807,0.9999950287823665
Neurog2,0.9960190499242625,1.4083127275375218,2.0203998484025885,0.6970465418768429,0.4857736675422164,0.9999950287823665
Neurog3,0.3411412067255539,-0.6177680891974539,3.456440796226646,-0.17872954452796175,0.8581500695221761,0.9999950287823665
Nf1,1245.3786864455078,0.0323408335834258,0.1180098770756183,0.27405192162603864,0.784044720755892,0.9999950287823665
Nf2,324.10661034995826,0.12743115691907592,0.15825540012695027,0.8052246989161344,0.42069002608652994,0.9999950287823665
Nfat5,584.2560160437553,0.02849384810985035,0.1362772763474891,0.20908730254627916,0.834380086742926,0.9999950287823665
Nfatc1,30.453209160136765,0.22162544154864955,0.4155203946914825,0.5333683842719754,0.5937785984069,0.9999950287823665
Nfatc2,30.000776927712877,-0.11619220979831496,0.382150607719033,-0.30404821411076355,0.7610911592765119,0.9999950287823665
Nfatc3,215.6234511914508,-0.03625881839283739,0.18468827557097028,-0.19632441897430675,0.8443562497061983,0.9999950287823665
Nfe2,1.0878423352376185,0.511675885588789,1.8247647052357279,0.28040650069603873,0.7791656501954816,0.9999950287823665
Nfe2l1,1428.49528879996,0.26706653922550927,0.11861879563185247,2.25146898350226,0.024355849229704896,0.9999950287823665
Nfe2l2,183.47912525735504,0.4231239996015153,0.18299464135024934,2.3122207102866006,0.02076552354957417,0.9713835926722174
Nfia,544.2629991500972,-0.032797279932494615,0.13267493177101922,-0.24720027735984618,0.8047532306619953,0.9999950287823665
Nfib,385.00167040145766,-0.16564478340200972,0.14697804122020863,-1.1270036124228502,0.2597409536552555,0.9999950287823665
Nfil3,53.25788020457724,0.7377860245913415,0.306740818571429,2.4052424063657427,0.016161741398638466,0.8587839008455471
Nfix,1371.346393986102,-0.03795965980204253,0.13312290191819046,-0.28514747842088295,0.7755311567072161,0.9999950287823665
Nfkb1,109.76461443060812,-0.20378070772147172,0.21921533343641508,-0.9295914867222539,0.35258263694969205,0.9999950287823665
Nfkb2,48.09930487453216,0.11827443696181147,0.3151728645157779,0.37526846463614416,0.7074608168219685,0.9999950287823665
Nfkbib,281.77015758528233,0.06382681841527969,0.1622384841198886,0.3934135526569263,0.6940140614383796,0.9999950287823665
Nfkbie,22.646359813083098,-0.43029268192359577,0.4209162171270365,-1.0222763210706358,0.3066501370954178,0.9999950287823665
Nfu1,185.53439808050635,0.1553627437312426,0.17171611733001463,0.9047650630992132,0.36558986400015736,0.9999950287823665
Nfya,66.90359635098656,0.17591899059816,0.2588968618565123,0.6794944880238027,0.496824598926634,0.9999950287823665
Nfyc,99.58271442908189,0.15958020387304353,0.22160323767071557,0.7201167525817775,0.4714531137210417,0.9999950287823665
Ngb,6.2055581847445325,-0.6275725313664251,0.8464813816908107,-0.7413896453491695,0.45845722098858765,0.9999950287823665
Ngf,18.231636213728184,0.2963997536707727,0.46447801597133753,0.6381351613615729,0.5233856997944186,0.9999950287823665
Ngfr,48.317335129161116,0.17732119604847973,0.31714706196022574,0.5591134754725178,0.576084278657422,0.9999950287823665
Nhlh1,1.2219366975809784,-0.8627713656140268,1.8293924044582621,-0.47161634841788863,0.6372006554199369,0.9999950287823665
Nhlh2,0.35449648395139133,0.25206441206239544,3.4739394731227704,0.07255866546109146,0.9421573201607218,0.9999950287823665
Nhsl1,197.99002154659047,-0.16398291622792233,0.19556743222478506,-0.8384980789615343,0.4017510261702911,0.9999950287823665
Nid1,4.328320575471149,-0.64869753107113,0.9389166542452597,-0.6909000156063694,0.48962837633364564,0.9999950287823665
Nid2,3.541109157819845,-1.0216442726623436,1.104841384382564,-0.9246976870198298,0.35512318290705813,0.9999950287823665
Ninj2,160.85085672332315,-0.6688594573420049,0.27262434962000237,-2.4534105565929645,0.014150872648114453,0.8026247767155253
Ninl,55.63153458280288,-0.4895654940117181,0.30749079478838987,-1.5921305688146832,0.11135536979330851,0.9999950287823665
Nipbl,386.35092008928086,-0.052923151925917,0.1646698012929481,-0.3213895414361164,0.747915207803596,0.9999950287823665
Nipsnap2,354.94800467709,0.2214814162282941,0.15420812952993032,1.4362499363907182,0.15093123413228243,0.9999950287823665
Nkain1,277.82135000121394,-0.29927877707360795,0.1839370280902606,-1.6270719396789832,0.10372181979482645,0.9999950287823665
Nkain3,6.447315812096137,0.9227262662033464,0.775320997078965,1.1901216008333753,0.2339986013913179,0.9999950287823665
Nkd2,3.4048655718040557,0.3228624249289209,1.0459444157082165,0.30868028939215514,0.7575647388869957,0.9999950287823665
Nkx2-1,0.7093535116671799,1.6786087764302104,2.5430672086677517,0.6600725182208578,0.5092072935119972,0.9999950287823665
Nkx2-2,53.65419341902652,0.3397587920481979,0.28676779271209746,1.1847871367803886,0.23610161972715682,0.9999950287823665
Nkx2-5,0.452393915237236,-1.01636677170274,3.1394991257764424,-0.3237353255995503,0.7461384239179836,0.9999950287823665
Nkx3-1,1.3967328954581053,-0.24988361345794063,1.5797695848353208,-0.15817725309858344,0.8743171274879838,0.9999950287823665
Nkx3-2,0.22871710469036832,1.2368956898123245,4.413469574143697,0.2802547222844076,0.7792820857173672,0.9999950287823665
Nkx6-1,0.4880554566275026,-0.2881933680008072,2.7877549360262712,-0.10337830068076376,0.9176627334111398,0.9999950287823665
Nkx6-2,1251.2927997615986,-0.43396526784644895,0.13639952328524385,-3.181574666789153,0.0014647676009820034,0.33660795345641653
Nlgn2,480.7220369363654,-0.17455184556697312,0.1412586735619158,-1.2356893999182603,0.2165740392097839,0.9999950287823665
Nlgn3,437.9004930016194,-0.18953596232694447,0.1584205713269939,-1.1964100415704582,0.23153658464365756,0.9999950287823665
Nlk,454.3001221821284,0.06681039003170713,0.1343889628529791,0.49714194241380816,0.6190889592720479,0.9999950287823665
Nlrc4,3.6075191516516525,-0.2775909326098702,1.0047365843124845,-0.27628229821034994,0.7823312509691618,0.9999950287823665
Nlrc5,10.451687469645597,-0.41686024883789824,0.6181257800801678,-0.6743938891916682,0.5000609267324365,0.9999950287823665
Nlrp12,0.3088905602204868,-1.7114059541876046,3.7685775910769013,-0.4541251739754034,0.6497387352058142,0.9999950287823665
Nlrp3,2.631376504907865,0.9612435925872512,1.2099296109849622,0.7944624082757472,0.42692628500626306,0.9999950287823665
Nlrp4e,0.0,,,,,
Nlrp4f,0.4101228382072324,0.24486712757251475,3.318725845487363,0.07378347563884277,0.9411826757120761,0.9999950287823665
Nlrp6,9.4090868116591,0.5102452304850807,0.6288229735944559,0.8114290538216737,0.4171193199574451,0.9999950287823665
Nlrp9b,0.7167725613178709,0.44638533023077553,2.264711664006435,0.19710470755517212,0.8437455995984925,0.9999950287823665
Nmb,32.79474545562896,0.2954661404203264,0.35132264857225326,0.8410107962611485,0.4003418861986452,0.9999950287823665
Nme5,26.395975614191027,0.09190986150704303,0.38805933314863883,0.23684486792600523,0.8127771420877357,0.9999950287823665
Nmrk1,15.461395695111419,-0.23497236355094892,0.5314341185029472,-0.4421476818478786,0.6583823422164938,0.9999950287823665
Nmt1,365.22429928154446,-0.10910723153568035,0.14728121033557837,-0.7408089007897267,0.4588093175915564,0.9999950287823665
Nmu,2079.2276218991146,2.8899234082177867,1.8921120370705469,1.527353217778846,0.12667320278766755,0.9999950287823665
Nmur1,1.045571258207615,1.4129053433974785,2.0262132708692353,0.6973132412617894,0.4856067832234734,0.9999950287823665
Nobox,0.4902962937373508,-2.3631332969027237,3.0839180621137636,-0.7662762918165851,0.4435119219204432,0.9999950287823665
Noct,215.45478344587778,0.11665825787081571,0.17891875674572866,0.6520180443496219,0.514389531979756,0.9999950287823665
Nod1,86.9518819051669,-0.5123118589573992,0.265113260698501,-1.9324263811157447,0.05330690050091612,0.9999950287823665
Nod2,0.1791648964070158,1.4769425715357707,4.382600628342644,0.33700140550892543,0.7361158405752473,0.9999950287823665
Nodal,0.6828164673702041,-0.12367497848624803,2.3546543850271413,-0.052523622690734066,0.9581114731250588,0.9999950287823665
Nog,48.072553716876406,-0.04785051636627752,0.295565545598035,-0.16189477115628878,0.8713887205133468,0.9999950287823665
Nos1ap,383.85928506327156,0.01918835986624297,0.13896932334367895,0.13807622721734836,0.8901801737290131,0.9999950287823665
Nos2,0.3365782903048324,1.8623689430816042,3.676600551404302,0.5065464461104593,0.6124730927412735,0.9999950287823665
Nos3,14.12392183353334,0.20283121507501733,0.5655268828980633,0.35865883870206366,0.7198503242887557,0.9999950287823665
Nosip,723.1193384349135,0.0017959995495890006,0.13362695761997667,0.013440398416438288,0.9892764364719115,0.9999950287823665
Notch1,160.25230522836935,0.19843675626449525,0.2529127162101345,0.7846056902082478,0.4326847927866545,0.9999950287823665
Notch2,109.66235345787373,-0.01679766833254232,0.22401755696526604,-0.07498371359860334,0.9402276700741918,0.9999950287823665
Notch3,19.34356047702121,0.4033185512175564,0.47517490765516535,0.8487791436795413,0.3960041975926205,0.9999950287823665
Notch4,7.139599284084199,0.42519470131179055,0.7446333147926403,0.5710121919943851,0.5679913783849271,0.9999950287823665
Noto,0.7828980595695798,0.449056675858853,2.262104296091576,0.19851280802336355,0.8426438648010567,0.9999950287823665
Nova2,133.54523049690886,-0.013871937704243033,0.1994554307588933,-0.06954905991510342,0.9445525829967428,0.9999950287823665
Nox1,0.1791648964070158,1.4769425715357707,4.382600628342644,0.33700140550892543,0.7361158405752473,0.9999950287823665
Nox3,0.6731565806096648,2.894551484305107,2.9774461647684953,0.9721591337421097,0.33097138751582444,0.9999950287823665
Nox4,0.6437634030827194,0.04279359683323498,2.40011363487916,0.017829821143193304,0.9857746147062729,0.9999950287823665
Noxo1,12.15728913483526,-0.5580048955066589,0.6151269100366441,-0.9071378383908089,0.36433391072139754,0.9999950287823665
Npas1,1.096351536210788,-2.1845266507144054,2.1117435882096456,-1.034465861722571,0.3009184282550218,0.9999950287823665
Npas2,230.59795881278424,-0.016017914339168115,0.1725550458142151,-0.09282785248954196,0.9260403234542964,0.9999950287823665
Npas4,128.79877411262223,-0.46806288659202167,0.23699439021220475,-1.974995636702279,0.04826864317089634,0.9999950287823665
Npbwr1,3.262374984177334,0.996052911342747,1.0861336100913945,0.9170629672890175,0.3591096452999233,0.9999950287823665
Npc1,2423.8923378202376,-0.1586053688035233,0.1175060330048487,-1.3497636227492993,0.17709181691307796,0.9999950287823665
Npc1l1,11.549569607396132,-0.38295067588365017,0.5853964138009067,-0.6541732522705404,0.5130001920337497,0.9999950287823665
Npepps,1136.2905255091348,-0.0004512312153271249,0.11767425435387657,-0.003834578921317464,0.9969404561794223,0.9999950287823665
Npffr2,0.45580481012243546,-1.0265968350500398,3.131943952360558,-0.32778263297984306,0.7430760194030092,0.9999950287823665
Nphs1,8.735164499477982,-0.8717079186258659,0.6768256538658537,-1.2879356945867744,0.19776834887126993,0.9999950287823665
Nphs2,0.7396142151495487,-1.1567258311574968,2.3858297534008757,-0.4848316731353713,0.627795753331571,0.9999950287823665
Nploc4,320.90203826645336,-0.01654941610924762,0.14553214444963528,-0.1137165687472909,0.9094624777631545,0.9999950287823665
Nppa,0.21536182746453092,0.0081920501520074,4.137788937172267,0.001979813440558373,0.9984203384544649,0.9999950287823665
Nppb,0.678870182817756,1.5998953738420998,2.5438426496480293,0.6289285911860407,0.5293958070387544,0.9999950287823665
Npr1,36.51178853920374,0.17180667985745782,0.3653830446601398,0.4702097767488455,0.6382051498197805,0.9999950287823665
Npsr1,17.952838196405285,1.2067260790676344,0.4952737975248921,2.436482780026305,0.014830875578910982,0.8291800202242016
Nptx2,144.58301958627806,0.47743815784763477,0.22983182055887075,2.077337057534818,0.03777046108855637,0.9999950287823665
Nptxr,427.57553085221554,-0.03852624759627343,0.1387683703933439,-0.27762989135830746,0.7812964838599077,0.9999950287823665
Npy1r,36.85134400027295,-0.4809474427034529,0.3385589525315651,-1.4205722197188464,0.15544115939396966,0.9999950287823665
Npy2r,2.3645855018270905,-0.8481335650979618,1.2903247465298036,-0.6573024096289948,0.5109864874199843,0.9999950287823665
Npy4r,0.0,,,,,
Nqo1,29.892860818219805,0.22080459606540276,0.3654655923377354,0.6041734179488831,0.5457283519239455,0.9999950287823665
Nr0b1,0.27269362916297163,0.010090281732857432,3.812598158487743,0.002646563134484573,0.9978883506009081,0.9999950287823665
Nr0b2,0.0,,,,,
Nr1d1,839.3795616007078,0.05712146485641715,0.18445646719912512,0.3096745032786147,0.7568084937038444,0.9999950287823665
Nr1h2,188.32034091182314,0.3644929407343968,0.20270024145032697,1.7981870081971174,0.07214737766472226,0.9999950287823665
Nr1h3,13.882420635950611,0.3904948884094445,0.5218504994355471,0.748288808445749,0.4542859735321114,0.9999950287823665
Nr1h4,0.533661380358407,1.2819992789990042,2.7479191829390976,0.46653456439276125,0.6408329127251617,0.9999950287823665
Nr1i2,0.18311118095946377,-0.8696279726090034,4.441901790678799,-0.19577829803303895,0.8447836970135787,0.9999950287823665
Nr1i3,0.3182995528938762,1.8629739584626925,3.7382122267057616,0.4983596022595025,0.618230605083357,0.9999950287823665
Nr2c2,340.35883310665724,0.0853022366766924,0.15139815829454709,0.5634298173610262,0.5731422379946712,0.9999950287823665
Nr2e1,72.83147599878477,0.25751883899101324,0.2613998398712072,0.9851530097259963,0.3245489182464091,0.9999950287823665
Nr2e3,1.195086888983809,1.167206679791354,1.9505814929235574,0.5983890875750745,0.5495803453473274,0.9999950287823665
Nr2f1,389.270639345896,-0.022700830123998848,0.1587845624008647,-0.14296622908900133,0.8863168524474656,0.9999950287823665
Nr2f2,29.259310779338417,0.4934837235360648,0.3894073624272835,1.2672686013434482,0.20505926357642057,0.9999950287823665
Nr3c1,376.26820343625235,-0.060733090889343685,0.1456499298392043,-0.41697988427726845,0.6766931212829592,0.9999950287823665
Nr3c2,168.4964632068107,-0.08037942457089037,0.18265135218139952,-0.4400702409860171,0.6598862346849452,0.9999950287823665
Nr4a1,360.7749237826628,-0.10797755882150172,0.2106237096147291,-0.5126562390293725,0.6081918059688944,0.9999950287823665
Nr4a2,126.23009553929766,0.294820555840589,0.2165592788703379,1.36138500912311,0.17339205099877097,0.9999950287823665
Nr4a3,127.65043175973649,0.32342259772217813,0.2564994020075755,1.260909753359293,0.2073413637710011,0.9999950287823665
Nr5a1,0.18311118095946377,-0.8696279726090034,4.441901790678799,-0.19577829803303895,0.8447836970135787,0.9999950287823665
Nr5a2,0.0895824482035079,0.9694711599089978,4.453824094096601,0.217671632158531,0.8276849679587712,0.9999950287823665
Nr6a1,31.655054734549974,0.33820592331274907,0.35201739346801153,0.9607648076159124,0.3366704372261752,0.9999950287823665
Nrarp,46.12804800000686,0.0077952237536284925,0.306136228584741,0.025463251408255692,0.9796854601045517,0.9999950287823665
Nras,138.08082965495166,0.1733560214525291,0.21015520372279595,0.8248952125934194,0.40943108454588717,0.9999950287823665
Nrcam,721.6679825403493,-0.05557233418565167,0.13275289960952494,-0.41861484268223387,0.6754976403000159,0.9999950287823665
Nrep,176.69204440683413,-0.1298189325794055,0.2230771080623832,-0.5819464565727731,0.5606027470441949,0.9999950287823665
Nrf1,87.96479389427573,0.17908740529274678,0.2391761329959239,0.7487678768340937,0.4539971243578059,0.9999950287823665
Nrg1,68.86756761308851,-0.24794282529640754,0.28559148423725716,-0.868173033795459,0.3852996142254277,0.9999950287823665
Nrip1,214.33093216080113,-0.21895666080157647,0.17591514399766672,-1.2446720380394347,0.21325232836473185,0.9999950287823665
Nrip3,181.66208864979788,0.04672410078204283,0.19659810698204544,0.23766302483426235,0.8121424639243542,0.9999950287823665
Nrl,1.1434686894934596,0.40734056022207066,1.7992651048017625,0.22639274175605723,0.8208959726403142,0.9999950287823665
Nrn1,934.9839532502339,-0.15428829446733952,0.13323584971843505,-1.1580088601783547,0.2468604207035603,0.9999950287823665
Nrp1,94.49920762172577,0.26531326500518077,0.2259782109460578,1.1740656937429799,0.24036871334547028,0.9999950287823665
Nrp2,54.44716197680142,-0.08419078753429655,0.29205180119367374,-0.28827347474041276,0.7731374098055595,0.9999950287823665
Nsf,1632.3711074539522,0.08525151562090387,0.1297800937371502,0.6568920792549883,0.5112503115942051,0.9999950287823665
Nsmce3,59.90540941165279,-0.08369287655709283,0.2803146455844463,-0.29856761990653785,0.7652699746609718,0.9999950287823665
Nsmf,3648.590893136489,-0.0882769486688625,0.12657418162014633,-0.6974325058943284,0.48553216468274074,0.9999950287823665
Nsun2,222.86379305594718,0.2924369553080111,0.17808930450837507,1.6420803939646953,0.10057334426455669,0.9999950287823665
Nt5c1b,0.18311118095946377,-0.8696279726090034,4.441901790678799,-0.19577829803303895,0.8447836970135787,0.9999950287823665
Nt5e,137.6592281171946,0.05366424623645836,0.2171026758215202,0.24718371633786612,0.8047660468436786,0.9999950287823665
Ntf3,1.4061418881314947,1.0851009781914638,1.6512906918096497,0.6571229303075048,0.5111018758859169,0.9999950287823665
Ntf5,0.6910747742562237,1.6398823254586536,2.443734531596638,0.6710558386173069,0.5021849583691781,0.9999950287823665
Nthl1,58.96086416459037,0.057496337645556526,0.2818949676714403,0.20396368945674398,0.838381874024331,0.9999950287823665
Ntmt1,64.16528258480254,0.03267048679241162,0.26625492204380397,0.12270378531081844,0.9023416662763273,0.9999950287823665
Ntn1,20.58560070935724,-0.4030023162612204,0.44937554527746537,-0.8968051788674616,0.36982288400898833,0.9999950287823665
Ntn4,41.927032882633064,0.08323087783914265,0.31968380453131456,0.2603537516114295,0.7945909139238474,0.9999950287823665
Ntng1,103.6956064402266,-0.20923771130652466,0.24312645079296227,-0.8606127001981531,0.3894513887818828,0.9999950287823665
Ntng2,373.32634732595346,-0.07058855005022852,0.172328793329382,-0.40961553021095276,0.682088002704426,0.9999950287823665
Ntrk1,0.49855460062337054,-0.4075740349596034,3.0338915982369508,-0.1343403420202792,0.8931334540307605,0.9999950287823665
Ntrk2,1899.5368531733402,0.038020731086513535,0.14447308283046426,0.2631682687295457,0.7924208868699576,0.9999950287823665
Ntrk3,131.61661765256648,0.020876570231809517,0.19409556364254416,0.10755820401056061,0.9143461529492647,0.9999950287823665
Nts,3.22685136118441,0.33262265383935824,1.0630467205620726,0.3128956116467658,0.75435997170321,0.9999950287823665
Ntsr1,15.719635697022916,0.5526870910176643,0.5456307184453146,1.012932506059145,0.3110924005500282,0.9999950287823665
Ntsr2,1273.2629799531917,0.08657197641268267,0.14741699348384363,0.5872591372728725,0.5570296804895469,0.9999950287823665
Nuak2,5.482267701224342,-0.1702345545845463,0.8341469172595841,-0.20408221988497718,0.8382892484142902,0.9999950287823665
Nubpl,10.239414788811544,0.396105118050845,0.6177222020313681,0.6412350353415509,0.5213699900631733,0.9999950287823665
Numb,144.23326352878033,-0.17777957261771055,0.193466036456536,-0.9189187718623182,0.3581380604348189,0.9999950287823665
Nup155,73.46166470720141,0.032508691501195244,0.25414882087156176,0.1279120296120675,0.8982185909981205,0.9999950287823665
Nup205,147.69432478675026,0.026778518410122996,0.21204642405711827,0.12628611177573904,0.8995054494386994,0.9999950287823665
Nup62,51.64544924067627,0.5411576918461144,0.3276747640026828,1.6515086033347497,0.09863476547935396,0.9999950287823665
Nup98,195.7153464718184,0.07121163097071898,0.18644242056475532,0.3819497234320968,0.7024986572514236,0.9999950287823665
Nxn,17.547606248109304,0.45645229246332236,0.4952368585564472,0.921684815209076,0.3566930033767003,0.9999950287823665
Nxph2,12.640185802443616,0.10006023271862473,0.5762049973661085,0.17365387869943888,0.8621374861586787,0.9999950287823665
Nxph4,50.20063047309455,0.3587718760681958,0.3278939886848425,1.0941703369043214,0.27388027853631103,0.9999950287823665
Nyap1,168.13024944119465,-0.03390878255162383,0.20817523747949723,-0.16288576375450725,0.8706083800051982,0.9999950287823665
Nyap2,187.51853569157308,-0.12605918060196003,0.19019982321346368,-0.6627723331818358,0.5074763755154883,0.9999950287823665
Oasl2,10.44725304263409,-0.9405066280886929,0.6271740815541268,-1.4995942207275743,0.13371954564172545,0.9999950287823665
Oc90,0.2469958421013245,1.2368956898123245,4.413469574143697,0.2802547222844076,0.7792820857173672,0.9999950287823665
Oca2,0.18140573351686404,-0.8696279726090038,4.441901790678799,-0.19577829803303906,0.8447836970135786,0.9999950287823665
Ocln,12.775409766135384,0.3482494544745358,0.562067168686382,0.6195868997088664,0.5355297937422929,0.9999950287823665
Ocstamp,0.0,,,,,
Odam,0.6437634030827194,0.04279359683323498,2.40011363487916,0.017829821143193304,0.9857746147062729,0.9999950287823665
Odc1,187.4624105063285,0.8012126429987488,0.23473244185073672,3.4133017007859077,0.0006418084729033055,0.23141779794399187
Odf2,366.5733430264259,-0.13146670427411347,0.1417550142789617,-0.9274218971570084,0.35370752586749277,0.9999950287823665
Odr4,324.06687409773184,-0.0341864136181594,0.1478140157550952,-0.2312799191843956,0.817097345984567,0.9999950287823665
Ofd1,39.960578997747625,-0.0696796220315767,0.3386350778632882,-0.2057661080808272,0.8369736164922504,0.9999950287823665
Ogdh,859.3678202987485,0.019382587301939664,0.12603545175610506,0.15378678801776727,0.8777778515400853,0.9999950287823665
Ogg1,48.6413217111969,0.11989539807648242,0.29268695987825877,0.40963696546765227,0.6820722761776276,0.9999950287823665
Ogn,4.903351905411188,-1.0546259497010373,0.9152497873902086,-1.1522821029090355,0.2492051688864495,0.9999950287823665
Ogt,435.87500471873494,-0.03434540315208211,0.14041504154432183,-0.24459917380889018,0.8067668038365673,0.9999950287823665
Olfm3,133.53842663551583,0.10062373613553438,0.20305008937203903,0.49556115166817927,0.6202040673526867,0.9999950287823665
Olfml3,15.529480361942367,0.1859667513782254,0.4931924469309017,0.37706731426136403,0.7061235808788752,0.9999950287823665
Olfr17,0.18140573351686404,-0.8696279726090038,4.441901790678799,-0.19577829803303906,0.8447836970135786,0.9999950287823665
Olig1,584.066296688831,-0.07451582897378796,0.14676534583566142,-0.5077208693203781,0.6116491106859508,0.9999950287823665
Olig2,1993.3042318567223,0.20464052518565726,0.16603993473382325,1.232477750088942,0.21777067308088693,0.9999950287823665
Olig3,0.6816657815828343,-1.1541881651268862,2.552666162263922,-0.4521500626244262,0.6511608804182722,0.9999950287823665
Olr1,0.6993897573385605,-0.12273461674056871,2.4626859778862884,-0.04983770478358399,0.9602517199299694,0.9999950287823665
Omp,15.535008197958142,-0.8904722548494711,0.5360581025322197,-1.661148764738519,0.09668357264590398,0.9999950287823665
Onecut1,0.48635000918490284,-0.283134924303387,2.790909847126822,-0.10144896819037989,0.9191940659561675,0.9999950287823665
Onecut2,18.06839956794503,0.07219932031679234,0.4660678006523452,0.15491162490894347,0.8768909889316682,0.9999950287823665
Onecut3,1.2746489066623805,2.664390820667637,2.061160320299529,1.292665492551519,0.19612677748701235,0.9999950287823665
Opa1,505.18604966195636,-0.01516614954959253,0.13544704997639817,-0.11197105844856166,0.9108463542458334,0.9999950287823665
Opalin,489.0070937283292,-0.8442579857506829,0.3906622894168659,-2.161094143514314,0.030688067884586268,0.9999950287823665
Opn1mw,0.9210199486664127,-1.5174809352986216,2.0999503254767333,-0.7226270625968837,0.46990903711697773,0.9999950287823665
Opn1sw,0.12577937926102303,-0.8696279726090034,4.441901790678799,-0.19577829803303895,0.8447836970135787,0.9999950287823665
Opn3,15.29832633424715,-0.31586853103717544,0.5036520769591007,-0.6271562165380005,0.5305568401176819,0.9999950287823665
Opn4,0.8525723711038303,-1.339954196968824,2.165959396532868,-0.6186423434870195,0.5361520004579272,0.9999950287823665
Oprd1,44.403312634413254,-0.2105466151094704,0.313877333370978,-0.6707926719277338,0.5023526164378251,0.9999950287823665
Oprk1,7.7943056073926185,-0.0006752927573884895,0.6884176418387633,-0.0009809347064156908,0.9992173274681141,0.9999950287823665
Oprl1,33.16404139234794,-0.3547667533259196,0.34565853014542364,-1.0263503497994508,0.3047264722383761,0.9999950287823665
Oprm1,34.33616348766077,0.4105945007558591,0.3427836142300792,1.1978241774423461,0.23098547271337033,0.9999950287823665
Orai1,6.567499603302416,-1.2674743620415663,0.8015070179734708,-1.5813640225462364,0.11379482867969114,0.9999950287823665
Orc1,2.183937783344531,-0.1892679401948551,1.4003577521225208,-0.13515684824680113,0.8924878640701301,0.9999950287823665
Orm1,0.4880554566275026,-0.2881933680008072,2.7877549360262712,-0.10337830068076376,0.9176627334111398,0.9999950287823665
Osgep,200.34201935420117,0.13202120225676,0.16725067559264267,0.7893612494475784,0.42990089758787975,0.9999950287823665
Osm,0.8362835767155726,1.896289188620453,2.295845984727988,0.8259653309649713,0.4088237586066892,0.9999950287823665
Osmr,10.444451941480231,0.4580318715191691,0.6497385921877248,0.704947923713346,0.48084264477540317,0.9999950287823665
Osr1,2.9917756149414534,-0.6734630611988799,1.1538918637081756,-0.5836448651562739,0.5594592686245647,0.9999950287823665
Osr2,0.43010702306078824,0.2425818330349456,3.274007161363496,0.07409325058834623,0.9409361857509249,0.9999950287823665
Otc,0.3049442756680388,0.5282623719659802,3.599600672302437,0.1467558265645295,0.8833247523657832,0.9999950287823665
Otof,23.78581482862523,-0.01572209478607959,0.41301162825213195,-0.03806695431945973,0.9696342988363261,0.9999950287823665
Otp,0.3984730084239947,-0.8283827025891066,3.0627272605991944,-0.2704722399692362,0.7867969706114013,0.9999950287823665
Otud5,351.48806044393797,0.10260002892721044,0.1407780691249965,0.7288069055423124,0.4661197868474697,0.9999950287823665
Otud7b,781.5720060967745,-0.22763269829912788,0.1689413902112735,-1.3474063283986042,0.17784940354581724,0.9999950287823665
Otx1,33.029692654351685,-0.41812080287298714,0.35509439929688114,-1.177491967490628,0.23899920171131817,0.9999950287823665
Otx2,0.8447927776887422,-1.6565978485565431,2.2687530773807927,-0.7301798794556504,0.4652802396367963,0.9999950287823665
Ovol1,0.45015307812738775,0.9014136729956795,3.120418042114123,0.2888759329134504,0.7726763216764053,0.9999950287823665
Oxt,0.2469958421013245,1.2368956898123245,4.413469574143697,0.2802547222844076,0.7792820857173672,0.9999950287823665
Oxtr,7.585042491905283,0.43424012840113896,0.7019922289206803,0.6185825291382318,0.5361914141611175,0.9999950287823665
P2rx3,11.67042686222019,-0.5232135004595252,0.5733625561135625,-0.9125351749616092,0.361487061608773,0.9999950287823665
P2rx4,178.15441203101736,-0.21825512775345302,0.2024921590274114,-1.0778448350877021,0.2811030072166001,0.9999950287823665
P2rx7,155.43477338714175,-0.08212823109538346,0.19023855241800458,-0.43171181682946125,0.6659508778541758,0.9999950287823665
P2ry1,1.8006634179863152,-0.411940793026753,1.4734815024887613,-0.27956970775063733,0.7798076503947269,0.9999950287823665
P2ry12,242.83769580408796,-0.01536027373832694,0.2144039868229114,-0.07164173561293836,0.9428870251738778,0.9999950287823665
P2ry13,18.102340777871472,-0.07481482913740488,0.46519622875548,-0.16082423827371484,0.8722318343450377,0.9999950287823665
P2ry2,3.04536438546652,0.25017862021871906,1.1372623410204776,0.21998320984956832,0.8258842310231,0.9999950287823665
P3h1,22.5988654053246,0.14078990317222317,0.42976322870151545,0.32759876548211236,0.7432150554772101,0.9999950287823665
P3h3,29.342964762412382,-0.15527504060833644,0.39022085584718097,-0.3979157912286102,0.6906922594537687,0.9999950287823665
P4hb,719.0963150239753,0.3380253667733548,0.15238731908409453,2.2181987898009834,0.026541281229479366,0.9999950287823665
Pa2g4,367.1832865944585,0.2374151410198995,0.16585697416389403,1.431445027963034,0.15230271124922629,0.9999950287823665
Pacsin3,254.71258091442635,-0.29086929859950866,0.1863787636679536,-1.560635411863296,0.11860979850211464,0.9999950287823665
Padi2,247.96864151933582,0.12219519301947561,0.16131630180995477,0.7574881871730027,0.4487574403830469,0.9999950287823665
Padi4,1.4229660721870012,-1.805074681606312,1.7346851238581495,-1.0405777145258543,0.29807157858410926,0.9999950287823665
Padi6,1.1629793548928105,1.588108628051279,1.9234456088569574,0.8256581942002725,0.40899801352041,0.9999950287823665
Pafah1b1,1018.7986169661741,0.02235096114895176,0.1233350902813773,0.1812214277215038,0.8561937761689472,0.9999950287823665
Pafah1b2,1151.2858345761674,-0.06526887886239588,0.12326802565262186,-0.5294875010517996,0.5964673127223405,0.9999950287823665
Pafah1b3,41.436137204172915,0.4759958823980713,0.3466470938704943,1.3731425729935618,0.1697080282806317,0.9999950287823665
Pah,3.3130229145027177,0.40447429789770406,1.1353793057317023,0.35624596630906363,0.7216563708351358,0.9999950287823665
Paip1,1311.8916299291752,0.029037013030453647,0.11158108400131926,0.2602323977253199,0.7946845151384628,0.9999950287823665
Pak1,5292.785420459232,0.09267238798843742,0.10490193796731587,0.883419217834767,0.3770098111975534,0.9999950287823665
Pak2,793.0932848712368,0.0443610925835731,0.12245389129736774,0.3622677247213513,0.7171519744123934,0.9999950287823665
Pak3,271.0307826190524,-0.014666302886032753,0.17588114332739657,-0.08338757986540914,0.9335433639475906,0.9999950287823665
Pakap,136.48235187267633,0.05576413460674848,0.2122079087032183,0.2627806614160501,0.7927196418000151,0.9999950287823665
Pald1,10.116869590528703,-0.31409785259954626,0.633011124552116,-0.4961964180673518,0.6197558379382204,0.9999950287823665
Palmd,31.129582519360998,0.35131061565168165,0.36520507099489774,0.9619543745508117,0.3360725231185978,0.9999950287823665
Panx1,51.98756968767142,-0.10936465208226204,0.30022836441996004,-0.36427155140239365,0.7156552413415682,0.9999950287823665
Panx2,569.7626647887959,0.12952039462655962,0.1591177755293214,0.8139907323094286,0.4156502602044907,0.9999950287823665
Panx3,0.4885908462947511,-2.3603974562342604,3.2575814112285566,-0.7245858685521125,0.46870613087902324,0.9999950287823665
Pard3,631.1941587138762,-0.27045148918145356,0.1545623609880105,-1.7497888066191785,0.08015476285983927,0.9999950287823665
Pard6a,61.35420961735233,0.014896049474237122,0.2740407335570913,0.05435706320328399,0.9566506868492698,0.9999950287823665
Pard6b,18.54017591216776,0.20155137302248843,0.47448226750636874,0.42478167641909426,0.6709958364634676,0.9999950287823665
Park7,1216.8262272265667,0.039537199323916264,0.11224891809005942,0.3522278877752285,0.7246673639731611,0.9999950287823665
Parp1,410.5756811613422,0.1092841443113246,0.14808463946011002,0.7379843359159663,0.4605239678738634,0.9999950287823665
Parp2,118.8957578366999,-0.11166118336848645,0.20309031722958223,-0.5498104729545512,0.5824493746226365,0.9999950287823665
Parpbp,2.9619936249300167,0.4950666124703498,1.1290934687054675,0.43846379966926513,0.6610501064471074,0.9999950287823665
Parva,102.24644871787142,-0.03658695832255807,0.22172187839589635,-0.16501284666743662,0.8689338704941283,0.9999950287823665
Parvb,561.2501627208559,0.02993581833929268,0.1512831696047871,0.19787937030601066,0.8431394451342731,0.9999950287823665
Patj,16.31436489976596,0.16455311935110145,0.49099635890189813,0.3351412212488106,0.7375185590240656,0.9999950287823665
Patz1,129.1485960647685,0.04318465080564185,0.19925609939278108,0.2167293796136933,0.8284192505198851,0.9999950287823665
Pawr,3.2318297851148667,0.8835436635378431,1.1398282186391,0.775155105909513,0.438248012589445,0.9999950287823665
Pax1,1.4018298657979233,-0.6973495136725482,1.6763831610905084,-0.41598456120193517,0.6774213005585727,0.9999950287823665
Pax2,0.6160756729983738,-2.7091147928272727,2.885341203802469,-0.9389235454223039,0.34776999941866416,0.9999950287823665
Pax3,0.18311118095946377,-0.8696279726090034,4.441901790678799,-0.19577829803303895,0.8447836970135787,0.9999950287823665
Pax4,0.3645169144763278,-1.91107425506513,3.582635774964726,-0.5334268887782616,0.5937381083712814,0.9999950287823665
Pax5,0.943860266749938,-0.9650608529681189,2.164282728450418,-0.44590331950718964,0.6556670843162411,0.9999950287823665
Pax6,46.190082165261806,-0.02836040355892789,0.34166867683800567,-0.0830055708395368,0.9338471100134013,0.9999950287823665
Pax7,0.2469958421013245,1.2368956898123245,4.413469574143697,0.2802547222844076,0.7792820857173672,0.9999950287823665
Pax8,0.0895824482035079,0.9694711599089978,4.453824094096601,0.217671632158531,0.8276849679587712,0.9999950287823665
Pax9,0.5179840238216964,0.8926555639927439,2.828096277901696,0.31563832213486354,0.7522770466898078,0.9999950287823665
Paxbp1,434.87007253680804,0.04666650169161421,0.15910410169620764,0.29330797379893403,0.7692867593355631,0.9999950287823665
Paxip1,321.53662784501347,-0.12174409807369539,0.14590075796460214,-0.834430881457329,0.40403822126053524,0.9999950287823665
Pbrm1,311.0173586900608,-0.04989963057392259,0.14887459836114572,-0.3351789433740345,0.7374901050082179,0.9999950287823665
Pbx2,183.42721592796465,0.003580850139031701,0.17259429715198493,0.020747210064990952,0.98344730892654,0.9999950287823665
Pbx3,101.755351676771,-0.09313954537822822,0.2177871364043641,-0.4276632078273741,0.6688963401379631,0.9999950287823665
Pcbp3,210.35035124949727,-0.012438224464310295,0.1662942726299618,-0.07479646934075623,0.9403766510083706,0.9999950287823665
Pcdh10,1418.2721475060953,0.0008549422296462342,0.11837281361617816,0.007222454240366118,0.9942373653707471,0.9999950287823665
Pcdh11x,241.19664073420267,-0.189196909223788,0.19448342721389586,-0.9728176427892046,0.33064394252508733,0.9999950287823665
Pcdh15,254.65375235135693,-0.2761217195616638,0.17402797701938225,-1.586651320614449,0.11259163718344993,0.9999950287823665
Pcdh20,52.903460530988326,-0.0972629733504091,0.3276691674949874,-0.2968328515434611,0.7665941232969975,0.9999950287823665
Pcdh8,128.57591817841424,-0.12909935709258138,0.1971406115340367,-0.6548592706901091,0.5125583655006813,0.9999950287823665
Pcdha2,4.478971378315307,0.36789679144579435,0.9619614874792272,0.3824444078419915,0.7021317565131204,0.9999950287823665
Pcdha7,35.20653298348138,0.21410618872424847,0.3410562182141404,0.6277738897281055,0.5301520729770908,0.9999950287823665
Pcgf1,19.107824096764546,0.4426963434807005,0.5049609749065973,0.8766941713913361,0.38065277346746274,0.9999950287823665
Pcgf2,55.09959661175441,0.02891163240201961,0.2920222703616781,0.09900488879225448,0.9211343884828046,0.9999950287823665
Pcif1,167.0214079316258,0.06620923681202703,0.18174596166291326,0.3642955045946287,0.7156373564017926,0.9999950287823665
Pclaf,0.27269362916297163,0.010090281732857432,3.812598158487743,0.002646563134484573,0.9978883506009081,0.9999950287823665
Pcm1,544.8103425232301,0.09128675817008818,0.1423644105452895,0.6412189522679033,0.5213804378483515,0.9999950287823665
Pcmtd2,433.72774746199593,-0.10690752742356197,0.1400575401809604,-0.7633114738801838,0.44527766088579923,0.9999950287823665
Pcna,492.6742745574145,0.27460081490097676,0.15910799918283394,1.7258768654706536,0.0843695675450938,0.9999950287823665
Pcnt,199.3056734799557,-0.11946609604155833,0.17430223194974115,-0.6853962494066372,0.4930939101427697,0.9999950287823665
Pcp2,1.1691046063420634,-0.6315212352902682,2.0379275643155315,-0.30988404413793486,0.7566491368901271,0.9999950287823665
Pcsk1,117.22838000858765,-0.011623136751634164,0.22188649785822892,-0.0523832538880333,0.9582233172576647,0.9999950287823665
Pcsk4,14.134134491684703,0.35204084515325174,0.5359424074824582,0.6568632006691395,0.5112688819192089,0.9999950287823665
Pcsk6,200.95169008498036,-0.048250635611828234,0.18048968663537662,-0.26733181552530294,0.7892136926196229,0.9999950287823665
Pcsk9,1.6748892327420186,1.4923448669907644,1.5507530985858244,0.9623355699573813,0.3358810668739808,0.9999950287823665
Pcx,749.8038852282275,-0.08942081471807688,0.1356847679915297,-0.6590335528573044,0.509874222898376,0.9999950287823665
Pdap1,621.8552803118141,0.03200610972696009,0.1272009947152746,0.2516183918105533,0.8013360413084328,0.9999950287823665
Pdc,0.4623576695658554,0.8942960949168186,2.9207619181127735,0.30618589258198103,0.7594631130200995,0.9999950287823665
Pdcd1,0.0895824482035079,0.9694711599089978,4.453824094096601,0.217671632158531,0.8276849679587712,0.9999950287823665
Pdcd1lg2,0.8074451608438573,-1.538658340513366,2.417928329240814,-0.6363539902758313,0.5245457221830212,0.9999950287823665
Pdcd4,1004.5550004790676,0.026466021819387002,0.11574515194368054,0.22865771373530083,0.8191349635919455,0.9999950287823665
Pde10a,147.60578702260605,-0.1983129152306678,0.20852612497957393,-0.9510219175179774,0.3415932498768153,0.9999950287823665
Pde12,33.88891339647166,0.17011418460216066,0.3661273170425184,0.4646312271269431,0.6421955658327987,0.9999950287823665
Pde1b,243.74890594683117,-0.15190450394430594,0.16363344229846688,-0.928321874859985,0.35324063034466413,0.9999950287823665
Pde1c,381.06676586567215,-0.05323827978585767,0.1666231353675011,-0.31951313164547196,0.7493374352280613,0.9999950287823665
Pde3b,43.21376781752749,0.09927102360582597,0.31767067524245624,0.31249665563262713,0.7546631043160604,0.9999950287823665
Pde4c,2.4106649450122,-1.1476728251828243,1.295628382159465,-0.8858040167891055,0.3757231449565348,0.9999950287823665
Pde6b,2.06163116918175,0.15045515482863966,1.30948424355015,0.11489649880837043,0.9085271602632824,0.9999950287823665
Pde6c,1.849742106815463,0.35520128481240026,1.4400673998332718,0.24665601405428994,0.8051744505634317,0.9999950287823665
Pde6g,2.43569499472881,-0.2064443202518822,1.317574485282584,-0.15668512297246368,0.8754930124006155,0.9999950287823665
Pde7b,69.92043971160443,0.19917117199420734,0.25426400582262654,0.7833242906317942,0.4334367024938758,0.9999950287823665
Pde8a,934.0249399284329,-0.24262164887101315,0.13213023210055824,-1.8362311562910518,0.06632347658986744,0.9999950287823665
Pde8b,418.15699239118703,-0.023953601696249997,0.15822080476903025,-0.15139350182940428,0.8796653151715016,0.9999950287823665
Pdgfa,238.50010337158628,0.16040475883377192,0.21395023766092566,0.7497292855920352,0.45341776578812254,0.9999950287823665
Pdgfb,71.47294534852718,0.35860179746472737,0.2857712428429289,1.254856135618338,0.20953098998880026,0.9999950287823665
Pdgfra,53.53148210799875,-0.15913081570489152,0.29904960182302626,-0.5321218110133552,0.594641631989526,0.9999950287823665
Pdgfrb,49.08933409172288,-0.6960840342056883,0.3308713497075077,-2.1037905966202,0.035396717430111746,0.9999950287823665
Pdia3,1955.7513717105637,0.1260350480380574,0.11754793255576533,1.0722013164992565,0.28362961923306806,0.9999950287823665
Pdk1,246.7614406187022,0.04771980362909161,0.16919406475455945,0.2820418298852038,0.7779114361068957,0.9999950287823665
Pdk4,48.739005099549324,-0.08548714142812693,0.3238855986542255,-0.26394239751113935,0.7918243051915794,0.9999950287823665
Pdlim1,5.0611877132864445,-0.7277864274757391,0.884552334816117,-0.8227737340459718,0.41063667595323683,0.9999950287823665
Pdlim4,31.765090086544404,0.26165331748193155,0.3630229598788204,0.7207624486596474,0.47105568287159183,0.9999950287823665
Pdpk1,359.71195050388116,0.184928132068067,0.14554756548775694,1.2705683633274005,0.2038822478300747,0.9999950287823665
Pdpn,22.119441720121145,-0.13017986062094294,0.4407658377696546,-0.29534925229158815,0.7677270957523963,0.9999950287823665
Pdx1,0.2469958421013245,1.2368956898123245,4.413469574143697,0.2802547222844076,0.7792820857173672,0.9999950287823665
Pdxk,501.8316727732362,-0.06380066106566201,0.13895625066321354,-0.4591420735746163,0.6461321448822289,0.9999950287823665
Pdyn,72.24551620071382,-0.745661992956614,0.29325232279831176,-2.5427317534649267,0.010998963327885332,0.7210748945346124
Pdzd7,12.741596629048596,-0.7235043664982762,0.5636930411887887,-1.2835077136529072,0.1993142588805058,0.9999950287823665
Pdzk1,1.8134846412930565,-0.4910567323761191,1.450427073551757,-0.3385600981465658,0.7349411461423969,0.9999950287823665
Pecam1,40.09662045664984,0.025901959356604876,0.3472742934594251,0.07458645757674319,0.9405437493960017,0.9999950287823665
Peg10,222.80106894560797,0.7339756813648967,0.23590164677020675,3.111363110067082,0.001862257932772992,0.3557310595410799
Peg3,796.6129285987358,0.05245717563473594,0.15685396628782886,0.3344332111977099,0.7380526817726454,0.9999950287823665
Per1,324.9447483302676,0.35447808591624036,0.19190697436647666,1.8471349834285258,0.06472757941180023,0.9999950287823665
Per2,122.58403768254662,0.28622335060481224,0.22190126435904758,1.2898680475370714,0.19709647648695194,0.9999950287823665
Per3,74.36551295782654,-0.3034447942881582,0.2712933839481344,-1.1185115901911211,0.2633485592296755,0.9999950287823665
Pex3,238.2635469820542,0.06590779772098099,0.16720616401916746,0.39417086150858494,0.6934548969746561,0.9999950287823665
Pf4,0.0,,,,,
Pfas,102.55727591608779,0.03406535004226289,0.22137949023782866,0.1538776243710128,0.8777062271224102,0.9999950287823665
Pfkfb1,5.792992730552658,0.5784071143806941,0.8443983656822851,0.6849931713372437,0.49334823006529505,0.9999950287823665
Pfkfb2,209.50031209308875,-0.07862291560713937,0.16815606826724214,-0.4675591931787312,0.6400998524820181,0.9999950287823665
Pfkl,526.5578549131297,-0.0677103517603069,0.14432484970472945,-0.46915241483939746,0.6389606958944263,0.9999950287823665
Pfkp,945.2182128235316,0.0039196414217366644,0.13352899450054212,0.029354234534588297,0.9765820726107702,0.9999950287823665
Pfn4,46.78132702810088,-0.45854807259559,0.3203490349497545,-1.431401448321864,0.15231519355994752,0.9999950287823665
Pgam5,329.32910156397367,0.2291497885966301,0.14871404270163396,1.5408752558517622,0.12334714911656654,0.9999950287823665
Pgf,6.053599937983697,0.5907657036355112,0.8042889022900104,0.7345192777787365,0.4626323153788203,0.9999950287823665
Pgk1,2790.8229296983886,0.08494031173455552,0.1040665397165834,0.8162115504741815,0.4143791517562365,0.9999950287823665
Pgk2,0.4261607385083403,2.2758266160578153,3.389482401174884,0.6714378027951861,0.5019416695422074,0.9999950287823665
Pgpep1,48.87989323308872,0.14766050001385764,0.3193064980506998,0.46244126228339993,0.6437649151030698,0.9999950287823665
Pgr,181.06723523248024,-0.01625528869519501,0.18188357142549186,-0.08937194584313485,0.9287863182073282,0.9999950287823665
Phb,89.72086455744208,0.2002759741319571,0.23993739454285506,0.8347009623636883,0.40388609967974776,0.9999950287823665
Phb2,256.17984215686636,0.3288588411796506,0.17029882241196728,1.9310693786485098,0.053474473219729146,0.9999950287823665
Phc1,172.41421530436833,0.1602464493408602,0.20108497886339072,0.7969090990616727,0.4255038260142885,0.9999950287823665
Phc2,226.55923875442386,-0.11163686555279387,0.17417881265377563,-0.6409325213090086,0.5215665253721582,0.9999950287823665
Phex,2.2860414455552736,0.5569025573298615,1.3191468000153312,0.4221687512893858,0.6729018484968782,0.9999950287823665
Phf10,302.6403998123385,0.07536471365173066,0.14713284078925346,0.512222242481403,0.6084954779878318,0.9999950287823665
Phf3,43.60230839272012,0.1998079079417269,0.32841268353988257,0.6084049671530488,0.5429189178914189,0.9999950287823665
Phf6,213.00074881888318,-0.057923751542819465,0.17897021594250054,-0.32365022994345144,0.7462028549982489,0.9999950287823665
Phlda2,0.6372105436392995,-1.599719804729689,2.63062934572671,-0.6081129625229538,0.5431125555783108,0.9999950287823665
Phox2a,0.5541809548792115,-0.62176767047064,2.7593569908638487,-0.22533063772802678,0.8217220669993681,0.9999950287823665
Phox2b,0.4802758632124144,-0.40436544622613463,3.066393517930401,-0.1318700433788592,0.8950870835847461,0.9999950287823665
Phtf1,273.45780011533867,0.04680085259606779,0.16174726338588075,0.2893455605762857,0.7723169503098659,0.9999950287823665
Phyhd1,60.63587663340104,0.6474237127187319,0.6791839139716828,0.9532377010120486,0.34046964842958893,0.9999950287823665
Phykpl,17.70981769427158,-0.28085819655213595,0.47786663531028145,-0.5877334297879432,0.5567112332044566,0.9999950287823665
Pi4ka,1062.8355623696636,0.04014039886137263,0.11974155231910903,0.3352253088752283,0.7374551317370599,0.9999950287823665
Pianp,292.81412555580897,-0.04210036093907108,0.14909223612171554,-0.28237795631894136,0.7776537158267697,0.9999950287823665
Pias1,268.60393463067624,0.039780079225965895,0.16317592708908246,0.24378644531462534,0.8073962187353351,0.9999950287823665
Pias2,551.1401985605318,0.031536916998149804,0.12911779811068652,0.24424918531459705,0.8070378359553294,0.9999950287823665
Pias3,77.88279939975412,-0.11104363944517077,0.26718763082205244,-0.41560172191925343,0.6777014664641645,0.9999950287823665
Picalm,2135.378619808748,-0.012138407148437431,0.12114336829230768,-0.10019869283433315,0.9201865837605844,0.9999950287823665
Pick1,320.62751923065724,-0.13501101439555763,0.15341194861023574,-0.8800554038888571,0.3788292964503185,0.9999950287823665
Piezo1,4.35215428895672,-0.1671828456803472,0.9386154351540328,-0.17811644622369907,0.8586315263370478,0.9999950287823665
Piezo2,4.733320541585704,-0.7867017367977015,0.9001303498056791,-0.8739864587029371,0.38212562817343754,0.9999950287823665
Pifo,1.9677418926613974,0.18144717050685905,1.392189748450663,0.13033221276682116,0.8963035953169479,0.9999950287823665
Pik3c3,512.1171176271405,0.06660757076142705,0.13528133452394234,0.49236334780271346,0.6224625049719728,0.9999950287823665
Pik3ca,87.52321898679254,0.16623040653909427,0.23095849321432527,0.7197414748668085,0.4716841849481067,0.9999950287823665
Pik3cb,241.30251154170512,-0.032139745054116466,0.16042854739116777,-0.20033682020289792,0.8412171678401127,0.9999950287823665
Pik3cd,84.46057395338487,-0.15814347685308477,0.27177298846040593,-0.5818954920758226,0.5606370771225264,0.9999950287823665
Pik3cg,12.676444603714174,0.06650403476228763,0.5754913199216457,0.11556044802090548,0.9080009107352773,0.9999950287823665
Pik3r1,1955.0119082478375,-0.1243591976345455,0.11657640159209554,-1.0667613336503747,0.2860796230448822,0.9999950287823665
Pik3r2,1042.89205067741,-0.1334578747561601,0.12632635333794895,-1.0564531566832525,0.29076123131686726,0.9999950287823665
Pim1,3.100398673858796,1.504544862685958,1.1402153484067366,1.3195269339149944,0.18699301181087902,0.9999950287823665
Pim2,80.31647809185773,0.07660292127231064,0.24584464998342498,0.3115907597642465,0.7553515575164783,0.9999950287823665
Pin1,1.936330503391659,1.1319441277994586,1.4656062024638483,0.7723385216960282,0.43991395558652246,0.9999950287823665
Pink1,2546.018847016758,-0.03678880310031849,0.12323872391835052,-0.2985165857826653,0.7653089192350646,0.9999950287823665
Pinlyp,0.3727752213623475,0.2497755297606688,3.4220104789280974,0.07299087226609192,0.9418133810131621,0.9999950287823665
Pip,0.5359022174682554,-0.6198548119728715,2.782350050743306,-0.22278103066408808,0.823705932344979,0.9999950287823665
Pip4k2c,344.0088398438647,0.13407555976230265,0.14491956833731603,0.9251722269157414,0.3548763276889896,0.9999950287823665
Pip4p1,406.5372704752793,-0.1257528773352599,0.1386796763299817,-0.9067866371135516,0.3645196377290294,0.9999950287823665
Pip5k1c,804.572921309532,-0.015443914015440893,0.1412135326132069,-0.10936567997164112,0.9129124538430983,0.9999950287823665
Pirb,1.0801194180188476,-2.091817855487053,2.245445897454009,-0.9315823898758163,0.35155238747418094,0.9999950287823665
Pisd,144.5911451018625,-0.1433858420431401,0.1920700380489001,-0.7465289406910761,0.45534795581971477,0.9999950287823665
Pithd1,124.24367334800922,0.08203314925190905,0.2147430558662382,0.382006062645429,0.702456867718847,0.9999950287823665
Pitpnm1,634.3600091512283,-0.04842574397851248,0.1284921113797634,-0.37687717524843467,0.7062648843791101,0.9999950287823665
Pitrm1,184.133987436672,0.09769557099237983,0.18513149308272905,0.5277090859345198,0.5977012659954668,0.9999950287823665
Pitx1,1.3208662682448322,0.6563088556431549,1.758593669620639,0.37320096562427224,0.7089988775466173,0.9999950287823665
Pitx2,0.9820471408301515,1.066116601007972,2.0350279816474157,0.5238830181317304,0.6003599069006353,0.9999950287823665
Piwil1,0.5157431867118482,2.576222805649756,3.19710627394089,0.8057983016229839,0.42035915750485064,0.9999950287823665
Piwil2,5.659414385888566,0.5912856789703459,0.8375140771047068,0.7060008842053443,0.4801875875827901,0.9999950287823665
Piwil4,0.6677557427017669,-0.9151928070175157,2.4834157161106374,-0.3685217908062652,0.7124841999548949,0.9999950287823665
Pja1,236.51517313687614,0.007230121339124822,0.1651645261748014,0.04377526764719952,0.9650835417391238,0.9999950287823665
Pja2,2237.3780814579063,0.11303797767516181,0.10953046479762688,1.03202317167206,0.30206126261825605,0.9999950287823665
Pkd1,199.26159124380786,0.025410068777575873,0.1925006699052168,0.1319998979228864,0.8949843724880874,0.9999950287823665
Pkd2,273.47570092996216,-0.030847826958714474,0.15717826896312492,-0.19626012655700883,0.8444065688207741,0.9999950287823665
Pkd2l1,77.26657898363732,2.001109236498522,0.8291838272431478,2.4133481270995922,0.015806713876239945,0.8579816306156908
Pkia,115.023377386583,0.03128323890405532,0.21149992445723803,0.14791134788504523,0.882412732401183,0.9999950287823665
Pkib,58.3528641782317,-0.2304638576791282,0.2997370651855762,-0.7688867492461805,0.44196054433387977,0.9999950287823665
Pkig,173.73606851801722,-0.05479295949865508,0.18628291399892277,-0.2941384065903754,0.7686521440503502,0.9999950287823665
Pklr,1.0033568573739284,-0.34930361121552445,2.1519142116335424,-0.1623222753616949,0.871052074093995,0.9999950287823665
Pkm,969.4646106764432,0.12807081043395985,0.12822103224423986,0.9988284152166714,0.3178778184322084,0.9999950287823665
Pkn1,162.4954420654174,-0.0901582403887114,0.18857207084669092,-0.4781102524032313,0.6325717353351772,0.9999950287823665
Pknox2,254.25667953931313,0.026992342247845136,0.18350065890301273,0.14709670477048067,0.8830556907993181,0.9999950287823665
Pkp4,1231.328637664646,0.010467239652012452,0.12258567299488757,0.08538713698173349,0.9319536190159395,0.9999950287823665
Pla2g10,0.45015307812738775,0.9014136729956795,3.120418042114123,0.2888759329134504,0.7726763216764053,0.9999950287823665
Pla2g2e,0.2469958421013245,1.2368956898123245,4.413469574143697,0.2802547222844076,0.7792820857173672,0.9999950287823665
Pla2g2f,0.5196894712642962,0.892606820588167,2.82550652394846,0.31591037324550486,0.7520705381264341,0.9999950287823665
Pla2g4a,152.62234160141733,-0.3228795859549987,0.19957334077865513,-1.6178492813481604,0.10569508282788768,0.9999950287823665
Pla2g6,66.29081721354416,-0.5470181466344135,0.25602814939373486,-2.136554702792377,0.032634227214000396,0.9999950287823665
Pla2r1,0.7233820969576078,-1.0528024979904662,2.596117392973142,-0.40552961928457676,0.6850882510343941,0.9999950287823665
Plaat1,107.16024619321428,0.002199061200117429,0.2248223258277238,0.009781329287566037,0.9921957528219684,0.9999950287823665
Plac8,6.707583936904565,-0.28931512167522766,0.9008279170221378,-0.32116580337742545,0.7480847454425412,0.9999950287823665
Plac9a,1.4880014191162314,-0.4024033113090242,1.7050205307592823,-0.23601083039734735,0.8134242661044796,0.9999950287823665
Plagl1,32.01677338723628,-0.02840337692632091,0.4273238636956433,-0.06646803359091338,0.9470052069090031,0.9999950287823665
Plagl2,68.77378461212213,0.023673714802367483,0.2910476935169141,0.0813396406489361,0.9351718497360382,0.9999950287823665
Plau,40.807296648139676,-0.33434783664854967,0.33461747034105704,-0.9991942031830181,0.3177006234557884,0.9999950287823665
Plaur,5.731314020813257,0.8558027103919457,0.8998935478888921,0.951004385351599,0.3416021497133772,0.9999950287823665
Plcb2,1.3321186267581633,0.711125811441998,1.7736765008360595,0.40093320913187613,0.6884692990348062,0.9999950287823665
Plcb4,117.97172682336794,0.17698632864652505,0.21242995369244885,0.8331514721448452,0.40475930735437704,0.9999950287823665
Plcg1,245.53671673931453,-0.1838886235318298,0.16715364938780713,-1.1001173124566157,0.2712810116425479,0.9999950287823665
Plcg2,8.55949045594275,0.2826172966949353,0.7039000444010662,0.401502029930128,0.6880505439231965,0.9999950287823665
Pld1,161.8098203566333,-0.15258637391504692,0.18669734063260202,-0.8172927016422725,0.41376117659636613,0.9999950287823665
Pld2,73.40862074093393,0.05900567031639951,0.253570144802439,0.2326995962492819,0.8159946827557718,0.9999950287823665
Pld5,50.68386140068753,-0.517433907979746,0.3259870844102097,-1.587283462214187,0.11244845907896407,0.9999950287823665
Plec,809.8077105090873,-0.025086505954864335,0.13511044198905126,-0.18567407215570528,0.8527003621564195,0.9999950287823665
Plekha1,2041.6459645241146,0.11965650207032907,0.12802729352124473,0.9346171334198625,0.34998564604982174,0.9999950287823665
Plekha2,114.64581896284771,-0.4728847010839837,0.21887656099695726,-2.1605086398015803,0.030733315496656262,0.9999950287823665
Plekha5,504.7862193206285,-0.03259305249075342,0.13595775622092485,-0.2397292614758313,0.8105401489215271,0.9999950287823665
Plekhg2,41.29265117056998,0.3149429999495988,0.3471518445131632,0.9072197222263552,0.36429061630908477,0.9999950287823665
Plekhg4,0.3049442756680388,0.5282623719659802,3.599600672302437,0.1467558265645295,0.8833247523657832,0.9999950287823665
Plg,1.5941765292760774,0.19502635143493835,1.5317492582142342,0.12732263481707623,0.8986850461044718,0.9999950287823665
Plgrkt,51.44053535375311,-0.331903504998043,0.2903406243181942,-1.1431521364860697,0.25297543080228035,0.9999950287823665
Plin1,0.5798787419408588,-1.4687538403773315,2.5620409708779093,-0.5732749230290599,0.5664585618971618,0.9999950287823665
Plin2,57.304994662780494,0.18167910421972433,0.27831271337289754,0.6527876575163902,0.5138931816928738,0.9999950287823665
Plin4,849.2819190212984,0.7426761964619754,0.632329683423594,1.1745078808271932,0.2401916571835867,0.9999950287823665
Plin5,5.219338414482432,-0.1810841044715128,0.906356157602353,-0.19979353916516346,0.8416420544565256,0.9999950287823665
Plk1,2.0980789943264155,-2.492164246533551,1.5400965395464046,-1.6181870308386992,0.10562229696488921,0.9999950287823665
Plk2,1315.8263252721017,-0.04438932888046033,0.1470221956973221,-0.30192263603412395,0.7627110394733287,0.9999950287823665
Plk3,175.87190378689434,0.05177482534412417,0.17746629364261318,0.29174455769268404,0.7704819383594741,0.9999950287823665
Plk4,17.89992084914358,0.08095034564966135,0.4662633342478152,0.17361507908455204,0.8621679806026501,0.9999950287823665
Pllp,2122.30275887205,-0.19485012661516457,0.11392845116557247,-1.710285048394,0.08721317523816954,0.9999950287823665
Pln,9.060987557683069,-0.6447744233562883,0.6910253679979892,-0.9330691074689527,0.350784288194105,0.9999950287823665
Plod1,342.81487618451865,-0.13659828332607704,0.1577764995604452,-0.8657707814955379,0.38661587530096164,0.9999950287823665
Plod3,228.83435528635775,0.24896993306357013,0.2004770359608912,1.2418875402374707,0.2142780578386001,0.9999950287823665
Plp2,15.380257214519546,-0.6462301914915555,0.5669926696336078,-1.1397505225405318,0.254390252102367,0.9999950287823665
Plpp3,1276.4004614628757,-0.047710255384017596,0.14533416528968787,-0.3282796945158693,0.7427001956658414,0.9999950287823665
Plppr3,141.7785967174664,-0.13359552775606426,0.19992981538160035,-0.6682121298470379,0.5039981937092272,0.9999950287823665
Plppr4,413.6336107189323,0.09483014431068708,0.14103890855392182,0.672368676721798,0.5013490186584709,0.9999950287823665
Pls1,1181.3507789976281,-0.04185366212270164,0.11788097169154682,-0.3550501961607341,0.7225519866552574,0.9999950287823665
Pltp,372.01616026148344,-0.039259303511736066,0.16254325459365065,-0.24153142257353094,0.809143265547411,0.9999950287823665
Plvap,0.3365782903048324,1.8623689430816042,3.676600551404302,0.5065464461104593,0.6124730927412735,0.9999950287823665
Plxdc2,801.2645545313632,-0.012129193919836755,0.13072118510221004,-0.09278674998511541,0.9260729775765728,0.9999950287823665
Plxna1,57.943695411537675,0.11175924153000102,0.2898749600563001,0.3855429303320816,0.6998352062322037,0.9999950287823665
Plxna2,96.71435297156904,0.005195754328266417,0.22480373741453727,0.023112401902311192,0.9815606130419035,0.9999950287823665
Plxna3,110.63711696799977,0.0057428540082459486,0.21680587210770774,0.026488461555104634,0.9788677367165765,0.9999950287823665
Plxna4,96.96188458004042,-0.029158042020947805,0.2221071827582722,-0.1312791493676349,0.8955544854249231,0.9999950287823665
Plxnb2,202.21239458874084,-0.007419522646224995,0.17345498094244613,-0.04277491834429855,0.9658809579463195,0.9999950287823665
Plxnc1,62.33358052581479,0.194258495374725,0.26181963305039907,0.7419554183598261,0.4581143471624646,0.9999950287823665
Plxnd1,53.49003007558802,-0.042731489385867676,0.30724551472746325,-0.1390792943674764,0.8893874898971518,0.9999950287823665
Pmaip1,6.070174563700205,0.2709869639954597,0.8565434004267266,0.31637271837066866,0.751719621895313,0.9999950287823665
Pmch,13.591460769633613,0.9650767812273608,0.6292492407978764,1.533695583015184,0.12510456092098693,0.9999950287823665
Pml,98.81132647674211,-0.1923972989731309,0.22202455376391889,-0.8665586562903715,0.38618387461842174,0.9999950287823665
Pmm2,44.19325088169174,0.05875244316545858,0.3101551476346563,0.18942920539453806,0.8497564362305289,0.9999950287823665
Pmp22,234.32847215548495,-0.3072306126142695,0.25475980809511317,-1.2059618623184336,0.22783219585494097,0.9999950287823665
Pms1,73.31951491191747,0.05477430404950787,0.25083781367042923,0.2183654180684047,0.8271444077554863,0.9999950287823665
Pms2,4.106134286739914,0.28739636515259726,0.965583370611985,0.29764013538307516,0.7659778385030944,0.9999950287823665
Pnkd,102.57282817800895,-0.006276680451793032,0.22902943221834798,-0.027405562643185017,0.9781362615687604,0.9999950287823665
Pnoc,8.019745877326553,-0.7261820498489981,0.7003723648646578,-1.036851375467003,0.29980512802424175,0.9999950287823665
Pnpla1,2.07372278493041,1.2722539468900609,1.4182029691680567,0.8970887627152465,0.3696715545131256,0.9999950287823665
Pnpla2,133.50150444185903,0.07491483812387108,0.2282361401101837,0.32823389883698983,0.742734818801666,0.9999950287823665
Pnpla3,35.766178568415164,-0.1967014419451618,0.34706385735851275,-0.5667586462106643,0.5708781701355304,0.9999950287823665
Podxl,49.74766643241062,0.05908989436125234,0.2991284497342693,0.19754020192243443,0.8434048246015646,0.9999950287823665
Polb,308.02655044308176,-0.17775700720555576,0.1510916611766851,-1.1764845645431647,0.23940129693427525,0.9999950287823665
Polg,359.33685489430064,0.2104265393765384,0.15344228949071306,1.3713725210628733,0.17025885900103965,0.9999950287823665
Polk,101.63201869739068,0.1582451724865951,0.23325615924960738,0.6784179804540851,0.4975067118261042,0.9999950287823665
Polr1e,49.45858100098749,0.17100251022435917,0.3012236137262478,0.5676929112860533,0.5702435057799626,0.9999950287823665
Polr2a,594.2516394723465,0.266548034023291,0.1518684081112004,1.755124962053467,0.07923793543845684,0.9999950287823665
Polr2b,366.43513637343835,0.08563695531537655,0.14339159585016595,0.5972243687479502,0.5503575915440483,0.9999950287823665
Polr2e,314.25484622953155,0.12787537858743006,0.15621435235402312,0.818589179934188,0.4130208423310463,0.9999950287823665
Polr2f,286.36164738246015,0.04406153243779943,0.15915104986624135,0.2768535455771796,0.7818925640195796,0.9999950287823665
Polr2h,98.31381407836108,0.007952148670247478,0.2265546450206032,0.03510035589658424,0.9719997176240276,0.9999950287823665
Polr2j,155.18507753751078,-0.15003904560755515,0.195006441420395,-0.7694055873985255,0.44165257268858904,0.9999950287823665
Polr3e,121.74452781020959,0.16410899750169083,0.24201809692230988,0.6780856456133997,0.49771739151140304,0.9999950287823665
Pom121,165.11788558906787,0.04468828363253248,0.1908186552796342,0.2341924250909549,0.8148355954256586,0.9999950287823665
Pomc,8.103107757928004,0.5553222526932681,0.6990821893286716,0.7943590341309422,0.42698644570719946,0.9999950287823665
Pon1,0.6372105436392995,-1.599719804729689,2.63062934572671,-0.6081129625229538,0.5431125555783108,0.9999950287823665
Pon3,9.681421232805825,0.18987255056465574,0.6333466536996069,0.2997924587673141,0.7643354679440614,0.9999950287823665
Por,262.6484928171792,-0.08281436002661857,0.15995493841001446,-0.5177355625891306,0.6046427822929741,0.9999950287823665
Postn,1.5465046143381758,-0.9614069464968064,1.5652203458123257,-0.6142310563934374,0.5390626537266617,0.9999950287823665
Pou1f1,1.1174864068517136,-1.3286225308318995,1.8669573151623609,-0.7116512627479944,0.4766807546709211,0.9999950287823665
Pou2af1,0.43010702306078824,0.2425818330349456,3.274007161363496,0.07409325058834623,0.9409361857509249,0.9999950287823665
Pou2f1,104.24832407917636,0.06092858123753437,0.21873070421499965,0.2785552282483628,0.7805861758056314,0.9999950287823665
Pou2f3,1.1340596968200702,-1.3268454895606836,1.8610428827604832,-0.7129580418870171,0.475871721135086,0.9999950287823665
Pou3f1,134.83904605676315,0.46028455125563716,0.24055662014704163,1.9134146088945112,0.055694995641941476,0.9999950287823665
Pou3f2,194.99283547031902,-0.08190940381650492,0.18928968939711807,-0.4327198384517609,0.6652183156547411,0.9999950287823665
Pou3f3,1383.6851155383636,0.006376644426934821,0.11332743861243628,0.056267436245003626,0.9551287598325618,0.9999950287823665
Pou3f4,12.340020932298359,0.22047299905599418,0.5734423860143849,0.3844727987206435,0.7006280530223087,0.9999950287823665
Pou4f1,0.9637684034191953,1.0393327155026904,1.9634057070662414,0.5293519886196527,0.5965612971776896,0.9999950287823665
Pou4f2,0.9421548193073382,-0.9361485457008354,2.0398461467544755,-0.4589309577049755,0.6462837468590004,0.9999950287823665
Pou4f3,2.2747521595364333,0.5841366126676273,1.2634634344259235,0.46232965414866944,0.6438449371697469,0.9999950287823665
Pou5f1,0.7401496048167971,-2.9824327645938884,2.8776079303466404,-1.0364277680575549,0.3000026213820116,0.9999950287823665
Pou6f1,310.0875261098657,-0.018689121779982394,0.14784228558820242,-0.12641255988181066,0.8994053605613571,0.9999950287823665
Pou6f2,7.075511369563266,0.01220025830409204,0.7344306282211817,0.01661185935782869,0.9867462634649476,0.9999950287823665
Ppara,40.675560601161045,0.17151084288621077,0.3331884679850457,0.5147562396844676,0.6067233681630437,0.9999950287823665
Pparg,10.825916867660567,0.21355910250712168,0.5968026352238908,0.35783873914532044,0.7204639979368606,0.9999950287823665
Ppargc1a,209.7175425851332,-0.11997716307157877,0.17764808215619884,-0.6753642460721172,0.49944437534671926,0.9999950287823665
Ppargc1b,171.39547097459618,0.2594573056357882,0.1858038190890861,1.3964045890326289,0.1625926939690474,0.9999950287823665
Ppfibp1,126.51349939201042,0.08396807193037295,0.23477103602449428,0.3576594172443501,0.7205982070279302,0.9999950287823665
Ppif,140.62790501860994,-0.026005863967874902,0.20171146644934343,-0.12892605673662014,0.8974161584384024,0.9999950287823665
Ppl,1.4939570186793594,1.114450099280202,1.6776056705355769,0.6643099262560391,0.5064919692229832,0.9999950287823665
Ppm1d,35.74424843006531,0.06544190323744045,0.33851288981458755,0.19332174698955984,0.8467069959374467,0.9999950287823665
Ppm1h,188.5485840975891,-0.13444375721691748,0.16956861360579076,-0.7928575598870512,0.42786081627964845,0.9999950287823665
Ppp1cc,721.6345939361603,-0.06971627546676303,0.12443676761512998,-0.560254632154929,0.5753057676342035,0.9999950287823665
Ppp1r10,205.85331203376816,-0.07234056379518362,0.1950267550616264,-0.3709263571161032,0.710692383198789,0.9999950287823665
Ppp1r16b,3611.2959404086814,-0.17564289908058922,0.14066834896877156,-1.2486312689969938,0.2117999700772184,0.9999950287823665
Ppp1r1b,189.16375275028943,0.24172047461850762,0.19036074144330606,1.2698021282423808,0.20415512244541523,0.9999950287823665
Ppp1r1c,1.7690294033495213,-0.7829849612327995,1.4668816044160162,-0.5337751587283116,0.5934971024470503,0.9999950287823665
Ppp1r2,582.7773506343552,0.11335477326285566,0.1444733323217314,0.784606899011805,0.43268408383206036,0.9999950287823665
Ppp1r3a,0.4118282856498321,0.24465543834210696,3.3144986561990453,0.07381370871414669,0.9411586188070882,0.9999950287823665
Ppp1r7,644.9662331085138,0.025206528267225102,0.13404258297003624,0.18804866116956095,0.8508385054647647,0.9999950287823665
Ppp2ca,3448.065658357797,0.009279592481831477,0.11548021230427027,0.08035655890016347,0.9359536761031548,0.9999950287823665
Ppp2r1a,2296.3416368225903,-0.0010818865553011412,0.10706345123904353,-0.010105096956809128,0.9919374363683854,0.9999950287823665
Ppp2r1b,136.1456847685164,0.3540642982336009,0.20039509520500118,1.7668311585740084,0.07725650882314967,0.9999950287823665
Ppp2r2a,345.14425025241985,-0.02468925043026972,0.1524904768822492,-0.16190683467620326,0.8713792205425182,0.9999950287823665
Ppp2r2b,584.3806050926054,-0.04386558590894727,0.1359820385483254,-0.32258367632397483,0.7470105577706997,0.9999950287823665
Ppp2r5c,1471.6449330519706,0.003095123393910998,0.12186226304996754,0.025398538616026648,0.9797370767486228,0.9999950287823665
Ppp3cb,2825.2366515417402,0.011589512978165123,0.11286002519213492,0.10268926449763706,0.9182095942885773,0.9999950287823665
Ppp3r1,2836.840543177199,-0.018790083404865744,0.10713546167002135,-0.17538621770949617,0.8607761694128847,0.9999950287823665
Ppp3r2,2.6329388399363958,0.6024599031482784,1.3167488271270829,0.45753593300154377,0.6472858808945641,0.9999950287823665
Ppp4r3a,360.04322204585907,0.15743179811371436,0.14947622667257487,1.0532229881515944,0.29223880498595656,0.9999950287823665
Ppp5c,795.0545551536699,-0.017884290446901156,0.12150506450938948,-0.14718967081013418,0.8829823132992832,0.9999950287823665
Ppp6c,619.2481349407905,0.21480268036628458,0.13369236846511426,1.6066936567313135,0.10812158580434564,0.9999950287823665
Ppp6r3,481.5845846429504,0.07616726157708795,0.1324600423896485,0.5750206643678402,0.5652773215605562,0.9999950287823665
Ppt1,1767.7994595594453,0.10659095508672516,0.11828275294726265,0.9011538236199966,0.3675065386443024,0.9999950287823665
Praf2,154.4906057586425,0.21251519496330112,0.19079024481719128,1.1138682439813732,0.2653357146417813,0.9999950287823665
Prap1,0.7806572224597316,1.8973391056774769,2.33303564237208,0.8132490868199446,0.41607526111572735,0.9999950287823665
Prdm1,4.311109945898385,-0.29314353912937197,0.9630278394981058,-0.3043977828119148,0.7608248567611122,0.9999950287823665
Prdm13,0.7039526737592819,-1.814257137381026,2.5188846422166127,-0.7202620981421698,0.4713636362990675,0.9999950287823665
Prdm14,0.1791648964070158,1.4769425715357707,4.382600628342644,0.33700140550892543,0.7361158405752473,0.9999950287823665
Prdm16,6.975634366491115,-0.0728294322465496,0.756129014764782,-0.09631879060904114,0.9232673877229453,0.9999950287823665
Prdm9,9.764603711206894,0.4589673996876909,0.7162058276977955,0.6408317021979791,0.5216320333305704,0.9999950287823665
Preb,264.61697744495797,0.03944535197986141,0.15749780599899732,0.2504501680494047,0.8022392369710551,0.9999950287823665
Prelp,28.647974732489754,0.09871814396877338,0.3983682142348653,0.2478062768094552,0.8042842981901815,0.9999950287823665
Prep,206.77375519297993,0.07680684100055582,0.16717482779515955,0.4594402280148765,0.6459180656753816,0.9999950287823665
Prf1,0.7573381909052749,-0.5282352207194365,2.331326162472754,-0.22658143215754775,0.8207492318014052,0.9999950287823665
Prickle3,9.002678580351958,-0.6941973964225427,0.6594455668246391,-1.0526985567061138,0.2924791703628158,0.9999950287823665
Primpol,42.8015566770353,-0.31788843957385565,0.3230525846689638,-0.9840145371367329,0.3251083652774305,0.9999950287823665
Prkaa1,319.9179061813971,0.0250626734327514,0.14908862566952233,0.1681058720623439,0.8664999898563869,0.9999950287823665
Prkaa2,263.1567639560455,-0.14086395348498512,0.15864993095998897,-0.8878916784433433,0.37459902140123524,0.9999950287823665
Prkab1,86.18955369572217,0.0021290894914661085,0.23124477968060053,0.009207081320524708,0.9926539157527946,0.9999950287823665
Prkaca,1587.9209022316836,-0.12417514308880054,0.1180347683622742,-1.0520217458950756,0.2927895727525931,0.9999950287823665
Prkacb,2171.863765210577,0.014070530392372993,0.1142609858714442,0.12314378600062002,0.901993238904762,0.9999950287823665
Prkar1a,4811.4309340324735,0.04677310084524393,0.11451013501037027,0.40846254212352523,0.6829341253524205,0.9999950287823665
Prkar2b,369.40661923120234,0.005701089825752866,0.16178983842197903,0.03523762605463099,0.9718902595972986,0.9999950287823665
Prkca,271.15837546785326,-0.055436836345492735,0.1630997633358844,-0.3398952592673431,0.7339354068887101,0.9999950287823665
Prkcd,59.17382342812669,0.2883443770217779,0.3101414159156811,0.929719032108149,0.3525165777393896,0.9999950287823665
Prkce,2462.1049750888787,0.04014764683025373,0.12841768189486308,0.31263332461586585,0.754559256966152,0.9999950287823665
Prkcg,388.43938747131136,0.02298634544583667,0.15201685042646454,0.15120919412125242,0.8798106978291749,0.9999950287823665
Prkci,386.2964454431762,0.09342294691265801,0.13786272675745959,0.6776519593799708,0.4979923931055662,0.9999950287823665
Prkcq,549.8236559597141,-0.40859125303612975,0.1750409464444018,-2.3342609905614884,0.01958206002849681,0.9523713796670925
Prkcz,1095.1344355751537,-0.10310382776865024,0.1331892228416573,-0.7741153943906238,0.4388625546121867,0.9999950287823665
Prkd1,56.800014621037114,-0.07631467210935441,0.2919312252247414,-0.2614131874745637,0.7937738883861398,0.9999950287823665
Prkd3,542.6584906936109,0.16862184516887366,0.16283242359618835,1.035554476466202,0.30041003924851184,0.9999950287823665
Prkdc,75.06497015465398,0.03433190965978213,0.2451830512535632,0.14002562364833607,0.8886397450907391,0.9999950287823665
Prkg2,24.713019925486588,0.19821011934412705,0.40695023577841355,0.48706230373596215,0.6262141792943281,0.9999950287823665
Prkn,60.75066144744505,-0.43672644702626917,0.2753562849576893,-1.5860413249451548,0.11272993551859378,0.9999950287823665
Prl,1.191140604431361,2.512415951560946,2.169906994651182,1.15784499416521,0.24692729805486435,0.9999950287823665
Prl2c2,0.30718511277788707,-1.7052535059724676,3.7751247964007675,-0.45170785018769954,0.6514794621774371,0.9999950287823665
Prl3a1,0.3365782903048324,1.8623689430816042,3.676600551404302,0.5065464461104593,0.6124730927412735,0.9999950287823665
Prl3b1,0.4118282856498321,0.24465543834210696,3.3144986561990453,0.07381370871414669,0.9411586188070882,0.9999950287823665
Prl3c1,0.8807954908554244,-0.7202203739387014,2.272628464211283,-0.31691074246430084,0.7513113305559507,0.9999950287823665
Prl3d1,0.43010702306078824,0.2425818330349456,3.274007161363496,0.07409325058834623,0.9409361857509249,0.9999950287823665
Prl7a1,0.0895824482035079,0.9694711599089978,4.453824094096601,0.217671632158531,0.8276849679587712,0.9999950287823665
Prl8a1,0.0,,,,,
Prl8a2,0.3049442756680388,0.5282623719659802,3.599600672302437,0.1467558265645295,0.8833247523657832,0.9999950287823665
Prl8a6,1.4983257172092481,1.0235570718515552,1.702608103664568,0.6011700928995501,0.5477267018645088,0.9999950287823665
Prm1,0.0,,,,,
Prmt1,29.867976125624256,0.4178390676090994,0.36782683702405927,1.1359667798838964,0.2559704677264789,0.9999950287823665
Prmt3,334.8301574627704,-0.009177732283645235,0.14376475965417254,-0.06383853947046797,0.9490987907693477,0.9999950287823665
Prmt5,291.952143947593,0.19710371788851194,0.15744548552246962,1.2518854842642189,0.2106115948095566,0.9999950287823665
Prmt7,104.14887854236696,0.13827832644207572,0.22151589773798325,0.6242365801015156,0.5324722268289943,0.9999950287823665
Prodh,69.65431231666518,0.09557397514151988,0.2657064222250858,0.35969764803259835,0.7190732510807567,0.9999950287823665
Prok1,0.0895824482035079,0.9694711599089978,4.453824094096601,0.217671632158531,0.8276849679587712,0.9999950287823665
Prokr2,2.9048757898132163,-0.6272481110457373,1.219283263483285,-0.5144400237675666,0.6069443826579755,0.9999950287823665
Prom1,57.30488476857925,-0.1101062281802719,0.2724761127730494,-0.40409497573822734,0.686142879454166,0.9999950287823665
Prom2,1.056208320600825,-0.1199163879785858,1.9030067839775437,-0.06301416736305279,0.9497552228178274,0.9999950287823665
Prop1,0.7573381909052749,-0.5282352207194365,2.331326162472754,-0.22658143215754775,0.8207492318014052,0.9999950287823665
Prorp,27.603854244273574,-0.09617235631027808,0.40758187618360575,-0.2359583728569785,0.8134649718141213,0.9999950287823665
Prox1,258.9558290881291,-0.1428534217860455,0.16943418084996897,-0.8431204439943539,0.3991610860254178,0.9999950287823665
Prpf19,1017.8173802753987,-0.002324061178576356,0.117836347566632,-0.01972278695469738,0.9842645129529148,0.9999950287823665
Prpf3,55.38729546574148,0.13340803041964158,0.29665037953510726,0.4497146797139133,0.6529161850931031,0.9999950287823665
Prpf31,175.46829586160496,0.2069322095833916,0.18116591444102803,1.142224850750006,0.2533605688813986,0.9999950287823665
Prpf4b,506.31925207187504,-0.05495038966758005,0.14237961537141447,-0.38594281579027523,0.6995390201208809,0.9999950287823665
Prpf8,1451.6922693227764,0.08804726408989567,0.1104280704094251,0.7973268369487039,0.4252612380731363,0.9999950287823665
Prph,2.7930683196463044,-0.382121270796872,1.234473658791966,-0.30954185864995215,0.756909375916105,0.9999950287823665
Prph2,1.4780570367755936,-0.8292806573753566,1.581733985936176,-0.524285793154108,0.600079776682657,0.9999950287823665
Prps1,175.01037172271083,0.09504366445367352,0.17975210595076174,0.528748544841573,0.5969798965960382,0.9999950287823665
Prpsap2,438.1794714172199,-0.17081945507973248,0.16821476357609744,-1.0154843216389666,0.3098750164216646,0.9999950287823665
Prr5,36.32070455333937,-0.06382716201322475,0.3394512677798064,-0.1880304128209291,0.8508528103886209,0.9999950287823665
Prr5l,1103.9901562071168,-0.6457704569658419,0.19419135374085025,-3.3254336226917043,0.0008828111800703213,0.2970953891329988
Prrc2b,974.5499337538334,0.03353253399665684,0.12478357497373661,0.2687255434356203,0.7881408937570726,0.9999950287823665
Prrx1,28.82791847392745,-0.37215568101693625,0.38002937325964464,-0.9792813587666316,0.32744097852189147,0.9999950287823665
Prrxl1,0.3411412067255539,-0.6177680891974539,3.456440796226646,-0.17872954452796175,0.8581500695221761,0.9999950287823665
Prss1,0.39676756098139493,-0.822914378647003,3.066823138151417,-0.26832795423052325,0.7884468905612643,0.9999950287823665
Prss21,0.45580481012243546,-1.0265968350500398,3.131943952360558,-0.32778263297984306,0.7430760194030092,0.9999950287823665
Prss41,1.628051381022719,-0.07827229214939055,1.5788061825392563,-0.04957688474686749,0.9604595672749634,0.9999950287823665
Prss42,0.44407893215489924,0.8948460235259593,2.954440455847421,0.3028817256258735,0.7619799984587861,0.9999950287823665
Prss50,3.0039802063799215,-0.6589268679087458,1.1330725470015663,-0.5815398754938107,0.5608766515296885,0.9999950287823665
Prune1,62.47374681006369,-0.17494984089274687,0.27973660573611514,-0.625409178868006,0.531702539374146,0.9999950287823665
Psat1,1706.4760696157152,-0.3132073378799473,0.17723920660970288,-1.7671447749687734,0.07720398557019147,0.9999950287823665
Psd2,128.3968421559223,-0.029397941588465655,0.20921443807931983,-0.14051583561035097,0.8882524416107033,0.9999950287823665
Psen1,339.29738384941567,-0.028101263647451493,0.14588559475215923,-0.19262534930328049,0.847252390836799,0.9999950287823665
Psen2,51.32431137055428,-0.08275069360999604,0.2886408406679361,-0.2866908695890188,0.7743490292773398,0.9999950287823665
Psma4,416.6551824089045,0.0014688045227996137,0.1362726391671395,0.010778425748386021,0.9914002270182578,0.9999950287823665
Psmb11,1.2142370106187628,1.5974466266824556,1.8783535926484662,0.8504504332595155,0.39507470691134994,0.9999950287823665
Psmb6,636.6092191723349,0.033976129634776614,0.13182646213689767,0.25773375909529805,0.7966123900665909,0.9999950287823665
Psmb8,35.335837641239316,-0.0933472552634787,0.3468371353797036,-0.26913858333331525,0.7878230402502447,0.9999950287823665
Psmb9,0.497464449300892,2.5401441703741754,3.227639428812514,0.7869975027875787,0.4312833280060179,0.9999950287823665
Psmc2,665.4302182695459,-0.1662258674025502,0.1289333745656176,-1.2892384765587086,0.197315192348411,0.9999950287823665
Psmd1,797.8158956707742,-0.04218793679072144,0.12392062001207477,-0.34044323524697234,0.7335227640047745,0.9999950287823665
Psmd10,93.5931478105556,0.10284402637472784,0.23083388581449843,0.4455326219191875,0.6559348903574309,0.9999950287823665
Psmd11,58.53236921299729,0.2358145184574486,0.2821409099845524,0.8358040614186713,0.4032651412909024,0.9999950287823665
Psmd12,429.0293506992379,0.03570951607183685,0.13649113716178002,0.26162516346765524,0.7936104419164587,0.9999950287823665
Psmd13,506.25423177964973,0.09489817550989903,0.1333193985761818,0.7118107081444116,0.47658200089201896,0.9999950287823665
Psmd14,699.9127142376174,-0.06926094082794776,0.12612576518271387,-0.5491418880798219,0.5829080808370091,0.9999950287823665
Psmd3,499.41909286542045,0.12712994042797585,0.13236895798289325,0.9604211014821583,0.33684332216241075,0.9999950287823665
Psmd5,240.32018549490957,0.0730152838039462,0.16299826787272106,0.44795128658030253,0.6541883535493922,0.9999950287823665
Psmd6,284.44460667893776,0.04377808270046425,0.16204934654519176,0.27015278761556477,0.7870427126472,0.9999950287823665
Psmd9,318.1665268200108,-0.0875174941882853,0.1607740890193283,-0.544350739115455,0.5862001373882528,0.9999950287823665
Ptafr,2.902193166737946,-0.810419807593276,1.1708131251918152,-0.6921854480069176,0.4888208760747722,0.9999950287823665
Ptar1,332.42023425051815,0.14470487704475393,0.150669515343409,0.9604124411958163,0.33684767904259416,0.9999950287823665
Ptbp1,298.9398535106179,0.3890924099435609,0.20232475551040607,1.9231082670135684,0.0544664543346952,0.9999950287823665
Ptch1,375.766073908908,0.46368179347496996,0.18787936671873645,2.46797613582082,0.01358793780099699,0.7975803490631722
Ptch2,1.799074804502097,1.1863095788176556,1.5907897727322946,0.745736236900797,0.4558267646121651,0.9999950287823665
Ptchd1,61.91846386419692,0.0014739308981593629,0.2750229939180775,0.005359300606691854,0.9957239172589104,0.9999950287823665
Pten,1507.961491345378,0.011181808550758869,0.11985421706456353,0.09329507817597614,0.9256691420773827,0.9999950287823665
Ptf1a,0.3645169144763278,-1.91107425506513,3.582635774964726,-0.5334268887782616,0.5937381083712814,0.9999950287823665
Ptgdr,0.4118282856498321,0.24465543834210696,3.3144986561990453,0.07381370871414669,0.9411586188070882,0.9999950287823665
Ptgds,27217.56347352399,-0.05611231866449924,0.11720582827406972,-0.47875024212352557,0.6321163185561095,0.9999950287823665
Ptger1,4.4481766209138405,0.6849516313280849,0.9793493163664931,0.6993946081152534,0.48430545653744395,0.9999950287823665
Ptger2,0.6437634030827194,0.04279359683323498,2.40011363487916,0.017829821143193304,0.9857746147062729,0.9999950287823665
Ptger3,4.9253118553161865,-0.06798198220351973,0.8830078652213009,-0.07698910154835593,0.9386322149387932,0.9999950287823665
Ptger4,5.387298593084192,-1.2231243074594451,0.8588871696369066,-1.42408031077763,0.15442322527370786,0.9999950287823665
Ptges,24.30173843195948,-0.02654946146615123,0.411550079568248,-0.06451088891539988,0.9485634370723537,0.9999950287823665
Ptgfr,1.8564839901329888,-1.3198677853058973,1.4778919043692842,-0.8930746432833149,0.3718172009799735,0.9999950287823665
Ptgir,1.1796656205509748,-0.23665222079384055,1.7858547467813717,-0.1325148202676374,0.8945771015195059,0.9999950287823665
Ptgr1,9.41093017749904,0.33233349413287927,0.6382901135812362,0.5206621363258552,0.602602155464139,0.9999950287823665
Ptgs1,22.98243236972264,-0.33159604961352357,0.4304347744750547,-0.770374675275547,0.44107767130436404,0.9999950287823665
Ptgs2,33.829006647907846,0.5681053791694602,0.3655755416261464,1.554002701172032,0.12018377231253513,0.9999950287823665
Pth,0.0,,,,,
Pth1r,12.38423550863501,-0.1206459011125196,0.5778521098045603,-0.20878335315470972,0.8346173672156165,0.9999950287823665
Pth2r,5.850867482902308,-0.46668473246608233,0.8617906728179076,-0.5415291058327464,0.5881429416580852,0.9999950287823665
Pthlh,9.781398833269924,-0.04597101060523518,0.6551379783143753,-0.07016996743726475,0.944058377898935,0.9999950287823665
Ptk2,1387.8555487378937,-0.17956349290918575,0.11847200842151963,-1.5156617609647047,0.12960490145453984,0.9999950287823665
Ptk2b,770.7262272798089,0.03662666265394521,0.13285470602410693,0.2756896142414344,0.7827864732507821,0.9999950287823665
Ptk6,0.2709881817203719,0.010035929001538433,3.8206954392682,0.0026267283433250234,0.9979041764195309,0.9999950287823665
Ptp4a1,1406.9889043398591,-0.1321812820619279,0.14039594177930856,-0.9414893364204682,0.34645415138250635,0.9999950287823665
Ptpa,1481.786597820507,0.006812851690702847,0.11389504973461446,0.0598169253762775,0.9523014452136865,0.9999950287823665
Ptpn1,141.99634464445043,0.0698737978522799,0.18782641870067923,0.37201261854239476,0.7098834543122066,0.9999950287823665
Ptpn11,944.05332472301,0.14160670288044713,0.1255316383368976,1.1280558810234582,0.25929632000756575,0.9999950287823665
Ptpn2,112.47744392523681,0.13194605792240494,0.21032924391781044,0.6273310142928341,0.5304422775645958,0.9999950287823665
Ptpn22,1.29494585581613,-0.5504093885748187,1.6720883608693566,-0.32917482201039205,0.7420235525541017,0.9999950287823665
Ptpn23,288.8774593677842,0.057542383323334965,0.17148282741038953,0.3355577009797348,0.7372044259164836,0.9999950287823665
Ptpn5,658.4470592842387,-0.06802272551509317,0.1390204642520823,-0.4893000888829523,0.6246292581557424,0.9999950287823665
Ptpn6,4.866248704422286,-0.3294202023567877,0.9245057921380069,-0.3563203228775586,0.7216006913470462,0.9999950287823665
Ptpra,1390.660352449935,0.35731668585469634,0.16513586182781648,2.163774009471441,0.030481697768637885,0.9999950287823665
Ptprc,5.79449482059671,-0.8001714167280134,0.9003522077564414,-0.8887315539792308,0.37414736867185683,0.9999950287823665
Ptprf,33.47026907818396,-0.45721326275401597,0.3523563810191458,-1.2975875771898469,0.19442909325117663,0.9999950287823665
Ptprk,699.2072902580512,-0.24742085790093143,0.14637605242285678,-1.6903096770650197,0.09096872471274571,0.9999950287823665
Ptprn2,1764.0160757265367,-0.17790641425782447,0.11621272940035116,-1.5308685647072229,0.12580187976146492,0.9999950287823665
Ptprq,2.454030031633257,-0.09338829277439603,1.2205538986177251,-0.07651304287353315,0.9390109376813907,0.9999950287823665
Ptpru,201.81593908331274,0.21995111253239097,0.1836734964096921,1.197511436499145,0.23110727263983488,0.9999950287823665
Ptprz1,1033.6859762469505,-0.08075121446733795,0.14868141560785025,-0.5431157225481403,0.5870501280414948,0.9999950287823665
Pttg1,241.22971823983838,-0.09170141970425785,0.16804659147043743,-0.5456904475232386,0.5852787393399175,0.9999950287823665
Ptx3,0.5157431867118482,2.576222805649756,3.19710627394089,0.8057983016229839,0.42035915750485064,0.9999950287823665
Pvalb,33.405340550039504,-0.11777647296349086,0.3576787815849409,-0.32928001052117634,0.7419440517304189,0.9999950287823665
Pwp1,81.936506965331,0.2569219808000819,0.24209988840822078,1.0612230451212294,0.28858854873569306,0.9999950287823665
Pxn,14.664208639953719,-0.3146090301897888,0.5243200033386779,-0.6000324767059689,0.5484845916361286,0.9999950287823665
Pycard,2.4445699334831033,0.15456299826348735,1.3008266254980654,0.11881906107534329,0.9054187071088964,0.9999950287823665
Pycrl,46.8602703289354,0.15332840461166417,0.32622797786243923,0.47000384705299014,0.6383522690380853,0.9999950287823665
Pygb,411.17244337030485,0.10201976969725705,0.15629235816152728,0.6527495707232224,0.5139177393278174,0.9999950287823665
Pygl,8.108909769821196,-0.21508089000474562,0.6772187459674107,-0.3175944128621268,0.7507926127764637,0.9999950287823665
Pyroxd1,80.45624580946487,-0.05872416109671318,0.26082131203270453,-0.22515093049355464,0.8218618611506014,0.9999950287823665
Pzp,0.7828980595695798,0.449056675858853,2.262104296091576,0.19851280802336355,0.8426438648010567,0.9999950287823665
Qdpr,10265.163455163198,0.2966619606199659,0.14173039198798332,2.0931428782410944,0.03633640205427751,0.9999950287823665
Qrfpr,3.4609143400373377,0.5409871334614044,1.2064597926136418,0.44840875491542453,0.653858224497498,0.9999950287823665
Qsox1,146.647381304739,-0.09815890563774728,0.19019284946453535,-0.5161019770937848,0.6057831871624342,0.9999950287823665
Rab10,1322.3334303021782,-0.06862731435776236,0.12253736786738893,-0.5600521339093187,0.5754438781167175,0.9999950287823665
Rab11a,451.04767902033547,-0.048272556175098014,0.13584087593483804,-0.35536104904280824,0.7223191253828306,0.9999950287823665
Rab1a,565.1617686213343,0.08374373164876564,0.13413462648409155,0.6243259764002675,0.5324135277304158,0.9999950287823665
Rab20,3.523171592185305,-0.9926606724417953,1.1144170013803292,-0.8907443723599648,0.3730663241646829,0.9999950287823665
Rab21,1572.576925485062,0.0024792438897707787,0.12301204166834623,0.020154481269850706,0.9839201391860907,0.9999950287823665
Rab23,327.89602997994797,0.12787279400421017,0.14906203843209195,0.8578494923941689,0.3909755767347797,0.9999950287823665
Rab24,57.234430547502285,-0.2311597285644912,0.2755643381333043,-0.8388593753835725,0.40154822696011416,0.9999950287823665
Rab27a,15.965026486164717,0.2179215270397247,0.5086955923004097,0.4283927958845598,0.6683651687606234,0.9999950287823665
Rab27b,135.29059669512847,-0.29587552321026467,0.20113148445654383,-1.4710552353835538,0.14127617972418882,0.9999950287823665
Rab28,408.036712738422,0.2929338795429214,0.14074178671337667,2.0813568335570922,0.03740125666303663,0.9999950287823665
Rab29,28.703999212531755,0.02085578577590745,0.39149788611903524,0.05327177110112476,0.9575153716523256,0.9999950287823665
Rab32,10.607540657535417,0.20687463396990596,0.629845915338333,0.3284527674658008,0.7425693511603845,0.9999950287823665
Rab37,29.350102503438237,-0.1672838970405368,0.3740559651814595,-0.4472162259446529,0.6547189469548744,0.9999950287823665
Rab38,1.9114989065372827,0.40382928904398924,1.394430150835205,0.2896016618703436,0.7721209954736542,0.9999950287823665
Rab39,3.6644548178283394,-0.9152053886355623,1.0761157680465954,-0.8504711257013514,0.39506320704534537,0.9999950287823665
Rab3a,3376.3722290891915,-0.10431696834944341,0.1284614782159403,-0.8120486374451442,0.416763723570718,0.9999950287823665
Rab3b,33.51239083436115,-0.2995995458731353,0.35129317268195237,-0.8528476189441389,0.3937438128171795,0.9999950287823665
Rab3d,21.09690750361125,-0.12668203050364701,0.4336402102405561,-0.2921362629940887,0.7701824415349703,0.9999950287823665
Rab3gap2,479.4363008536549,0.081731324394816,0.14224334582261508,0.5745880337821866,0.5655699468266726,0.9999950287823665
Rab43,49.90909756705893,-0.06641454755644484,0.30321086187141677,-0.21903749472078404,0.8266208403056687,0.9999950287823665
Rab4b,189.67884321939457,-0.0038266494302561203,0.17333275861178415,-0.022076896836487333,0.9823866156380795,0.9999950287823665
Rab5a,1939.7627508615476,-0.08325687328426648,0.11361223384303777,-0.7328160926691305,0.46367060477472544,0.9999950287823665
Rab5b,694.6074313981507,-0.12734403480042492,0.12691871013310374,-1.003351158130075,0.31569146093075184,0.9999950287823665
Rab5c,1148.346296111309,0.017836760938097256,0.11911599415193613,0.14974278697910134,0.8809675496128239,0.9999950287823665
Rab6a,3130.179619976537,0.05958540268612557,0.10684938776983206,0.5576578764726339,0.5770780270850334,0.9999950287823665
Rab7,3942.2674791356435,0.054335833433083805,0.1016741235930446,0.5344116232618389,0.5930567790476827,0.9999950287823665
Rab7b,33.33573335009071,-0.3058598033157367,0.3952804847930888,-0.7737791646249378,0.43906139574979697,0.9999950287823665
Rab8a,261.5440327820378,0.054340950151689466,0.1547472047240902,0.35115949427699067,0.7254686963194451,0.9999950287823665
Rab8b,112.96126094277008,-0.24953656130969395,0.20497015626961668,-1.2174287508541237,0.2234411296053317,0.9999950287823665
Rabep1,792.3257844007261,-0.03148530648718833,0.12339933803512476,-0.25514971950843246,0.7986074640027806,0.9999950287823665
Rabep2,36.88551808264503,-0.039331187354868354,0.3545785085944613,-0.11092377682667802,0.9116767907683724,0.9999950287823665
Rac1,2647.9653230119566,-0.08198149812070564,0.10695593175895945,-0.7664979096761338,0.44338009516554333,0.9999950287823665
Racgap1,45.10417301590076,0.13689168957935907,0.304932512607523,0.4489245453322704,0.6534860889097331,0.9999950287823665
Rack1,149.00414782055535,0.7564642723827711,0.2579232252108227,2.9329048276457006,0.003358068131673616,0.4983786650432418
Rad21l,0.8770434241938094,-0.8604983809072555,2.1205616128646274,-0.40578796470092854,0.6848984024880397,0.9999950287823665
Rad23b,1274.0877696408706,0.11262512922823927,0.11820163333733057,0.9528221061617926,0.34068021177078867,0.9999950287823665
Rad50,27.676730070967537,-0.21489218575700925,0.38998353344812325,-0.5510288700063662,0.5816138840380931,0.9999950287823665
Rad51,14.376535944892893,0.4297507197300352,0.5780471385490868,0.7434527239572892,0.4572076337380663,0.9999950287823665
Rad51b,18.23223026985616,-0.17247891978282157,0.507805374414359,-0.3396555619005367,0.7341159306005045,0.9999950287823665
Rad51d,114.99088761537966,0.031411362738868596,0.2095328706834082,0.14991138448310246,0.8808345297037129,0.9999950287823665
Rad54l,12.587243102482125,-0.28579575922114075,0.5648922124342148,-0.505929720626877,0.612905987280808,0.9999950287823665
Rad9a,95.93299935756528,0.0719308060342416,0.22822608315742038,0.31517346763834553,0.7526299494830957,0.9999950287823665
Rae1,162.58964400590486,0.059701061228209215,0.18765220476887132,0.31814740094176996,0.7503731293049593,0.9999950287823665
Raf1,1102.118307053996,0.09493381991704188,0.12318489304194927,0.770661219673367,0.4409077639723482,0.9999950287823665
Rag1,4.5073268457446884,0.16862406748169537,0.9099131876448461,0.18531885214033417,0.8529789522583022,0.9999950287823665
Rag2,1.0485047753700354,-1.7535096618203747,2.1148648847208533,-0.8291355511592531,0.40702770880894945,0.9999950287823665
Rai14,37.96503929051431,0.02264666925662887,0.3406214092719984,0.06648633538634881,0.9469906364196561,0.9999950287823665
Rala,498.68968049111504,-0.030664756033843974,0.1319413411848429,-0.2324120382472409,0.8162179997199144,0.9999950287823665
Ramp3,118.53876552051086,0.08928528485756332,0.2110288050284972,0.42309524922678815,0.6722257684147901,0.9999950287823665
Ranbp1,430.823944115057,0.18505546428602443,0.13520839734807708,1.3686684253021826,0.17110294443712493,0.9999950287823665
Ranbp2,354.5952189432497,-0.01748486543275704,0.14349335861840684,-0.12185139159823209,0.9030167125467392,0.9999950287823665
Rangap1,785.9727713408948,0.17842757956347963,0.12407460725680637,1.4380668495220372,0.15041508748302845,0.9999950287823665
Rap1a,955.7724801733622,-0.3034806712147079,0.13493883413680477,-2.249023960789751,0.02451097167242259,0.9999950287823665
Rap1gap,1336.5216532838283,-0.12547777860354473,0.12910633974147964,-0.971894787310982,0.33110289331136966,0.9999950287823665
Rap2a,627.6331293598314,-0.03896657166322714,0.1435548929659911,-0.2714402195434642,0.786052472021569,0.9999950287823665
Rapgef1,362.7036130648764,-0.06612526371175052,0.15135241010018718,-0.4368960075890377,0.6621867674579066,0.9999950287823665
Rapgef3,327.28171804612236,0.007078126627003295,0.16702180666108124,0.04237845804988896,0.9661970009049836,0.9999950287823665
Rapsn,8.11254329007345,0.07715062489853293,0.693495258063913,0.11124895808793357,0.9114189296068905,0.9999950287823665
Rara,125.1768567398076,0.005708746615336462,0.22169964117198615,0.025749913645136815,0.9794568117066932,0.9999950287823665
Rarb,13.349746287002313,-0.0637298094911484,0.5455843195750862,-0.11681019267705983,0.9070104664621734,0.9999950287823665
Rarg,26.872935304661564,-0.1618934582948395,0.4101561110867618,-0.39471180342987405,0.6930555907617671,0.9999950287823665
Rasd1,13.551222099114717,0.8700250402698584,0.5450872870410831,1.596120586470924,0.11046187328557053,0.9999950287823665
Rasgrf1,953.3245040519552,-0.025633052900064412,0.1539351269349568,-0.16651854200175709,0.8677488924687358,0.9999950287823665
Rassf5,126.14824421164447,0.244231479956339,0.20847746333796263,1.171500631511501,0.24139760413348033,0.9999950287823665
Rax,0.18311118095946377,-0.8696279726090034,4.441901790678799,-0.19577829803303895,0.8447836970135787,0.9999950287823665
Rb1,321.0647455457037,-0.1560700486230294,0.16211505987901487,-0.9627115996472085,0.33569227392172696,0.9999950287823665
Rb1cc1,241.60693959165496,-0.07593824109721611,0.16086814793721319,-0.4720526845802614,0.6368891839649975,0.9999950287823665
Rbbp4,2649.1785902911047,-0.002071779816523491,0.10804929299005735,-0.019174394937634023,0.9847019837271375,0.9999950287823665
Rbbp7,575.906390901117,0.1369332335930109,0.1297833088775098,1.0550912500023346,0.2913835934629193,0.9999950287823665
Rbck1,204.14515785150954,0.019440570959013095,0.16769217530535413,0.11593010182862354,0.9077079387268052,0.9999950287823665
Rbfox2,228.39325236916238,0.07899408900166295,0.17014886940182158,0.464264554207007,0.6424582159899509,0.9999950287823665
Rbfox3,648.9947070038576,-0.03642579827461577,0.13632692368216637,-0.2671944564636341,0.7893194441447764,0.9999950287823665
Rbl1,10.663412728658743,-0.021954655769304516,0.6456699028333314,-0.0340029102687968,0.9728748299856541,0.9999950287823665
Rbl2,212.38735489956676,0.07346328364985504,0.17810136784727226,0.4124801765298748,0.6799875075852513,0.9999950287823665
Rbm8a,179.33093951692229,-0.005278356483416516,0.17516717085904923,-0.030133251896063452,0.9759607815870065,0.9999950287823665
Rbms1,75.16483263006887,-0.10665306075002916,0.25809857385283863,-0.41322607544061857,0.6794409854235026,0.9999950287823665
Rbp1,58.454977304167215,-0.05915447764643344,0.2821559206977781,-0.20965173263117445,0.8339394999935014,0.9999950287823665
Rbp3,0.2687473446105237,1.8201492506551062,4.237876475280358,0.42949558847976893,0.6675626036306206,0.9999950287823665
Rbpj,375.01560270665044,0.04450877743761337,0.14796211900861989,0.30081197630739803,0.7635578753791745,0.9999950287823665
Rbpjl,1.1301134122676222,-0.18585852017810683,1.8483999254669068,-0.10055103206691532,0.9199068703553729,0.9999950287823665
Rcan1,215.86216907575604,0.2531692733396636,0.17538861433465244,1.4434761019127547,0.14888639982208263,0.9999950287823665
Rcc2,134.32501174950525,0.7806098400212118,0.2509498934491097,3.110620328593653,0.0018669481363851345,0.3557310595410799
Rcn2,329.84540729663263,-0.0243182495309469,0.15409005624979677,-0.15781842205005342,0.8745998818790107,0.9999950287823665
Rcor1,115.23874052277887,0.15663492545312258,0.2119707138140814,0.7389460677596548,0.4599397471485567,0.9999950287823665
Rcor2,82.1505050904649,-0.2845767159934827,0.24350393788395247,-1.168673979018378,0.24253500960469654,0.9999950287823665
Rdx,1927.4823217312644,-0.020913043725837188,0.1236649356608662,-0.16911053738942045,0.865709696668678,0.9999950287823665
Rec114,1.907552621984835,1.0307700155281645,1.4004627458418835,0.7360210177590412,0.46171790705929394,0.9999950287823665
Rec8,12.102460777895667,1.0802918577059049,0.6384637491998146,1.692017532804067,0.09064263073570769,0.9999950287823665
Rel,61.58473509640737,0.021377239966725747,0.2701719799104052,0.07912456344960309,0.9369335459537467,0.9999950287823665
Rela,213.07996314402737,0.18008064784654645,0.18214340996491113,0.9886750658793418,0.3228221459721121,0.9999950287823665
Relb,90.79235851869385,0.0029429519222681846,0.2329117915929455,0.012635478445039455,0.9899186150888409,0.9999950287823665
Reln,38.27415114179741,-0.5469309312118725,0.3443190666094519,-1.5884421870608627,0.11218638427695019,0.9999950287823665
Ren1,0.7396142151495487,-1.1567258311574968,2.3858297534008757,-0.4848316731353713,0.627795753331571,0.9999950287823665
Rest,62.685441745939585,0.1832549447492041,0.2836159036936078,0.6461377601277806,0.5181901430045537,0.9999950287823665
Ret,6.379370022707854,-0.24794330422382257,0.7688625038721243,-0.3224806814939437,0.7470885706503547,0.9999950287823665
Retn,1.7296144595494871,-0.051382892693684505,1.5931438960863098,-0.03225251204232765,0.9742706793833869,0.9999950287823665
Retreg3,200.0998224826278,0.057505887751122746,0.18974018806730442,0.30307700407003035,0.7618311785577526,0.9999950287823665
Rev1,356.77609746882626,0.11606069893754196,0.14003002117011662,0.8288272612381075,0.4072021598617964,0.9999950287823665
Rflna,1.362663825820631,0.9799923371005481,1.7589258287164877,0.5571538726085238,0.577422302485731,0.9999950287823665
Rfx2,2.676616690857646,0.08627416962512312,1.165156189880104,0.07404515409560743,0.9409744560755658,0.9999950287823665
Rfx3,147.36866772244494,-0.10174202628668863,0.19469629419328793,-0.5225678624662602,0.6012750097647168,0.9999950287823665
Rfx4,29.97875140487945,0.028206295878611835,0.36978723619192755,0.07627709428016104,0.9391986488601611,0.9999950287823665
Rfx5,44.43581772874498,-0.2609121316642305,0.31034917188254246,-0.8407051002635755,0.4005131626178179,0.9999950287823665
Rfx6,0.2709881817203719,0.010035929001538433,3.8206954392682,0.0026267283433250234,0.9979041764195309,0.9999950287823665
Rgcc,231.9552084155139,-0.17196605087469294,0.19476474793180798,-0.8829423840853509,0.3772674020230007,0.9999950287823665
Rgmb,189.92844372706875,-0.1896934715931421,0.17134033320546324,-1.1071151085347233,0.26824416412804086,0.9999950287823665
Rgr,0.3411412067255539,-0.6177680891974539,3.456440796226646,-0.17872954452796175,0.8581500695221761,0.9999950287823665
Rgs18,1.252674778786126,0.021867821032156978,1.7067509186193943,0.012812543877138234,0.9897773487505074,0.9999950287823665
Rgs20,650.9229638497618,0.055079638295835086,0.13589089134555474,0.4053225183119446,0.6852404562879161,0.9999950287823665
Rgs3,319.3289654432236,-0.26989620676800047,0.17104008304675325,-1.577970508200848,0.11457238522902526,0.9999950287823665
Rgs6,563.3130096190719,-0.008614922551341029,0.1366963262764336,-0.06302234146307295,0.9497487137671611,0.9999950287823665
Rgs9,55.91413735223514,-0.2796921923709067,0.31603687124943003,-0.8849986119188018,0.37615738001343535,0.9999950287823665
Rhbdf2,0.5652953949952008,2.6167313423968497,2.9985837008591623,0.8726557613339581,0.38285073730558117,0.9999950287823665
Rhbdl3,29.1996191260175,-0.016592075465853378,0.3720683983216972,-0.04459415403376334,0.9644308024313163,0.9999950287823665
Rheb,1001.7264916612877,-0.024235550126814897,0.12453654433541855,-0.19460593078237706,0.8457014597373411,0.9999950287823665
Rho,0.9842879779399997,-0.1834874742359413,2.0620355327868065,-0.08898366265685105,0.9290948939201582,0.9999950287823665
Rhoa,1894.7706751538535,0.17228595400945076,0.11306197263583755,1.523818751724493,0.12755399395851222,0.9999950287823665
Rhoc,390.38032035978335,0.09685285383396745,0.18297560765850474,0.5293211213962907,0.5965827060395386,0.9999950287823665
Rhod,3.8539035559014305,0.7285937169576521,0.9867829086502329,0.7383525905958953,0.46030021614843475,0.9999950287823665
Rhog,846.2635104166203,-0.2181986712935821,0.1567800089566402,-1.3917505984702945,0.1639979343349981,0.9999950287823665
Rhoj,56.578742951434286,0.9171747150016294,0.37809575448255334,2.4257736410101667,0.015275794779192753,0.8381762178844023
Rhot2,191.7551697857606,0.01175306805831065,0.17024947490822653,0.06903438653567756,0.9449622482823341,0.9999950287823665
Rhox13,1.2110151396076698,-2.3277272757240017,2.050035622325703,-1.1354569893196618,0.25618389324044877,0.9999950287823665
Rhox5,0.18140573351686404,-0.8696279726090038,4.441901790678799,-0.19577829803303906,0.8447836970135786,0.9999950287823665
Rhpn1,19.365634433835098,0.2664449125119753,0.46289320780706694,0.5756077384981398,0.5648803492541349,0.9999950287823665
Rhpn2,71.78681963185332,-0.12285413210808162,0.2803079997134362,-0.4382826470656477,0.66118140357343,0.9999950287823665
Ric8a,301.43240251806196,0.013965673714386893,0.1559293796347776,0.08956409463757059,0.9286336180220733,0.9999950287823665
Ric8b,258.32091131040113,-0.09095459367635839,0.1646161829270467,-0.5525252260081072,0.5805885561549499,0.9999950287823665
Rictor,204.17064295350005,-0.13833528332984896,0.18304816423139814,-0.755731607092077,0.4498101296611081,0.9999950287823665
Rif1,279.06398764499187,0.20800859834010674,0.17812891780228096,1.167741885520191,0.2429108959797247,0.9999950287823665
Rims2,291.7816870425273,-0.13902776760719476,0.17359017995008957,-0.8008965002926308,0.42319156633120625,0.9999950287823665
Ring1,103.94681223170907,-0.07555927679429705,0.22263281005608285,-0.3393896738547347,0.7343161965399412,0.9999950287823665
Riok3,637.6997127090134,-0.03210460632377718,0.12411816744014334,-0.2586616205017674,0.7958963343606541,0.9999950287823665
Riox1,64.45403759751854,0.05946612517311592,0.26037162958411675,0.2283894188783135,0.8193435146142707,0.9999950287823665
Riox2,25.42838155011557,-0.10080438355964294,0.40041193210559184,-0.25175169738213504,0.8012329948448305,0.9999950287823665
Ripk1,38.06751577704045,0.06130208112052749,0.36423102722265943,0.16830548893093802,0.8663429559191761,0.9999950287823665
Ripk2,55.12549519625707,0.23925315003810213,0.3180287843889761,0.7523003004202139,0.4518704872384264,0.9999950287823665
Ripk3,0.7923831004272679,0.3096246163385369,2.3087395914484037,0.13410980497124483,0.8933157464401611,0.9999950287823665
Rita1,18.048916516749518,-0.19281565104583065,0.465157088566254,-0.41451727982936504,0.6784953147307939,0.9999950287823665
Rlim,451.3874293253032,0.156644019386718,0.15212251138726104,1.0297228066919462,0.30314014632164166,0.9999950287823665
Rln1,1.655454615526966,-0.5900650529551352,1.5337723152339622,-0.3847148935304172,0.7004486594971383,0.9999950287823665
Rln3,0.4101228382072324,0.24486712757251475,3.318725845487363,0.07378347563884277,0.9411826757120761,0.9999950287823665
Rmdn3,188.2023535344886,-0.03211523135556173,0.18572573040628684,-0.17291751275015915,0.8627162658277402,0.9999950287823665
Rnase1,3.1695195594859684,0.3668185661669433,1.0833544222678186,0.338595162051465,0.7349147276696053,0.9999950287823665
Rnase4,82.80658284099715,0.8498725287260169,0.29314325738357944,2.8991713345599983,0.0037415037787486794,0.5089399641251896
Rnaseh2b,124.51237623081204,-0.31796149387825695,0.23211149595613906,-1.369865342379856,0.1707289401620543,0.9999950287823665
Rnaset2a,420.22213682405254,0.3160019293266722,0.15897622891959598,1.9877306907719754,0.04684148270891915,0.9999950287823665
Rnd2,630.9557349609354,0.025696976384118952,0.12603905830627107,0.20388105662989073,0.8384464487764987,0.9999950287823665
Rnf10,1404.8696147213366,0.14346412128419223,0.11491589058513035,1.2484271805552702,0.21187466032064473,0.9999950287823665
Rnf13,4169.521608132536,-0.047458893445862176,0.12232706101677245,-0.387967249857781,0.6980402698739632,0.9999950287823665
Rnf130,759.6033383177551,-0.14817941959412304,0.12769462264245768,-1.1604202003793251,0.2458777662471352,0.9999950287823665
Rnf14,2811.1432438592024,0.06655023578545366,0.11765908985837305,0.565619161813682,0.571652698923422,0.9999950287823665
Rnf144a,664.0343576135975,0.4147595538653824,0.15508197536683901,2.67445364223849,0.0074851123980505755,0.6294053895385405
Rnf19a,223.17352612397545,-0.018865226766339418,0.1626571424805924,-0.1159815454681945,0.9076671676633046,0.9999950287823665
Rnf2,197.93541590246772,-0.011891457407442194,0.1820021047278309,-0.06533692247803884,0.9479057452492224,0.9999950287823665
Rnf20,113.52108722841582,0.0009832500401480491,0.21490421466716775,0.0045752943546074915,0.996349456009668,0.9999950287823665
Rnf219,72.69561104430339,-0.07073489094539033,0.2479928516538522,-0.28522955590720783,0.7754682780899276,0.9999950287823665
Rnf220,500.1414448841701,-0.14077727542577634,0.13482149346453678,-1.0441753151385031,0.29640428547025055,0.9999950287823665
Rnf31,42.57379779255918,-0.10716554793370725,0.3193488139238892,-0.33557521826039455,0.7371912143316592,0.9999950287823665
Rnh1,452.8950225706642,-0.0605170727777975,0.14623836421920988,-0.41382487489454545,0.6790023652999505,0.9999950287823665
Robo1,98.35572918583345,-0.09971993238584675,0.23960952587912915,-0.4161768277783347,0.6772806146366465,0.9999950287823665
Robo2,217.7394046415128,-0.23309655511863114,0.18077781451843072,-1.289409077875905,0.19725590712431373,0.9999950287823665
Robo3,21.046564776602096,0.012939755446307972,0.4355837222014142,0.029706701115714836,0.9763009675642914,0.9999950287823665
Rock1,211.42824807198107,-0.06230945269059119,0.1775581651956934,-0.3509241753085117,0.7256452341810921,0.9999950287823665
Rock2,1129.4206498876822,0.11258425954219466,0.12302627189801629,0.9151237195541645,0.360126684079382,0.9999950287823665
Ror1,1.3845283040196377,-0.28834667300041805,1.6178161935682691,-0.17823203534910737,0.8585407519197827,0.9999950287823665
Ror2,1.057297136175151,0.1245675582991899,1.8850509574302137,0.06608179890744492,0.9473127015415247,0.9999950287823665
Rora,263.5031323160794,-0.1485539617264974,0.1712408827212573,-0.8675145757588202,0.38566012902241675,0.9999950287823665
Rorb,294.3509411030472,-0.2884217051202569,0.17792050328413433,-1.62107064557734,0.10500248860910959,0.9999950287823665
Rorc,3.4207319522148727,-0.7402327784141431,1.08181449204035,-0.6842511205576766,0.49381660661730076,0.9999950287823665
Ros1,0.6014923260527159,1.3364690297710466,2.703768897588692,0.49429854414071883,0.6210953531603451,0.9999950287823665
Rp1l1,0.5442172005505921,-2.4969978534054422,3.3775643612889485,-0.7392894957159413,0.45973122642019415,0.9999950287823665
Rp2,167.7010555053088,-0.03174637309231013,0.188608234382921,-0.16831912560009024,0.8663322284618863,0.9999950287823665
Rpa1,319.95822703282346,0.019341248572607102,0.15118413937338185,0.1279317304895305,0.8982030000605628,0.9999950287823665
Rpe65,15.961411378855118,0.05454733566019312,0.48941942346920175,0.11145314845401856,0.9112570161715114,0.9999950287823665
Rph3a,937.7746510472199,0.07732244268403084,0.1443702048342619,0.5355844910852456,0.5922457496471631,0.9999950287823665
Rph3al,3.801191346820028,-0.28235239638825277,0.9902192559788556,-0.28514129035911406,0.775535897369755,0.9999950287823665
Rpn1,598.7808698621237,0.10240740311770213,0.1279403136343749,0.8004310776535989,0.4234610811261412,0.9999950287823665
Rprml,243.79129123431514,-0.09780435307593249,0.1798488271831585,-0.5438142389237172,0.586569309395947,0.9999950287823665
Rptor,218.18483599505157,0.09714202742623367,0.16531502794660372,0.5876176451278844,0.5567889646177704,0.9999950287823665
Rragd,381.2723791948758,0.1749129085499463,0.14137289593072147,1.2372449994634107,0.21599614001925616,0.9999950287823665
Rras2,95.62563674418531,0.18721574681248823,0.2249970366781672,0.8320809446049691,0.40536325685811847,0.9999950287823665
Rsad1,126.8383273513694,0.5316353788521684,0.2422134439043688,2.194904503575242,0.02817044870816351,0.9999950287823665
Rsbn1,310.55318331815647,-0.06062144858512576,0.15919875355277824,-0.3807909750061472,0.7033583565595456,0.9999950287823665
Rsf1,382.5292672591633,-0.024982166260183538,0.14399470493673938,-0.17349364527785138,0.8622634224755982,0.9999950287823665
Rsph1,9.906837746804497,0.4398794224560772,0.6352533209906778,0.6924472614642693,0.4886564945767766,0.9999950287823665
Rsph10b,15.969820873150894,-0.6781045140253065,0.5184959207049069,-1.3078299885241296,0.1909309802467769,0.9999950287823665
Rsph9,43.394775599052146,-0.0025878556328723734,0.30899968254596977,-0.008374945927290326,0.9933178380613079,0.9999950287823665
Rspo1,51.30227699624984,0.1999974060811257,0.3140351519690233,0.6368631181163236,0.5242140083792179,0.9999950287823665
Rspo2,54.3641497715133,-0.04141518120189259,0.28425354760733096,-0.14569802751979616,0.8841597785646074,0.9999950287823665
Rspo3,82.2546890333927,-0.2851915390707127,0.24314269972591673,-1.1729389341822547,0.2408202948940802,0.9999950287823665
Rsrp1,3177.4007645881898,-0.0859127662101794,0.1434096719428814,-0.5990723292665893,0.5491246529253291,0.9999950287823665
Rtbdn,1.1307287083877435,1.2848922888003325,1.9305255953975782,0.6655660468131311,0.5056885146275643,0.9999950287823665
Rtcb,541.2726224538279,0.12084200262394282,0.13147307671747585,0.9191387745768035,0.35802299032549656,0.9999950287823665
Rtf1,163.81045646337432,0.09464014361003889,0.1796789786844319,0.5267179516656441,0.5983894674342587,0.9999950287823665
Rtkn2,102.920905746323,-0.27514914031861526,0.2872710639166268,-0.9578031861867938,0.33816201224803444,0.9999950287823665
Rtn2,159.6576411307048,0.04803594698634576,0.1977783736587946,0.24287765187723165,0.8081001784977093,0.9999950287823665
Rtn3,3322.1906462226507,-0.05443184700805737,0.11207364955788654,-0.48567925844105825,0.6271945917933612,0.9999950287823665
Rtn4,2588.714480862647,0.057323416203211366,0.12795943109471564,0.4479811742893773,0.6541667832119643,0.9999950287823665
Rtn4r,476.04880205424814,-0.0015517447698675407,0.15246060973878842,-0.010178004486051535,0.9918792675678875,0.9999950287823665
Rubcn,329.5814062600712,0.01652339816169059,0.15225537910134077,0.10852423250473575,0.9135798592716879,0.9999950287823665
Rundc1,100.5039999947121,0.23214715381411402,0.23931916773552245,0.9700315942543541,0.33203074404468513,0.9999950287823665
Runx1,5.662998790928465,0.6250611045040605,0.8462092237199293,0.7386602355340641,0.4601133375678407,0.9999950287823665
Runx2,54.614137016815306,0.1817675112133178,0.29301920059791275,0.6203262818355139,0.5350429951742477,0.9999950287823665
Runx3,0.3411412067255539,-0.6177680891974539,3.456440796226646,-0.17872954452796175,0.8581500695221761,0.9999950287823665
Ruvbl1,262.1079359281992,-0.013794723649508954,0.1633909993186358,-0.08442768394241393,0.932716397255669,0.9999950287823665
Ruvbl2,253.73889263637113,-0.09256904658314931,0.16161593461842766,-0.572771780218969,0.5667992286741728,0.9999950287823665
Rxfp1,47.086069922572044,0.11127514832623178,0.3096532007248477,0.3593541034478403,0.7193302048324397,0.9999950287823665
Rxfp2,7.450749521146502,-1.5443540855882514,0.7973624349652964,-1.9368282450570504,0.052766342038562904,0.9999950287823665
Rxfp3,4.591273075672557,-0.43766007654664624,0.9254276126157335,-0.4729274019710674,0.6362649744617861,0.9999950287823665
Rxra,141.23665688373796,0.11108030149515062,0.19588775408397965,0.567060978439362,0.5706727531919278,0.9999950287823665
Rxrb,553.312093589433,0.13140163772119118,0.1300101047529284,1.01070326780297,0.312158472556854,0.9999950287823665
Rxrg,7.943278525464301,-0.8460913905486837,0.7643554221234428,-1.1069345046289742,0.2683222463933018,0.9999950287823665
Rybp,144.97536170979035,-0.03537713055613602,0.1873542283464212,-0.1888248312748143,0.8502301093809876,0.9999950287823665
Ryk,289.07445707598254,-0.03674990437599838,0.16894561310439946,-0.21752505851269946,0.827799180616647,0.9999950287823665
Ryr1,15.665923736568542,-0.1974548516406974,0.5057417764552884,-0.3904262230908543,0.6962214001786606,0.9999950287823665
Ryr2,693.4691224954427,-0.028686378464881614,0.13599404322834321,-0.21093849248025692,0.8329352671823684,0.9999950287823665
Ryr3,11.08401854262618,0.6206463135735202,0.6351313945957194,0.9771935679050798,0.32847333174103466,0.9999950287823665
S100a1,956.1156857912564,0.5467599866325057,0.17086193174609474,3.2000105643485597,0.0013742255040056204,0.33660795345641653
S100a10,320.9960172972872,-0.04680811512800646,0.16596438973110048,-0.28203709966846563,0.7779150631093645,0.9999950287823665
S100b,284.8945403682148,0.20635139267046793,0.17254477331510015,1.1959295474782674,0.23172405345574454,0.9999950287823665
S1pr1,598.35539633161,-0.14398166136640103,0.1619976741594246,-0.8887884478187402,0.3741167855420242,0.9999950287823665
S1pr2,9.99773297169754,0.5513282799045017,0.6416961456050442,0.8591734322864973,0.39024483872219873,0.9999950287823665
S1pr3,11.36937059814376,0.06891957284735299,0.6672468437789275,0.10328946999138965,0.9177332326485197,0.9999950287823665
S1pr5,493.5140060695774,-0.564268748198555,0.1963126310056523,-2.874337455047956,0.004048761143627803,0.5096420870868265
Saa1,0.3583297928140316,2.1392654395547632,3.8224688848224453,0.5596554227161833,0.5757144936342623,0.9999950287823665
Saa2,0.7256229340674561,-2.913047274706352,3.1146734931826714,-0.9352656967359069,0.3496513889175349,0.9999950287823665
Sacm1l,578.5936115767614,-0.030694943455306326,0.1274394696460608,-0.2408590018504924,0.8096643985461072,0.9999950287823665
Sag,11.411158726731431,-0.2529007899942768,0.656571902707,-0.3851836926794834,0.7001013243750656,0.9999950287823665
Sall1,179.2164708475001,-0.29184127244159447,0.21020204772984705,-1.3883845357047646,0.16501998279702135,0.9999950287823665
Sall3,20.17374347375542,-0.1617520637023165,0.4399728291719222,-0.3676410291216207,0.7131409173234382,0.9999950287823665
Sall4,0.12577937926102303,-0.8696279726090034,4.441901790678799,-0.19577829803303895,0.8447836970135787,0.9999950287823665
Samd11,0.9754942813867316,-0.28442639996729235,2.135136759081674,-0.13321226322271956,0.8940255126359617,0.9999950287823665
Samd14,46.90777437661191,0.04452049597739884,0.3271332844315227,0.1360928346217186,0.8917478919704324,0.9999950287823665
Samd8,541.4136586555164,0.100813922957547,0.1335571539741026,0.7548373109020827,0.45034660379867086,0.9999950287823665
Samhd1,126.2575136242255,-0.06680809689147862,0.2147583978537115,-0.31108491010901823,0.7557360724069645,0.9999950287823665
Sap130,247.4045808803305,0.12293326821642579,0.1574733896726217,0.7806605831753359,0.43500214945256277,0.9999950287823665
Sap18,210.0133013528958,-0.11147449159382465,0.17083618747224563,-0.6525227075319449,0.5140640290180172,0.9999950287823665
Saraf,1200.1276290881376,0.21245525848049476,0.12038020394110555,1.764868736926511,0.07758582901081382,0.9999950287823665
Sardh,46.56731213204993,0.44039642598370704,0.3098159303634115,1.42147766729466,0.15517794151733294,0.9999950287823665
Sarm1,66.51099486485417,0.04459113976253978,0.25449478616475096,0.17521435481854253,0.8609112052987429,0.9999950287823665
Sart3,238.21662544180512,0.13891486484307564,0.17032511365405437,0.8155865090172447,0.4147366680747123,0.9999950287823665
Sass6,181.96855191081218,-0.03202717689089865,0.19615008367749012,-0.1632789356519354,0.8702988182423835,0.9999950287823665
Satb2,117.88762561191099,-0.13037644535713888,0.21093470522514782,-0.6180891153875199,0.5365165968420362,0.9999950287823665
Saysd1,12.221653592200846,-0.14691303844122988,0.5744813166922806,-0.2557316211554421,0.7981580766988503,0.9999950287823665
Scamp4,151.81435162609964,0.05195060121858367,0.195840357346194,0.26527015127300213,0.7908013568871409,0.9999950287823665
Scarb1,51.78532657173994,0.03681346724640154,0.2934480672672462,0.1254513876653859,0.9001662079344876,0.9999950287823665
Scarb2,1676.9907978463527,0.11019083431154006,0.1172521178712109,0.9397769209812747,0.3473319994038371,0.9999950287823665
Scgb1b27,0.452393915237236,-1.01636677170274,3.1394991257764424,-0.3237353255995503,0.7461384239179836,0.9999950287823665
Scimp,0.0,,,,,
Scin,0.2469958421013245,1.2368956898123245,4.413469574143697,0.2802547222844076,0.7792820857173672,0.9999950287823665
Scmh1,115.11887639431596,-0.13289771493486593,0.20734289123720748,-0.6409562157731578,0.5215511303342121,0.9999950287823665
Scn10a,1.264879370224594,0.12166163204804635,1.843492374586687,0.06599519136894887,0.9473816538419263,0.9999950287823665
Scn1a,620.2125695112712,-0.09372021817406882,0.17835928782180913,-0.5254574590346007,0.5992652189239902,0.9999950287823665
Scn2a,754.0402733266097,0.10274923602741014,0.14049592126736152,0.73133251912616,0.4645760721277452,0.9999950287823665
Scn3b,91.97358458224745,-0.10012324208007838,0.2502338198980842,-0.40011874542320786,0.6890690580693077,0.9999950287823665
Scn4a,0.18311118095946377,-0.8696279726090034,4.441901790678799,-0.19577829803303895,0.8447836970135787,0.9999950287823665
Scn4b,314.4959161738156,-0.014315542472711145,0.2095317050750053,-0.06832160539898563,0.9455296256903213,0.9999950287823665
Scn5a,1.4780570367755936,-0.8292806573753566,1.581733985936176,-0.524285793154108,0.600079776682657,0.9999950287823665
Scn8a,874.2119890933242,0.02175349381223232,0.13233436625449563,0.1643828011417504,0.8694298020993076,0.9999950287823665
Scn9a,1.969788511880413,0.2886502304701434,1.5336535602712826,0.18821084366607868,0.8507113723777107,0.9999950287823665
Scnn1a,21.54801666491134,0.09809846906036675,0.5032330344598812,0.19493646549983665,0.845442686426119,0.9999950287823665
Scnn1b,0.6799603341402346,-1.1503592058829042,2.554395748554094,-0.45034494225652416,0.6524617379156458,0.9999950287823665
Scnn1g,1.6716673617309254,-1.1031330793778191,1.5052857614509778,-0.7328396425636053,0.46365623953119806,0.9999950287823665
Scrib,387.70723277657345,0.13412386742353294,0.13875905028493465,0.9665954555621158,0.3337463072789224,0.9999950287823665
Scrt1,422.40618481664154,-0.06689536299778624,0.14558903986137248,-0.45948076216096295,0.6458889638352725,0.9999950287823665
Scrt2,36.744088271798226,-0.15709359943822143,0.3327169320777753,-0.47215390709812,0.6368169370861557,0.9999950287823665
Sct,0.3411412067255539,-0.6177680891974539,3.456440796226646,-0.17872954452796175,0.8581500695221761,0.9999950287823665
Scx,13.069688948636816,-0.02275019373156072,0.5375908096002243,-0.042318792146909555,0.966244564738009,0.9999950287823665
Sdc1,6.165172733832834,1.4504755345900395,0.8834884138018853,1.6417595431141627,0.10063984642520928,0.9999950287823665
Sdc2,79.33592034000394,0.16280514913267904,0.2396214348921749,0.6794264845544317,0.49686767355242845,0.9999950287823665
Sdcbp,955.2709800179388,0.15179852847693365,0.12698992031077613,1.195358876558428,0.2319468455075543,0.9999950287823665
Sdccag8,338.74818566429593,-0.10537223764879873,0.15661063991464766,-0.6728293665502312,0.5010558526841915,0.9999950287823665
Sdha,2469.82391303573,0.08819611386963822,0.1124609145451167,0.784237921471428,0.4329005177262779,0.9999950287823665
Sdhb,1351.6315447989023,0.08550628202208224,0.11782214519026288,0.7257233509371606,0.46800838380231535,0.9999950287823665
Sdhc,852.0328514820832,-0.062365701048615,0.12254111308383116,-0.5089369557623508,0.6107964151017353,0.9999950287823665
Sdk1,19.941759922342072,-0.22895638979977992,0.44806769205721086,-0.5109861609270993,0.6093607472887694,0.9999950287823665
Sdk2,168.30342407371168,0.14512647169541995,0.1936712904541369,0.7493442696391143,0.4536497317682975,0.9999950287823665
Sdr16c5,0.18140573351686404,-0.8696279726090038,4.441901790678799,-0.19577829803303906,0.8447836970135786,0.9999950287823665
Sec1,3.7748202516937908,0.7076978286039963,1.048971645730325,0.6746586826103161,0.49989264058984195,0.9999950287823665
Sec22b,422.53586755654516,0.17773341891033048,0.15710110342864686,1.1313314485474288,0.2579156125385059,0.9999950287823665
Sec23a,498.4895786472585,0.0258499033562948,0.13455752153493145,0.19211043025628338,0.847655704924451,0.9999950287823665
Sec24c,368.4321610641052,0.08491085907792685,0.1513039054396121,0.5611941002528594,0.5746652244276766,0.9999950287823665
Sec61a1,290.2222533405928,0.05552398233117229,0.15564590094456074,0.3567326989931414,0.7212919237442326,0.9999950287823665
Sel1l,958.4902962692523,0.30821288225800675,0.1368742636820187,2.2517957281877017,0.024335183771515084,0.9999950287823665
Sele,0.12577937926102303,-0.8696279726090034,4.441901790678799,-0.19577829803303895,0.8447836970135787,0.9999950287823665
Selenof,783.6131347059346,0.06913038982827191,0.1264652162771586,0.5466356035541595,0.5846291037193552,0.9999950287823665
Selenoh,21.469647926488623,0.143022757464849,0.4509129952529627,0.3171848205098038,0.7511033671980801,0.9999950287823665
Selenoi,196.17946752461,0.014103714378043293,0.17909281980908667,0.07875086445720092,0.9372307870853874,0.9999950287823665
Selenok,14.796338723080543,0.36728906770707703,0.5613482192312325,0.6542980900697969,0.5129197761449134,0.9999950287823665
Selenon,97.26347159684148,0.01971061076112537,0.23041100744515197,0.08554543890798,0.9318277728144515,0.9999950287823665
Selenoo,170.53343401463763,-0.20458389517391817,0.17789039625138872,-1.1500558742069869,0.2501208589622431,0.9999950287823665
Selenop,2597.3418732358195,-0.059865559797575976,0.17437538455090493,-0.3433142811513032,0.7313620381883579,0.9999950287823665
Selenos,594.4216142818861,0.1922821064753642,0.14660551178130257,1.3115612376306782,0.18966821895877561,0.9999950287823665
Selenov,2.3726495908222778,0.1852418262145608,1.283345796804853,0.14434287833860332,0.8852297207895715,0.9999950287823665
Sell,2.1841375719549165,-0.7327914973767771,1.441426163951093,-0.5083794894967928,0.6111872339055913,0.9999950287823665
Selp,0.0895824482035079,0.9694711599089978,4.453824094096601,0.217671632158531,0.8276849679587712,0.9999950287823665
Selplg,54.25521087672579,0.22778909015651438,0.30722147279752327,0.7414491183910201,0.45842117194154264,0.9999950287823665
Sema3a,92.7781938045378,-0.1448823304334692,0.22731208319901103,-0.6373718827196053,0.5238826386605466,0.9999950287823665
Sema3b,15.645452925375343,0.510667577241942,0.6056134266072957,0.8432236717451108,0.39910336180747186,0.9999950287823665
Sema3c,86.50252242424763,-0.025426697912486838,0.24537266005546274,-0.1036248207389508,0.9174670895991018,0.9999950287823665
Sema3d,388.22263172988596,0.02060405627627246,0.22500391335326544,0.0915719907676594,0.9270381060537356,0.9999950287823665
Sema3e,55.52066433468162,-0.008694978055037599,0.29971819417259,-0.029010511287248297,0.9768562073287522,0.9999950287823665
Sema3f,19.865388303202185,-0.1766294049384053,0.4387746574220634,-0.4025515192152564,0.6872781808242687,0.9999950287823665
Sema4a,21.396628545992964,-0.43873139771551445,0.43682424908941797,-1.004365940375499,0.3152022606458652,0.9999950287823665
Sema4d,927.4905050547222,-0.25575498318800194,0.1538876556790614,-1.6619590574658487,0.09652098396689145,0.9999950287823665
Sema4g,39.32909806242511,-0.19870765708943575,0.3407289636771278,-0.5831839328978491,0.5597694860885806,0.9999950287823665
Sema5a,147.12602628092247,0.14022437902249443,0.21685512180997354,0.6466270100153348,0.5178733726986677,0.9999950287823665
Sema5b,20.783355280785198,0.3770172910560862,0.4595898206392617,0.8203342940269607,0.4120255613884597,0.9999950287823665
Sema6a,1463.312418382944,-0.25498998523114375,0.14867855342974376,-1.7150421452791182,0.0863375002225879,0.9999950287823665
Sema6c,44.00756691792527,0.12426938447149231,0.3203312167885424,0.3879402879224388,0.6980602228968117,0.9999950287823665
Sema6d,496.1699610946002,-0.6236502866688708,0.17980427838337784,-3.468495256487315,0.0005233817664691988,0.22057100212966416
Senp3,92.6515133724318,0.0134446140001017,0.22827931762385967,0.05889545378024415,0.9530353791257452,0.9999950287823665
Sept10,76.04735275778488,-0.07996886616410286,0.24011691895351803,-0.3330413638181959,0.7391030598802601,0.9999950287823665
Sept11,463.1893768422963,0.11044731584348774,0.14102738165388354,0.7831622096945193,0.4335318634255262,0.9999950287823665
Sept2,894.635500151545,-0.04149734109702408,0.129080574606082,-0.3214840127855212,0.7478436257457507,0.9999950287823665
Sept3,186.6031789772325,0.09420275986564947,0.18551788118689108,0.5077826420987926,0.6116057841401904,0.9999950287823665
Sept4,10957.198194791963,-0.3058510854361399,0.11952658352412292,-2.5588540759588674,0.010501781346939175,0.7068398965246528
Sept5,2224.5953835836567,-0.037926983044578734,0.13113933762659072,-0.2892113360567134,0.7724196574412352,0.9999950287823665
Sept6,245.05870300913884,-0.12632606251108522,0.18868657454586163,-0.6695021244364197,0.5031752259840491,0.9999950287823665
Sept7,4655.141189349018,-0.27697509231613177,0.14806352618081126,-1.8706503854156298,0.06139355593925859,0.9999950287823665
Sept8,1997.0079530102018,0.04612333439302508,0.12198712868500573,0.3781000085027365,0.7053563019994542,0.9999950287823665
Sept9,230.35864212225928,0.05494912454813667,0.17042569672577665,0.32242276607237536,0.7471324395129262,0.9999950287823665
Serpina3a,0.0,,,,,
Serpina3c,0.8425519405788938,-0.07071284286519089,2.0975554489824915,-0.033712025538820994,0.9731067894309303,0.9999950287823665
Serpina3f,2.3771312650419745,-0.7770470523333844,1.3053003780001606,-0.5953013309655908,0.5516420664084918,0.9999950287823665
Serpina3i,1.0298939016709043,1.070173726133267,2.0599375693964586,0.5195175533629485,0.6033998753449603,0.9999950287823665
Serpina3n,195.94037544130848,2.4570641197371756,1.0241386430916222,2.3991518495190305,0.016433098397468742,0.8623885366908489
Serpinb13,0.0,,,,,
Serpinb3b,0.6910747742562237,1.6398823254586536,2.443734531596638,0.6710558386173069,0.5021849583691781,0.9999950287823665
Serpinb5,0.7673019452338942,0.9567504233361253,2.323845890404058,0.4117099276190688,0.6805520475536435,0.9999950287823665
Serpinc1,1.6971142547054228,0.7867859593619746,1.455340733916146,0.5406197607379742,0.588769694653404,0.9999950287823665
Serpind1,6.451708544374719,-0.3982172285542772,0.77663228068033,-0.5127487466854184,0.6081270861073687,0.9999950287823665
Serpine1,1.4939570186793594,1.114450099280202,1.6776056705355769,0.6643099262560391,0.5064919692229832,0.9999950287823665
Serpine2,812.2628820461983,0.07531119869800149,0.14693611582991725,0.5125438240464744,0.6082704574514355,0.9999950287823665
Serpinf2,0.5157431867118482,2.576222805649756,3.19710627394089,0.8057983016229839,0.42035915750485064,0.9999950287823665
Serping1,12.741236566006505,-0.49576600259488435,0.5698606380361226,-0.8699776217276801,0.3843126338030084,0.9999950287823665
Serpini1,1082.8980972020354,-0.03716578058593462,0.12422184571514104,-0.29918876484222606,0.7647960212672965,0.9999950287823665
Sertad1,22.706220584590422,0.6110386403865166,0.4679377626110577,1.305811775003938,0.19161657475845284,0.9999950287823665
Sesn1,231.62163313166855,0.013335398467003162,0.1699945325989345,0.0784460433116703,0.937473249081622,0.9999950287823665
Sesn2,143.67671686611152,1.112158156557738,0.29117179427534995,3.8195944058579143,0.0001336712925029622,0.13495453691099063
Set,606.7456683613137,0.16307100349135992,0.1424857783406345,1.1444721388369947,0.25242788595937304,0.9999950287823665
Setbp1,114.32851153264829,-0.3074756786796453,0.2210253446386822,-1.3911331263040738,0.1641850613155068,0.9999950287823665
Setd1a,366.06369835205237,0.16938512310689824,0.15845466515095638,1.0689816102639114,0.2850779559321046,0.9999950287823665
Setd1b,381.7535466987421,0.13309799810018763,0.14063139462960034,0.9464316161462067,0.343928485979934,0.9999950287823665
Setd5,397.49221065474495,-0.11076779417242966,0.15351678281488884,-0.7215354057151778,0.4705801651078704,0.9999950287823665
Setd6,71.82976495072482,0.004470233882662883,0.2612139811019114,0.017113302526172373,0.9863462265856103,0.9999950287823665
Setdb1,168.30329051403007,0.17632919785538803,0.1959821791965597,0.8997205693816641,0.36826897412366444,0.9999950287823665
Setx,181.08402814092696,-0.02575413070521223,0.17808817974748353,-0.14461448672073446,0.8850152587273243,0.9999950287823665
Sez6,283.4123562096991,0.10365978294693227,0.1603918050839089,0.6462910177530747,0.5180909038678859,0.9999950287823665
Sez6l2,910.9323002901907,-0.018354963848308318,0.3608181501874908,-0.05087040061252624,0.9594287918498423,0.9999950287823665
Sf1,1439.5776519556932,0.017616546701317223,0.1139289168176816,0.15462752735118748,0.877114967310836,0.9999950287823665
Sf3a1,521.9797114964998,0.14871542360906798,0.13252494477000729,1.1221692932387841,0.26179046596925626,0.9999950287823665
Sf3b6,401.70038078127874,0.1274909182200568,0.13756302610274523,0.9267818674244224,0.3540398013286965,0.9999950287823665
Sfpq,1609.7704562479757,-0.15146485849857838,0.12595866960896845,-1.202496493244907,0.22917122396256018,0.9999950287823665
Sfrp1,31.05381539029099,-0.5670039328349429,0.371799926418851,-1.5250243277245432,0.12725302986944872,0.9999950287823665
Sfrp2,0.8602140461215765,0.3426499596209495,2.4351954150368122,0.14070737711855036,0.8881011169844317,0.9999950287823665
Sfrp4,12.857802181064008,-0.0825230236615413,0.598668492447219,-0.13784427392229406,0.8903634927953897,0.9999950287823665
Sfxn1,249.20777627063583,0.044004629629383625,0.18126221061690329,0.24276780846718887,0.8081852747515778,0.9999950287823665
Sfxn3,396.5176190868147,-0.05751703000748598,0.14155341347126948,-0.40632739682508595,0.6845020578299381,0.9999950287823665
Sgca,0.4540993626798357,-1.0128503819390418,2.9426053025063625,-0.344201915586962,0.7306944417945913,0.9999950287823665
Sgcd,16.12677364135132,-0.05583703831178829,0.4903717862712882,-0.11386674330585893,0.9093434290555202,0.9999950287823665
Sgk1,3528.3509339479556,-0.2756452242795753,0.8059949449781404,-0.3419937382945387,0.7323556045784396,0.9999950287823665
Sgms2,27.22716895981431,-0.27378614410916563,0.4047421082254076,-0.6764459109766991,0.4987575764691634,0.9999950287823665
Sgo1,0.36227607736647954,0.5349739304793952,3.39659642773651,0.15750294209544982,0.874848489377778,0.9999950287823665
Sgo2a,6.482251071940883,0.2935559474611925,0.7691199746686118,0.3816777058581478,0.7027004385564826,0.9999950287823665
Sgpl1,75.66342707829193,0.3454717288807524,0.2890600154503759,1.1951557130531634,0.23202619799126611,0.9999950287823665
Sgsh,60.62137007694381,-0.09508908292475943,0.2636551396322736,-0.36065704259504494,0.7183558413167086,0.9999950287823665
Sgta,524.5909178756123,0.07994957679258288,0.12828270877247128,0.6232295650568582,0.53313367589397,0.9999950287823665
Sh2d1a,0.5359022174682554,-0.6198548119728715,2.782350050743306,-0.22278103066408808,0.823705932344979,0.9999950287823665
Sh3bp1,70.9696725952102,-0.0428272462082153,0.2628850490323126,-0.16291244544284136,0.870587371694896,0.9999950287823665
Sh3bp2,136.06349781248133,0.007873016000557433,0.2910580243775305,0.027049644198592397,0.9784201381547307,0.9999950287823665
Sh3bp4,211.1220696276096,-0.0261707742444864,0.20119685279432475,-0.13007546530183403,0.8965067210374364,0.9999950287823665
Sh3bp5,445.33042156476284,0.20587656381954555,0.14907660113636634,1.3810119244080568,0.16727529426950316,0.9999950287823665
Sh3gl1,285.25713999498646,-0.05204936207520661,0.17126706906927516,-0.30390758922927186,0.761198295730669,0.9999950287823665
Sh3gl2,979.4801401575031,0.005016862690164978,0.12778403422597648,0.039260481331283,0.9686827136373112,0.9999950287823665
Sh3gl3,297.75201762607037,-0.0007789918632960676,0.15737568966171234,-0.004949886891492284,0.9960505777992803,0.9999950287823665
Sh3rf2,1.2387028696920153,-0.33329082681518346,1.705750393364794,-0.195392495942931,0.8450856907677728,0.9999950287823665
Sh3tc2,25.59135022461707,0.13800854087313194,0.3983477896873491,0.34645238268160244,0.729002763967016,0.9999950287823665
Shank3,231.98789554195756,-0.11387838807749918,0.1702486441087885,-0.6688945375960301,0.5035627549310288,0.9999950287823665
Sharpin,181.03331234192763,0.0979667164569732,0.17918765750845633,0.5467269220389798,0.5845663554074897,0.9999950287823665
Shc1,42.342072102207474,-0.3255738359787334,0.32666322019384114,-0.996665115177456,0.3189270879182752,0.9999950287823665
Shcbp1l,27.51840034845202,-0.030190239399890323,0.4161529732738046,-0.07254601393903026,0.9421673880819709,0.9999950287823665
She,14.211554795141092,-0.22413593826802053,0.5425442770002924,-0.41312008580619447,0.6795186340569503,0.9999950287823665
Shh,11.029759773252025,-0.3974700429648562,0.6112758280383047,-0.650230263873528,0.5155434950102303,0.9999950287823665
Shisa3,5.5093297639521746,-0.34807567417751617,0.8554738560726344,-0.4068805512952609,0.6840957209640106,0.9999950287823665
Shld1,28.542409144821605,0.017295193713940664,0.38982168840819686,0.04436693552009405,0.964611917316652,0.9999950287823665
Shmt1,22.03350025396328,0.8290673464565598,0.475040337963302,1.7452567291677181,0.08094019039855284,0.9999950287823665
Shoc2,447.21040057918793,0.04830658012988278,0.13861279418013603,0.3485001540846608,0.7274645981225385,0.9999950287823665
Shox2,5.001143684044487,0.8253713211179668,0.8854426730784581,0.9321567010638434,0.3512555485616844,0.9999950287823665
Shroom3,41.81150680196405,-0.5744805384930347,0.35088305198199066,-1.637242195791549,0.10157987357455045,0.9999950287823665
Shtn1,414.1539367560647,-0.6015121585783889,0.18239529089725648,-3.2978491693473684,0.0009742845463062448,0.30738677435962025
Siah2,213.97184833831048,-0.13670522530764673,0.16583430807646712,-0.824348272039168,0.40974169769829294,0.9999950287823665
Sidt1,145.45487738129106,0.1316595870607964,0.19012785773164773,0.6924792012679425,0.4886364429761971,0.9999950287823665
Sidt2,46.724565437624335,-0.42609187979945595,0.3024696148218107,-1.408709698164138,0.15892102605517755,0.9999950287823665
Siglec1,1.0912338581348366,0.0030817299806181952,2.062823798991311,0.0014939375734006526,0.9988080107187705,0.9999950287823665
Siglech,74.47489753618625,-0.02974137274906774,0.2643036454635797,-0.11252728919762864,0.9104053334984429,0.9999950287823665
Sigmar1,69.06068925215698,-0.062119415930821376,0.2570628304404339,-0.24165071171273658,0.8090508240658802,0.9999950287823665
Sim1,0.43010702306078824,0.2425818330349456,3.274007161363496,0.07409325058834623,0.9409361857509249,0.9999950287823665
Sin3a,204.3871202373031,0.03831956881185755,0.1815256112819329,0.21109731316283667,0.8328113367781209,0.9999950287823665
Sin3b,181.09121357564186,0.07019471500736395,0.174919377624528,0.40129753467360224,0.6882010784592074,0.9999950287823665
Sinhcaf,36.45847684203094,0.6054373145517966,0.38914377498841674,1.5558190917221228,0.11975111694594728,0.9999950287823665
Sirpa,859.4175170701777,-0.12934370360210418,0.12332131592841197,-1.0488349287254461,0.29425409856339546,0.9999950287823665
Sirt1,141.43423134789793,0.20638451103028527,0.23003011865664255,0.8972064712027898,0.36960875276890715,0.9999950287823665
Sirt2,1691.4151500875953,-0.07475092028206445,0.12706147281630395,-0.5883051614719892,0.5563274817496513,0.9999950287823665
Sirt3,127.71739333325026,-0.16982787947716835,0.19795434291964126,-0.8579143906234442,0.3909397373194735,0.9999950287823665
Sirt4,129.33259775906018,-0.025760709687338984,0.2362577760969032,-0.10903645210294793,0.9131735780878307,0.9999950287823665
Sirt5,28.810613122211365,-0.08623074944263952,0.376196243752329,-0.2292174652849804,0.8186998985902828,0.9999950287823665
Sirt6,118.25579731772238,0.04273553845955931,0.20717179016429102,0.20628068341577416,0.8365716664591364,0.9999950287823665
Sirt7,233.45103026896206,-0.021029923056641763,0.2037673375641909,-0.10320556428734269,0.9177998238340629,0.9999950287823665
Six1,1.1514425007993807,-0.8169634292962172,1.8569480101028293,-0.4399495434721285,0.6599736518644062,0.9999950287823665
Six2,1.004528250897432,-1.161551258990738,2.0335508833629943,-0.5711936044943302,0.567868413007707,0.9999950287823665
Six3,2.7715999769690516,1.2255572402323849,1.199676139981746,1.0215734058452082,0.306982849920181,0.9999950287823665
Six6,0.18140573351686404,-0.8696279726090038,4.441901790678799,-0.19577829803303906,0.8447836970135786,0.9999950287823665
Ska1,0.3088905602204868,-1.7114059541876046,3.7685775910769013,-0.4541251739754034,0.6497387352058142,0.9999950287823665
Ska2,278.21291447535947,-0.10514629495729513,0.16565582297604572,-0.6347274310574615,0.5256061998744703,0.9999950287823665
Skp1a,630.6322672430477,0.02035782129055195,0.1346761827692008,0.15116125859789067,0.8798485102259378,0.9999950287823665
Skp2,34.26016872949682,-0.04569763414903165,0.346787876153301,-0.1317740246744686,0.8951630326660225,0.9999950287823665
Slamf6,1.1335243071528216,-0.19064507450679094,1.8469507053999414,-0.10322152830034971,0.9177871540603864,0.9999950287823665
Slamf9,2.438357869113273,0.889141401162061,1.2927385648535958,0.6877967636578997,0.4915807744357087,0.9999950287823665
Slc11a1,7.586173429001845,0.8377959667157339,0.7575547025129844,1.1059214125878574,0.268760535872379,0.9999950287823665
Slc11a2,70.37347352400432,0.029702913529308147,0.25717592090659364,0.11549647970385318,0.9080516105952611,0.9999950287823665
Slc12a2,3947.043258203213,0.13165987767674214,0.16056152851648492,0.8199964144164494,0.41221815121798777,0.9999950287823665
Slc12a5,788.0896907274883,0.023325032235981973,0.13248540787774984,0.17605736820091925,0.860248872946039,0.9999950287823665
Slc12a7,5.269860098658366,-1.0608368843639933,0.8764948799468342,-1.210317263266091,0.22615717589573714,0.9999950287823665
Slc13a4,3.13709739309061,-1.4537166609420786,1.1830982499178835,-1.2287370563205366,0.21917040782565866,0.9999950287823665
Slc14a1,20.769345690779925,0.649972732672738,0.4420308539677443,1.4704239010432687,0.1414469820345477,0.9999950287823665
Slc15a1,0.3049442756680388,0.5282623719659802,3.599600672302437,0.1467558265645295,0.8833247523657832,0.9999950287823665
Slc16a1,343.6084778975035,-0.06911269383367681,0.1511007570190294,-0.45739475563959525,0.6473873331565043,0.9999950287823665
Slc16a2,28.481084064357884,0.15309448037867635,0.3888808066468592,0.3936797027828136,0.6938175285666688,0.9999950287823665
Slc16a3,81.7862554492413,-0.37233354613164915,0.27040053672528974,-1.376970440372746,0.1685213870501654,0.9999950287823665
Slc16a8,0.6672203530345184,0.4420620309775813,2.4422437468871805,0.181006515644076,0.8563624617495708,0.9999950287823665
Slc17a2,0.27269362916297163,0.010090281732857432,3.812598158487743,0.002646563134484573,0.9978883506009081,0.9999950287823665
Slc17a6,112.06103007502485,0.08033326280861613,0.2537294000222766,0.31660999001914303,0.7515395545471355,0.9999950287823665
Slc17a7,3088.850662034642,-0.024347891691823106,0.11747082977761047,-0.207267555170226,0.8358009111641956,0.9999950287823665
Slc17a8,5.9578818502974835,0.053320922962770446,0.8032361496828079,0.06638262357069773,0.9470732040670967,0.9999950287823665
Slc18a2,0.7607490857904743,-0.5347638742143183,2.3282396926078857,-0.2296859193287456,0.8183358371651643,0.9999950287823665
Slc18a3,1.3188815192388603,0.6269793975197944,1.8382669821698465,0.34107091276791734,0.7330501979791213,0.9999950287823665
Slc19a1,67.46734181232075,0.3703895426706268,0.2887860405896706,1.282574261256986,0.19964127241158502,0.9999950287823665
Slc19a2,85.0224356422375,0.20802873592937568,0.25151392526343697,0.827106235614928,0.4081768502060704,0.9999950287823665
Slc19a3,2.6419872888453884,1.051432177465544,1.2300182772930284,0.8548102063812343,0.392656226969312,0.9999950287823665
Slc1a1,381.56542611981075,0.013576442280028203,0.1409280977799436,0.09633595070038867,0.9232537593265867,0.9999950287823665
Slc1a3,2548.4892148596614,-0.07292851019901862,0.15294766359857487,-0.47682003427280967,0.6334902783072968,0.9999950287823665
Slc20a2,392.98785288198957,-0.17031892478661492,0.16301714285452898,-1.0447914974108081,0.2961193454587455,0.9999950287823665
Slc22a18,2.216443182205322,0.4459095893667022,1.2810264761332169,0.34808772314580255,0.7277743040041438,0.9999950287823665
Slc22a2,0.6816657815828343,-1.1541881651268862,2.552666162263922,-0.4521500626244262,0.6511608804182722,0.9999950287823665
Slc22a5,104.4322643171979,-0.028762402902646454,0.21896897379714506,-0.13135378224538888,0.8954954482239181,0.9999950287823665
Slc22a6,1.8275132265834844,-1.6167279174313902,1.54852921517947,-1.04404095291416,0.2964664426956952,0.9999950287823665
Slc22a8,13.293171819106279,-0.02528808614116996,0.5663128813134779,-0.04465391301451246,0.9643831691130496,0.9999950287823665
Slc24a3,313.96305743068524,-0.015180788207515054,0.16794474611785015,-0.09039156364476203,0.9279760604862407,0.9999950287823665
Slc24a4,33.02329504767349,-0.018211275175215667,0.3461262169864683,-0.052614550073008866,0.9580390237470545,0.9999950287823665
Slc25a17,286.045786410557,-0.08833217966378552,0.1526577720954258,-0.5786287750129708,0.5628396844443262,0.9999950287823665
Slc25a20,132.52394934436003,0.02480559499926788,0.2056530077863374,0.12061868321925824,0.9039930698214756,0.9999950287823665
Slc25a22,709.7850873147066,0.08622315650445689,0.14023215499202657,0.6148600975957292,0.5386471164759609,0.9999950287823665
Slc25a28,215.00967756886328,0.14117162196179556,0.16633608525796328,0.848713144492121,0.396040930244955,0.9999950287823665
Slc25a31,0.45743420938073664,2.30232504177356,3.576143990846203,0.6438009900235515,0.5197044917046956,0.9999950287823665
Slc25a51,251.53750554189511,0.11595116774237534,0.16166083202948361,0.7172496039190757,0.4732200970612601,0.9999950287823665
Slc26a3,0.9326697784496503,-0.9593648444091615,2.069131798666324,-0.46365574441779306,0.6428944090794353,0.9999950287823665
Slc26a4,10.43910573797053,-0.3427418188718478,0.63964309049878,-0.5358329105135569,0.5920740347889113,0.9999950287823665
Slc26a5,1.1374705917052697,-1.327964562323098,1.9498974021690592,-0.6810433004556418,0.49584409225231596,0.9999950287823665
Slc2a1,244.42492687518907,0.3074339931449334,0.1818093153154441,1.69096942371477,0.09084264258101905,0.9999950287823665
Slc2a2,0.18311118095946377,-0.8696279726090034,4.441901790678799,-0.19577829803303895,0.8447836970135787,0.9999950287823665
Slc2a3,321.75031439371304,0.029807496987270754,0.16766152600725742,0.17778376290086073,0.8588927995304928,0.9999950287823665
Slc2a4,8.297344404756105,0.5445454026631519,0.6984174220333983,0.7796847350653743,0.4355764660984308,0.9999950287823665
Slc2a5,12.52020683831126,0.11678759900726042,0.6023336435675343,0.19389187413730458,0.8462605464615878,0.9999950287823665
Slc30a10,38.35127816718433,0.019770974064532158,0.40002680383484934,0.04942412327123605,0.9605813040605201,0.9999950287823665
Slc30a3,315.79224306189184,-0.1197231202118578,0.17238684329491277,-0.6945026541674071,0.48736703690109284,0.9999950287823665
Slc30a8,0.4118282856498321,0.24465543834210696,3.3144986561990453,0.07381370871414669,0.9411586188070882,0.9999950287823665
Slc31a1,36.207005066045404,-0.08687580876722116,0.3648284167385115,-0.238127856223132,0.8117819299286562,0.9999950287823665
Slc32a1,459.94814627647406,-0.1074651460206543,0.13843700395787084,-0.7762747166455445,0.43758679817805024,0.9999950287823665
Slc39a5,0.7623784850487754,1.8735529876102577,2.452425533810364,0.7639591750210231,0.44489157163082005,0.9999950287823665
Slc39a8,5.252875952721232,0.6516091722397828,0.8685797003988451,0.7502007840392411,0.4531337866791951,0.9999950287823665
Slc3a1,4.1447380040780155,1.1237933387995775,1.0296229625088387,1.091461029638731,0.275070070687051,0.9999950287823665
Slc40a1,23.77310482869058,-0.42778415607420955,0.41682880251699095,-1.0262826212849627,0.30475838650576126,0.9999950287823665
Slc44a5,18.52002828386683,0.07302485809780904,0.46674058261358153,0.15645705734199447,0.8756727656066599,0.9999950287823665
Slc45a1,72.85830514315496,-0.19295842892779033,0.24867671627502053,-0.7759408754392215,0.4377838964486166,0.9999950287823665
Slc45a2,0.7712482297863422,-0.4850086595317606,2.2230329951560317,-0.21817429637283386,0.8272933112123395,0.9999950287823665
Slc47a1,8.901857110978307,-0.5371473736687827,0.9047232764875498,-0.5937145507675845,0.5527030492250951,0.9999950287823665
Slc4a1,10.683378200218598,1.8205879614972889,2.8180360234636703,0.6460485055331514,0.5182479426926145,0.9999950287823665
Slc4a10,693.0685278363818,-0.11920625711637825,0.14431096949531683,-0.8260373936455795,0.4087828800423523,0.9999950287823665
Slc4a7,61.15693416061503,0.12329694167558472,0.26659785326516566,0.4624828751075882,0.6437350801252267,0.9999950287823665
Slc4a9,0.4540993626798357,-1.0128503819390418,2.9426053025063625,-0.344201915586962,0.7306944417945913,0.9999950287823665
Slc52a3,4.021480492738252,0.7187546118604102,0.9797528901535323,0.7336080547287568,0.46318765041835597,0.9999950287823665
Slc5a12,0.3365782903048324,1.8623689430816042,3.676600551404302,0.5065464461104593,0.6124730927412735,0.9999950287823665
Slc5a2,0.7207188458703189,-1.2890166482526018,2.512685921679092,-0.513003490460607,0.6079488790842528,0.9999950287823665
Slc5a7,5.218670300434567,0.9517056443632513,0.8996563481961725,1.0578546422436064,0.290121716659397,0.9999950287823665
Slc6a11,906.4346849662485,-0.16869352325537013,0.16243323732654924,-1.0385406708125595,0.29901841077753666,0.9999950287823665
Slc6a14,0.627190113114363,0.038962130112117355,2.416026930903064,0.016126529722727084,0.9871334486071888,0.9999950287823665
Slc6a19,0.4902962937373508,-2.3631332969027237,3.0839180621137636,-0.7662762918165851,0.4435119219204432,0.9999950287823665
Slc6a3,0.7227087888930174,2.9348021504454342,2.971816227015625,0.9875449645123712,0.32337555122426065,0.9999950287823665
Slc6a4,0.0895824482035079,0.9694711599089978,4.453824094096601,0.217671632158531,0.8276849679587712,0.9999950287823665
Slc6a5,0.8085958466312272,-0.6071061946390597,2.1009435465478137,-0.2889683521656887,0.7726055961924948,0.9999950287823665
Slc6a8,559.7276046907883,0.33184200360025307,0.15137209428348647,2.1922270757434745,0.028363114337799693,0.9999950287823665
Slc6a9,144.8746981251577,-0.10660870404630426,0.22144071570889418,-0.48143225921673777,0.6302093138958478,0.9999950287823665
Slc7a10,44.03892011487928,-0.23925212577963528,0.3031267797091824,-0.7892807293673362,0.4299479471440302,0.9999950287823665
Slc8a1,1839.6129419074896,-0.02933222233473807,0.12592432470083212,-0.232935315749557,0.8158116346115847,0.9999950287823665
Slc8a3,120.03106340130205,-0.39067736722523744,0.23051068332859295,-1.6948341030611882,0.09010689609394411,0.9999950287823665
Slc8b1,63.8660162976985,0.40003678699667466,0.2927132930882925,1.3666505636831794,0.17173486024749018,0.9999950287823665
Slc9a1,92.12041843570653,-0.04937046386780177,0.23124767578155433,-0.21349604358592153,0.8309400747481038,0.9999950287823665
Slc9a3,6.157401331099891,-0.7012174410214844,0.7895984982918708,-0.8880683569414327,0.37450398252065664,0.9999950287823665
Slc9a3r1,148.89831716755484,0.09294102899542456,0.19227689705625617,0.48337075550076086,0.6288325090559126,0.9999950287823665
Slc9a3r2,512.6416775512315,0.03731355947232214,0.14349438517870658,0.2600349792492032,0.7948367918898096,0.9999950287823665
Slc9a4,0.27269362916297163,0.010090281732857432,3.812598158487743,0.002646563134484573,0.9978883506009081,0.9999950287823665
Slc9a8,89.13338869137728,0.10724974319514781,0.23752091620058138,0.4515380999312821,0.6516017717447169,0.9999950287823665
Slc9a9,382.20256974082645,-0.3604917636453923,0.15055616191671212,-2.3944005948080482,0.016647555341764108,0.8623885366908489
Slco1a1,0.0,,,,,
Slco3a1,150.74566034497232,-0.2017734474512036,0.22317267880847388,-0.9041135703907779,0.365935183339378,0.9999950287823665
Slco4c1,4.35027399561127,0.2832553520696095,0.9185686006610467,0.3083660293480151,0.7578038279623963,0.9999950287823665
Slit1,181.2306663895115,0.18864902960657556,0.18413080323685413,1.0245381342518203,0.3055811684885231,0.9999950287823665
Slit2,57.98289909768948,-0.09865048934444555,0.2701154718175605,-0.3652159895937962,0.7149501834956964,0.9999950287823665
Slit3,65.54573770360402,0.03985791031375762,0.26090256797015915,0.1527693292705206,0.878580185473353,0.9999950287823665
Slitrk1,542.3141513372876,0.01224133831892173,0.1520724850469048,0.08049673361453946,0.9358421940044575,0.9999950287823665
Slitrk3,93.92343360162471,-0.2181051697057912,0.22831939042955846,-0.9552634548272475,0.3394444835733157,0.9999950287823665
Slk,779.345869044906,-0.12625398706379967,0.12087311216079825,-1.0445167234202029,0.29624638602437425,0.9999950287823665
Slurp2,0.3984730084239947,-0.8283827025891066,3.0627272605991944,-0.2704722399692362,0.7867969706114013,0.9999950287823665
Smad1,222.39609135631648,0.08017079690098201,0.1633467649461096,0.4908012529506261,0.6235670237725939,0.9999950287823665
Smad2,297.6405463820337,0.09794402737823765,0.15688508204508006,0.6243042748327975,0.532427777039937,0.9999950287823665
Smad3,99.87355834581216,0.5620981196214377,0.2236825350876878,2.5129280629848223,0.011973374730688734,0.7461925387718115
Smad4,553.7930234362306,-0.06602949301235173,0.12913305654387117,-0.5113291265580717,0.6091206131169798,0.9999950287823665
Smad5,210.93424031079402,0.05190952759999775,0.19268692466852685,0.26939828786668346,0.7876232035619946,0.9999950287823665
Smad6,6.294043297344428,0.02999039721501776,0.8098721369398713,0.03703102730307215,0.9704602664896952,0.9999950287823665
Smad7,407.55567435611516,-0.4871904609469685,0.18022082199880526,-2.703297296858396,0.006865530897727174,0.6188785709236924
Smad9,68.29930510745896,-0.31631154412134693,0.2669817402533026,-1.184768455779942,0.2361090077963106,0.9999950287823665
Smap1,373.516765723859,-0.05861133321806013,0.14363198439019764,-0.4080660269848652,0.6832252009444761,0.9999950287823665
Smap2,283.89761311920034,-0.05337705986174002,0.15225322713183934,-0.35058081110832334,0.7259028544511577,0.9999950287823665
Smarca1,240.50608158362306,0.060085195494565,0.16832723798984478,0.35695468072843894,0.7211257331909884,0.9999950287823665
Smarca2,538.8270076098569,0.07429430952571861,0.13964259270751617,0.5320318685383431,0.5947039235571098,0.9999950287823665
Smarca4,597.3098427951816,-0.025351301341189687,0.12668661183773855,-0.20011034294341914,0.8413942844704836,0.9999950287823665
Smarca5,437.7317650118204,0.0392365539603686,0.14426524054088724,0.2719751051137525,0.7856411612984676,0.9999950287823665
Smarcb1,285.6958506962936,-0.09174288941971176,0.1569707533513158,-0.5844584896294807,0.5589118852783705,0.9999950287823665
Smarcc1,320.8664943363336,0.14455358540235091,0.157946614228929,0.915205343957762,0.36008383972564895,0.9999950287823665
Smarcc2,1018.7712934069773,-1.3603958652896266e-05,0.11653867730746942,-0.00011673342247573576,0.9999068602046884,0.9999950287823665
Smarcd1,502.69439627233584,0.02246225840808176,0.1351782053490837,0.16616775130336509,0.8680249373224252,0.9999950287823665
Smarcd2,99.70102070873111,0.11945406943676196,0.23734997472559108,0.503282419030662,0.6147657253271006,0.9999950287823665
Smarcd3,375.02886433832845,-0.09353370747010437,0.14099591443285303,-0.6633788492832411,0.5070879484979851,0.9999950287823665
Smarce1,126.6361177848616,0.03896285340543042,0.20599400678428717,0.1891455679399039,0.8499787279656223,0.9999950287823665
Smc1a,374.4986573814181,0.0777465331702581,0.15069332310345035,0.515925533853185,0.6059064196593685,0.9999950287823665
Smc3,323.2206195427707,0.06284974854467343,0.14820641505511184,0.42406901564485044,0.6715154813810782,0.9999950287823665
Smc5,470.4719947235272,-0.18603141214979466,0.14467523019041845,-1.2858553043595926,0.19849356485328074,0.9999950287823665
Smcp,0.0895824482035079,0.9694711599089978,4.453824094096601,0.217671632158531,0.8276849679587712,0.9999950287823665
Smdt1,991.3538112890346,0.08770798321809564,0.11580338740491668,0.7573870262656222,0.4488180264637094,0.9999950287823665
Smg9,229.20412345391105,0.07059291051118957,0.16157418849125005,0.4369071023681018,0.6621787209209588,0.9999950287823665
Smgc,0.533661380358407,1.2819992789990042,2.7479191829390976,0.46653456439276125,0.6408329127251617,0.9999950287823665
Smim7,260.55007256001096,-0.0008859580820478457,0.15550445904831922,-0.005697316253629459,0.9954542239154346,0.9999950287823665
Smn1,174.85778414445772,0.08909533250065707,0.17648391546217218,0.5048354251849875,0.6136744321642906,0.9999950287823665
Smo,20.53885394539665,0.21008639911914267,0.4346064338061578,0.4833945905477436,0.6288155883799673,0.9999950287823665
Smoc1,127.75987043084943,-0.30384552064184045,0.22107803729848333,-1.3743813015293351,0.16932333800481913,0.9999950287823665
Smoc2,9.633952896416112,-0.9293801939729098,0.663150631918136,-1.4014616728701832,0.1610760610161719,0.9999950287823665
Smpd1,793.894551548174,0.14900569010285267,0.12374189573441256,1.2041652442650774,0.22852571645361652,0.9999950287823665
Smpd3,65.90107533616576,0.050355805636849806,0.2729842555616795,0.18446413890515437,0.8536493573878596,0.9999950287823665
Smpd4,85.5993915736412,-0.12916036635205558,0.24509335942815527,-0.5269843567096587,0.5982044517782892,0.9999950287823665
Smtn,84.73605340496776,0.45127133700193317,0.2545936663555934,1.7725159602817386,0.07630894832043232,0.9999950287823665
Smurf1,310.80300022208854,-0.15696489460677085,0.15118974060727203,-1.0381980548170942,0.2991778580765917,0.9999950287823665
Smurf2,448.28037234264434,-0.13397194651238264,0.15639393846517047,-0.8566313236124475,0.3916486687766977,0.9999950287823665
Smyd2,292.1992056926911,0.0023086680550086073,0.16329306581535236,0.01413818794742448,0.988719733919251,0.9999950287823665
Smyd3,231.6636465216279,-0.04138821672411984,0.16767461170394754,-0.24683651450582395,0.8050347501723142,0.9999950287823665
Snai1,1.2315385723970482,1.2940315704856036,1.975091450859252,0.6551755210740459,0.5123547529341186,0.9999950287823665
Snai2,1.269863364874604,1.4669908107181922,1.8460191701965518,0.7946779938162812,0.4268008364812641,0.9999950287823665
Snai3,2.545206287337709,0.10892732023173136,1.2922767029205189,0.08429101908713348,0.9328250527216276,0.9999950287823665
Snap25,8311.656706086489,-0.004101205692250384,0.12123341313370473,-0.03382900461382941,0.9730135068402233,0.9999950287823665
Snap29,106.61671357070024,-0.1002403319529321,0.21160382938178765,-0.47371700335381356,0.6357017265269755,0.9999950287823665
Snap91,233.55845047407817,-0.033460366250750495,0.17138492431928706,-0.19523517826115455,0.8452088406429049,0.9999950287823665
Snapin,802.1676881559305,-0.09923980075092252,0.12871191291089443,-0.7710226544424441,0.44069350368341575,0.9999950287823665
Sncb,3951.6856633995085,-0.014976946032027498,0.12421854885167433,-0.12056932052805597,0.9040321701977625,0.9999950287823665
Sncg,3.114982020804453,0.5127451565010882,1.0770684657616705,0.47605623300696137,0.6340343165878615,0.9999950287823665
Snf8,488.68369344735726,0.028382494007812377,0.1345653767571154,0.21091973798759195,0.8329499018971919,0.9999950287823665
Snph,429.65640957601005,0.0010760000255652423,0.1477314562433832,0.007283486218348543,0.9941886701786434,0.9999950287823665
Snrk,290.1003751735782,0.0701073110150046,0.15953296205155415,0.4394534528378464,0.6603330024867535,0.9999950287823665
Snrpa,510.0194960294942,0.1412412709913932,0.1326446297343822,1.0648095688021864,0.286962114095226,0.9999950287823665
Snrpd1,81.28604394285158,-0.11552307174904883,0.24268919022831012,-0.47601243236408824,0.6340655207909178,0.9999950287823665
Snrpn,2303.525255985331,-0.029191227313449086,0.11983187926379567,-0.24360151482885503,0.8075394549717243,0.9999950287823665
Snta1,71.32488972340519,-0.20777268858201142,0.25517879148765826,-0.8142239696752399,0.4155166562407322,0.9999950287823665
Sntb1,8.466039107119245,-0.06588394243090331,0.7177352209384308,-0.09179421673742134,0.9268615390382314,0.9999950287823665
Sntn,0.27269362916297163,0.010090281732857432,3.812598158487743,0.002646563134484573,0.9978883506009081,0.9999950287823665
Snu13,81.16652434502022,-0.04561329529592348,0.25389746555530185,-0.1796524246359142,0.8574254452750182,0.9999950287823665
Snx27,294.49958596471066,-0.03354909981778836,0.14951153003331413,-0.2243913884789551,0.8224527708582108,0.9999950287823665
Snx30,653.789407088153,-0.21145232810557438,0.12778856069886482,-1.6547046695663485,0.09798441940774764,0.9999950287823665
Snx4,91.53349725065186,0.10719311988761615,0.2248957299503762,0.4766347494070633,0.6336222343158903,0.9999950287823665
Snx5,802.3512132437027,0.034973667763963295,0.12360661953897187,0.28294332370230757,0.7772202834145301,0.9999950287823665
Snx6,1152.5406193270885,-0.10686286485602607,0.1257393598038136,-0.849876005594113,0.3953940270197619,0.9999950287823665
Socs1,0.7301278385437083,1.6142510877801344,2.5223659866732477,0.6399749664834216,0.5221888744192499,0.9999950287823665
Socs2,50.61936132116531,-0.2871557452075741,0.3067164202184573,-0.9362255369407637,0.34915707759304915,0.9999950287823665
Socs3,10.131217231937505,0.48480017346781273,0.6524851103639406,0.7430057265175029,0.4574782134314669,0.9999950287823665
Socs6,110.49718691496645,-0.0052485707049407014,0.2101791871909313,-0.02497188601349375,0.9800773883243615,0.9999950287823665
Sod1,1402.9424142606158,0.07333056297447527,0.11678664913387103,0.6279019350098605,0.5300681833149109,0.9999950287823665
Sod2,1358.4179549800954,-0.0004431849522620201,0.13539545531942723,-0.0032732631329201616,0.9973883185465007,0.9999950287823665
Sohlh2,0.3645169144763278,-1.91107425506513,3.582635774964726,-0.5334268887782616,0.5937381083712814,0.9999950287823665
Sorbs1,843.7648154079412,-0.013110842615272341,0.13829582825382275,-0.09480287858871068,0.9244714003896845,0.9999950287823665
Sorcs3,117.18806485944918,0.13285756678830019,0.2144091903567734,0.6196449255147475,0.5354915823175375,0.9999950287823665
Sorl1,1349.1552280891467,-0.03353281992610257,0.15005050069493847,-0.22347689458415582,0.823164363884852,0.9999950287823665
Sort1,1522.0125359521107,0.10504477360647083,0.1247379530582931,0.8421235961550597,0.3997187746804365,0.9999950287823665
Sos1,418.336052383441,-0.1109435502950405,0.1365885633944143,-0.8122462638008642,0.41665033789560113,0.9999950287823665
Sost,0.4118282856498321,0.24465543834210696,3.3144986561990453,0.07381370871414669,0.9411586188070882,0.9999950287823665
Sostdc1,5.083340545334125,0.31733748896605696,0.8584581626246605,0.36965981894309846,0.7116359741083442,0.9999950287823665
Sox1,43.161689704431446,-0.4960185236839802,0.3378189901956353,-1.468296744942401,0.14202363474046695,0.9999950287823665
Sox10,1109.0509162397145,-0.08800963404659896,0.12158348037902553,-0.7238617760590245,0.46915059871915643,0.9999950287823665
Sox11,33.990638542830915,-0.07608647658062281,0.34578019306992575,-0.22004290039029548,0.8258377437147761,0.9999950287823665
Sox13,18.95666471496484,0.7797492209855639,0.4698071320630286,1.6597219747633674,0.0969703965391919,0.9999950287823665
Sox14,1.2635344665463915,0.7779768656256479,1.8528632100884512,0.41987819790998454,0.6745744354861348,0.9999950287823665
Sox17,7.902860005315667,1.2488296596035116,0.7404723312110727,1.6865311598625161,0.0916935386116831,0.9999950287823665
Sox18,15.332795136658584,0.32501124149500454,0.5039633897566909,0.644910420282547,0.5189852385688312,0.9999950287823665
Sox2,282.41817869821,0.2968742477781109,0.17711946351985733,1.6761243619328576,0.09371383577475931,0.9999950287823665
Sox21,208.42448394350905,0.2811291348219596,0.21389567012069635,1.314328310915901,0.18873574394804948,0.9999950287823665
Sox3,15.394095920910017,-0.15110307872430792,0.5322878485553979,-0.2838747477222972,0.7765063691391145,0.9999950287823665
Sox30,0.44407893215489924,0.8948460235259593,2.954440455847421,0.3028817256258735,0.7619799984587861,0.9999950287823665
Sox4,64.36825796443857,-0.005874093412859909,0.2819603947280734,-0.020833044366124428,0.9833788378621017,0.9999950287823665
Sox5,204.55701117053476,-0.12495293351770839,0.18810378462794747,-0.6642765522493562,0.5065133254475811,0.9999950287823665
Sox6,129.2390018335416,0.026333733962890984,0.20547892635293905,0.1281578331670815,0.8980240690825603,0.9999950287823665
Sox8,783.3056053503309,-0.6075161517391056,0.17354026488410548,-3.5007215884153458,0.0004640003117856221,0.22057100212966416
Sox9,386.3961190611439,-0.15693108321362875,0.2086585251270772,-0.7520952384670341,0.4519937871938364,0.9999950287823665
Sp1,150.3911225017621,0.038689524681695495,0.20086463470246047,0.19261491570681938,0.8472605626303863,0.9999950287823665
Sp3,454.0879504995978,-0.000631303760963345,0.14568989477078845,-0.004333202120549026,0.996542615748856,0.9999950287823665
Sp5,0.8508669236612306,-1.3374865869306531,2.1670124556950414,-0.6172029991870405,0.5371008377403379,0.9999950287823665
Sp7,3.0324735922066473,-1.6135519393518636,1.2625896506371834,-1.2779701928790264,0.20125993632917594,0.9999950287823665
Sp8,4.9755502138872325,-0.6601805000854194,0.8874630249100562,-0.7438963444728621,0.4569391870768338,0.9999950287823665
Sp9,1.587547621648359,0.623356617341244,1.5426129731613478,0.40409138791551236,0.6861455176849369,0.9999950287823665
Spaca6,18.851513723116785,0.17898970713246343,0.49485504819301235,0.361701285631122,0.7175752662226551,0.9999950287823665
Spaca9,1.4127707957592135,0.563201348379721,1.6928679100631798,0.3326906635962528,0.7393677978494408,0.9999950287823665
Spag9,754.3106856866112,0.019652998135855144,0.1229368817443192,0.15986250714190814,0.8729893835816178,0.9999950287823665
Spast,793.9515340016254,-0.045852505779631236,0.123448777119051,-0.3714294045652003,0.710317727815145,0.9999950287823665
Spata25,0.2469958421013245,1.2368956898123245,4.413469574143697,0.2802547222844076,0.7792820857173672,0.9999950287823665
Spata4,0.36622236191892754,-1.9219707158045265,3.830057158379299,-0.5018125412566465,0.6157993904371948,0.9999950287823665
Spatc1l,0.30718511277788707,-1.7052535059724676,3.7751247964007675,-0.45170785018769954,0.6514794621774371,0.9999950287823665
Spdef,2.2569469415796815,-0.05598964649930282,1.2995275251404905,-0.04308461761381302,0.9656340812790409,0.9999950287823665
Spdl1,1.4346366097063727,-2.655475051879781,2.0916864470634664,-1.2695378198810923,0.20424931057722162,0.9999950287823665
Spdye4a,0.6811110199276044,-0.12324961120460919,2.4809866523697752,-0.04967765992891751,0.9603792592679796,0.9999950287823665
Speg,221.58054057094373,0.05415060458874393,0.17298147001535022,0.3130428050122285,0.7542481415850602,0.9999950287823665
Sphk1,3.6092245990942526,-0.2781185380423408,1.00923251771045,-0.2755742934970843,0.7828750562084068,0.9999950287823665
Sphk2,161.2804382099193,0.16145400542216937,0.1815499119989175,0.8893091913100571,0.3738369331411088,0.9999950287823665
Spi1,22.164498591672498,0.38739576302812634,0.44936210093250545,0.8621015484488166,0.3886316393771162,0.9999950287823665
Spib,0.22871710469036832,1.2368956898123245,4.413469574143697,0.2802547222844076,0.7792820857173672,0.9999950287823665
Spink1,0.1791648964070158,1.4769425715357707,4.382600628342644,0.33700140550892543,0.7361158405752473,0.9999950287823665
Spink12,0.18140573351686404,-0.8696279726090038,4.441901790678799,-0.19577829803303906,0.8447836970135786,0.9999950287823665
Spink8,5.255163776022901,-0.13393586647367853,0.8835071530984954,-0.15159567865858248,0.8795058419454012,0.9999950287823665
Spn,0.678870182817756,1.5998953738420998,2.5438426496480293,0.6289285911860407,0.5293958070387544,0.9999950287823665
Spo11,0.0895824482035079,0.9694711599089978,4.453824094096601,0.217671632158531,0.8276849679587712,0.9999950287823665
Spock3,897.7981598974416,-0.061784494117904314,0.1387218163868421,-0.44538412001188754,0.6560421861962868,0.9999950287823665
Spon1,221.34458993250004,0.0741152909028972,0.17299722856687377,0.42841894934893254,0.6683461309979841,0.9999950287823665
Spop,880.7408872109004,-0.007063817170659025,0.12714999219546122,-0.055554994921275164,0.9556963179481007,0.9999950287823665
Spopl,190.86426473184812,-0.0007830843270965333,0.16920098391465438,-0.004628131048525841,0.9963072988737085,0.9999950287823665
Spred1,2018.8257007725758,0.16602955077530476,0.10919626666798002,1.5204691134737316,0.12839311571876413,0.9999950287823665
Sprr2d,0.627190113114363,0.038962130112117355,2.416026930903064,0.016126529722727084,0.9871334486071888,0.9999950287823665
Sprr2f,0.0895824482035079,0.9694711599089978,4.453824094096601,0.217671632158531,0.8276849679587712,0.9999950287823665
Spry1,47.47078333383891,0.3976312317736366,0.3342565723245983,1.1895988432128564,0.23420410074607545,0.9999950287823665
Spry2,576.6846831189504,0.19273584221557158,0.12819188751864513,1.5034948462517859,0.1327114849470518,0.9999950287823665
Spry4,50.18523141685028,0.7705457837018919,0.3108601647265054,2.4787537006544973,0.013184231220602397,0.7923095143047726
Spsb1,352.2112134060442,-0.1807352474594193,0.16383649902027667,-1.1031439791511366,0.2699646447310895,0.9999950287823665
Spsb2,62.923052769620746,0.1252391150725521,0.30173263158398755,0.41506652566907287,0.6780932035528651,0.9999950287823665
Spta1,0.9620629559765955,1.042856072622825,1.9645494731271806,0.5308372667056336,0.595531552956833,0.9999950287823665
Sptan1,3166.315591872661,-0.02559920641277498,0.1098024748079556,-0.23313870163261768,0.815653703237347,0.9999950287823665
Sptb,378.1202160855471,-0.06199661029541623,0.15848542005603075,-0.3911817899305691,0.6956628675771857,0.9999950287823665
Sptbn2,678.8887347488845,-0.09096676664068827,0.13221816445162718,-0.6880050635854125,0.49144959267954724,0.9999950287823665
Sptlc2,282.82223810687304,-0.1759574976930645,0.16445212217487282,-1.0699618549522716,0.2846364789062208,0.9999950287823665
Sqstm1,1135.6924532491423,0.3781177545108444,0.1585465896686287,2.3848999546513854,0.01708376657469986,0.8623885366908489
Sra1,96.67343295930029,0.04825752767175819,0.23522004423069987,0.2051590791490032,0.8374478394791242,0.9999950287823665
Src,32.47640379143261,-0.4347081774988537,0.35855468428911114,-1.2123901779744655,0.22536305891576158,0.9999950287823665
Srd5a3,147.78317904311123,-0.05526402406765459,0.21442870225031654,-0.2577268037706133,0.7966177583259072,0.9999950287823665
Srebf1,270.6112074278672,0.0014323390423519996,0.1999775619931884,0.007162498772741252,0.9942852016753504,0.9999950287823665
Srebf2,756.5613984012584,-0.23075931744902564,0.13087331251702525,-1.7632266885504733,0.07786226422021034,0.9999950287823665
Srf,103.76382879123588,0.3098651008067051,0.2419527572917878,1.2806843132315169,0.20030457185402872,0.9999950287823665
Srgap1,223.767179082514,0.16277762092287934,0.21720967773883854,0.7494031694047931,0.45361424126052985,0.9999950287823665
Srp72,108.43233182305691,-0.07049866033925772,0.21544354805511925,-0.32722567454756774,0.7434972033890626,0.9999950287823665
Srpx2,5.971301669232669,-0.4350660193370613,0.8603901804715837,-0.5056613025250936,0.613094438641756,0.9999950287823665
Srr,221.6580680880243,0.00041164832163506025,0.17544632813380534,0.002346292031379043,0.9981279315306778,0.9999950287823665
Srrm1,897.2304290426586,0.10650268742195122,0.1344550473958838,0.7921062800146818,0.42829870862377295,0.9999950287823665
Srrm4,135.6550288187979,0.04977087665446935,0.19373307163938294,0.25690439032068546,0.7972525813208091,0.9999950287823665
Srsf1,1020.3524738635512,0.11188936399905447,0.14963035276818484,0.7477718385948025,0.45459779116826693,0.9999950287823665
Srsf2,934.195584378217,0.11903668490043547,0.1742335147273338,0.6832019952459867,0.4944792120437358,0.9999950287823665
Srsf4,351.9495130431912,0.11267688241027929,0.1535107527788462,0.7339999340150859,0.46294877829914916,0.9999950287823665
Sry,1.4201086032088792,-0.6817062373317153,1.6170388205678183,-0.42157691495145194,0.6733338592295857,0.9999950287823665
Ss18l1,311.79369284097714,-0.05713072506919985,0.18248561511478542,-0.31306974543316196,0.7542276741655987,0.9999950287823665
Ssbp2,278.85503235689055,0.030550216685279397,0.15266114707874265,0.20011782480267618,0.8413884331512318,0.9999950287823665
Ssr2,132.71015418108882,0.142155412326693,0.2156029019591768,0.659339048941045,0.509678072380107,0.9999950287823665
Ssrp1,232.87092891076873,0.32736874821461337,0.16938712929915592,1.932666015234516,0.05327735431968211,0.9999950287823665
Sst,615.0278764653266,0.004710896203139194,0.18565662007229758,0.025374243058527604,0.9797564555533228,0.9999950287823665
Sstr1,45.70709167040271,0.10886178083184377,0.34280668639662687,0.3175602610793035,0.7508185219152445,0.9999950287823665
Sstr2,78.21813187996,0.3380214220750127,0.28027003946260043,1.2060562117989735,0.22779581707940455,0.9999950287823665
Sstr3,87.61893728905109,-0.2732297062000149,0.2284365631296269,-1.1960856986145867,0.2316631179579567,0.9999950287823665
Sstr4,204.0851306490005,0.17417071302460957,0.17995601416571233,0.9678515821328685,0.3331184982097549,0.9999950287823665
St6galnac5,176.6019133055727,-0.08979527609027559,0.20472501122834588,-0.43861409776707677,0.660941180193313,0.9999950287823665
Stab1,26.368715966245844,-0.6365099740410453,0.41678723290023817,-1.5271820338925777,0.12671575252941167,0.9999950287823665
Stac,0.5558864023218112,-0.6269105370675249,2.756835740254742,-0.22740220895772192,0.8201110027800621,0.9999950287823665
Stag2,408.0059417104526,-0.07966899433202422,0.14183747785409243,-0.5616921249402034,0.5743258007530517,0.9999950287823665
Stam2,242.88189445767293,0.29122106866546754,0.16734984620742271,1.7401932255408943,0.08182509477437916,0.9999950287823665
Star,16.596970103049003,0.23794052037384752,0.495412032669636,0.4802881332769675,0.6310225256975757,0.9999950287823665
Stat1,102.75245692230698,0.04108907308979999,0.21576929358013464,0.19043058633614104,0.8489717317473384,0.9999950287823665
Stat2,108.85157346024755,-0.030271645918172052,0.21316931147656862,-0.14200752307397438,0.8870740633586341,0.9999950287823665
Stat3,273.066200217991,-0.08052528671528862,0.15328145789499312,-0.5253426462739753,0.5993450161444305,0.9999950287823665
Stat4,3.8559372813636306,-1.3789581774085384,1.0248209301391198,-1.345560123583097,0.17844441912206443,0.9999950287823665
Stat5a,35.39517183468367,-0.07236013025513338,0.3691357288252866,-0.19602581003309413,0.844589964404731,0.9999950287823665
Stat5b,146.47534153246244,-0.08896568726276602,0.19179037626412987,-0.4638694026036231,0.6427413156692585,0.9999950287823665
Stat6,11.845212827617052,0.267598628578214,0.6091561299935769,0.43929399279136466,0.660448526383976,0.9999950287823665
Stau2,210.91367121263465,0.10727677883776593,0.17359272201606352,0.6179797032495349,0.5365887179828033,0.9999950287823665
Steap1,4.6685942562412786,0.1469961786985098,0.9184039917128082,0.16005611912069806,0.872836867323382,0.9999950287823665
Stim1,214.75745628711744,-0.20467016911016297,0.17042908292605147,-1.2009110510731822,0.22978570700686662,0.9999950287823665
Stim2,308.00783814615494,0.08263249033290165,0.1615383473206688,0.5115348256526878,0.6089766090260895,0.9999950287823665
Stimate,117.9047457644274,-0.19935967520893796,0.2159087861744568,-0.923351377872381,0.35582412139243114,0.9999950287823665
Stip1,725.6035684098116,0.27447970677455397,0.12875268199451595,2.131836809319786,0.033020264462068016,0.9999950287823665
Stk11,231.8363950127382,0.0786306531396406,0.1651862537432346,0.47601208549631524,0.634065767907066,0.9999950287823665
Stk3,150.62278141349114,0.04842932210662193,0.19294435463747744,0.2510014983211903,0.8018129507727575,0.9999950287823665
Stk32a,7.423122857783061,0.2667447151477278,0.7067230262584482,0.3774388342204368,0.7058475117531847,0.9999950287823665
Stk38,94.81011546937687,-0.17708878033219716,0.2360956069633098,-0.750072322860787,0.45321114769393234,0.9999950287823665
Stk38l,189.26133552829583,0.08033051588737844,0.17902635149578416,0.4487077752309001,0.6536424750214138,0.9999950287823665
Stk39,1355.9676410395834,-0.10617054270691542,0.11482780718396544,-0.9246065505441532,0.355170604420351,0.9999950287823665
Stk4,219.11496520699984,0.038880345810928765,0.16706023219611468,0.2327325019235368,0.8159691292280041,0.9999950287823665
Stmn2,1904.5530727585658,-0.03757272508866265,0.13803215260238752,-0.27220270335777375,0.7854661633157588,0.9999950287823665
Stmn4,7484.0181204142245,-0.47028967011408024,0.17290111725139287,-2.719992083280142,0.00652834792778395,0.6188785709236924
Stom,44.75794202729455,0.5725646308606605,0.351073972919702,1.63089455506751,0.10291257086689239,0.9999950287823665
Stoml3,0.39676756098139493,-0.822914378647003,3.066823138151417,-0.26832795423052325,0.7884468905612643,0.9999950287823665
Stra6l,0.3628114670337281,-1.910856836373863,3.8416188283135435,-0.49740927504062715,0.6189004662842906,0.9999950287823665
Stra8,0.5835741324061569,2.657824341441999,3.1214682711122173,0.8514660764099273,0.39451050002934995,0.9999950287823665
Strn3,1299.4895250735187,0.045081567932092524,0.11263421466787708,0.40024754525100487,0.6889741987591167,0.9999950287823665
Stub1,394.56327370845946,-0.0074202113454884784,0.14473761113406888,-0.05126664235611307,0.9591130486790441,0.9999950287823665
Stx1a,910.5269270381464,-0.016749693372437695,0.12958301729218696,-0.1292583991517197,0.8971531878882311,0.9999950287823665
Stx8,212.33862493722538,0.018994659343577674,0.17209068460264224,0.11037587181105347,0.912111287701359,0.9999950287823665
Stxbp1,5436.2055183954435,-0.0005653346742493649,0.12664681798208446,-0.004463867969658247,0.9964383604938256,0.9999950287823665
Stxbp4,121.75562680364986,0.07066112228082044,0.20515423929427698,0.344429257342632,0.7305234891731005,0.9999950287823665
Stxbp5l,499.1037922944424,-0.05284269924562716,0.14299372814789835,-0.36954557329236126,0.7117211106662973,0.9999950287823665
Sucnr1,0.0,,,,,
Sufu,214.59185681182268,-0.015558424735815386,0.18227673125544258,-0.08535606617836378,0.9319783197527105,0.9999950287823665
Sulf1,34.38567624591819,0.22039217466773164,0.3429040768517698,0.6427225266353497,0.5204041613528025,0.9999950287823665
Sulf2,634.9744388140584,0.08875470089198659,0.1317382629431293,0.673719987717627,0.5004893519400612,0.9999950287823665
Sult1a1,84.76294956203755,0.46454136123236256,0.24030750742258086,1.9331121454123628,0.053222384221958144,0.9999950287823665
Sult2a8,1.031599349113504,1.0662571840402875,2.058776438503802,0.5179081925064096,0.6045223257565052,0.9999950287823665
Sumf1,58.443053085377926,0.06122195648946001,0.271357152823689,0.225613940345395,0.8215016975587968,0.9999950287823665
Sumo1,607.7841187995149,0.013977315174306329,0.12809901934364523,0.10911336594084331,0.9131125737004312,0.9999950287823665
Sumo3,433.74624911588654,0.09447252866845308,0.15583871088819504,0.6062199060170067,0.5443687360374174,0.9999950287823665
Sun1,302.8788337704485,0.07783737815643768,0.15332435102489572,0.5076648140763955,0.611688428210653,0.9999950287823665
Supt16,220.51397816156563,0.12019842847066402,0.17265088927707845,0.6961935091904671,0.48630765201846105,0.9999950287823665
Supt20,120.29326973178983,-0.024030837353430926,0.22545601235052656,-0.10658769798549045,0.915116078567852,0.9999950287823665
Supt3,78.3796871662096,0.5555164251918077,0.29052554874900605,1.9121086857381187,0.05586225501602319,0.9999950287823665
Supt5,458.36895722941085,0.16993166167465049,0.15017661225798296,1.1315454458563166,0.25782558680046863,0.9999950287823665
Supt6,519.7961243572024,0.06869606767000096,0.14296314079699315,0.4805159377937071,0.6308605731353977,0.9999950287823665
Suv39h1,71.56281163559225,0.178294945137922,0.2610543432663506,0.6829801906647837,0.49461935999438966,0.9999950287823665
Suz12,279.6607220934763,-0.05277872943524313,0.1519724470252145,-0.3472914364962903,0.7283723835922918,0.9999950287823665
Sv2a,1974.7719753534632,-0.09404919629991913,0.11171077816424664,-0.8418990346807902,0.3998444707210346,0.9999950287823665
Sv2c,73.96974457593876,0.21308945301773802,0.2992293675016243,0.7121274719687442,0.47638584393983174,0.9999950287823665
Svil,103.81167729748199,-0.22449892489644518,0.2331905277356369,-0.962727461858806,0.3356843114947389,0.9999950287823665
Syce2,17.91931667084896,-0.24814418022002052,0.46507766402324635,-0.5335542844035988,0.5936499442626642,0.9999950287823665
Sycp1,0.25155875852204607,-1.4851131659810481,4.354343402773429,-0.34106477799503115,0.7330548162393851,0.9999950287823665
Sycp3,4.6633636024755205,1.0473152597459416,0.9381593982654318,1.116351082430479,0.2642718838254934,0.9999950287823665
Syk,23.847046061167813,0.2925806367522337,0.4378926903159456,0.6681560190948445,0.5040340063571147,0.9999950287823665
Syn1,3071.029022419109,-0.05769538720446304,0.11805730457391779,-0.4887066277914123,0.6250494108269984,0.9999950287823665
Syn2,1219.1843692553073,0.006950968200790993,0.13496465568633506,0.05150213709984493,0.9589253989538924,0.9999950287823665
Syn3,110.57124527153336,0.22041396763052834,0.21223203916599737,1.0385518062997616,0.29901322947460196,0.9999950287823665
Syncrip,329.30719310156525,0.12743569525178652,0.16171059033464194,0.788047925544472,0.4306686733316797,0.9999950287823665
Syne1,455.36641442188403,-0.19480512145838796,0.14295689418950383,-1.3626843431569942,0.17298201432309468,0.9999950287823665
Syne4,29.711775172040394,0.39798579819792534,0.3818943822280403,1.0421357755408833,0.297348734094376,0.9999950287823665
Syngr3,612.4753407742375,-0.18356579738000708,0.14924662981259082,-1.229949363751201,0.2187160672403199,0.9999950287823665
Synj2bp,109.6960194378649,0.25139239704158756,0.21362184551389612,1.1768103418301126,0.23927121389456418,0.9999950287823665
Synpo,310.42525993751684,0.06348450728105771,0.15281974069959747,0.41542085459921824,0.677833842622577,0.9999950287823665
Synpo2,15.495462397781658,0.1410585769749848,0.5033017779304271,0.2802663991274113,0.7792731277503442,0.9999950287823665
Syp,1974.1649621001936,-0.05453941046186355,0.1289170053078454,-0.42305831051246495,0.6722527181059132,0.9999950287823665
Sypl2,16.53989469398351,0.39549087605908334,0.521853514960199,0.7578580285872881,0.44853597890077146,0.9999950287823665
Syt2,93.65471885046189,-0.06852682306041594,0.26161184041368596,-0.2619408316995695,0.7933670591833544,0.9999950287823665
Syt4,395.29601546363006,0.4702114225509263,0.18415025383586456,2.553411753480566,0.010667330626595802,0.7085353289875738
Syt6,40.45354747259732,0.43404212382533275,0.3220908785760724,1.347576577592586,0.1777946082004883,0.9999950287823665
Syt9,23.52256245788044,0.4472668025267401,0.4262325611030732,1.0493492129489852,0.2940174236233659,0.9999950287823665
Sytl5,119.00869176588485,-0.23408517450339578,0.22856312112950722,-1.0241598616023435,0.30575977380640884,0.9999950287823665
Szt2,59.82600190884376,-0.1665887134983023,0.26738676109560183,-0.6230252867259195,0.5332679050129718,0.9999950287823665
T,0.27269362916297163,0.010090281732857432,3.812598158487743,0.002646563134484573,0.9978883506009081,0.9999950287823665
Taar5,1.2090587980779202,1.4677158104763428,1.8287596579952303,0.8025744684707885,0.42222073025479734,0.9999950287823665
Tab1,64.32488415070132,-0.3330510331131335,0.28622596569884423,-1.1635947573797576,0.24458827701081165,0.9999950287823665
Tac1,81.78442430196799,-0.7730398301937629,0.30195387607250596,-2.5601255405250654,0.010463435750379956,0.7068398965246528
Tac2,24.868931371288586,-0.22553745454553023,0.5281279892608287,-0.42705075120368813,0.6693423627998119,0.9999950287823665
Tacr1,1.7010605392578706,0.09733034117692764,1.4531396291665464,0.06697934542790758,0.9465981462296138,0.9999950287823665
Tacr2,0.5541809548792115,-0.62176767047064,2.7593569908638487,-0.22533063772802678,0.8217220669993681,0.9999950287823665
Tacr3,2.557717113311491,-1.5135603516472007,1.3481522069751142,-1.1226924851780773,0.26156812068829305,0.9999950287823665
Tacstd2,0.7906776529846681,0.3243052036297554,2.196554202524269,0.14764270476779748,0.8826247508761047,0.9999950287823665
Taf11,151.08762422880773,-0.04536243006594242,0.18822557675962057,-0.24100035099838715,0.809554844483718,0.9999950287823665
Taf12,188.1229870405413,0.0796971315938713,0.17122371809280082,0.46545614405287355,0.6416048361662199,0.9999950287823665
Taf15,295.3035013394846,0.17541686751134095,0.17861597389723335,0.982089472088689,0.32605577159389243,0.9999950287823665
Taf4,259.0552964493602,0.16847928806248433,0.15369579186496646,1.0961867336648117,0.2729970640436151,0.9999950287823665
Taf5l,164.79128288473575,-0.011366472295640997,0.19222951509291777,-0.0591296934299959,0.952848808074441,0.9999950287823665
Taf6l,6.425343019968035,0.1622689201858494,0.7666334029383736,0.2116642968645778,0.8323689439358397,0.9999950287823665
Taf9,513.2357793889659,0.12857943065488345,0.13385191881127345,0.96060954371656,0.3367485282382674,0.9999950287823665
Tagln,4.245427569360251,-0.34724464154226636,0.9551741383156479,-0.3635406651132712,0.7162010413876178,0.9999950287823665
Tal1,0.7484065759546645,1.6361162857827871,2.397952719855401,0.6822971413220551,0.4950510803112447,0.9999950287823665
Tap1,14.811071668692444,-0.22335326565721791,0.6380661139260227,-0.3500472142031248,0.7263032645936209,0.9999950287823665
Tardbp,1212.8580589208102,0.12740425805090594,0.13365300833770252,0.9532464673671408,0.34046520780730405,0.9999950287823665
Tas1r1,1.0133206117025477,1.0423106956395982,2.0673840619443786,0.5041688744854225,0.6141427108631481,0.9999950287823665
Tas1r2,0.0,,,,,
Tas1r3,9.138978517394952,-0.3024533305446537,0.6695221675847627,-0.45174505817443683,0.6514526540879614,0.9999950287823665
Tbc1d1,107.49020416634602,-0.03903768992615935,0.2162815862449537,-0.18049474577991345,0.8567641789186422,0.9999950287823665
Tbc1d22a,141.50555744923415,0.1933197236996267,0.19250065189746918,1.0042549040436173,0.31525576410974854,0.9999950287823665
Tbck,381.4590687615094,-0.010652319253949438,0.1459787208806455,-0.07297172621932303,0.9418286167194602,0.9999950287823665
Tbk1,299.544827865814,0.10297657062070747,0.15166663700226302,0.6789665324956797,0.4971590677431933,0.9999950287823665
Tbl1xr1,343.3617971551737,-0.05713076332890148,0.14308089211452082,-0.3992899574820547,0.6896795659247251,0.9999950287823665
Tbp,150.890146146827,0.2054917790055863,0.20239694679904396,1.0152909036202762,0.30996717920449546,0.9999950287823665
Tbpl1,311.0818588926357,0.19745913570721657,0.15322221779052442,1.2887108576980006,0.19749862635709303,0.9999950287823665
Tbpl2,0.4118282856498321,0.24465543834210696,3.3144986561990453,0.07381370871414669,0.9411586188070882,0.9999950287823665
Tbr1,265.51604458919354,0.03999681992915002,0.1741384501434318,0.22968402381097353,0.8183373101974951,0.9999950287823665
Tbx1,3.9989657811780233,-0.331011821309877,1.016297913579633,-0.32570353327202833,0.7446486707208441,0.9999950287823665
Tbx18,1.9728530409724698,-1.400942661726779,1.5849589457373001,-0.8838983908665726,0.3767510659514952,0.9999950287823665
Tbx2,11.4260763389858,-0.28720239819210436,0.6259560837408625,-0.4588219615595306,0.6463620225709823,0.9999950287823665
Tbx20,0.8008923014004373,-3.0769132212826973,2.828160939741028,-1.087955490101793,0.27661475743811714,0.9999950287823665
Tbx21,0.7484065759546645,1.6361162857827871,2.397952719855401,0.6822971413220551,0.4950510803112447,0.9999950287823665
Tbx3,6.2975930696722955,-0.09760298862363971,0.8029706692438443,-0.12155237091729917,0.903253536181677,0.9999950287823665
Tbx4,1.3570631993023472,0.07399761041344631,1.8113118768710528,0.04085304764923937,0.9674130487197949,0.9999950287823665
Tbx5,0.18140573351686404,-0.8696279726090038,4.441901790678799,-0.19577829803303906,0.8447836970135786,0.9999950287823665
Tbx6,12.373833433109658,-0.1066621413905009,0.5723080072095397,-0.1863719186991011,0.8521531122436116,0.9999950287823665
Tbxa2r,1.998364475656316,-1.4835784448296323,1.600127068561885,-0.9271628947337285,0.35384196485493036,0.9999950287823665
Tcaf1,930.9852087417142,-0.09473852831103358,0.11796957508617725,-0.8030759476909762,0.4219308387714812,0.9999950287823665
Tcam1,1.9665138229415768,2.3561296412127475,1.6098603488674692,1.4635615088416059,0.14331379598526828,0.9999950287823665
Tceal5,1021.6478314930406,-0.08369293573579961,0.13782979358805986,-0.6072194810502126,0.543705265498897,0.9999950287823665
Tceal9,189.90049489523858,0.10270221844820565,0.16959328063396883,0.6055795256998809,0.5447940015243669,0.9999950287823665
Tcf12,492.18244421813506,0.07589891909442498,0.15122344715464867,0.5018991467428127,0.6157384655244551,0.9999950287823665
Tcf21,0.12577937926102303,-0.8696279726090034,4.441901790678799,-0.19577829803303895,0.8447836970135787,0.9999950287823665
Tcf3,133.40894110125024,-0.03786475535965253,0.20874954811124855,-0.18138844228526582,0.856062690126093,0.9999950287823665
Tcf7,14.318769744419034,0.396491893942783,0.5307123715820405,0.7470937463938336,0.4550069747938421,0.9999950287823665
Tcf7l1,40.294739476019224,-0.09882695545216177,0.32425728920088076,-0.3047794413372075,0.7605341404759434,0.9999950287823665
Tcf7l2,106.39054671856856,0.2502949622789694,0.23091382434050833,1.0839323413997137,0.27839479867255024,0.9999950287823665
Tcof1,69.67034026344199,0.18371226868131857,0.29851807422630344,0.6154142229326061,0.5382812008863067,0.9999950287823665
Tcp1,959.6876425956907,0.2365217899172906,0.11721011240952886,2.0179298957660756,0.04359856297753239,0.9999950287823665
Tctn1,16.196816362163,-0.17754227528673505,0.4998307948056678,-0.3552047555528522,0.7224362023153651,0.9999950287823665
Tdg,299.8451812920312,-0.04427548312916914,0.15089705264503675,-0.29341516188073424,0.7692048376933699,0.9999950287823665
Tdgf1,4.156718634401277,1.0288083193902267,1.0203490098408987,1.008290603967604,0.31331497241861905,0.9999950287823665
Tdh,0.7301278385437083,1.6142510877801344,2.5223659866732477,0.6399749664834216,0.5221888744192499,0.9999950287823665
Tdrd1,1.1258013899340507,-2.5241355162631365,2.1148763507419686,-1.1935144649840101,0.23266795054043232,0.9999950287823665
Tdrkh,203.08537556753058,0.014861375629810875,0.17454105664404185,0.08514544323012257,0.9321457629812469,0.9999950287823665
Tead1,57.358420836863026,0.08998974825574717,0.28316990165791256,0.31779418550090316,0.7506410615455292,0.9999950287823665
Tead2,2.4056298448854263,-0.6258291889233548,1.2473815909379153,-0.5017143057665211,0.6158684999879125,0.9999950287823665
Tead3,10.404571503135195,0.1504632631345406,0.710479563985037,0.2117770457613182,0.8322809771755761,0.9999950287823665
Tec,21.595027467512505,0.4534573803461526,0.44064281655339377,1.029081522065857,0.30344136835139146,0.9999950287823665
Tecpr2,442.0134886018663,-0.21094485783801328,0.14727707207525909,-1.4322993719634767,0.15205816276120035,0.9999950287823665
Tecr,276.3881631772157,-0.19011684186979044,0.15563590197195445,-1.2215487523184043,0.2218783186362352,0.9999950287823665
Tectb,0.9660092405290435,-0.23347635704231656,1.989249339041221,-0.11736907609321996,0.90656758837371,0.9999950287823665
Tek,23.107188864799827,-0.030360142588586603,0.48946672236330063,-0.06202697997935018,0.9505413464469588,0.9999950287823665
Tenm1,91.43988659570967,-0.01961263041010058,0.24669428859950612,-0.07950176115321644,0.9366335308511535,0.9999950287823665
Tenm4,118.07265987457224,-0.11479496137623989,0.22508738569020076,-0.5100017534267249,0.6100502333733051,0.9999950287823665
Tent5c,9.114041267888028,0.737091728240458,0.717847407163315,1.0268083730401563,0.3045107059158524,0.9999950287823665
Tepsin,84.99466498178715,-0.006190254869589687,0.2330929589584942,-0.026557022130779838,0.9788130525291145,0.9999950287823665
Terf1,156.0879905324037,-0.1273535896871863,0.199492640232298,-0.6383874088732806,0.5232215251597958,0.9999950287823665
Terf2,352.8669035700193,0.014354106846046164,0.14395753544720424,0.0997107015027391,0.9205740043159478,0.9999950287823665
Tert,3.9613440399894326,-0.6907337105948875,1.0408473161552496,-0.6636263550607645,0.5069294849287747,0.9999950287823665
Tesmin,3.991124317549891,-0.402345091780162,0.9785714373088134,-0.41115556457141067,0.680958468719903,0.9999950287823665
Tespa1,0.3645169144763278,-1.91107425506513,3.582635774964726,-0.5334268887782616,0.5937381083712814,0.9999950287823665
Tet1,174.14285167426655,-0.32367881594708636,0.18081516453940058,-1.7901087929854194,0.07343642351626738,0.9999950287823665
Tet2,198.0165429710955,-0.24146201097242645,0.17292683066276981,-1.3963247348429655,0.16261672855454734,0.9999950287823665
Tet3,272.1088520881902,-0.12045564883544428,0.15941657914100982,-0.7556030212447155,0.4498872439703273,0.9999950287823665
Tex101,0.2709881817203719,0.010035929001538433,3.8206954392682,0.0026267283433250234,0.9979041764195309,0.9999950287823665
Tex19.1,0.9487076787507581,0.2773714497121232,1.9936010738770162,0.13913086893192256,0.8893467355648073,0.9999950287823665
Tfam,105.90599598296482,0.3378058236587857,0.227125884855699,1.4873065827499385,0.1369338567197485,0.9999950287823665
Tfap2a,2.6119826734668963,1.619213581529303,1.272218603278425,1.2727479203312184,0.20310750706203984,0.9999950287823665
Tfap2b,0.5892877346142481,1.2849739953109849,2.671738301025426,0.4809505462484128,0.6305516470822865,0.9999950287823665
Tfap2c,0.0,,,,,
Tfap2d,2.6092631228861163,1.4746120542977492,1.3163680011314072,1.1202126252159978,0.2626231651272518,0.9999950287823665
Tfeb,274.006556869004,-0.3140665935134701,0.16209351266828562,-1.937564238959939,0.05267640895264217,0.9999950287823665
Tfpi,12.450946166282579,-0.25587539041136265,0.5459602791121816,-0.4686703414165162,0.6393052896253537,0.9999950287823665
Tfrc,491.2948406022058,-0.022041143112495363,0.15647699949138175,-0.1408586768926977,0.8879815876468377,0.9999950287823665
Tgfa,312.51599714644743,-0.13411086378302092,0.1555560481182844,-0.8621385372367096,0.38861128699423353,0.9999950287823665
Tgfb1,20.818416663071925,0.2457009388666969,0.4426196830863859,0.5551062193019183,0.5788220090555123,0.9999950287823665
Tgfb1i1,20.121943140061607,-0.31319075153301557,0.48232924630683444,-0.6493297968785804,0.5161252300558061,0.9999950287823665
Tgfb2,32.43695053702322,0.0029933065926486856,0.369141077911696,0.008108841772859343,0.9935301512458536,0.9999950287823665
Tgfb3,105.90475484086532,0.06875916713481713,0.21982272940473743,0.31279371028196906,0.7544373942538152,0.9999950287823665
Tgfbr1,92.13458809579093,0.11400321312649622,0.23344205037775675,0.4883576585367367,0.6252965275132071,0.9999950287823665
Tgfbr2,34.87003074136084,0.13443795587851115,0.3413490119315279,0.39384310831249286,0.6936968754471848,0.9999950287823665
Tgfbr3,66.36326634203955,0.14742786009418002,0.28783611233686407,0.5121937580981512,0.6085154111764153,0.9999950287823665
Tgif2,1.2776442940378445,-0.23115754668815774,1.8507631663223143,-0.12489850181506215,0.9006039044628823,0.9999950287823665
Tgm2,36.428998130972474,0.5333916051761609,0.3406301999835187,1.565896403789121,0.11737287190630574,0.9999950287823665
Tgs1,126.92218578812542,-0.06905052931718865,0.20703621366226296,-0.3335190887417908,0.7387424827535789,0.9999950287823665
Th,4.305838129655716,0.2877874462220278,0.9423876748559435,0.30538116520467007,0.7600758650884714,0.9999950287823665
Thap12,523.023039505827,0.021816573879589164,0.13461333582798146,0.16206844400221937,0.8712519556727244,0.9999950287823665
Thbd,2.4942364532044157,-1.592123044963714,1.4103382152077841,-1.1288944933886995,0.25894234400869776,0.9999950287823665
Thbs1,9.015787573717645,-2.609476689926022,0.8469056850410603,-3.0811892469460838,0.002061755620443812,0.3588876680000125
Thbs2,21.554997237812103,-0.5228791212329198,0.4357120381007922,-1.200056632614689,0.23011734666271622,0.9999950287823665
Thbs3,43.73662323974302,0.2170768558534403,0.34770341535922805,0.6243161449224433,0.5324199830821629,0.9999950287823665
Thbs4,6.2805856934786055,0.48136216920689684,0.8201469473708669,0.5869218568087006,0.5572561897525901,0.9999950287823665
Themis,4.629771378304811,-0.3360248627863725,0.8869949661968138,-0.3788351406628079,0.704810290482837,0.9999950287823665
Thpo,1.8279919400544158,-0.9101209159012787,1.4896649832098237,-0.6109567762949056,0.5412281958701364,0.9999950287823665
Thra,1706.5534347589512,-0.08955380605601497,0.11607291379159017,-0.7715306106367721,0.44039248569255296,0.9999950287823665
Thrap3,436.85242918306375,0.09719850712200818,0.13469910075905234,0.7215972977865335,0.47054210100215665,0.9999950287823665
Thrb,227.5835730620364,-0.13757848779298262,0.1991901361444922,-0.6906892603014408,0.48976083992145913,0.9999950287823665
Thumpd1,660.6000806722101,0.14451878774659702,0.15854465881373583,0.9115336260957431,0.3620142764917631,0.9999950287823665
Tiam1,271.16425570692917,-0.17707038888472496,0.19026132220705877,-0.9306693910810823,0.3520246077162247,0.9999950287823665
Ticam1,7.9838845641229605,-0.05962937320162326,0.7170655562665713,-0.08315749192038427,0.933726312154981,0.9999950287823665
Ticam2,0.9075872875081243,2.0904304202509785,2.3239318884720084,0.8995231016109695,0.36837409641041996,0.9999950287823665
Tie1,14.034358479504382,0.21205277798756217,0.531659121346836,0.3988510108702269,0.6900029878714984,0.9999950287823665
Tigar,54.64744491117886,0.12904387815720308,0.28273424127612,0.4564140430064784,0.648092269344078,0.9999950287823665
Tigit,0.3605706299238798,0.5347797563522193,3.4019012632891696,0.15720025802135157,0.8750870249579784,0.9999950287823665
Timeless,12.487775145485605,0.8679900096505763,0.5726839703556352,1.5156527065207652,0.12960719215100022,0.9999950287823665
Timm50,123.8001657470691,0.13973787221235137,0.20099487855786505,0.6952310089439507,0.4869105422699588,0.9999950287823665
Timmdc1,209.32176820935652,0.12239569803327903,0.18085013111375875,0.6767797030586028,0.4985457379061442,0.9999950287823665
Timp1,0.6115127565776523,-0.8055847613644721,2.6806661241682197,-0.30051663431768694,0.7637831101093995,0.9999950287823665
Timp4,61.61465945949349,0.0852932820709341,0.2770109518524129,0.30790581202860534,0.7581540031544516,0.9999950287823665
Tiparp,160.6223887671355,0.29449188061369835,0.19339625017258655,1.5227383175779996,0.12782418741051696,0.9999950287823665
Tirap,51.76664756512097,-0.7891871737223388,0.3113930193354708,-2.534376574678861,0.0112647602856233,0.72167951206538
Tjp1,457.894594640423,-0.07301891440171965,0.13345319619221563,-0.5471499858013806,0.5842756935144251,0.9999950287823665
Tjp2,444.42448354040715,-0.05483543607646515,0.14293992998452884,-0.3836257376255906,0.7012558611086963,0.9999950287823665
Tjp3,1.0699241415910599,1.2861587319068932,1.9664922422999447,0.6540370230002251,0.5130879533802527,0.9999950287823665
Tlcd1,132.0864850991004,-0.2987270844716025,0.20619371612244544,-1.4487690997052858,0.14740207588293835,0.9999950287823665
Tle1,635.4109453142677,-0.07873694300086252,0.1296396629400335,-0.6073522656201544,0.5436171596763457,0.9999950287823665
Tle4,858.4948151569706,0.08596808081212631,0.13101823490230102,0.6561535566116568,0.5117253279762428,0.9999950287823665
Tle6,42.644444044931,0.6682242838460103,0.32845353400496824,2.0344560635353144,0.04190563418796772,0.9999950287823665
Tll1,8.059993565394098,-0.16818502163865467,0.688219245001596,-0.24437709764751583,0.8069387775804745,0.9999950287823665
Tln1,98.51154591705183,0.19919992978491827,0.22530781455267063,0.8841234831575312,0.3766295577844919,0.9999950287823665
Tlr1,0.9075872875081243,2.0904304202509785,2.3239318884720084,0.8995231016109695,0.36837409641041996,0.9999950287823665
Tlr11,0.0895824482035079,0.9694711599089978,4.453824094096601,0.217671632158531,0.8276849679587712,0.9999950287823665
Tlr12,0.3645169144763278,-1.91107425506513,3.582635774964726,-0.5334268887782616,0.5937381083712814,0.9999950287823665
Tlr13,1.3000635338920816,-2.115246543969674,1.9888915521276593,-1.0635303577547222,0.2875415057017454,0.9999950287823665
Tlr2,2.1329362157224545,-0.6260777761374248,1.3745580653806233,-0.4554756848078732,0.6487670566303698,0.9999950287823665
Tlr3,63.88506828999687,-0.04900671532176372,0.2709069866730729,-0.1808986764187976,0.856447107777924,0.9999950287823665
Tlr4,2.023666920468592,0.38791066482504305,1.4625119447859969,0.26523589513780305,0.7908277445013869,0.9999950287823665
Tlr5,1.2932404083735303,-0.5595525137641063,1.7606365898806973,-0.317812612199558,0.7506270831945528,0.9999950287823665
Tlr6,2.1356175030495725,0.4718438885461327,1.3518093690367106,0.3490461742267441,0.727054644867231,0.9999950287823665
Tlr7,2.9322932538224307,1.0702655852498757,1.2183461463249725,0.8784577260561228,0.3796953693364543,0.9999950287823665
Tlr8,0.9454896660082394,1.0200002899600198,2.0541445310201425,0.4965572161825735,0.6195013299469794,0.9999950287823665
Tlr9,1.6856392708250365,-0.7582262054898762,1.5105232874857721,-0.5019626057880409,0.6156938252669856,0.9999950287823665
Tlx1,0.4623576695658554,0.8942960949168186,2.9207619181127735,0.30618589258198103,0.7594631130200995,0.9999950287823665
Tlx3,0.35449648395139133,0.25206441206239544,3.4739394731227704,0.07255866546109146,0.9421573201607218,0.9999950287823665
Tmco5,8.336161295403466,-0.3753385857230718,0.7069834690144701,-0.5309015021897063,0.59548703675251,0.9999950287823665
Tmem106b,1034.876320754476,0.0006800282082054791,0.12179647771787339,0.005583315880289092,0.9955451816063619,0.9999950287823665
Tmem108,17.00836060997787,-0.21669138454790482,0.4808866211417803,-0.4506080540011893,0.6522720608571397,0.9999950287823665
Tmem109,271.8665142806676,0.2479569833477514,0.17339199137136996,1.43003711640106,0.15270636661127704,0.9999950287823665
Tmem119,17.365204596669965,0.010793627171445986,0.5075225417049701,0.02126728624739681,0.983032439726749,0.9999950287823665
Tmem120a,101.89044434740875,0.37761399864892303,0.24962312073740314,1.5127364706178914,0.13034661168787678,0.9999950287823665
Tmem163,391.46105223381136,-0.23441205227383619,0.1838235357145803,-1.2752015206464302,0.20223792322351763,0.9999950287823665
Tmem173,11.284695021674182,0.17722501205033547,0.6063197425759635,0.2922962912231604,0.7700600942374615,0.9999950287823665
Tmem176a,60.55747540864936,0.06471865555714318,0.28564061847525446,0.22657371315960045,0.8207552345922698,0.9999950287823665
Tmem259,149.04250338575787,0.007206458900002046,0.19061596771101108,0.03780616590802932,0.969842228204843,0.9999950287823665
Tmem35a,211.91607255855754,-0.0432894041293603,0.18238915169366776,-0.23734637574315356,0.8123880871097041,0.9999950287823665
Tmem41b,221.47527604443417,-0.05411296099310877,0.16099356557164407,-0.33611878090263086,0.736781296393066,0.9999950287823665
Tmem43,48.37206235010984,0.8832756223042064,0.3253067138223348,2.715208708500878,0.006623401473901223,0.6188785709236924
Tmem63b,881.1494466774247,-0.14100559431232454,0.11739732526533324,-1.2010971629347904,0.22971351342739854,0.9999950287823665
Tmem94,232.88351261659193,-0.12881246147082262,0.16841628710873696,-0.7648456315133917,0.44436347189312775,0.9999950287823665
Tmem98,131.7276203941054,-0.6685192251597242,0.25033952938708726,-2.6704501154750795,0.007574962627716407,0.6294053895385405
Tmigd1,0.8251691365995835,-0.602573359884371,2.1829375898014813,-0.2760378320935733,0.7825190088325291,0.9999950287823665
Tmprss15,0.12577937926102303,-0.8696279726090034,4.441901790678799,-0.19577829803303895,0.8447836970135787,0.9999950287823665
Tmprss2,0.5459226479931919,-2.4954809619134455,3.1639846788888897,-0.7887146162761428,0.43027882319750954,0.9999950287823665
Tmprss4,0.5014107338533399,0.8931204088951096,2.853244950514136,0.31301918495787584,0.7542660865677022,0.9999950287823665
Tnc,5.135716759858778,0.7478366179454005,0.8951701005847715,0.8354128645012548,0.40348528904975567,0.9999950287823665
Tnf,1.0622824665733137,-0.2049617881924685,1.9948372725115489,-0.10274611920320527,0.9181644694800477,0.9999950287823665
Tnfaip3,22.838436603986008,-0.16304361826836367,0.44714567403303557,-0.364631992965044,0.7153861298021627,0.9999950287823665
Tnfrsf11a,30.806099352822653,-0.4968620769394245,0.3745792346051112,-1.326453874206952,0.18468940391980848,0.9999950287823665
Tnfrsf11b,5.6261999484497,-1.207161289335251,0.8841082698084363,-1.3653998390907622,0.17212741444663182,0.9999950287823665
Tnfrsf13b,2.5296405707426537,-0.12416318843839358,1.2295706159258293,-0.10098093336827382,0.9195655957666691,0.9999950287823665
Tnfrsf13c,1.443565553160678,-0.3625871613231514,1.6214565518957227,-0.22361817891403463,0.8230544171214182,0.9999950287823665
Tnfrsf14,3.8650746722137366,0.5591943607369081,1.0178236627835027,0.5494020046730355,0.58272959865496,0.9999950287823665
Tnfrsf18,1.2207846760454564,0.31953808575446774,1.841182287664361,0.17355048866987471,0.8622187457059659,0.9999950287823665
Tnfrsf1a,33.26569544659293,-0.07791047660375153,0.3660723513552502,-0.2128280825233488,0.8314610588253206,0.9999950287823665
Tnfrsf1b,11.666154971144445,-0.11637230424878428,0.5961400209209438,-0.19520968256586285,0.8452287992877388,0.9999950287823665
Tnfrsf4,14.52315971192563,-0.46901134759059576,0.5286211021916128,-0.88723538588626,0.3749521847846624,0.9999950287823665
Tnfrsf9,1.229293877018626,-2.328179599182003,2.045776062182391,-1.1380422531185306,0.2551028393058449,0.9999950287823665
Tnfsf10,4.1215607491894755,1.3953376670993636,0.9850118741161531,1.4165693874009326,0.15660886400496726,0.9999950287823665
Tnfsf11,0.5179840238216964,0.8926555639927439,2.828096277901696,0.31563832213486354,0.7522770466898078,0.9999950287823665
Tnfsf12,59.883903038538485,-0.34314237396273045,0.30057635789503234,-1.1416146511515155,0.2536142313215971,0.9999950287823665
Tnfsf13,33.652377235690885,-0.14365032474054112,0.4436007587671266,-0.3238279509254673,0.7460682936857036,0.9999950287823665
Tnfsf13b,4.708263952397038,0.05803427422348244,0.9080876794736948,0.06390822773536325,0.9490433008883226,0.9999950287823665
Tnfsf14,0.5798787419408588,-1.4687538403773315,2.5620409708779093,-0.5732749230290599,0.5664585618971618,0.9999950287823665
Tnfsf4,0.5776379048310104,0.08963941631135479,2.593942045608569,0.03455721628904948,0.9724328175615276,0.9999950287823665
Tnfsf9,3.3381603691895823,0.34542421661675526,1.0688548005846454,0.3231722554156225,0.7465647914558381,0.9999950287823665
Tnks2,908.7549682988747,0.1463000761877687,0.14249305984643099,1.0267172053533038,0.304553645248817,0.9999950287823665
Tnnc1,14.061792111749261,0.08114981119104717,0.5237294106501734,0.1549460647823947,0.8768638377062924,0.9999950287823665
Tnni3k,2.536983572209046,0.3068384503319843,1.2153592677516525,0.2524672814645323,0.8006799007515099,0.9999950287823665
Tnnt2,15.60200561268986,-0.057342428997847215,0.5062480306189575,-0.11326943618474576,0.9098169476579914,0.9999950287823665
Tnp1,0.6454688505253191,0.038316865606087123,2.398191187172825,0.0159774023901981,0.9872524196749332,0.9999950287823665
Tnpo1,635.5682387359917,0.46005808998610326,0.1727189218413105,2.663622983987778,0.007730414847739602,0.6294053895385405
Tnr,855.2865985319163,-0.018257804996582777,0.132302659763948,-0.13800028683594132,0.8902401908543747,0.9999950287823665
Tns2,51.22364912007689,0.07445675272905321,0.3230050033676571,0.23051269160776308,0.8176934025313113,0.9999950287823665
Tnxb,14.138931869294568,1.2893215937649014,0.6458172856042408,1.9964185265784329,0.045888385880349276,0.9999950287823665
Togaram1,246.72031347843912,-0.04232749511068359,0.15951087187348334,-0.2653580575012831,0.7907336435259883,0.9999950287823665
Top2a,1.79635658966947,-0.1835134880891327,1.4327115181306036,-0.12808823393042892,0.8980791473099534,0.9999950287823665
Top2b,465.4357361315072,0.036708532974455685,0.1404998005763677,0.26127106817139584,0.7938834761429896,0.9999950287823665
Topbp1,84.67107107677705,0.07044380161139568,0.2382497532025904,0.2956720863903492,0.7674805163820994,0.9999950287823665
Tor1a,260.5854186320142,0.14963005635829377,0.1554990723408808,0.9622569067825616,0.3359205698791652,0.9999950287823665
Tor2a,66.35223682829452,-0.01265309268494716,0.26444174692855105,-0.04784831756676404,0.9618371287791015,0.9999950287823665
Tox,134.14333428870876,-0.12066763998682693,0.22657123017081118,-0.5325814751319311,0.5943233284192679,0.9999950287823665
Tox3,80.41025287950019,0.2783501516778537,0.2693766955161376,1.033311924569134,0.3014579486110759,0.9999950287823665
Tpbpa,0.5242523876850177,-1.3382862920737906,2.7757968613890838,-0.4821268842432785,0.6297158128274267,0.9999950287823665
Tpcn1,167.8947979772318,-0.18250442439590703,0.18280155156068376,-0.998374591669272,0.3180977496005819,0.9999950287823665
Tph1,2.8706494297904186,0.29536481756058036,1.1710089686609566,0.2522310464439301,0.8008624820882326,0.9999950287823665
Tph2,4.665797321728049,0.9650125070938425,0.9011443941064311,1.0708744496499283,0.2842258856828027,0.9999950287823665
Tpi1,1838.250818154828,0.10179925266535592,0.11730063703886806,0.8678491032544375,0.3854769448901465,0.9999950287823665
Tppp,2202.9017179898337,-0.3358278959512351,0.1427388978177821,-2.352742672708226,0.018635525428974484,0.9314072511432
Tpr,610.8106350787184,0.07906078399081845,0.13912434455300993,0.5682742603016849,0.5698487539642338,0.9999950287823665
Tpsab1,0.6993897573385605,-0.12273461674056871,2.4626859778862884,-0.04983770478358399,0.9602517199299694,0.9999950287823665
Tpsb2,0.6845219148128038,-0.132210942532507,2.477174594707618,-0.05337166900345671,0.9574357778896222,0.9999950287823665
Traf2,151.82676849503963,-0.008998710713138385,0.18525299388758132,-0.048575251197285105,0.9612577933594388,0.9999950287823665
Traf3,233.2728494353394,0.03818149045821216,0.18093282495589222,0.21102577969210418,0.8328671550138544,0.9999950287823665
Traf3ip2,2.090721814888768,-1.5237675949057827,1.4260173757547634,-1.0685477055279793,0.2852735232601339,0.9999950287823665
Traf3ip3,3.8465411824470563,0.29784802554776413,1.0323434150160256,0.2885164192606784,0.7729514638764046,0.9999950287823665
Traf6,325.4524327815092,0.5539104613322997,0.21581636894522557,2.566582247859442,0.010270626473647298,0.7068398965246528
Trappc10,1473.9066536785729,-0.009331395327667191,0.11873578634959994,-0.07858957787328144,0.9373590775504563,0.9999950287823665
Trbc1,111.71733379352399,-0.3327573448799885,0.21063695657478246,-1.579767151458294,0.1141602008368167,0.9999950287823665
Trdn,0.9676017122818358,2.276541678775448,2.2947020012228436,0.9920859778578145,0.32115558609674777,0.9999950287823665
Treh,0.18140573351686404,-0.8696279726090038,4.441901790678799,-0.19577829803303906,0.8447836970135786,0.9999950287823665
Trem1,0.45015307812738775,0.9014136729956795,3.120418042114123,0.2888759329134504,0.7726763216764053,0.9999950287823665
Trem2,21.862221373826614,0.22483422504140066,0.42204899869565826,0.5327206692498986,0.5942269560479982,0.9999950287823665
Trex1,45.22233705013344,0.23899662155982954,0.3143632535064112,0.7602562287228504,0.4471014403989093,0.9999950287823665
Trh,5.545077724763132,-0.4139168923737619,0.8239670798264909,-0.5023463952721552,0.6154238789116344,0.9999950287823665
Trhr,12.3505995020248,0.1910094979391443,0.5673373966231295,0.3366770797695678,0.736360343356695,0.9999950287823665
Trhr2,25.328864297535432,-0.3663790113852385,0.39726796261046143,-0.9222465586647093,0.3563999825924603,0.9999950287823665
Trib2,61.95039350418594,0.12925299228474763,0.27343905339128405,0.4726939721364162,0.6364315277338611,0.9999950287823665
Trib3,72.76282711895918,4.989543527714954,1.549306952528935,3.2205003143957485,0.0012796705232443867,0.33660795345641653
Trim17,25.473828735672512,-0.17962185688979346,0.40677423837362386,-0.44157628469286203,0.6587958482646488,0.9999950287823665
Trim2,2269.9058861783146,-0.2733077315830251,0.12646998350143598,-2.1610482109371185,0.030691615476145757,0.9999950287823665
Trim21,15.583012456271115,0.5374542205884201,0.5078192457356694,1.0583573291118948,0.28989256547991515,0.9999950287823665
Trim24,184.9492106370394,-0.15322877420328587,0.17548101402350683,-0.873192892438836,0.3825579482472996,0.9999950287823665
Trim27,191.6516759573061,0.04425272419917768,0.1800780230035416,0.24574194819046502,0.8058819977169897,0.9999950287823665
Trim28,723.5072129313488,0.17123083100282455,0.13988740793505122,1.2240617903387407,0.2209289187571366,0.9999950287823665
Trim29,0.4261607385083403,2.2758266160578153,3.389482401174884,0.6714378027951861,0.5019416695422074,0.9999950287823665
Trim32,205.28194192917837,0.157368935037987,0.17602126074455762,0.8940336773656057,0.37130387261166176,0.9999950287823665
Trim33,243.87272863143096,-0.0626459635795097,0.16198877019197008,-0.38673028695303424,0.6989558917156425,0.9999950287823665
Trim34a,12.982544077954413,0.2769387943480079,0.5578407713781931,0.4964477473810439,0.619578544726316,0.9999950287823665
Trim36,35.51090740638606,-0.4744903555968933,0.35890491408971537,-1.3220503174227507,0.1861513961167509,0.9999950287823665
Trim63,0.7746397526835601,-1.4094630790270681,2.4668306751871083,-0.5713659608680521,0.5677515978747463,0.9999950287823665
Trim65,28.200576894142674,-0.502228986626533,0.40865645575982223,-1.2289760250886765,0.21908079510192047,0.9999950287823665
Trim7,34.220528729209754,0.3824362001749959,0.4190960312123345,0.9125264180352857,0.3614916691639555,0.9999950287823665
Trip13,6.885286996785599,-0.018814471037644533,0.7493541440651347,-0.02510758255846672,0.9799691520830036,0.9999950287823665
Trmt13,89.52036173334663,-0.0813330500980397,0.22843498151182132,-0.35604463712065393,0.7218071370256496,0.9999950287823665
Trmt2a,70.49108929788262,0.12705357843264253,0.2688399618060556,0.4725993024961836,0.6364990802008783,0.9999950287823665
Trp53,288.9535193764832,0.18074929669888945,0.20338363775816098,0.8887111013021336,0.3741583633311003,0.9999950287823665
Trp53bp1,226.5832440323093,0.0916936220808334,0.1620119453236423,0.5659682802873709,0.5714153434970003,0.9999950287823665
Trp53cor1,7.090871097130198,1.5242242157143961,0.831028866749706,1.834141119159788,0.06663304902664179,0.9999950287823665
Trp63,5.165196218050287,-1.006423017330233,0.8716458839188517,-1.1546237249528835,0.24824454682060082,0.9999950287823665
Trp73,1.348269502749079,-0.024141666457125965,1.763460420692241,-0.013689939492744172,0.9890773498185469,0.9999950287823665
Trpa1,0.883594947889077,3.2794050154139334,2.6720796832376292,1.227285636721895,0.21971525217066334,0.9999950287823665
Trpc1,208.4690073398568,-0.04255042418517767,0.16705066660459947,-0.2547156802785612,0.7989427045148505,0.9999950287823665
Trpc3,66.01809527852869,0.019311275588604952,0.28361947715543906,0.0680886791777749,0.9457150421504031,0.9999950287823665
Trpc4,46.601346135608765,0.07580521387352113,0.3220789167870379,0.23536223553448035,0.8139275945012698,0.9999950287823665
Trpc5,48.05762571658858,-0.1514551105162688,0.29468611313794274,-0.5139540133177996,0.6072841426553999,0.9999950287823665
Trpc6,25.528072200809916,-0.06966732179648571,0.39310890363893974,-0.1772214293586017,0.859334463884792,0.9999950287823665
Trpc7,5.674324675105672,-0.9286380109569782,0.8360694240584297,-1.1107187803247296,0.2666894158644403,0.9999950287823665
Trpm1,0.6616815967292784,-1.1484940679912352,2.5706158583236727,-0.44677778839354904,0.6550355101421798,0.9999950287823665
Trpm2,12.272624762082293,0.024630980346290982,0.5630159415517176,0.043748282292693175,0.9651050523295969,0.9999950287823665
Trpm5,0.22871710469036832,1.2368956898123245,4.413469574143697,0.2802547222844076,0.7792820857173672,0.9999950287823665
Trpm6,0.45015307812738775,0.9014136729956795,3.120418042114123,0.2888759329134504,0.7726763216764053,0.9999950287823665
Trpm7,329.2124399937804,-0.010298231875090571,0.1664562844720722,-0.06186748615561218,0.950668360167361,0.9999950287823665
Trpm8,0.3365782903048324,1.8623689430816042,3.676600551404302,0.5065464461104593,0.6124730927412735,0.9999950287823665
Trpv1,0.30718511277788707,-1.7052535059724676,3.7751247964007675,-0.45170785018769954,0.6514794621774371,0.9999950287823665
Trpv2,83.36333426541474,-8.774494097394535e-05,0.25461349120656207,-0.0003446201556647283,0.9997250329038962,0.9999950287823665
Trpv3,16.65746762524093,-0.1829620381962123,0.49548545571644476,-0.3692581408502884,0.7119353229764884,0.9999950287823665
Trpv4,5.184813329374567,-1.4173452081876778,0.9170355566681906,-1.5455727947313536,0.12220777572995191,0.9999950287823665
Trpv5,0.6437634030827194,0.04279359683323498,2.40011363487916,0.017829821143193304,0.9857746147062729,0.9999950287823665
Trpv6,8.801848617653494,-0.39637954806337244,0.6632908031023975,-0.5975954230171652,0.5501099189516667,0.9999950287823665
Trrap,501.78441181061515,0.04494468447998444,0.1337652943445285,0.33599660285742,0.7368734282361804,0.9999950287823665
Tsc1,301.8996444861699,0.02395608529763081,0.15461259069608177,0.15494265499192567,0.8768665258627137,0.9999950287823665
Tsc2,396.15055132869503,-0.0218102549492457,0.14233642653270528,-0.153230311316227,0.8782166549507721,0.9999950287823665
Tsc22d3,1714.238217418105,-0.21515633101676745,0.15714905170618476,-1.369122681179372,0.1709609295654182,0.9999950287823665
Tsc22d4,772.746982452576,0.09392190040199538,0.14626508337794294,0.6421348023253443,0.520785660769535,0.9999950287823665
Tsg101,27.43890950626715,0.030881828410817446,0.3797185323902044,0.08132820965157113,0.9351809402348019,0.9999950287823665
Tshb,0.2709881817203719,0.010035929001538433,3.8206954392682,0.0026267283433250234,0.9979041764195309,0.9999950287823665
Tshr,0.8396958073489245,-0.7425536221862014,2.2836292415650545,-0.32516382636495855,0.745057084703783,0.9999950287823665
Tshz1,191.37084569221386,-0.15088047144149105,0.1763104758352494,-0.8557657775393845,0.3921273482742751,0.9999950287823665
Tslp,0.3645169144763278,-1.91107425506513,3.582635774964726,-0.5334268887782616,0.5937381083712814,0.9999950287823665
Tspyl2,301.58244232479194,0.19052468540065812,0.15782218424096908,1.2072110541174463,0.2273508744267454,0.9999950287823665
Tssc4,399.3088711204177,0.25922385563464206,0.1488297353802045,1.7417477426296684,0.08155259440730549,0.9999950287823665
Ttbk1,407.6152774738921,-0.017896989929012026,0.14852490128104634,-0.12049824490471424,0.9040884698792917,0.9999950287823665
Ttc8,137.94759007519616,-0.2968328496982821,0.19659582832710723,-1.5098634199114076,0.13107827835307678,0.9999950287823665
Ttk,2.5579449326952726,0.4932126834528766,1.2028769352628608,0.4100275506114817,0.6817857375406308,0.9999950287823665
Ttll3,20.677780154487714,0.002997340744863993,0.4454346797645857,0.006729024211693849,0.9946310559896735,0.9999950287823665
Ttll6,0.8085958466312272,-0.6071061946390597,2.1009435465478137,-0.2889683521656887,0.7726055961924948,0.9999950287823665
Ttn,2.036606690184694,-0.7705833612984575,1.4189213444413453,-0.5430768691423483,0.5870768778574244,0.9999950287823665
Ttyh1,2529.285783629058,-0.037330522917345496,0.13932995768636053,-0.2679289044311531,0.7887540443103087,0.9999950287823665
Tuba3a,0.4101228382072324,0.24486712757251475,3.318725845487363,0.07378347563884277,0.9411826757120761,0.9999950287823665
Tubb1,0.8545623141265288,1.9242791449481096,2.382454485080464,0.8076876838564746,0.41927039538359623,0.9999950287823665
Tubb2b,210.0464677202142,0.14292837182515203,0.19587304392671237,0.7296990385192049,0.4655741689649212,0.9999950287823665
Tubb3,883.7635002558076,0.23262028498550322,0.1382643150210446,1.682431833189186,0.09248513289423214,0.9999950287823665
Tubg1,89.10219895557935,-0.18519613655687517,0.22901911582322845,-0.8086492513569101,0.4187169266490134,0.9999950287823665
Tubg2,191.52433000804515,0.042956119652337615,0.18083990426641,0.23753673077074547,0.8122404274107045,0.9999950287823665
Tubgcp2,103.57697987265652,0.04655871893685211,0.22182693996553057,0.20988757697368415,0.8337554184164528,0.9999950287823665
Tufm,156.74343352289534,0.1393867883760243,0.19123241946506753,0.7288868109598233,0.4660709031757062,0.9999950287823665
Twf1,517.3654498440793,-0.0005247941824305249,0.1545094979105139,-0.003396517298467088,0.997289976497675,0.9999950287823665
Twf2,396.8286694175011,-0.11695799789590275,0.1484736771355761,-0.7877355781328473,0.43085139024011365,0.9999950287823665
Twist1,2.3040304933694045,-2.089230445708404,1.4521718353068072,-1.4386936827396895,0.15023732998077705,0.9999950287823665
Twist2,1.5781386289749697,-0.5485330340535336,1.4994856661161269,-0.36581412310149597,0.7145037805578301,0.9999950287823665
Twnk,17.04178531128299,0.7790885832263736,0.5020423393410607,1.551838405200926,0.12070089399095646,0.9999950287823665
Txnip,157.44290070862758,-0.1518479221687803,0.20896218964200652,-0.7266765457852722,0.4674241245629601,0.9999950287823665
Tyk2,62.73924636127021,-0.011792999253795391,0.2622298812396751,-0.04497198869192457,0.9641296361423215,0.9999950287823665
Tyr,0.5519401177693632,1.319943910188987,2.7215154239684836,0.48500328110000546,0.6276740180618727,0.9999950287823665
Tyro3,1464.9584907245787,-0.12251759773259006,0.1152677060812301,-1.062896121540329,0.2878290620733073,0.9999950287823665
Tyrp1,0.5414409737734953,1.242495843746938,2.909770119087326,0.4270082490697434,0.6693733193877965,0.9999950287823665
Tyw5,66.47347959440857,0.05065753818357685,0.2775222405526438,0.18253505766853131,0.8551628444370868,0.9999950287823665
Uba1y,5.021756879064178,0.9122991795980034,1.0150654308066278,0.8987589882487077,0.3687810493256847,0.9999950287823665
Uba6,277.14631005883643,0.07645716056586092,0.15487187198956842,0.49368009557610815,0.6215321245568579,0.9999950287823665
Ubac1,407.6710931376706,-0.11321022667527784,0.15315847742014563,-0.7391704891706293,0.4598034781775848,0.9999950287823665
Ubap1,477.6602872322308,-0.06180807470865146,0.13662411399893035,-0.4523950633570833,0.6509844027027522,0.9999950287823665
Ubash3b,351.33814795406835,0.1197167774913934,0.1637417095777881,0.7311318405071374,0.4646986275205912,0.9999950287823665
Ube2b,464.9152505808168,-0.05515879427367982,0.13877349496141428,-0.3974735542188126,0.6910182844564485,0.9999950287823665
Ube2d1,575.7413664913312,-0.14532261144337114,0.1259999356678979,-1.1533546479452388,0.2487648482408622,0.9999950287823665
Ube2g1,389.3293303180671,0.10440391015387611,0.15341402838613652,0.680536918638861,0.49616455371194046,0.9999950287823665
Ube2g2,95.00158420510456,0.03114131724515073,0.2280957745306957,0.13652737456107467,0.8914043853867065,0.9999950287823665
Ube2i,688.1815089727351,-0.014746839086377472,0.12671140200765846,-0.11638131101640065,0.9073503463848782,0.9999950287823665
Ube2m,388.5899268293022,0.10503116835517415,0.15352354831930323,0.6841371861515795,0.4938885421777859,0.9999950287823665
Ube2n,115.45740604933984,0.24210581453550334,0.23652429216493212,1.023598093538228,0.3060251460770461,0.9999950287823665
Ube2r2,237.11983752768592,-0.13534125852102305,0.16166335079840582,-0.8371795948346609,0.40249162540445627,0.9999950287823665
Ube2u,0.42840157561818853,0.24278752585553082,3.277951152336884,0.07406685291281573,0.9409571903344809,0.9999950287823665
Ube3a,1274.913008518822,0.009998109960674274,0.11539022432899791,0.08664607438640466,0.9309528415247363,0.9999950287823665
Ublcp1,91.4747374518671,0.051272318056666,0.2258641739743536,0.2270050940548361,0.8204197810845607,0.9999950287823665
Ubr5,605.841151577641,-0.007812127619506458,0.1315046163560591,-0.05940572913694914,0.9526289499292582,0.9999950287823665
Ubr7,392.01358677523376,0.10687348001011143,0.14199137800362133,0.7526758421020869,0.4516447302914245,0.9999950287823665
Ubtf,542.5343852183103,0.20642309711500842,0.14419172348991247,1.4315876953190703,0.15226185315934718,0.9999950287823665
Ubxn7,458.64881066016,0.09888061481093902,0.14091996157020456,0.7016792632438942,0.48287920796390427,0.9999950287823665
Uchl1,2339.9337717971557,-0.02571664977963365,0.11790154551179396,-0.2181197003652607,0.8273358482576019,0.9999950287823665
Ucn3,0.5519401177693632,1.319943910188987,2.7215154239684836,0.48500328110000546,0.6276740180618727,0.9999950287823665
Ucp1,0.5909931820568479,1.2850624847971044,2.669583882208548,0.48137183227746033,0.6302522524320479,0.9999950287823665
Ucp3,15.946724860463378,-0.518771741083134,0.5184629314194562,-1.0005956253474713,0.3170223459130159,0.9999950287823665
Ufd1,536.5428805106362,-0.06038000584447776,0.12999683383668678,-0.46447289570400097,0.6423089741562134,0.9999950287823665
Ufl1,278.5113354981773,-0.11874483627094538,0.1713507913611046,-0.6929926341612427,0.48831417402415,0.9999950287823665
Ugt8a,3512.713230221869,-0.44082159472107063,0.17846531073637134,-2.470068793213554,0.013508707118491855,0.7975803490631722
Uhrf1,3.1265751743913746,1.6817132697590933,1.1946884963253201,1.4076583770010236,0.15923225240288086,0.9999950287823665
Uhrf2,117.97301225906905,0.357003517722977,0.21948015231329335,1.6265867959366922,0.10382488553001805,0.9999950287823665
Ulk1,304.73529760794366,0.12136202104849708,0.14827905505664518,0.8184704239053497,0.41308862349507325,0.9999950287823665
Unc13b,158.3314495691414,-0.1532184683462584,0.21417386505099376,-0.7153929276561256,0.47436628137010595,0.9999950287823665
Unc5c,182.88258325046297,-0.09082074319906216,0.1795477677356149,-0.5058305338153589,0.6129756215174755,0.9999950287823665
Unc93b1,49.46635355909732,-0.006331889697964175,0.29518594895225003,-0.021450511856810763,0.9828862801850402,0.9999950287823665
Uncx,0.6454688505253191,0.038316865606087123,2.398191187172825,0.0159774023901981,0.9872524196749332,0.9999950287823665
Ung,8.873221898399178,0.2362528779872617,0.6690114368251674,0.3531372783526892,0.7239855268581307,0.9999950287823665
Upk1b,2.3732662226905514,0.057274006265055945,1.3123332859781245,0.04364288163457484,0.9651890696417816,0.9999950287823665
Upk3b,0.452393915237236,-1.01636677170274,3.1394991257764424,-0.3237353255995503,0.7461384239179836,0.9999950287823665
Uri1,458.2373490210974,0.02879933591727421,0.14004133964863147,0.20564881762437243,0.8370652415012907,0.9999950287823665
Urm1,69.93474547745872,0.09768497566524911,0.2771987430374025,0.35240050007033563,0.7245379270074401,0.9999950287823665
Usp14,511.6258547038605,0.10318713598974907,0.13207356054880345,0.7812853349374166,0.43463469342823824,0.9999950287823665
Usp18,4.292802939767335,1.3199918021511468,1.0152429135046266,1.3001733719022226,0.1935415548697017,0.9999950287823665
Usp2,561.8469851872218,-0.08749547907895165,0.14229548079745033,-0.6148858599627389,0.5386301015825866,0.9999950287823665
Usp22,559.0388751406666,0.03829313025243969,0.1296135011893851,0.29544090624083663,0.7676570884480429,0.9999950287823665
Usp25,461.6689627048141,-0.19921776007688902,0.14124183791781297,-1.4104727254598002,0.15840014446189454,0.9999950287823665
Usp3,38.28268472476157,0.18707796233738463,0.36150445567974676,0.5174983583137773,0.6048083146486001,0.9999950287823665
Usp32,934.0374082992984,0.01855527580629749,0.1159680714391985,0.16000331449873195,0.8728784632654567,0.9999950287823665
Usp47,347.71989985169256,-0.10457723922139057,0.14397545609128842,-0.7263546305773312,0.4676213967384888,0.9999950287823665
Usp50,0.45580481012243546,-1.0265968350500398,3.131943952360558,-0.32778263297984306,0.7430760194030092,0.9999950287823665
Usp54,684.1000087648968,-0.06900373803045297,0.16410814494325707,-0.4204772289292044,0.6741368608179383,0.9999950287823665
Usp7,385.83975280935095,-0.02912045656024428,0.14112361142684887,-0.20634716094506136,0.836519742001995,0.9999950287823665
Utp25,197.90389355064522,0.10083794153836288,0.18168576099142233,0.555012902431708,0.5788858352703854,0.9999950287823665
Utrn,373.05266476247283,0.001416488272532669,0.16877118073675712,0.008392951132705847,0.9933034724907841,0.9999950287823665
Uts2,0.0895824482035079,0.9694711599089978,4.453824094096601,0.217671632158531,0.8276849679587712,0.9999950287823665
Uts2b,0.21536182746453092,0.0081920501520074,4.137788937172267,0.001979813440558373,0.9984203384544649,0.9999950287823665
Vamp2,2760.6984873658716,0.07365815238495896,0.10788107447077831,0.6827717720304195,0.4947510693397458,0.9999950287823665
Vamp3,1352.1986799073052,-0.08143123746469581,0.12103057713501437,-0.6728154107193595,0.5010647323246618,0.9999950287823665
Vangl1,82.2143257768901,-0.04290994543515139,0.2449818811122868,-0.1751555879982966,0.8609573804210205,0.9999950287823665
Vangl2,90.41310484944113,-0.1115433073813824,0.23669330692105323,-0.47125670274481657,0.6374574308139804,0.9999950287823665
Vasp,1.7806792331327592,-0.42231310729233595,1.4313716822889453,-0.2950408426531141,0.7679626797388064,0.9999950287823665
Vat1,173.33172357351472,0.8874754650983168,0.2813614177408634,3.154218770377715,0.0016092839906714348,0.33848606603789183
Vav1,6.97210729216379,-0.8610930629615099,0.7747839649419668,-1.1113976307266604,0.2663972317110014,0.9999950287823665
Vav2,17.020058219225312,0.08251808623033055,0.4940916745548933,0.16700966739556514,0.8673624422792009,0.9999950287823665
Vax1,2.789518170615611,0.9080197558297394,1.1616369736537588,0.781672567612665,0.43440702741297643,0.9999950287823665
Vax2,0.12577937926102303,-0.8696279726090034,4.441901790678799,-0.19577829803303895,0.8447836970135787,0.9999950287823665
Vcam1,47.50564826132146,0.1313453746857653,0.3271637779088192,0.40146673792956183,0.6880765224451377,0.9999950287823665
Vcan,29.324065333402938,0.12275058336233004,0.41384301422379394,0.2966114665305192,0.7667631556190562,0.9999950287823665
Vcl,145.8106941142498,0.25882428072714403,0.2012653580036634,1.2859852450238005,0.19844821118377698,0.9999950287823665
Vcp,420.4102257925704,-0.17853863931485858,0.15555233486033535,-1.1477721596089303,0.2510626332287206,0.9999950287823665
Vdac1,2328.7208556261508,-0.049621609600109085,0.11125743795121767,-0.44600712108673896,0.6555921020372428,0.9999950287823665
Vdac2,799.5933986299159,0.20249862990471612,0.12252755560686937,1.6526782804223612,0.0983963570311173,0.9999950287823665
Vdr,1.2983567507013294,-0.5654726351949813,1.759005093997135,-0.3214729946631424,0.7478519741953036,0.9999950287823665
Vegfa,439.9094905698433,0.48413283927800616,0.2029362145505344,2.3856404355933685,0.017049411432784878,0.8623885366908489
Vegfb,628.1647242771118,0.06030560502508602,0.1467683384391821,0.41088974411245693,0.6811533830147349,0.9999950287823665
Vegfc,15.144447575660623,-0.29016236515022803,0.5111922191992494,-0.5676188999995916,0.5702937708113816,0.9999950287823665
Vegfd,6.731814693423503,-0.6708782243895052,0.7831718500889614,-0.8566168770153056,0.3916566553765407,0.9999950287823665
Vgll2,0.25155875852204607,-1.4851131659810481,4.354343402773429,-0.34106477799503115,0.7330548162393851,0.9999950287823665
Vhl,81.66925027501964,0.34440471417504437,0.2386862875896885,1.4429178888026033,0.1490436032498688,0.9999950287823665
Vil1,2.0012140791214064,-1.7898107792782152,1.6563843413307384,-1.080552824980392,0.27989607683334417,0.9999950287823665
Vip,132.00101542241288,0.38747389458149034,0.6099798517190913,0.6352240873030185,0.5252822756343053,0.9999950287823665
Vipas39,122.31329392656694,-0.17499202607405814,0.20598276539379495,-0.8495469304896012,0.3955770276986388,0.9999950287823665
Vipr1,60.97059542588443,-0.03771652262312398,0.2719060626858372,-0.13871159124061896,0.8896780581684959,0.9999950287823665
Vipr2,0.6437634030827194,0.04279359683323498,2.40011363487916,0.017829821143193304,0.9857746147062729,0.9999950287823665
Virma,277.5122795606863,-0.11585908815176804,0.15341299340559345,-0.7552104002394352,0.4501227493551532,0.9999950287823665
Vit,1.7439482481561477,-0.46631899167621543,1.4723296018397076,-0.31672187470355806,0.7514546490594755,0.9999950287823665
Vldlr,809.0042351001002,-0.2874270674924826,0.13426607029432103,-2.1407274888020593,0.03229602040430222,0.9999950287823665
Vps13a,248.2710797222579,-0.06810461204120549,0.1593116828618635,-0.42749289203264434,0.6690203612093675,0.9999950287823665
Vps25,188.43252245783742,-0.002015226820316057,0.17468569587807453,-0.011536301299235318,0.9907955674689208,0.9999950287823665
Vps26b,510.9952844968295,0.09107418770908945,0.14253224034519746,0.6389725404478156,0.5228407955949395,0.9999950287823665
Vps28,1054.613323521322,0.01870048786887608,0.1233910905449054,0.15155460403415805,0.8795382404301851,0.9999950287823665
Vps51,251.40274733889478,0.14615650236927175,0.16251112314131966,0.8993630684723904,0.3684593040098839,0.9999950287823665
Vps54,162.54929993379082,-0.14650442547770115,0.19026603549707027,-0.7699977828147737,0.4413012078974399,0.9999950287823665
Vps72,244.80362899847668,0.19484523058280662,0.16253746439454125,1.198771195973883,0.23061692556420565,0.9999950287823665
Vps9d1,181.3913769506089,-0.22281626145003744,0.17874136532014592,-1.2465847569808388,0.21254979371924532,0.9999950287823665
Vsig1,0.6437634030827194,0.04279359683323498,2.40011363487916,0.017829821143193304,0.9857746147062729,0.9999950287823665
Vsir,35.79721763620943,0.3838947193094195,0.3338064591812909,1.1500518002287234,0.2501225368181217,0.9999950287823665
Vstm2a,384.45418905890614,-0.11513550874094645,0.1479798287542632,-0.7780486685934854,0.4365403222671931,0.9999950287823665
Vstm4,9.913282756244064,-0.20681926374732354,0.6557559778141083,-0.31539058848801227,0.7524651117793115,0.9999950287823665
Vstm5,56.86652598519438,-0.04391691519230503,0.2777452383837361,-0.1581194170883639,0.8743627004587826,0.9999950287823665
Vsx1,0.9377100725931511,1.2318151451059478,2.3705011286420348,0.5196433489198993,0.6033121786029392,0.9999950287823665
Vsx2,0.2469958421013245,1.2368956898123245,4.413469574143697,0.2802547222844076,0.7792820857173672,0.9999950287823665
Vtcn1,0.21536182746453092,0.0081920501520074,4.137788937172267,0.001979813440558373,0.9984203384544649,0.9999950287823665
Vtn,28.047892121617007,-0.09913648491502045,0.4795390044303353,-0.2067328913792714,0.8362184686439892,0.9999950287823665
Vwa8,187.94995979212214,-0.040087845368072035,0.1730627990183082,-0.2316375650657954,0.8168195282114386,0.9999950287823665
Vwc2l,16.571003402457436,0.622126444373069,0.5009684568457745,1.241847537248425,0.21429281967653835,0.9999950287823665
Vwf,8.862052117835026,0.08508897464273332,0.6751915896455968,0.12602197057489403,0.8997145332192025,0.9999950287823665
Vxn,1156.8042982480279,0.08216609986687132,0.1308015590604859,0.6281737041748536,0.5298901544068503,0.9999950287823665
Wap,0.6075664720252043,1.3214733718424867,2.6490585241118523,0.49884642404626983,0.6178875797602459,0.9999950287823665
Wapl,768.8413194456099,-0.010123780394263943,0.12325836694140474,-0.08213463025253809,0.9345396551861485,0.9999950287823665
Was,0.9572168797239277,-2.3252022920577673,2.2064840872034113,-1.0538042424791851,0.2919725507618023,0.9999950287823665
Washc1,155.61992673294762,-0.012289222519130335,0.18828544175191841,-0.06526910633548821,0.947959739450802,0.9999950287823665
Washc2,858.5232145947606,-0.18905411722978507,0.1313258169729454,-1.4395807434324384,0.14998605091731781,0.9999950287823665
Washc3,76.67422402186777,0.08079673183166894,0.24440213168770136,0.3305893089955186,0.7409547227647697,0.9999950287823665
Washc4,515.1707393220614,-0.0026746443956261056,0.1452836269951206,-0.018409812935878414,0.9853119241792906,0.9999950287823665
Washc5,274.76617682302583,0.11615189190115957,0.16416904472052912,0.7075139658568953,0.47924713686281395,0.9999950287823665
Wasl,641.8921901572779,0.10923422249826364,0.12716616029065575,0.858988132130386,0.39034706366713223,0.9999950287823665
Wdr34,73.98287704697594,0.1532241307293918,0.25457850213659367,0.6018738009825341,0.5472581447876614,0.9999950287823665
Wdr36,168.5684785054174,0.03588255840054582,0.1788106442110849,0.20067350329651895,0.8409538795489913,0.9999950287823665
Wdr37,214.65230360832118,0.10926886215482956,0.17561314886187424,0.622213443941907,0.5338015271069028,0.9999950287823665
Wdr4,29.53154263172043,0.28652188308326365,0.39625849278170977,0.7230681191761923,0.4696380347680076,0.9999950287823665
Wdr45,267.78751379192835,0.14548085793039361,0.17038758749402555,0.8538230986778584,0.39320301396414836,0.9999950287823665
Wdr5,150.19425138593118,0.1431797503156951,0.1919176436568533,0.7460478754715173,0.4556384949600467,0.9999950287823665
Wdr59,281.13446705638466,-0.09479303848362451,0.1519419099778347,-0.6238768388356639,0.532708472046507,0.9999950287823665
Wdr61,241.16103159389513,0.026717838516512025,0.15749453218174542,0.16964295932305887,0.8652909355320236,0.9999950287823665
Wdr62,18.192687228398395,0.5746391456519253,0.4857019497816771,1.1831106420516233,0.2367653007386974,0.9999950287823665
Wdr82,410.7845494870751,-0.022711832775105228,0.1457827220076587,-0.1557923494796047,0.876196701223079,0.9999950287823665
Wdr83,65.170206919688,-0.07246550322842886,0.25998166958910385,-0.27873312508131526,0.7804496394187509,0.9999950287823665
Wdtc1,332.12673660400077,-0.04804819765612789,0.1525717612353369,-0.3149219571635877,0.7528209098211363,0.9999950287823665
Wee1,96.76258774140213,0.08528023452813852,0.22499273829423852,0.37903549765509176,0.7046615038337216,0.9999950287823665
Wfdc18,51.68144317446047,-0.9901707918331972,0.4144235418304649,-2.3892725482237753,0.016881773460012243,0.8623885366908489
Whrn,244.3934082997429,0.03078600790498243,0.1787246850194473,0.1722538098284104,0.8632379959080729,0.9999950287823665
Wif1,1.7045333043561135,0.26820695062270183,1.4769400792780991,0.18159636561139056,0.8558995012487601,0.9999950287823665
Wipf1,51.34556474024888,0.10005018177810766,0.2944702908605717,0.33976324567655714,0.7340348287044753,0.9999950287823665
Wiz,291.3550369361891,0.1623842797092681,0.14914230198945566,1.0887875374268303,0.2762475886347635,0.9999950287823665
Wls,372.1048876807299,-0.012164704254050772,0.14984849829659272,-0.08118002110353731,0.9352987879176087,0.9999950287823665
Wnt1,0.0,,,,,
Wnt10a,38.86385364073901,0.22825748654660832,0.3365845109390023,0.6781580231063408,0.49767150462319976,0.9999950287823665
Wnt10b,0.7550973537954265,0.748732163206714,2.335217259190254,0.32062634012320546,0.7484935741105353,0.9999950287823665
Wnt11,0.5436818108833436,-0.46284691600638717,2.6933431888043784,-0.1718484736480437,0.8635566558880379,0.9999950287823665
Wnt16,1.2404083171346147,-0.3279546009080411,1.7827356311923728,-0.18396143273845406,0.8540437107240314,0.9999950287823665
Wnt2,2.877034627612122,0.6973534957633397,1.1907368160621141,0.585648723006279,0.5581115990659318,0.9999950287823665
Wnt2b,8.519953107464781,0.1512951030485484,0.6581344539713971,0.2298847935031886,0.8181812929363061,0.9999950287823665
Wnt3,27.871116172114373,0.05192843824568854,0.4727691694343188,0.10983888460371122,0.9125371521457131,0.9999950287823665
Wnt3a,0.0,,,,,
Wnt4,42.45442433565305,-0.002098292245498077,0.3162787484882316,-0.006634313103639184,0.9947066228336504,0.9999950287823665
Wnt5a,13.509199393651441,0.11715476508128281,0.5407109456412984,0.21666801093204052,0.8284670793749187,0.9999950287823665
Wnt5b,9.667179382805697,-0.6227231083611475,0.6827915121926844,-0.9120252628234407,0.3617554189565112,0.9999950287823665
Wnt6,5.298308366297437,0.8341966946053161,0.8567871470769111,0.9736335301612934,0.3302385316959694,0.9999950287823665
Wnt7a,55.84942618501566,-0.03388944399992398,0.3027322716900745,-0.11194526374980819,0.9108668068522714,0.9999950287823665
Wnt7b,82.48808131567228,-0.1836813366335839,0.23662893612778363,-0.7762420760510578,0.4376060667783154,0.9999950287823665
Wnt8a,0.21536182746453092,0.0081920501520074,4.137788937172267,0.001979813440558373,0.9984203384544649,0.9999950287823665
Wnt8b,0.3049442756680388,0.5282623719659802,3.599600672302437,0.1467558265645295,0.8833247523657832,0.9999950287823665
Wnt9a,76.33427398437334,-0.1687299334561253,0.2686545853674188,-0.628055289751954,0.5299677208784197,0.9999950287823665
Wnt9b,0.9454896660082394,1.0200002899600198,2.0541445310201425,0.4965572161825735,0.6195013299469794,0.9999950287823665
Wrap53,176.29810649734318,0.13862097905934476,0.20461923070982976,0.6774582163097024,0.49811527222449703,0.9999950287823665
Wrap73,155.07804937522394,-0.1821356489058347,0.18635467471332703,-0.977360236259259,0.3283908415400445,0.9999950287823665
Wrnip1,377.7852299590813,0.12476817661905303,0.14400365079742367,0.8664237047334998,0.3862578491628835,0.9999950287823665
Wsb1,70.20639444874246,-0.3323155611352672,0.26381340264211167,-1.2596614038828244,0.20779153425064134,0.9999950287823665
Wt1,1.2493399320852252,-1.4474172780863725,1.8168522729432761,-0.796662061985687,0.4256473229163191,0.9999950287823665
Wtip,29.64709818832132,-0.09263830085347685,0.37847730953171044,-0.24476579842553342,0.8066377773939943,0.9999950287823665
Wwox,124.68400213908212,-0.0983279674266113,0.20108205695020923,-0.48899423905813094,0.6248457754408974,0.9999950287823665
Wwtr1,24.96823351642679,0.4069257441897986,0.4107664661579368,0.9906498648634539,0.32185657979793014,0.9999950287823665
Xcl1,0.18311118095946377,-0.8696279726090034,4.441901790678799,-0.19577829803303895,0.8447836970135787,0.9999950287823665
Xcr1,1.520190195408255,-0.3438792057680895,1.6376317889566472,-0.209985668382255,0.8336788586467822,0.9999950287823665
Xiap,486.3268770811303,-0.11499634410760959,0.13326882551602667,-0.8628900544619892,0.3881979193750268,0.9999950287823665
Xist,195.3323233535538,-0.01427224439112766,3.6613398234112626,-0.0038980933427343652,,
Xkr6,53.48856885341039,0.05416931134716954,0.2817485050321206,0.19226122012961167,0.8475375935239604,0.9999950287823665
Xpa,119.88100197507605,-0.37703006728802874,0.21680310039917192,-1.7390437064500064,0.08202707534492532,0.9999950287823665
Xpo1,356.4259945209771,0.058561706348222525,0.15693168282387696,0.3731668793352953,0.7090242450953429,0.9999950287823665
Xrcc1,120.98005329326935,0.18597956169741947,0.23865703181305636,0.7792754325508416,0.4358174833637044,0.9999950287823665
Xrcc2,32.20179711223733,-0.1098508877372719,0.3603627213633317,-0.30483421626321877,0.7604924201859729,0.9999950287823665
Xrcc4,94.22933212864514,-0.06802032574786206,0.2538078098743243,-0.2679993408459065,0.7886998261102725,0.9999950287823665
Xrcc5,89.27301200608333,0.032288269809598244,0.231599560447386,0.1394142102309101,0.8891228438769797,0.9999950287823665
Xrcc6,311.05498232346577,0.001363421934942933,0.1654220506223494,0.008242080966917522,0.993423845302806,0.9999950287823665
Yap1,31.23075277158151,-0.07962599903496534,0.3679786788969973,-0.21638753439096356,0.8286856822209482,0.9999950287823665
Yars,534.6553287279991,0.45227357137857066,0.18774982101428853,2.408916125380225,0.015999974592400792,0.8587839008455471
Ybx3,911.482849650885,0.03711162406406133,0.13449618126555615,0.2759306897404487,0.7826013016099007,0.9999950287823665
Yeats2,94.18613228180006,-0.24813744202347263,0.234329750228943,-1.0589241945635983,0.2896343045333323,0.9999950287823665
Yeats4,264.0250145661601,0.045334391918943506,0.15628278223059525,0.2900792478345606,0.7717556113961375,0.9999950287823665
Yes1,137.16678828284952,0.2781437894649972,0.20416240864043755,1.3623653409911154,0.17308261606480135,0.9999950287823665
Yif1a,46.776272995625355,-0.05346537839896168,0.3484298453227565,-0.15344660945860075,0.8780460910436264,0.9999950287823665
Yipf1,65.85691352767036,0.12230855516375298,0.2575007404139037,0.47498331448350645,0.6347988661776895,0.9999950287823665
Ywhae,2157.1542092123636,0.126920077248489,0.10756711404245911,1.1799152406226203,0.23803392762460562,0.9999950287823665
Ywhag,2948.628985066894,0.04925328380465231,0.12172026879530397,0.4046432388962366,0.6857397705188288,0.9999950287823665
Ywhaz,8758.969583924756,0.029322461047962652,0.10278121673637065,0.2852900751620161,0.7754219159284228,0.9999950287823665
Yy1,529.2618183341106,0.0943052944564659,0.15362111023272645,0.6138823909917018,0.5392930471864964,0.9999950287823665
Zap70,2.261508522252251,0.2193740582661726,1.3734971344441795,0.15971934179167244,0.8731021639555963,0.9999950287823665
Zbp1,0.5881370488268785,0.23105123654620954,2.611572200213272,0.08847208456551227,0.9295014706074162,0.9999950287823665
Zbtb16,1140.1207058998943,0.27399537095479076,0.19602111378814321,1.3977849919316396,0.1621776425194501,0.9999950287823665
Zbtb4,66.59147846472189,0.1501119119569023,0.25431868431012317,0.5902512132134645,0.5550222420192565,0.9999950287823665
Zbtb46,29.734764802955727,0.19466067596809994,0.36568944774768863,0.5323114384815615,0.5945103112357928,0.9999950287823665
Zbtb7a,379.7980054160044,0.027443643319223148,0.14114533561401466,0.19443535416765273,0.845835009485663,0.9999950287823665
Zbtb7b,44.092865766320074,0.37045543400928777,0.3544405528884049,1.0451835462685477,0.2959381464982779,0.9999950287823665
Zbtb8b,19.85457773065427,-0.10645316687954648,0.4415585816457001,-0.24108503674142806,0.8094892097442121,0.9999950287823665
Zc3h11a,322.0440664162334,-0.0904244661530513,0.15218428670703213,-0.5941774154852545,0.5523934565286712,0.9999950287823665
Zc3h12a,9.986940279836274,-0.535995525108389,0.6740663374519063,-0.7951673230479804,0.42651617714168,0.9999950287823665
Zc3h14,118.44056460736319,0.12198413481326936,0.22041433812810418,0.5534310328866743,0.5799682939233543,0.9999950287823665
Zc3hc1,213.8711453806096,-0.158495993690605,0.17070902240348707,-0.9284570402845175,0.3531705421375806,0.9999950287823665
Zcchc12,59.4341362260927,0.4575426472907714,0.2887501898817886,1.5845622386537122,0.11306583021962535,0.9999950287823665
Zdhhc18,95.74906115473419,-0.24368941307763833,0.22983186137171155,-1.0602943022051876,0.2890107305828161,0.9999950287823665
Zdhhc2,576.1352035789354,0.15201603971871935,0.14637580094977592,1.0385325903075926,0.29902217064552505,0.9999950287823665
Zdhhc6,112.62639306399888,-0.11953981653767118,0.2119461135459335,-0.5640104200908794,0.572747040666558,0.9999950287823665
Zdhhc7,119.13749722874933,0.10004502099510026,0.20731072933192543,0.4825848682193292,0.6293905253810919,0.9999950287823665
Zdhhc8,523.7204907966009,-0.12212333743554071,0.13520996881223424,-0.9032125257356808,0.3664131112980321,0.9999950287823665
Zeb1,418.04767425343806,0.09636187720277599,0.1495590104241784,0.6443067317005841,0.5193765512758544,0.9999950287823665
Zeb2,1981.5901696231424,-0.17278248513545255,0.11371455769310176,-1.519440330601875,0.1286516967808763,0.9999950287823665
Zfand2a,250.61755794336713,0.09016796648572142,0.1549557915767545,0.5818947815258547,0.5606375557616629,0.9999950287823665
Zfand2b,132.76869382947072,0.0996860518031861,0.20772867156743846,0.4798858580810947,0.6313085575857491,0.9999950287823665
Zfand4,104.5866086273394,0.11008997281329409,0.31125646747862307,0.35369537444504673,0.7235671894756043,0.9999950287823665
Zfhx3,21.88676515930808,-0.4578904390633434,0.4802051316838898,-0.9535309159602324,0.3403211396944793,0.9999950287823665
Zfp106,930.7606844399929,0.021837409484172288,0.1291696983429328,0.16905984735054597,0.8657495674263791,0.9999950287823665
Zfp111,142.9998229597713,-0.17018810924005107,0.19408612079915852,-0.8768690339076989,0.380557777380388,0.9999950287823665
Zfp148,555.5320637268974,0.11383838732304159,0.1281001173712975,0.8886673147463372,0.3741819021568663,0.9999950287823665
Zfp219,62.85649242371704,0.2710531352377397,0.2783496125260768,0.9737866447087166,0.33016248562927586,0.9999950287823665
Zfp24,264.6660395208191,-0.04062249389293311,0.15386977676531693,-0.2640056725037742,0.7917755477569197,0.9999950287823665
Zfp281,399.02926339310744,0.5853062228713081,0.4702523121486218,1.2446642105745223,0.21325520680325927,0.9999950287823665
Zfp42,0.2709881817203719,0.010035929001538433,3.8206954392682,0.0026267283433250234,0.9979041764195309,0.9999950287823665
Zfp503,14.424769904656555,0.15718270439409535,0.5381129582091193,0.29209983145028007,0.7702102955509985,0.9999950287823665
Zfp536,514.9446861224986,-0.07935997011108503,0.16336680981881427,-0.48577780394378167,0.6271247130891434,0.9999950287823665
Zfp57,11.168633164415338,-0.11759803898224935,0.6077388138975627,-0.1935009518777767,0.8465666606528809,0.9999950287823665
Zfp750,0.8924646926266435,0.8068506494057116,2.133222714190353,0.3782308542087436,0.7052591066454224,0.9999950287823665
Zfp819,0.5179840238216964,0.8926555639927439,2.828096277901696,0.31563832213486354,0.7522770466898078,0.9999950287823665
Zfp979,1.8583609574658795,1.5363917979638992,1.521265232774063,1.0099434108293217,0.31252240281321453,0.9999950287823665
Zfpl1,15.686285644001197,-0.03493787183995341,0.500997355407411,-0.06973663925140271,0.9444032788519756,0.9999950287823665
Zfpm2,133.6969608287413,0.0182821142063959,0.21778420705574408,0.0839460053304802,0.933099361656556,0.9999950287823665
Zfyve9,696.7702346540003,-0.002414852618545373,0.12658401085349447,-0.019077074602575753,0.9847796199191873,0.9999950287823665
Zic1,22.12550601031619,0.13255661989157944,0.41974916310985977,0.31579960495808246,0.7521546179794627,0.9999950287823665
Zic2,26.702932201535166,-0.32658612910365237,0.40162450869665495,-0.8131628474653704,0.4161246973329541,0.9999950287823665
Zic3,6.248744567194163,-0.7129264452218705,0.7825208563418599,-0.9110638258955418,0.36226174503110575,0.9999950287823665
Zic4,3.5953391262178926,0.5938350402646678,1.0774499108236222,0.5511486281628902,0.5815317926111265,0.9999950287823665
Zkscan1,174.1516213576409,0.0100070633659166,0.20284388922247507,0.04933381727334687,0.9606532700317644,0.9999950287823665
Zmpste24,245.84509913300485,0.05970389476344918,0.15599372165532854,0.3827326775071513,0.7019179828027633,0.9999950287823665
Zmynd10,1.688855947819403,0.052893838318900016,1.448687919815417,0.03651154786024545,0.9708744709887812,0.9999950287823665
Zmynd19,40.64318878170672,-0.10230568442733678,0.3400324237857642,-0.3008703796194271,0.763513338012334,0.9999950287823665
Zp1,0.3645169144763278,-1.91107425506513,3.582635774964726,-0.5334268887782616,0.5937381083712814,0.9999950287823665
Zp3,0.627190113114363,0.038962130112117355,2.416026930903064,0.016126529722727084,0.9871334486071888,0.9999950287823665
Zscan2,47.351771919487476,0.2381026136698269,0.31356439309379663,0.7593420009222897,0.4476479987423876,0.9999950287823665
Zscan21,177.6129393864641,-0.10856795166186246,0.17747099382382936,-0.6117504011367341,0.5407029098660796,0.9999950287823665
Zswim5,89.72605133736789,0.0305035619895253,0.23014908683853658,0.13253827077282904,0.8945585543156397,0.9999950287823665
Zswim9,36.91898604435692,0.3429328783857655,0.3460860012704272,0.9908891926483966,0.3217396901142858,0.9999950287823665
Zup1,44.112805735668694,-0.19229883999772462,0.32643932509999113,-0.5890798847192257,0.5558076864638676,0.9999950287823665
Zyx,135.99314134171615,0.2385281808190588,0.2109109108707112,1.1309428224188793,0.258079157968627,0.9999950287823665
Zzef1,217.80433889585618,-0.10556739372054152,0.17435674957676037,-0.6054677778566043,0.544868228240002,0.9999950287823665
a,0.4101228382072324,0.24486712757251475,3.318725845487363,0.07378347563884277,0.9411826757120761,0.9999950287823665
