,fraction_cells
Ckb,0.9010046950838873
Aplp1,0.8958419328535903
Ywhaz,0.8716680459788813
Aldoa,0.8415373603827643
Prkar1a,0.8119933060995422
Map2,0.7652041212628942
Gnao1,0.7553879595193893
Ndrg2,0.7535131793790452
Rab7,0.7493721926590767
Ldhb,0.7427453938766672
Gnb1,0.7395794148327236
Mbp,0.7365049380732872
Kif5a,0.7354292778843046
Gabbr1,0.7349646496174188
Dpysl2,0.7325449225382327
Atp2a2,0.7304037690807681
App,0.7217059685923491
Rtn3,0.7130549359382339
Cltc,0.7130488357859335
Hnrnpa1,0.7087705956392044
Sptan1,0.7048847986238056
Ppp2ca,0.7007743126653395
Kif1b,0.6956928857990488
Ntrk2,0.6890101689538849
Ttyh1,0.6878053888745422
Map1b,0.6868334312746674
Snap25,0.6862559501902231
Cyfip2,0.68309505460653
Atp1b2,0.6815537494586115
Aldoc,0.6812792426050903
Atp5o,0.6794390299944488
Ctnnb1,0.6787049783342924
Sdha,0.6706141429997702
Atp5f1,0.6667598634379238
Klc1,0.6660898633769223
Stxbp1,0.6648027312415233
Camk2a,0.6642252501570789
Nedd4,0.659700970534231
Eno2,0.6561181477497555
Nsmf,0.654862533067909
Fam107a,0.6538275405609293
Atxn10,0.6527772976731986
Actr2,0.6515796344382064
Lrp1,0.6503108027597089
Rab6a,0.6494974491196464
Rnf14,0.6489372518000532
Kif5b,0.6485387085164226
Atp6v1b2,0.6480201955708828
Pdia3,0.647360362430382
Ywhag,0.6460955975200847
Dst,0.6437206048911022
Cbx3,0.6430099371480975
Kif5c,0.6429570691614934
Mtch1,0.6403868716588957
Rac1,0.6402435180798347
Rsrp1,0.6387876150641227
Ppp2r1a,0.6370307712015877
Pgk1,0.6340061123526051
Vdac1,0.6333971138146083
Vamp2,0.6311786917613377
Rab3a,0.6297492227389277
Atp6v1a,0.6295164002594598
Pink1,0.6283787218554223
Pja2,0.6265364758606806
Selenop,0.6247043967864397
Map4,0.6237863238652191
Camk2b,0.6233013617573319
Dnm1,0.6215587515834978
Ywhae,0.6164712245649067
Rbbp4,0.6144164899316986
Ppp3cb,0.613835958771104
Mt2,0.6057766408901343
Stmn4,0.6055611021755176
Agpat3,0.60299090467292
Mapt,0.6022812536219654
Canx,0.6006952140238435
Dlg4,0.5995382184708545
Uchl1,0.5979867464024352
Impact,0.5942443029660974
Pak1,0.5904215408578034
Sncb,0.5880709488380227
Mapk8ip1,0.5871020413142981
Sept7,0.5862348029955815
Cct8,0.5832457283683516
Etnk1,0.582601145608602
Mprip,0.5822686873082265
Ppp3r1,0.5816607054622797
Car2,0.5810720407652844
Snrpn,0.5800156977252532
Slc1a3,0.5797930421662861
Syn1,0.5762386867592127
Rtn4,0.5753256972982426
Atp2b2,0.57308185794372
Hpcal4,0.5705258941298235
Gnai2,0.5695895207517014
Rab5a,0.5687751504195888
Hsph1,0.5683684735995576
Bin1,0.5671199757620615
Prkce,0.5649798389966469
Ap2b1,0.5612373955603092
Prkacb,0.5612180784113576
Kpnb1,0.5597316746341434
Prkaca,0.5580663330561153
Mapk8ip2,0.5561661356145192
Fscn1,0.5552917804514519
Mapre2,0.5524663932442847
Cd81,0.5500009150228451
Tpi1,0.5485124778615306
Eps15,0.5469762561738625
Gprc5b,0.545891445756429
Spred1,0.5438377278152711
Hspa5,0.5431524773735185
Sod1,0.5419944651284794
Qdpr,0.5411262101177126
Meg3,0.5381229018017817
Rhoa,0.5379663312260696
Lamp1,0.5356248894347395
Csde1,0.5342696389319853
Atp6v0a1,0.532223037835178
Gria2,0.5317482426477914
Sept5,0.5303452076186835
Cd47,0.5301154352153659
Nsf,0.5293468160255068
Ppt1,0.527087726290233
Adgrb1,0.5240620507492004
Syp,0.5219412311327373
Glud1,0.5218568456925808
Myo5a,0.5213952675018453
Grk2,0.5184997285432227
Ndrg4,0.5178754796244747
Hnrnph1,0.5172918983877297
Cul3,0.5163189240958049
Gtf2i,0.5150999103277611
Cmip,0.5140273002149287
Pcdh10,0.5122724897364938
Sfpq,0.511260881146666
Sorbs1,0.5111612453257584
Amfr,0.5108359038697333
Sdhb,0.510118119282378
Caprin1,0.5098212452037553
Stmn2,0.5068931720995301
Sf1,0.5062455392636303
Dync1h1,0.5060676181548666
Sv2a,0.5059944163272609
Dcaf7,0.5054718366135208
Nfe2l1,0.5052918821206569
Atf4,0.5051454784654457
Prpf8,0.5049970414261342
Ptprn2,0.5045486802320498
Thra,0.5031568288154927
Ube3a,0.502912822723474
Bmpr2,0.5028924888824724
Acsl6,0.5025274964364944
Hspd1,0.500767602497809
Sod2,0.5002551897045696
Cct5,0.49850444599433497
Strn3,0.4982146887600627
Khdrbs1,0.4978995142245385
Saraf,0.4974470862622537
Gap43,0.49548588729765286
Luzp2,0.4944793621680755
Rad23b,0.4934575866577469
Acox1,0.4915004544613464
Trim2,0.49006285190253585
Fam49b,0.4889841416374029
Rap1gap,0.4886760839462292
Pten,0.4885510308240696
Fasn,0.4865511975615658
Cdk5r1,0.4848451883015346
Acly,0.484811637463882
Ldha,0.4843581928095472
Ptpa,0.4825799984139604
Ank2,0.48145045354632354
Ncam1,0.48114442923925
Ptprz1,0.4808790726141796
Ntsr2,0.48041546103934396
Gsk3a,0.47680010410926593
Serpine2,0.47582001297299054
Glg1,0.4748714392902676
Gps1,0.474330559119626
Hspa9,0.473536522628515
Rnf13,0.4734745044134602
Dbp,0.4729986925340236
Tardbp,0.47181119621953227
Cdk5r2,0.4707721369443524
Pik3r1,0.470182455555307
Ppp2r5c,0.4687367194600959
Aplp2,0.4675309226887031
Gria1,0.46604756898763905
Syn2,0.46454693152172366
Ndufs1,0.46439849448241227
Elavl1,0.46299240937715413
Picalm,0.46185371428106653
Tceal5,0.4589876593918962
Pdcd4,0.45862165025386803
Evl,0.45838171093004954
Gmfb,0.45617752256548005
Mef2d,0.45616532226087914
Add2,0.45450099737490113
Slc6a11,0.45423462405778064
Paip1,0.4538309973138996
Rnf10,0.4537893129398464
B2m,0.45327588345455694
Atp6ap2,0.4528580230219748
Sdcbp,0.45285395625377445
Dnm1l,0.45049523069759306
Dctn1,0.4503356100457308
Park7,0.44990453261649765
Grin1,0.44913489673458845
Cyld,0.4489895097714273
Peg3,0.44792096642679513
Tmem106b,0.44739228656075447
Ank,0.44409413755030086
Cap2,0.443029660973869
Rdx,0.44181064720582525
Prrc2b,0.4415422405046046
Rheb,0.43957189131155305
Sirpa,0.43932686852748426
Emc1,0.4385795998706768
Mapk1,0.4377011779394092
Gpi1,0.43741650416538735
Cs,0.4373616027946831
Hivep2,0.43603481966933105
Gnaq,0.4351706314267646
Cnp,0.4349052748016942
Rab10,0.4334341214052311
Dlg1,0.4330884461082045
Rab21,0.43302541120109966
Dner,0.4319517843962171
Pkm,0.4310987797662015
Tcaf1,0.4288661240242298
Hnrnpm,0.42844318013139726
Abi1,0.4283730283799419
Jun,0.42775589630554445
Cntn1,0.4271977323700515
Srsf1,0.4263487945082362
Pfkp,0.4255710250899264
Cspg5,0.4252822845477042
Rasgrf1,0.42444453029843976
Pafah1b2,0.4242401751963741
Gja1,0.42346240577806427
Tsc22d3,0.42330075174210186
Cpeb4,0.42272632073380767
Arhgef12,0.422718187197407
Npepps,0.42258195046269653
Hmgcr,0.42244978049618637
Tppp,0.4219333009347467
Slc8a1,0.4206187181139956
Pkp4,0.42053941613408946
Ahi1,0.42050281522028665
Scarb2,0.4203350610320238
Ptgds,0.4198866998379393
Rab5c,0.419675227891523
Sorl1,0.4188191731853572
Trappc10,0.41828947662726645
Cabp1,0.4182111913394104
Dbn1,0.4178695828105842
Nefl,0.41749340675205526
Pi4ka,0.4169413429688628
Brsk2,0.4155332244795045
Clk1,0.41548950672135115
Sqstm1,0.41483780711725105
Gnal,0.4146863200017894
Dlgap4,0.41447688143947325
Raf1,0.41292744275515414
Rock2,0.41189956709252507
Prpf19,0.4116372605436049
Ggnbp2,0.4113353030047317
Klc2,0.40983669892291646
Adgrl1,0.4096984288041058
Eif4g1,0.40959370952294777
Epas1,0.4083075940795989
Vps28,0.40807578829218105
Plpp3,0.4077250295349041
Sept8,0.4066046348957179
Gpm6a,0.40448178189515466
Myh10,0.40397546925421574
Gabra1,0.4030828136342471
Mib1,0.4021362733356243
Cdc37,0.40188210032310473
Itpr1,0.4018515995616024
Map2k1,0.4017997482670484
Lmo4,0.40122328387465406
Sez6l2,0.400949793713183
Marcks,0.40044958122454455
Bsn,0.4003458786354366
Camkv,0.3995010075418216
Apc,0.399427805714216
Epb41l1,0.3992671683703036
Tmem63b,0.39862461899465423
Plk2,0.398466015034842
Tubb3,0.3982250590189735
Plec,0.3975540422659219
Camk2g,0.39743203921991255
Gars,0.3968230406819157
Tcp1,0.3965302333714932
Bex3,0.3962801271271739
Stk39,0.39536612097415363
Gabrb3,0.3941887915801631
Ptpra,0.3938075320613838
Smarcc2,0.39277965639875473
Mapk9,0.3927684727862039
Kcnab2,0.3921472739436061
Kmt2e,0.39063748624924
Ddx6,0.39046363190867667
Nbr1,0.3903873800049208
Dctn2,0.39028774418401313
Nr1d1,0.3896756955698661
Sept4,0.38962892773556246
Kdm5b,0.3896065605104607
Syne1,0.3895008245372526
Map1lc3a,0.3890971977933716
Nf1,0.3883397622160633
Cdkn1b,0.3877256802178161
Ap1b1,0.38692147680620426
Pafah1b1,0.38685234174679894
Sort1,0.38625757689750323
Smdt1,0.38583259962057054
Frrs1l,0.3857939653226676
Slc12a5,0.38400763739068017
Araf,0.38388970111287113
Mpc1,0.38314548253221387
Crk,0.38127476916007
Lingo1,0.3811639497266115
Ptpn5,0.3805346173476131
Ogdh,0.3797710816180044
Ppp1r16b,0.3786059525286148
Gpr37l1,0.37837109666504676
Ncor1,0.3780894729671751
Gtf2a1,0.3775058917304302
Cit,0.37744285682332535
Eif4a3,0.37736660491956947
Mapk10,0.37717343343005466
Sdhc,0.3761679249925273
Cfap36,0.37543895679262124
Sel1l,0.3753291540512128
Coro2b,0.3749438277642332
Zfp106,0.37472727235756653
Ndn,0.37430331177268394
Cct7,0.3734025226163147
Capn2,0.37334762124561044
Cisd2,0.3728240248398202
Cttnbp2,0.3720432053453601
Hif1a,0.3712857697680519
Nrcam,0.370962461696127
Mef2a,0.37034024616147915
Atg13,0.36802625505550124
Fyn,0.3663253292557204
Immt,0.36520086784833394
Scn2a,0.3651561333981305
Cul1,0.3648673928559083
Srrm1,0.36416485864930426
Rabep1,0.3636178783263622
Rangap1,0.3632447523439835
Fbxo3,0.36252595106457824
Syngr3,0.36220264299265337
Drosha,0.362015571655439
Ptk2,0.3614970587098991
Appl1,0.36096939553590857
Slc17a7,0.3609419448505564
Msmo1,0.3587845243202905
Ddit4,0.3580728398852358
Ctnnd1,0.35803420558733284
Dnajb6,0.35763261222755194
Enah,0.35752077610204336
Cyfip1,0.3574048732083344
Adcy1,0.3570276804577554
Myo6,0.35624381088714513
Vdac2,0.35616349221518895
Spag9,0.35604657262942996
Spop,0.3557984997692109
Celsr2,0.3556073616637962
Psmd1,0.35463133729572116
Asna1,0.354121974578632
Edil3,0.3540253888338746
Dync1i2,0.35369903068579944
Dgcr2,0.3535333098816367
Amd1,0.35306563153860077
Sh3gl2,0.3514318074141251
Atl1,0.3510169970576932
Slc25a22,0.35043849928119875
Pou3f3,0.3492987874930611
Hk1,0.3492052518244539
Pitpnm1,0.34758871146482956
Mlc1,0.3475592273953773
Csnk1d,0.3474819587995714
Dnajb1,0.3466076036365041
Fgfr3,0.34642358237543996
Bnip3,0.3462080436608234
Smpd1,0.3451171330910895
Snx6,0.34502766419068265
Ptp4a1,0.34435969751378126
Ina,0.3441807597129675
Cadm1,0.34335520576830403
Mkln1,0.3419938551132493
Nfix,0.3415902283693683
Abcd3,0.3409212450004168
Arhgap35,0.34085922678536207
Mal,0.34070265620965
Appbp2,0.34064063799459526
Kcnip3,0.3400184224599474
Scn8a,0.33949584274620725
Mast3,0.33939315684914934
Mboat7,0.3390129140224201
Pik3r2,0.3387526408576001
Fh1,0.33691751170720896
Myo18a,0.3368697271808553
Disp2,0.33651693503947816
Psmd14,0.3361336421365987
Gria4,0.335643596568461
Id4,0.3352318362881793
Slc4a10,0.3351637179208241
Ubr5,0.3340412898975378
Ppp5c,0.3339121700071778
Npc1,0.333784066808868
Id2,0.33378000004066766
Tnr,0.3335644613260511
Caskin1,0.3330835659863641
Wapl,0.3329585128642045
Crmp1,0.33272467369268655
Usp32,0.332652488557131
Eif4g3,0.33247355075631724
Mcl1,0.33119455215731886
Ncam2,0.3309932471314034
Fgf12,0.3307868586452375
Zeb2,0.3290849161534066
Kcnj10,0.32906966577265545
Cops8,0.3276178295251438
Ldb1,0.32736568989672443
Stip1,0.3268736109444866
Prkcz,0.32678210865997953
Ehmt2,0.3267129736005742
Tpr,0.32592097049356333
Gphn,0.32572678231199836
Grin2a,0.32558444542498743
Smarca2,0.32532620564426756
Fbxw7,0.3250039142643928
Adam10,0.3249896805756917
Cops2,0.3240817745749719
Mpp2,0.32392622069130994
Rbbp7,0.32301933138264016
Lamp2,0.32259130402955727
Ppp2r2b,0.32244896714254634
Rph3a,0.3223737319308405
Hdac3,0.3221480262957232
Srebf2,0.3219467212698077
Gabbr2,0.32186233582965124
Rgs20,0.3217982842304963
Adora1,0.32157054521127876
Mllt6,0.3213865239502146
Ap2a2,0.32064027198545725
Map7,0.32033729775453396
Ctbp1,0.31895662995052776
Camsap2,0.31885597743757005
Echs1,0.3180548241021084
Laptm4b,0.3174000744218581
Etv5,0.3173045053691507
Trim28,0.3172780713758487
Ppp1r2,0.31719978608799265
Sumo1,0.3171886024754418
Ppp1cc,0.31715911840598954
Anapc5,0.31677175873490976
Ube2i,0.3163691486830788
Grik2,0.3163162806964747
Skp1a,0.3161027753659583
Tle4,0.31578760083043406
Gnai1,0.31506574947487853
Srsf2,0.31428594667246856
Adh5,0.3140531241930007
Ap1g1,0.3138294519419835
Acsl4,0.3135864625420148
Rab1a,0.3132418039370383
Homer1,0.31304761575547335
Kcnma1,0.3129205292492136
Gstp1,0.3127710755178521
Vamp3,0.31233999808861895
Itgb1,0.3123054305589163
Nedd4l,0.31229933040661584
Tnks2,0.3115246110644562
Bcr,0.31043370049472235
Psmc2,0.31042048349807133
Mfn2,0.309987372684738
Cpsf6,0.30983385218517623
Zfyve9,0.3098216518805753
Copg1,0.30981860180442505
Zeb1,0.30978200089062224
Ppp1r7,0.30849080198702294
Selenof,0.3081451266899964
Baz1b,0.3081288596171951
Baiap2,0.3080027898029854
Mbd3,0.30755341191685087
Dnajc7,0.3073195727453329
Map3k7,0.30696169714370536
Rpn1,0.30674310835293855
Exoc4,0.30662110530692915
Nrn1,0.3064645347312171
Spock3,0.3063537152977586
Chd4,0.3062957638509041
Cdh2,0.30629068039065377
Map4k4,0.3060924254408885
Snx5,0.30591857110032517
Mdm4,0.3051042007682125
Wasl,0.3050401491690576
Spast,0.30441590025030957
Erbin,0.30314503518771185
Ptpn11,0.30289289555929244
Usp2,0.30240895014345526
Itsn1,0.30230321417024714
Frmd4a,0.30204090762132696
Plekha1,0.3015722125862409
Ptk2b,0.3007181912641752
Arhgap44,0.3000858088090266
Ap3m2,0.29919925334135844
H2-T23,0.2983391318669923
Lamtor2,0.29825982988708616
Usp14,0.29730210597591256
Lbh,0.2970723335725949
Pip5k1c,0.2967612258052709
Sacm1l,0.2966880239776653
Brd4,0.29647248526304876
Crebrf,0.29607190859531796
Cdc42,0.2960231073769142
Set,0.2959387219367577
Kat2a,0.29586450341710196
Gramd1b,0.29559609671588133
Dnajc5,0.29523618773015364
Hlf,0.29498201471763413
Pias2,0.2947268250130645
S1pr1,0.29463125596035716
Trrap,0.2944543515436435
Agpat4,0.2943892832524385
Gabrg2,0.2940608917202633
Washc2,0.2940222574223603
Rnd2,0.2935098446291209
Smarca4,0.2934020752718126
Anapc2,0.2927137747539097
Kifap3,0.2926324393899034
Adarb1,0.29258160478739953
Camk4,0.2924230008275873
Adgrl3,0.2924026669865858
Mark2,0.2922125455732211
Fmr1,0.2921911950401695
Serpini1,0.29167674886282996
Brd2,0.29115010238088945
Ncl,0.29095388081522433
Pdap1,0.29084306138176585
Plppr4,0.2895864300078692
Appl2,0.28903436622467676
Lnpk,0.28766081526502113
Jak1,0.2874320595537535
Kansl2,0.28724498821653915
Usp22,0.2862120290936597
Itch,0.2858856709455846
Tnpo1,0.28586025364433265
Dlg3,0.2856711489230181
Taf9,0.28528683932808857
Hcfc1,0.28521262080843285
Zfp148,0.2849187968059603
Lztr1,0.28457312150893366
Chtop,0.28436266625456746
Sumo3,0.28414814423200097
Csnk1a1,0.28378010170987267
Fbxw11,0.283575746607807
Pfkl,0.2835360956178539
Mapk8,0.2834425599492467
Fam92a,0.28300843244386337
Gm2a,0.28250618657112475
Sirt2,0.28210052644314354
Foxg1,0.2817477343017664
Sgk1,0.2812038040549746
Slc12a2,0.28089879643995114
Ndufa9,0.28069749141403566
Sec23a,0.2806954580299355
Hist1h2bc,0.2794632272652407
Dek,0.2791368691171656
Shoc2,0.2788582954954442
Prkar2b,0.278738325833535
Nosip,0.2786661406979794
Slc9a3r2,0.2784292514503112
Ryr2,0.27833673247375407
Flot2,0.27789142135581985
Tfrc,0.27775111785290907
Asap1,0.27667444097187627
Pygb,0.2764650024095602
H2afy,0.27605019205312825
Scn1a,0.2756201313159452
Egln2,0.2752958065519702
S100a1,0.2752032875754131
Btrc,0.2750965349101549
Rbfox3,0.2750690842248028
Tyro3,0.275045700307651
Cic,0.274798644139482
Tiam1,0.27479559406333176
Rtcb,0.2745831054248654
Mtor,0.27398630719146955
Sept11,0.2736324983580423
Cry2,0.27328275629281545
Arfip2,0.27321158784931
Pltp,0.27284557871128184
Riok3,0.2727164588209219
Ilf2,0.2724643191925025
Nfat5,0.27199664084946656
Actr1b,0.2715269291223304
Bicd2,0.27097181526298775
Rnaset2a,0.27094639796173575
Atn1,0.2708884465148813
Thumpd1,0.2708518456010785
Il6st,0.2705529381383555
Ash1l,0.27038823402624285
Max,0.2699856239744119
Nlgn2,0.2695891140748814
Fbxo2,0.26958301392258094
Wdr82,0.2685287042666499
Polr2a,0.2684280517536921
Pcx,0.26799290755625865
Cacna1a,0.26795528995040574
Smad4,0.2676187648818299
Dync1li1,0.26722428836639955
Hsd17b4,0.2666234233648033
Ash2l,0.2665583550735983
Rab5b,0.2665583550735983
Luc7l3,0.2665044703949442
P4hb,0.2662096297004215
Cryab,0.2656077480067752
Adar,0.2655548800201712
Mast2,0.2655213291825186
Pcmtd2,0.2654979452653668
Slitrk1,0.265461344351564
Ubtf,0.26523258864029636
Hprt,0.2647750772177612
Anxa6,0.264655107555852
Ddx42,0.2645331045098426
Psmb6,0.2641823457525656
Bcl7b,0.26380921977018695
Dusp6,0.2636231651250226
Kif1c,0.2635275960723153
Abca3,0.2634747280857112
Ppp6c,0.26317378723888807
Supt6,0.2630934685669319
Utrn,0.2630456840405782
Plekha5,0.26259020600214317
Fundc1,0.26231163238042177
Slk,0.26198730761644684
Pcm1,0.26173516798802743
Ankle2,0.2615521634190134
Rragd,0.2614199934525032
Lifr,0.2614189767604531
Ddah1,0.26117802074458457
Hnrnpk,0.2610326337814234
Arrb1,0.2610234835529727
Zdhhc8,0.260715425861799
Arc,0.26026198120746413
Dyrk1a,0.2600017080426441
Ero1l,0.25990715568198686
Egln1,0.2598400540066817
Sox9,0.25948929524940473
Foxp1,0.2593174742929415
Igsf11,0.2586291737750386
Hadhb,0.2585336047223312
Ndel1,0.2574325272320966
Cacna1b,0.25700144980286344
Adcyap1r1,0.2569841660380121
Stxbp5l,0.2569587487367601
Gatad2b,0.25695366527650976
Mecp2,0.2568774133727539
Mapk3,0.2565917229066819
Nr2f1,0.2557326181243658
Dip2a,0.2553889762114394
Cdipt,0.2550931188248667
Mbd2,0.25508701867256617
Cpeb2,0.2549761992391077
Hipk2,0.2545186878165725
Smarcd3,0.2539808577220811
Erc2,0.25393713996392775
Tle1,0.25389647228192463
Rab11a,0.25359756481920165
Coro1c,0.25337490926023454
Vstm2a,0.2531868212309701
Khsrp,0.2529234979899998
Anapc4,0.25269982573898264
Sf3a1,0.2526367908318778
Gabrb2,0.25221384693904525
Gjb6,0.2521985965582941
Fus,0.2518610547976681
Dnm2,0.251599764940798
Psmd13,0.2513771093818309
Mapre1,0.25128255702117364
Isca1,0.25104465108145535
Ap3b2,0.2509195979592957
Fzd3,0.2508118286019874
Ogt,0.2503990516296557
Galnt17,0.2502963657325978
Fbxo11,0.2501601289978873
Snrpa,0.24989375568076683
Vegfb,0.24951351285403758
Snrk,0.2494860621686855
Zbtb16,0.24936100904652586
Hnrnpdl,0.24878962811438193
Prpf4b,0.24867575860477317
Crebbp,0.24843378589685455
Fto,0.24832194977134595
Mfn1,0.2480545597621754
Supt5,0.24753096335638514
Cct3,0.24725137304261363
Fat1,0.24697076603679205
Nae1,0.24666880849791883
Fmc1,0.24648072046865438
Psma4,0.24615842908877958
Rab28,0.24543861111732423
Acaca,0.2454213273524729
Mark3,0.2451417370387014
Thap12,0.245084802283897
Ecpas,0.24503803444959343
Xiap,0.2448479130362288
Gfap,0.24479301166552458
Cacnb1,0.24478182805297372
Ambra1,0.2446476247023634
Kmt5b,0.2444056519944448
Lamtor4,0.24415961251832588
Dpp10,0.24413317852502384
Paxbp1,0.24412809506477345
Fbxo33,0.24407421038611932
Sept2,0.24403557608821633
Vps26b,0.24390035604555593
Stx1a,0.24385155482715218
Rgs6,0.24368380063888928
Aip,0.24362991596023514
Syt4,0.2433249083452117
Fam13b,0.24302396749838853
Ccp110,0.24285417992602548
Gopc,0.24280537870762173
Marcksl1,0.24238243481478922
Akt1,0.2421770630206734
Ranbp1,0.24215977925582208
Minar2,0.24208149396796608
Arnt2,0.2419218733161038
Egr1,0.24176021928014135
Camk2d,0.2416788839161351
Edc4,0.2415162131881226
Cldn11,0.24136269268856078
Top2b,0.24125390663920243
B4galnt1,0.2411207199806422
Bcl2l1,0.24067032540245756
Slc1a1,0.24060525711125255
Adipor1,0.24055950596899903
Rxrb,0.24052595513134645
Rala,0.24008776085776276
Hexb,0.24000235872555617
Ly6h,0.24000032534145602
Kras,0.23999320849710548
Afg3l2,0.23937912649885826
Mycbp2,0.23924492314824794
Eif4enif1,0.23912902025453903
Mta3,0.238920598384273
Stub1,0.23889213100687082
Lin7c,0.23888196408637002
Pdxk,0.23837361806133092
Vldlr,0.23740471053760642
Ufd1,0.23734675909075195
Pak2,0.2367682613142575
Dusp3,0.23659237358959395
Sptbn2,0.23656898967244216
Opa1,0.23652425522223872
Mest,0.23644393655028254
Slc24a3,0.23640530225237957
Apod,0.2356529501353217
Camk1d,0.23547909579475834
Grb2,0.23533370883159715
H2-D1,0.23525847361989138
Yars,0.23485789695216058
Fubp1,0.23439428537732493
Epb41l3,0.23436073453967235
Cdc23,0.23385340520668332
Pde8b,0.23381070414058006
Irs2,0.23371818516402293
Ivd,0.23348536268455503
Spry2,0.23333489226114346
Panx2,0.23313765400342829
Sgta,0.23273504395159733
Camsap1,0.23252255531313099
Eif4e,0.2323304005156662
Nlgn3,0.23210062811234855
Arhgef7,0.2320792775792969
Snf8,0.2318932229341326
Idh2,0.2318881394738822
Atg9a,0.23174071912662086
Rcn2,0.231651250226214
Ybx3,0.2316268496170121
Plxdc2,0.2315241637199542
Ube2b,0.23108393606227035
Gatd3a,0.23090703164555676
Ppp6r3,0.23078502859954736
Becn1,0.23074944437779463
Htt,0.23045358699122187
Ncor2,0.23042613630586978
Mtch2,0.2303783517795161
Slc32a1,0.23031226679626102
Dtnbp1,0.2299920088004864
Elavl2,0.22984967191347544
Kat5,0.22935555957713744
Tmem35a,0.22933115896793557
Gpt2,0.22908410279976657
Sp3,0.22892244876380413
Emc3,0.2286631922910342
Mbnl1,0.22864590852618288
Myo9a,0.22859507392367895
Fbxl20,0.2284954381027713
Emc4,0.22846697072536912
Lrpprc,0.22840800258646457
Smarcd1,0.22827278254380418
Ncoa2,0.22796269146853032
Hibadh,0.22761803286355384
Yy1,0.22715238790461803
Clic4,0.22686669743854604
Slc2a3,0.22661455781012665
Psmd12,0.22654847282687157
Dpy30,0.22636038479760712
Nptxr,0.22631158357920336
Arid1a,0.22591507367967287
Fabp3,0.22555821477009544
Rlim,0.2254199446512848
Snapin,0.22536911004878088
Pik3c3,0.2252847246086244
Sf3b6,0.2251576381023646
Uri1,0.22503461836430516
Smarca5,0.2246177746237731
Jak2,0.22430463347234902
Fbxl3,0.22416941342968863
Sfxn3,0.22411857882718472
Sfxn1,0.22408096122133184
Gria3,0.223653950560299
Selenos,0.22357973204064327
Grin2b,0.22341807800468086
Gucy1a1,0.2233001417268718
Tssc4,0.22316288830011122
Sec22b,0.2230713860156042
Sptb,0.2228975316750408
Csnk2a1,0.22268809311272472
Blmh,0.22266572588762298
Bclaf1,0.22254677291776384
Ptprk,0.22234953466004867
Rnh1,0.22228649975294384
Psat1,0.2222458320709407
Vcp,0.22212281233288125
Cxxc5,0.2220597774257764
Apmap,0.22153414763588597
Rnf130,0.22138469390452448
Thrap3,0.22138062713632417
Cx3cl1,0.22130640861666848
Itsn2,0.2212952250041176
Pak3,0.22115390480915673
Tsc22d4,0.22107765290540088
Ermn,0.2210715527531004
Pde1b,0.22103596853134766
Dusp7,0.22082856335313172
Psmd3,0.22080314605187976
Ewsr1,0.22059879094981405
Rap2a,0.2205906574134134
Odf2,0.2202795496460895
Epha5,0.22018093051723192
Med15,0.22000707617666854
Ctcf,0.2199104904319111
Wrnip1,0.21959836597253712
Cav2,0.21959734928048705
Grb10,0.21904833557344483
Csnk1e,0.21870571035256847
Smc5,0.21864165875341354
Rnf220,0.2185084720948533
H2afz,0.21846068756849962
Gfpt1,0.2183508848270912
Cpox,0.21812924596017413
Lsm14a,0.21808756158612094
Kcnh1,0.21805401074846836
Commd1,0.21777035366649655
Cdc42bpb,0.2176361503158862
Ncan,0.21757921556108184
Ubxn7,0.21753244772677824
Prpsap2,0.21733520946906307
Zdhhc2,0.2171664385887501
Emc10,0.21690921550008033
Flot1,0.21660115780890662
Calb1,0.21648932168339802
Ets2,0.21629106673363277
Ranbp2,0.2161832973763245
Jup,0.2157684870198926
Hist2h2bb,0.21537502719651233
Lgi3,0.21534147635885975
Chrm1,0.21435833514643415
Gaa,0.214226165179924
Cd200,0.21409196182931367
Pianp,0.21387845649879725
Ggps1,0.21363038363857817
Cbl,0.21306408616668462
Sema6a,0.212860747756669
Ncoa1,0.21258420751904772
Usp7,0.21231173404962678
Ece1,0.21208094495425903
Fxr1,0.2118908235408944
Polr2b,0.21141806173760805
Bmp1,0.21122082347989288
Kcnc1,0.21099816792092577
Samd8,0.2109076823284688
Comt,0.21061792509419652
Bmi1,0.21046643797873488
Impad1,0.21005366100640313
Rab3gap2,0.20990319058299156
Dkk3,0.20954124821316372
Atrx,0.20926064120734214
Setd5,0.20914372162158315
Prkcg,0.20907051979397753
Grm3,0.20887023146011213
Tjp1,0.2086801100467475
Otud5,0.2083527352066223
Efnb3,0.20792165777738916
Cetn3,0.20788200678743612
Idh1,0.20776102043347683
Cdk9,0.20774170328452535
Nefh,0.20759021616906367
Kcnt2,0.2072120067264346
Prkci,0.20707882006787437
Rsf1,0.20705543615072255
Kif21b,0.20658877449973667
Nfia,0.20656844065873511
Sema6d,0.20651048921188064
Cntn2,0.20622073197760837
Xpo1,0.20614854684205283
Mcu,0.20602857718014359
Cpne4,0.2059025073659339
Atraid,0.20499663474931423
Klhl3,0.20492139953760846
Lrp8,0.20483904748155213
Pip4p1,0.20451268933347702
Nipsnap2,0.2043093509234614
Mia2,0.20383760581222513
Got2,0.20383150565992464
Twf1,0.20377863767332058
Apc2,0.2035915663361062
Washc4,0.20336077724073845
Mtfp1,0.20335162701228773
Tbpl1,0.20330282579388398
Carm1,0.20329570894953344
Cbx7,0.2032550412675303
Sos1,0.2031584555227729
Sez6,0.2030456027052142
Rap1a,0.20294698357635663
Nek7,0.2022454660618027
Smap1,0.20195265875138016
Fbxo31,0.2019038575329764
Smc1a,0.20141381196483873
Micu1,0.20141076188868848
Polg,0.20121860709122372
Elmo1,0.20119623986612198
G3bp1,0.20116472241256958
Tbck,0.20114235518746784
Efcab14,0.2011118544259655
Fbxl17,0.20058317455992486
Map2k4,0.20051302280846944
Pdpk1,0.20029850078590294
Naa15,0.20004737784953364
Ldah,0.19999044309472927
Pbrm1,0.19988775719767138
Ubac1,0.19986844004871987
Grik3,0.19954309859269487
Jmjd6,0.19951158113914244
Grn,0.19868602719447895
Adcy2,0.19854267361541794
Itgav,0.19845828817526145
Ubr7,0.19809431242133346
Bbs9,0.19801907720962766
Nfib,0.19784217279291405
Hdac2,0.19768458552515195
Cited2,0.19757579947579357
Gtf2a2,0.1975086978004884
Parp1,0.1974212622841817
Egr3,0.19730332600637263
Ubap1,0.19703186922900176
Fbxl19,0.19673397845832885
Ireb2,0.19664349286587188
Mturn,0.1965357235085636
Usp47,0.19646963852530852
Pde10a,0.19641473715460428
Bap1,0.19632831833034764
Flnb,0.19622258235713952
Tecpr2,0.19615039722158398
Acvr2a,0.19612701330443216
Pick1,0.19610871284753076
Acvr1b,0.19609447915882966
Ddb1,0.19596129250026942
Cpt1c,0.19588605728856365
Hap1,0.1957386369413023
Nefm,0.19567560203419745
Cul4a,0.19566645180574674
Limk2,0.195487514004933
Kmt2a,0.19538787818402534
Kdm5a,0.1951703060853086
Smap2,0.19510422110205353
Phtf1,0.19510117102590327
Jade2,0.19505236980749951
Nelfb,0.19492833337739
Meis2,0.1947687127255277
Setd1a,0.19460909207366545
Kdm5c,0.1944332043490019
Agps,0.19416174757163104
Smad2,0.19409566258837596
Ctps,0.19408651235992525
Aida,0.19395434239341508
Clcn4,0.19376625436415063
Kcnq3,0.19368491900014437
Cdc16,0.1936462847022414
Rev1,0.19330060940521482
Ctnna1,0.19296815110483925
Brd8,0.19291223304208496
Ube2m,0.1928400479065294
Il34,0.19271804486052002
Nmt1,0.19249843937770314
Pard3,0.1924110038613964
Tspyl2,0.19232356834508968
Dpf2,0.19229916773588782
Kcnj3,0.19218834830242928
Il1rap,0.19212938016352474
Ss18l1,0.19208261232922116
Mtrex,0.1919728095878127
Dvl1,0.1918975743761069
Cntnap1,0.19177048786984716
Noct,0.19147564717532448
S100a10,0.19133127690421337
Trp53bp1,0.19126620861300836
Mta2,0.19116352271595047
Myh9,0.19098153483898647
Zcchc12,0.19094493392518366
Actn1,0.19064602646246068
Fbxo21,0.19029323432108355
Ric8b,0.19026476694368136
Atg101,0.18977675475964384
Ugt8a,0.18971575323663914
Hey1,0.18964255140903352
Pgam5,0.18959883365088015
Kdm4a,0.1895540992006767
L1cam,0.18944632984336843
Srsf4,0.18942091254211646
Cyb5a,0.18930602634045762
Erp44,0.1892226575923512
Calu,0.1891209883873434
Gad2,0.18911895500324324
Sema4d,0.18875192917316502
Arrdc3,0.18850690638909617
Spon1,0.18841540410458915
Atp2b3,0.18833915220083328
Nr2c2,0.18763356791807903
Setd1b,0.18745666350136542
Emc2,0.18729195938925275
Rora,0.18711708835663932
Parvb,0.187099804591788
Twf2,0.1870286361482825
Chmp3,0.1868385147349179
Sun1,0.18673481214580992
Braf,0.18666161031820427
Kdm4c,0.18664534324540302
Ppp4r3a,0.186488772669691
H2-K1,0.18643997145128724
Snph,0.18631898509732794
Ppp1r1b,0.18598754348900245
Zbtb7a,0.18586859051914328
Ino80d,0.18576387123798524
Kdm2a,0.18541921263300873
Por,0.18539481202380687
Akt1s1,0.18539176194765664
Sec24c,0.18538261171920592
Itih5,0.18521282414684287
Itgb8,0.18512132186233582
Terf2,0.18503083626987887
Lamc1,0.18483258132011363
Kcnn2,0.184694311201303
Cdc73,0.18469329450925293
Aebp2,0.18457129146324353
Hdac4,0.18449300617538753
Nhsl1,0.18439845381473025
Brd7,0.18433846898377562
Fam214a,0.18427238400052054
Afdn,0.1842042656331653
Nlk,0.18413818064991022
Kif3b,0.1838463900315378
Odr4,0.18362068439642043
Cadm3,0.18356984979391652
Lrrtm3,0.18344377997970682
Gramd1a,0.18270972831955037
Gpam,0.1826568603329463
Ccar2,0.18248707276058326
Gng11,0.18236201963842363
Bcl2l2,0.18220748244681176
Vcl,0.18214343084765683
Eloc,0.18197364327529378
Huwe1,0.1816178010577664
Psmd6,0.18124874184358802
Atp2b4,0.1812406083071874
Tsc2,0.18114808933063029
Rtn4r,0.1811470726385802
Gipc1,0.18109013788377584
Maoa,0.18096813483776644
Plppr3,0.18094373422856458
Coprs,0.1808268146428056
Plxnb2,0.180780046808502
Ap2a1,0.1807607296595505
Hdac6,0.18058484193488697
Ap4s1,0.18056654147798556
Vxn,0.1803225353859668
Tbk1,0.17990569164543474
Zc3h11a,0.17970540331156934
Cttn,0.17944513014674934
Ctdsp1,0.17944004668649893
Frs2,0.17906387062797002
Stag2,0.17890526666815781
Sh3bp4,0.17849655646402637
Cldn10,0.17837150334186677
Cdk8,0.1781742650841516
Ankrd13b,0.17798007690258666
Mpc2,0.1777177703536665
Ulk1,0.17762118460890908
Elavl3,0.17733346075873693
Fam210a,0.17731922707003586
Stim2,0.1771951906399263
Ext2,0.17690441671360396
Crbn,0.17668481123078705
Psmd5,0.17654450772787628
Gad1,0.17644385521491854
Casc4,0.17639200392036455
Faah,0.17624865034130352
Eif3i,0.17613071406349445
Abhd4,0.17604124516308758
Ttbk1,0.17594770949448038
Cacna2d1,0.1756386351112566
Ctr9,0.17561016773385443
Rsbn1,0.17540784601588885
Atg5,0.17535599472133487
Azi2,0.17526754251297808
Rims2,0.17521264114227386
Mapkap1,0.175201457529723
Smarca1,0.17506827087116275
Ssbp2,0.17477139679253992
Dbnl,0.1746514271306307
Cxcl14,0.17453145746872148
Atxn1,0.173901108397673
Lancl2,0.17375368805041166
Ube2d1,0.17375063797426143
Bbs4,0.17368556968305643
Prmt5,0.17347003096843985
Sept6,0.17310808859861201
Fbh1,0.17305013715175754
Mtf2,0.17301760300615504
Ep300,0.17276241330158543
Kcnc4,0.1725855088848718
Cacna1d,0.1725407744346684
Ncbp2,0.1724889231401144
Prmt3,0.17202937833347906
Cux1,0.17196431004227405
Mta1,0.17184332368831476
Cadps2,0.17160236767244622
Phf10,0.17147426447413638
Gpr88,0.1714407136364838
Ptar1,0.17140106264653074
Scrt1,0.17113773940556049
Gbf1,0.17112960586915987
Cdkn2d,0.17088458308509102
Clcn7,0.1708306984064369
Igf1r,0.17078596395623344
Kat14,0.17073919612192984
Tor1a,0.17067006106252453
Ap1s1,0.17060804284746975
Psen1,0.1705541581688156
Grm1,0.17028981823579528
Yeats4,0.17020848287178902
Apba1,0.17008546313372958
Lamtor1,0.17004072868352613
Eif2a,0.1698556907304119
Prkaa1,0.16968996992624916
Grid1,0.16955373319153869
Epc2,0.1694551140626811
Nipbl,0.16943884698987985
Rapgef1,0.16939207915557625
Acp2,0.16936259508612397
Paxip1,0.1692782096459675
Cse1l,0.16927515956981726
Rbfox2,0.16918670736146046
Ptbp1,0.1690484372426498
Suz12,0.16890406697153873
Ruvbl1,0.16880138107448084
Jpt1,0.16864684388286894
Bcl6,0.16860922627701605
Hip1r,0.16844147208875315
Elp2,0.16840487117495034
Cbx5,0.16840487117495034
Abl1,0.16833268603939477
Dpm1,0.16816086508293157
Polr2e,0.16814663139423047
Ep400,0.1680937634076264
Kcnc2,0.16776537187545115
Sesn1,0.16766675274659357
Mog,0.16751424893908184
Pcbp3,0.1672641426947626
Bdh1,0.16683713203372977
Chka,0.16649959027310382
Hcn2,0.16645993928315078
Hgs,0.16636030346224312
Anapc16,0.16622305003548254
Dapk1,0.16601971162546691
Eif4ebp2,0.16588652496690667
Nos1ap,0.16584687397695363
Slc2a1,0.16548188153097557
Smyd2,0.16536902871341688
B3gnt2,0.16509350516784568
Gab1,0.16496031850928544
Smad1,0.16487898314527918
Syncrip,0.1648515324599271
Trpm7,0.16458414245075653
Pknox2,0.1645150073913512
Tbl1xr1,0.16417746563072524
Ccnd2,0.1639517599956079
Tecr,0.1638033229562965
Plcg1,0.1636864033705375
Togaram1,0.16364065222828397
Efna3,0.1635125490299741
Ezh1,0.16350543218562358
Large1,0.16316077358064707
Capn10,0.16287711649867526
Fryl,0.162795781134669
Pkd2,0.16273579630371438
Sulf2,0.16266157778405868
Cyb5r3,0.1626463274033075
Slc20a2,0.16264022725100705
Mef2c,0.16223456712302584
Wdr37,0.16213696468621833
Wls,0.16210748061676605
Neo1,0.16200581141175824
Anapc11,0.16180348969379268
Smarcc1,0.16178213916074105
Atf2,0.16174655493898832
Snx30,0.16158490090302588
Vegfa,0.16155745021767376
Rbpj,0.16153101622437174
Gnai3,0.1613876626453107
Virma,0.16124939252650008
Lrp6,0.1612341421457489
Camta2,0.16113348963279117
Ube2g1,0.16107858826208693
Akap5,0.16107350480183655
Sdccag8,0.16101453666293203
Ufl1,0.16094845167967695
Lrrtm1,0.16078374756756428
Arhgef3,0.16061294330315112
Sh3bp5,0.16043095542618713
Ptch1,0.1602510009333233
Rab23,0.16018694933416838
Tubb2b,0.1601533984965158
Magoh,0.15969283699783038
Nadk2,0.15962573532252522
Hrh3,0.15958201756437185
Ric8a,0.15948034835936403
Nr3c1,0.1594589978263124
Pa2g4,0.15912043937363637
Polb,0.1591143392213359
Ankrd13a,0.15909603876443448
Hdac5,0.15908790522803387
Nploc4,0.15907875499958316
Rpa1,0.15904520416193058
Snx27,0.1586192101929478
Shank3,0.15854702505739227
Etnppl,0.15836503718042827
Lats1,0.15825015097876943
Ddr1,0.15782517370183677
Ipo9,0.15765640282152377
Med24,0.15756896730521705
Hopx,0.15716127379313571
Ska2,0.15715314025673507
Smc3,0.15699961975717328
Sap130,0.15694370169441896
Kmt2d,0.15683593233711068
Agl,0.15682474872455981
Dixdc1,0.15682169864840959
Itgb5,0.15672002944340177
Myo16,0.156606159933793
Stat3,0.15652482456978675
Slc6a8,0.15647398996728284
Psmd9,0.15627370163341744
Ilkap,0.15619338296146126
Creb1,0.15588634196233767
Sec61a1,0.1556891037046225
Fstl1,0.1555630338904128
Usp25,0.15550101567535804
Ddx56,0.15535461202014678
Furin,0.15520515828878528
Chchd3,0.15508010516662565
Hat1,0.15504757102102315
Dio2,0.1549011673658119
Trim32,0.1547008790319465
Cyb561,0.15463682743279158
Slc17a6,0.15440400495332368
Olig2,0.15422100038430958
Pllp,0.1541925330069074
Dscam,0.15407561342114842
Pja1,0.1540664631926977
Cers4,0.15405324619604668
Cers1,0.1540390125073456
Gabrg3,0.15394344345463826
Ppargc1a,0.1538905754680342
Mpzl1,0.1538763417793331
Slc25a17,0.15385702463038162
Gba2,0.15379398972327676
Phb2,0.15368723705801854
Rorb,0.1535306664823065
Cat,0.15350423248900447
Chrnb2,0.15319820818193094
Tcf12,0.15301622030496695
Sin3b,0.15256379234268216
Map9,0.15235028701216574
Atg3,0.1522770851845601
Fbxl16,0.15223438411845683
Rubcn,0.15206561323814385
Aqp4,0.15204629608919237
Kdm1a,0.1519700441854365
Arhgef11,0.15190090912603119
Nck1,0.15189379228168062
Mertk,0.1518490578314772
Acss2,0.15181347360972447
Ssrp1,0.15140273002149288
Glo1,0.15124005929348036
Cers5,0.15120854183992793
Hdgfl2,0.15074289688099213
March5,0.15071036273538962
Foxj2,0.15061784375883253
Slit1,0.15058327622912984
Mob2,0.15056904254042877
Bhlhe40,0.15052430809022532
Cdh10,0.15040637181241626
Smarcb1,0.1504043384283161
Zic1,0.15020608347855086
S100b,0.15020201671035052
Ift27,0.15002816236978717
Miga2,0.14997326099908295
Taf15,0.14997326099908295
Prkaa2,0.14996411077063224
Esd,0.14992344308862912
Emc6,0.14982482395977154
Pcna,0.14981770711542097
Chst10,0.1495798011757027
Atg16l1,0.14948931558324574
Kdm7a,0.14928191040502978
Atf6b,0.1492625932560783
Robo2,0.14911923967701726
Ctss,0.1490907722996151
Kndc1,0.14885489974399693
Speg,0.14878576468459162
Atf5,0.14865969487038194
Arnt,0.14860377680762762
Shtn1,0.1485163412913209
Pip4k2c,0.14835265387125832
Hecw2,0.1483445203348577
Flna,0.14827843535160262
Dmd,0.14825810151060104
Ryk,0.148218450520648
Uba6,0.14817066599429432
Wdtc1,0.14795919404787805
Gpr22,0.1475199830822443
Pias1,0.14747016517179046
Sox8,0.1474172971851864
Kdm6a,0.14738577973163397
Actl6b,0.14702688743795636
Med1,0.14687540032249471
Ncoa3,0.14678999819028815
Gdap1,0.14678999819028815
Rb1,0.14672594659113322
Kcnh5,0.1463223198472522
Cab39l,0.14631825307905189
Trim33,0.14626843516859805
Ube2r2,0.14622675079454484
Akap9,0.14613728189413797
Scn3b,0.146046796301681
Wdr61,0.14595732740127412
Echdc1,0.14591462633517083
Polr2f,0.14587802542136802
Ago3,0.14575500568330857
Itpkb,0.14550794951513957
Kmt2b,0.14546118168083597
Cers2,0.14541644723063252
Tmem94,0.14537069608837902
Emsy,0.14531274464152455
Tdg,0.14523039258546822
Gtpbp2,0.14522835920136806
Tceal9,0.14515312398966226
Csnk2a2,0.1449365685829956
Fos,0.14480338192443537
Cdc27,0.14468341226252615
Asf1a,0.14435197065420066
Rptor,0.14434688719395028
Tsc1,0.14434485380985013
Dact2,0.14408966410528048
Cacna1c,0.14381210717560916
Pcdh8,0.14379380671870776
Ankrd11,0.143758222496955
Rhoc,0.14367688713294877
Fabp7,0.1436291026065951
Glb1,0.1435864015404918
Eno1,0.14354675055053875
Ednrb,0.1435121830208361
Pitrm1,0.14347761549113344
Diaph1,0.1434735487229331
Jam2,0.1434288142727297
Mmd2,0.14324580970371562
Zfp281,0.14312584004180637
Dync1i1,0.1431105896610552
Snap91,0.14310245612465458
Arid2,0.14308110559160295
St6galnac5,0.14303535444934942
Ndufv2,0.14300180361169684
Scn4b,0.1429245350158909
Mbtd1,0.14291335140334005
Epha7,0.14285539995648558
Gas6,0.14282794927113346
Mtif2,0.14277304790042925
Rfx3,0.1426317277054684
Smurf2,0.14260122694396604
Hexa,0.14248125728205682
Eed,0.14230130278919298
Kdm4b,0.14227283541179078
Trp53,0.1422677519515404
Synpo,0.1422535182628393
Asap2,0.1421315152168299
Tmem109,0.1420999977632775
Fam20c,0.141963761028567
Dock3,0.14188344235661085
Pkd1,0.1416475698009927
Epc1,0.14162520257589098
Ccnd3,0.14145744838762808
Arid5b,0.14140763047717425
Rgmb,0.14130596127216644
Prep,0.1412795272788644
Vps51,0.14120327537510854
Pdk1,0.14118294153410696
Smyd3,0.14086675030653265
Vps13a,0.14078236486637616
Psd2,0.14075491418102407
Men1,0.14055665923125882
Nyap1,0.14043872295344975
Ntrk3,0.1403573875894435
Mag,0.14035332082124316
Pou6f1,0.140324853443841
Ptpn23,0.14027503553338716
Fgfr1,0.1402120006262823
Elavl4,0.13997714476271425
Cacna2d2,0.13986022517695526
Tpcn1,0.1396152023928864
Zmpste24,0.1395735180188332
Rgcc,0.1395542008698817
Thrb,0.13935594592011646
Limk1,0.13906923876199442
Arid1b,0.13888318411683012
Prkcd,0.13883641628252652
Cemip2,0.13868899593526518
Per1,0.1386330778725109
Ikbkg,0.13860156041895846
Dync2h1,0.13813083199977227
Akr1b3,0.13810236462237008
Ppargc1b,0.13797121134791
Calb2,0.13774347232869247
Anp32e,0.13747303224337168
Ptpru,0.13743236456136854
Cebpg,0.13737339642246402
Ntng1,0.13731747835970973
Gsk3b,0.13731239489945932
Celsr3,0.13716802462834823
Dpysl3,0.1370795724199914
Ifngr1,0.13701552082083648
Ar,0.13697281975473322
Sept9,0.13693113538068
Tet2,0.13691385161582867
Scrib,0.13675016419576608
Maf1,0.13646752380584434
Slc16a1,0.13637500482928724
Ppp1r10,0.13628045246862996
Sptlc2,0.13627638570042966
Cdh12,0.13610863151216676
Nf2,0.13596731131720588
Lrp12,0.13594189401595394
Preb,0.1358270078142951
Insr,0.13553420050387258
Cdk5,0.13543761475911514
Mmut,0.13529426118005414
Prps1,0.13528307756750327
Slc8a3,0.13522715950474898
Lyst,0.1351692080578945
Igsf9b,0.13498620348888044
Grk3,0.13490893489307448
Dpysl5,0.13487436736337183
Babam2,0.13485911698262065
Lta4h,0.13480828238011675
Fgfr2,0.13474219739686166
Kitl,0.13434873757348142
Adgrg1,0.13426841890152524
Nfkbib,0.13419928384211993
March2,0.13412201524631398
Klf12,0.13397764497520287
Odc1,0.13393697729319975
Foxp4,0.13375397272418568
Hadh,0.13366247043967863
Slc25a51,0.13336559636105583
Bace1,0.13330764491420136
Neu1,0.1332039423250934
Rb1cc1,0.13300670406737822
Stim1,0.13295485277282423
Pfkfb2,0.13293045216362234
Supt16,0.1328542002598665
Stau2,0.13256240964149404
Trim27,0.1323123033971748
Ctsl,0.1322431683377695
Tcf7l2,0.1321496326691623
Elovl4,0.1320205127788024
Slc30a3,0.13201644601060206
Eea1,0.13199306209345027
Map6,0.13197069486834856
Cacng3,0.13190867665329378
Cxadr,0.13183750820978832
Gpc4,0.1314511652307586
Smurf1,0.13136169633035172
Slc9a9,0.13127222742994482
Wiz,0.13113497400318427
Clock,0.13101907110947536
Traf3,0.13098348688772263
Ercc6,0.13092553544086818
Nyap2,0.13091231844421716
Kmt2c,0.13086250053376333
Igdcc4,0.1308309830802109
Chuk,0.13072423041495268
Cacng2,0.13069271296140028
Cetn2,0.1306581454316976
Gak,0.13046192386603253
Washc5,0.1303429708961734
Usp54,0.1302718024526679
Ing3,0.1301874170125114
Ntng2,0.13013556571795742
Rprml,0.13012336541335648
Col4a3bp,0.12993934415229233
Rnf19a,0.12980209072553178
Sox2,0.12968313775567264
Gfra1,0.12964857022596998
Npas2,0.12933034561429552
Zc3hc1,0.1292988281607431
Whrn,0.1292378266377384
Bcl11a,0.12919919233983543
Wdr45,0.1290700724494755
Kcnf1,0.12875794799010148
Dbx2,0.1287294806126993
Nrip1,0.12871829700014845
Ccser2,0.12871728030809837
Foxo1,0.12867966270224546
Doc2a,0.12860747756668992
Stk11,0.12849767482528146
Leprot,0.12838177193157255
Nr3c2,0.12837363839517194
Galnt18,0.12825671880941295
Neurod6,0.1282506186571125
Pakap,0.128179450213607
Axin2,0.127919177048787
Mpp3,0.12777989023792627
Coq8a,0.127633486582715
Phf6,0.12746979916265241
Pex3,0.12733356242794194
Cd9,0.12703973842546937
Otud7b,0.12699500397526592
Dgkg,0.12698788713091536
Fkbp5,0.12682114963470253
Epb41,0.12620605094440523
Taf4,0.1261847004113536
Kcnk2,0.1260921814347965
Map2k5,0.1260088126866901
Esyt2,0.12599051222978866
Rab8a,0.12597221177288725
Ppm1h,0.1259610281603364
Sh3gl1,0.125890876408881
Camsap3,0.12571803876036772
Il11ra1,0.12559908579050857
Wdr59,0.12556350156875584
Epb41l2,0.1255411343436541
Map2k2,0.1254760660524491
Wdr36,0.12545573221144754
Ago1,0.12531237863238653
Vps72,0.1252991616357355
Robo1,0.12519342566252736
Bcl7a,0.12490163504415494
Actr1a,0.12480199922324728
Bax,0.12477658192199532
Dnmt3a,0.12477048176969485
Pou3f2,0.12465559556803602
Gna13,0.12453257582997655
Pkia,0.12440040586346639
Acaa2,0.12424688536390459
Tdrkh,0.12424383528775435
Ncstn,0.1242275682149531
Ctdspl2,0.12421841798650239
Arhgef1,0.12416758338399848
Dagla,0.1241106486291941
Eif2ak3,0.1240598140266902
Adgrf5,0.12392357729197973
Eps15l1,0.12387070930537565
Rnf2,0.12386359246102512
Mknk2,0.12375582310371683
Zfand2a,0.12362060306105642
Krit1,0.12358501883930369
Gabra5,0.12357586861085298
Sap18,0.12356671838240228
Trpc1,0.1235280840844993
E2f5,0.12347928286609555
Zzef1,0.12332474567448368
Selenoi,0.12321900970127554
Kif3a,0.12315190802597038
Ago2,0.12296687007285616
Klhl22,0.1229089186260017
Vwa8,0.12290078508960108
Mdp1,0.12273709766953848
Tenm1,0.12268422968293442
Timmdc1,0.12254087610387339
Mmp16,0.12248800811726933
Ints4,0.12246767427626776
Ctbp2,0.12228263632315353
Ifnar1,0.12224603540935072
Aspa,0.12216063327714416
Kcnab3,0.1217997075993664
Miga1,0.12176514006966374
Bad,0.12171633885125999
Rnf144a,0.12171532215920991
Ppp2r2a,0.12171125539100959
Lmna,0.12151096705714419
Cdc42ep4,0.12144589876593918
Champ1,0.121417431388537
Ruvbl2,0.12126492758102528
Nfu1,0.12116630845216769
Abhd17c,0.12111242377351354
Mgst3,0.12101278795260588
Arhgef28,0.12097212027060275
Gigyf2,0.12091213543964814
Htr2c,0.12090400190324752
Cep104,0.1208257166153915
Dicer1,0.12079826593003938
Plcb4,0.12079419916183907
Irf3,0.12053494268906914
Rcan1,0.12034380458365444
Nrip3,0.12003371350838059
Mlec,0.1200143963594291
Fam136a,0.11979275749251206
Gpsm1,0.1196605875260019
Epha4,0.11965652075780159
Ccnt1,0.11951825063899095
Cacna1g,0.11940234774528204
Setx,0.11935862998712868
Pbx2,0.11916444180556375
Tet3,0.11905362237210522
Hace1,0.11905158898800507
Dctn4,0.11904142206750429
E2f4,0.1189102687930442
Tmem41b,0.11881469974033686
Abraxas2,0.11880148274368584
Abcf1,0.11879436589933529
Ikbkb,0.11871709730352935
Mtcl1,0.11834803808935096
Srr,0.11823315188769212
Dnttip1,0.11817316705673751
Rae1,0.11813859952703486
Ttc8,0.11806336431532907
Mpi,0.11799016248772344
Keap1,0.11783562529611157
Msh2,0.11778377400155757
Rif1,0.11775022316390499
Gtf2h1,0.11765465411119765
Sart3,0.11753671783338858
Mms19,0.11739844771457794
Fgf1,0.11736693026102551
Cltb,0.11728152812881895
Dag1,0.11724391052296605
Adrb1,0.11720222614891285
Sin3a,0.11706192264600206
Tgfbr3,0.11703955542090035
Slc25a28,0.1168545174677861
Nsun2,0.11675081487867814
Exosc9,0.11674979818662806
Smim7,0.11674471472637767
Aatf,0.11654035962431196
Zkscan1,0.11645089072390508
Prr5l,0.11636447189964842
Pkig,0.11626686946284093
Sufu,0.11625466915823998
Pik3cb,0.11611131557917896
Sox5,0.11610928219507881
Tubg2,0.11606353105282528
Stk38l,0.1160025295298206
Ackr1,0.11594966154321652
Lypd1,0.11575445666960152
Ext1,0.11564465392819308
Idi1,0.11544538228637775
Zfp24,0.1154057312964247
Mylk,0.11538539745542313
Arf2,0.11528677832656556
Rbck1,0.11506412276759843
Mtus1,0.1150376887742964
Msra,0.11466049602371739
Cep250,0.11428228658108831
Bcl11b,0.11417146714762978
Adgrl2,0.11396711204556408
Inpp4b,0.1139244109794608
Lpin1,0.11375259002299758
Elf2,0.11374140641044671
Gk,0.11370277211254375
Smg9,0.11354823492093186
Chd1,0.11349740031842795
Prkca,0.1134485991000242
Maf,0.11344351563977381
Lamb2,0.11341199818622139
Ubash3b,0.1133276127460649
Pttg1,0.11324729407410872
Ap3b1,0.11306225612099449
Ksr2,0.1130520892004937
Alkbh5,0.11296668706828714
Fopnl,0.112665746221464
Daam2,0.11265456260891314
Mllt10,0.11258339416540766
Ift122,0.11240648974869406
Agrn,0.11239225605999296
Dpp9,0.11235768853029031
Nkx6-2,0.11228550339473475
Letmd1,0.1122651695537332
Rtf1,0.1121157158223717
Kcns2,0.11204454737886622
Slc9a3r1,0.1118452757370509
Pdgfa,0.11183409212450005
Nova2,0.11179952459479739
Gabpb1,0.11159516949273167
Peg10,0.11149045021157361
Car4,0.11148129998312291
Trim24,0.11144063230111978
Notch1,0.1114030146952669
Vps25,0.11139488115886627
Rhot2,0.11130337887435923
Zfhx3,0.11128812849360806
Srgap1,0.11099837125933577
Mdm2,0.11084586745182405
Eipr1,0.11081740007442185
Meis3,0.11079604954137022
Pcdh11x,0.11073911478656584
Utp25,0.11068624679996177
Osgep,0.11066896303511044
Pmp22,0.1103446382711355
Rbms1,0.110312104125533
Srrm4,0.11025211929457839
Acsl1,0.11013723309291955
Lrrk2,0.11007013141761439
Nell1,0.10986882639169891
Nr4a1,0.109817991789195
Tenm4,0.10977732410719188
Xrcc6,0.10965938782938281
Nptx2,0.1096034697666285
Cbs,0.10959838630637811
Brpf1,0.10958313592562695
Stxbp4,0.10950180056162069
Pde7b,0.10939504789636248
Sharpin,0.10934116321770833
Grpel1,0.10909715712568957
Sox6,0.10903818898678504
Syn3,0.10899243784453151
Txnip,0.1089416032420276
Ddx21,0.1089233027851262
Gfra2,0.10891110248052527
Apip,0.10886331795417159
Lasp1,0.1087789325140151
Grm2,0.10853594311404642
Sdc2,0.10825940287642515
Egfl7,0.10823906903542359
Med14,0.10808351515176162
Notch2,0.10802658039695724
Dhx33,0.10779070784133911
Med21,0.1077205560898837
Pacsin3,0.10770835578528277
Rab27b,0.1076697214873798
Neat1,0.10757313574262238
Hsf1,0.10752738460036886
Plod3,0.10752433452421863
Tlcd1,0.1075019672991169
Bbs1,0.10730472904140173
Bdnf,0.10711155755188688
Vat1,0.1070078549627789
Jag2,0.10698142096947687
Eif2b1,0.10683501731426562
Nagk,0.10681976693351444
Dvl3,0.10680248316866311
Stk4,0.10679739970841272
Inpp5b,0.10658999453019677
Igsf21,0.10655237692434388
Ppfibp1,0.10647612502058801
P2ry12,0.10636225551097926
Pom121,0.10615383364071324
Nup98,0.10614265002816237
Banp,0.10604606428340495
Ndufaf6,0.10591694439304501
Xist,0.10588441024744251
Lamp5,0.10585797625414048
Fbxo41,0.10582340872443782
Khdrbs2,0.10572987305583063
Sept3,0.10566073799642531
Creld1,0.10532929638809982
Ipmk,0.10525304448434396
Ddit3,0.10493278648856934
Ramp3,0.10493176979651925
Sult1a1,0.10486365142916401
Plod1,0.10483416735971175
Memo1,0.10456474396644103
Jam3,0.10455864381414055
Ctnnal1,0.10425770296731741
Golga2,0.10422720220581508
Smn1,0.10419161798406233
Mybbp1a,0.1041560337623096
Nrp1,0.10414485014975874
Zic2,0.10409909900750522
Gart,0.10376664070712965
Rmdn3,0.10370970595232527
Spopl,0.10363752081676973
Dpysl4,0.10329489559589337
Sst,0.10322067707623767
Grm8,0.10304072258337384
Lfng,0.10298988798086993
Micu2,0.10291871953736445
Rgs9,0.10291871953736445
Ndst1,0.10281298356415632
Ppif,0.10278349949470406
Il18,0.10273673166040045
Sirt7,0.10235750552572129
Kat8,0.10232090461191848
Als2,0.10222330217511097
Zscan21,0.10220195164205934
Stx8,0.10217348426465714
Nectin3,0.1020687649834991
Unc13b,0.10198946300359299
Anxa2,0.10196912916259143
Kat6a,0.10191829456008751
Igsf8,0.1018308590437808
Maip1,0.10180340835842869
Nrep,0.10179120805382774
Bbs7,0.10173325660697329
Nbn,0.1016864887726697
Rp2,0.10154821865385906
Iqgap1,0.10150348420365561
Erbb4,0.10143333245220022
Smad5,0.10133979678359303
Stat5b,0.1012106768932331
Rapgef3,0.1010520729334209
Pcnt,0.10095955395686379
Epm2a,0.10084161767905472
Crym,0.10071758124894518
Dlg5,0.10064946288158995
Nampt,0.10016348408165257
Mettl3,0.10014416693270109
Sh3gl3,0.10000894689004068
Foxo3,0.09996014567163694
Pcdh15,0.09968563881811583
Arntl,0.09962870406331145
Myt1,0.09948433379220034
Rock1,0.09942943242149613
Rbm8a,0.09937148097464167
Cxcl12,0.09936843089849143
Epha10,0.09929929583908612
Plxna4,0.09925557808093276
Abitram,0.0992159270909797
Slc25a20,0.09904715621066673
Myo1e,0.0989973383002129
Akt3,0.09899632160816282
Mtmr12,0.09885195133705171
Cdh4,0.09877468274124578
Tufm,0.09874214859564327
Efnb2,0.09867606361238819
Bbs2,0.09856219410277943
Golga3,0.09848695889107364
Prkd3,0.09845239136137099
Ldlrad4,0.09844222444087021
Ldb2,0.09825921987185614
Eepd1,0.09819211819655098
Eif2s2,0.098088415607443
Sdk2,0.09800403016728651
Dcaf1,0.09786270997232564
Cops9,0.09771020616481392
Meaf6,0.09756075243345243
Cntn4,0.09752313482759953
Rgs3,0.0974784003773961
Myo1d,0.0972964125004321
Jarid2,0.09698835480925841
Ezr,0.09694565374315513
Pisd,0.09694463705110504
Rcc2,0.0968907523724509
Pls1,0.09687753537579988
Phc2,0.09683991776994699
Nr2f2,0.09683585100174667
Mmp15,0.09669351411473573
Cckbr,0.09667724704193448
Inpp1,0.09667318027373417
Cbfb,0.09658472806537736
Bcl7c,0.09649627585702056
Acss1,0.0964383244101661
Rictor,0.09638952319176236
Maob,0.09635292227795954
Tiparp,0.09634580543360899
Tmem163,0.09629090406290478
Praf2,0.09622583577169977
Stk3,0.09601131374913327
Stam2,0.09574595712406286
Ank1,0.09572969005126161
Msn,0.09570122267385943
Abhd5,0.09567275529645723
Igf2,0.09547755042284223
Bcar1,0.09535961414503315
Olfm3,0.09520101018522095
Per2,0.09507697375511141
Myo10,0.09501190546390642
Fdx1,0.094980388010354
Setdb1,0.09488176888149641
Pgr,0.09484211789154336
Tshz1,0.09472519830578437
Gabrg1,0.0946214957166764
Tbp,0.09461946233257623
Sox10,0.09453914366062006
Taf11,0.09448119221376561
Pde8a,0.09436732270415685
Garem1,0.09411823315188769
Plaat1,0.09409484923473589
Pcdh20,0.0940806155460348
Terf1,0.09406231508913339
Ift88,0.09404909809248238
Abca1,0.09403893117198159
Myo1c,0.09389659428497064
Abcg2,0.09376645770256065
Ap3s2,0.09361090381889868
Qsox1,0.09361090381889868
Nfkb1,0.09355803583229462
Abcb1a,0.09344416632268586
Dmap1,0.09341061548503328
Hsf2,0.09324896144907084
Taf5l,0.09321744399551841
Leo1,0.09314627555201295
Bcl10,0.09305375657545584
Sall1,0.09301105550935256
Adamts1,0.09300597204910216
Vps9d1,0.09296937113529935
Sox21,0.09289515261564364
Cdh20,0.09281788401983769
Akt2,0.09271723150687995
Naaa,0.09271418143072972
Ero1lb,0.09269384758972815
Wrap73,0.09266131344412565
Rxra,0.09264199629517417
Cnppd1,0.09263081268262331
Samhd1,0.09260844545752159
Olig1,0.0925565941629676
Litaf,0.0925382937060662
Vps54,0.09239189005085494
Csf1r,0.09215906757138703
Parva,0.09197301292622273
Ints11,0.0919130280952681
Btbd2,0.09189371094631663
Ndufs4,0.0918764271814653
Mtf1,0.09179102504925873
Gpr107,0.09177475797645748
Tox,0.09175645751955608
Dnmt1,0.09172392337395358
Lima1,0.09171883991370318
Rtn2,0.09163242108944654
Podxl,0.09156125264594106
Pkn1,0.09153380196058895
Btbd9,0.0914148489907298
Ak4,0.09141383229867972
Jade1,0.09135079739157488
Cntn6,0.09128166233216956
Hmga1,0.0912704787196187
Il33,0.09101630570709915
Grin2d,0.09094615395564376
Ache,0.09094208718744344
Zfp536,0.09094208718744344
Wdr5,0.09085668505523688
Slitrk3,0.09081500068118367
Kcnj11,0.09070723132387538
Atxn3,0.09069096425107413
Rab4b,0.09067673056237303
Cntnap4,0.090455091695456
Arrb2,0.0904367912385546
Smad7,0.09038392325195052
Carmil1,0.09029140427539341
Setbp1,0.0902446364410898
Map3k5,0.09023853628878935
Bmpr1b,0.0902171857557377
D1Ertd622e,0.09021413567958747
Csf1,0.0901521174645327
Plxna3,0.08999961365702097
Atg14,0.08994267890221659
Fcgrt,0.08991116144866416
Prkcq,0.08981762578005698
Ccnd1,0.08971900665119939
Efna5,0.08963258782694275
Prpf31,0.08955633592318689
Pdgfb,0.08944958325792868
Pbx3,0.08942823272487703
Tbc1d1,0.0893692645859725
Cnot2,0.08927674560941538
Zdhhc18,0.08925641176841381
Extl1,0.08924827823201319
Cldn12,0.08920456047385983
Cbln2,0.08919846032155936
Htr2a,0.08917202632825733
Apln,0.08915270917930584
Sv2c,0.08914864241110552
Lpin2,0.0890988245006517
Yes1,0.08908662419605076
Atg7,0.08896462115004138
Cd83,0.08890870308728709
Elk1,0.0888009337299788
Sema5a,0.0887073980613716
Fam192a,0.0885579443300101
Gdpd1,0.08851524326390682
Ctnnbip1,0.08848880927060479
Nrp2,0.08832817192669244
Cpt1a,0.08827225386393814
Plxnc1,0.08826208694343736
Nde1,0.08815431758612907
Crocc,0.08806281530162204
Diras1,0.08804248146062046
Exph5,0.08799368024221671
Gosr1,0.08789811118950937
Med6,0.0878869275769585
Rhog,0.08787167719620734
Cib2,0.0878686271200571
Uhrf2,0.08772629023304615
Gabrd,0.08764902163724021
Tjp2,0.08750261798202895
Apba3,0.08745483345567527
Unc5c,0.08729216272766277
Smoc1,0.08716914298960331
Cnot9,0.08716812629755323
Tead1,0.08701765587414166
Acvr1,0.08687328560303055
Plxna2,0.08632528858803841
Cd151,0.086293771134486
Washc1,0.08627750406168475
Tmem176a,0.08621853592278021
Trpv2,0.08620226884997896
Fndc5,0.08618396839307754
Gpr26,0.08617075139642653
Nfe2l2,0.08607721572781933
F3,0.08597554652281152
Fah,0.08587997747010417
Cyp7b1,0.08586676047345315
Tmem259,0.08551701840822626
Coro6,0.08544381658062063
Siah2,0.08516625965094929
Rara,0.08510119135974428
Scamp4,0.08504730668109013
Hif1an,0.08504527329698998
Zc3h14,0.08502493945598842
Wwox,0.08487345234052676
Cdh11,0.0846853643112623
Flt1,0.08465893031796028
Kcna4,0.08455421103680222
Mettl14,0.08440475730544073
Prelp,0.08420751904772555
Rbl2,0.08410584984271774
Tgs1,0.08410279976656751
Brwd3,0.08408348261761601
Tbr1,0.08397571326030773
Slc30a10,0.08370425648293686
Vcam1,0.08351311837752216
Taf12,0.08343584978171621
Fstl4,0.08326097874910277
2610035D17Rik,0.08325182852065206
Dennd1a,0.0830962746369901
Atp7a,0.08296817143868025
Srebf1,0.08292648706462705
Chd6,0.08285735200522173
Arrdc2,0.08276686641276478
Synpo2,0.0827607662604643
Lrig1,0.08272314865461142
Smad3,0.08262554621780391
Atf1,0.08259199538015133
Grik4,0.08251574347639547
Sorcs3,0.08250150978769437
Sidt1,0.08241814103958796
Rybp,0.08233985575173193
Lss,0.08227072069232662
Ptpn2,0.08209788304381332
Zdhhc7,0.08207551581871161
Pdgfrb,0.08200943083545653
Padi2,0.08192911216350035
Nr1h2,0.08191182839864902
Rnase4,0.081833543110793
Bcor,0.08175729120703713
Tgfa,0.08175525782293698
Mcur1,0.08173289059783526
Cd2ap,0.08171052337273355
Rcor1,0.081651555233829
Sstr4,0.08154378587652071
Supt20,0.08145533366816392
Fbxl4,0.08128554609580085
Retreg3,0.0812326781091968
Cdh13,0.08119201042719366
Aldh9a1,0.08115744289749101
Ess2,0.08115540951339086
Snta1,0.08099985562972889
Pim2,0.08083108474941592
Dock7,0.08055861127999496
Mcam,0.08055861127999496
Ptpn1,0.08054437759129386
Rbp1,0.08047930930008886
Mknk1,0.08029325465492455
Cmtm6,0.08029325465492455
Kdr,0.08029020457877431
Polr2j,0.08015600122816399
Aldh1l1,0.08014583430766321
Ankrd13d,0.07993639574534711
Kpna2,0.07961918782572272
Rassf5,0.07955716961066794
E2f3,0.07954903607426732
Sema3c,0.07951853531276498
Zfp111,0.07950938508431427
Ddx41,0.0794616005579606
Otof,0.07940873257135653
Wee1,0.0794056824952063
Sirt3,0.07934671435630176
Actn2,0.07924606184334403
Numb,0.0791494760985866
Klf5,0.07912304210528456
Slco3a1,0.07907119081073058
Zfand2b,0.07891970369526892
Dgcr8,0.07891563692706861
Cntn3,0.07886378563251463
Mdk,0.07868281444760071
Tet1,0.07864824691789805
Spsb1,0.0785201437195882
Synj2bp,0.07847439257733468
Gna11,0.07829952154472124
Dgkq,0.07808703290625489
Lats2,0.07808601621420481
Lgals1,0.07808398283010466
Sema3a,0.07807889936985427
Rela,0.07806059891295286
Tnfrsf1a,0.07802399799915005
Hcn1,0.0777789752150812
Ifi27,0.07758377034146619
Ndst2,0.07752581889461174
Msi1,0.07746176729545681
Nup205,0.07728384618669312
Tox3,0.07710999184612975
Hs3st2,0.07706424070387624
Nfatc3,0.0769076701281642
Traf6,0.07673889924785122
Patz1,0.07635560634497175
Wnt7b,0.07627732105711572
Rab8b,0.07618581877260869
Tac1,0.0761197337893536
Asic1,0.07604246519354767
Hps5,0.07602518142869634
Arhgap31,0.07583912678353202
Man2b2,0.07565103875426757
Tgfb2,0.07564188852581687
Smarce1,0.07561545453251482
Zdhhc6,0.07556665331411108
Klf15,0.07541923296684974
Lgr4,0.07541109943044912
Foxj3,0.07520877771248355
Eya3,0.07519047725558214
Tbc1d22a,0.07512540896437714
Decr1,0.07511625873592644
Ephb1,0.07500035584221752
Timm50,0.0749973057660673
L3mbtl2,0.0748478520347058
Gpsm2,0.0748478520347058
Commd10,0.07454691118788266
Mrm3,0.0744706592841268
Arl13b,0.07440254091677155
Pou2f1,0.07434357277786702
Ssr2,0.07404771539129427
Mfsd2a,0.07402026470594215
Tgfbr2,0.07399586409674028
Sh3bp1,0.07369593994196721
Ets1,0.07369085648171683
Nelfe,0.07357902035620822
Dctn3,0.07350175176040229
Smpd4,0.07336348164159165
Cep290,0.07334111441648992
Cdh7,0.07326892928093438
Prodh,0.07316726007592657
Tgm2,0.0729466379010596
Grin2c,0.07282870162325053
Selenoo,0.07279413409354787
Prox1,0.0727138154215917
Ube2g2,0.07255114469357918
Sirt6,0.07254809461742895
Plin4,0.07251352708772629
Igf2r,0.07235695651201425
Prkab1,0.07228680476055886
Slc4a7,0.07227460445595792
Ghr,0.07220038593630221
Irf9,0.07219326909195166
Abca7,0.07200823113883743
Slc6a9,0.07186589425182649
Herc6,0.0717723585832193
Lpl,0.07175710820246813
Ube2n,0.07162493823595796
Etv1,0.07160053762675608
Bcam,0.07158528724600491
Fn1,0.0715161521865996
Cers6,0.07145921743179522
Lhx2,0.07134026446193607
Slit3,0.07128129632303153
Dcc,0.07125282894562934
Far2,0.07122334487617707
Kcnj9,0.07122232818412699
Pnkd,0.07115319312472168
Mapkapk2,0.0711338759757702
Stat2,0.07111862559501902
Mlst8,0.07108914152556675
Cdh5,0.0710820246812162
Mplkip,0.07105355730381402
Fbxl12,0.07097628870800808
Atad3a,0.0709610383272569
Gtf2b,0.07087868627120057
Hes1,0.07081158459589541
Gdf1,0.0707231323875386
Kdm6b,0.07071804892728822
Cxxc1,0.07070686531473735
H2afx,0.07063773025533204
Fbl,0.07062858002688134
Socs6,0.07056147835157618
Parp2,0.07034085617670921
Fzd1,0.07032662248800811
Tubgcp2,0.0703134054913571
Sirt4,0.07024427043195179
Thbs3,0.07020461944199874
Srp72,0.06970339026131019
Nfyc,0.06967593957595808
Alpl,0.06964848889060597
Foxp2,0.0696047711324526
Sphk2,0.06954986976174839
Inka2,0.06952140238434619
Slc45a1,0.06943396686803947
Bach1,0.06942583333163885
Etv3,0.06938923241783604
Phc1,0.06927841298437751
Brcc3,0.06927129614002696
Fstl5,0.0692184281534229
Lamtor5,0.06915539324631804
Mxd4,0.069115742256365
Sesn2,0.06898458898190492
Pcif1,0.06897035529320382
Diablo,0.06892663753505046
Pdgfra,0.06882395163799256
Celf6,0.06878328395598944
Ighm,0.06871211551248396
Kcng1,0.06864806391332903
Eng,0.06863688030077818
Aldh4a1,0.06854232794012091
Abcc8,0.06854029455602074
Golga5,0.06852606086731966
Gar1,0.06851386056271871
Cdk5rap2,0.06850267695016786
Rundc1,0.06840100774516003
Glra2,0.06832983930165457
Scmh1,0.06830442200040261
Tfeb,0.06818445233849338
Grid2,0.06818140226234315
Gpd1,0.06816818526569213
Chrm3,0.06814886811674065
Pecam1,0.06810413366653721
Adcy8,0.06809396674603643
Zyx,0.06808176644143549
Polk,0.0679882307728283
Zfand4,0.06795671331927587
Pik3cd,0.06786419434271876
Rsad1,0.06779302589921328
Cdh9,0.06778692574691282
Clmp,0.06775134152516007
Dnttip2,0.06771372391930719
Axl,0.06765272239630249
Xpa,0.06754596973104429
Klhl18,0.06751953573774225
Cygb,0.06738329900303178
Vipas39,0.06738126561893162
Ilk,0.06723181188757013
Emd,0.06719216089761708
Slc9a1,0.06699797271605215
Glis3,0.06699492263990191
Ftsj1,0.06696035511019925
Oprm1,0.06684546890854041
Erg28,0.06683733537213979
Casp9,0.06661162973702243
Pcsk1,0.06660756296882211
Cdk7,0.06658722912782056
Cd2bp2,0.06654046129351696
Tfam,0.06653741121736673
Rad51d,0.0664967435353636
Elob,0.06649166007511322
Htr7,0.06640219117470633
Ddx19b,0.06637982394960461
Kat2b,0.06632695596300055
Panx1,0.06618258569188944
Adcyap1,0.06617343546343873
Maz,0.06600873135132607
Hrh1,0.06600364789107568
Cnot4,0.06583691039486286
Lpar1,0.06570575712040277
Anln,0.06568237320325097
Nrg1,0.06563967213714769
Lyar,0.06529603022422127
Wdr34,0.06521469486021501
Serpina3n,0.0652106280920147
Galnt14,0.06503982382760157
Gpc6,0.06495137161924476
Birc2,0.06492392093389265
Per3,0.06488630332803975
Dgat1,0.06484055218578624
Cux2,0.06471549906362663
Bach2,0.06467686476572365
Cdc5l,0.06467076461342318
Neurod2,0.06467076461342318
Ccdc130,0.06455282833561411
Gpr83,0.06453859464691301
Slit2,0.06449691027285981
Hdac1,0.06442675852140442
Pkib,0.06440540798835277
Dusp1,0.06440337460425262
Bbs5,0.06438304076325106
Prmt7,0.06427018794569238
Sema3d,0.06422342011138878
Atf6,0.06420613634653745
Sra1,0.06415835182018377
Efnb1,0.06415123497583324
Ublcp1,0.06406481615157658
Phb,0.0639987311683215
Ring1,0.06396416363861884
Pnpla2,0.06390926226791462
Arhgap17,0.06386249443361103
Wnt7a,0.06382284344365798
Gtf2e1,0.0638035262947065
Hspa1a,0.06379742614240602
Tlr3,0.06376794207295375
Stk38,0.06376184192065329
Fat4,0.06373540792735126
Six3,0.06372524100685047
Irak1,0.06372219093070024
Trpc3,0.06371507408634969
Prkd1,0.06367135632819633
C4b,0.06364085556669398
Acvrl1,0.06356460366293812
Wsb1,0.06347818483868148
Elac2,0.06347411807048116
Slc19a2,0.0634487007692292
Palmd,0.06342226677592717
Myrf,0.06313759300190529
Rsph9,0.0631365763098552
Kcnh2,0.06312640938935442
Pcsk6,0.06292408767138886
Irgm1,0.0628336020789319
Timp4,0.06281733500613065
Itga3,0.0628102181617801
Gabra2,0.0627919177048787
Cop1,0.06271159903292252
Ptchd1,0.06267499811911971
Smad9,0.06257942906641235
Pdyn,0.06251436077520735
Nras,0.06249606031830595
Med12,0.062454375944252745
Il13ra1,0.062390324345097815
Slc16a2,0.06232525605389281
Esrra,0.062204269699933507
Fezf2,0.062060916120872486
Traf2,0.0620507492003717
Smpd3,0.06199788121376764
Hira,0.06198364752506654
Cry1,0.0619714472204656
Amy1,0.0619714472204656
Arx,0.06180470972425278
Hapln1,0.0616827066782434
Rspo3,0.061651189224690976
Samd14,0.06146716796362683
Sirt1,0.06132889784481619
Serping1,0.06130958069586471
Esam,0.06127907993436236
Trpc5,0.061243495712609626
Stat1,0.06122824533185845
Mad2l2,0.06114080981555173
Abca8b,0.06106659129589602
Tmem120a,0.0610350738423436
Dvl2,0.06101372330929195
Fgfr1op,0.060998472928540784
Snrpd1,0.06096593878293828
Pld5,0.06089883710763312
Sox1,0.06088053665073171
P2rx4,0.060874436498431245
Mbd5,0.060800217978775536
Mmp14,0.0607320996114203
Lmnb1,0.0607178659227192
Tgfbr1,0.06071176577041874
Yeats2,0.06067821493276616
Zfpm2,0.060588746032359274
Dlx5,0.06050741066835302
Agt,0.06047792659890075
Pafah1b3,0.0604758932148006
Mapk14,0.060414891691795904
Smarcd2,0.060369140549542386
Pld2,0.06031017241063785
Cx3cr1,0.06021968681818089
Itpr2,0.06020036966922941
Cybc1,0.060173935675927374
Stom,0.060142418222374955
Selenon,0.06004888255376776
Pde1c,0.06004583247761752
Ifngr2,0.06003159878891643
Aif1,0.06001736510021533
Emx1,0.05984554414375212
Fam210b,0.059665589650888286
Tubg1,0.059587304363032265
Slc22a5,0.05958425428688203
Limd1,0.05945310101242195
Nr4a3,0.059392099489417254
Dpyd,0.059365665496115216
Snx4,0.05934838173126389
Xrcc1,0.0593432982710135
Pithd1,0.05930263058901037
Vtn,0.059239595681905524
Myo7a,0.059220278532954036
Psmd10,0.059208078228353105
Zswim5,0.059158260317899274
Tcf3,0.0591521601655988
Chic2,0.05913080963254716
Rack1,0.059065741341342154
Cptp,0.058972205672734965
Irgm2,0.058943738295332775
Cav1,0.05886850308362699
Ephb2,0.058812585020872686
Rnf219,0.05878920110372089
Siglech,0.058635680604159086
Chrna7,0.05862144691545799
Pml,0.05860924661085705
Col4a1,0.05855841200835314
Adra1a,0.058557395316303065
Sox11,0.05850147725354876
Gna12,0.05835609029038758
Mkks,0.058347956753986956
Abcd2,0.058316439300434536
Slc19a1,0.05829102199918258
Mme,0.05828898861508242
Nfatc2,0.058233070552328126
Sstr3,0.05820358648287586
Mycl,0.05811005081426866
Srd5a3,0.058040915754863344
Vstm5,0.057988047768259283
Senp3,0.05784876095739857
Klhl21,0.05769219038168653
Col9a3,0.057613905093830506
S1pr5,0.05750816912062238
Prom1,0.057420733604315655
Xrcc5,0.05733838154825932
Chrm4,0.057241795803501895
Etv6,0.057203161505598926
Inha,0.05706387469473821
Sulf1,0.056943905032828986
Fosb,0.056920521115677185
Mre11a,0.05689002035417484
Vangl2,0.056755817003564524
Sp1,0.056586029431201466
Medag,0.05653214475254732
Col1a2,0.05651384429564592
Trib2,0.05650876083539552
Lamtor3,0.05644877600444091
Cdh6,0.05637659086888536
Polr2h,0.05628712196847848
Abcc1,0.05615800207811855
Plin2,0.05610818416766472
Adamts20,0.056038032416209325
Washc3,0.05596788066475393
Svil,0.05591704606225002
Galc,0.05580317655264126
Chrna4,0.05565778958948008
Smtn,0.05563745574847852
Sox4,0.055550020232171794
Npas4,0.05550935255016867
Ndc1,0.05547376832841593
P3h3,0.055444284258963666
Hdac9,0.05539039958030952
Ikzf2,0.055337531593705455
Kat6b,0.05525212946149889
Col4a2,0.055230778928447244
Irs1,0.055213495163595916
Lipe,0.055144360104190604
Srf,0.05511894280293864
Bmp6,0.05511792611088857
Plk3,0.05505285781968357
Map3k11,0.05504269089918278
Plekha2,0.05495525538287606
Fam107b,0.05494305507827512
Crlf2,0.054908487548572464
Chd7,0.054894253859871366
Slc7a10,0.05488408693937059
Jag1,0.05484036918121722
Adcy3,0.05483833579711707
Xrcc4,0.054784451118462925
Clic6,0.05476411727746136
Mus81,0.054717349443157766
Entpd1,0.0546827819134551
Lef1,0.05451299434109205
Sigmar1,0.054491643808040405
Gjb2,0.05442860890093556
Nog,0.054309655931076416
Cwc27,0.05429033878212493
Cacna1h,0.05426593817292305
Afap1l2,0.05426187140472274
Itpa,0.054190702961217266
Adamts3,0.05418968626916719
Bhlhe22,0.05414495181896375
Pik3ca,0.05401786531270397
Tns2,0.05400871508425327
Glra1,0.05394771356124858
Ndor1,0.053940596716898034
Daglb,0.053928396412297096
Ascc2,0.05392432964409678
Cln8,0.053798259829887084
Gmds,0.053775892604785366
Ick,0.05366507317132684
Pcgf2,0.05350545251946457
Slc9a8,0.05335396540400292
Dglucy,0.05335091532785269
Brpf3,0.05328686372869776
Psmb8,0.05306217478563048
Nsmce3,0.05297168919317352
P2rx7,0.05295643881242235
C1qtnf5,0.05295440542832219
Crhr1,0.052867986604065546
Prune1,0.05280291831286055
Chst8,0.05280291831286055
Ccn1,0.05271243272040359
Drd1,0.0527022657999028
Socs2,0.05253857837984022
Mxd1,0.05251926123088873
Dscaml1,0.0522874554434709
Rnf20,0.05228338867527059
Rras2,0.05197838106024714
Eva1a,0.0519753309840969
Syt9,0.05194483022259456
Maml1,0.05190822930879174
Tor2a,0.051867561626788614
Tek,0.05186146147448815
Snap29,0.05181977710043494
Rab37,0.05181469364018455
Gbp7,0.05172014127952728
Cntnap5b,0.051709974359026495
Invs,0.05168049028957423
Gba,0.051660156448572664
Cr1l,0.05133481499254765
Frmpd1,0.05118231118503592
Glmp,0.05112639312228162
Cdh8,0.051034890837774585
Selplg,0.05095558885786849
Egfr,0.05094643862941778
Nr2e1,0.0509037375633145
Hr,0.050899670795114184
Neil1,0.05084985288466035
Hdac8,0.05083561919595926
Lama5,0.05076140067630355
Notch3,0.05071666622610011
Polr3e,0.05070446592149917
C1qtnf12,0.05059567987214081
Ndufa12,0.05058144618343971
Rnaseh2b,0.05057331264703909
Klhl36,0.05057127926293893
Rab24,0.05052857819683565
Fosl2,0.05050519427968385
Lig4,0.050469610057931116
Sass6,0.050458426445380254
Setd6,0.05037404100522377
Dusp11,0.05035269047217212
Arap1,0.05035167378012204
Elovl1,0.050243904422813755
Acvr1c,0.050186969668009375
Sema4g,0.05018290289980906
Irak2,0.05013613506550547
Egr4,0.04988806220528639
Slc24a4,0.0497060743283224
Stimate,0.04967964033502036
Adgre5,0.04966337326221911
Pyroxd1,0.04958712135846325
Topbp1,0.04952713652750863
Id1,0.0494773186170548
Zfp219,0.049444784471452306
Sytl5,0.049428517398651055
Pwp1,0.049388866408698
Pld1,0.04924856290578721
Nrf1,0.04922212891248518
Emx2,0.04919874499533338
Ackr3,0.04918959476688268
Kit,0.04915096046897971
Stab1,0.049128593243877985
Supt3,0.04898625635686704
Tepsin,0.04893643844641321
Katna1,0.04884798623805641
Prrx1,0.04881951886065422
Idua,0.048799185019652656
Cd68,0.048790034791201954
Nup155,0.04870056589079507
Sarm1,0.04851857801383108
Nrarp,0.048470793487477404
Hps4,0.048463676643126855
Gdf11,0.0484382593418749
Meis1,0.048391491507571306
Pfas,0.0483264232163663
Plxna1,0.04820238678625676
Grm4,0.04814036857120199
H2-DMa,0.04813325172685145
Xkr6,0.048127151574550976
Hcn4,0.047962447462438315
Adra1b,0.04793601346913628
Trmt13,0.047843494492579165
Grik1,0.047817060499277135
Bmp7,0.04777232604907369
Vsir,0.04750595273195321
Plxnd1,0.0474785020466011
Rcor2,0.04727516363658546
H2afv,0.04724567956713319
Oprl1,0.047111476216522875
Prr5,0.04709419245167154
Ppp2r1b,0.047059624921968884
Chrm2,0.04701285708766529
Cflar,0.046997606706914115
Lypd6,0.046964055869261535
Gla,0.046947788796460284
Il17ra,0.046847136283502545
Fam20a,0.04680036844919895
Hikeshi,0.04678105130024746
Blnk,0.04675563399899551
Wdr83,0.04672106646929285
Cbln4,0.04670581608854168
Cd24a,0.04659804673123339
Tgfb3,0.046579746274331986
Vhl,0.0465787295822819
Slc11a2,0.04652687828772792
Cnot8,0.04639674170531791
Cops5,0.04636725763586564
Syt2,0.04636624094381556
Bcl2,0.046299139268510404
Rad9a,0.046277788735458764
Zbtb4,0.04606021663674203
Wnt9a,0.046056149868541715
Gorasp1,0.046051066408291326
Yipf1,0.04600429857398773
Lpar6,0.04595244727943374
Arhgef15,0.045924996594081634
Hsd17b7,0.045877212067727956
C1ql1,0.045855861534676315
Adgra3,0.04582637746522405
Gpr17,0.0458192606208735
Pou3f1,0.045703357727164586
Mad1l1,0.04570132434306443
Opalin,0.045609822058557396
Wrap53,0.045570171068604344
Snu13,0.04554780384350263
Actl6a,0.045538653615051924
Wnt5a,0.04545935163514583
Lmo2,0.04541766726109262
Gjc1,0.04541055041674207
Rfx5,0.04536073250628824
Zic4,0.04535158227783754
Eif2s1,0.04529668090713331
Foxc1,0.04525194645692988
Cd82,0.04515942748037276
Patj,0.04515434402012237
Gyg,0.045071991964066034
Apaf1,0.04504860804691424
Igfbp3,0.04487983716660126
Cd34,0.04487272032225071
Kyat1,0.04479341834234461
Slc31a1,0.04479138495824446
Dcx,0.044644981303033196
Cartpt,0.044607363697180304
Derl2,0.04460329692897999
Lama2,0.04458804654822882
Rfx4,0.04454636217417562
Pias3,0.04451992818087358
Slc22a8,0.0445097612603728
Casp2,0.04449451087962163
Reln,0.04447417703862006
Dxo,0.044466043502219436
Trpc4,0.04443249266456686
Kcnj2,0.04435217399261068
Ntn1,0.0442952392378063
Chil1,0.04418543649639786
Hcn3,0.0441651026553963
Pdlim4,0.04405631660603793
Wtip,0.04400751538763418
Htr1a,0.04396176424538066
Cd38,0.04386721188472339
Sox18,0.04375537575921479
A2m,0.04368522400775939
Sumf1,0.04368319062365924
Cln6,0.0436567566303572
Bmpr1a,0.043634389405255485
Acot6,0.04363337271320541
Gli3,0.04363337271320541
Adora2a,0.04355813750149962
Tyw5,0.043533736892297746
Fhl2,0.04340665038603797
Prkdc,0.04339038331323672
Lpp,0.04326126342287679
Unc93b1,0.043205345360122493
Ldlr,0.043076225469762565
Syt6,0.042957272499903415
Suv39h1,0.04289220420869841
Fbxo32,0.04286983698359669
Esrrg,0.04286272013924614
Homer3,0.04282001907314286
Fcgr3,0.04281290222879231
Fzd6,0.04278443485139012
Ntmt1,0.04277020116268903
Vstm4,0.0425851632095748
Npy1r,0.04234624057780643
Fzd4,0.04223847122049814
Acvr2b,0.04202699927408188
Spsb2,0.04202394919793164
Ryr3,0.04201683235358109
Rab27a,0.04200564874103024
Itga1,0.04197616467157797
Rab43,0.04182671094021648
Plagl2,0.0417697761854121
Prkg2,0.04173825873185967
Ntn4,0.04143833457708661
Igfbp2,0.04142816765658583
Clgn,0.04135903259718051
Spry4,0.041338698756178946
Sstr1,0.04131328145492699
Pax6,0.04118009479636675
Dab2,0.041164844415615576
Fbn1,0.041074358823158616
Cavin1,0.040990990075052205
Tigar,0.040985906614801816
Lgals9,0.040888304177994314
Slc14a1,0.04086390356879244
Frzb,0.04085373664829165
Dpf3,0.04084458641984095
Mlycd,0.04083035273113986
Mt1,0.04081815242653892
Gcat,0.04066259854287695
Slc40a1,0.04065853177467664
Tnfsf12,0.04065344831442625
Hes6,0.04063616454957492
Dcaf11,0.04062294755292391
Ace,0.040616847400623435
Nme5,0.040611763940373045
Ripk2,0.040590413407321405
Rasd1,0.040585329947071015
Glra3,0.04056499610606945
Sema3e,0.04051517819561562
Satb2,0.04046536028516179
Shox2,0.040349457391452875
Gcnt4,0.04025287164669544
Smo,0.04012781852453583
Dock5,0.03998853171367512
Klf10,0.03994379726347168
Clic5,0.03994379726347168
Aifm1,0.0399102464258191
F11r,0.039889912584817534
Zscan2,0.03985534505511488
Gdpd2,0.03979536022416026
Tnfrsf11a,0.039792310148010025
Relb,0.03960015535054525
Cspg4,0.039560504360592205
Rxrg,0.03953813713549048
Pard6a,0.03953508705934025
Pms1,0.03947916899658595
Ephx2,0.039462901923784696
Tab1,0.039453751695333994
Prkn,0.03943748462253274
Nqo1,0.03934191556982539
Mafb,0.03931853165267359
Sardh,0.03930734804012274
Hacl1,0.03929718111962195
E2f1,0.03927176381837
Sgpl1,0.03927176381837
Hbegf,0.039262613589919296
Fign,0.039234146212517106
Plgrkt,0.03922397929201633
Dot1l,0.03912536016315874
Apobec3,0.039098926169856704
Pde3b,0.03908672586525577
Nfya,0.03906334194810397
Fgfbp3,0.039044024799152484
Hes5,0.03902369095815092
Rec8,0.039015557421750294
Polr1e,0.038730883647728406
Psmd11,0.03866988212472371
Gpr101,0.0386566651280727
Nkain1,0.03860684721761887
Atr,0.03853466208206332
Mlx,0.03847976071135909
Hspg2,0.038465527022658
Cntnap3,0.03845841017830745
Ccdc184,0.038361824433550025
Lmnb2,0.038278455685443614
Pdpn,0.038109684805130634
Col18a1,0.03809341773232938
Wnt4,0.03804664989802579
Nr4a2,0.03799988206372219
Scrt2,0.03793379708046711
Ccn2,0.037923630159966325
Fgf22,0.037870762173362264
Eif2ak2,0.03781992757085835
Iqgap2,0.03781484411060796
Fli1,0.037634889617744124
Lbr,0.03759117185959076
Riox1,0.03752915364453599
Plekhg2,0.03752203680018545
Erap1,0.03751288657173474
Adam17,0.03749966957508372
Szt2,0.037475268965881846
Jak3,0.03727904740021676
Kcng2,0.03727396393996637
Sstr2,0.037119426748354487
Pla2g6,0.03694252233164088
Tie1,0.03693540548729033
Tec,0.0369089714939883
Runx2,0.0368998212655376
Efemp1,0.036750367534176105
Cgn,0.03671580000447344
Inpp5e,0.03670156631577235
Klf11,0.03655922942876141
Ercc1,0.036546012432110385
Cbln1,0.036469760528354524
Trmt2a,0.036392491932548586
Phyhd1,0.03638740847229819
Shroom3,0.036381308319997724
Sept10,0.03636605793924655
Kdm1b,0.03633454048569413
Fcrls,0.036326406949293504
Rsph1,0.0363030230321417
B3glct,0.0362613386580885
Ap5z1,0.03621253743968474
Prpf3,0.03619220359868318
Kl,0.036178986602032163
Kcnj6,0.03614238568822935
Trim34a,0.03613933561207912
Katnal2,0.03612510192337802
Cfap69,0.03606816716857364
Mcph1,0.03600309887736864
Irf1,0.035982765036367076
Htr1b,0.035920746821312306
Tln1,0.035909563208761444
Dlx6,0.03590854651671137
Zbtb46,0.03589024605980996
Pcdha7,0.03584856168575675
Dut,0.03581704423220433
Tmem98,0.035754009325099485
Rhbdl3,0.0357113082589962
Abcb8,0.03568284088159401
Fbln1,0.035573038140185566
Gpr34,0.03557202144813549
Itga7,0.03552118684563158
Celsr1,0.03536258288581938
Ephb3,0.035315815051515785
Fv1,0.03529548121051422
Dll1,0.03522837953520906
Gstk1,0.0351429774030025
Tgfb1,0.0351287437143014
Cdkn1c,0.03507079226744694
Rai14,0.03506265873104632
Igfn1,0.0350494417343953
Cnot11,0.03503825812184444
Foxj1,0.03495997283398842
Bloc1s5,0.03493353884068639
Ecel1,0.03490913823148451
Me1,0.03488778769843287
Chrd,0.03486847054948138
Itgam,0.03486237039718092
Vcan,0.034846103324379665
Fadd,0.03483288632772865
Lhx9,0.034817635946977475
Gldc,0.03468038252021692
Pycrl,0.03465191514281473
Atm,0.03463666476206356
Mlh1,0.03462751453361285
Pla2g4a,0.03461328084491176
Slc8b1,0.03458481346750957
Daxx,0.034555329398057305
Csk,0.03442417612359722
Vwf,0.034386558517744324
Plagl1,0.03435199098804167
Zup1,0.03430013969348768
Ocln,0.03425845531943447
Olfml3,0.03424523832278346
Ptgs1,0.03424422163073338
Mas1,0.034209654101030725
Abraxas1,0.03416796972697752
Klf4,0.034140519041625406
Sntb1,0.034106968203972826
Yap1,0.0340896844391215
Mrnip,0.0340663005219697
Itga4,0.033871095648354686
Tcof1,0.03382026104585078
Vangl1,0.033814160893550306
Shc1,0.033714525072642644
Rab3b,0.03369520792369116
Osmr,0.03360573902328428
Alg13,0.033582355106132486
Ndst3,0.033571171493581624
Dlx1,0.03349593628187584
Arf6,0.03343391806682107
Ccne1,0.03342680122247052
Ly86,0.03338816692456755
Gjb1,0.03338410015636724
Adgra2,0.033280397567259264
Ngb,0.033253963573957226
Tmem43,0.03320922912375379
Cnksr3,0.03300284063758792
She,0.032998773869387606
Cyp27a1,0.032991657025037056
Gtf2e2,0.03297132318403549
Pfn4,0.03294082242253315
Mindy1,0.03288287097567869
Cd55,0.03284016990957541
Nfatc1,0.032837119833425174
Egln3,0.03281373591627337
Kcnk10,0.032757817853519076
Hic1,0.032741550780717825
Borcs8,0.03269884971461454
Fancl,0.03264394834391032
Cdc25a,0.03257989674475539
Racgap1,0.032557529519653676
Mapk7,0.03255244605940328
Sgms2,0.03254431252300266
Col23a1,0.032527028758151326
Gdf10,0.03252092860585086
Slc44a5,0.03248534438409812
Nxph4,0.0324629771589964
Fancc,0.03240502571214195
Gabrq,0.03235724118578827
Pdk4,0.03231149004353475
Thbs2,0.032264722209231156
Ddx58,0.03224133829207936
Sfrp1,0.03218237015317482
Nxn,0.032124418706320365
Fgf9,0.03209188456071787
Capn1,0.03206036710716544
Tmem119,0.0320247828854127
Fmod,0.03201868273311224
Mapk11,0.03200546573646122
Sema6c,0.03196378136240802
Zswim9,0.031924130372454965
Eif2ak4,0.0319037965314534
Dach1,0.031745192571641205
Lepr,0.03174315918754105
Gnaz,0.03170045812143776
B9d2,0.03165369028713417
Htra2,0.03161912275743151
Rel,0.03158862199592916
Rhoj,0.03149610301937205
Nos3,0.03145543533736892
P2ry13,0.031415784347415876
Dffb,0.03139036704616392
Hspa1b,0.03137206658926251
Vipr1,0.03133851575160993
Ciart,0.03133648236750978
Oprd1,0.031309031682157665
Ninl,0.03129073122525626
Sall3,0.03118397855999805
Cd84,0.031118910268793043
Trex1,0.031055875361688197
Bid,0.031017241063785225
Tac2,0.031016224371735148
Epn3,0.030995890530733584
Zmynd19,0.030899304785976158
Oasl2,0.030855587027822793
Epha3,0.03084643679937209
Pnpla3,0.030829153034520763
Rarb,0.03079661888891826
Mkx,0.030615647704004344
Ern1,0.030591247094802466
Epor,0.03057701340610137
Trem2,0.0305058449625959
Hist2h2be,0.03045501036009199
Trbc1,0.030380791840436284
Dusp15,0.03037570838018589
Fras1,0.030317756933331434
Kctd15,0.030234388185225024
Hras,0.03019778727142221
Lratd2,0.030188637042971506
Tyk2,0.03015813628146916
Cd53,0.030102218218714862
Nid1,0.029978181788605323
Rest,0.029904979960999695
Mycn,0.0297880603752407
Hkdc1,0.029720958699935542
Usp3,0.02966605732923132
Gpr4,0.029535920746821313
Rnf31,0.02952575382632053
Ehd4,0.029522703750170295
Ptprf,0.02949220298866795
Ercc2,0.029470852455616307
Jade3,0.029457635458965292
Mthfr,0.02944848523051459
Ogg1,0.029415951084912087
Aldh1a2,0.02934681602550677
Rarg,0.029327498876555284
Map3k1,0.02932444880040505
Bcl2l11,0.02932444880040505
Coa7,0.029319365340154658
Ofd1,0.029305131651453566
Inpp5d,0.029277680966101453
Ogn,0.029232946515898015
Hist1h4h,0.02919126214184481
Spry1,0.029086542860686754
Cpt2,0.029049941946883942
Gh,0.029037741642283003
Clec14a,0.028991990500029485
Gbx2,0.028980806887478623
Mtx1,0.028948272741876124
Sema3f,0.028876087606320572
Kdm8,0.028873037530170335
Urm1,0.028835419924317443
Dlx2,0.028751034484160956
Ttll3,0.028745951023910563
Ptgs2,0.028711383494207904
Amer1,0.02868088273270556
Cercam,0.028604630828949696
Col1a1,0.028587347064098368
Col9a2,0.028586330372048288
Ryr1,0.028543629305945006
Sox13,0.028514145236492736
S1pr3,0.02847856101474
Gas1,0.028460260557838592
Itga8,0.02845721048168836
Nt5e,0.028456193789638283
Myd88,0.028427726412236093
Ret,0.02839519226663359
Enpp1,0.028386042038182888
Tfpi,0.028363674813081167
Ifih1,0.028352491200530308
Sema4a,0.028253872071672723
Arhgef6,0.028226421386320612
Mavs,0.028211171005569437
Jazf1,0.02820507085326897
Il10ra,0.028195920624818266
Eya1,0.028035283280905914
Atp2a3,0.028023082976304976
Phf3,0.028004782519403568
Nfil3,0.028000715751203255
Gpc3,0.027983431986351927
Npy2r,0.027932597383848016
Dusp5,0.027892946393894967
Ezh2,0.02789192970184489
Gusb,0.027870579168793246
Cth,0.027765859887635195
Tnfrsf1b,0.027692658060029567
Kmt5c,0.027685541215679017
Hmox1,0.027675374295178235
Ephb4,0.027585905394771355
Spi1,0.02755032117301862
Bbox1,0.0275045700307651
Adora2b,0.02748321949771346
Gmnn,0.027416117822408298
Lin28b,0.027413067746258065
Ifnar2,0.02738765044500611
Fbxo4,0.027381550292705642
Enpp6,0.02734291599480267
Itgb4,0.027313431925350403
Crb2,0.027199562415741646
Sirt5,0.027190412187290944
Hpgds,0.027159911425788597
Pth1r,0.02714262766093727
Dhodh,0.027122293819935705
Acacb,0.027112126899434923
Cited4,0.02706230898898109
Grk5,0.027009441002377028
Il4ra,0.02700740761827687
Drd2,0.026981990317024914
Nectin2,0.026927088946320694
Adra2a,0.02691692202581991
Adamts6,0.026908788489419286
Syne4,0.026897604876868427
Rspo2,0.026854903810765142
Scarb1,0.02684473689026436
Itga6,0.02675018452960709
Lum,0.02667189924175107
Dhfr,0.026478727752236215
Dlk1,0.02641772622923152
Psen2,0.026310973563973314
Ednra,0.026255055501219014
Tap1,0.026242855196618075
Aldh2,0.026238788428417762
Zfp503,0.026214387819215885
Il1r1,0.02620828766691542
Sncg,0.026168636676962367
Lamb1,0.02616151983261182
Rspo1,0.026086284620906036
Ahr,0.02608425123680588
Gpr6,0.026060867319654082
Nod1,0.02605680055145377
Lypd6b,0.02598766549204845
Dusp4,0.025983598723848138
Nup62,0.025980548647697905
Lyn,0.025939880965694776
Src,0.025927680661093837
Nes,0.025693841489575858
Sh3bp2,0.02553015406951327
Drc7,0.025510836920561785
Zic3,0.025499653308010923
Bak1,0.025492536463660377
Plau,0.025379683646101697
Axin1,0.025332915811798102
Sox3,0.025297331590045366
Gsdme,0.025279031133143958
Msx1,0.025231246606790284
Col6a2,0.02521599622603911
Fzd2,0.025138727630233167
Stk32a,0.02512652732563223
Sidt2,0.02506044234237715
Trhr2,0.025056375574176837
Ccl21a,0.024866254160812215
Cbx1,0.024857103932361513
Rhpn1,0.024795085717306743
Primpol,0.024739167654552443
Nid2,0.024739167654552443
Ehmt1,0.024709683585100176
Fgf2,0.024676132747447593
Cep152,0.024620214684693293
Aif1l,0.024536845936586883
Ncf1,0.024416876274677656
Hgf,0.02439450904957594
Wwtr1,0.024352824675522734
Pon3,0.024290806460467964
Nmb,0.02426437246716593
Tcf7l1,0.024254205546665148
Akip1,0.02424200524206421
Bag2,0.024019349683097088
Abracl,0.023936997627040754
Prmt1,0.02393394755089052
Megf11,0.02392886409064013
Lcp2,0.02391666378603919
Nr6a1,0.023909546941688644
Pgpep1,0.02388311294838661
Trpc6,0.023773310206978166
Ehhadh,0.023762126594427307
Crhbp,0.02372552568062449
Cidea,0.023712308683973476
Dmrta2,0.023700108379372538
Sox17,0.023603522634615112
Nr1h3,0.023582172101563468
Myc,0.023457118979403852
Hey2,0.02345406890325362
Il15ra,0.023438818522502444
Htr1f,0.023383917151798224
Trim65,0.023320882244693374
Ltbp1,0.023299531711641733
Gbp3,0.02327411441038978
Tnfsf13,0.023258864029638608
Skp2,0.02325276387733814
Ptges,0.02323954688068712
Ppara,0.023235480112486807
Neurod1,0.02319989589073407
Nthl1,0.023170411821281805
Cdkn2c,0.022997574172768515
Rab29,0.022994524096618278
Cebpa,0.022918272192862413
Pard6b,0.022900988428011086
Egr2,0.022864387514208273
Gbp2,0.022838970212956316
Tagln,0.022823719832205144
Cd14,0.022770851845601077
Tcf7,0.02273526762384834
Lhfpl5,0.022721033935147246
Tnxb,0.022690533173644903
Esr1,0.02264173195524115
Ppm1d,0.02248414468747903
Ripk1,0.022482111303378873
Sema5b,0.022457710694177
Otx1,0.022363158333519727
Il1rapl2,0.02231740719126621
Cited1,0.02226148912851191
Cfap44,0.022260472436461832
Slc2a5,0.022260472436461832
Moxd1,0.022219804754458703
Cideb,0.022211671218058077
Alk,0.022133385930202056
Crabp2,0.022133385930202056
Pde12,0.022122202317651198
Slc13a4,0.02208255132769815
Smad6,0.022067300946946974
Gem,0.02198596558294072
Cntrob,0.021926997444036186
Fen1,0.021925980751986106
Col26a1,0.021919880599685637
Hif3a,0.021906663603034622
Col6a1,0.02190361352688439
Heyl,0.0218751461494822
Ngf,0.021806011090076884
Hk2,0.02179482747752602
Mitf,0.021762293331923522
Pik3cg,0.021759243255773286
Cd4,0.02173484264657141
Pmm2,0.021709425345319455
Lama4,0.02168909150431789
Atp7b,0.02164944051436484
Klk8,0.02158742229931007
Trhr,0.021557938229857805
Efna1,0.021464402561250612
Cdkn1a,0.021452202256649674
Folr1,0.021390184041594904
Sostdc1,0.02138306719724436
Isg15,0.021361716664192718
Fhod1,0.02134951635959178
Pnoc,0.02134951635959178
Anks6,0.021333249286790527
Abca4,0.02129766506503779
Lama1,0.0212691976876356
Fzd7,0.02126818099558552
Cep164,0.02126614761148537
Arid3b,0.021258014075084743
Wnt10a,0.021189895707729504
Sgcd,0.021133977644975203
Gfpt2,0.021116693880123875
Fam104a,0.02110754365167317
Mboat1,0.02107399281402059
Lsr,0.021032308439967385
Bloc1s6,0.02098452391361371
Zbtb8b,0.02097842376131324
Gpr149,0.0209570732282616
Sema3b,0.020854387331203702
Pygl,0.020842187026602763
Lrrc6,0.02077000189104721
Yif1a,0.020759834970546433
Sgsh,0.020740517821594945
Fgf18,0.020723234056743617
Faap100,0.020707983675992445
Map3k14,0.020672399454239706
Tnfaip3,0.020594114166383688
Ptgr1,0.02057581370948228
Ninj2,0.0205747970174322
Isl1,0.02056463009693142
Mlf1,0.0205422628718297
Cd74,0.020521929030828136
Nkx2-2,0.02049244496137587
Des,0.020484311424975244
Lurap1,0.020439576974771802
Car7,0.02041822644172016
Itga5,0.02037349199151672
Xrcc2,0.020293173319560546
Spaca6,0.020279956322909527
Scn9a,0.020218954799904838
Tbx3,0.02018845403840249
Cln3,0.020148803048449442
Sdk1,0.020137619435898584
Vegfc,0.020121352363097332
Rad50,0.020073567836743657
Pmch,0.020069501068543345
Boc,0.02005526737984225
Slc22a6,0.020003416085288262
Trim17,0.019980032168136465
Kirrel,0.019912930492831306
Hmga1b,0.01987531288697841
Fcgr1,0.019872262810828177
Tgfb1i1,0.019855995738026926
Fbxo17,0.01985497904597685
Ucp3,0.019790927446821923
Sh3rf2,0.019784827294521454
Wdr4,0.019778727142220984
Pvalb,0.01977466037402067
Zfp57,0.019661807556461994
Eln,0.019631306794959648
Tbx2,0.0196241899506091
Lrp5,0.01961910649035871
Abca8a,0.019587589036806286
Rxfp1,0.019568271887854802
Dmp1,0.019549971430953394
Hps6,0.01936290009373901
Nkain3,0.01927139780923197
Fas,0.019257164120530877
P2ry1,0.01922666335902853
Klc3,0.01921039628622728
Notch4,0.0191768454485747
Riox2,0.019167695220123997
Serpind1,0.01912702753812087
P3h1,0.019107710389169384
Syk,0.019094493392518366
Htr4,0.01885760414485015
C3ar1,0.018793552545695223
Cmklr1,0.018760001708042644
Rhpn2,0.018715267257839206
Il17rc,0.018676632959936233
Tsg101,0.01866036588713498
Cemip,0.01862783174153248
Lrrk1,0.018626815049482402
Calcrl,0.018620714897181933
Shh,0.018596314287980056
Slc12a7,0.018563780142377556
Aox3,0.01856073006622732
Ano1,0.018502778619372863
Irx2,0.018473294549920596
F2r,0.018458044169169425
Lyplal1,0.01843059348381731
Stat6,0.018423476639466765
Vwc2l,0.018383825649513717
Epb41l4a,0.018301473593457383
Ifit3,0.018188620775898705
Kif19a,0.018171337011047378
Fibcd1,0.018151003170045813
Fzd5,0.018100168567541902
Npr1,0.018087968262940964
Hhex,0.01807475126628995
Nts,0.018038150352487133
Mttp,0.018024933355836117
Sinhcaf,0.017990365826133458
Tmem173,0.01796189844873127
Lag3,0.017955798296430802
Cd93,0.01793343107132908
Nhlh2,0.017903947001876815
Hmcn1,0.017893780081376032
Kdm2b,0.017768726959216417
Adgre1,0.017708742128261803
Lipg,0.01770365866801141
Col15a1,0.01763249022450594
Myh11,0.017623339996055237
C2,0.01759893938685336
Slc16a3,0.017593855926602966
Eya4,0.01758673908225242
Cyp26b1,0.01758572239020234
Hells,0.017547088092299372
Dock8,0.017540987939998903
Cfap45,0.017518620714897182
Il6ra,0.01746880280444335
Gata2,0.017454569115742256
Crtc2,0.017451519039592023
Casp8,0.017448468963441786
Pcgf1,0.017444402195241474
Itga9,0.017416951509889363
Tll1,0.017367133599435532
Pou3f4,0.01734171629818358
Ccl25,0.01730104861618045
Cish,0.017292915079779824
Hspb3,0.017215646483973883
Ntsr1,0.017187179106571693
Galnt15,0.017174978801970754
Kcnh8,0.017166845265570132
Dock2,0.01712312750741677
Onecut2,0.017120077431266534
Flt3,0.01707229290491286
Otx2,0.01702552507060926
Colgalt2,0.016958423395304102
Msrb1,0.016939106246352618
Erbb3,0.016916739021250897
Tnc,0.016891321719998943
Rabep2,0.016883188183598317
Icosl,0.016876071339247768
Etfbkmt,0.016823203352643704
Flt4,0.01682015327649347
Bnc2,0.01680388620369222
Pifo,0.0167815189785905
Ceacam1,0.016778468902440263
Thbs1,0.016765251905789248
Ly96,0.01674186798863745
Kcns3,0.01672865099198643
Sfrp4,0.016722550839685966
Tctn1,0.01670730045893479
Igf1,0.016687983309983306
Rph3al,0.01667069954513198
Cldn2,0.016648332320030258
Stat5a,0.016644265551829945
Carns1,0.016592414257275957
Trpm2,0.016543613038872203
Ltbr,0.016530396042221188
Wipf1,0.016493795128418372
Anapc15,0.016486678284067826
Asxl3,0.016470411211266574
Plp2,0.016420593300812743
Lhx6,0.016337224552706333
Oxtr,0.01631180725145438
Cd33,0.016253855804599922
Opn3,0.0162314885794982
Cort,0.0162223383510475
Steap1,0.01616540359624312
Dydc2,0.016157270059842493
Mlxipl,0.016122702530139837
Vav1,0.0160545841627846
Ccl17,0.016049500702534206
Cd248,0.016007816328481
Rtkn2,0.015887846666571774
Scn5a,0.015844128908418412
Pitx2,0.015838028756117943
Shld1,0.015837012064067867
Cplx3,0.015805494610515444
Mmp28,0.01580041115026505
Cd276,0.01577397715696302
Fzd8,0.015742459703410594
Rsph10b,0.015732292782909812
Slc11a1,0.01558893920384879
Cblb,0.015569622054897304
Efna2,0.015569622054897304
Robo3,0.01545981931348886
Havcr2,0.01545981931348886
Bmf,0.015438468780437219
Cldn1,0.015425251783786202
Irf5,0.015394751022283857
Cfap52,0.015377467257432527
Zbtb7b,0.015365266952831589
Bace2,0.01536425026078151
Edn1,0.015291048433175882
Cxcr4,0.01528698166497557
Esyt3,0.015284948280875413
Prorp,0.015275798052424709
Arid3a,0.01526359774782377
Baz1a,0.01524733067502252
Galr1,0.0152249634499208
Tmem108,0.015217846605570252
Socs3,0.015195479380468533
Def6,0.015188362536117985
Mafa,0.015171078771266656
Plk4,0.015168028695116421
Tirap,0.015157861774615639
Tnfsf10,0.015153795006415326
Lama3,0.015089743407260402
Scnn1a,0.015050092417307353
Malt1,0.0150012911989036
Ccr5,0.014985024126102349
Sypl2,0.01498400743405227
Cxcl16,0.014953506672549924
Tle6,0.014936222907698596
Trim21,0.014931139447448205
Ly75,0.014895555225695469
Gli2,0.01481625324578937
Pomc,0.014786769176337103
Irx3,0.014766435335335538
Abcb4,0.014764401951235382
Selenoh,0.014656632593927094
Chia1,0.01464849905752647
Kcnj8,0.014611898143723654
Cdhr1,0.01459868114707264
Ikzf1,0.014560046849169667
Cyp1b1,0.014505145478465445
Bmp3,0.014406526349607861
Pthlh,0.014341458058402859
Nfkb2,0.014322140909451372
Bcl2l12,0.014312990681000668
Casp3,0.014288590071798793
Ascl1,0.014270289614897385
Dazl,0.014237755469294884
Plcg2,0.014215388244193163
Inhba,0.014207254707792537
Cdk2,0.014163536949639175
Rita1,0.014148286568888004
Pgf,0.014140153032487378
Edn3,0.014109652270985032
Icam1,0.014066951204881748
Dnah5,0.014039500519529638
Wnt6,0.014034417059279247
Pln,0.013947998235022602
Smoc2,0.013921564241720568
Gadd45a,0.013900213708668927
Prl,0.013843278953864549
Fgf5,0.013833112033363766
Thbs4,0.01379244435136064
Col4a5,0.013788377583160327
Tnfrsf4,0.013743643132956887
Oprk1,0.013735509596556261
Tbx1,0.013663324461000709
Itgb2,0.013663324461000709
Cd320,0.013649090772299616
Trpc7,0.013641973927949068
G6pdx,0.013621640086947504
Map3k15,0.013604356322096176
Rab3d,0.013600289553895863
Fap,0.01359622278569555
Batf3,0.01348947012043734
Cfap299,0.013454902590734681
Fgf7,0.013429485289482727
Trh,0.013412201524631398
Mfrp,0.01337153384262827
Agtrap,0.013342049773176004
Dysf,0.01333899969702577
Fcgr2b,0.013322732624224518
Itgb3,0.013301382091172877
Abi3bp,0.013300365399122799
Trpv4,0.013287148402471782
Slc5a7,0.0132210634192167
Bmp2,0.01319361273386459
Cd36,0.013177345661063338
F13a1,0.0131651453564624
Pcsk4,0.01315904520416193
Vip,0.013093976912956927
Erbb2,0.013076693148105598
Creg1,0.013073643071955363
Gsdmd,0.013064492843504659
Dll4,0.013005524704600124
Mcm2,0.012984174171548483
S1pr2,0.012893688579091525
Rxfp3,0.012876404814240195
Nmu,0.012843870668637694
Gal,0.012830653671986677
Rbl1,0.012829636979936599
Gja4,0.012792019374083707
Lamb3,0.012779819069482768
Cd59b,0.012738134695429563
Piezo1,0.012724917698778546
C030029H02Rik,0.012687300092925654
Mecom,0.012630365338121275
Brca2,0.012595797808418617
Slc52a3,0.012581564119717522
H2-Eb1,0.012524629364913144
Tbx18,0.012496161987510955
Aph1c,0.012494128603410799
Adrb2,0.012463627841908452
Cdk6,0.012435160464506264
Cd3eap,0.012434143772456186
Trim7,0.012434143772456186
Nfkbie,0.01242601023605556
Npsr1,0.012373142249451494
Bcl2a1a,0.012322307646947585
Dgka,0.012301973805946022
Fgf10,0.012279606580844302
Ajuba,0.012239955590891253
Eda,0.012222671826039923
Gldn,0.012206404753238673
Scx,0.012190137680437422
Kiss1r,0.012176920683786405
Rhod,0.012163703687135388
Rab32,0.012145403230233982
Irx5,0.012126086081282496
Mctp2,0.012115919160781714
Prdm16,0.012109819008481244
Ifit1,0.01206711794237796
Fbln2,0.012047800793426476
Irf8,0.012040683949075929
Fzd10,0.012030517028575147
Mcub,0.01200103295912288
Barhl2,0.011955281816869362
Abcb1b,0.011935964667917876
9630013A20Rik,0.011929864515617407
Vav2,0.0118556459959617
Syce2,0.01182107846625904
Tead3,0.011777360708105679
Col6a3,0.011740759794302865
Ido1,0.011693991959999268
H2-Aa,0.011671624734897548
Dll3,0.011574022298090042
Tnnt2,0.01154758830478801
Ctsk,0.011533354616086915
Wfdc18,0.011508954006885038
Map3k8,0.011504887238684727
Dsg2,0.011470319708982067
Ptprc,0.011462186172581441
Pald1,0.011454052636180817
Aim2,0.011414401646227767
Knstrn,0.011377800732424953
Apobec1,0.01136255035167378
Wnt3,0.011324932745820887
Phykpl,0.011323916053770809
Tent5c,0.011271048067166743
Amy2a5,0.011260881146665961
Csf3r,0.011218180080562678
Crabp1,0.01119479616341088
Ngfr,0.011141928176806815
Hfe,0.011118544259655016
Pdzd7,0.011112444107354546
Fam129a,0.01109414365045314
Kcnmb2,0.011086010114052514
Fermt3,0.01107685988560181
Casq2,0.011074826501501654
Lacc1,0.011047375816149544
Crb1,0.011044325739999309
Lgr5,0.011034158819498527
Ccna2,0.01103212543539837
Cd274,0.011018908438747354
H2-Ab1,0.011012808286446884
Ptpn6,0.010984340909044696
Cenpa,0.0109375730747411
Casp12,0.010921306001939848
Col5a1,0.010913172465539222
Spink8,0.010905038929138598
Cd59a,0.010805403108230936
Angptl4,0.010690516906572101
Fbxl7,0.010675266525820928
Dhx58,0.010582747549263813
Col7a1,0.010574614012863187
Gper1,0.010525812794459435
Met,0.010482095036306073
Sertad1,0.010470911423755213
Casp7,0.010451594274803728
Angpt1,0.010438377278152711
Adm,0.010434310509952398
Cacna1s,0.010392626135899193
Myb,0.010391609443849115
Abcc9,0.01038347590744849
Mad2l1,0.010353991837996223
Gck,0.01033874145724505
Nubpl,0.010299090467292
Sag,0.010285873470640984
Adgrv1,0.010260456169389028
Vit,0.01021470502713551
Kremen1,0.01020453810663473
Slc26a4,0.010174037345132383
Eya2,0.010115069206227848
Nkd2,0.010077451600374956
Bmp4,0.010070334756024408
Mmp2,0.010066267987824095
Thbd,0.01004186737862222
Erg,0.01003068376607136
Hfm1,0.010010349925069795
Esrrb,0.009945281633864793
Tlr2,0.009937148097464167
Ggnbp1,0.009897497107511118
Mrc1,0.009888346879060414
Cks1b,0.00984564581295713
Zfpl1,0.009843612428856974
Nlrc5,0.009838528968606583
Col13a1,0.009797861286603456
Fbxo5,0.009713475846446966
Adgrg6,0.009647390863191885
Cbr2,0.009620956869889851
Casp1,0.009590456108387506
F8,0.009566055499185629
Drd5,0.009541654889983753
Col20a1,0.009496920439780314
Rab7b,0.009491836979529922
Dpp4,0.009482686751079219
Il15,0.00947658659877875
Crh,0.009468453062378123
Ace2,0.00945421937367703
Isg20,0.00944303576112617
Runx1,0.009434902224725544
Hcrtr2,0.00941456838372398
Star,0.009411518307573745
Birc3,0.00936373378122007
Tert,0.009340349864068273
Gjd2,0.009331199635617569
Cdh1,0.009277314956963425
Ano5,0.009267148036462643
Map2k3,0.00916852890760506
Sdc1,0.009138028146102714
Angpt2,0.009135994762002558
Lck,0.009104477308450135
Hmga2,0.009103460616400057
Slc2a4,0.009087193543598805
Nmrk1,0.00907906000719818
Foxc2,0.009041442401345287
Pxn,0.008981457570390674
Marveld2,0.008948923424788173
Epcam,0.00894485665658786
Trib3,0.008910289126885202
Slc16a8,0.008905205666634811
Mafk,0.008890971977933716
Chek1,0.008886905209733403
Col12a1,0.008873688213082386
Evpl,0.008868604752831995
Grp,0.008868604752831995
Saysd1,0.008842170759529963
Foxb1,0.008835053915179416
Prokr2,0.008777102468324959
Aldh1l2,0.008756768627323396
Adamts5,0.008706950716869565
Osr1,0.008657132806415734
Wdr62,0.00864798257796503
Tead2,0.008646965885914952
Cd48,0.008641882425664561
Chek2,0.00858596436291026
Lgr6,0.008573764058309322
Maff,0.008555463601407916
Chrnb4,0.008525979531955647
Cd109,0.008520896071705256
Adgrg2,0.008500562230703694
Diaph3,0.00849649546250338
Noxo1,0.008495478770453303
Vegfd,0.008471078161251425
Arg2,0.008465994701001034
Lhx8,0.008441594091799159
Cntf,0.00844057739974908
Shcbp1l,0.008415160098497125
Pkd2l1,0.00839584294954564
Tacr1,0.008340941578841419
Usp18,0.008335858118591027
Mlph,0.00831247420143923
Col14a1,0.008310440817339074
Nxph2,0.008282990131986962
Trim36,0.008280956747886805
Rfx2,0.008279940055836727
Cfap65,0.008252489370484617
P2rx3,0.008252489370484617
Sphk1,0.008238255681783522
Nkx2-1,0.008235205605633287
Nlrp3,0.008224021993082427
Cyp2r1,0.008173187390578518
Tacr3,0.00814980347342672
Rad51,0.008147770089326564
L3hypdh,0.008103035639123124
Grb7,0.008084735182221716
Gli1,0.008059317880969762
Htr3a,0.00805525111276945
Clspn,0.008054234420719371
Elmo3,0.008042034116118433
Tlr7,0.00803796734791812
Tnfrsf11b,0.008027800427417338
Tnfsf13b,0.008017633506916555
Fst,0.007972899056713115
Ddc,0.007947481755461162
Cd163,0.007936298142910301
Pparg,0.00787529661990561
Trp63,0.007860046239154438
Hck,0.007827512093551935
Fam83d,0.007790911179749121
Nuak2,0.007764477186447088
Rpe65,0.007737026501094977
Gch1,0.0077197427362436484
Ctnna3,0.007709575815742866
Dnah11,0.007652641060938488
Foxo4,0.007644507524537863
Mrtfa,0.007642474140437706
Ror1,0.00764044075633755
Wnt5b,0.007623156991486221
Cd40,0.0076109566868852825
Ung,0.007600789766384501
Tmco5,0.007585539385633328
Cd180,0.007577405849232702
Ntf3,0.007574355773082468
Fxn,0.00756215546848153
Gpnmb,0.007559105392331295
Sp8,0.007558088700281217
Gpr183,0.007524537862628637
Metrnl,0.007496070485226448
Cfap61,0.007489970332925979
Ebf3,0.0074706531839744935
Pou4f1,0.007469636491924415
Ada,0.007446252574772617
Casr,0.007446252574772617
Tlr9,0.007442185806572304
Slc47a1,0.0074391357304220695
Slc39a8,0.007438119038371991
Twnk,0.0074208352735206625
Timeless,0.007419818581470584
Jph2,0.007417785197370428
Zap70,0.0073984680484189425
Tnfrsf14,0.00739440128021863
Lhcgr,0.00738830112791816
Adam18,0.007386267743818004
Th,0.00734966683001519
Kif24,0.007345600061814877
Col4a3,0.00733238306516386
Rorc,0.007328316296963547
Irak3,0.007327299604913469
Mia,0.007315099300312531
Chrnb3,0.007303915687761671
Rab38,0.007181912641752289
Igtp,0.007181912641752289
Cga,0.007179879257652132
Selenok,0.007172762413301586
Duxbl1,0.007161578800750725
Emilin1,0.007141244959749162
Pou6f2,0.007114810966447129
Rflna,0.00708634358904494
Alx4,0.00707515997649408
Trpm6,0.0070629596718931415
Dsp,0.0070578762116427505
Cdh3,0.007053809443442438
Frrs1,0.007048725983192047
Shmt1,0.0070446592149917345
Tlr13,0.007029408834240561
Kcnj5,0.006990774536337591
Card9,0.006984674384037121
Cd1d1,0.006932823089483134
Btk,0.006928756321282821
Bmp5,0.00691248924848157
Cfap57,0.006909439172331336
Abcc6,0.006879955102879068
Zfp979,0.006862671338027739
Mrgprf,0.006859621261877505
Ppp3r2,0.006807769967323517
Lefty1,0.006800653122972971
Zc3h12a,0.0067955696627225795
Tnnc1,0.006753885288669373
Ticam1,0.00675083521251914
Hdc,0.006737618215868123
Mei4,0.006685766921314135
Prdm1,0.006667466464412728
Slc17a8,0.006656282851861868
Llgl2,0.006651199391611478
Upk1b,0.006643065855210852
Eif4ebp1,0.006634932318810226
Casz1,0.006601381481157647
Pmaip1,0.006584097716306317
Atoh7,0.006573930795805536
Wnt2b,0.006569864027605223
Slc18a3,0.006549530186603659
Ccl21b,0.006534279805852486
Chat,0.0065190294251013135
Traf3ip3,0.006507845812550453
Frmd7,0.006464128054397091
Mc4r,0.006463111362347013
Vax1,0.006463111362347013
Spaca9,0.006424477064444043
Twist1,0.006423460372393964
Foxd2,0.006400076455242166
Tlr4,0.006387876150641228
Bub1b,0.006379742614240602
Ncaph,0.006366525617589586
Etv4,0.006364492233489429
Pla2r1,0.0063553420050387254
Slamf9,0.0063512752368384134
Epha2,0.006331958087886927
Rab39,0.006331958087886927
Azin2,0.0063197577832859895
Pth2r,0.006285190253583331
Cyp3a13,0.006267906488732002
Grem1,0.00624655595568036
Mc3r,0.006238422419279735
Cd6,0.0062353723431295
Srpx2,0.006222155346478484
Musk,0.006206904965727311
Ttn,0.006202838197526999
Brca1,0.006196738045226529
Traf3ip2,0.006173354128074731
Snai2,0.006171320743974575
Qrfpr,0.006153020287073168
Lat,0.006143870058622464
Apex1,0.006122519525570822
Postn,0.00610116899251918
Nphs1,0.006098118916368946
Zmynd10,0.006064568078716365
Cltrn,0.0060432175456647235
Itpr3,0.0060249170887633164
Slc19a3,0.006017800244412769
Sntn,0.006014750168262534
Cd86,0.006009666708012143
Oca2,0.006007633323911987
Crybb3,0.006004583247761752
Tjp3,0.0059710324101091726
Plaur,0.005968999026009016
Nek2,0.005912064271204638
Il7r,0.00588258020175237
Hspb2,0.005862246360750807
Tbx6,0.005861229668700728
Cpn1,0.0058164952184972885
Bbc3,0.005811411758246897
Acr,0.005772777460343927
Birc5,0.005751426927292285
Prdm9,0.005706692477088844
Npc1l1,0.00569245878838775
Gipr,0.005673141639436265
Kcnq1,0.005669074871235952
Acan,0.005660941334835326
Kremen2,0.005622307036932356
Dnah12,0.0056080733482312605
Pfkfb1,0.00550233737502313
Il21r,0.005497253914772739
Lox,0.005492170454522348
Rad54l,0.005483020226071644
Myl2,0.005471836613520784
Colq,0.0054677698453204715
Trdn,0.005455569540719533
Sgo2a,0.005439302467918282
Gabrr2,0.005438285775868204
Nat1,0.005397618093865077
Cfap53,0.005361017180062262
Wif1,0.005361017180062262
Gsx1,0.005353900335711715
Ido2,0.005321366190109213
Cd44,0.0053172994219089
Tdgf1,0.005303065733207806
Anxa8,0.00530103234910765
Ttll6,0.005288832044506711
Hmcn2,0.005287815352456633
Cysltr1,0.00528374858425632
Grhl3,0.0052817152001561635
Gen1,0.005260364667104522
Hcrt,0.005181062687198423
Ptger4,0.0051729291507977984
Ebi3,0.005155645385946469
Ifi44,0.005142428389295453
Prickle3,0.005129211392644437
Il12rb1,0.00512717800854428
Slc18a2,0.005092610478841622
Trip13,0.005090577094741465
Mc5r,0.005070243253739902
Pcdha2,0.0050549928729887285
Stoml3,0.005030592263786852
Cd80,0.004999074810234429
Klhl41,0.004981791045383099
Npbwr1,0.004980774353333021
Greb1,0.00497060743283224
Ptgfr,0.004950273591830676
Grpr,0.004947223515680442
Espl1,0.004928923058779035
Fezf1,0.004913672678027861
Dtl,0.0049055391416272355
Uhrf1,0.004902489065477002
Foxd1,0.004895372221126454
Gpr50,0.004867921535774343
Chrm5,0.004858771307323639
Tbxa2r,0.004853687847073249
Sycp3,0.004843520926572467
Wnt11,0.004840470850422232
Pycard,0.0048374207742719975
Cldn14,0.004782519403567775
Igsf5,0.004777435943317385
Meox1,0.004772352483066994
Bard1,0.004771335791016916
Cd72,0.004766252330766525
Cyp11a1,0.004764218946666368
Kcnk5,0.004758118794365899
Tnfrsf13b,0.004747951873865118
Foxl2,0.004741851721564648
Cenps,0.004735751569264179
Piwil2,0.004725584648763398
Gzmk,0.004723551264663241
Gdnf,0.004721517880563085
Tlr5,0.004701184039561521
Prss50,0.004699150655461365
Cenpf,0.00469610057931113
Snai1,0.004691017119060739
Cd37,0.004671699970109254
Rad51b,0.0046523828211577686
Col24a1,0.004645265976807221
Lhx1,0.004642215900656986
Tfap2b,0.004607648370954328
Cnmd,0.0045974814504535465
Lrp2,0.00459544806635339
Cftr,0.004593414682253234
Lhx5,0.004553763692300185
Pcsk9,0.00455071361614995
Myh4,0.0045385133115490115
Flt3l,0.004481578556744633
Cdc20,0.004478528480594399
Pde4c,0.0044703949441937734
Lyve1,0.004457177947542757
Sh3tc2,0.004445994334991897
C3,0.004443960950891741
Bfsp1,0.00443277733834088
Ptafr,0.004413460189389395
Bhmt,0.004407360037088926
Plin5,0.004395159732487988
Rapsn,0.004391092964287675
Cdk4,0.004352458666384704
Trpv3,0.004351441974334626
Myh1,0.004336191593583453
Alox5,0.004303657447980952
E2f2,0.004264006458027902
Aurka,0.004260956381877667
Mlkl,0.004255872921627277
Taf6l,0.004249772769326808
Tfap2a,0.0042304556203753224
Il2rg,0.004206055011173446
Cldn9,0.00420402162707329
Fbxl13,0.004169454097370631
Htr1d,0.004148103564318989
Clic3,0.004147086872268911
Hcrtr1,0.004143020104068598
Wnt9b,0.004137936643818207
Ptger3,0.004090152117464533
Itga2b,0.004079985196963751
Pou1f1,0.004067784892362813
Omp,0.004032200670610076
Pawr,0.004026100518309607
Cdca8,0.004013900213708669
Orai1,0.00399661644885734
Ccna1,0.003976282607855776
Ccr1,0.003969165763505229
Otp,0.003967132379405072
Mfap5,0.0039539153827540564
Gmnc,0.003947815230453587
Trp53cor1,0.003945781846353431
Cenpu,0.003927481389452024
Hmx2,0.003925448005351867
Selenov,0.00391833116100132
Csf2rb2,0.003916297776901163
Alox12,0.003914264392801007
Rab20,0.0039051141643503032
Tlr6,0.0038990140120498343
F2rl2,0.003865463174397254
Myh2,0.0038552962538964722
Cubn,0.003843095949295534
Npffr2,0.003824795492394127
Mfsd2b,0.003803444959342485
Cd300a,0.0038014115752423284
Cybb,0.0037831111183409213
Csf2rb,0.003782094426290843
Kif20b,0.0037790443501406084
Tas1r3,0.0037759942739903738
Plac9a,0.0037759942739903738
Tshb,0.003769894121689905
Plcb2,0.0037607438932392013
Adamts18,0.0037404100522376374
Dmc1,0.003737359976087403
Rtbdn,0.0037302431317368556
Ly6g6e,0.0037292264396867774
Ror2,0.003703809138434823
Lpar2,0.0037017757543346664
Cst7,0.0036966922940842757
Trp73,0.00367737514513279
Insm1,0.003659074688231383
Amh,0.0036336573869794283
Slco4c1,0.003613323545977865
Epx,0.0035746892480748938
Snai3,0.0035736725560248156
Cxcl5,0.0035533387150232516
Il1a,0.003549271946822939
Clec10a,0.0035452051786226263
Serpine1,0.003539105026322157
Cbx2,0.003510637648919968
Cd200r1,0.0035065708807196553
Batf,0.0035035208045694206
Nlrp6,0.003494370576118717
Ascl2,0.003494370576118717
Ccl3,0.003490303807918404
Tgif2,0.0034801368874176225
Foxm1,0.003448619433865199
Chrnb1,0.003439469205414495
Rhbdf2,0.003437435821314339
Six1,0.0034354024372141826
Ebf2,0.0034293022849137132
Agtr2,0.0034293022849137132
Cdh23,0.0034069350598119933
Gpr139,0.003404901675711837
Aplnr,0.003366267377808866
Cd79b,0.0033642339937087094
Jaml,0.0033347499242564423
Fut4,0.0033184828514551913
Ppl,0.0033083159309544095
Tlr1,0.0032859487058526896
Gja5,0.0032808652456022985
Plekhg4,0.003271715017151595
Ecscr,0.0032686649410013603
Cndp1,0.003267648248951282
Mybl2,0.0032645981728010474
Phex,0.0032595147125506567
Trpv6,0.003233080719248624
Il2ra,0.003233080719248624
Gna14,0.003217830338497451
Vil1,0.003199529881596044
Sox14,0.0031934297292955747
Ptger1,0.0031314115142408055
Rxfp2,0.003122261285790102
Tal1,0.0031009107527384602
Epha1,0.003099894060688382
Mki67,0.003095827292488069
Disc1,0.0030897271401876
Ect2,0.0030805769117368963
Stat4,0.0030744767594364274
Sp7,0.0030744767594364274
Ang,0.00306735991508588
Kcnn4,0.0030541429184348635
Npas1,0.003050076150234551
Ncf4,0.003049059458184473
Efcab3,0.003034825769483378
Nodal,0.0030327923853832217
Piezo2,0.0030165253125819707
Ch25h,0.0030144919284818142
Misp,0.0030144919284818142
Rnase1,0.0029860245510796254
Fshb,0.002985007859029547
Cdh26,0.0029778910146789996
Kif4,0.0029758576305788436
Gucy2e,0.002946373561126576
Msln,0.002938240024725951
Lpin3,0.0029158727996242305
Plac8,0.0029148561075741522
Tyrp1,0.0029138394155240744
Loxl1,0.0029016391109231363
Inhbb,0.0028985890347729016
Ager,0.0028670715812204777
Btc,0.0028660548891703995
Alox12b,0.002856904660719696
Arr3,0.002852837892519383
Tshr,0.002846737740218914
Sec1,0.0028253872071672724
Fgf3,0.0028223371310170378
Top2a,0.002800986597965396
Dao,0.0027816694490139103
Gpat2,0.0027765859887635197
Large2,0.002769469144412972
Msx2,0.002769469144412972
Rln1,0.002738968382910627
Aldh3a1,0.0027247346942095322
Tfap2d,0.002722701310109376
Cnn1,0.0027206679260092194
Atp4a,0.0027145677737087505
Mael,0.0027044008532079683
Il22,0.0027044008532079683
Ntrk1,0.0026983007009074994
Gtse1,0.0026932172406571083
Plk1,0.0026871170883566394
H19,0.0026840670122064048
Hnf1b,0.0026789835519560137
Casp4,0.002668816631455232
Adrb3,0.002661699787104685
Ccl12,0.002661699787104685
Onecut3,0.0026139152607510103
Fpr2,0.0026098484925506974
Jchain,0.002607815108450541
Avil,0.002597648187949759
Cyren,0.0025864645753988992
Fgl1,0.0025864645753988992
Calcr,0.002563080658247101
Irf4,0.0025559638138965535
Plvap,0.002553930429796397
Foxa1,0.0025488469695460064
Frk,0.002542746817245537
Itgb6,0.0025386800490452247
Lmx1a,0.00253562997289499
Slc22a2,0.0025224129762439736
Klk6,0.002515296131893426
Cox8b,0.0025142794398433483
Ghrh,0.002508179287542879
Gnrh1,0.0025071625954928007
Lpar5,0.0024939455988417843
Ifi204,0.0024827619862909244
Ptgdr,0.0024786952180906115
Acp5,0.002473611757840221
Stac,0.0024715783737400644
Naip5,0.0024685282975898297
Cryba4,0.0024644615293895173
Bglap2,0.002453277916838657
Wnt2,0.0024481944565882662
Itga11,0.002415660310985764
Apoa4,0.0024115935427854516
Six6,0.0024075267745851388
Brip1,0.0024004099302345917
Cgas,0.002396343162034279
Cdcp1,0.002386176241533497
C5ar2,0.0023780427051328713
Bglap,0.002374992628982637
Cenpe,0.0023678757846320895
Mmp25,0.0023668590925820113
Rec114,0.002362792324381699
Gbx1,0.002362792324381699
Pim1,0.0023617756323316206
Gata6,0.002352625403880917
Slc9a3,0.0023485586356806042
Gckr,0.0023444918674802914
Mmp9,0.002342458483380135
Dkk2,0.0023414417913300567
Pde6g,0.002335341639029588
Il17rb,0.0023282247946790403
Casq1,0.0023272081026289625
Pitx1,0.0023261914105788843
Dmrt2,0.002324158026478728
Lif,0.0023068742616273986
Slc6a19,0.002304840877527242
Vipr2,0.0023007741093269297
Ccl24,0.0023007741093269297
En2,0.0022987407252267732
Timp1,0.0022845070365256786
Pms2,0.002281456960375444
Prph,0.0022733234239748186
Itgal,0.0022733234239748186
Sim1,0.0022499395068230205
Prom2,0.0022377392022220823
Slc3a1,0.002236722510172004
Nlrc4,0.002236722510172004
Cdc6,0.002231639049921613
Six2,0.002225538897621144
Fgf16,0.0022224888214709094
Tph2,0.0022224888214709094
Ighd,0.0022062217486696583
Sp9,0.00220520505661958
Tacstd2,0.002197071520218955
Knl1,0.00219402144406872
Nkx3-1,0.0021909713679184855
Vdr,0.002181821139467782
Glp1r,0.0021797877553676255
Lmx1b,0.0021797877553676255
Igkc,0.0021777543712674695
Hjv,0.0021767376792173913
Aqp6,0.002147253609765124
Amigo3,0.0021421701495147327
Parpbp,0.0021411534574646545
Lilra5,0.0021411534574646545
Neurog1,0.0021228530005632474
Nkx6-1,0.0021228530005632474
Twist2,0.002121836308513169
Ttk,0.002121836308513169
Adamts14,0.002114719464162622
Ptch2,0.0021126860800624657
Myh3,0.0021035358516117617
Siglec1,0.002097435699311293
Aldh1a3,0.00209336893111098
Nphs2,0.00207100170600926
Il27ra,0.00207100170600926
Gimap4,0.002052701249107853
Bdkrb2,0.0020496511729576183
Samd11,0.0020455844047573054
Slc26a3,0.00203745086835668
Fasl,0.002028300639905976
Gucy2f,0.00202626725580582
Sgca,0.002025250563755742
Chmp4c,0.002021183795555429
Ackr4,0.001994749802253396
Cd247,0.001987632957902849
Tesmin,0.0019774660374020673
Grifin,0.001976449345351989
Agtr1a,0.0019693325010014416
Was,0.001967299116901285
Drd3,0.0019622156566508945
Ticam2,0.0019611989646008163
Gdf15,0.0019398484315491743
Sfrp2,0.001932731587198627
Shisa3,0.0019195145905476106
Crhr2,0.0019093476700468288
Nox4,0.0019052809018465162
Mst1r,0.0019032475177463597
Lhx3,0.001899180749546047
P2ry2,0.0018981640574959689
F9,0.0018951139813457342
Dsc3,0.0018869804449451089
Insrr,0.0018859637528950307
Il12a,0.0018849470608449524
Pou4f3,0.0018839303687948742
Kif20a,0.0018818969846947178
Il11,0.0018778302164944051
Amhr2,0.0018737634482940925
Pin1,0.0018737634482940925
Crxos,0.0018707133721438578
Slc22a18,0.0018676632959936234
Klf1,0.001865629911893467
Il12rb2,0.0018554629913926852
Vasp,0.0018524129152424505
Has2,0.0018513962231923723
Pdlim1,0.0018513962231923723
Itgb7,0.001850379531142294
Sh2d1a,0.0018473294549920596
Neurod4,0.0018402126106415123
Gpr20,0.001833095766290965
Uba1y,0.001826995613990496
F2rl1,0.0018239455378402615
Barhl1,0.001821912153740105
Btla,0.0018188620775898706
Matn1,0.0018147953093895577
Retn,0.0018056450809388542
Folr2,0.0018036116968386977
Gnb3,0.001800561620688463
Msr1,0.001799544928638385
Ptger2,0.001799544928638385
Ccl2,0.001794461468387994
Mpl,0.001794461468387994
Chrna6,0.0017924280842878378
Drd4,0.0017883613160875249
Cd209a,0.0017802277796868996
Prrxl1,0.0017792110876368214
Esr2,0.001737526713583616
Onecut1,0.0017354933294834595
Nrl,0.001733459945383303
Thpo,0.0017304098692330686
Chrna2,0.001722276332832443
F2rl3,0.0017171928725820522
Bsx,0.0017171928725820522
Fgr,0.0017151594884818957
Dnmt3b,0.0017080426441313484
Ccr2,0.0017060092600311922
Bcl3,0.0016978757236305667
Ly6g5b,0.0016927922633801758
Il13ra2,0.001683642034929472
Pdzk1,0.0016805919587792376
Slamf6,0.0016755084985288467
Il2rb,0.0016734751144286903
Myocd,0.0016714417303285338
Fcgr4,0.0016673749621282212
Ms4a7,0.0016572080416274392
Ern2,0.0016541579654772048
Aurkb,0.00165110788932697
Hpse,0.0016460244290765792
Irf7,0.001643991044976423
Adgrg5,0.0016419576608762666
Ppp1r3a,0.0016409409688261883
Slc9a4,0.001638907584726032
Mesp2,0.0016328074324255628
Cklf,0.0016307740483254066
Myh7,0.0016256905880750155
Foxf1,0.0016175570516743902
Ntf5,0.0016134902834740773
Cacng1,0.001611456899373921
Prdm13,0.001611456899373921
Agr3,0.0016063734391235302
B3gnt6,0.0016043400550233738
Spo11,0.0015911230583723574
Myod1,0.0015738392935210283
Fcmr,0.0015677391412205592
Hoxa1,0.001566722449170481
Neurog2,0.001566722449170481
C5ar1,0.001566722449170481
Chrna1,0.0015585889127698554
Myf6,0.0015514720684193081
Arg1,0.0015484219922690737
Gpr65,0.001534188303567979
Tnfrsf9,0.0015311382274177446
Nos2,0.0015260547671673535
Clec4n,0.001523004691017119
Serpinf2,0.0015219879989670409
Ccnb1,0.0015219879989670409
Spdl1,0.0015209713069169626
Ptpn22,0.0015199546148668844
Spdef,0.0015179212307667282
Uncx,0.0015158878466665718
Edar,0.0015108043864161809
Gdf5,0.0015087710023160244
Gsx2,0.0015067376182158682
Sp5,0.0015016541579654771
Rgs18,0.0014914872374646954
Cryba2,0.0014904705454146171
Pax2,0.001489453853364539
Fscn2,0.001484370393114148
Ghrhr,0.0014752201646634445
Ly6m,0.0014711533964631316
Rbpjl,0.0014711533964631316
Pah,0.0014691200123629754
Cfb,0.001467086628262819
Il25,0.0014640365521125843
Ccl5,0.0014589530918621934
Krt2,0.0014437027111110208
Fgf17,0.0014304857144600044
Krt28,0.0014223521780593789
Ucn3,0.0014213354860093006
Trim63,0.0014152353337088315
Adprhl1,0.0014071017973082062
Tbx4,0.0014030350291078934
Rag1,0.0014030350291078934
Scn4a,0.0014020183370578151
Hoxb8,0.0014020183370578151
Opn1mw,0.0014010016450077371
Mstn,0.0013989682609075807
Exoc3l2,0.0013888013404067987
Gnrhr,0.0013857512642565643
Zbp1,0.0013796511119560952
Lefty2,0.001378634419906017
Espn,0.0013776177278559387
Actg2,0.0013766010358058605
Pf4,0.0013603339630046097
Gpr84,0.0013583005789044532
Serpina3i,0.0013481336584036715
Ren1,0.0013440668902033588
Socs1,0.0013430501981532806
Cnr2,0.0013298332015022642
Sct,0.001328816509452186
Itk,0.001323733049201795
Pou2f3,0.0013216996651016387
Pnpla1,0.001311532744600857
Hoxa9,0.0013094993605007005
Cdkn2b,0.0012932322876994496
Eci3,0.0012922155956493714
Ccl19,0.001290182211549215
Slc15a1,0.0012830653671986676
Nanog,0.0012647649102972603
Ccl7,0.001261714834147026
Agrp,0.0012606981420969477
Ripk3,0.001256631373896635
Dhh,0.001251547913646244
Ifi209,0.001251547913646244
Serpinb5,0.001250531221596166
Tslp,0.0012454477613457748
Slc26a5,0.0012454477613457748
Ddx4,0.0012413809931454622
Hpse2,0.0012393476090453057
Gsc2,0.0012383309169952277
Bpifb1,0.0012373142249451495
Haspin,0.001235280840844993
Bub1,0.0012342641487949149
Ndc80,0.0012261306123942895
Elf3,0.0012251139203442113
Pirb,0.0012251139203442113
Tdrd1,0.0012230805362440549
Serpina3f,0.0012159636918935076
Bhlha15,0.0012139303077933511
Ptprq,0.0012129136157432731
Fmo4,0.001211896923693195
Pou4f2,0.0012088468475429603
Dct,0.001201730003192413
Cxcl10,0.001201730003192413
Rad21l,0.0011946131588418658
Cyp26a1,0.0011925797747417094
Il7,0.0011915630826916312
Pde6b,0.0011885130065413967
Trpa1,0.0011874963144913185
Fgf23,0.001179362778090693
Saa1,0.0011742793178403021
Pon1,0.0011671624734897548
Gsc,0.0011651290893895984
Dsg1b,0.001162079013239364
Oxt,0.001162079013239364
Hoxb3,0.001158012245039051
Gata3,0.0011529287847886602
Wnt16,0.001151912092738582
Myh8,0.0011447952483880349
Mybpc3,0.001140728480187722
Gpa33,0.0011325949437870967
Rho,0.001129544867636862
Cdkn2a,0.0011275114835367056
Grxcr2,0.0011153111789357674
Themis,0.0011153111789357674
Fgfr4,0.0011142944868856891
Saa2,0.0011092110266352983
Ccr10,0.0011092110266352983
Aqp2,0.00110819433458522
Ube2u,0.0011051442584349856
Alx1,0.0011041275663849074
Hoxb5,0.0011000607981845947
Il1rl1,0.0010990441061345165
Mzb1,0.00109701072203436
Wnt10b,0.0010949773379342039
Scin,0.0010939606458841256
Tlr8,0.0010929439538340474
Cr2,0.0010919272617839692
Ciita,0.0010817603412831874
Dlx4,0.0010817603412831874
Tph1,0.0010817603412831874
Adtrp,0.0010746434969326401
Il18rap,0.001068543344632171
Zfp750,0.0010634598843817802
Ucp1,0.0010614265002816237
Cbln3,0.0010614265002816237
Gdf7,0.0010604098082315455
Cyp19a1,0.0010604098082315455
Aqp5,0.001057359732081311
Itgae,0.0010543096559310764
Ccr9,0.001051259579780842
Muc2,0.0010502428877307637
H2-DMb2,0.0010492261956806855
Tnfrsf13c,0.0010451594274803729
Itgax,0.00104109265928006
Trpm8,0.0010400759672299818
Pklr,0.0010380425831298255
Itga2,0.0010349925069795909
Ifnlr1,0.0010329591228794345
Lvrn,0.0010329591228794345
Mtnr1a,0.0010278756626290436
Galr2,0.0010217755103285745
Klrg1,0.0010166920500781836
Cldn23,0.0010136419739279492
Prss41,0.0010004249772769327
Ercc6l,0.000997374901126698
Brs3,0.0009953415170265419
Tnni3k,0.0009943248249764637
Serpina3c,0.0009943248249764637
Vsx1,0.0009943248249764637
Cps1,0.0009933081329263854
Cd209b,0.0009861912885758381
Nppa,0.00098517459652576
Alox12e,0.0009841579044756817
Lhb,0.0009821245203755255
Slc4a9,0.0009811078283254472
Ltb4r1,0.0009780577521752126
Nr5a1,0.0009739909839748999
Vtcn1,0.0009668741396243526
Irx6,0.0009648407555241963
Scn10a,0.0009628073714240398
Cd22,0.0009617906793739617
Hao1,0.0009536571429733362
Cav3,0.0009536571429733362
Nhlh1,0.0009526404509232581
Fosl1,0.0009475569906728671
Ly6g6d,0.0009353566860719289
Col10a1,0.0009343399940218508
Scnn1g,0.0009323066099216944
Gsta1,0.0009292565337714598
Cdca5,0.0009262064576212253
Gpr35,0.0009221396894209125
Alox15,0.0009150228450703653
Il22ra1,0.0009129894609702088
Plg,0.0009048559245695834
En1,0.0008926556199686452
Sgo1,0.000891638927918567
Slc6a3,0.0008906222358684889
Crtc1,0.0008865554676681761
Ereg,0.0008855387756180979
Trpm1,0.0008835053915179416
Ptgir,0.0008784219312675506
Cyp27b1,0.0008763885471673943
Cpa4,0.000875371855117316
Ccl11,0.0008702883948669252
Ppp1r1c,0.0008641882425664561
Clcnka,0.0008631715505163779
Kif2c,0.0008631715505163779
Eomes,0.0008591047823160652
Pax8,0.0008560547061658306
Cd300lf,0.0008530046300155961
Tcam1,0.0008499545538653615
C2cd6,0.0008499545538653615
Tbx21,0.0008428377095148142
Serpinc1,0.000841821017464736
a,0.0008408043254146579
Orc1,0.0008387709413145015
Asic3,0.0008316540969639541
Cd79a,0.0008296207128637978
Clca3a2,0.0008286040208137196
Cd300ld,0.0008265706367135633
Mmp12,0.0008214871764631724
Mmp13,0.0008204704844130942
T,0.0008184371003129378
Cdx1,0.0008164037162127814
Slc6a5,0.0008143703321126251
Ccl8,0.0008133536400625469
Meox2,0.0008103035639123123
Psmb9,0.000808270179812156
Bmp8b,0.0008062367957119997
Cdk1,0.0008052201036619214
Tmprss2,0.0008021700275116869
Prl8a6,0.0008001366434115306
Sost,0.0007909864149608269
Il23r,0.0007909864149608269
Cnga2,0.0007899697229107487
Pla2g2f,0.0007818361865101232
Wnt8b,0.0007787861103598886
Ly6k,0.0007767527262597323
Cd28,0.000769635881909185
Tas1r1,0.000769635881909185
Krt20,0.0007665858057589504
Cxcl1,0.0007574355773082468
Pou2af1,0.0007533688091079341
Padi4,0.0007523521170578559
Pclaf,0.0007503187329576996
Tmigd1,0.000742185196557074
Cnpy1,0.0007391351204068395
Agtr1b,0.0007350683522065267
Tnfsf9,0.0007340516601564486
Usp50,0.000731001584006214
Ibsp,0.000731001584006214
Nr1h4,0.0007289681999060576
Tnf,0.0007228680476055885
Gcnt3,0.0007218513555555104
Cblc,0.0007208346635054322
Ghsr,0.0007188012794052759
Icos,0.0007147345112049631
Hcar2,0.0007106677430046503
Hoxb4,0.0007096510509545722
Fermt1,0.0007076176668544158
Cd2,0.0007045675907041812
Cxcl13,0.0006984674384037121
Cldn19,0.0006933839781533213
Bdkrb1,0.0006893172099530085
Pdcd1lg2,0.0006862671338027739
Scnn1b,0.0006832170576525394
Naip1,0.0006771169053520703
Ifi208,0.0006761002133019921
Cd300lb,0.0006730501371517575
Clec1b,0.0006720334451016794
Iqgap3,0.0006710167530516012
Slc25a31,0.0006689833689514449
Cldn6,0.0006679666769013666
Pax7,0.0006669499848512884
Mettl7b,0.0006649166007511321
Lta,0.0006638999087010539
Cer1,0.0006608498325508193
Epb42,0.0006557663723004285
Dnmt3l,0.0006527162961501939
Ccr6,0.0006527162961501939
Pde6c,0.0006516996041001157
Nr0b2,0.0006466161438497248
Dmbx1,0.0006455994517996466
Nod2,0.000642549375649412
Xcr1,0.0006394992994991775
Vgll2,0.0006333991471987084
Hc,0.0006313657630985521
Opn4,0.0006303490710484738
Nmur1,0.0006262823028481611
Mymk,0.000625265610798083
Apob,0.0006232322266979265
Myog,0.0006232322266979265
Tlr12,0.0006222155346478484
Nlrp9b,0.0006222155346478484
Grhl2,0.000620182150547692
Foxi1,0.0006191654584976139
Apoa1,0.0006191654584976139
Cd70,0.0006191654584976139
Zfp819,0.0006150986902973011
Kdf1,0.0006120486141470666
Nr5a2,0.0006120486141470666
Mybph,0.000608998537996832
Pax3,0.000608998537996832
Psmb11,0.0006079818459467538
Ptx3,0.0006059484618465975
Sox30,0.0006059484618465975
Cd3d,0.0005988316174960501
Cd226,0.0005967982333958938
Tfap2c,0.0005957815413458156
Dio3,0.0005947648492957374
Actc1,0.0005906980810954247
Ccr3,0.0005835812367448774
Zp3,0.0005835812367448774
Adam28,0.0005825645446947992
Gja3,0.0005815478526447211
Afp,0.0005815478526447211
Atp6v0d2,0.0005734143162440955
Cxcr3,0.0005734143162440955
Pla2g10,0.0005713809321439392
Cyp2e1,0.000570364240093861
Cd3g,0.000570364240093861
Ackr2,0.0005673141639436264
Gast,0.0005662974718935483
Nox3,0.0005662974718935483
Slc39a5,0.0005652807798434701
Il1f5,0.0005612140116431573
Dsg1a,0.0005601973195930791
Dbh,0.0005601973195930791
Pax1,0.000559180627543001
Klrc1,0.0005571472434428446
Spn,0.0005561305513927665
Pinlyp,0.0005551138593426882
Spib,0.0005520637831924537
Piwil4,0.0005469803229420628
Glyat,0.0005439302467918283
Ihh,0.0005418968626916718
Pcp2,0.0005418968626916718
Rln3,0.0005388467865414373
Il23a,0.000536813402441281
Isl2,0.000536813402441281
Piwil1,0.0005337633262910464
Plin1,0.0005337633262910464
Klrb1c,0.0005327466342409682
Lrrc52,0.0005317299421908901
Olr1,0.0005307132501408119
Cngb3,0.0005286798660406555
Tex19.1,0.0005276631739905773
Wt1,0.0005276631739905773
Klra8,0.0005266464819404991
Fabp12,0.0005246130978403428
Spata25,0.0005235964057902645
Vsx2,0.0005235964057902645
Il21,0.0005215630216901082
Osm,0.0005215630216901082
Cd8b1,0.00052054632964003
Cldn7,0.0005144461773395609
Mc1r,0.0005144461773395609
Rax,0.0005144461773395609
Cd244a,0.0005134294852894827
Pou5f1,0.0005134294852894827
Ctla4,0.0005124127932394046
Kcna10,0.0005083460250390918
Nr2e3,0.0005083460250390918
Eme1,0.0005083460250390918
Fanci,0.0005083460250390918
Wap,0.0005063126409389355
Cldn8,0.0005052959488888573
Slc45a2,0.0005052959488888573
Igfbp1,0.0005022458727386227
Slc4a1,0.0005022458727386227
Cyp2a5,0.0005002124886384664
Tespa1,0.0004991957965883882
Cxcr1,0.0004981791045383099
Lamp3,0.0004951290283880754
A1cf,0.0004941123363379973
Prok1,0.0004941123363379973
Ffar2,0.0004920789522378408
Tyr,0.0004890288760876063
Rgr,0.0004849621078872936
Adgrf1,0.0004839454158372154
Nlrp12,0.0004829287237871372
Fpr1,0.0004829287237871372
Stra6l,0.00048191203173705903
Tbx20,0.00048191203173705903
Cryaa,0.00048089533968698086
Hamp,0.00047987864763690265
Hal,0.0004778452635367463
Hoxa4,0.0004768285714866681
Gcgr,0.00047581187943658993
Il5,0.00047581187943658993
G6pc,0.00047581187943658993
Nox1,0.00047479518738651177
Ccl20,0.0004727618032863554
Chil3,0.00046869503508604267
Cd177,0.0004666616509858863
Tcf21,0.0004646282668857299
Gdf9,0.0004605614986854172
Opn1sw,0.0004585281145852608
Muc1,0.0004585281145852608
Vsig1,0.00045751142253518264
Rhox5,0.0004564947304851044
Ska1,0.00045547803843502626
Hoxa3,0.00045547803843502626
Aire,0.0004544613463849481
Slc2a2,0.00045141127023471354
Mettl21c,0.0004503945781846353
Klb,0.0004503945781846353
C4bp,0.000448361194084479
Taar5,0.0004473445020344008
Hoxa5,0.0004473445020344008
Krt71,0.00044531111793424445
Hoxc6,0.00044429442588416623
Prss1,0.0004422610417840099
Il2,0.0004422610417840099
Sprr2d,0.0004402276576838535
Igf2bp1,0.0004402276576838535
Trpm5,0.0004392109656337753
Npy4r,0.00043819427358369713
Foxa2,0.00043616088948354075
Cd96,0.0004341275053833844
Ifng,0.0004331108133333062
Trim29,0.00043107742923314987
Nfe2,0.00043006073718307165
Tex101,0.00043006073718307165
Pax5,0.0004280273530829153
Csf3,0.0004280273530829153
Mbl2,0.0004270106610328371
Bmp15,0.0004219272007824462
Cxcr6,0.00041989381668228984
Tnp1,0.0004188771246322117
Runx3,0.00041786043258213346
Gsdma3,0.00041786043258213346
Il17a,0.0004158270484819771
Cfc1,0.0004148103564318989
Abca13,0.0004148103564318989
Prph2,0.0004127769723317425
Dlx3,0.0004107435882315862
Il27,0.000409726896181508
Il22ra2,0.000409726896181508
Hoxa2,0.00040769351208135165
Mixl1,0.00040769351208135165
Cmah,0.00040667682003127343
Il3ra,0.00040667682003127343
Selp,0.00040667682003127343
Mst1,0.00040566012798119526
Crx,0.0004036267438810389
Pdcd1,0.0004036267438810389
Ncr1,0.00040159335978088255
Sell,0.00040057666773080433
Prop1,0.00039955997568072617
Zfp42,0.00039955997568072617
Adad2,0.00039955997568072617
Slc6a14,0.000398543283630648
Tectb,0.0003975265915805698
Lhx4,0.0003975265915805698
Ffar4,0.0003965098995304916
Cxcl3,0.0003965098995304916
Mmrn1,0.00039549320748041345
Gpr39,0.00039447651543033524
Angpt4,0.00039447651543033524
Hnf4a,0.00039345982338025707
Cldn16,0.00039244313133017885
Nlrp4f,0.0003914264392801007
Trpv1,0.0003904097472300225
Clec9a,0.00038837636312986614
Asb9,0.00038837636312986614
Spatc1l,0.000387359671079788
Fgg,0.00038634297902970976
Lipm,0.00038634297902970976
C7,0.00038634297902970976
Gip,0.0003853262869796316
Cyct,0.0003853262869796316
Gfi1,0.0003843095949295534
Sycp1,0.00038227621082939704
Mip,0.00038227621082939704
Gpr143,0.00038024282672924066
Igha,0.0003792261346791625
Nobox,0.00037820944262908433
Fgf15,0.0003771927505790061
Dmrta1,0.00037617605852892795
Fgf21,0.00037617605852892795
Sall4,0.00037414267442877156
Il5ra,0.00037414267442877156
Cd207,0.0003731259823786934
Klf17,0.0003731259823786934
Nppb,0.0003721092903286152
Cxcr2,0.0003721092903286152
Kcnk18,0.000371092598278537
Tnfsf11,0.000371092598278537
Dspp,0.000371092598278537
Rhox13,0.000371092598278537
Sry,0.0003670258300782243
Spta1,0.0003670258300782243
Nr0b1,0.0003660091380281461
Cd19,0.0003660091380281461
Ovol1,0.0003649924459780679
Smgc,0.0003649924459780679
Aqp3,0.00036194236982783337
Dio1,0.0003609256777777552
Abcg8,0.0003609256777777552
Bsnd,0.0003609256777777552
Klrd1,0.000359908985727677
Cd69,0.0003588922936775988
Scimp,0.0003588922936775988
Ccl1,0.00035787560162752065
Lect2,0.00035685890957744244
Dsc1,0.0003538088334272079
Spink12,0.0003527921413771297
Nkx3-2,0.00035075875727697334
Lin28a,0.00035075875727697334
Acer1,0.0003497420652268952
Pgk2,0.0003456752970265824
Tas1r2,0.00034465860497650424
Grxcr1,0.00034465860497650424
Tnfrsf18,0.0003436419129264261
Ros1,0.0003436419129264261
Adamts13,0.0003416085288262697
Uts2,0.0003395751447261133
Slc30a8,0.00033855845267603515
Foxh1,0.000337541760625957
Cd8a,0.000337541760625957
Igll1,0.000337541760625957
Il31,0.00033652506857587876
Gnat2,0.00033652506857587876
Cd3e,0.00033652506857587876
Xcl1,0.00033449168447572243
Hmx3,0.00033449168447572243
Cxcr5,0.00033245830037556605
Pax9,0.00033245830037556605
Gys2,0.00033245830037556605
Angptl3,0.0003314416083254879
Epo,0.0003314416083254879
Lbx1,0.0003314416083254879
Hoxd3,0.00033042491627540966
Il18r1,0.0003294082242253315
Fut1,0.0003294082242253315
Nr1i3,0.0003294082242253315
Hoxb1,0.0003294082242253315
Tlx1,0.00032839153217525334
Otc,0.00032839153217525334
Hrg,0.0003273748401251751
Mov10l1,0.00032534145602501873
Pzp,0.00032432476397494057
Foxn1,0.0003233080719248624
Tlr11,0.0003233080719248624
Gata5,0.0003233080719248624
Prl3a1,0.0003222913798747842
Cd5l,0.0003222913798747842
Hoxd1,0.000321274687824706
Ptf1a,0.000321274687824706
Slc5a2,0.00032025799577462785
Crygs,0.00031924130372454964
Fgf8,0.00031924130372454964
Fthl17a,0.00031822461167447147
Hoxc10,0.00031822461167447147
Lyzl6,0.0003172079196243933
Acod1,0.0003151745355242369
Dkk1,0.0003151745355242369
Il10,0.00031415784347415876
Foxn4,0.00031415784347415876
Cd27,0.00031314115142408054
Hoxd9,0.00031314115142408054
Dmrt1,0.000310091075273846
Klrk1,0.000310091075273846
Tpsb2,0.000310091075273846
Sele,0.0003090743832237678
Ms4a1,0.00030805769117368966
Cyp8b1,0.00030805769117368966
Pla2g2e,0.0003060243070735333
Krt78,0.0003050076150234551
Gdf2,0.0003039909229733769
C6,0.00030297423092329873
Cd5,0.00030094084682314235
Gpx2,0.00030094084682314235
Clec4e,0.00029890746272298596
Foxi2,0.00029890746272298596
Neurog3,0.0002978907706729078
Gzma,0.00029687407862282963
Etv2,0.00029687407862282963
Crygc,0.0002958573865727514
Slc6a4,0.0002958573865727514
Chrnd,0.00029484069452267325
Gabra6,0.00029484069452267325
Foxd3,0.0002938240024725951
Ptk6,0.0002917906183724387
Sdr16c5,0.00029077392632236054
Myf5,0.00029077392632236054
Rag2,0.00029077392632236054
Barx1,0.00029077392632236054
Mmp3,0.0002897572342722823
Hoxa10,0.000287723850172126
Osr2,0.000287723850172126
Uts2b,0.00028670715812204777
Evx2,0.00028670715812204777
Tpbpa,0.00028670715812204777
Cxcl9,0.00028670715812204777
Grm6,0.0002856904660719696
Tmprss15,0.0002856904660719696
Sult2a8,0.0002856904660719696
Rbp3,0.0002836570819718132
Tpsab1,0.00028162369787165684
Slurp2,0.00028162369787165684
Muc5ac,0.00028060700582157867
Nlrp4e,0.0002795903137715005
Galntl5,0.0002795903137715005
Cyp24a1,0.0002785736217214223
Krt79,0.0002785736217214223
Tmprss4,0.0002775569296713441
Madcam1,0.0002775569296713441
Ly6i,0.0002775569296713441
Noto,0.00027552354557118774
Nr1i2,0.0002745068535211096
Cyp7a1,0.0002734901614710314
Havcr1,0.0002734901614710314
Cd160,0.0002734901614710314
Spdye4a,0.0002724734694209532
Tubb1,0.0002724734694209532
Pdc,0.0002724734694209532
Avpr1b,0.000271456777370875
Prss21,0.000271456777370875
Cox7a1,0.00026942339327071864
Mos,0.0002684067012206405
Hoxc5,0.0002684067012206405
Phox2b,0.0002684067012206405
Cyp17a1,0.0002673900091705623
Crygf,0.0002673900091705623
Galp,0.0002663733171204841
Tdh,0.00026535662507040593
Nt5c1b,0.00026433993302032776
Odam,0.00026332324097024955
Mnx1,0.00026332324097024955
Gpbar1,0.0002623065489201714
Stra8,0.000260273164820015
Oc90,0.000260273164820015
Hoxa7,0.00025925647276993683
Kiss1,0.00025925647276993683
Ghrl,0.0002582397807198586
Il1f10,0.00025722308866978045
Panx3,0.00025722308866978045
Adipoq,0.0002562063966197023
Nkx2-5,0.0002562063966197023
Ffar1,0.0002562063966197023
Mep1a,0.0002562063966197023
Marco,0.00025518970456962406
Atoh1,0.00025518970456962406
Spata4,0.0002541730125195459
Lrrc15,0.00025315632046946774
Bco1,0.00025315632046946774
Prf1,0.00025315632046946774
Hoxb2,0.00025315632046946774
Il17f,0.0002501062443192332
Htr3b,0.0002501062443192332
Gbp2b,0.0002501062443192332
Trem1,0.00024908955226915497
Prap1,0.0002480728602190768
Crisp1,0.00024502278406884225
Mesp1,0.00024400609201876406
Meiob,0.00024400609201876406
Il1rn,0.00024400609201876406
Adamdec1,0.0002429893999686859
Fshr,0.0002429893999686859
Crygd,0.0002429893999686859
Hoxd4,0.0002419727079186077
Gnat1,0.0002419727079186077
Avpr2,0.00024095601586852951
Treh,0.00024095601586852951
Hoxd13,0.00024095601586852951
Armc12,0.00023993932381845132
Cd209d,0.00023892263176837316
Rp1l1,0.00023790593971829497
Gcg,0.00023790593971829497
Prl3d1,0.00023688924766821677
Izumo1r,0.00023688924766821677
G6pc2,0.0002358725556181386
Mmp7,0.00023485586356806042
Kif2b,0.00023485586356806042
Tacr2,0.00023180578741782587
Gzmb,0.00023180578741782587
Gabrp,0.00023180578741782587
Cd40lg,0.00023180578741782587
Ms4a2,0.00023180578741782587
Phox2a,0.00023078909536774768
Prl8a2,0.00022875571126759132
Prss42,0.00022875571126759132
Dkk4,0.00022773901921751313
Ccr7,0.00022570563511735677
Zp1,0.00022570563511735677
Slc17a2,0.00022468894306727858
Amelx,0.00022468894306727858
Ffar3,0.0002236722510172004
Prl3c1,0.0002236722510172004
Mbl1,0.00022265555896712222
Foxp3,0.00022163886691704403
Orm1,0.00022163886691704403
Cyp21a1,0.00022163886691704403
Pax4,0.00022163886691704403
Pdx1,0.00022062217486696584
Prdm14,0.00022062217486696584
Scgb1b27,0.00022062217486696584
D1Pas1,0.00021960548281688765
Gfi1b,0.00021858879076680948
Gfra3,0.00021858879076680948
Hsd17b3,0.0002175720987167313
Chil4,0.0002175720987167313
Tbx5,0.0002175720987167313
Tnfsf4,0.0002165554066666531
Padi6,0.0002165554066666531
Spink1,0.0002165554066666531
Clcnkb,0.00021350533051641855
Sucnr1,0.0002124886384663404
Dppa3,0.0002114719464162622
Gja8,0.000210455254366184
Gcm2,0.000210455254366184
Cyp1a1,0.000210455254366184
Tigit,0.000210455254366184
Slco1a1,0.000210455254366184
Fgf4,0.00020943856231610584
Cdx2,0.00020842187026602765
Hes2,0.00020842187026602765
Adad1,0.00020842187026602765
Olig3,0.00020842187026602765
Cyp11b2,0.00020740517821594945
Cryge,0.00020740517821594945
Hoxc12,0.00020638848616587126
Mep1b,0.00020638848616587126
B4galnt2,0.00020638848616587126
Ccr4,0.0002053717941157931
Csf2,0.0002053717941157931
Gpr141b,0.0002043551020657149
Gata4,0.0002043551020657149
Dbx1,0.0002043551020657149
Gcm1,0.0002043551020657149
Bnc1,0.00020333841001563671
Hand2,0.00020130502591548036
Wnt8a,0.00020130502591548036
Krt76,0.00020028833386540217
Gnat3,0.00020028833386540217
Ccnb3,0.000199271641815324
Upk3b,0.000199271641815324
Bmp10,0.000199271641815324
Prl8a1,0.000199271641815324
Agxt2,0.00019723825771516762
Htr2b,0.00019723825771516762
Prl7a1,0.00019622156566508943
Cldn17,0.00019520487361501126
Il12b,0.00019520487361501126
Defa5,0.00019520487361501126
Irx4,0.00019418818156493307
Il9,0.00019317148951485488
Cblif,0.00019317148951485488
Mtnr1b,0.00019317148951485488
Serpina3a,0.0001921547974647767
Lyg1,0.00019113810541469852
Hoxc11,0.00019012141336462033
Ly6g,0.00018808802926446397
Krt40,0.00018808802926446397
Mageb4,0.00018808802926446397
Hist1h2ba,0.00018707133721438578
Hnf1a,0.00018707133721438578
Blk,0.00018503795311422942
Ocstamp,0.00018503795311422942
Cyp1a2,0.00018402126106415123
Gpx5,0.00018402126106415123
Hpd,0.00018402126106415123
Tlx3,0.00018097118491391668
Atp4b,0.00017792110876368214
Klrb1,0.00017792110876368214
H1foo,0.00017690441671360394
Rfx6,0.00017690441671360394
Hoxd12,0.00017588772466352578
Tnfsf14,0.0001748710326134476
Gkn2,0.0001748710326134476
Wnt1,0.0001748710326134476
Apcs,0.0001738543405633694
Gprc6a,0.00017182095646321304
Aicda,0.00017182095646321304
Pip,0.00017182095646321304
Hoxb7,0.00017182095646321304
Hoxd11,0.00017080426441313485
Tuba3a,0.0001687708803129785
Trpv5,0.0001687708803129785
Hesx1,0.00016572080416274394
Vax2,0.00016572080416274394
Ctsq,0.00016368742006258756
Olfr17,0.00016267072801250937
Mepe,0.00016267072801250937
Tbpl2,0.0001616540359624312
Hoxb6,0.00015962065186227482
Il4,0.00015860395981219665
Krt82,0.00015860395981219665
Lep,0.00015758726776211846
Muc20,0.00015657057571204027
Il13,0.00015657057571204027
Evx1,0.00015657057571204027
Serpinb13,0.0001555538836619621
Hoxb13,0.0001545371916118839
Klk1b4,0.00015352049956180572
Hoxb9,0.00015352049956180572
Pth,0.00015148711546164936
Serpinb3b,0.00014945373136149298
Ifnb1,0.00014742034726133662
Hand1,0.00014538696316118027
Fga,0.00014538696316118027
Prm1,0.00014437027111110208
Ins1,0.00014233688701094572
Gata1,0.00014233688701094572
Fgb,0.00014132019496086753
Klk5,0.00014132019496086753
Cyp2g1,0.00014030350291078934
Itln1,0.0001362367347104766
Hoxa11,0.0001362367347104766
Smcp,0.00013522004266039843
Csta1,0.00013420335061032024
Chrng,0.00013420335061032024
Sprr2f,0.00013318665856024205
Sohlh2,0.00013216996651016388
Cxcl2,0.0001301365824100075
Slc5a12,0.0001291198903599293
Hoxa13,0.00012810319830985114
Adgrg7,0.0001250531221596166
Il3,0.0001240364301095384
Hoxc8,0.00012200304600938203
Angptl8,0.00011895296985914748
Phlda2,0.00011590289370891293
Prl2c2,0.00011386950960875656
Crygb,0.00010980274140844382
Hoxd10,0.0001057359732081311
Wnt3a,9.9635820907662e-05
Hba-x,8.845220835680197e-05
Prl3b1,8.74355163067238e-05
Cyp2c29,5.59180627543001e-05
