,posterior_mean,posterior_sd,p(>0),p(<0),PEP,qvalue,selected_fdr_0.05,feature
Oligodendrocyte Precursor Cells,0.012725407,0.0114597585,0.868,0.132,0.132,0.132,False,Abca1
Neurons,0.010319656,0.01382474,0.77,0.23,0.23,0.181,False,Abca1
Oligodendrocytes,0.006599398,0.010245911,0.743,0.257,0.257,0.20633333333333334,False,Abca1
Neural Stem Cells,0.011027019,0.02132806,0.694,0.306,0.306,0.23125,False,Abca1
Microglia,0.0076885903,0.018307744,0.662,0.338,0.338,0.25260000000000005,False,Abca1
Myocytes,-0.0073279054,0.018727448,0.339,0.661,0.339,0.267,False,Abca1
Excitatory Neurons,0.005103612,0.012447922,0.654,0.346,0.346,0.2782857142857143,False,Abca1
Astrocytes,0.0046757273,0.016469609,0.637,0.363,0.363,0.288875,False,Abca1
Endothelial Cells,-0.008093562,0.030972362,0.4,0.6,0.4,0.3012222222222222,False,Abca1
Medium Spiny Neurons,0.0019990345,0.0095849475,0.598,0.402,0.402,0.3113,False,Abca1
Endocrine Cells,0.003014755,0.027851105,0.544,0.456,0.456,0.32445454545454544,False,Abca1
GABAergic Neurons,-0.0006196026,0.019498877,0.505,0.495,0.495,0.33866666666666667,False,Abca1
Oligodendrocyte Precursor Cells,0.0132762585,0.011311294,0.883,0.117,0.117,0.117,False,Abcb1a
Neurons,0.010263061,0.01380179,0.77,0.23,0.23,0.17350000000000002,False,Abcb1a
Endothelial Cells,-0.016088217,0.029660044,0.293,0.707,0.293,0.21333333333333335,False,Abcb1a
Excitatory Neurons,0.0053121317,0.01244035,0.658,0.342,0.342,0.2455,False,Abcb1a
Astrocytes,0.005397803,0.01626364,0.648,0.352,0.352,0.26680000000000004,False,Abcb1a
Medium Spiny Neurons,0.0029080037,0.009540428,0.635,0.365,0.365,0.2831666666666667,False,Abcb1a
Endocrine Cells,0.0064065256,0.02781681,0.599,0.401,0.401,0.3,False,Abcb1a
Myocytes,0.0014679694,0.018771905,0.545,0.455,0.455,0.319375,False,Abcb1a
Microglia,-0.0012905776,0.01808639,0.462,0.538,0.462,0.33522222222222225,False,Abcb1a
Oligodendrocytes,-0.00057319354,0.010348085,0.487,0.513,0.487,0.35040000000000004,False,Abcb1a
Neural Stem Cells,0.00066806306,0.021554573,0.511,0.489,0.489,0.36300000000000004,False,Abcb1a
GABAergic Neurons,-0.00070288335,0.019488333,0.505,0.495,0.495,0.37400000000000005,False,Abcb1a
Oligodendrocyte Precursor Cells,0.012424074,0.011427331,0.859,0.141,0.141,0.141,False,Abcg2
Neurons,0.01011119,0.013799306,0.768,0.232,0.232,0.1865,False,Abcg2
Myocytes,-0.009028384,0.018732179,0.315,0.685,0.315,0.2293333333333333,False,Abcg2
Excitatory Neurons,0.0050570997,0.012464046,0.654,0.346,0.346,0.25849999999999995,False,Abcg2
Astrocytes,0.004807404,0.016241327,0.641,0.359,0.359,0.27859999999999996,False,Abcg2
Medium Spiny Neurons,0.0019219557,0.009545263,0.595,0.405,0.405,0.29966666666666664,False,Abcg2
Endocrine Cells,-0.005205092,0.027787043,0.428,0.572,0.428,0.318,False,Abcg2
Neural Stem Cells,0.0028816024,0.021547351,0.555,0.445,0.445,0.333875,False,Abcg2
Endothelial Cells,-0.0035302048,0.030267263,0.458,0.542,0.458,0.3476666666666667,False,Abcg2
Microglia,-0.00027858734,0.018132335,0.484,0.516,0.484,0.3613,False,Abcg2
Oligodendrocytes,-0.00061760255,0.010345721,0.487,0.513,0.487,0.3727272727272727,False,Abcg2
GABAergic Neurons,-0.0012424677,0.019496607,0.496,0.504,0.496,0.383,False,Abcg2
Oligodendrocyte Precursor Cells,0.013585584,0.011299393,0.888,0.112,0.112,0.112,False,Acaa2
Myocytes,-0.0139962025,0.018895809,0.233,0.767,0.233,0.17250000000000001,False,Acaa2
Neurons,0.008999893,0.0137816705,0.741,0.259,0.259,0.20133333333333336,False,Acaa2
Endocrine Cells,0.011259256,0.027968356,0.662,0.338,0.338,0.23550000000000004,False,Acaa2
Excitatory Neurons,0.004676278,0.012478695,0.644,0.356,0.356,0.2596,False,Acaa2
Neural Stem Cells,-0.005315466,0.021296926,0.393,0.607,0.393,0.2818333333333333,False,Acaa2
Astrocytes,0.0026812928,0.016447656,0.586,0.414,0.414,0.3007142857142857,False,Acaa2
Endothelial Cells,-0.0064802626,0.030699007,0.418,0.582,0.418,0.315375,False,Acaa2
Microglia,-0.00083285745,0.018118257,0.468,0.532,0.468,0.33233333333333337,False,Acaa2
Oligodendrocytes,-0.0007740939,0.010321135,0.48,0.52,0.48,0.3471,False,Acaa2
GABAergic Neurons,-0.0016302224,0.019545102,0.491,0.509,0.491,0.3601818181818182,False,Acaa2
Medium Spiny Neurons,-0.00045508752,0.009557035,0.495,0.505,0.495,0.3714166666666667,False,Acaa2
Oligodendrocyte Precursor Cells,0.014636352,0.011455016,0.9,0.1,0.1,0.1,False,Acss1
Neurons,0.00993248,0.01380412,0.764,0.236,0.236,0.16799999999999998,False,Acss1
Myocytes,-0.010931798,0.018722305,0.29,0.71,0.29,0.20866666666666664,False,Acss1
Excitatory Neurons,0.0052617276,0.012464628,0.655,0.345,0.345,0.24274999999999997,False,Acss1
Endocrine Cells,0.0071115494,0.027735958,0.609,0.391,0.391,0.2724,False,Acss1
Endothelial Cells,-0.008748519,0.030995462,0.395,0.605,0.395,0.29283333333333333,False,Acss1
Microglia,-0.002510632,0.01814479,0.434,0.566,0.434,0.313,False,Acss1
Medium Spiny Neurons,0.0008837144,0.009575232,0.557,0.443,0.443,0.32925,False,Acss1
Neural Stem Cells,-0.0025177281,0.021449886,0.444,0.556,0.444,0.34199999999999997,False,Acss1
Astrocytes,0.0013764406,0.016524429,0.555,0.445,0.445,0.35229999999999995,False,Acss1
Oligodendrocytes,-0.0005096648,0.010337163,0.489,0.511,0.489,0.3647272727272727,False,Acss1
GABAergic Neurons,-0.0010451329,0.01951469,0.5,0.5,0.5,0.37599999999999995,False,Acss1
Oligodendrocyte Precursor Cells,0.012877935,0.011253358,0.877,0.123,0.123,0.123,False,Acvrl1
Neurons,0.009729929,0.013814996,0.759,0.241,0.241,0.182,False,Acvrl1
Excitatory Neurons,0.004928348,0.012436203,0.653,0.347,0.347,0.237,False,Acvrl1
Astrocytes,0.004523164,0.016214894,0.636,0.364,0.364,0.26875,False,Acvrl1
Myocytes,-0.005461923,0.018714793,0.379,0.621,0.379,0.2908,False,Acvrl1
Endocrine Cells,0.007275343,0.027823213,0.611,0.389,0.389,0.30716666666666664,False,Acvrl1
Medium Spiny Neurons,-0.0024081697,0.009526382,0.406,0.594,0.406,0.3212857142857143,False,Acvrl1
Neural Stem Cells,0.003531746,0.021572037,0.571,0.429,0.429,0.33475,False,Acvrl1
Endothelial Cells,-0.0037373332,0.03041444,0.457,0.543,0.457,0.34833333333333333,False,Acvrl1
Microglia,-0.00049659074,0.018108571,0.476,0.524,0.476,0.3611,False,Acvrl1
Oligodendrocytes,-0.00071008207,0.010364668,0.484,0.516,0.484,0.37227272727272726,False,Acvrl1
GABAergic Neurons,-0.0011502085,0.019476429,0.498,0.502,0.498,0.38275,False,Acvrl1
Oligodendrocyte Precursor Cells,0.013239826,0.011358061,0.88,0.12,0.12,0.12,False,Adamts1
Oligodendrocytes,0.009886447,0.010070374,0.845,0.155,0.155,0.1375,False,Adamts1
Neurons,0.009892681,0.013824174,0.763,0.237,0.237,0.17066666666666666,False,Adamts1
Endocrine Cells,0.016744187,0.027838092,0.734,0.266,0.266,0.1945,False,Adamts1
Myocytes,0.009744164,0.018853942,0.689,0.311,0.311,0.2178,False,Adamts1
Neural Stem Cells,0.010436834,0.0214608,0.687,0.313,0.313,0.23366666666666666,False,Adamts1
Excitatory Neurons,0.005174531,0.012458805,0.655,0.345,0.345,0.24957142857142856,False,Adamts1
Astrocytes,0.0033427803,0.016271306,0.603,0.397,0.397,0.268,False,Adamts1
Endothelial Cells,-0.0047141616,0.030697256,0.446,0.554,0.446,0.2877777777777778,False,Adamts1
Microglia,0.00012495543,0.018091196,0.49,0.51,0.49,0.308,False,Adamts1
GABAergic Neurons,-0.0014751906,0.019498084,0.493,0.507,0.493,0.32481818181818184,False,Adamts1
Medium Spiny Neurons,-0.00041230282,0.009581164,0.497,0.503,0.497,0.33916666666666667,False,Adamts1
Oligodendrocyte Precursor Cells,0.012619608,0.011603387,0.859,0.141,0.141,0.141,False,Adarb1
Endocrine Cells,0.026113639,0.02800369,0.815,0.185,0.185,0.16299999999999998,False,Adarb1
Myocytes,0.011886132,0.01878687,0.721,0.279,0.279,0.20166666666666666,False,Adarb1
Neurons,0.0057566375,0.013257142,0.673,0.327,0.327,0.23299999999999998,False,Adarb1
Oligodendrocytes,-0.0045390134,0.010122996,0.342,0.658,0.342,0.2548,False,Adarb1
Astrocytes,0.004932957,0.016524833,0.641,0.359,0.359,0.27216666666666667,False,Adarb1
Excitatory Neurons,0.004648301,0.012678434,0.64,0.36,0.36,0.2847142857142857,False,Adarb1
Endothelial Cells,-0.010819377,0.03081755,0.363,0.637,0.363,0.2945,False,Adarb1
Neural Stem Cells,0.0054762326,0.021443624,0.604,0.396,0.396,0.30577777777777776,False,Adarb1
Microglia,-0.00149781,0.018252667,0.459,0.541,0.459,0.3211,False,Adarb1
GABAergic Neurons,0.00050472183,0.02002038,0.527,0.473,0.473,0.3349090909090909,False,Adarb1
Medium Spiny Neurons,-0.0006942123,0.009523172,0.487,0.513,0.487,0.3475833333333333,False,Adarb1
Myocytes,0.05348162,0.018899448,0.998,0.002,0.002,0.002,True,Adcy1
Oligodendrocyte Precursor Cells,0.015875103,0.011695113,0.909,0.091,0.091,0.0465,True,Adcy1
Neurons,0.012304516,0.0134684155,0.813,0.187,0.187,0.09333333333333334,False,Adcy1
Excitatory Neurons,0.012006674,0.013478239,0.809,0.191,0.191,0.11775000000000001,False,Adcy1
Astrocytes,0.0064590485,0.016540527,0.668,0.332,0.332,0.16060000000000002,False,Adcy1
Neural Stem Cells,0.0069130985,0.021373136,0.63,0.37,0.37,0.1955,False,Adcy1
Oligodendrocytes,-0.0031728463,0.010121788,0.405,0.595,0.405,0.22542857142857145,False,Adcy1
Endothelial Cells,-0.0069661927,0.030759653,0.41,0.59,0.41,0.2485,False,Adcy1
Microglia,-0.003641685,0.018350504,0.415,0.585,0.415,0.267,False,Adcy1
Medium Spiny Neurons,0.0013801238,0.009522876,0.57,0.43,0.43,0.2833,False,Adcy1
GABAergic Neurons,0.0025897557,0.020469531,0.562,0.438,0.438,0.2973636363636364,False,Adcy1
Endocrine Cells,0.002227568,0.027733533,0.538,0.462,0.462,0.3110833333333334,False,Adcy1
Myocytes,-0.051243596,0.018843567,0.001,0.999,0.001,0.001,True,Adgrf5
Oligodendrocyte Precursor Cells,0.014133509,0.011359678,0.896,0.104,0.104,0.0525,False,Adgrf5
Neurons,0.008396399,0.013750999,0.728,0.272,0.272,0.12566666666666668,False,Adgrf5
Endothelial Cells,-0.012922163,0.029375648,0.332,0.668,0.332,0.17725000000000002,False,Adgrf5
Excitatory Neurons,0.0052012927,0.012447725,0.655,0.345,0.345,0.21080000000000002,False,Adgrf5
Astrocytes,0.0048818975,0.01627425,0.641,0.359,0.359,0.23550000000000001,False,Adgrf5
Medium Spiny Neurons,0.0031088856,0.009533558,0.641,0.359,0.359,0.25314285714285717,False,Adgrf5
Neural Stem Cells,0.0052335244,0.021527546,0.599,0.401,0.401,0.271625,False,Adgrf5
Microglia,-0.0027735205,0.018098846,0.429,0.571,0.429,0.2891111111111111,False,Adgrf5
Endocrine Cells,-0.0038213015,0.027822172,0.449,0.551,0.449,0.3051,False,Adgrf5
Oligodendrocytes,-0.00056673086,0.010324905,0.487,0.513,0.487,0.3216363636363636,False,Adgrf5
GABAergic Neurons,-0.0005604366,0.019498358,0.505,0.495,0.495,0.3360833333333333,False,Adgrf5
Oligodendrocyte Precursor Cells,0.012788599,0.011464243,0.869,0.131,0.131,0.131,False,Adgrg1
Oligodendrocytes,0.008956476,0.010032736,0.814,0.186,0.186,0.1585,False,Adgrg1
Neurons,0.010085417,0.013779505,0.767,0.233,0.233,0.18333333333333335,False,Adgrg1
Myocytes,0.0144650955,0.018760247,0.765,0.235,0.235,0.19625,False,Adgrg1
Microglia,-0.008926705,0.018197056,0.322,0.678,0.322,0.22139999999999999,False,Adgrg1
Excitatory Neurons,0.0054114773,0.012444299,0.661,0.339,0.339,0.241,False,Adgrg1
Neural Stem Cells,0.004108889,0.021313548,0.581,0.419,0.419,0.2664285714285714,False,Adgrg1
Medium Spiny Neurons,0.0011372853,0.009584514,0.564,0.436,0.436,0.287625,False,Adgrg1
Endothelial Cells,-0.0047326167,0.030913252,0.446,0.554,0.446,0.3052222222222223,False,Adgrg1
Endocrine Cells,0.001832489,0.027756669,0.535,0.465,0.465,0.32120000000000004,False,Adgrg1
Astrocytes,-0.0020397173,0.01650735,0.469,0.531,0.469,0.3346363636363636,False,Adgrg1
GABAergic Neurons,-0.0003778046,0.019514414,0.509,0.491,0.491,0.3476666666666666,False,Adgrg1
Medium Spiny Neurons,-0.016096866,0.0095818695,0.038,0.962,0.038,0.038,True,Adora2a
Oligodendrocyte Precursor Cells,0.013692095,0.011240128,0.891,0.109,0.109,0.0735,False,Adora2a
Neurons,0.009519492,0.013848162,0.757,0.243,0.243,0.13,False,Adora2a
Excitatory Neurons,0.0049322974,0.01243631,0.653,0.347,0.347,0.18425,False,Adora2a
Myocytes,0.0063966042,0.01871382,0.632,0.368,0.368,0.221,False,Adora2a
Astrocytes,0.003919124,0.01620608,0.622,0.378,0.378,0.24716666666666667,False,Adora2a
Endothelial Cells,-0.007868497,0.031023808,0.402,0.598,0.402,0.2692857142857143,False,Adora2a
Endocrine Cells,0.005335748,0.027723724,0.582,0.418,0.418,0.28787500000000005,False,Adora2a
Neural Stem Cells,0.004008061,0.021550426,0.578,0.422,0.422,0.3027777777777778,False,Adora2a
Microglia,-0.001280581,0.018067425,0.462,0.538,0.462,0.3187000000000001,False,Adora2a
Oligodendrocytes,-0.0009884739,0.010359262,0.474,0.526,0.474,0.33281818181818185,False,Adora2a
GABAergic Neurons,-0.00043309917,0.019585652,0.508,0.492,0.492,0.34608333333333335,False,Adora2a
Oligodendrocytes,-0.01783985,0.008912344,0.021,0.979,0.021,0.021,True,Agpat4
Myocytes,0.0267744,0.018863447,0.92,0.08,0.08,0.0505,False,Agpat4
Oligodendrocyte Precursor Cells,0.013436627,0.011551495,0.879,0.121,0.121,0.074,False,Agpat4
Endocrine Cells,-0.018747194,0.028052133,0.258,0.742,0.258,0.12,False,Agpat4
Neurons,0.008610811,0.013621006,0.733,0.267,0.267,0.1494,False,Agpat4
Excitatory Neurons,0.006627818,0.012676534,0.701,0.299,0.299,0.17433333333333334,False,Agpat4
Medium Spiny Neurons,0.0030732092,0.00957541,0.641,0.359,0.359,0.2007142857142857,False,Agpat4
Astrocytes,0.004598718,0.016359098,0.637,0.363,0.363,0.221,False,Agpat4
Neural Stem Cells,0.0051154303,0.021249937,0.599,0.401,0.401,0.241,False,Agpat4
Endothelial Cells,-0.0073296633,0.030911528,0.408,0.592,0.408,0.2577,False,Agpat4
Microglia,-0.001087576,0.018113807,0.466,0.534,0.466,0.2766363636363636,False,Agpat4
GABAergic Neurons,-0.001067626,0.019768372,0.5,0.5,0.5,0.29525,False,Agpat4
Oligodendrocyte Precursor Cells,0.014062314,0.01125722,0.897,0.103,0.103,0.103,False,Agt
Neurons,0.010610568,0.013801767,0.777,0.223,0.223,0.163,False,Agt
Myocytes,0.009597744,0.018727979,0.685,0.315,0.315,0.21366666666666667,False,Agt
Excitatory Neurons,0.0049774265,0.0124353245,0.654,0.346,0.346,0.24675,False,Agt
Endothelial Cells,-0.0077964547,0.031045957,0.402,0.598,0.402,0.2778,False,Agt
Neural Stem Cells,0.0042631174,0.021533357,0.585,0.415,0.415,0.3006666666666667,False,Agt
Astrocytes,0.0023229248,0.016564803,0.574,0.426,0.426,0.31857142857142856,False,Agt
Medium Spiny Neurons,0.0010896445,0.009594629,0.562,0.438,0.438,0.3335,False,Agt
Endocrine Cells,0.002368813,0.027707968,0.538,0.462,0.462,0.3477777777777778,False,Agt
Microglia,-0.0005734359,0.018076815,0.473,0.527,0.473,0.3603,False,Agt
GABAergic Neurons,-0.001015787,0.01947434,0.5,0.5,0.5,0.373,False,Agt
Oligodendrocytes,-0.0002464344,0.0103456555,0.5,0.5,0.5,0.38358333333333333,False,Agt
Myocytes,0.046397813,0.018979056,0.992,0.008,0.008,0.008,True,Ahi1
Oligodendrocyte Precursor Cells,0.017610222,0.011758012,0.935,0.065,0.065,0.036500000000000005,True,Ahi1
Endocrine Cells,-0.032874055,0.028021537,0.109,0.891,0.109,0.06066666666666667,False,Ahi1
Oligodendrocytes,0.00732188,0.009942017,0.768,0.232,0.232,0.10350000000000001,False,Ahi1
Medium Spiny Neurons,0.006138143,0.009507014,0.746,0.254,0.254,0.1336,False,Ahi1
Astrocytes,0.0074650035,0.016559403,0.69,0.31,0.31,0.163,False,Ahi1
Neural Stem Cells,-0.008293804,0.021037824,0.337,0.663,0.337,0.18785714285714286,False,Ahi1
GABAergic Neurons,-0.0066531166,0.020769227,0.382,0.618,0.382,0.212125,False,Ahi1
Neurons,-0.003529912,0.012043449,0.389,0.611,0.389,0.2317777777777778,False,Ahi1
Excitatory Neurons,0.003865417,0.013027613,0.609,0.391,0.391,0.24770000000000003,False,Ahi1
Endothelial Cells,-0.0064495928,0.03088299,0.419,0.581,0.419,0.2632727272727273,False,Ahi1
Microglia,0.0013356217,0.018240543,0.511,0.489,0.489,0.28208333333333335,False,Ahi1
Myocytes,-0.6835315,0.020776339,0.0,1.0,0.0,0.0,True,Aldoa
Oligodendrocytes,0.03018601,0.010173964,0.999,0.001,0.001,0.0005,True,Aldoa
Neural Stem Cells,-0.046244457,0.020170579,0.013,0.987,0.013,0.004666666666666666,True,Aldoa
Oligodendrocyte Precursor Cells,0.025770372,0.011801012,0.987,0.013,0.013,0.006749999999999999,True,Aldoa
Neurons,0.021606863,0.011550072,0.969,0.031,0.031,0.0116,True,Aldoa
Endocrine Cells,-0.053044643,0.028922867,0.036,0.964,0.036,0.015666666666666666,True,Aldoa
Medium Spiny Neurons,-0.013958812,0.01098386,0.094,0.906,0.094,0.026857142857142857,True,Aldoa
Excitatory Neurons,0.017462034,0.017049462,0.847,0.153,0.153,0.042624999999999996,True,Aldoa
Astrocytes,0.016670559,0.017584236,0.829,0.171,0.171,0.05688888888888889,False,Aldoa
Microglia,0.016090611,0.019561358,0.797,0.203,0.203,0.07150000000000001,False,Aldoa
GABAergic Neurons,0.00631891,0.024698362,0.614,0.386,0.386,0.10009090909090909,False,Aldoa
Endothelial Cells,0.0064925803,0.029182151,0.59,0.41,0.41,0.12591666666666665,False,Aldoa
Myocytes,0.18759078,0.019376501,1.0,0.0,0.0,0.0,True,Aldoc
Endocrine Cells,0.07023006,0.02849472,0.99,0.01,0.01,0.005,True,Aldoc
Neural Stem Cells,0.038536582,0.019235548,0.987,0.013,0.013,0.007666666666666666,True,Aldoc
Neurons,0.022575887,0.01230424,0.964,0.036,0.036,0.01475,True,Aldoc
Oligodendrocyte Precursor Cells,0.019083424,0.011815624,0.951,0.049,0.049,0.0216,True,Aldoc
Medium Spiny Neurons,0.008650569,0.009640621,0.811,0.189,0.189,0.049499999999999995,True,Aldoc
Endothelial Cells,-0.014107698,0.02879894,0.308,0.692,0.308,0.08642857142857142,False,Aldoc
Oligodendrocytes,0.0037349819,0.008757749,0.668,0.332,0.332,0.117125,False,Aldoc
Astrocytes,0.0048744394,0.019232096,0.628,0.372,0.372,0.14544444444444446,False,Aldoc
Excitatory Neurons,0.0035665203,0.013423899,0.6,0.4,0.4,0.1709,False,Aldoc
Microglia,-0.003531279,0.019529685,0.422,0.578,0.422,0.19372727272727275,False,Aldoc
GABAergic Neurons,0.002135449,0.020910764,0.55,0.45,0.45,0.21508333333333338,False,Aldoc
Myocytes,-0.030004343,0.018756792,0.055,0.945,0.055,0.055,False,Alpl
Oligodendrocyte Precursor Cells,0.012845146,0.011338178,0.874,0.126,0.126,0.0905,False,Alpl
Neurons,0.009226009,0.013830715,0.75,0.25,0.25,0.14366666666666666,False,Alpl
Endothelial Cells,-0.015578393,0.030677423,0.305,0.695,0.305,0.184,False,Alpl
Excitatory Neurons,0.0047919448,0.012443691,0.65,0.35,0.35,0.21719999999999998,False,Alpl
Endocrine Cells,0.006863588,0.027751999,0.605,0.395,0.395,0.24683333333333332,False,Alpl
Neural Stem Cells,-0.00314605,0.021518981,0.432,0.568,0.432,0.27328571428571424,False,Alpl
Microglia,-0.0012980939,0.018064022,0.462,0.538,0.462,0.296875,False,Alpl
Medium Spiny Neurons,0.00032201293,0.009584316,0.536,0.464,0.464,0.3154444444444444,False,Alpl
Astrocytes,0.0005139877,0.016366463,0.535,0.465,0.465,0.33039999999999997,False,Alpl
Oligodendrocytes,-0.0013133367,0.010364527,0.466,0.534,0.466,0.3427272727272727,False,Alpl
GABAergic Neurons,-0.0013354854,0.019479977,0.496,0.504,0.496,0.3555,False,Alpl
Oligodendrocytes,-0.030824687,0.009665982,0.0,1.0,0.0,0.0,True,Anln
Oligodendrocyte Precursor Cells,0.013628108,0.0112617705,0.89,0.11,0.11,0.055,False,Anln
Myocytes,0.014942387,0.018726166,0.776,0.224,0.224,0.11133333333333334,False,Anln
Neurons,0.009452498,0.013814171,0.757,0.243,0.243,0.14425,False,Anln
Medium Spiny Neurons,0.0050598453,0.009566011,0.713,0.287,0.287,0.17279999999999998,False,Anln
Excitatory Neurons,0.0047720945,0.012433863,0.65,0.35,0.35,0.20233333333333334,False,Anln
Astrocytes,0.0035123427,0.016213723,0.61,0.39,0.39,0.22914285714285715,False,Anln
Endothelial Cells,-0.008189056,0.0310747,0.4,0.6,0.4,0.2505,False,Anln
Endocrine Cells,0.002151263,0.027751444,0.538,0.462,0.462,0.274,False,Anln
Microglia,-0.001008454,0.01807888,0.467,0.533,0.467,0.2933,False,Anln
Neural Stem Cells,0.0013781011,0.021456996,0.526,0.474,0.474,0.30972727272727274,False,Anln
GABAergic Neurons,-0.0009675225,0.019482475,0.502,0.498,0.498,0.3254166666666667,False,Anln
Endocrine Cells,0.09768745,0.029037891,1.0,0.0,0.0,0.0,True,Anxa2
Oligodendrocyte Precursor Cells,0.012742476,0.011257439,0.874,0.126,0.126,0.063,False,Anxa2
Neurons,0.008992064,0.0137954345,0.741,0.259,0.259,0.12833333333333333,False,Anxa2
Excitatory Neurons,0.004566076,0.012436816,0.64,0.36,0.36,0.18625,False,Anxa2
Astrocytes,0.0032476706,0.016474703,0.6,0.4,0.4,0.229,False,Anxa2
Endothelial Cells,-0.0070266435,0.03054807,0.409,0.591,0.409,0.259,False,Anxa2
Neural Stem Cells,-0.003092579,0.02090535,0.432,0.568,0.432,0.2837142857142857,False,Anxa2
Myocytes,0.0006765411,0.018875523,0.526,0.474,0.474,0.3075,False,Anxa2
Microglia,0.0017469452,0.01810537,0.523,0.477,0.477,0.3263333333333333,False,Anxa2
Oligodendrocytes,0.0004978335,0.010234358,0.523,0.477,0.477,0.3414,False,Anxa2
Medium Spiny Neurons,-0.00021329045,0.009548405,0.512,0.488,0.488,0.3547272727272727,False,Anxa2
GABAergic Neurons,-0.0014858611,0.01949516,0.492,0.508,0.492,0.3661666666666667,False,Anxa2
Oligodendrocyte Precursor Cells,0.013458165,0.011295693,0.886,0.114,0.114,0.114,False,Apln
Neurons,0.008825065,0.013803009,0.738,0.262,0.262,0.188,False,Apln
Excitatory Neurons,0.004366007,0.012477522,0.636,0.364,0.364,0.24666666666666667,False,Apln
Oligodendrocytes,-0.004066192,0.010258897,0.373,0.627,0.373,0.27825,False,Apln
Endothelial Cells,-0.010356099,0.031008491,0.377,0.623,0.377,0.298,False,Apln
Myocytes,0.0056193625,0.01871054,0.618,0.382,0.382,0.312,False,Apln
Medium Spiny Neurons,0.0016020485,0.009574873,0.584,0.416,0.416,0.32685714285714285,False,Apln
Microglia,-0.003112294,0.018079467,0.424,0.576,0.424,0.33899999999999997,False,Apln
Neural Stem Cells,0.003570907,0.021551581,0.572,0.428,0.428,0.34888888888888886,False,Apln
Astrocytes,0.00018331528,0.0163984,0.525,0.475,0.475,0.3615,False,Apln
Endocrine Cells,0.0006709074,0.027736379,0.517,0.483,0.483,0.3725454545454545,False,Apln
GABAergic Neurons,-0.0015980238,0.01951446,0.491,0.509,0.491,0.3824166666666666,False,Apln
Myocytes,0.15321459,0.019346278,1.0,0.0,0.0,0.0,True,Apod
Oligodendrocytes,-0.03995659,0.010082048,0.0,1.0,0.0,0.0,True,Apod
Endocrine Cells,0.040645473,0.02840112,0.922,0.078,0.078,0.026,True,Apod
Oligodendrocyte Precursor Cells,0.011963317,0.011356672,0.849,0.151,0.151,0.057249999999999995,False,Apod
Neurons,0.008544821,0.013747547,0.731,0.269,0.269,0.0996,False,Apod
Excitatory Neurons,0.0045467466,0.012457029,0.64,0.36,0.36,0.143,False,Apod
Astrocytes,0.0027024557,0.016734945,0.584,0.416,0.416,0.182,False,Apod
Medium Spiny Neurons,0.0014462275,0.009545336,0.576,0.424,0.424,0.21225,False,Apod
Microglia,-0.0022271173,0.018132864,0.44,0.56,0.44,0.23755555555555555,False,Apod
Neural Stem Cells,-0.0025713886,0.021421574,0.443,0.557,0.443,0.2581,False,Apod
Endothelial Cells,-0.0018597963,0.029638533,0.477,0.523,0.477,0.27799999999999997,False,Apod
GABAergic Neurons,-0.0007467826,0.019541774,0.505,0.495,0.495,0.2960833333333333,False,Apod
Myocytes,0.043502428,0.01892957,0.99,0.01,0.01,0.01,True,Appl2
Oligodendrocyte Precursor Cells,0.015668875,0.011612588,0.909,0.091,0.091,0.050499999999999996,False,Appl2
Neurons,0.013313864,0.013667402,0.829,0.171,0.171,0.09066666666666667,False,Appl2
Medium Spiny Neurons,0.007981394,0.009547675,0.792,0.208,0.208,0.12,False,Appl2
Astrocytes,-0.007203884,0.01722072,0.345,0.655,0.345,0.16499999999999998,False,Appl2
Excitatory Neurons,0.0048560034,0.01253951,0.651,0.349,0.349,0.19566666666666666,False,Appl2
Endothelial Cells,-0.007521121,0.030762862,0.406,0.594,0.406,0.22571428571428573,False,Appl2
Oligodendrocytes,-0.0024556725,0.009969216,0.425,0.575,0.425,0.250625,False,Appl2
Neural Stem Cells,0.002895276,0.021072371,0.559,0.441,0.441,0.27177777777777773,False,Appl2
Endocrine Cells,0.0016316136,0.02796839,0.53,0.47,0.47,0.29159999999999997,False,Appl2
GABAergic Neurons,7.87681e-06,0.019654304,0.517,0.483,0.483,0.30899999999999994,False,Appl2
Microglia,0.0006384543,0.018280592,0.496,0.504,0.496,0.3245833333333333,False,Appl2
Oligodendrocyte Precursor Cells,0.014504089,0.011366716,0.9,0.1,0.1,0.1,False,Aqp4
Neurons,0.010733198,0.013732262,0.781,0.219,0.219,0.1595,False,Aqp4
Myocytes,0.007869432,0.018777609,0.658,0.342,0.342,0.22033333333333335,False,Aqp4
Excitatory Neurons,0.005162708,0.012469607,0.654,0.346,0.346,0.25175000000000003,False,Aqp4
Medium Spiny Neurons,0.0033427621,0.0095747,0.648,0.352,0.352,0.2718,False,Aqp4
Neural Stem Cells,0.0049218056,0.021415383,0.594,0.406,0.406,0.2941666666666667,False,Aqp4
Endothelial Cells,-0.0071061403,0.030903313,0.409,0.591,0.409,0.31057142857142855,False,Aqp4
Astrocytes,-0.0029345884,0.017000435,0.449,0.551,0.449,0.32787499999999997,False,Aqp4
Endocrine Cells,0.0028715513,0.02773618,0.543,0.457,0.457,0.3422222222222222,False,Aqp4
Oligodendrocytes,-0.0005745455,0.01026674,0.487,0.513,0.487,0.35669999999999996,False,Aqp4
GABAergic Neurons,-0.00064190716,0.01952767,0.505,0.495,0.495,0.3692727272727272,False,Aqp4
Microglia,0.0010507228,0.018160876,0.501,0.499,0.499,0.3800833333333333,False,Aqp4
Oligodendrocyte Precursor Cells,0.02271905,0.01155648,0.983,0.017,0.017,0.017,True,Arc
Excitatory Neurons,0.026613278,0.01333703,0.978,0.022,0.022,0.0195,True,Arc
Neurons,0.01526801,0.013684964,0.867,0.133,0.133,0.05733333333333334,False,Arc
Myocytes,-0.013212103,0.018742573,0.244,0.756,0.244,0.10400000000000001,False,Arc
Astrocytes,0.0080349315,0.016391816,0.702,0.298,0.298,0.14279999999999998,False,Arc
Neural Stem Cells,0.0082150195,0.021487538,0.649,0.351,0.351,0.1775,False,Arc
GABAergic Neurons,0.0069052204,0.019923653,0.646,0.354,0.354,0.2027142857142857,False,Arc
Medium Spiny Neurons,0.0018761811,0.009474001,0.593,0.407,0.407,0.22825,False,Arc
Microglia,0.004150272,0.018310476,0.584,0.416,0.416,0.24911111111111112,False,Arc
Oligodendrocytes,-0.0023074385,0.009914475,0.432,0.568,0.432,0.26739999999999997,False,Arc
Endocrine Cells,-0.002774617,0.027821215,0.464,0.536,0.464,0.2852727272727273,False,Arc
Endothelial Cells,-0.00112519,0.030861886,0.485,0.515,0.485,0.30191666666666667,False,Arc
Oligodendrocyte Precursor Cells,0.016062276,0.011756146,0.911,0.089,0.089,0.089,False,Arhgap31
Myocytes,0.020942975,0.018824782,0.866,0.134,0.134,0.1115,False,Arhgap31
Neurons,0.00983849,0.013806875,0.763,0.237,0.237,0.15333333333333332,False,Arhgap31
Excitatory Neurons,0.0051396717,0.012447054,0.654,0.346,0.346,0.20149999999999998,False,Arhgap31
Astrocytes,0.00497226,0.016247831,0.643,0.357,0.357,0.23259999999999997,False,Arhgap31
Neural Stem Cells,0.005431884,0.021498919,0.6,0.4,0.4,0.26049999999999995,False,Arhgap31
Endothelial Cells,-0.0071442323,0.03073964,0.409,0.591,0.409,0.2817142857142857,False,Arhgap31
Medium Spiny Neurons,0.0009431835,0.009547582,0.561,0.439,0.439,0.30137499999999995,False,Arhgap31
Endocrine Cells,0.0021272365,0.027787177,0.538,0.462,0.462,0.3192222222222222,False,Arhgap31
Microglia,-0.00089748076,0.018124592,0.468,0.532,0.468,0.33409999999999995,False,Arhgap31
Oligodendrocytes,-0.0003569558,0.010299441,0.496,0.504,0.496,0.3488181818181818,False,Arhgap31
GABAergic Neurons,-0.0011298915,0.019492328,0.499,0.501,0.499,0.3613333333333333,False,Arhgap31
Oligodendrocytes,-0.016325414,0.009552073,0.04,0.96,0.04,0.04,True,Arrdc3
Myocytes,-0.030668523,0.018771037,0.053,0.947,0.053,0.0465,True,Arrdc3
Oligodendrocyte Precursor Cells,0.015036291,0.0113935005,0.907,0.093,0.093,0.062,False,Arrdc3
Neurons,0.010083349,0.013760619,0.768,0.232,0.232,0.10450000000000001,False,Arrdc3
Excitatory Neurons,0.0056612776,0.012522664,0.667,0.333,0.333,0.15020000000000003,False,Arrdc3
Astrocytes,0.0054837805,0.016355813,0.649,0.351,0.351,0.18366666666666667,False,Arrdc3
Endothelial Cells,-0.0078114592,0.030991036,0.402,0.598,0.402,0.21485714285714286,False,Arrdc3
Medium Spiny Neurons,0.0007249963,0.009556803,0.554,0.446,0.446,0.24375,False,Arrdc3
Microglia,-0.001971405,0.01812089,0.448,0.552,0.448,0.2664444444444445,False,Arrdc3
Endocrine Cells,0.0026074478,0.027947469,0.541,0.459,0.459,0.2857,False,Arrdc3
Neural Stem Cells,0.0005619052,0.021260638,0.51,0.49,0.49,0.3042727272727273,False,Arrdc3
GABAergic Neurons,-0.00043128044,0.01960165,0.508,0.492,0.492,0.3199166666666667,False,Arrdc3
Oligodendrocytes,-0.03866666,0.008929161,0.0,1.0,0.0,0.0,True,Aspa
Oligodendrocyte Precursor Cells,0.012780318,0.011234554,0.874,0.126,0.126,0.063,False,Aspa
Neurons,0.009147429,0.0138287945,0.747,0.253,0.253,0.12633333333333333,False,Aspa
Myocytes,0.008532511,0.018758787,0.671,0.329,0.329,0.177,False,Aspa
Excitatory Neurons,0.0045993286,0.012440197,0.642,0.358,0.358,0.21319999999999997,False,Aspa
Neural Stem Cells,0.005926584,0.021509731,0.614,0.386,0.386,0.242,False,Aspa
Endothelial Cells,-0.008742521,0.031040635,0.395,0.605,0.395,0.26385714285714285,False,Aspa
Astrocytes,0.002775899,0.016252382,0.588,0.412,0.412,0.282375,False,Aspa
Microglia,-0.0015568319,0.018068668,0.455,0.545,0.455,0.3015555555555556,False,Aspa
Endocrine Cells,0.0024574993,0.02773529,0.541,0.459,0.459,0.3173,False,Aspa
Medium Spiny Neurons,0.00017395086,0.009586459,0.527,0.473,0.473,0.33145454545454545,False,Aspa
GABAergic Neurons,-0.0012422999,0.019480396,0.496,0.504,0.496,0.3451666666666666,False,Aspa
Endocrine Cells,0.06399953,0.028504627,0.986,0.014,0.014,0.014,True,Atf5
Oligodendrocytes,0.019628054,0.010152699,0.97,0.03,0.03,0.022,True,Atf5
Oligodendrocyte Precursor Cells,0.016054006,0.011367052,0.921,0.079,0.079,0.041,True,Atf5
Neurons,0.011442732,0.013713878,0.797,0.203,0.203,0.0815,False,Atf5
Astrocytes,0.007859908,0.016376648,0.697,0.303,0.303,0.1258,False,Atf5
Excitatory Neurons,0.0054073255,0.01250213,0.661,0.339,0.339,0.16133333333333333,False,Atf5
Medium Spiny Neurons,0.0028023734,0.009534573,0.632,0.368,0.368,0.19085714285714284,False,Atf5
Myocytes,-0.0060409172,0.01888251,0.37,0.63,0.37,0.21325,False,Atf5
Neural Stem Cells,0.0050999857,0.021139523,0.599,0.401,0.401,0.23411111111111113,False,Atf5
Endothelial Cells,-0.0056147794,0.03080468,0.431,0.569,0.431,0.2538,False,Atf5
Microglia,0.002286022,0.01816188,0.533,0.467,0.467,0.2731818181818182,False,Atf5
GABAergic Neurons,-0.00058070436,0.019785266,0.505,0.495,0.495,0.2916666666666667,False,Atf5
Myocytes,0.08199589,0.019485768,1.0,0.0,0.0,0.0,True,Atp1b2
Neural Stem Cells,-0.049860675,0.020012554,0.009,0.991,0.009,0.0045,True,Atp1b2
Endocrine Cells,0.06749301,0.028542895,0.989,0.011,0.011,0.006666666666666665,True,Atp1b2
Medium Spiny Neurons,0.016545914,0.009511006,0.95,0.05,0.05,0.0175,True,Atp1b2
Astrocytes,-0.025672775,0.019632746,0.083,0.917,0.083,0.030600000000000006,True,Atp1b2
Neurons,0.013742353,0.012271455,0.868,0.132,0.132,0.04750000000000001,True,Atp1b2
Oligodendrocyte Precursor Cells,0.011642876,0.011826726,0.833,0.167,0.167,0.06457142857142859,False,Atp1b2
Endothelial Cells,-0.016539302,0.029203167,0.285,0.715,0.285,0.09212500000000001,False,Atp1b2
GABAergic Neurons,0.003384944,0.020728705,0.576,0.424,0.424,0.129,False,Atp1b2
Oligodendrocytes,0.0014479925,0.008976886,0.573,0.427,0.427,0.1588,False,Atp1b2
Excitatory Neurons,0.0024142112,0.01322476,0.571,0.429,0.429,0.18336363636363637,False,Atp1b2
Microglia,-0.0016105605,0.018901592,0.457,0.543,0.457,0.20616666666666664,False,Atp1b2
Oligodendrocytes,0.027682101,0.009345536,0.999,0.001,0.001,0.001,True,B2m
Microglia,0.042128257,0.022229185,0.968,0.032,0.032,0.0165,True,B2m
Oligodendrocyte Precursor Cells,0.017475981,0.011832267,0.931,0.069,0.069,0.034,True,B2m
Myocytes,0.02812784,0.01939118,0.926,0.074,0.074,0.044,True,B2m
Neurons,0.017020348,0.013530101,0.9,0.1,0.1,0.055200000000000006,False,B2m
Astrocytes,0.015137126,0.016992077,0.819,0.181,0.181,0.07616666666666667,False,B2m
Medium Spiny Neurons,0.005708052,0.0095126275,0.734,0.266,0.266,0.1032857142857143,False,B2m
Endothelial Cells,-0.016234096,0.028478682,0.285,0.715,0.285,0.126,False,B2m
Endocrine Cells,-0.015310326,0.029177021,0.31,0.69,0.31,0.14644444444444446,False,B2m
Excitatory Neurons,0.0039371834,0.012799849,0.616,0.384,0.384,0.1702,False,B2m
Neural Stem Cells,-0.0014141528,0.020887433,0.458,0.542,0.458,0.19636363636363638,False,B2m
GABAergic Neurons,-0.00032418,0.019813934,0.51,0.49,0.49,0.22083333333333335,False,B2m
Endocrine Cells,0.055671535,0.028283864,0.974,0.026,0.026,0.026,True,Bcam
Oligodendrocyte Precursor Cells,0.013685263,0.011279967,0.89,0.11,0.11,0.068,False,Bcam
Neurons,0.00938804,0.013785862,0.755,0.245,0.245,0.127,False,Bcam
Myocytes,-0.011903068,0.018719904,0.263,0.737,0.263,0.161,False,Bcam
Excitatory Neurons,0.0049448838,0.012437253,0.653,0.347,0.347,0.1982,False,Bcam
Astrocytes,0.0045768847,0.016242525,0.637,0.363,0.363,0.22566666666666668,False,Bcam
Endothelial Cells,-0.00537078,0.030548919,0.432,0.568,0.432,0.25514285714285717,False,Bcam
Medium Spiny Neurons,0.0012105665,0.009549611,0.564,0.436,0.436,0.27775,False,Bcam
Neural Stem Cells,0.0026361593,0.021544594,0.551,0.449,0.449,0.29677777777777775,False,Bcam
Microglia,-0.0011804748,0.018066347,0.464,0.536,0.464,0.3135,False,Bcam
Oligodendrocytes,-0.00063824595,0.010357248,0.487,0.513,0.487,0.3292727272727273,False,Bcam
GABAergic Neurons,-0.0014871922,0.019487606,0.492,0.508,0.492,0.3428333333333333,False,Bcam
Oligodendrocyte Precursor Cells,0.013204435,0.011285953,0.883,0.117,0.117,0.117,False,Bmpr1b
Neurons,0.0099510085,0.013798642,0.765,0.235,0.235,0.176,False,Bmpr1b
Excitatory Neurons,0.004561475,0.012468587,0.64,0.36,0.36,0.2373333333333333,False,Bmpr1b
Myocytes,0.0068679783,0.018718185,0.639,0.361,0.361,0.26825,False,Bmpr1b
Neural Stem Cells,0.007068801,0.021454863,0.634,0.366,0.366,0.2878,False,Bmpr1b
Endocrine Cells,0.0068665897,0.02773121,0.605,0.395,0.395,0.3056666666666667,False,Bmpr1b
Endothelial Cells,-0.007340912,0.03099912,0.408,0.592,0.408,0.3202857142857143,False,Bmpr1b
Astrocytes,0.0020075724,0.016507167,0.566,0.434,0.434,0.3345,False,Bmpr1b
Medium Spiny Neurons,0.000690503,0.009572682,0.553,0.447,0.447,0.34700000000000003,False,Bmpr1b
Microglia,-0.00062782376,0.018098446,0.473,0.527,0.473,0.35960000000000003,False,Bmpr1b
Oligodendrocytes,-0.0004923293,0.010327283,0.49,0.51,0.49,0.3714545454545455,False,Bmpr1b
GABAergic Neurons,-0.0014295656,0.019509112,0.494,0.506,0.494,0.38166666666666665,False,Bmpr1b
Oligodendrocyte Precursor Cells,0.016161663,0.011298854,0.923,0.077,0.077,0.077,False,C4b
Myocytes,0.024911258,0.018789615,0.901,0.099,0.099,0.088,False,C4b
Neurons,0.012168175,0.013793189,0.81,0.19,0.19,0.122,False,C4b
Astrocytes,0.013108876,0.016617775,0.79,0.21,0.21,0.144,False,C4b
Medium Spiny Neurons,0.0043866565,0.009550728,0.687,0.313,0.313,0.1778,False,C4b
Excitatory Neurons,0.0050785146,0.0124320835,0.654,0.346,0.346,0.2058333333333333,False,C4b
Endocrine Cells,0.008272886,0.02779008,0.62,0.38,0.38,0.23071428571428568,False,C4b
Neural Stem Cells,0.004350678,0.021333726,0.586,0.414,0.414,0.253625,False,C4b
Oligodendrocytes,0.0020790517,0.010310116,0.584,0.416,0.416,0.27166666666666667,False,C4b
Endothelial Cells,-0.0050825244,0.030970324,0.44,0.56,0.44,0.2885,False,C4b
Microglia,0.0021460948,0.018117322,0.529,0.471,0.471,0.3050909090909091,False,C4b
GABAergic Neurons,-0.0004990237,0.01948548,0.507,0.493,0.493,0.32075,False,C4b
Oligodendrocyte Precursor Cells,0.013801898,0.011357657,0.89,0.11,0.11,0.11,False,Cab39l
Oligodendrocytes,0.0067437803,0.010114463,0.751,0.249,0.249,0.1795,False,Cab39l
Neurons,0.008261718,0.0137148015,0.727,0.273,0.273,0.21066666666666667,False,Cab39l
Myocytes,0.006820495,0.018746132,0.638,0.362,0.362,0.2485,False,Cab39l
Excitatory Neurons,0.0042730654,0.012497252,0.631,0.369,0.369,0.2726,False,Cab39l
Endothelial Cells,-0.009062836,0.030665739,0.393,0.607,0.393,0.2926666666666667,False,Cab39l
Astrocytes,0.0030079794,0.016321437,0.597,0.403,0.403,0.3084285714285714,False,Cab39l
Neural Stem Cells,0.0040702135,0.021351714,0.581,0.419,0.419,0.32225,False,Cab39l
Endocrine Cells,0.0027996935,0.027978094,0.541,0.459,0.459,0.33744444444444444,False,Cab39l
Microglia,-0.0012696107,0.018102704,0.462,0.538,0.462,0.3499,False,Cab39l
GABAergic Neurons,-0.0023241583,0.019599061,0.475,0.525,0.475,0.3612727272727273,False,Cab39l
Medium Spiny Neurons,-0.00041156466,0.009532334,0.497,0.503,0.497,0.3725833333333333,False,Cab39l
Myocytes,0.039131325,0.018935725,0.986,0.014,0.014,0.014,True,Cabp1
Oligodendrocyte Precursor Cells,0.015647186,0.011739641,0.907,0.093,0.093,0.0535,False,Cabp1
Neurons,0.011035233,0.013347155,0.795,0.205,0.205,0.104,False,Cabp1
Medium Spiny Neurons,-0.006118956,0.009502913,0.269,0.731,0.269,0.14525,False,Cabp1
Endocrine Cells,0.015690355,0.027920267,0.723,0.277,0.277,0.1716,False,Cabp1
Astrocytes,0.0055199354,0.016480356,0.649,0.351,0.351,0.2015,False,Cabp1
Neural Stem Cells,0.0071106283,0.021450123,0.635,0.365,0.365,0.22485714285714287,False,Cabp1
Microglia,-0.0056316657,0.018371109,0.373,0.627,0.373,0.243375,False,Cabp1
Endothelial Cells,-0.007726178,0.030757695,0.402,0.598,0.402,0.261,False,Cabp1
Excitatory Neurons,-0.0027129771,0.01454803,0.42,0.58,0.42,0.27690000000000003,False,Cabp1
Oligodendrocytes,-0.0025073332,0.010090355,0.425,0.575,0.425,0.2903636363636364,False,Cabp1
GABAergic Neurons,0.0012519236,0.021135394,0.541,0.459,0.459,0.30441666666666667,False,Cabp1
Endocrine Cells,0.04330841,0.028205436,0.939,0.061,0.061,0.061,False,Calb1
Oligodendrocyte Precursor Cells,0.013534828,0.011423065,0.886,0.114,0.114,0.0875,False,Calb1
Neurons,0.008906241,0.013268508,0.752,0.248,0.248,0.141,False,Calb1
Astrocytes,0.0052821324,0.016338553,0.647,0.353,0.353,0.194,False,Calb1
Medium Spiny Neurons,-0.0037967581,0.009495945,0.357,0.643,0.357,0.2266,False,Calb1
GABAergic Neurons,-0.0075638015,0.02026981,0.366,0.634,0.366,0.24983333333333335,False,Calb1
Endothelial Cells,-0.007409113,0.03102208,0.407,0.593,0.407,0.2722857142857143,False,Calb1
Excitatory Neurons,0.00094264356,0.012752158,0.53,0.47,0.47,0.29700000000000004,False,Calb1
Microglia,1.0157315e-05,0.018144382,0.488,0.512,0.488,0.31822222222222224,False,Calb1
Oligodendrocytes,-0.0005298014,0.010288579,0.488,0.512,0.488,0.33520000000000005,False,Calb1
Myocytes,-0.00036827783,0.01874301,0.51,0.49,0.49,0.34927272727272735,False,Calb1
Neural Stem Cells,0.00026316996,0.021471387,0.502,0.498,0.498,0.36166666666666675,False,Calb1
Myocytes,0.026676035,0.018830432,0.919,0.081,0.081,0.081,False,Calb2
Oligodendrocyte Precursor Cells,0.013957669,0.011619601,0.888,0.112,0.112,0.0965,False,Calb2
Astrocytes,0.009392737,0.016421616,0.732,0.268,0.268,0.15366666666666667,False,Calb2
Endocrine Cells,0.014102214,0.027734162,0.703,0.297,0.297,0.1895,False,Calb2
Neurons,0.0066709877,0.012421565,0.703,0.297,0.297,0.211,False,Calb2
Endothelial Cells,-0.007900953,0.030998375,0.401,0.599,0.401,0.24266666666666667,False,Calb2
Excitatory Neurons,0.0029740545,0.012465672,0.59,0.41,0.41,0.26657142857142857,False,Calb2
Neural Stem Cells,-0.0026799918,0.021387905,0.44,0.56,0.44,0.28825,False,Calb2
Medium Spiny Neurons,0.0006587898,0.009588062,0.55,0.45,0.45,0.30622222222222223,False,Calb2
GABAergic Neurons,-0.0029480746,0.019791715,0.458,0.542,0.458,0.3214,False,Calb2
Microglia,-0.0004949727,0.018132078,0.476,0.524,0.476,0.3354545454545455,False,Calb2
Oligodendrocytes,-0.00031573206,0.010218601,0.496,0.504,0.496,0.34883333333333333,False,Calb2
Myocytes,0.048741892,0.019087784,0.995,0.005,0.005,0.005,True,Capn2
Oligodendrocyte Precursor Cells,0.015804652,0.011684094,0.909,0.091,0.091,0.048,True,Capn2
Endocrine Cells,0.023313649,0.028265938,0.801,0.199,0.199,0.09833333333333334,False,Capn2
Neurons,0.0114230225,0.013477094,0.801,0.199,0.199,0.12350000000000001,False,Capn2
Astrocytes,0.010670229,0.01690765,0.744,0.256,0.256,0.15,False,Capn2
Medium Spiny Neurons,0.006031685,0.009529212,0.742,0.258,0.258,0.168,False,Capn2
Oligodendrocytes,0.004443816,0.009932207,0.676,0.324,0.324,0.1902857142857143,False,Capn2
Excitatory Neurons,0.004948497,0.012637078,0.653,0.347,0.347,0.209875,False,Capn2
Microglia,0.0030299223,0.018245103,0.556,0.444,0.444,0.23588888888888893,False,Capn2
Endothelial Cells,-0.0045443163,0.03022772,0.446,0.554,0.446,0.2569,False,Capn2
GABAergic Neurons,0.0021875757,0.020068176,0.552,0.448,0.448,0.2742727272727273,False,Capn2
Neural Stem Cells,-0.0011617742,0.020939346,0.466,0.534,0.466,0.29025000000000006,False,Capn2
Medium Spiny Neurons,0.03234553,0.009516925,0.999,0.001,0.001,0.001,True,Car2
Endocrine Cells,0.08399872,0.028368294,0.996,0.004,0.004,0.0025,True,Car2
Neurons,0.022706475,0.0132703185,0.957,0.043,0.043,0.015999999999999997,True,Car2
Oligodendrocyte Precursor Cells,0.019832943,0.011800365,0.956,0.044,0.044,0.023,True,Car2
Neural Stem Cells,0.03312439,0.020715902,0.938,0.062,0.062,0.0308,True,Car2
Myocytes,-0.026392668,0.018882513,0.08,0.92,0.08,0.039,True,Car2
Oligodendrocytes,-0.015898118,0.012483766,0.088,0.912,0.088,0.04599999999999999,True,Car2
Endothelial Cells,-0.016151946,0.029437648,0.293,0.707,0.293,0.076875,False,Car2
Excitatory Neurons,0.0056968997,0.012869207,0.665,0.335,0.335,0.10555555555555556,False,Car2
Microglia,-0.0053794268,0.018628294,0.378,0.622,0.378,0.13279999999999997,False,Car2
Astrocytes,0.0022179391,0.01740526,0.57,0.43,0.43,0.1598181818181818,False,Car2
GABAergic Neurons,0.00064390973,0.020224089,0.529,0.471,0.471,0.18574999999999997,False,Car2
Myocytes,0.047740582,0.018937672,0.994,0.006,0.006,0.006,True,Car4
Oligodendrocyte Precursor Cells,0.012953083,0.011280006,0.877,0.123,0.123,0.0645,False,Car4
Neurons,0.008773678,0.013788095,0.735,0.265,0.265,0.13133333333333333,False,Car4
Endothelial Cells,-0.016110456,0.0304045,0.298,0.702,0.298,0.173,False,Car4
Excitatory Neurons,0.005180976,0.012558215,0.654,0.346,0.346,0.20759999999999995,False,Car4
Astrocytes,0.0046074223,0.01621509,0.637,0.363,0.363,0.23349999999999996,False,Car4
Medium Spiny Neurons,0.0018050572,0.009585097,0.59,0.41,0.41,0.2587142857142857,False,Car4
Neural Stem Cells,0.0032616516,0.021564825,0.566,0.434,0.434,0.28062499999999996,False,Car4
Microglia,-0.0014510744,0.01807288,0.46,0.54,0.46,0.3005555555555555,False,Car4
Endocrine Cells,0.00083788775,0.027709022,0.524,0.476,0.476,0.31809999999999994,False,Car4
GABAergic Neurons,-0.0016403225,0.019561527,0.491,0.509,0.491,0.3338181818181818,False,Car4
Oligodendrocytes,-0.00042813894,0.010356896,0.491,0.509,0.491,0.3469166666666666,False,Car4
Myocytes,-0.07474872,0.018777685,0.0,1.0,0.0,0.0,True,Cav1
Oligodendrocyte Precursor Cells,0.016216785,0.011622198,0.921,0.079,0.079,0.0395,True,Cav1
Neurons,0.009870003,0.013812626,0.763,0.237,0.237,0.10533333333333333,False,Cav1
Endothelial Cells,-0.015446349,0.03065189,0.305,0.695,0.305,0.15525,False,Cav1
Endocrine Cells,0.013197623,0.027845468,0.692,0.308,0.308,0.18580000000000002,False,Cav1
Excitatory Neurons,0.0048996406,0.012438751,0.653,0.347,0.347,0.21266666666666667,False,Cav1
Astrocytes,0.0041137086,0.01623077,0.628,0.372,0.372,0.23542857142857146,False,Cav1
Neural Stem Cells,0.005108286,0.0215484,0.595,0.405,0.405,0.256625,False,Cav1
Microglia,-0.0017643423,0.018063707,0.453,0.547,0.453,0.27844444444444444,False,Cav1
Medium Spiny Neurons,0.0004994591,0.009548103,0.546,0.454,0.454,0.296,False,Cav1
Oligodendrocytes,-0.00080039306,0.010353651,0.48,0.52,0.48,0.31272727272727274,False,Cav1
GABAergic Neurons,-0.0012241227,0.019479694,0.496,0.504,0.496,0.328,False,Cav1
Myocytes,-0.033220742,0.018756038,0.041,0.959,0.041,0.041,True,Cav2
Oligodendrocyte Precursor Cells,0.008444944,0.011782797,0.76,0.24,0.24,0.14049999999999999,False,Cav2
Neurons,0.009094578,0.013694648,0.749,0.251,0.251,0.17733333333333334,False,Cav2
Endothelial Cells,-0.013596106,0.030448446,0.329,0.671,0.329,0.21525,False,Cav2
Excitatory Neurons,0.0035296853,0.012628939,0.605,0.395,0.395,0.2512,False,Cav2
Medium Spiny Neurons,0.0018457826,0.009533038,0.591,0.409,0.409,0.2775,False,Cav2
Astrocytes,0.0026514048,0.01645346,0.584,0.416,0.416,0.29728571428571426,False,Cav2
Endocrine Cells,0.005052081,0.027834235,0.575,0.425,0.425,0.31325,False,Cav2
Microglia,-0.002564988,0.018128721,0.433,0.567,0.433,0.3265555555555555,False,Cav2
GABAergic Neurons,-0.002238448,0.019693779,0.476,0.524,0.476,0.34149999999999997,False,Cav2
Oligodendrocytes,0.00027345502,0.010264431,0.517,0.483,0.483,0.3543636363636363,False,Cav2
Neural Stem Cells,0.00074492936,0.021344848,0.514,0.486,0.486,0.3653333333333333,False,Cav2
Oligodendrocyte Precursor Cells,0.013573346,0.011295318,0.888,0.112,0.112,0.112,False,Cbs
Neurons,0.009858647,0.013789515,0.763,0.237,0.237,0.1745,False,Cbs
Myocytes,0.011298635,0.018729236,0.715,0.285,0.285,0.2113333333333333,False,Cbs
Excitatory Neurons,0.005004592,0.012469595,0.654,0.346,0.346,0.24499999999999997,False,Cbs
Endothelial Cells,-0.008754556,0.031003695,0.395,0.605,0.395,0.275,False,Cbs
Astrocytes,0.002494644,0.01669317,0.581,0.419,0.419,0.299,False,Cbs
Medium Spiny Neurons,0.0012901024,0.00957387,0.57,0.43,0.43,0.3177142857142857,False,Cbs
Endocrine Cells,0.003841246,0.027716437,0.557,0.443,0.443,0.33337500000000003,False,Cbs
Microglia,-0.0020366556,0.018089455,0.446,0.554,0.446,0.3458888888888889,False,Cbs
Oligodendrocytes,-0.0010054113,0.010322007,0.473,0.527,0.473,0.35860000000000003,False,Cbs
Neural Stem Cells,-0.00062309223,0.021336082,0.484,0.516,0.484,0.37000000000000005,False,Cbs
GABAergic Neurons,-0.0014936898,0.01951165,0.492,0.508,0.492,0.3801666666666667,False,Cbs
Myocytes,0.02822609,0.01881824,0.936,0.064,0.064,0.064,False,Ccnd1
Oligodendrocyte Precursor Cells,0.0132929785,0.011792392,0.873,0.127,0.127,0.0955,False,Ccnd1
Oligodendrocytes,0.010291737,0.010275632,0.848,0.152,0.152,0.11433333333333333,False,Ccnd1
Neurons,0.01080896,0.013762636,0.782,0.218,0.218,0.14024999999999999,False,Ccnd1
Neural Stem Cells,0.010746826,0.0214474,0.693,0.307,0.307,0.17359999999999998,False,Ccnd1
Astrocytes,0.0060867257,0.016260946,0.661,0.339,0.339,0.20116666666666663,False,Ccnd1
Excitatory Neurons,0.005112368,0.01249637,0.654,0.346,0.346,0.22185714285714284,False,Ccnd1
Endothelial Cells,-0.007099532,0.031005139,0.409,0.591,0.409,0.24525,False,Ccnd1
Medium Spiny Neurons,0.0013694947,0.009548538,0.57,0.43,0.43,0.2657777777777778,False,Ccnd1
Endocrine Cells,0.0019803476,0.028125416,0.537,0.463,0.463,0.2855,False,Ccnd1
Microglia,0.00026415463,0.018170297,0.491,0.509,0.491,0.30418181818181816,False,Ccnd1
GABAergic Neurons,-0.0007460951,0.019530714,0.505,0.495,0.495,0.32008333333333333,False,Ccnd1
Endocrine Cells,-0.14150952,0.028211676,0.0,1.0,0.0,0.0,True,Ccnd2
Oligodendrocyte Precursor Cells,0.014032529,0.011398845,0.894,0.106,0.106,0.053,False,Ccnd2
Neural Stem Cells,0.019281905,0.019587295,0.834,0.166,0.166,0.09066666666666667,False,Ccnd2
Neurons,0.0088073695,0.01375488,0.738,0.262,0.262,0.1335,False,Ccnd2
Medium Spiny Neurons,-0.0058663036,0.009496213,0.278,0.722,0.278,0.16240000000000002,False,Ccnd2
Excitatory Neurons,0.0071512195,0.012622692,0.719,0.281,0.281,0.18216666666666667,False,Ccnd2
Astrocytes,0.0035668698,0.016354673,0.61,0.39,0.39,0.21185714285714288,False,Ccnd2
Endothelial Cells,-0.008668593,0.030854892,0.395,0.605,0.395,0.23475000000000001,False,Ccnd2
Microglia,-0.0018521466,0.018100291,0.451,0.549,0.451,0.2587777777777778,False,Ccnd2
Myocytes,-0.001588708,0.018761722,0.479,0.521,0.479,0.28080000000000005,False,Ccnd2
GABAergic Neurons,-0.0019570594,0.019660668,0.481,0.519,0.481,0.299,False,Ccnd2
Oligodendrocytes,-0.0003077804,0.010325063,0.496,0.504,0.496,0.3154166666666667,False,Ccnd2
Oligodendrocytes,-0.037615173,0.009123786,0.0,1.0,0.0,0.0,True,Ccp110
Myocytes,0.02864248,0.018841479,0.939,0.061,0.061,0.0305,True,Ccp110
Oligodendrocyte Precursor Cells,0.013371153,0.011408526,0.883,0.117,0.117,0.05933333333333333,False,Ccp110
Endocrine Cells,0.018792951,0.027998315,0.754,0.246,0.246,0.106,False,Ccp110
Neurons,0.008990702,0.013686115,0.742,0.258,0.258,0.1364,False,Ccp110
Excitatory Neurons,0.004781384,0.012564068,0.649,0.351,0.351,0.17216666666666666,False,Ccp110
Neural Stem Cells,0.006539578,0.021205513,0.629,0.371,0.371,0.20057142857142857,False,Ccp110
Medium Spiny Neurons,0.0024284078,0.009564413,0.614,0.386,0.386,0.22375,False,Ccp110
Astrocytes,0.0032362952,0.016337933,0.6,0.4,0.4,0.24333333333333332,False,Ccp110
Endothelial Cells,-0.008002877,0.03095429,0.401,0.599,0.401,0.2591,False,Ccp110
Microglia,-0.0013022587,0.01811589,0.462,0.538,0.462,0.2775454545454546,False,Ccp110
GABAergic Neurons,-0.0010620047,0.019685272,0.5,0.5,0.5,0.29608333333333337,False,Ccp110
Endocrine Cells,0.050011143,0.028245358,0.958,0.042,0.042,0.042,True,Cd9
Microglia,0.030597253,0.018823335,0.947,0.053,0.053,0.0475,True,Cd9
Oligodendrocyte Precursor Cells,0.017892838,0.011792437,0.939,0.061,0.061,0.052,False,Cd9
Myocytes,0.027429435,0.018834347,0.93,0.07,0.07,0.0565,False,Cd9
Neurons,0.010131752,0.013822587,0.768,0.232,0.232,0.0916,False,Cd9
Excitatory Neurons,0.0049281768,0.012447005,0.653,0.347,0.347,0.13416666666666666,False,Cd9
Astrocytes,0.0051747225,0.016433902,0.645,0.355,0.355,0.1657142857142857,False,Cd9
Oligodendrocytes,-0.0036848718,0.010063991,0.383,0.617,0.383,0.192875,False,Cd9
Medium Spiny Neurons,0.0021321648,0.009583078,0.6,0.4,0.4,0.2158888888888889,False,Cd9
Endothelial Cells,-0.0063178977,0.030872062,0.421,0.579,0.421,0.2364,False,Cd9
Neural Stem Cells,-0.0027948353,0.021158218,0.439,0.561,0.439,0.25481818181818183,False,Cd9
GABAergic Neurons,-0.0009905851,0.019486723,0.501,0.499,0.499,0.27516666666666667,False,Cd9
Oligodendrocyte Precursor Cells,0.014256793,0.011421533,0.897,0.103,0.103,0.103,False,Cdc42ep4
Neurons,0.009833527,0.013789224,0.763,0.237,0.237,0.16999999999999998,False,Cdc42ep4
Endocrine Cells,0.010657788,0.0278455,0.653,0.347,0.347,0.22899999999999998,False,Cdc42ep4
Excitatory Neurons,0.0046408973,0.012462532,0.642,0.358,0.358,0.26125,False,Cdc42ep4
Myocytes,0.0030222859,0.018755276,0.569,0.431,0.431,0.2952,False,Cdc42ep4
Neural Stem Cells,0.002748988,0.021340854,0.553,0.447,0.447,0.3205,False,Cdc42ep4
Microglia,-0.0019738292,0.01809802,0.448,0.552,0.448,0.3387142857142857,False,Cdc42ep4
Medium Spiny Neurons,0.00065154315,0.0095727425,0.55,0.45,0.45,0.352625,False,Cdc42ep4
Endothelial Cells,-0.0037937164,0.030735571,0.457,0.543,0.457,0.3642222222222222,False,Cdc42ep4
Astrocytes,0.0005563074,0.016553676,0.538,0.462,0.462,0.374,False,Cdc42ep4
Oligodendrocytes,-0.0010865142,0.010330322,0.473,0.527,0.473,0.383,False,Cdc42ep4
GABAergic Neurons,-0.0015963357,0.01951571,0.491,0.509,0.491,0.39199999999999996,False,Cdc42ep4
Oligodendrocyte Precursor Cells,0.0132178115,0.011263624,0.883,0.117,0.117,0.117,False,Cdh5
Neurons,0.009591818,0.013813417,0.757,0.243,0.243,0.18,False,Cdh5
Myocytes,-0.008841194,0.018915128,0.319,0.681,0.319,0.22633333333333336,False,Cdh5
Excitatory Neurons,0.0049963472,0.012434459,0.654,0.346,0.346,0.25625,False,Cdh5
Endothelial Cells,-0.012094947,0.03030894,0.35,0.65,0.35,0.275,False,Cdh5
Astrocytes,0.0046105892,0.016250616,0.637,0.363,0.363,0.2896666666666667,False,Cdh5
Medium Spiny Neurons,0.0018019452,0.009547822,0.59,0.41,0.41,0.3068571428571429,False,Cdh5
Neural Stem Cells,0.0032647178,0.02156374,0.566,0.434,0.434,0.32275000000000004,False,Cdh5
Endocrine Cells,-0.0031486568,0.027864149,0.461,0.539,0.461,0.33811111111111114,False,Cdh5
Microglia,-0.0014189414,0.01807016,0.461,0.539,0.461,0.3504,False,Cdh5
Oligodendrocytes,-0.00060282915,0.010360748,0.487,0.513,0.487,0.3628181818181818,False,Cdh5
GABAergic Neurons,-0.0009346699,0.019479007,0.502,0.498,0.498,0.3740833333333333,False,Cdh5
Oligodendrocyte Precursor Cells,0.014603752,0.011381412,0.901,0.099,0.099,0.099,False,Cemip2
Neural Stem Cells,0.024524124,0.020814324,0.874,0.126,0.126,0.1125,False,Cemip2
Neurons,0.009702605,0.013693266,0.761,0.239,0.239,0.15466666666666665,False,Cemip2
Myocytes,0.0076453425,0.018842043,0.653,0.347,0.347,0.20274999999999999,False,Cemip2
Astrocytes,0.004292991,0.016313115,0.632,0.368,0.368,0.23579999999999995,False,Cemip2
Excitatory Neurons,0.0041258014,0.012533959,0.626,0.374,0.374,0.2588333333333333,False,Cemip2
Endocrine Cells,0.0068257116,0.028102454,0.604,0.396,0.396,0.2784285714285714,False,Cemip2
Medium Spiny Neurons,0.0016533234,0.009533546,0.586,0.414,0.414,0.295375,False,Cemip2
Endothelial Cells,-0.0065338872,0.030780656,0.417,0.583,0.417,0.3088888888888889,False,Cemip2
Oligodendrocytes,0.00071577425,0.010322916,0.532,0.468,0.468,0.3248,False,Cemip2
Microglia,-0.0007710714,0.018092586,0.47,0.53,0.47,0.338,False,Cemip2
GABAergic Neurons,-0.000874052,0.019634278,0.503,0.497,0.497,0.35125,False,Cemip2
Oligodendrocyte Precursor Cells,0.01413442,0.011387236,0.896,0.104,0.104,0.104,False,Cers2
Oligodendrocytes,-0.009939913,0.0097417645,0.141,0.859,0.141,0.1225,False,Cers2
Myocytes,0.014612844,0.01878813,0.769,0.231,0.231,0.15866666666666665,False,Cers2
Neurons,0.009471783,0.013797499,0.757,0.243,0.243,0.17975,False,Cers2
Neural Stem Cells,0.009010528,0.021355113,0.661,0.339,0.339,0.2116,False,Cers2
Excitatory Neurons,0.005050937,0.012459588,0.654,0.346,0.346,0.23399999999999999,False,Cers2
Astrocytes,0.0046505225,0.0163208,0.637,0.363,0.363,0.2524285714285714,False,Cers2
Medium Spiny Neurons,0.0026165622,0.009586864,0.624,0.376,0.376,0.267875,False,Cers2
Endothelial Cells,-0.00805235,0.03090007,0.4,0.6,0.4,0.2825555555555555,False,Cers2
Endocrine Cells,-0.0069168075,0.027912632,0.413,0.587,0.413,0.2956,False,Cers2
Microglia,-9.557288e-05,0.018163452,0.487,0.513,0.487,0.31299999999999994,False,Cers2
GABAergic Neurons,-0.00055153604,0.019515757,0.505,0.495,0.495,0.32816666666666666,False,Cers2
Endocrine Cells,0.12736975,0.028747343,1.0,0.0,0.0,0.0,True,Cldn10
Neural Stem Cells,0.04327956,0.020886086,0.989,0.011,0.011,0.0055,True,Cldn10
Myocytes,0.035269786,0.018800227,0.967,0.033,0.033,0.014666666666666666,True,Cldn10
Oligodendrocyte Precursor Cells,0.016968686,0.011468463,0.931,0.069,0.069,0.02825,True,Cldn10
Neurons,0.012355719,0.013709447,0.811,0.189,0.189,0.060399999999999995,False,Cldn10
Astrocytes,0.013259009,0.017159037,0.788,0.212,0.212,0.08566666666666667,False,Cldn10
Medium Spiny Neurons,0.0046310504,0.009523342,0.703,0.297,0.297,0.11585714285714285,False,Cldn10
Excitatory Neurons,0.0066101635,0.012503383,0.702,0.298,0.298,0.138625,False,Cldn10
Oligodendrocytes,0.0016979914,0.010259613,0.574,0.426,0.426,0.17055555555555554,False,Cldn10
Endothelial Cells,-0.00524205,0.030889284,0.435,0.565,0.435,0.197,False,Cldn10
GABAergic Neurons,0.0005537667,0.019582015,0.528,0.472,0.472,0.222,False,Cldn10
Microglia,0.0008865532,0.018170409,0.498,0.502,0.498,0.24500000000000002,False,Cldn10
Myocytes,0.06522454,0.019087166,1.0,0.0,0.0,0.0,True,Cldn11
Oligodendrocytes,-0.1674905,0.012170118,0.0,1.0,0.0,0.0,True,Cldn11
Oligodendrocyte Precursor Cells,0.010849298,0.011439607,0.828,0.172,0.172,0.057333333333333326,False,Cldn11
Medium Spiny Neurons,0.0070769032,0.009591017,0.767,0.233,0.233,0.10125,False,Cldn11
Endocrine Cells,-0.013553792,0.027735312,0.325,0.675,0.325,0.146,False,Cldn11
Neurons,0.0058267945,0.013748224,0.669,0.331,0.331,0.17683333333333331,False,Cldn11
Microglia,-0.00566435,0.018170366,0.373,0.627,0.373,0.20485714285714285,False,Cldn11
Endothelial Cells,-0.01018045,0.030729204,0.38,0.62,0.38,0.22675,False,Cldn11
Excitatory Neurons,0.0029380894,0.012471006,0.589,0.411,0.411,0.24722222222222223,False,Cldn11
Neural Stem Cells,0.00042989006,0.021270683,0.509,0.491,0.491,0.2716,False,Cldn11
Astrocytes,-0.0009816395,0.016447648,0.492,0.508,0.492,0.29163636363636364,False,Cldn11
GABAergic Neurons,-0.001257574,0.01957754,0.496,0.504,0.496,0.3086666666666667,False,Cldn11
Oligodendrocyte Precursor Cells,0.0135026965,0.011465863,0.884,0.116,0.116,0.116,False,Clic4
Neurons,0.0109811155,0.013709307,0.785,0.215,0.215,0.1655,False,Clic4
Neural Stem Cells,0.016077204,0.021146381,0.765,0.235,0.235,0.18866666666666668,False,Clic4
Oligodendrocytes,0.005673365,0.009448669,0.72,0.28,0.28,0.21150000000000002,False,Clic4
Endocrine Cells,0.012310608,0.027932609,0.681,0.319,0.319,0.233,False,Clic4
Astrocytes,0.0064327028,0.01651871,0.668,0.332,0.332,0.24950000000000003,False,Clic4
Excitatory Neurons,0.004077904,0.01246322,0.625,0.375,0.375,0.26742857142857146,False,Clic4
Myocytes,0.005133289,0.01883539,0.602,0.398,0.398,0.28375,False,Clic4
Endothelial Cells,0.0046166135,0.030165128,0.563,0.437,0.437,0.30077777777777776,False,Clic4
GABAergic Neurons,-0.0020152298,0.019576386,0.479,0.521,0.479,0.3186,False,Clic4
Medium Spiny Neurons,-0.0005686881,0.00952882,0.49,0.51,0.49,0.3341818181818182,False,Clic4
Microglia,0.0002096944,0.018179078,0.49,0.51,0.49,0.3471666666666667,False,Clic4
Endocrine Cells,0.036246642,0.027965289,0.904,0.096,0.096,0.096,False,Clic6
Oligodendrocyte Precursor Cells,0.012055306,0.011234172,0.854,0.146,0.146,0.121,False,Clic6
Neurons,0.0069474163,0.013813441,0.696,0.304,0.304,0.18200000000000002,False,Clic6
Myocytes,0.009593765,0.018720461,0.685,0.315,0.315,0.21525,False,Clic6
Endothelial Cells,-0.010951535,0.03061197,0.362,0.638,0.362,0.24459999999999998,False,Clic6
Excitatory Neurons,0.0042381915,0.012438465,0.63,0.37,0.37,0.2655,False,Clic6
Neural Stem Cells,0.00407116,0.021437725,0.581,0.419,0.419,0.2874285714285714,False,Clic6
Oligodendrocytes,-0.0025815072,0.010359965,0.425,0.575,0.425,0.304625,False,Clic6
Medium Spiny Neurons,0.001364568,0.009548843,0.57,0.43,0.43,0.31855555555555554,False,Clic6
Microglia,-0.0020425096,0.018051537,0.445,0.555,0.445,0.3312,False,Clic6
GABAergic Neurons,-0.0023444674,0.019516084,0.474,0.526,0.474,0.34418181818181814,False,Clic6
Astrocytes,-7.5996315e-05,0.016289353,0.517,0.483,0.483,0.35574999999999996,False,Clic6
Oligodendrocytes,-0.15109757,0.013321165,0.0,1.0,0.0,0.0,True,Cnp
Oligodendrocyte Precursor Cells,0.00891109,0.011866946,0.767,0.233,0.233,0.1165,False,Cnp
Neural Stem Cells,0.012710564,0.020497385,0.73,0.27,0.27,0.16766666666666666,False,Cnp
Medium Spiny Neurons,-0.0060740444,0.00948849,0.272,0.728,0.272,0.19375,False,Cnp
Endothelial Cells,-0.016440298,0.030587923,0.293,0.707,0.293,0.2136,False,Cnp
Microglia,-0.008409311,0.018536892,0.333,0.667,0.333,0.2335,False,Cnp
Neurons,0.0051944405,0.01342035,0.661,0.339,0.339,0.24857142857142858,False,Cnp
Endocrine Cells,-0.008873009,0.027816024,0.386,0.614,0.386,0.26575,False,Cnp
Excitatory Neurons,0.0017885638,0.0125838015,0.56,0.44,0.44,0.2851111111111111,False,Cnp
Astrocytes,0.0006161325,0.017163469,0.538,0.462,0.462,0.3028,False,Cnp
Myocytes,-0.0018653759,0.01887215,0.472,0.528,0.472,0.3181818181818182,False,Cnp
GABAergic Neurons,-0.0016143862,0.019801745,0.491,0.509,0.491,0.33258333333333334,False,Cnp
Oligodendrocytes,-0.031391893,0.008957154,0.0,1.0,0.0,0.0,True,Cntn2
Myocytes,0.03394468,0.01883952,0.965,0.035,0.035,0.0175,True,Cntn2
Oligodendrocyte Precursor Cells,0.013862582,0.01131072,0.894,0.106,0.106,0.04700000000000001,True,Cntn2
Neurons,0.009418855,0.013686532,0.757,0.243,0.243,0.096,False,Cntn2
Excitatory Neurons,0.005131857,0.012543227,0.654,0.346,0.346,0.146,False,Cntn2
Medium Spiny Neurons,0.0034137745,0.009575363,0.648,0.352,0.352,0.18033333333333332,False,Cntn2
Astrocytes,0.0043697185,0.016231453,0.632,0.368,0.368,0.2071428571428571,False,Cntn2
Endothelial Cells,-0.008293646,0.031055849,0.399,0.601,0.399,0.23112499999999997,False,Cntn2
GABAergic Neurons,0.00078861054,0.019641038,0.53,0.47,0.47,0.25766666666666665,False,Cntn2
Endocrine Cells,-0.0020393566,0.027690502,0.477,0.523,0.477,0.27959999999999996,False,Cntn2
Neural Stem Cells,0.0012865432,0.02147233,0.523,0.477,0.477,0.2975454545454545,False,Cntn2
Microglia,-0.00013206691,0.018095776,0.486,0.514,0.486,0.31325,False,Cntn2
Myocytes,-0.066675514,0.019077957,0.0,1.0,0.0,0.0,True,Col1a2
Oligodendrocyte Precursor Cells,0.013391061,0.011230097,0.886,0.114,0.114,0.057,False,Col1a2
Endocrine Cells,0.029891113,0.028147848,0.851,0.149,0.149,0.08766666666666667,False,Col1a2
Neurons,0.009368429,0.013815581,0.755,0.245,0.245,0.127,False,Col1a2
Astrocytes,0.0056312764,0.016393209,0.649,0.351,0.351,0.1718,False,Col1a2
Excitatory Neurons,0.0045602145,0.012432683,0.64,0.36,0.36,0.20316666666666663,False,Col1a2
Endothelial Cells,-0.009572454,0.030649194,0.386,0.614,0.386,0.2292857142857143,False,Col1a2
Medium Spiny Neurons,0.0011554089,0.009555969,0.564,0.436,0.436,0.255125,False,Col1a2
Oligodendrocytes,-0.0013151101,0.010364377,0.466,0.534,0.466,0.27855555555555556,False,Col1a2
Microglia,-0.00089908903,0.01806312,0.468,0.532,0.468,0.2975,False,Col1a2
Neural Stem Cells,-0.0011277,0.021533657,0.468,0.532,0.468,0.313,False,Col1a2
GABAergic Neurons,-0.0013301357,0.019472612,0.496,0.504,0.496,0.32825,False,Col1a2
Oligodendrocyte Precursor Cells,0.014370233,0.011405827,0.899,0.101,0.101,0.101,False,Cpne4
Excitatory Neurons,0.015345977,0.012914424,0.874,0.126,0.126,0.1135,False,Cpne4
Myocytes,0.01253109,0.018732682,0.73,0.27,0.27,0.16566666666666666,False,Cpne4
Neurons,0.0060826126,0.013370493,0.68,0.32,0.32,0.20425,False,Cpne4
Astrocytes,0.0057330807,0.016301448,0.652,0.348,0.348,0.233,False,Cpne4
Neural Stem Cells,0.007906342,0.021502197,0.644,0.356,0.356,0.2535,False,Cpne4
Medium Spiny Neurons,-0.002538226,0.009572542,0.402,0.598,0.402,0.27471428571428574,False,Cpne4
Endothelial Cells,-0.007258096,0.031012269,0.409,0.591,0.409,0.2915,False,Cpne4
Endocrine Cells,-0.006034332,0.027703905,0.419,0.581,0.419,0.30566666666666664,False,Cpne4
GABAergic Neurons,0.0010453643,0.01996122,0.538,0.462,0.462,0.32130000000000003,False,Cpne4
Microglia,-0.0004442135,0.018146612,0.477,0.523,0.477,0.33545454545454545,False,Cpne4
Oligodendrocytes,-0.0006034948,0.010285287,0.487,0.513,0.487,0.3480833333333333,False,Cpne4
Oligodendrocytes,-0.020978421,0.009633755,0.016,0.984,0.016,0.016,True,Cpox
Oligodendrocyte Precursor Cells,0.015499289,0.011445761,0.909,0.091,0.091,0.0535,False,Cpox
Neurons,0.008770904,0.01366946,0.738,0.262,0.262,0.123,False,Cpox
Myocytes,-0.011262679,0.018760737,0.28,0.72,0.28,0.16225,False,Cpox
Excitatory Neurons,0.0048473175,0.012587115,0.65,0.35,0.35,0.1998,False,Cpox
Endocrine Cells,-0.01162647,0.027897678,0.352,0.648,0.352,0.22516666666666665,False,Cpox
Medium Spiny Neurons,0.0031306727,0.009529568,0.641,0.359,0.359,0.24428571428571427,False,Cpox
Astrocytes,0.003928717,0.016294248,0.622,0.378,0.378,0.261,False,Cpox
Endothelial Cells,-0.008114171,0.031013224,0.4,0.6,0.4,0.27644444444444444,False,Cpox
Microglia,-0.0020278355,0.018131422,0.446,0.554,0.446,0.2934,False,Cpox
Neural Stem Cells,0.0027518645,0.021424653,0.553,0.447,0.447,0.3073636363636364,False,Cpox
GABAergic Neurons,-0.0016249194,0.01965047,0.491,0.509,0.491,0.3226666666666667,False,Cpox
Oligodendrocyte Precursor Cells,0.0142005,0.011370124,0.897,0.103,0.103,0.103,False,Cpt1a
Neurons,0.009322513,0.013823042,0.753,0.247,0.247,0.175,False,Cpt1a
Excitatory Neurons,0.004705052,0.012451291,0.647,0.353,0.353,0.2343333333333333,False,Cpt1a
Neural Stem Cells,0.005590656,0.021443503,0.61,0.39,0.39,0.27325,False,Cpt1a
Endocrine Cells,0.005606557,0.027990567,0.587,0.413,0.413,0.3012,False,Cpt1a
Astrocytes,0.0024516957,0.016399007,0.581,0.419,0.419,0.32083333333333336,False,Cpt1a
Endothelial Cells,-0.0064736935,0.030848378,0.419,0.581,0.419,0.33485714285714285,False,Cpt1a
Medium Spiny Neurons,0.0013133385,0.009582413,0.57,0.43,0.43,0.34675,False,Cpt1a
Myocytes,0.0027646339,0.018721007,0.562,0.438,0.438,0.3568888888888889,False,Cpt1a
Oligodendrocytes,-0.0011617357,0.010302138,0.469,0.531,0.469,0.3681,False,Cpt1a
Microglia,-1.808087e-05,0.018106865,0.488,0.512,0.488,0.37900000000000006,False,Cpt1a
GABAergic Neurons,-0.0012876277,0.019494861,0.496,0.504,0.496,0.3887500000000001,False,Cpt1a
Myocytes,-0.16030549,0.01936768,0.0,1.0,0.0,0.0,True,Cryab
Oligodendrocyte Precursor Cells,0.013915161,0.011598988,0.888,0.112,0.112,0.056,False,Cryab
Neural Stem Cells,0.019197306,0.021227343,0.81,0.19,0.19,0.10066666666666667,False,Cryab
Neurons,0.011202967,0.013719286,0.793,0.207,0.207,0.12725,False,Cryab
Medium Spiny Neurons,0.0056774053,0.009543978,0.731,0.269,0.269,0.15560000000000002,False,Cryab
Astrocytes,0.006320708,0.016496953,0.666,0.334,0.334,0.18533333333333335,False,Cryab
Endocrine Cells,0.011386089,0.027865516,0.663,0.337,0.337,0.20700000000000002,False,Cryab
Excitatory Neurons,0.004928894,0.012525592,0.653,0.347,0.347,0.2245,False,Cryab
Oligodendrocytes,0.0024296083,0.0098553635,0.602,0.398,0.398,0.24377777777777776,False,Cryab
Endothelial Cells,-0.006252121,0.030781215,0.423,0.577,0.423,0.2617,False,Cryab
Microglia,-0.00058892637,0.018179938,0.473,0.527,0.473,0.2809090909090909,False,Cryab
GABAergic Neurons,0.00014474701,0.019610748,0.52,0.48,0.48,0.2975,False,Cryab
Myocytes,0.029003067,0.01877594,0.941,0.059,0.059,0.059,False,Crym
Oligodendrocyte Precursor Cells,0.012007212,0.011307896,0.852,0.148,0.148,0.1035,False,Crym
Neural Stem Cells,-0.020205291,0.021383883,0.171,0.829,0.171,0.126,False,Crym
Neurons,0.008528049,0.013797064,0.73,0.27,0.27,0.162,False,Crym
Medium Spiny Neurons,0.005365726,0.009489815,0.722,0.278,0.278,0.1852,False,Crym
Endocrine Cells,0.011512191,0.027803227,0.667,0.333,0.333,0.20983333333333334,False,Crym
Excitatory Neurons,0.0051312237,0.012662955,0.654,0.346,0.346,0.2292857142857143,False,Crym
Endothelial Cells,-0.009438546,0.031052085,0.39,0.61,0.39,0.249375,False,Crym
Astrocytes,0.0014293678,0.016232613,0.556,0.444,0.444,0.271,False,Crym
Microglia,-0.0017651216,0.01809188,0.453,0.547,0.453,0.2892,False,Crym
GABAergic Neurons,-0.0024063215,0.019683944,0.473,0.527,0.473,0.3059090909090909,False,Crym
Oligodendrocytes,-0.0010096534,0.010341469,0.473,0.527,0.473,0.3198333333333333,False,Crym
Oligodendrocyte Precursor Cells,0.013600703,0.011316561,0.888,0.112,0.112,0.112,False,Csf1r
Microglia,-0.025061341,0.023055589,0.14,0.86,0.14,0.126,False,Csf1r
Neurons,0.010727788,0.013799446,0.78,0.22,0.22,0.15733333333333333,False,Csf1r
Myocytes,0.012821173,0.018754518,0.735,0.265,0.265,0.18425,False,Csf1r
Astrocytes,0.0059717405,0.016318401,0.659,0.341,0.341,0.2156,False,Csf1r
Excitatory Neurons,0.0047724415,0.012473108,0.65,0.35,0.35,0.238,False,Csf1r
Endocrine Cells,0.009469023,0.027793072,0.642,0.358,0.358,0.25514285714285717,False,Csf1r
Medium Spiny Neurons,0.0029322274,0.00956779,0.635,0.365,0.365,0.268875,False,Csf1r
Endothelial Cells,-0.00861605,0.030891199,0.395,0.605,0.395,0.28288888888888886,False,Csf1r
Neural Stem Cells,0.0041885106,0.021478707,0.583,0.417,0.417,0.29629999999999995,False,Csf1r
Oligodendrocytes,-0.00097286835,0.010290323,0.474,0.526,0.474,0.3124545454545454,False,Csf1r
GABAergic Neurons,-0.0008224275,0.019522922,0.503,0.497,0.497,0.32783333333333325,False,Csf1r
Myocytes,0.03532358,0.018845906,0.967,0.033,0.033,0.033,True,Cspg5
Neurons,0.0126793375,0.013379048,0.823,0.177,0.177,0.105,False,Cspg5
Endocrine Cells,0.018147197,0.02782354,0.748,0.252,0.252,0.154,False,Cspg5
Medium Spiny Neurons,0.0046001715,0.009500469,0.703,0.297,0.297,0.18974999999999997,False,Cspg5
Oligodendrocyte Precursor Cells,0.0055079237,0.01211735,0.681,0.319,0.319,0.21559999999999996,False,Cspg5
Excitatory Neurons,0.005047888,0.012880614,0.653,0.347,0.347,0.23749999999999996,False,Cspg5
Neural Stem Cells,-0.00622449,0.021089986,0.374,0.626,0.374,0.257,False,Cspg5
Astrocytes,-0.0049570994,0.01723103,0.398,0.602,0.398,0.274625,False,Cspg5
Endothelial Cells,-0.008386621,0.030636331,0.398,0.602,0.398,0.28833333333333333,False,Cspg5
Microglia,-0.0039133406,0.018277613,0.41,0.59,0.41,0.30050000000000004,False,Cspg5
Oligodendrocytes,0.00020582996,0.010114592,0.516,0.484,0.484,0.31718181818181823,False,Cspg5
GABAergic Neurons,-0.0012835511,0.020080835,0.496,0.504,0.496,0.33208333333333334,False,Cspg5
Myocytes,-0.02942812,0.018809441,0.057,0.943,0.057,0.057,False,Ctdsp1
Oligodendrocyte Precursor Cells,0.014042773,0.011523047,0.892,0.108,0.108,0.0825,False,Ctdsp1
Neurons,0.010185601,0.013768362,0.77,0.23,0.23,0.13166666666666668,False,Ctdsp1
Endocrine Cells,0.01407757,0.02815455,0.701,0.299,0.299,0.1735,False,Ctdsp1
Excitatory Neurons,0.004766515,0.012476225,0.65,0.35,0.35,0.2088,False,Ctdsp1
Endothelial Cells,-0.007365461,0.030575046,0.407,0.593,0.407,0.24183333333333334,False,Ctdsp1
Microglia,-0.0035081084,0.018197568,0.42,0.58,0.42,0.2672857142857143,False,Ctdsp1
Astrocytes,0.002359577,0.01647776,0.575,0.425,0.425,0.287,False,Ctdsp1
Medium Spiny Neurons,0.0011081765,0.009568666,0.562,0.438,0.438,0.30377777777777776,False,Ctdsp1
Neural Stem Cells,-0.0026539993,0.021165375,0.44,0.56,0.44,0.3174,False,Ctdsp1
Oligodendrocytes,0.0003905493,0.010105339,0.522,0.478,0.478,0.332,False,Ctdsp1
GABAergic Neurons,-0.0011066241,0.019539036,0.499,0.501,0.499,0.34591666666666665,False,Ctdsp1
Oligodendrocyte Precursor Cells,0.014704809,0.011520345,0.9,0.1,0.1,0.1,False,Ctss
Myocytes,0.018212792,0.018840857,0.827,0.173,0.173,0.1365,False,Ctss
Neurons,0.013170814,0.013697327,0.826,0.174,0.174,0.149,False,Ctss
Endocrine Cells,0.012939989,0.02795377,0.688,0.312,0.312,0.18975,False,Ctss
Astrocytes,0.00706357,0.016505923,0.681,0.319,0.319,0.2156,False,Ctss
Endothelial Cells,-0.013261058,0.030695187,0.335,0.665,0.335,0.23550000000000001,False,Ctss
Microglia,0.011936236,0.028326798,0.663,0.337,0.337,0.25,False,Ctss
Excitatory Neurons,0.0034912168,0.0125284195,0.605,0.395,0.395,0.268125,False,Ctss
Medium Spiny Neurons,0.002021361,0.009527149,0.598,0.402,0.402,0.28300000000000003,False,Ctss
Neural Stem Cells,0.004818997,0.021238035,0.594,0.406,0.406,0.2953,False,Ctss
Oligodendrocytes,-0.0010603056,0.010048619,0.473,0.527,0.473,0.3114545454545455,False,Ctss
GABAergic Neurons,-0.0012966282,0.019615985,0.496,0.504,0.496,0.32683333333333336,False,Ctss
Microglia,-0.057922505,0.021470679,0.002,0.998,0.002,0.002,True,Cx3cr1
Oligodendrocyte Precursor Cells,0.01381302,0.0112645235,0.894,0.106,0.106,0.054,False,Cx3cr1
Neurons,0.009679979,0.013825479,0.758,0.242,0.242,0.11666666666666665,False,Cx3cr1
Excitatory Neurons,0.00463669,0.012456313,0.642,0.358,0.358,0.177,False,Cx3cr1
Astrocytes,0.0045161424,0.016238637,0.635,0.365,0.365,0.21459999999999999,False,Cx3cr1
Endothelial Cells,-0.009217137,0.031029116,0.392,0.608,0.392,0.24416666666666664,False,Cx3cr1
Myocytes,0.0052595036,0.01871018,0.604,0.396,0.396,0.26585714285714285,False,Cx3cr1
Neural Stem Cells,0.0049987393,0.02152782,0.595,0.405,0.405,0.28325,False,Cx3cr1
Medium Spiny Neurons,0.0012651739,0.0095762275,0.569,0.431,0.431,0.2996666666666667,False,Cx3cr1
Endocrine Cells,0.003123707,0.027742326,0.545,0.455,0.455,0.31520000000000004,False,Cx3cr1
Oligodendrocytes,-0.0009928489,0.010334307,0.474,0.526,0.474,0.32963636363636367,False,Cx3cr1
GABAergic Neurons,-0.0011037983,0.019494273,0.499,0.501,0.499,0.34375,False,Cx3cr1
Oligodendrocyte Precursor Cells,0.01298061,0.011307381,0.877,0.123,0.123,0.123,False,Cxcl12
Endothelial Cells,-0.031706665,0.030016795,0.152,0.848,0.152,0.1375,False,Cxcl12
Neurons,0.009370711,0.013794728,0.755,0.245,0.245,0.17333333333333334,False,Cxcl12
Myocytes,-0.0085894205,0.018848985,0.325,0.675,0.325,0.21125,False,Cxcl12
Excitatory Neurons,0.0048440685,0.012469206,0.651,0.349,0.349,0.23879999999999998,False,Cxcl12
Astrocytes,0.003986939,0.016265977,0.625,0.375,0.375,0.2615,False,Cxcl12
Endocrine Cells,0.006741595,0.027880885,0.604,0.396,0.396,0.2807142857142857,False,Cxcl12
Microglia,-0.0013681662,0.018082375,0.462,0.538,0.462,0.303375,False,Cxcl12
Oligodendrocytes,-0.0011325497,0.0103433095,0.469,0.531,0.469,0.3217777777777778,False,Cxcl12
Medium Spiny Neurons,0.00016573443,0.009532055,0.527,0.473,0.473,0.3369,False,Cxcl12
Neural Stem Cells,0.0008238124,0.021505013,0.514,0.486,0.486,0.3504545454545454,False,Cxcl12
GABAergic Neurons,-0.0011294052,0.019500967,0.499,0.501,0.499,0.3628333333333333,False,Cxcl12
Endocrine Cells,0.099328406,0.028718699,1.0,0.0,0.0,0.0,True,Cxcl14
Oligodendrocyte Precursor Cells,0.014180237,0.011508498,0.894,0.106,0.106,0.053,False,Cxcl14
Neurons,0.010423844,0.013737548,0.773,0.227,0.227,0.111,False,Cxcl14
Excitatory Neurons,0.0044745654,0.012544683,0.639,0.361,0.361,0.1735,False,Cxcl14
Endothelial Cells,-0.009951629,0.030871795,0.383,0.617,0.383,0.21539999999999998,False,Cxcl14
Neural Stem Cells,0.00581388,0.021494327,0.611,0.389,0.389,0.24433333333333332,False,Cxcl14
Astrocytes,0.0032053518,0.016719405,0.6,0.4,0.4,0.26657142857142857,False,Cxcl14
GABAergic Neurons,-0.0038022003,0.019908795,0.439,0.561,0.439,0.288125,False,Cxcl14
Microglia,-0.0019145507,0.01814915,0.45,0.55,0.45,0.30611111111111117,False,Cxcl14
Oligodendrocytes,-0.0013339061,0.010290835,0.465,0.535,0.465,0.322,False,Cxcl14
Myocytes,-0.0021846753,0.018731747,0.468,0.532,0.468,0.3352727272727273,False,Cxcl14
Medium Spiny Neurons,-0.00051987416,0.009544968,0.493,0.507,0.493,0.34841666666666665,False,Cxcl14
Oligodendrocyte Precursor Cells,0.014094085,0.011294994,0.896,0.104,0.104,0.104,False,Daam2
Neurons,0.010567824,0.013786705,0.776,0.224,0.224,0.164,False,Daam2
Oligodendrocytes,-0.00594793,0.010068047,0.284,0.716,0.284,0.204,False,Daam2
Excitatory Neurons,0.00505974,0.012452954,0.654,0.346,0.346,0.2395,False,Daam2
Astrocytes,0.0053477325,0.01654691,0.647,0.353,0.353,0.2622,False,Daam2
Medium Spiny Neurons,0.002506802,0.009545477,0.619,0.381,0.381,0.282,False,Daam2
Endothelial Cells,-0.007976082,0.03099487,0.401,0.599,0.401,0.299,False,Daam2
Myocytes,0.003931564,0.018720664,0.586,0.414,0.414,0.313375,False,Daam2
Neural Stem Cells,0.004255462,0.021499848,0.585,0.415,0.415,0.32466666666666666,False,Daam2
Endocrine Cells,0.004232515,0.027788693,0.562,0.438,0.438,0.336,False,Daam2
Microglia,-0.0011665417,0.018094545,0.465,0.535,0.465,0.3477272727272727,False,Daam2
GABAergic Neurons,-0.0011684608,0.019509505,0.498,0.502,0.498,0.36025,False,Daam2
Oligodendrocyte Precursor Cells,0.014926967,0.0115430765,0.902,0.098,0.098,0.098,False,Dbx2
Neurons,0.010562907,0.013752469,0.777,0.223,0.223,0.1605,False,Dbx2
Neural Stem Cells,0.010189185,0.021387506,0.681,0.319,0.319,0.21333333333333335,False,Dbx2
Excitatory Neurons,0.0049909684,0.012482423,0.654,0.346,0.346,0.2465,False,Dbx2
Myocytes,0.0064426046,0.018718494,0.632,0.368,0.368,0.27080000000000004,False,Dbx2
Endocrine Cells,0.007251923,0.027790472,0.611,0.389,0.389,0.29050000000000004,False,Dbx2
Endothelial Cells,-0.0076356465,0.030963397,0.405,0.595,0.405,0.3068571428571429,False,Dbx2
Astrocytes,0.0026230954,0.01674652,0.582,0.418,0.418,0.32075000000000004,False,Dbx2
Medium Spiny Neurons,0.001366685,0.009531589,0.57,0.43,0.43,0.33288888888888896,False,Dbx2
Microglia,-0.0017461253,0.018117907,0.453,0.547,0.453,0.34490000000000004,False,Dbx2
Oligodendrocytes,-0.0007965077,0.010301301,0.48,0.52,0.48,0.3571818181818182,False,Dbx2
GABAergic Neurons,-0.0012053339,0.019539788,0.497,0.503,0.497,0.36883333333333335,False,Dbx2
Myocytes,0.028787693,0.018823057,0.94,0.06,0.06,0.06,False,Ddah1
Oligodendrocyte Precursor Cells,0.013605086,0.01171631,0.879,0.121,0.121,0.0905,False,Ddah1
Endocrine Cells,0.023950202,0.02795664,0.805,0.195,0.195,0.12533333333333332,False,Ddah1
Neurons,0.009891628,0.013456524,0.769,0.231,0.231,0.15175,False,Ddah1
Astrocytes,0.0053532696,0.016699329,0.645,0.355,0.355,0.1924,False,Ddah1
Excitatory Neurons,0.00435562,0.012579414,0.633,0.367,0.367,0.2215,False,Ddah1
Endothelial Cells,-0.00946542,0.030741965,0.389,0.611,0.389,0.2454285714285714,False,Ddah1
Neural Stem Cells,0.004695597,0.021222811,0.594,0.406,0.406,0.2655,False,Ddah1
Medium Spiny Neurons,0.0015790733,0.009528155,0.582,0.418,0.418,0.2824444444444445,False,Ddah1
Microglia,-0.0016529175,0.018218813,0.453,0.547,0.453,0.2995,False,Ddah1
GABAergic Neurons,-0.0025255403,0.019738158,0.471,0.529,0.471,0.3150909090909091,False,Ddah1
Oligodendrocytes,-0.00017574934,0.010189108,0.505,0.495,0.495,0.33008333333333334,False,Ddah1
Endocrine Cells,-0.04969066,0.027981495,0.038,0.962,0.038,0.038,True,Ddit4
Oligodendrocyte Precursor Cells,0.019071847,0.011696532,0.952,0.048,0.048,0.043,True,Ddit4
Neurons,0.011938733,0.013593908,0.81,0.19,0.19,0.09200000000000001,False,Ddit4
Myocytes,-0.015486512,0.018826682,0.213,0.787,0.213,0.12225,False,Ddit4
Microglia,0.011241458,0.01838806,0.724,0.276,0.276,0.153,False,Ddit4
Oligodendrocytes,0.005114359,0.009282789,0.707,0.293,0.293,0.17633333333333334,False,Ddit4
Excitatory Neurons,0.00658472,0.012624576,0.701,0.299,0.299,0.19385714285714287,False,Ddit4
Astrocytes,0.0077383593,0.01680461,0.691,0.309,0.309,0.20825,False,Ddit4
Endothelial Cells,0.010514111,0.03031623,0.63,0.37,0.37,0.2262222222222222,False,Ddit4
Medium Spiny Neurons,0.0020701927,0.009506068,0.599,0.401,0.401,0.24370000000000003,False,Ddit4
Neural Stem Cells,0.00060569023,0.021145485,0.511,0.489,0.489,0.266,False,Ddit4
GABAergic Neurons,-0.0015421503,0.019773971,0.492,0.508,0.492,0.2848333333333333,False,Ddit4
Endocrine Cells,-0.03866735,0.027944947,0.076,0.924,0.076,0.076,False,Dio2
Oligodendrocyte Precursor Cells,0.015336599,0.011536553,0.907,0.093,0.093,0.08449999999999999,False,Dio2
Neurons,0.01029493,0.013748778,0.77,0.23,0.23,0.133,False,Dio2
Myocytes,0.01198777,0.018744951,0.722,0.278,0.278,0.16925,False,Dio2
Neural Stem Cells,0.009486344,0.021262111,0.672,0.328,0.328,0.201,False,Dio2
Excitatory Neurons,0.0053322795,0.012558021,0.657,0.343,0.343,0.22466666666666668,False,Dio2
Astrocytes,0.0059085,0.016639248,0.654,0.346,0.346,0.242,False,Dio2
Medium Spiny Neurons,0.0025580672,0.009514657,0.622,0.378,0.378,0.259,False,Dio2
Endothelial Cells,-0.0076074717,0.030881615,0.405,0.595,0.405,0.27522222222222226,False,Dio2
Microglia,-0.00061541115,0.018168112,0.473,0.527,0.473,0.29500000000000004,False,Dio2
Oligodendrocytes,-0.00083858473,0.010287396,0.477,0.523,0.477,0.31154545454545457,False,Dio2
GABAergic Neurons,-0.0007517467,0.019635601,0.505,0.495,0.495,0.32683333333333336,False,Dio2
Endocrine Cells,0.05064652,0.028205164,0.96,0.04,0.04,0.04,True,Dusp6
Oligodendrocyte Precursor Cells,0.010824531,0.011732019,0.819,0.181,0.181,0.1105,False,Dusp6
Neurons,0.010217302,0.013669314,0.77,0.23,0.23,0.15033333333333335,False,Dusp6
Excitatory Neurons,0.0081214085,0.0128635345,0.738,0.262,0.262,0.17825000000000002,False,Dusp6
Microglia,0.008756241,0.019298144,0.679,0.321,0.321,0.2068,False,Dusp6
Astrocytes,0.0056295637,0.016481133,0.649,0.351,0.351,0.23083333333333333,False,Dusp6
Neural Stem Cells,0.007951074,0.021431262,0.645,0.355,0.355,0.24857142857142858,False,Dusp6
Oligodendrocytes,0.002231781,0.01027561,0.591,0.409,0.409,0.268625,False,Dusp6
Myocytes,-0.0040198574,0.01872841,0.422,0.578,0.422,0.2856666666666667,False,Dusp6
Endothelial Cells,-0.005728658,0.030722909,0.429,0.571,0.429,0.3,False,Dusp6
Medium Spiny Neurons,0.00054699933,0.009493341,0.548,0.452,0.452,0.31381818181818183,False,Dusp6
GABAergic Neurons,-4.946629e-05,0.019687619,0.516,0.484,0.484,0.328,False,Dusp6
Oligodendrocyte Precursor Cells,0.014977007,0.011480626,0.903,0.097,0.097,0.097,False,Ece1
Neurons,0.010578683,0.0137111945,0.778,0.222,0.222,0.1595,False,Ece1
Endocrine Cells,-0.021680705,0.028885558,0.23,0.77,0.23,0.18300000000000002,False,Ece1
Oligodendrocytes,0.0059255515,0.010244478,0.715,0.285,0.285,0.20850000000000002,False,Ece1
Excitatory Neurons,0.0062922183,0.012561307,0.689,0.311,0.311,0.229,False,Ece1
Endothelial Cells,-0.012985928,0.030416586,0.336,0.664,0.336,0.24683333333333335,False,Ece1
Neural Stem Cells,0.006926281,0.021377118,0.63,0.37,0.37,0.2644285714285714,False,Ece1
Myocytes,0.006174739,0.01890389,0.627,0.373,0.373,0.278,False,Ece1
Astrocytes,0.0029605443,0.01640314,0.594,0.406,0.406,0.29222222222222227,False,Ece1
Medium Spiny Neurons,0.00046409015,0.009538543,0.543,0.457,0.457,0.30870000000000003,False,Ece1
Microglia,-0.0011335657,0.018106835,0.466,0.534,0.466,0.323,False,Ece1
GABAergic Neurons,-0.0014072569,0.019630667,0.495,0.505,0.495,0.3373333333333333,False,Ece1
Oligodendrocyte Precursor Cells,0.015054093,0.011760427,0.901,0.099,0.099,0.099,False,Edil3
Endocrine Cells,-0.018296953,0.02776929,0.259,0.741,0.259,0.179,False,Edil3
Medium Spiny Neurons,0.005121247,0.009561541,0.714,0.286,0.286,0.21466666666666664,False,Edil3
Excitatory Neurons,0.006493076,0.012732034,0.696,0.304,0.304,0.237,False,Edil3
Oligodendrocytes,-0.0050700307,0.009811844,0.317,0.683,0.317,0.253,False,Edil3
Astrocytes,0.007018465,0.016322186,0.682,0.318,0.318,0.2638333333333333,False,Edil3
Neurons,0.0058335573,0.013360288,0.673,0.327,0.327,0.27285714285714285,False,Edil3
Endothelial Cells,-0.008040724,0.03098738,0.401,0.599,0.401,0.288875,False,Edil3
Neural Stem Cells,0.0051752958,0.021312257,0.599,0.401,0.401,0.3013333333333333,False,Edil3
Myocytes,0.0017029959,0.01876736,0.548,0.452,0.452,0.31639999999999996,False,Edil3
GABAergic Neurons,-0.00028034023,0.019953778,0.51,0.49,0.49,0.3321818181818182,False,Edil3
Microglia,0.00073654944,0.018167969,0.496,0.504,0.496,0.3458333333333334,False,Edil3
Oligodendrocyte Precursor Cells,0.015229301,0.011800659,0.902,0.098,0.098,0.098,False,Ednrb
Neurons,0.010217505,0.013768671,0.77,0.23,0.23,0.164,False,Ednrb
Excitatory Neurons,0.004959124,0.0124601545,0.653,0.347,0.347,0.225,False,Ednrb
Medium Spiny Neurons,0.0033671455,0.009573016,0.648,0.352,0.352,0.25675000000000003,False,Ednrb
Endothelial Cells,-0.008525028,0.030953782,0.398,0.602,0.398,0.28500000000000003,False,Ednrb
Astrocytes,-0.004772174,0.016892923,0.4,0.6,0.4,0.3041666666666667,False,Ednrb
Myocytes,0.0045621884,0.018739901,0.594,0.406,0.406,0.3187142857142858,False,Ednrb
Neural Stem Cells,-0.0011171997,0.021395251,0.468,0.532,0.468,0.33737500000000004,False,Ednrb
Endocrine Cells,0.000364062,0.027755681,0.511,0.489,0.489,0.3542222222222222,False,Ednrb
Oligodendrocytes,3.603354e-06,0.0102934,0.51,0.49,0.49,0.3678,False,Ednrb
Microglia,0.00022365095,0.018129325,0.491,0.509,0.491,0.37899999999999995,False,Ednrb
GABAergic Neurons,-0.00066616037,0.019520206,0.505,0.495,0.495,0.38866666666666666,False,Ednrb
Myocytes,0.045982555,0.01886939,0.991,0.009,0.009,0.009,True,Efnb3
Oligodendrocyte Precursor Cells,0.014554939,0.011382682,0.901,0.099,0.099,0.054,False,Efnb3
Oligodendrocytes,-0.009238944,0.009026963,0.14,0.86,0.14,0.08266666666666667,False,Efnb3
Neurons,0.009766269,0.013625562,0.763,0.237,0.237,0.12125,False,Efnb3
Neural Stem Cells,0.0085776225,0.021388283,0.652,0.348,0.348,0.1666,False,Efnb3
Excitatory Neurons,0.0048334217,0.012502767,0.65,0.35,0.35,0.19716666666666663,False,Efnb3
Astrocytes,0.0054544318,0.016269717,0.649,0.351,0.351,0.2191428571428571,False,Efnb3
Medium Spiny Neurons,0.003266716,0.009538976,0.644,0.356,0.356,0.23624999999999996,False,Efnb3
Endocrine Cells,0.008662254,0.027734883,0.632,0.368,0.368,0.25088888888888883,False,Efnb3
Endothelial Cells,-0.0070201284,0.031028742,0.41,0.59,0.41,0.2668,False,Efnb3
GABAergic Neurons,0.00039213538,0.019697597,0.525,0.475,0.475,0.2857272727272727,False,Efnb3
Microglia,-0.00037494648,0.018100351,0.481,0.519,0.481,0.302,False,Efnb3
Myocytes,-0.028434487,0.018756231,0.064,0.936,0.064,0.064,False,Egfl7
Oligodendrocyte Precursor Cells,0.013092639,0.011277767,0.879,0.121,0.121,0.0925,False,Egfl7
Neurons,0.0101310145,0.013793333,0.769,0.231,0.231,0.1386666666666667,False,Egfl7
Endothelial Cells,-0.018057415,0.030341735,0.277,0.723,0.277,0.17325000000000002,False,Egfl7
Excitatory Neurons,0.0049436684,0.012493,0.653,0.347,0.347,0.20800000000000002,False,Egfl7
Astrocytes,0.004510947,0.016226672,0.635,0.365,0.365,0.23416666666666666,False,Egfl7
Medium Spiny Neurons,0.0016262889,0.009577411,0.585,0.415,0.415,0.26,False,Egfl7
Endocrine Cells,0.0050376747,0.02781555,0.575,0.425,0.425,0.280625,False,Egfl7
Neural Stem Cells,0.0032859934,0.021549124,0.566,0.434,0.434,0.2976666666666667,False,Egfl7
Microglia,-0.0012650525,0.018072996,0.462,0.538,0.462,0.31410000000000005,False,Egfl7
Oligodendrocytes,-0.0004508948,0.010360585,0.491,0.509,0.491,0.33018181818181824,False,Egfl7
GABAergic Neurons,-0.0008958722,0.019525183,0.502,0.498,0.498,0.34416666666666673,False,Egfl7
Oligodendrocyte Precursor Cells,0.017167138,0.011433556,0.936,0.064,0.064,0.064,False,Egr1
Excitatory Neurons,0.01775406,0.013212593,0.902,0.098,0.098,0.081,False,Egr1
Neurons,0.013605334,0.013695747,0.833,0.167,0.167,0.10966666666666668,False,Egr1
Medium Spiny Neurons,0.006205254,0.009507859,0.747,0.253,0.253,0.14550000000000002,False,Egr1
Neural Stem Cells,0.011122449,0.02146087,0.694,0.306,0.306,0.17760000000000004,False,Egr1
Endocrine Cells,0.012621306,0.028067147,0.685,0.315,0.315,0.2005,False,Egr1
Astrocytes,0.0055705477,0.01628119,0.649,0.351,0.351,0.222,False,Egr1
Oligodendrocytes,0.0031859432,0.010248705,0.625,0.375,0.375,0.241125,False,Egr1
Endothelial Cells,-0.006255977,0.030954145,0.424,0.576,0.424,0.2614444444444445,False,Egr1
GABAergic Neurons,0.0013572426,0.019810736,0.542,0.458,0.458,0.2811,False,Egr1
Myocytes,0.0010562037,0.018829904,0.537,0.463,0.463,0.2976363636363637,False,Egr1
Microglia,0.0018879094,0.018192613,0.524,0.476,0.476,0.31250000000000006,False,Egr1
Oligodendrocyte Precursor Cells,0.016769513,0.011495558,0.93,0.07,0.07,0.07,False,Elmo1
Myocytes,0.01930317,0.018822154,0.846,0.154,0.154,0.112,False,Elmo1
Neurons,0.010991545,0.013694453,0.785,0.215,0.215,0.14633333333333334,False,Elmo1
Microglia,-0.015058353,0.0188716,0.225,0.775,0.225,0.166,False,Elmo1
Neural Stem Cells,0.013104592,0.021390218,0.727,0.273,0.273,0.1874,False,Elmo1
Astrocytes,0.006137318,0.016278517,0.664,0.336,0.336,0.2121666666666667,False,Elmo1
Excitatory Neurons,0.0053250226,0.012477279,0.658,0.342,0.342,0.23071428571428573,False,Elmo1
Oligodendrocytes,0.0036056328,0.0094415145,0.649,0.351,0.351,0.24575000000000002,False,Elmo1
Medium Spiny Neurons,0.0024853311,0.009500958,0.619,0.381,0.381,0.26077777777777783,False,Elmo1
Endothelial Cells,-0.0064032995,0.030891826,0.42,0.58,0.42,0.27670000000000006,False,Elmo1
GABAergic Neurons,0.0024258206,0.019715728,0.562,0.438,0.438,0.29136363636363644,False,Elmo1
Endocrine Cells,3.719834e-05,0.027890675,0.511,0.489,0.489,0.30783333333333335,False,Elmo1
Oligodendrocyte Precursor Cells,0.013178705,0.011260987,0.883,0.117,0.117,0.117,False,Eng
Myocytes,0.018212093,0.018855639,0.827,0.173,0.173,0.145,False,Eng
Neurons,0.009641557,0.013812972,0.758,0.242,0.242,0.17733333333333334,False,Eng
Endothelial Cells,-0.013860967,0.030363277,0.321,0.679,0.321,0.21325,False,Eng
Endocrine Cells,0.010459445,0.02792128,0.652,0.348,0.348,0.24020000000000002,False,Eng
Excitatory Neurons,0.004803205,0.012436986,0.65,0.35,0.35,0.2585,False,Eng
Astrocytes,0.004214388,0.016219804,0.63,0.37,0.37,0.27442857142857147,False,Eng
Neural Stem Cells,0.0048105125,0.021558665,0.594,0.406,0.406,0.29087500000000005,False,Eng
Medium Spiny Neurons,0.0018248128,0.009543583,0.591,0.409,0.409,0.30400000000000005,False,Eng
Microglia,-0.0032507621,0.018140504,0.422,0.578,0.422,0.3158,False,Eng
Oligodendrocytes,-0.0007844124,0.010362003,0.48,0.52,0.48,0.33072727272727276,False,Eng
GABAergic Neurons,-0.0011929058,0.01947884,0.498,0.502,0.498,0.3446666666666667,False,Eng
Myocytes,-0.060201846,0.01900595,0.0,1.0,0.0,0.0,True,Epas1
Endocrine Cells,0.028816976,0.028317243,0.838,0.162,0.162,0.081,False,Epas1
Neurons,0.013571718,0.013513326,0.838,0.162,0.162,0.108,False,Epas1
Oligodendrocyte Precursor Cells,0.008546341,0.011858949,0.76,0.24,0.24,0.14100000000000001,False,Epas1
Oligodendrocytes,-0.0052051423,0.009741261,0.308,0.692,0.308,0.17440000000000003,False,Epas1
Astrocytes,0.0070966487,0.017010864,0.676,0.324,0.324,0.19933333333333336,False,Epas1
Medium Spiny Neurons,0.003652123,0.009501539,0.656,0.344,0.344,0.22,False,Epas1
Excitatory Neurons,0.0045247055,0.012614559,0.639,0.361,0.361,0.237625,False,Epas1
Microglia,-0.00518892,0.01836928,0.381,0.619,0.381,0.25355555555555553,False,Epas1
Neural Stem Cells,0.0053842617,0.021158405,0.603,0.397,0.397,0.2679,False,Epas1
Endothelial Cells,-0.0049975696,0.027210454,0.43,0.57,0.43,0.2826363636363637,False,Epas1
GABAergic Neurons,-0.0017064936,0.019751322,0.49,0.51,0.49,0.29991666666666666,False,Epas1
Oligodendrocytes,-0.023675209,0.00907508,0.005,0.995,0.005,0.005,True,Erbin
Endocrine Cells,0.063962676,0.02835179,0.986,0.014,0.014,0.0095,True,Erbin
Oligodendrocyte Precursor Cells,0.013446644,0.01160689,0.877,0.123,0.123,0.04733333333333333,True,Erbin
Myocytes,0.020902652,0.018879391,0.866,0.134,0.134,0.069,False,Erbin
Neurons,0.009235179,0.013652183,0.753,0.247,0.247,0.1046,False,Erbin
Endothelial Cells,-0.011631547,0.030714007,0.354,0.646,0.354,0.14616666666666667,False,Erbin
Excitatory Neurons,0.0030444593,0.012530526,0.591,0.409,0.409,0.18371428571428572,False,Erbin
Astrocytes,0.0019727931,0.016517913,0.564,0.436,0.436,0.21525,False,Erbin
GABAergic Neurons,-0.0036865338,0.019780222,0.44,0.56,0.44,0.24022222222222223,False,Erbin
Medium Spiny Neurons,0.00043776698,0.009514251,0.542,0.458,0.458,0.262,False,Erbin
Neural Stem Cells,0.0017263459,0.020948667,0.531,0.469,0.469,0.2808181818181818,False,Erbin
Microglia,-3.053435e-05,0.018313723,0.488,0.512,0.488,0.2980833333333333,False,Erbin
Oligodendrocytes,-0.08729699,0.010721194,0.0,1.0,0.0,0.0,True,Ermn
Oligodendrocyte Precursor Cells,0.01022176,0.011403271,0.812,0.188,0.188,0.094,False,Ermn
Medium Spiny Neurons,0.0052326284,0.009560402,0.718,0.282,0.282,0.15666666666666665,False,Ermn
Neurons,0.007625823,0.013730553,0.714,0.286,0.286,0.189,False,Ermn
Myocytes,0.008786945,0.018736608,0.675,0.325,0.325,0.2162,False,Ermn
Endothelial Cells,-0.01300719,0.0309781,0.338,0.662,0.338,0.23650000000000002,False,Ermn
Microglia,-0.005231905,0.01815448,0.379,0.621,0.379,0.25685714285714284,False,Ermn
Excitatory Neurons,0.0031066204,0.012465473,0.593,0.407,0.407,0.275625,False,Ermn
Astrocytes,0.0007935394,0.016356828,0.543,0.457,0.457,0.29577777777777775,False,Ermn
Endocrine Cells,0.0023950052,0.027744107,0.539,0.461,0.461,0.31229999999999997,False,Ermn
Neural Stem Cells,0.0014245447,0.021314286,0.527,0.473,0.473,0.32690909090909087,False,Ermn
GABAergic Neurons,-0.0016606798,0.019564822,0.491,0.509,0.491,0.3405833333333333,False,Ermn
Oligodendrocyte Precursor Cells,0.014032562,0.011261114,0.896,0.104,0.104,0.104,False,Esam
Myocytes,-0.014079589,0.018720724,0.23,0.77,0.23,0.167,False,Esam
Neurons,0.00992163,0.013810361,0.763,0.237,0.237,0.19033333333333333,False,Esam
Excitatory Neurons,0.0050172806,0.012441521,0.654,0.346,0.346,0.22924999999999998,False,Esam
Astrocytes,0.004583594,0.016209265,0.637,0.363,0.363,0.25599999999999995,False,Esam
Endocrine Cells,0.0060555283,0.027831059,0.595,0.405,0.405,0.2808333333333333,False,Esam
Endothelial Cells,-0.006561729,0.030403605,0.415,0.585,0.415,0.29999999999999993,False,Esam
Neural Stem Cells,0.004105627,0.021564571,0.581,0.419,0.419,0.31487499999999996,False,Esam
Medium Spiny Neurons,0.0013116676,0.009546623,0.57,0.43,0.43,0.32766666666666666,False,Esam
Microglia,-0.0010398478,0.018064925,0.467,0.533,0.467,0.3416,False,Esam
Oligodendrocytes,-0.0002679688,0.010365032,0.499,0.501,0.499,0.3559090909090909,False,Esam
GABAergic Neurons,-0.0010409957,0.019479321,0.5,0.5,0.5,0.36791666666666667,False,Esam
Myocytes,0.030166216,0.018801257,0.946,0.054,0.054,0.054,False,Etnppl
Oligodendrocyte Precursor Cells,0.016930785,0.011430119,0.931,0.069,0.069,0.0615,False,Etnppl
Astrocytes,0.020000447,0.017103424,0.879,0.121,0.121,0.08133333333333333,False,Etnppl
Neurons,0.012645906,0.013646181,0.817,0.183,0.183,0.10675,False,Etnppl
Excitatory Neurons,0.0056873173,0.012471887,0.671,0.329,0.329,0.1512,False,Etnppl
Endocrine Cells,0.011135081,0.02780182,0.661,0.339,0.339,0.1825,False,Etnppl
Medium Spiny Neurons,0.0025095171,0.009539402,0.619,0.381,0.381,0.21085714285714285,False,Etnppl
Oligodendrocytes,0.002174714,0.0102300355,0.589,0.411,0.411,0.235875,False,Etnppl
Endothelial Cells,-0.006488733,0.030892795,0.418,0.582,0.418,0.2561111111111111,False,Etnppl
Neural Stem Cells,0.0023428523,0.0213907,0.545,0.455,0.455,0.276,False,Etnppl
GABAergic Neurons,0.00020969987,0.019541197,0.522,0.478,0.478,0.2943636363636364,False,Etnppl
Microglia,0.0017186848,0.018179731,0.522,0.478,0.478,0.3096666666666667,False,Etnppl
Myocytes,0.040548168,0.01892165,0.987,0.013,0.013,0.013,True,Ets1
Oligodendrocyte Precursor Cells,0.01410245,0.01134784,0.896,0.104,0.104,0.058499999999999996,False,Ets1
Neurons,0.009440901,0.013834376,0.757,0.243,0.243,0.12,False,Ets1
Endothelial Cells,-0.012358449,0.030538127,0.347,0.653,0.347,0.17675,False,Ets1
Excitatory Neurons,0.004904059,0.012444756,0.653,0.347,0.347,0.21079999999999996,False,Ets1
Microglia,-0.0062987623,0.018208884,0.361,0.639,0.361,0.2358333333333333,False,Ets1
Astrocytes,0.003991846,0.016229615,0.626,0.374,0.374,0.2555714285714285,False,Ets1
Endocrine Cells,0.0036567526,0.027894633,0.551,0.449,0.449,0.27974999999999994,False,Ets1
Medium Spiny Neurons,0.00046599415,0.009583223,0.543,0.457,0.457,0.2994444444444444,False,Ets1
Neural Stem Cells,0.0022139011,0.021501312,0.539,0.461,0.461,0.31559999999999994,False,Ets1
Oligodendrocytes,-0.0008353983,0.01035899,0.477,0.523,0.477,0.3302727272727272,False,Ets1
GABAergic Neurons,-0.0013621717,0.01950878,0.496,0.504,0.496,0.3440833333333333,False,Ets1
Endocrine Cells,0.048234086,0.028351527,0.954,0.046,0.046,0.046,True,Ezr
Oligodendrocyte Precursor Cells,0.013117952,0.011267173,0.879,0.121,0.121,0.08349999999999999,False,Ezr
Neurons,0.009437398,0.013814727,0.757,0.243,0.243,0.13666666666666666,False,Ezr
Myocytes,0.010592329,0.018746499,0.701,0.299,0.299,0.17725,False,Ezr
Excitatory Neurons,0.004784251,0.012469092,0.65,0.35,0.35,0.2118,False,Ezr
Neural Stem Cells,-0.0056372117,0.021224596,0.389,0.611,0.389,0.24133333333333332,False,Ezr
Endothelial Cells,-0.008335615,0.030902008,0.399,0.601,0.399,0.26385714285714285,False,Ezr
Astrocytes,0.0022368326,0.016539881,0.572,0.428,0.428,0.284375,False,Ezr
Medium Spiny Neurons,0.00089347234,0.009573034,0.557,0.443,0.443,0.302,False,Ezr
Microglia,-0.0017614864,0.018082323,0.453,0.547,0.453,0.3171,False,Ezr
Oligodendrocytes,-0.0011538551,0.01034213,0.469,0.531,0.469,0.3309090909090909,False,Ezr
GABAergic Neurons,-0.0017024666,0.019512491,0.488,0.512,0.488,0.34400000000000003,False,Ezr
Oligodendrocyte Precursor Cells,0.014700694,0.011381656,0.902,0.098,0.098,0.098,False,F3
Neurons,0.010957292,0.013794405,0.784,0.216,0.216,0.157,False,F3
Endocrine Cells,0.018751428,0.027911143,0.754,0.246,0.246,0.18666666666666668,False,F3
Myocytes,0.011359194,0.018763613,0.715,0.285,0.285,0.21125,False,F3
Excitatory Neurons,0.005299653,0.012443084,0.658,0.342,0.342,0.2374,False,F3
Astrocytes,0.005181619,0.016713472,0.643,0.357,0.357,0.25733333333333336,False,F3
Medium Spiny Neurons,0.0027111599,0.009548157,0.629,0.371,0.371,0.2735714285714286,False,F3
Endothelial Cells,-0.0064509762,0.031007474,0.419,0.581,0.419,0.29175,False,F3
Neural Stem Cells,0.0035027005,0.021514703,0.57,0.43,0.43,0.3071111111111111,False,F3
Microglia,-0.0006376362,0.018084913,0.473,0.527,0.473,0.3237,False,F3
Oligodendrocytes,0.00013732827,0.010345966,0.514,0.486,0.486,0.33845454545454545,False,F3
GABAergic Neurons,-0.0008046198,0.019492796,0.505,0.495,0.495,0.3515,False,F3
Myocytes,0.0405034,0.018844476,0.987,0.013,0.013,0.013,True,Fabp7
Neurons,0.011187945,0.013685881,0.793,0.207,0.207,0.11,False,Fabp7
Excitatory Neurons,0.004198248,0.01248257,0.628,0.372,0.372,0.19733333333333333,False,Fabp7
Endocrine Cells,0.007029693,0.02775145,0.608,0.392,0.392,0.246,False,Fabp7
Endothelial Cells,-0.008730831,0.030917935,0.395,0.605,0.395,0.2758,False,Fabp7
Microglia,-0.0034426972,0.018107869,0.42,0.58,0.42,0.29983333333333334,False,Fabp7
Medium Spiny Neurons,-0.0019053137,0.009565673,0.426,0.574,0.426,0.3178571428571429,False,Fabp7
Oligodendrocyte Precursor Cells,0.0014263664,0.011832765,0.544,0.456,0.456,0.335125,False,Fabp7
Oligodendrocytes,-0.0014917285,0.010281049,0.457,0.543,0.457,0.3486666666666667,False,Fabp7
GABAergic Neurons,-0.002723323,0.019537034,0.465,0.535,0.465,0.36029999999999995,False,Fabp7
Astrocytes,-0.0019728155,0.016607014,0.47,0.53,0.47,0.37027272727272725,False,Fabp7
Neural Stem Cells,0.00083516823,0.021288907,0.514,0.486,0.486,0.3799166666666666,False,Fabp7
Myocytes,0.06288339,0.018886503,1.0,0.0,0.0,0.0,True,Fam107a
Oligodendrocyte Precursor Cells,0.024085525,0.011842614,0.984,0.016,0.016,0.008,True,Fam107a
Neurons,0.020559866,0.012805074,0.945,0.055,0.055,0.02366666666666667,True,Fam107a
Astrocytes,0.029030269,0.018986965,0.933,0.067,0.067,0.0345,True,Fam107a
Endocrine Cells,0.041378316,0.028174348,0.931,0.069,0.069,0.041400000000000006,True,Fam107a
Neural Stem Cells,-0.029531498,0.019267486,0.072,0.928,0.072,0.04650000000000001,True,Fam107a
Endothelial Cells,0.025960853,0.028457832,0.821,0.179,0.179,0.06542857142857143,False,Fam107a
Oligodendrocytes,0.006993268,0.009031904,0.776,0.224,0.224,0.08525,False,Fam107a
Medium Spiny Neurons,0.0072372695,0.009611466,0.769,0.231,0.231,0.10144444444444445,False,Fam107a
Excitatory Neurons,0.0026865862,0.013466665,0.578,0.422,0.422,0.1335,False,Fam107a
GABAergic Neurons,0.001539882,0.020704366,0.544,0.456,0.456,0.1628181818181818,False,Fam107a
Microglia,0.0018214969,0.019306513,0.522,0.478,0.478,0.18908333333333335,False,Fam107a
Myocytes,0.051966198,0.018925937,0.998,0.002,0.002,0.002,True,Fbxo2
Oligodendrocyte Precursor Cells,0.014544396,0.011522521,0.899,0.101,0.101,0.051500000000000004,False,Fbxo2
Neurons,0.01057539,0.01360218,0.78,0.22,0.22,0.10766666666666667,False,Fbxo2
Astrocytes,0.004283997,0.01671817,0.628,0.372,0.372,0.17375000000000002,False,Fbxo2
Medium Spiny Neurons,0.0025118643,0.009534471,0.619,0.381,0.381,0.2152,False,Fbxo2
Excitatory Neurons,0.0037562079,0.012626302,0.609,0.391,0.391,0.24450000000000002,False,Fbxo2
Endocrine Cells,0.0068189492,0.028031874,0.604,0.396,0.396,0.2661428571428571,False,Fbxo2
Endothelial Cells,-0.0076231495,0.03080823,0.404,0.596,0.404,0.283375,False,Fbxo2
Neural Stem Cells,-0.0038499497,0.020990195,0.419,0.581,0.419,0.29844444444444446,False,Fbxo2
Microglia,-0.00043196577,0.018207211,0.477,0.523,0.477,0.31629999999999997,False,Fbxo2
Oligodendrocytes,-0.00035636593,0.010010988,0.495,0.505,0.495,0.33254545454545453,False,Fbxo2
GABAergic Neurons,-0.0009956311,0.019732375,0.502,0.498,0.498,0.3463333333333333,False,Fbxo2
Oligodendrocyte Precursor Cells,0.013315405,0.011267689,0.886,0.114,0.114,0.114,False,Fcgrt
Endocrine Cells,0.028458746,0.028032728,0.837,0.163,0.163,0.1385,False,Fcgrt
Myocytes,-0.01706538,0.018773984,0.196,0.804,0.196,0.15766666666666668,False,Fcgrt
Neurons,0.009606733,0.0138063235,0.757,0.243,0.243,0.179,False,Fcgrt
Endothelial Cells,-0.0123107135,0.030507093,0.347,0.653,0.347,0.21259999999999998,False,Fcgrt
Excitatory Neurons,0.0047130818,0.012440675,0.648,0.352,0.352,0.23583333333333334,False,Fcgrt
Astrocytes,0.0033645546,0.016361384,0.603,0.397,0.397,0.25885714285714284,False,Fcgrt
Medium Spiny Neurons,0.0016375175,0.009546529,0.585,0.415,0.415,0.278375,False,Fcgrt
Neural Stem Cells,0.0035429539,0.021504471,0.572,0.428,0.428,0.295,False,Fcgrt
Microglia,-0.00094841956,0.01814378,0.468,0.532,0.468,0.31229999999999997,False,Fcgrt
Oligodendrocytes,-0.0006691338,0.010348436,0.485,0.515,0.485,0.32799999999999996,False,Fcgrt
GABAergic Neurons,-0.0014070839,0.0194857,0.494,0.506,0.494,0.34183333333333327,False,Fcgrt
Oligodendrocyte Precursor Cells,0.014364579,0.011253325,0.9,0.1,0.1,0.1,False,Fgfr2
Myocytes,0.019936243,0.018797006,0.853,0.147,0.147,0.1235,False,Fgfr2
Endocrine Cells,0.027437387,0.027900424,0.827,0.173,0.173,0.13999999999999999,False,Fgfr2
Oligodendrocytes,-0.00869566,0.009783125,0.179,0.821,0.179,0.14975,False,Fgfr2
Neurons,0.010099685,0.013815637,0.767,0.233,0.233,0.1664,False,Fgfr2
Neural Stem Cells,0.016093956,0.021251762,0.765,0.235,0.235,0.17783333333333332,False,Fgfr2
Excitatory Neurons,0.00492239,0.012451882,0.653,0.347,0.347,0.20199999999999999,False,Fgfr2
Medium Spiny Neurons,0.0034625074,0.009584639,0.651,0.349,0.349,0.220375,False,Fgfr2
Astrocytes,0.004140656,0.016437119,0.628,0.372,0.372,0.2372222222222222,False,Fgfr2
Endothelial Cells,-0.008162747,0.03095672,0.4,0.6,0.4,0.25349999999999995,False,Fgfr2
Microglia,-0.0004809766,0.01808424,0.477,0.523,0.477,0.2738181818181818,False,Fgfr2
GABAergic Neurons,-0.00080446515,0.019518357,0.505,0.495,0.495,0.29224999999999995,False,Fgfr2
Astrocytes,-0.031387452,0.018068051,0.03,0.97,0.03,0.03,True,Fgfr3
Oligodendrocyte Precursor Cells,0.014924743,0.011745345,0.9,0.1,0.1,0.065,False,Fgfr3
Neurons,0.011460207,0.01348676,0.801,0.199,0.199,0.10966666666666668,False,Fgfr3
Medium Spiny Neurons,0.006900149,0.009519717,0.766,0.234,0.234,0.14075000000000001,False,Fgfr3
Myocytes,0.013430151,0.01879228,0.749,0.251,0.251,0.1628,False,Fgfr3
Endothelial Cells,-0.01216283,0.030508857,0.35,0.65,0.35,0.19400000000000003,False,Fgfr3
Excitatory Neurons,0.0045385943,0.012641668,0.639,0.361,0.361,0.2178571428571429,False,Fgfr3
Neural Stem Cells,-0.0050916644,0.021059547,0.397,0.603,0.397,0.24025000000000002,False,Fgfr3
Microglia,-0.0032872553,0.018338399,0.422,0.578,0.422,0.2604444444444445,False,Fgfr3
Oligodendrocytes,-0.0021854024,0.010066686,0.435,0.565,0.435,0.27790000000000004,False,Fgfr3
Endocrine Cells,0.0023762758,0.02772893,0.538,0.462,0.462,0.2946363636363637,False,Fgfr3
GABAergic Neurons,-0.0014536997,0.019754987,0.493,0.507,0.493,0.3111666666666667,False,Fgfr3
Myocytes,0.034591194,0.018962905,0.966,0.034,0.034,0.034,True,Flna
Oligodendrocyte Precursor Cells,0.015541074,0.0113843335,0.911,0.089,0.089,0.0615,False,Flna
Neurons,0.010203925,0.0137564065,0.77,0.23,0.23,0.11766666666666666,False,Flna
Oligodendrocytes,0.007197167,0.010278422,0.763,0.237,0.237,0.1475,False,Flna
Endocrine Cells,0.016930673,0.028196706,0.734,0.266,0.266,0.1712,False,Flna
Neural Stem Cells,0.0082648825,0.020890811,0.651,0.349,0.349,0.20083333333333334,False,Flna
Excitatory Neurons,0.0044229752,0.012483791,0.638,0.362,0.362,0.2238571428571429,False,Flna
Astrocytes,0.00440218,0.016413214,0.632,0.368,0.368,0.241875,False,Flna
Endothelial Cells,-0.006281293,0.030427177,0.421,0.579,0.421,0.2617777777777778,False,Flna
Medium Spiny Neurons,0.0014931296,0.009526002,0.579,0.421,0.421,0.27769999999999995,False,Flna
GABAergic Neurons,-0.0008616928,0.019559441,0.503,0.497,0.497,0.2976363636363636,False,Flna
Microglia,0.0010149034,0.01817665,0.5,0.5,0.5,0.31449999999999995,False,Flna
Oligodendrocyte Precursor Cells,0.013891034,0.011306555,0.894,0.106,0.106,0.106,False,Flt1
Neurons,0.010047705,0.013804161,0.766,0.234,0.234,0.17,False,Flt1
Myocytes,-0.009014555,0.01874911,0.315,0.685,0.315,0.21833333333333335,False,Flt1
Excitatory Neurons,0.005180796,0.012441217,0.655,0.345,0.345,0.25,False,Flt1
Astrocytes,0.0048082196,0.016239312,0.641,0.359,0.359,0.2718,False,Flt1
Endothelial Cells,-0.009531549,0.029976571,0.383,0.617,0.383,0.29033333333333333,False,Flt1
Medium Spiny Neurons,0.0016812821,0.0095405,0.586,0.414,0.414,0.308,False,Flt1
Neural Stem Cells,0.0023816566,0.021531757,0.545,0.455,0.455,0.326375,False,Flt1
Endocrine Cells,0.0027641694,0.02782488,0.541,0.459,0.459,0.34111111111111114,False,Flt1
Microglia,0.00030645414,0.018101882,0.492,0.508,0.492,0.3562,False,Flt1
Oligodendrocytes,-0.0004219251,0.010351332,0.492,0.508,0.492,0.36854545454545456,False,Flt1
GABAergic Neurons,-0.0008195072,0.019487476,0.503,0.497,0.497,0.37925000000000003,False,Flt1
Oligodendrocyte Precursor Cells,0.01370316,0.011287064,0.89,0.11,0.11,0.11,False,Fn1
Neurons,0.010021945,0.013812104,0.766,0.234,0.234,0.17200000000000001,False,Fn1
Myocytes,0.014327872,0.018825334,0.761,0.239,0.239,0.19433333333333333,False,Fn1
Excitatory Neurons,0.004865988,0.012437585,0.653,0.347,0.347,0.23249999999999998,False,Fn1
Astrocytes,0.004768279,0.016276548,0.639,0.361,0.361,0.2582,False,Fn1
Endocrine Cells,0.008811729,0.027821649,0.634,0.366,0.366,0.27616666666666667,False,Fn1
Medium Spiny Neurons,0.001631256,0.009549373,0.585,0.415,0.415,0.296,False,Fn1
Neural Stem Cells,0.0037702364,0.021545857,0.575,0.425,0.425,0.312125,False,Fn1
Endothelial Cells,-0.0045256955,0.030175403,0.446,0.554,0.446,0.327,False,Fn1
Microglia,-0.0015790749,0.01807025,0.454,0.546,0.454,0.3397,False,Fn1
Oligodendrocytes,-0.00047082154,0.010358487,0.491,0.509,0.491,0.35345454545454547,False,Fn1
GABAergic Neurons,-0.0011374262,0.019480836,0.499,0.501,0.499,0.36558333333333337,False,Fn1
Oligodendrocyte Precursor Cells,0.01474184,0.011338747,0.903,0.097,0.097,0.097,False,Fos
Neurons,0.011490102,0.013618409,0.799,0.201,0.201,0.14900000000000002,False,Fos
Astrocytes,0.007649867,0.016316729,0.691,0.309,0.309,0.20233333333333334,False,Fos
Excitatory Neurons,0.0060266675,0.012752007,0.676,0.324,0.324,0.23275,False,Fos
Medium Spiny Neurons,-0.0045718355,0.009509412,0.331,0.669,0.331,0.2524,False,Fos
Endocrine Cells,-0.010649676,0.027947119,0.367,0.633,0.367,0.2715,False,Fos
Neural Stem Cells,0.006044554,0.021489054,0.618,0.382,0.382,0.2872857142857143,False,Fos
Endothelial Cells,-0.007844557,0.031021541,0.402,0.598,0.402,0.30162500000000003,False,Fos
Myocytes,-0.004383483,0.018885555,0.411,0.589,0.411,0.3137777777777778,False,Fos
Oligodendrocytes,0.0009012305,0.010301536,0.541,0.459,0.459,0.32830000000000004,False,Fos
Microglia,-0.0011981018,0.018105865,0.464,0.536,0.464,0.3406363636363637,False,Fos
GABAergic Neurons,-0.0007642213,0.019730886,0.505,0.495,0.495,0.3535,False,Fos
Oligodendrocyte Precursor Cells,0.015381451,0.011590198,0.907,0.093,0.093,0.093,False,Frmd4a
Myocytes,0.01741722,0.01883434,0.811,0.189,0.189,0.14100000000000001,False,Frmd4a
Neurons,0.011099016,0.013503039,0.794,0.206,0.206,0.16266666666666665,False,Frmd4a
Oligodendrocytes,0.0049836272,0.00990815,0.697,0.303,0.303,0.19774999999999998,False,Frmd4a
Excitatory Neurons,0.005804021,0.012624053,0.673,0.327,0.327,0.22359999999999997,False,Frmd4a
Neural Stem Cells,0.0068145064,0.021078657,0.63,0.37,0.37,0.248,False,Frmd4a
Endothelial Cells,-0.009014237,0.030837076,0.393,0.607,0.393,0.26871428571428574,False,Frmd4a
Medium Spiny Neurons,0.002044997,0.0095513575,0.598,0.402,0.402,0.285375,False,Frmd4a
Microglia,-0.0030829639,0.01899471,0.426,0.574,0.426,0.301,False,Frmd4a
Endocrine Cells,-0.0050163595,0.027941272,0.432,0.568,0.432,0.3141,False,Frmd4a
Astrocytes,0.0018844388,0.016633224,0.562,0.438,0.438,0.32536363636363635,False,Frmd4a
GABAergic Neurons,-0.00110257,0.019831296,0.499,0.501,0.499,0.3398333333333334,False,Frmd4a
Myocytes,0.03022307,0.018884271,0.946,0.054,0.054,0.054,False,Fscn1
Neural Stem Cells,0.026448594,0.020576218,0.896,0.104,0.104,0.079,False,Fscn1
Oligodendrocytes,-0.011445401,0.010132005,0.121,0.879,0.121,0.09300000000000001,False,Fscn1
Endocrine Cells,-0.028708298,0.02779308,0.138,0.862,0.138,0.10425000000000001,False,Fscn1
Oligodendrocyte Precursor Cells,0.010853132,0.011851812,0.818,0.182,0.182,0.11979999999999999,False,Fscn1
Excitatory Neurons,0.009876869,0.013537797,0.767,0.233,0.233,0.13866666666666666,False,Fscn1
Microglia,-0.01425699,0.019335244,0.236,0.764,0.236,0.15257142857142858,False,Fscn1
Neurons,0.009070176,0.013210602,0.757,0.243,0.243,0.163875,False,Fscn1
Astrocytes,0.007673863,0.016527887,0.691,0.309,0.309,0.18,False,Fscn1
Endothelial Cells,-0.00838562,0.030802803,0.398,0.602,0.398,0.20179999999999998,False,Fscn1
Medium Spiny Neurons,-0.0019522192,0.009633839,0.426,0.574,0.426,0.22218181818181817,False,Fscn1
GABAergic Neurons,-0.0005309989,0.020422002,0.507,0.493,0.493,0.24475,False,Fscn1
Myocytes,0.040536862,0.019021079,0.987,0.013,0.013,0.013,True,Fstl1
Oligodendrocyte Precursor Cells,0.014610274,0.011328648,0.902,0.098,0.098,0.0555,False,Fstl1
Endocrine Cells,0.027828487,0.028083306,0.83,0.17,0.17,0.09366666666666668,False,Fstl1
Neurons,0.01071484,0.013668507,0.782,0.218,0.218,0.12475,False,Fstl1
Neural Stem Cells,0.015651494,0.021158647,0.762,0.238,0.238,0.1474,False,Fstl1
Endothelial Cells,-0.009103747,0.030789513,0.393,0.607,0.393,0.18833333333333332,False,Fstl1
Excitatory Neurons,0.0033051723,0.01250678,0.598,0.402,0.402,0.21885714285714286,False,Fstl1
Astrocytes,0.0023287984,0.016437784,0.574,0.426,0.426,0.24475,False,Fstl1
Medium Spiny Neurons,-0.0013240939,0.009514035,0.449,0.551,0.449,0.26744444444444443,False,Fstl1
Microglia,-0.001341361,0.01808457,0.462,0.538,0.462,0.28690000000000004,False,Fstl1
GABAergic Neurons,-0.0027955165,0.019665591,0.465,0.535,0.465,0.3030909090909091,False,Fstl1
Oligodendrocytes,-0.0008306824,0.010327823,0.477,0.523,0.477,0.31758333333333333,False,Fstl1
Oligodendrocyte Precursor Cells,0.013099661,0.011634649,0.873,0.127,0.127,0.127,False,Gab1
Endocrine Cells,0.022973856,0.027901592,0.8,0.2,0.2,0.1635,False,Gab1
Neurons,0.010253414,0.013796909,0.77,0.23,0.23,0.18566666666666667,False,Gab1
Excitatory Neurons,0.0048887953,0.012452677,0.653,0.347,0.347,0.226,False,Gab1
Astrocytes,0.0038555234,0.016390428,0.62,0.38,0.38,0.25680000000000003,False,Gab1
Endothelial Cells,-0.009307141,0.0308632,0.39,0.61,0.39,0.27899999999999997,False,Gab1
Medium Spiny Neurons,0.00039899422,0.009576706,0.542,0.458,0.458,0.3045714285714286,False,Gab1
Oligodendrocytes,-0.00080884947,0.009479139,0.477,0.523,0.477,0.326125,False,Gab1
Myocytes,-0.0002119526,0.018749515,0.514,0.486,0.486,0.34388888888888886,False,Gab1
Neural Stem Cells,-0.00043163323,0.02123907,0.489,0.511,0.489,0.35839999999999994,False,Gab1
GABAergic Neurons,-0.0012255429,0.019513236,0.496,0.504,0.496,0.3709090909090909,False,Gab1
Microglia,0.00065278105,0.018174166,0.496,0.504,0.496,0.38133333333333336,False,Gab1
Oligodendrocyte Precursor Cells,0.016620457,0.011531387,0.925,0.075,0.075,0.075,False,Gad1
Medium Spiny Neurons,-0.01019797,0.009474447,0.135,0.865,0.135,0.10500000000000001,False,Gad1
Neurons,0.014513889,0.013476378,0.857,0.143,0.143,0.11766666666666666,False,Gad1
Endocrine Cells,0.025428882,0.027841583,0.812,0.188,0.188,0.13524999999999998,False,Gad1
Myocytes,0.016846152,0.018766323,0.803,0.197,0.197,0.1476,False,Gad1
Neural Stem Cells,0.01847262,0.021044666,0.803,0.197,0.197,0.15583333333333335,False,Gad1
Astrocytes,0.0066903555,0.016318686,0.673,0.327,0.327,0.1802857142857143,False,Gad1
Excitatory Neurons,0.0050675375,0.0125083,0.654,0.346,0.346,0.201,False,Gad1
Endothelial Cells,-0.0069072866,0.031010833,0.412,0.588,0.412,0.22444444444444445,False,Gad1
Oligodendrocytes,0.001560333,0.010247305,0.572,0.428,0.428,0.2448,False,Gad1
GABAergic Neurons,0.0030575285,0.022273237,0.567,0.433,0.433,0.26190909090909087,False,Gad1
Microglia,0.0018681398,0.018162424,0.524,0.476,0.476,0.27975,False,Gad1
Neurons,0.022911824,0.01323084,0.959,0.041,0.041,0.041,True,Gad2
Oligodendrocyte Precursor Cells,0.01835031,0.011471132,0.948,0.052,0.052,0.0465,True,Gad2
Myocytes,0.018989606,0.018781498,0.841,0.159,0.159,0.084,False,Gad2
Medium Spiny Neurons,0.007236158,0.009543441,0.771,0.229,0.229,0.12025,False,Gad2
Neural Stem Cells,0.014940275,0.021106226,0.757,0.243,0.243,0.14479999999999998,False,Gad2
Endocrine Cells,0.016127136,0.027816355,0.73,0.27,0.27,0.16566666666666666,False,Gad2
Astrocytes,0.007471203,0.016340034,0.691,0.309,0.309,0.18614285714285714,False,Gad2
Excitatory Neurons,0.0049003838,0.012482985,0.653,0.347,0.347,0.20625,False,Gad2
Oligodendrocytes,0.0026575648,0.010219775,0.606,0.394,0.394,0.22711111111111112,False,Gad2
Endothelial Cells,-0.0061545265,0.0309998,0.425,0.575,0.425,0.24689999999999998,False,Gad2
GABAergic Neurons,0.0031768281,0.021592919,0.571,0.429,0.429,0.26345454545454544,False,Gad2
Microglia,0.0012269176,0.01816788,0.508,0.492,0.492,0.2825,False,Gad2
Microglia,0.05253976,0.01903217,1.0,0.0,0.0,0.0,True,Gfap
Myocytes,0.23404963,0.019548684,1.0,0.0,0.0,0.0,True,Gfap
Oligodendrocyte Precursor Cells,0.03862969,0.011688897,1.0,0.0,0.0,0.0,True,Gfap
Oligodendrocytes,0.03843418,0.009458955,1.0,0.0,0.0,0.0,True,Gfap
Neurons,0.03396899,0.013453369,0.991,0.009,0.009,0.0018,True,Gfap
Astrocytes,0.042168386,0.017663447,0.988,0.012,0.012,0.0034999999999999996,True,Gfap
Neural Stem Cells,0.037770294,0.019883003,0.979,0.021,0.021,0.005999999999999999,True,Gfap
Medium Spiny Neurons,0.018033812,0.009534327,0.961,0.039,0.039,0.010124999999999999,True,Gfap
Endothelial Cells,0.034262266,0.030132785,0.873,0.127,0.127,0.02311111111111111,True,Gfap
Endocrine Cells,0.03182723,0.027911864,0.872,0.128,0.128,0.0336,True,Gfap
Excitatory Neurons,0.009162981,0.012537384,0.767,0.233,0.233,0.051727272727272726,False,Gfap
GABAergic Neurons,0.010783812,0.019722918,0.697,0.303,0.303,0.07266666666666666,False,Gfap
Oligodendrocyte Precursor Cells,0.01594299,0.011654898,0.912,0.088,0.088,0.088,False,Gfra1
Neurons,0.010617532,0.013609111,0.781,0.219,0.219,0.1535,False,Gfra1
Excitatory Neurons,0.00499954,0.012495049,0.654,0.346,0.346,0.21766666666666667,False,Gfra1
Oligodendrocytes,0.0037925316,0.010137702,0.644,0.356,0.356,0.25225,False,Gfra1
Astrocytes,0.0041724634,0.016292648,0.628,0.372,0.372,0.27619999999999995,False,Gfra1
Endothelial Cells,-0.00838834,0.031021887,0.399,0.601,0.399,0.29666666666666663,False,Gfra1
Myocytes,0.0026158895,0.018723989,0.558,0.442,0.442,0.31742857142857145,False,Gfra1
Medium Spiny Neurons,0.0008427443,0.009550455,0.556,0.444,0.444,0.33325,False,Gfra1
Microglia,-0.00068059267,0.018099496,0.473,0.527,0.473,0.34877777777777774,False,Gfra1
Neural Stem Cells,0.0010618515,0.021413976,0.519,0.481,0.481,0.362,False,Gfra1
GABAergic Neurons,-0.00033758808,0.01967143,0.51,0.49,0.49,0.3736363636363636,False,Gfra1
Endocrine Cells,-0.0011626537,0.027723534,0.493,0.507,0.493,0.38358333333333333,False,Gfra1
Endocrine Cells,-1.5259645,0.02888352,0.0,1.0,0.0,0.0,True,Gh
Myocytes,-0.6672764,0.019236844,0.0,1.0,0.0,0.0,True,Gh
Neural Stem Cells,-0.024516033,0.021527275,0.13,0.87,0.13,0.043333333333333335,True,Gh
Endothelial Cells,-0.029325556,0.031080225,0.174,0.826,0.174,0.076,False,Gh
Oligodendrocyte Precursor Cells,0.008022749,0.011236551,0.759,0.241,0.241,0.10899999999999999,False,Gh
Astrocytes,-0.007378314,0.01618288,0.327,0.673,0.327,0.14533333333333331,False,Gh
Oligodendrocytes,-0.004381609,0.010359864,0.359,0.641,0.359,0.17585714285714285,False,Gh
Medium Spiny Neurons,0.0026057728,0.009604036,0.623,0.377,0.377,0.20099999999999998,False,Gh
Microglia,-0.004757145,0.018038994,0.386,0.614,0.386,0.22155555555555553,False,Gh
Excitatory Neurons,0.0029482674,0.012442181,0.59,0.41,0.41,0.2404,False,Gh
Neurons,-0.0029741207,0.013837142,0.415,0.585,0.415,0.25627272727272726,False,Gh
GABAergic Neurons,-0.003133846,0.019473186,0.452,0.548,0.452,0.27258333333333334,False,Gh
Astrocytes,-0.042984698,0.019942518,0.011,0.989,0.011,0.011,True,Gja1
Neural Stem Cells,-0.04278407,0.020009523,0.018,0.982,0.018,0.014499999999999999,True,Gja1
Medium Spiny Neurons,0.015673887,0.009503302,0.945,0.055,0.055,0.027999999999999997,True,Gja1
Endocrine Cells,0.038030103,0.028063914,0.913,0.087,0.087,0.042749999999999996,True,Gja1
Neurons,0.017668221,0.013259393,0.912,0.088,0.088,0.0518,False,Gja1
Oligodendrocyte Precursor Cells,0.015867893,0.011768825,0.908,0.092,0.092,0.058499999999999996,False,Gja1
Myocytes,0.022548582,0.018976456,0.881,0.119,0.119,0.06714285714285714,False,Gja1
Excitatory Neurons,0.007085709,0.012699551,0.715,0.285,0.285,0.09437499999999999,False,Gja1
Endothelial Cells,-0.008797258,0.02998561,0.393,0.607,0.393,0.12755555555555553,False,Gja1
Microglia,-0.0011605704,0.018571166,0.466,0.534,0.466,0.1614,False,Gja1
GABAergic Neurons,0.0007291625,0.019902973,0.53,0.47,0.47,0.18945454545454543,False,Gja1
Oligodendrocytes,-0.0005673512,0.009728474,0.487,0.513,0.487,0.21424999999999997,False,Gja1
Myocytes,0.027991297,0.018838637,0.932,0.068,0.068,0.068,False,Gjb2
Oligodendrocyte Precursor Cells,0.013905827,0.011236786,0.895,0.105,0.105,0.0865,False,Gjb2
Endocrine Cells,0.021059794,0.027900996,0.774,0.226,0.226,0.133,False,Gjb2
Neurons,0.009501791,0.013811558,0.757,0.243,0.243,0.1605,False,Gjb2
Excitatory Neurons,0.0047867442,0.012434473,0.65,0.35,0.35,0.1984,False,Gjb2
Astrocytes,0.004451442,0.016499532,0.632,0.368,0.368,0.22666666666666666,False,Gjb2
Endothelial Cells,-0.006935389,0.030767944,0.41,0.59,0.41,0.25285714285714284,False,Gjb2
Neural Stem Cells,0.0029340228,0.021551594,0.559,0.441,0.441,0.276375,False,Gjb2
Medium Spiny Neurons,0.0006159972,0.009552054,0.549,0.451,0.451,0.29577777777777775,False,Gjb2
Microglia,-0.0011494415,0.01806464,0.466,0.534,0.466,0.3128,False,Gjb2
Oligodendrocytes,-0.00044092454,0.010357708,0.491,0.509,0.491,0.329,False,Gjb2
GABAergic Neurons,-0.0013985882,0.019476542,0.495,0.505,0.495,0.3428333333333333,False,Gjb2
Myocytes,0.04940199,0.018927373,0.997,0.003,0.003,0.003,True,Gjb6
Oligodendrocyte Precursor Cells,0.016263017,0.011484569,0.921,0.079,0.079,0.041,True,Gjb6
Neurons,0.014306781,0.013623948,0.849,0.151,0.151,0.07766666666666666,False,Gjb6
Astrocytes,0.018312888,0.01775994,0.847,0.153,0.153,0.0965,False,Gjb6
Medium Spiny Neurons,0.0058932053,0.00953351,0.737,0.263,0.263,0.1298,False,Gjb6
Excitatory Neurons,0.0062049045,0.012531482,0.687,0.313,0.313,0.16033333333333333,False,Gjb6
Endocrine Cells,0.0072971433,0.02780795,0.611,0.389,0.389,0.193,False,Gjb6
Oligodendrocytes,0.0023935947,0.010204412,0.599,0.401,0.401,0.219,False,Gjb6
Neural Stem Cells,0.00423452,0.021412928,0.584,0.416,0.416,0.2408888888888889,False,Gjb6
GABAergic Neurons,0.0009992466,0.019609181,0.535,0.465,0.465,0.2633,False,Gjb6
Endothelial Cells,-0.0019810835,0.030472165,0.475,0.525,0.475,0.28254545454545454,False,Gjb6
Microglia,-0.00044605637,0.01821303,0.477,0.523,0.477,0.29875,False,Gjb6
Oligodendrocyte Precursor Cells,0.012275638,0.011849217,0.845,0.155,0.155,0.155,False,Gm2a
Neurons,0.00944196,0.013668972,0.757,0.243,0.243,0.199,False,Gm2a
Microglia,0.0071286303,0.018510977,0.652,0.348,0.348,0.24866666666666667,False,Gm2a
Endothelial Cells,-0.011777337,0.030626934,0.354,0.646,0.354,0.275,False,Gm2a
Excitatory Neurons,0.0042864615,0.012558601,0.631,0.369,0.369,0.2938,False,Gm2a
Oligodendrocytes,0.0033260563,0.009985102,0.631,0.369,0.369,0.30633333333333335,False,Gm2a
Myocytes,0.0058861235,0.018782115,0.621,0.379,0.379,0.3167142857142857,False,Gm2a
Astrocytes,0.001897921,0.01670802,0.562,0.438,0.438,0.33187500000000003,False,Gm2a
Medium Spiny Neurons,0.00032802427,0.009546102,0.537,0.463,0.463,0.3464444444444445,False,Gm2a
Neural Stem Cells,0.00094646384,0.02118659,0.518,0.482,0.482,0.36000000000000004,False,Gm2a
GABAergic Neurons,-0.0014329674,0.019655628,0.494,0.506,0.494,0.3721818181818182,False,Gm2a
Endocrine Cells,-0.001015847,0.02808052,0.495,0.505,0.495,0.3824166666666667,False,Gm2a
Oligodendrocyte Precursor Cells,0.01852453,0.0117247235,0.946,0.054,0.054,0.054,False,Gnal
Medium Spiny Neurons,-0.016342375,0.011088096,0.066,0.934,0.066,0.06,False,Gnal
Myocytes,0.017257985,0.018793609,0.811,0.189,0.189,0.103,False,Gnal
Neurons,0.010720731,0.013095247,0.793,0.207,0.207,0.129,False,Gnal
Excitatory Neurons,0.0067427075,0.012947217,0.7,0.3,0.3,0.1632,False,Gnal
Astrocytes,0.006014306,0.01655469,0.659,0.341,0.341,0.19283333333333333,False,Gnal
Endocrine Cells,0.010820649,0.02777511,0.657,0.343,0.343,0.21428571428571427,False,Gnal
GABAergic Neurons,0.005120438,0.021084394,0.612,0.388,0.388,0.236,False,Gnal
Endothelial Cells,-0.007949468,0.030852493,0.401,0.599,0.401,0.2543333333333333,False,Gnal
Microglia,-0.0011673959,0.018313,0.466,0.534,0.466,0.27549999999999997,False,Gnal
Neural Stem Cells,0.00064626103,0.02131045,0.511,0.489,0.489,0.2949090909090909,False,Gnal
Oligodendrocytes,-0.0004847377,0.0100423265,0.49,0.51,0.49,0.31116666666666665,False,Gnal
Oligodendrocytes,-0.034294814,0.009416389,0.0,1.0,0.0,0.0,True,Gng11
Myocytes,-0.02666067,0.018813603,0.078,0.922,0.078,0.039,True,Gng11
Oligodendrocyte Precursor Cells,0.011696226,0.011561265,0.836,0.164,0.164,0.08066666666666666,False,Gng11
Neurons,0.009993516,0.0137804495,0.766,0.234,0.234,0.119,False,Gng11
Endothelial Cells,-0.021074563,0.030289099,0.247,0.753,0.247,0.1446,False,Gng11
Medium Spiny Neurons,0.005633452,0.009550161,0.731,0.269,0.269,0.16533333333333333,False,Gng11
Excitatory Neurons,0.004938642,0.012441063,0.653,0.347,0.347,0.19128571428571428,False,Gng11
Astrocytes,0.0030102043,0.01635306,0.597,0.403,0.403,0.21775,False,Gng11
Neural Stem Cells,-0.0036940223,0.02138971,0.423,0.577,0.423,0.24055555555555555,False,Gng11
Endocrine Cells,-0.0055941795,0.02794652,0.424,0.576,0.424,0.2589,False,Gng11
Microglia,-0.0017494463,0.018099057,0.453,0.547,0.453,0.27654545454545454,False,Gng11
GABAergic Neurons,-0.00069159566,0.019500867,0.505,0.495,0.495,0.29475,False,Gng11
Myocytes,-0.028322317,0.018913543,0.067,0.933,0.067,0.067,False,Gpam
Oligodendrocyte Precursor Cells,0.017033013,0.0115364725,0.931,0.069,0.069,0.068,False,Gpam
Neurons,0.011611915,0.013743768,0.799,0.201,0.201,0.11233333333333334,False,Gpam
Medium Spiny Neurons,0.0043620523,0.0095545435,0.686,0.314,0.314,0.16275,False,Gpam
Excitatory Neurons,0.0056520863,0.01249383,0.667,0.333,0.333,0.1968,False,Gpam
Neural Stem Cells,-0.0064011277,0.021323103,0.372,0.628,0.372,0.22599999999999998,False,Gpam
Astrocytes,0.003981694,0.017029125,0.62,0.38,0.38,0.24799999999999997,False,Gpam
Endocrine Cells,0.0069068484,0.027848672,0.605,0.395,0.395,0.266375,False,Gpam
Endothelial Cells,-0.007453857,0.030924391,0.407,0.593,0.407,0.282,False,Gpam
Oligodendrocytes,0.0006160302,0.010232663,0.528,0.472,0.472,0.301,False,Gpam
GABAergic Neurons,-0.00018880778,0.019570177,0.514,0.486,0.486,0.3178181818181818,False,Gpam
Microglia,0.00096787774,0.018178586,0.5,0.5,0.5,0.33299999999999996,False,Gpam
Endocrine Cells,-0.235368,0.029123923,0.0,1.0,0.0,0.0,True,Gpc4
Myocytes,-0.06434152,0.018829213,0.0,1.0,0.0,0.0,True,Gpc4
Oligodendrocyte Precursor Cells,0.011951627,0.011353725,0.849,0.151,0.151,0.050333333333333334,False,Gpc4
Neural Stem Cells,0.016776191,0.021148162,0.777,0.223,0.223,0.0935,False,Gpc4
Neurons,0.006619073,0.013743736,0.693,0.307,0.307,0.13620000000000002,False,Gpc4
Excitatory Neurons,0.0038591728,0.012598675,0.616,0.384,0.384,0.1775,False,Gpc4
Endothelial Cells,-0.009410981,0.030825049,0.39,0.61,0.39,0.20785714285714288,False,Gpc4
Astrocytes,0.0023504873,0.016414683,0.575,0.425,0.425,0.23500000000000001,False,Gpc4
Microglia,-0.0022563878,0.018073238,0.439,0.561,0.439,0.25766666666666665,False,Gpc4
Oligodendrocytes,-0.0012588798,0.010349104,0.466,0.534,0.466,0.2785,False,Gpc4
GABAergic Neurons,-0.0024495316,0.019577112,0.472,0.528,0.472,0.2960909090909091,False,Gpc4
Medium Spiny Neurons,-0.00031884701,0.009551149,0.503,0.497,0.497,0.31283333333333335,False,Gpc4
Oligodendrocyte Precursor Cells,0.023229266,0.012070225,0.982,0.018,0.018,0.018,True,Gpr17
Neurons,0.009905653,0.013817363,0.763,0.237,0.237,0.1275,False,Gpr17
Excitatory Neurons,0.0049880506,0.012445819,0.654,0.346,0.346,0.20033333333333334,False,Gpr17
Myocytes,0.00700819,0.01871078,0.643,0.357,0.357,0.2395,False,Gpr17
Astrocytes,0.0046031363,0.016214915,0.637,0.363,0.363,0.2642,False,Gpr17
Neural Stem Cells,0.0068005365,0.02151385,0.63,0.37,0.37,0.2818333333333333,False,Gpr17
Endothelial Cells,-0.008097529,0.031073777,0.4,0.6,0.4,0.29871428571428565,False,Gpr17
Medium Spiny Neurons,0.0013067509,0.009590344,0.57,0.43,0.43,0.315125,False,Gpr17
Endocrine Cells,0.0028288926,0.027707648,0.542,0.458,0.458,0.331,False,Gpr17
Microglia,-0.0007871582,0.01807608,0.47,0.53,0.47,0.3449,False,Gpr17
GABAergic Neurons,-0.0008706085,0.019492446,0.503,0.497,0.497,0.35872727272727273,False,Gpr17
Oligodendrocytes,-0.00028946076,0.010274725,0.498,0.502,0.498,0.37033333333333335,False,Gpr17
Astrocytes,-0.034601092,0.01856415,0.025,0.975,0.025,0.025,True,Gpr37l1
Neurons,0.015953688,0.013440211,0.884,0.116,0.116,0.07050000000000001,False,Gpr37l1
Medium Spiny Neurons,0.008396094,0.009494811,0.804,0.196,0.196,0.11233333333333334,False,Gpr37l1
Oligodendrocyte Precursor Cells,0.0071923784,0.011909578,0.727,0.273,0.273,0.15250000000000002,False,Gpr37l1
Excitatory Neurons,0.0068761874,0.012678137,0.709,0.291,0.291,0.1802,False,Gpr37l1
Neural Stem Cells,-0.008515103,0.020952186,0.329,0.671,0.329,0.205,False,Gpr37l1
Endothelial Cells,-0.011277963,0.030464858,0.358,0.642,0.358,0.22685714285714287,False,Gpr37l1
Endocrine Cells,0.008270346,0.02773527,0.62,0.38,0.38,0.246,False,Gpr37l1
Myocytes,0.0013293899,0.0187616,0.542,0.458,0.458,0.26955555555555555,False,Gpr37l1
Microglia,-0.0009841312,0.018434709,0.468,0.532,0.468,0.2894,False,Gpr37l1
GABAergic Neurons,-0.00015887326,0.019812554,0.514,0.486,0.486,0.30727272727272725,False,Gpr37l1
Oligodendrocytes,-0.0005244499,0.009905624,0.488,0.512,0.488,0.3223333333333333,False,Gpr37l1
Medium Spiny Neurons,-0.06264705,0.01146266,0.0,1.0,0.0,0.0,True,Gpr88
Myocytes,0.035812773,0.018834362,0.97,0.03,0.03,0.015,True,Gpr88
Oligodendrocyte Precursor Cells,0.013507495,0.011425291,0.886,0.114,0.114,0.04800000000000001,True,Gpr88
Neurons,0.011348521,0.013748517,0.795,0.205,0.205,0.08725,False,Gpr88
Endocrine Cells,0.011574486,0.027743809,0.67,0.33,0.33,0.1358,False,Gpr88
Excitatory Neurons,0.0054233097,0.012630277,0.659,0.341,0.341,0.17,False,Gpr88
GABAergic Neurons,-0.007627743,0.020083169,0.364,0.636,0.364,0.1977142857142857,False,Gpr88
Endothelial Cells,-0.009046668,0.030995145,0.393,0.607,0.393,0.222125,False,Gpr88
Oligodendrocytes,-0.0031283458,0.010245227,0.406,0.594,0.406,0.24255555555555552,False,Gpr88
Microglia,-0.0029859832,0.018143855,0.425,0.575,0.425,0.2608,False,Gpr88
Astrocytes,0.0019689272,0.016257713,0.565,0.435,0.435,0.2766363636363636,False,Gpr88
Neural Stem Cells,0.00011107728,0.021447614,0.5,0.5,0.5,0.29524999999999996,False,Gpr88
Myocytes,0.085401,0.019082831,1.0,0.0,0.0,0.0,True,Gprc5b
Oligodendrocytes,-0.032100488,0.010111811,0.0,1.0,0.0,0.0,True,Gprc5b
Endocrine Cells,0.04063082,0.028197266,0.926,0.074,0.074,0.024666666666666667,True,Gprc5b
Oligodendrocyte Precursor Cells,0.011093984,0.01183761,0.823,0.177,0.177,0.06275,False,Gprc5b
Neural Stem Cells,-0.015557492,0.02029251,0.221,0.779,0.221,0.0944,False,Gprc5b
Neurons,0.010118708,0.013268861,0.775,0.225,0.225,0.11616666666666665,False,Gprc5b
Astrocytes,-0.011252196,0.01755006,0.264,0.736,0.264,0.1372857142857143,False,Gprc5b
Endothelial Cells,-0.013362664,0.030120274,0.33,0.67,0.33,0.161375,False,Gprc5b
Medium Spiny Neurons,0.0023295444,0.00950825,0.608,0.392,0.392,0.18699999999999997,False,Gprc5b
Excitatory Neurons,0.0027058884,0.012726495,0.583,0.417,0.417,0.20999999999999996,False,Gprc5b
Microglia,-0.0016896179,0.018464971,0.453,0.547,0.453,0.23209090909090904,False,Gprc5b
GABAergic Neurons,-0.0006689311,0.020172406,0.505,0.495,0.495,0.25399999999999995,False,Gprc5b
Microglia,0.03808479,0.020226972,0.968,0.032,0.032,0.032,True,Grn
Oligodendrocyte Precursor Cells,0.015054861,0.0114887105,0.905,0.095,0.095,0.0635,False,Grn
Myocytes,0.0216815,0.01889104,0.875,0.125,0.125,0.084,False,Grn
Neurons,0.010551901,0.013722746,0.777,0.223,0.223,0.11875,False,Grn
Excitatory Neurons,0.0049773,0.012534588,0.653,0.347,0.347,0.1644,False,Grn
Astrocytes,0.0048250947,0.016424049,0.639,0.361,0.361,0.19716666666666663,False,Grn
Medium Spiny Neurons,0.002606306,0.009564904,0.623,0.377,0.377,0.22285714285714284,False,Grn
Oligodendrocytes,0.0030289327,0.010211522,0.62,0.38,0.38,0.2425,False,Grn
Endothelial Cells,-0.008968569,0.030774964,0.394,0.606,0.394,0.25933333333333336,False,Grn
Neural Stem Cells,0.0054194396,0.021371737,0.602,0.398,0.398,0.2732,False,Grn
Endocrine Cells,0.0028017885,0.028037293,0.541,0.459,0.459,0.2900909090909091,False,Grn
GABAergic Neurons,-0.00034153127,0.019606471,0.51,0.49,0.49,0.30675,False,Grn
Oligodendrocytes,0.044402067,0.008924437,1.0,0.0,0.0,0.0,True,Gstp1
Oligodendrocyte Precursor Cells,0.017859422,0.011482555,0.942,0.058,0.058,0.029,True,Gstp1
Myocytes,0.021689028,0.018887835,0.875,0.125,0.125,0.061,False,Gstp1
Neurons,0.013465456,0.013533817,0.833,0.167,0.167,0.0875,False,Gstp1
Excitatory Neurons,0.008235214,0.012653845,0.741,0.259,0.259,0.12179999999999999,False,Gstp1
Medium Spiny Neurons,0.005538877,0.009529251,0.727,0.273,0.273,0.147,False,Gstp1
Astrocytes,0.008729702,0.016395247,0.715,0.285,0.285,0.16671428571428573,False,Gstp1
Neural Stem Cells,0.011299975,0.021228444,0.701,0.299,0.299,0.18325,False,Gstp1
Endocrine Cells,0.011080216,0.027986243,0.658,0.342,0.342,0.2008888888888889,False,Gstp1
Endothelial Cells,-0.0050378265,0.030892054,0.441,0.559,0.441,0.22490000000000002,False,Gstp1
GABAergic Neurons,0.0010275993,0.019757174,0.537,0.463,0.463,0.24654545454545457,False,Gstp1
Microglia,0.0014829945,0.018180558,0.513,0.487,0.487,0.26658333333333334,False,Gstp1
Endocrine Cells,0.1438812,0.029421544,1.0,0.0,0.0,0.0,True,H2-D1
Microglia,0.049632434,0.019163769,0.998,0.002,0.002,0.001,True,H2-D1
Oligodendrocytes,0.025162838,0.009949702,0.994,0.006,0.006,0.0026666666666666666,True,H2-D1
Oligodendrocyte Precursor Cells,0.018088134,0.01165884,0.942,0.058,0.058,0.0165,True,H2-D1
Neurons,0.012577769,0.013720671,0.814,0.186,0.186,0.0504,False,H2-D1
Astrocytes,0.013289035,0.016633207,0.796,0.204,0.204,0.076,False,H2-D1
Medium Spiny Neurons,0.0063139624,0.0095463125,0.747,0.253,0.253,0.10128571428571428,False,H2-D1
Excitatory Neurons,0.005692427,0.012484561,0.671,0.329,0.329,0.12975,False,H2-D1
Myocytes,0.0060702777,0.019222463,0.621,0.379,0.379,0.15744444444444444,False,H2-D1
Endothelial Cells,-0.00853561,0.029563528,0.394,0.606,0.394,0.18109999999999998,False,H2-D1
Neural Stem Cells,0.0018840965,0.021122,0.534,0.466,0.466,0.20700000000000002,False,H2-D1
GABAergic Neurons,0.00010260404,0.019551089,0.519,0.481,0.481,0.22983333333333333,False,H2-D1
Myocytes,-0.054985076,0.01882916,0.0,1.0,0.0,0.0,True,H2-K1
Microglia,0.029597687,0.01884978,0.943,0.057,0.057,0.0285,True,H2-K1
Oligodendrocyte Precursor Cells,0.014658775,0.011524478,0.9,0.1,0.1,0.052333333333333336,False,H2-K1
Oligodendrocytes,0.0084672095,0.010114998,0.794,0.206,0.206,0.09075,False,H2-K1
Neurons,0.011092038,0.013769841,0.787,0.213,0.213,0.1152,False,H2-K1
Neural Stem Cells,-0.014783079,0.021222059,0.237,0.763,0.237,0.13549999999999998,False,H2-K1
Endothelial Cells,-0.01479787,0.03003325,0.308,0.692,0.308,0.16014285714285714,False,H2-K1
Astrocytes,0.007181611,0.016613,0.685,0.315,0.315,0.1795,False,H2-K1
Excitatory Neurons,0.004939984,0.0124566825,0.653,0.347,0.347,0.1981111111111111,False,H2-K1
Medium Spiny Neurons,0.0013312575,0.009537891,0.57,0.43,0.43,0.2213,False,H2-K1
Endocrine Cells,0.0032089553,0.028781671,0.545,0.455,0.455,0.24254545454545456,False,H2-K1
GABAergic Neurons,-0.0010055524,0.019508922,0.501,0.499,0.499,0.2639166666666667,False,H2-K1
Oligodendrocyte Precursor Cells,0.013484086,0.011345129,0.886,0.114,0.114,0.114,False,Hcn2
Neurons,0.011046057,0.013714886,0.787,0.213,0.213,0.1635,False,Hcn2
Astrocytes,0.0060816654,0.016275864,0.661,0.339,0.339,0.222,False,Hcn2
Excitatory Neurons,0.0049336683,0.012517157,0.653,0.347,0.347,0.25325,False,Hcn2
Neural Stem Cells,0.008203862,0.021513736,0.649,0.351,0.351,0.2728,False,Hcn2
Oligodendrocytes,0.0031450028,0.00974375,0.63,0.37,0.37,0.289,False,Hcn2
Endothelial Cells,-0.007861618,0.031023659,0.402,0.598,0.402,0.30514285714285716,False,Hcn2
Myocytes,0.003989633,0.018721139,0.588,0.412,0.412,0.3185,False,Hcn2
Endocrine Cells,0.005482172,0.02773362,0.586,0.414,0.414,0.32911111111111113,False,Hcn2
Medium Spiny Neurons,0.001323897,0.009560841,0.57,0.43,0.43,0.33920000000000006,False,Hcn2
Microglia,-0.000989186,0.01810638,0.467,0.533,0.467,0.35081818181818186,False,Hcn2
GABAergic Neurons,-0.00039277636,0.019655677,0.509,0.491,0.491,0.36250000000000004,False,Hcn2
Endocrine Cells,0.051680647,0.028440144,0.964,0.036,0.036,0.036,True,Hexb
Microglia,-0.0538102,0.030164462,0.04,0.96,0.04,0.038,True,Hexb
Oligodendrocyte Precursor Cells,0.015977519,0.011615295,0.915,0.085,0.085,0.05366666666666667,False,Hexb
Neurons,0.010420654,0.013657002,0.775,0.225,0.225,0.0965,False,Hexb
Medium Spiny Neurons,0.0054772045,0.009528708,0.724,0.276,0.276,0.13240000000000002,False,Hexb
Excitatory Neurons,0.0047580977,0.012566883,0.647,0.353,0.353,0.1691666666666667,False,Hexb
Endothelial Cells,-0.011190845,0.030633837,0.361,0.639,0.361,0.1965714285714286,False,Hexb
Astrocytes,0.0039262576,0.016607821,0.62,0.38,0.38,0.21950000000000003,False,Hexb
Neural Stem Cells,0.0030141799,0.021157287,0.561,0.439,0.439,0.24388888888888893,False,Hexb
Oligodendrocytes,0.0004819029,0.009989419,0.523,0.477,0.477,0.2672,False,Hexb
Myocytes,-0.0004850751,0.018826164,0.51,0.49,0.49,0.28745454545454546,False,Hexb
GABAergic Neurons,-0.00047815705,0.019678036,0.507,0.493,0.493,0.3045833333333333,False,Hexb
Myocytes,0.04234648,0.018914618,0.99,0.01,0.01,0.01,True,Hipk2
Oligodendrocyte Precursor Cells,0.013541853,0.011633856,0.879,0.121,0.121,0.0655,False,Hipk2
Neurons,0.009388634,0.013635121,0.757,0.243,0.243,0.12466666666666666,False,Hipk2
Endocrine Cells,-0.016589036,0.02796775,0.28,0.72,0.28,0.1635,False,Hipk2
Oligodendrocytes,-0.0049215993,0.0096636005,0.322,0.678,0.322,0.19519999999999998,False,Hipk2
Astrocytes,0.005656746,0.01650865,0.649,0.351,0.351,0.22116666666666665,False,Hipk2
Endothelial Cells,-0.011307291,0.030857153,0.36,0.64,0.36,0.24099999999999996,False,Hipk2
Excitatory Neurons,0.0041497666,0.012552846,0.626,0.374,0.374,0.257625,False,Hipk2
Neural Stem Cells,0.0044429083,0.021090683,0.591,0.409,0.409,0.27444444444444444,False,Hipk2
Medium Spiny Neurons,-0.0012235637,0.009547253,0.454,0.546,0.454,0.2924,False,Hipk2
Microglia,0.0004149675,0.018252008,0.492,0.508,0.492,0.3105454545454545,False,Hipk2
GABAergic Neurons,-0.0005565698,0.019676372,0.505,0.495,0.495,0.3259166666666667,False,Hipk2
Endocrine Cells,-0.059497252,0.028432177,0.017,0.983,0.017,0.017,True,Hist1h2bc
Myocytes,-0.024160229,0.018864188,0.1,0.9,0.1,0.0585,False,Hist1h2bc
Oligodendrocyte Precursor Cells,0.014168161,0.011546643,0.894,0.106,0.106,0.07433333333333333,False,Hist1h2bc
Neurons,0.0096061835,0.01368932,0.758,0.242,0.242,0.11624999999999999,False,Hist1h2bc
Oligodendrocytes,-0.006866771,0.0100203715,0.248,0.752,0.248,0.1426,False,Hist1h2bc
Medium Spiny Neurons,-0.005004161,0.009493815,0.311,0.689,0.311,0.17066666666666666,False,Hist1h2bc
Neural Stem Cells,-0.007711834,0.02089969,0.348,0.652,0.348,0.19599999999999998,False,Hist1h2bc
Excitatory Neurons,0.0040560183,0.012590206,0.621,0.379,0.379,0.218875,False,Hist1h2bc
Endothelial Cells,-0.009181282,0.030512866,0.39,0.61,0.39,0.2378888888888889,False,Hist1h2bc
Astrocytes,0.0024191542,0.016784694,0.576,0.424,0.424,0.2565,False,Hist1h2bc
Microglia,-0.000952862,0.018242516,0.468,0.532,0.468,0.2757272727272727,False,Hist1h2bc
GABAergic Neurons,-0.002194359,0.019673875,0.477,0.523,0.477,0.2925,False,Hist1h2bc
Oligodendrocyte Precursor Cells,0.013822588,0.0113874115,0.89,0.11,0.11,0.11,False,Hopx
Myocytes,0.014463756,0.018755902,0.765,0.235,0.235,0.1725,False,Hopx
Neurons,0.008513352,0.013684051,0.732,0.268,0.268,0.20433333333333334,False,Hopx
Endocrine Cells,0.011827737,0.027893681,0.675,0.325,0.325,0.2345,False,Hopx
Endothelial Cells,-0.011226958,0.030840205,0.361,0.639,0.361,0.2598,False,Hopx
Excitatory Neurons,0.003824959,0.012532388,0.616,0.384,0.384,0.28049999999999997,False,Hopx
Microglia,-0.0034635726,0.018130803,0.42,0.58,0.42,0.3004285714285714,False,Hopx
Astrocytes,-0.002592852,0.0165758,0.454,0.546,0.454,0.319625,False,Hopx
Neural Stem Cells,-0.0012862186,0.021371454,0.461,0.539,0.461,0.3353333333333333,False,Hopx
Oligodendrocytes,-0.00094894355,0.010257467,0.474,0.526,0.474,0.3492,False,Hopx
Medium Spiny Neurons,-0.0008292504,0.0095372945,0.479,0.521,0.479,0.361,False,Hopx
GABAergic Neurons,-0.0016802025,0.019639328,0.491,0.509,0.491,0.3718333333333333,False,Hopx
Myocytes,0.028846757,0.018793514,0.94,0.06,0.06,0.06,False,Htr2c
Oligodendrocyte Precursor Cells,0.013600228,0.011301704,0.888,0.112,0.112,0.086,False,Htr2c
Neurons,0.00607346,0.013584401,0.677,0.323,0.323,0.165,False,Htr2c
Excitatory Neurons,0.0047152387,0.012524274,0.647,0.353,0.353,0.212,False,Htr2c
Endothelial Cells,-0.010918691,0.03083426,0.362,0.638,0.362,0.242,False,Htr2c
Astrocytes,0.0038452956,0.016231705,0.62,0.38,0.38,0.26499999999999996,False,Htr2c
Medium Spiny Neurons,-0.0021734335,0.009533465,0.415,0.585,0.415,0.2864285714285714,False,Htr2c
Neural Stem Cells,0.003892309,0.021551643,0.576,0.424,0.424,0.303625,False,Htr2c
GABAergic Neurons,-0.004400072,0.019689633,0.425,0.575,0.425,0.31711111111111107,False,Htr2c
Endocrine Cells,0.0045236973,0.027715208,0.568,0.432,0.432,0.32859999999999995,False,Htr2c
Microglia,-0.001125578,0.018077808,0.466,0.534,0.466,0.34109090909090906,False,Htr2c
Oligodendrocytes,-0.0012827924,0.010338407,0.466,0.534,0.466,0.3515,False,Htr2c
Endocrine Cells,0.0288326,0.028000446,0.843,0.157,0.157,0.157,False,Id2
Astrocytes,-0.014509906,0.017009903,0.192,0.808,0.192,0.1745,False,Id2
Neurons,0.009940624,0.013652546,0.766,0.234,0.234,0.19433333333333333,False,Id2
Oligodendrocyte Precursor Cells,0.005801127,0.011668849,0.695,0.305,0.305,0.22199999999999998,False,Id2
Endothelial Cells,-0.013425202,0.030700583,0.334,0.666,0.334,0.2444,False,Id2
Neural Stem Cells,0.007889996,0.02127301,0.645,0.355,0.355,0.2628333333333333,False,Id2
Myocytes,0.0035823176,0.018756803,0.58,0.42,0.42,0.28528571428571425,False,Id2
Oligodendrocytes,-0.0022991165,0.010202562,0.433,0.567,0.433,0.30374999999999996,False,Id2
Medium Spiny Neurons,0.0010708955,0.009534477,0.562,0.438,0.438,0.31866666666666665,False,Id2
GABAergic Neurons,-0.0036411097,0.019857973,0.441,0.559,0.441,0.33089999999999997,False,Id2
Microglia,-0.0008316618,0.01826071,0.468,0.532,0.468,0.3433636363636363,False,Id2
Excitatory Neurons,-0.0005394143,0.012944013,0.491,0.509,0.491,0.35566666666666663,False,Id2
Endocrine Cells,0.11014321,0.028600093,1.0,0.0,0.0,0.0,True,Id4
Myocytes,0.027919259,0.018801784,0.932,0.068,0.068,0.034,True,Id4
Neural Stem Cells,-0.0301899,0.020112205,0.075,0.925,0.075,0.04766666666666667,True,Id4
Oligodendrocyte Precursor Cells,0.015257649,0.011554108,0.907,0.093,0.093,0.059000000000000004,False,Id4
Neurons,0.015370934,0.013311033,0.876,0.124,0.124,0.072,False,Id4
Medium Spiny Neurons,0.007543218,0.009704007,0.777,0.223,0.223,0.09716666666666667,False,Id4
Astrocytes,0.0095030805,0.01719932,0.726,0.274,0.274,0.12242857142857143,False,Id4
Excitatory Neurons,0.005416245,0.012549071,0.661,0.339,0.339,0.1495,False,Id4
Oligodendrocytes,0.0020139571,0.010133864,0.583,0.417,0.417,0.17922222222222223,False,Id4
Endothelial Cells,-0.005801174,0.030714618,0.428,0.572,0.428,0.2041,False,Id4
GABAergic Neurons,-0.0016120909,0.019946482,0.492,0.508,0.492,0.23027272727272727,False,Id4
Microglia,0.0006713134,0.01826692,0.496,0.504,0.496,0.2524166666666667,False,Id4
Oligodendrocyte Precursor Cells,0.013773941,0.011441715,0.888,0.112,0.112,0.112,False,Ifngr1
Neurons,0.009681234,0.013761113,0.759,0.241,0.241,0.1765,False,Ifngr1
Excitatory Neurons,0.0049288566,0.012466506,0.653,0.347,0.347,0.2333333333333333,False,Ifngr1
Astrocytes,0.0037092827,0.016392328,0.614,0.386,0.386,0.27149999999999996,False,Ifngr1
Endothelial Cells,-0.009031873,0.030833278,0.393,0.607,0.393,0.29579999999999995,False,Ifngr1
Microglia,-0.0034898366,0.019659068,0.424,0.576,0.424,0.31716666666666665,False,Ifngr1
Medium Spiny Neurons,0.0008076644,0.009530753,0.555,0.445,0.445,0.3354285714285714,False,Ifngr1
Oligodendrocytes,0.001060115,0.010272987,0.549,0.451,0.451,0.349875,False,Ifngr1
Neural Stem Cells,-0.0018567261,0.02139265,0.453,0.547,0.453,0.3613333333333333,False,Ifngr1
Myocytes,-0.0023967584,0.018824859,0.462,0.538,0.462,0.3714,False,Ifngr1
Endocrine Cells,0.0009979267,0.027947677,0.524,0.476,0.476,0.38090909090909086,False,Ifngr1
GABAergic Neurons,-0.0008988454,0.01953529,0.502,0.498,0.498,0.39066666666666666,False,Ifngr1
Myocytes,0.031676777,0.018882459,0.952,0.048,0.048,0.048,True,Igf1r
Oligodendrocyte Precursor Cells,0.01361457,0.011407981,0.886,0.114,0.114,0.081,False,Igf1r
Neurons,0.010099811,0.013730607,0.769,0.231,0.231,0.131,False,Igf1r
Endocrine Cells,0.016817937,0.028268551,0.733,0.267,0.267,0.165,False,Igf1r
Neural Stem Cells,0.0096219005,0.021198912,0.675,0.325,0.325,0.197,False,Igf1r
Excitatory Neurons,0.005656257,0.012540928,0.667,0.333,0.333,0.21966666666666668,False,Igf1r
Astrocytes,0.0041115894,0.016328022,0.628,0.372,0.372,0.2414285714285714,False,Igf1r
Medium Spiny Neurons,0.002453395,0.009529877,0.615,0.385,0.385,0.259375,False,Igf1r
Endothelial Cells,-0.0045502144,0.030484064,0.446,0.554,0.446,0.28011111111111114,False,Igf1r
Oligodendrocytes,0.0007991834,0.010256909,0.538,0.462,0.462,0.29830000000000007,False,Igf1r
Microglia,-0.00011546165,0.018124694,0.486,0.514,0.486,0.3153636363636364,False,Igf1r
GABAergic Neurons,-0.0014214431,0.019578338,0.494,0.506,0.494,0.33025,False,Igf1r
Myocytes,0.10127743,0.019530341,1.0,0.0,0.0,0.0,True,Igf2
Endocrine Cells,0.05364738,0.028228438,0.969,0.031,0.031,0.0155,True,Igf2
Oligodendrocyte Precursor Cells,0.012838595,0.011263537,0.875,0.125,0.125,0.052,False,Igf2
Endothelial Cells,-0.020496232,0.028811507,0.242,0.758,0.242,0.0995,False,Igf2
Neurons,0.008455146,0.013803018,0.728,0.272,0.272,0.134,False,Igf2
Excitatory Neurons,0.0043018875,0.01243769,0.633,0.367,0.367,0.1728333333333333,False,Igf2
Astrocytes,0.0038055426,0.016775625,0.614,0.386,0.386,0.2032857142857143,False,Igf2
Microglia,-0.0026595953,0.018065352,0.431,0.569,0.431,0.23175,False,Igf2
Neural Stem Cells,0.003398522,0.021401849,0.568,0.432,0.432,0.254,False,Igf2
Medium Spiny Neurons,0.00087693933,0.009549547,0.557,0.443,0.443,0.27290000000000003,False,Igf2
Oligodendrocytes,-0.0018369039,0.010334593,0.447,0.553,0.447,0.2887272727272727,False,Igf2
GABAergic Neurons,-0.0014844341,0.019481024,0.492,0.508,0.492,0.3056666666666667,False,Igf2
Microglia,-0.038881943,0.018717336,0.02,0.98,0.02,0.02,True,Ighm
Oligodendrocyte Precursor Cells,0.013359769,0.011260822,0.886,0.114,0.114,0.067,False,Ighm
Neurons,0.009243112,0.013819264,0.752,0.248,0.248,0.12733333333333333,False,Ighm
Excitatory Neurons,0.0058983685,0.012528227,0.676,0.324,0.324,0.1765,False,Ighm
Endothelial Cells,-0.01046439,0.031027285,0.374,0.626,0.374,0.21600000000000003,False,Ighm
Astrocytes,0.0029486069,0.01623184,0.596,0.404,0.404,0.24733333333333332,False,Ighm
Endocrine Cells,0.0045401226,0.02773749,0.568,0.432,0.432,0.2737142857142857,False,Ighm
Medium Spiny Neurons,-0.001689135,0.009571681,0.438,0.562,0.438,0.29425,False,Ighm
Myocytes,-0.0035580194,0.018714486,0.438,0.562,0.438,0.31022222222222223,False,Ighm
Neural Stem Cells,0.0029267813,0.021542683,0.559,0.441,0.441,0.32330000000000003,False,Ighm
Oligodendrocytes,-0.0013117845,0.010333984,0.466,0.534,0.466,0.3362727272727273,False,Ighm
GABAergic Neurons,-0.0010610854,0.019509863,0.5,0.5,0.5,0.34991666666666665,False,Ighm
Oligodendrocyte Precursor Cells,0.018345917,0.0114893215,0.947,0.053,0.053,0.053,False,Igsf11
Oligodendrocytes,0.009863185,0.009739825,0.849,0.151,0.151,0.102,False,Igsf11
Neurons,0.011935946,0.013720543,0.808,0.192,0.192,0.132,False,Igsf11
Myocytes,0.014818419,0.018755859,0.775,0.225,0.225,0.15525,False,Igsf11
Excitatory Neurons,0.005970292,0.012561846,0.678,0.322,0.322,0.18860000000000002,False,Igsf11
Astrocytes,0.0063292496,0.016941616,0.661,0.339,0.339,0.21366666666666667,False,Igsf11
Neural Stem Cells,0.007182895,0.021106502,0.636,0.364,0.364,0.23514285714285713,False,Igsf11
Medium Spiny Neurons,0.0019877905,0.009486352,0.598,0.402,0.402,0.256,False,Igsf11
Endothelial Cells,-0.0066243988,0.030988112,0.415,0.585,0.415,0.27366666666666667,False,Igsf11
Endocrine Cells,-0.0010334749,0.027784511,0.495,0.505,0.495,0.2958,False,Igsf11
Microglia,0.00086916506,0.018145952,0.498,0.502,0.498,0.31418181818181823,False,Igsf11
GABAergic Neurons,-0.0010937687,0.019867115,0.5,0.5,0.5,0.3296666666666667,False,Igsf11
Oligodendrocyte Precursor Cells,0.014484589,0.011491674,0.899,0.101,0.101,0.101,False,Il18
Neurons,0.010230326,0.0137804225,0.77,0.23,0.23,0.1655,False,Il18
Excitatory Neurons,0.004791491,0.012460587,0.65,0.35,0.35,0.227,False,Il18
Myocytes,0.007114689,0.01872192,0.644,0.356,0.356,0.25925,False,Il18
Medium Spiny Neurons,0.0026960196,0.009538114,0.627,0.373,0.373,0.282,False,Il18
Endothelial Cells,-0.00788424,0.031021276,0.401,0.599,0.401,0.30183333333333334,False,Il18
Oligodendrocytes,-0.0032597014,0.010285356,0.405,0.595,0.405,0.3165714285714286,False,Il18
Microglia,-0.0020349836,0.018115347,0.446,0.554,0.446,0.33275000000000005,False,Il18
Astrocytes,0.00026941468,0.016523523,0.525,0.475,0.475,0.3485555555555556,False,Il18
Neural Stem Cells,0.0012057273,0.021459607,0.521,0.479,0.479,0.36160000000000003,False,Il18
Endocrine Cells,0.00038392982,0.027775982,0.512,0.488,0.488,0.3730909090909092,False,Il18
GABAergic Neurons,-0.0015424463,0.01951828,0.492,0.508,0.492,0.38300000000000006,False,Il18
Oligodendrocytes,-0.03831326,0.010223709,0.0,1.0,0.0,0.0,True,Il33
Endocrine Cells,0.037397426,0.02786207,0.911,0.089,0.089,0.0445,True,Il33
Oligodendrocyte Precursor Cells,0.01373028,0.011291427,0.89,0.11,0.11,0.06633333333333334,False,Il33
Medium Spiny Neurons,0.008216503,0.009584187,0.797,0.203,0.203,0.1005,False,Il33
Neurons,0.010563295,0.0137980245,0.776,0.224,0.224,0.1252,False,Il33
Excitatory Neurons,0.004666101,0.012466363,0.644,0.356,0.356,0.16366666666666665,False,Il33
Myocytes,0.0069295242,0.018746292,0.64,0.36,0.36,0.19171428571428573,False,Il33
Endothelial Cells,-0.008435631,0.030970193,0.398,0.602,0.398,0.21750000000000003,False,Il33
Astrocytes,0.0029220018,0.016422434,0.593,0.407,0.407,0.23855555555555558,False,Il33
Microglia,-0.0016208134,0.018089779,0.453,0.547,0.453,0.26,False,Il33
Neural Stem Cells,0.0013002902,0.021563975,0.524,0.476,0.476,0.2796363636363636,False,Il33
GABAergic Neurons,-0.0012603935,0.019521007,0.496,0.504,0.496,0.2976666666666667,False,Il33
Endocrine Cells,0.04284519,0.028619174,0.933,0.067,0.067,0.067,False,Il6st
Oligodendrocyte Precursor Cells,0.016440976,0.011645361,0.921,0.079,0.079,0.07300000000000001,False,Il6st
Microglia,-0.018983798,0.018386008,0.153,0.847,0.153,0.09966666666666668,False,Il6st
Myocytes,-0.019853106,0.018896129,0.154,0.846,0.154,0.11325000000000002,False,Il6st
Neurons,0.010294783,0.013636289,0.772,0.228,0.228,0.13620000000000002,False,Il6st
Endothelial Cells,-0.0104715815,0.030446514,0.368,0.632,0.368,0.1748333333333333,False,Il6st
Excitatory Neurons,0.004243483,0.012533557,0.629,0.371,0.371,0.20285714285714285,False,Il6st
Astrocytes,0.0033090536,0.016683027,0.6,0.4,0.4,0.22749999999999998,False,Il6st
Neural Stem Cells,-0.002031254,0.021156302,0.45,0.55,0.45,0.25222222222222224,False,Il6st
Medium Spiny Neurons,0.00063863606,0.009514586,0.549,0.451,0.451,0.2721,False,Il6st
Oligodendrocytes,0.00072107534,0.010055637,0.532,0.468,0.468,0.2899090909090909,False,Il6st
GABAergic Neurons,-0.0012430229,0.019691061,0.496,0.504,0.496,0.3070833333333333,False,Il6st
Myocytes,0.021202601,0.018827727,0.868,0.132,0.132,0.132,False,Inpp4b
Oligodendrocyte Precursor Cells,0.0108194,0.0114163235,0.828,0.172,0.172,0.152,False,Inpp4b
Neurons,0.009583386,0.013632376,0.759,0.241,0.241,0.18166666666666664,False,Inpp4b
Microglia,-0.010175613,0.018193373,0.29,0.71,0.29,0.20875,False,Inpp4b
Astrocytes,0.0054454845,0.016245918,0.649,0.351,0.351,0.2372,False,Inpp4b
Excitatory Neurons,0.0045349267,0.012479425,0.64,0.36,0.36,0.25766666666666665,False,Inpp4b
Endothelial Cells,-0.007134634,0.030861385,0.409,0.591,0.409,0.27928571428571425,False,Inpp4b
Medium Spiny Neurons,0.0008214911,0.009583793,0.555,0.445,0.445,0.3,False,Inpp4b
Endocrine Cells,0.003577894,0.02773905,0.551,0.449,0.449,0.31655555555555553,False,Inpp4b
GABAergic Neurons,-0.00033640023,0.019642845,0.51,0.49,0.49,0.3339,False,Inpp4b
Oligodendrocytes,-9.008581e-06,0.010343592,0.51,0.49,0.49,0.34809090909090906,False,Inpp4b
Neural Stem Cells,-5.789944e-05,0.021518707,0.499,0.501,0.499,0.36066666666666664,False,Inpp4b
Oligodendrocyte Precursor Cells,0.01359032,0.011311902,0.888,0.112,0.112,0.112,False,Iqgap1
Neurons,0.009565916,0.013783573,0.757,0.243,0.243,0.1775,False,Iqgap1
Endocrine Cells,0.015592161,0.028179508,0.723,0.277,0.277,0.21066666666666667,False,Iqgap1
Excitatory Neurons,0.004988156,0.012467507,0.654,0.346,0.346,0.2445,False,Iqgap1
Myocytes,0.0072340276,0.01880273,0.645,0.355,0.355,0.2666,False,Iqgap1
Astrocytes,0.00410691,0.016294008,0.628,0.372,0.372,0.2841666666666667,False,Iqgap1
Endothelial Cells,-0.009467134,0.030650461,0.389,0.611,0.389,0.2991428571428572,False,Iqgap1
Neural Stem Cells,0.003390259,0.021339318,0.568,0.432,0.432,0.31575000000000003,False,Iqgap1
Medium Spiny Neurons,0.00083247595,0.0095431395,0.556,0.444,0.444,0.33,False,Iqgap1
Microglia,-0.00019787834,0.018089889,0.485,0.515,0.485,0.34550000000000003,False,Iqgap1
Oligodendrocytes,5.037207e-05,0.010328331,0.513,0.487,0.487,0.3583636363636364,False,Iqgap1
GABAergic Neurons,-0.0010682989,0.019514674,0.5,0.5,0.5,0.3701666666666667,False,Iqgap1
Oligodendrocyte Precursor Cells,0.013699014,0.011265132,0.89,0.11,0.11,0.11,False,Irgm2
Neurons,0.009629853,0.013812525,0.757,0.243,0.243,0.1765,False,Irgm2
Myocytes,-0.011082298,0.018742127,0.283,0.717,0.283,0.21199999999999997,False,Irgm2
Excitatory Neurons,0.004725743,0.012437772,0.649,0.351,0.351,0.24674999999999997,False,Irgm2
Microglia,-0.0071040373,0.018268224,0.351,0.649,0.351,0.26759999999999995,False,Irgm2
Astrocytes,0.005143647,0.016279586,0.645,0.355,0.355,0.2821666666666666,False,Irgm2
Endocrine Cells,0.00856434,0.027944937,0.628,0.372,0.372,0.295,False,Irgm2
Endothelial Cells,-0.007884896,0.030725947,0.401,0.599,0.401,0.30825,False,Irgm2
Medium Spiny Neurons,0.0012079375,0.009549897,0.564,0.436,0.436,0.3224444444444445,False,Irgm2
Neural Stem Cells,0.0007938003,0.021441747,0.514,0.486,0.486,0.3388,False,Irgm2
Oligodendrocytes,-0.00041226574,0.010358173,0.493,0.507,0.493,0.3528181818181818,False,Irgm2
GABAergic Neurons,-0.0013581591,0.019477962,0.496,0.504,0.496,0.36474999999999996,False,Irgm2
Myocytes,-0.051291753,0.019039024,0.001,0.999,0.001,0.001,True,Itgb1
Oligodendrocyte Precursor Cells,0.014071715,0.011773861,0.886,0.114,0.114,0.0575,False,Itgb1
Neurons,0.011389157,0.013618587,0.798,0.202,0.202,0.10566666666666667,False,Itgb1
Endocrine Cells,-0.020782512,0.02867354,0.236,0.764,0.236,0.13824999999999998,False,Itgb1
Oligodendrocytes,0.0065441076,0.009921199,0.747,0.253,0.253,0.16119999999999998,False,Itgb1
Neural Stem Cells,0.009998422,0.02101161,0.681,0.319,0.319,0.1875,False,Itgb1
Astrocytes,0.0051664934,0.016534531,0.645,0.355,0.355,0.21142857142857144,False,Itgb1
Excitatory Neurons,0.0044745747,0.012570608,0.639,0.361,0.361,0.230125,False,Itgb1
Endothelial Cells,-0.009989692,0.029943442,0.378,0.622,0.378,0.24655555555555553,False,Itgb1
Medium Spiny Neurons,0.0024225286,0.009513391,0.614,0.386,0.386,0.2605,False,Itgb1
Microglia,-0.0008118026,0.01852531,0.469,0.531,0.469,0.27945454545454546,False,Itgb1
GABAergic Neurons,-0.0013377854,0.019681124,0.496,0.504,0.496,0.2975,False,Itgb1
Endocrine Cells,0.048100714,0.028284084,0.954,0.046,0.046,0.046,True,Itgb5
Oligodendrocyte Precursor Cells,0.01253423,0.011330455,0.866,0.134,0.134,0.09,False,Itgb5
Neurons,0.009949171,0.013749629,0.765,0.235,0.235,0.13833333333333334,False,Itgb5
Myocytes,-0.01105288,0.01878146,0.286,0.714,0.286,0.17525,False,Itgb5
Microglia,0.009857703,0.020240078,0.689,0.311,0.311,0.2024,False,Itgb5
Neural Stem Cells,-0.0071652,0.021222496,0.36,0.64,0.36,0.22866666666666666,False,Itgb5
Excitatory Neurons,0.004514595,0.012471342,0.639,0.361,0.361,0.24757142857142855,False,Itgb5
Endothelial Cells,-0.010509742,0.030719412,0.37,0.63,0.37,0.26287499999999997,False,Itgb5
Astrocytes,0.0014500031,0.016525568,0.555,0.445,0.445,0.2831111111111111,False,Itgb5
Medium Spiny Neurons,0.0006266629,0.009529717,0.549,0.451,0.451,0.29989999999999994,False,Itgb5
Oligodendrocytes,-0.00090967293,0.010278822,0.474,0.526,0.474,0.3157272727272727,False,Itgb5
GABAergic Neurons,-0.0015635259,0.019532546,0.492,0.508,0.492,0.33041666666666664,False,Itgb5
Endocrine Cells,0.13951577,0.029199254,1.0,0.0,0.0,0.0,True,Itih5
Oligodendrocyte Precursor Cells,0.013496342,0.011430969,0.885,0.115,0.115,0.0575,False,Itih5
Myocytes,0.021207202,0.018969484,0.866,0.134,0.134,0.083,False,Itih5
Neurons,0.01101301,0.013741287,0.785,0.215,0.215,0.11599999999999999,False,Itih5
Astrocytes,0.011110341,0.01670536,0.754,0.246,0.246,0.142,False,Itih5
Medium Spiny Neurons,0.005375788,0.00952729,0.722,0.278,0.278,0.16466666666666666,False,Itih5
Endothelial Cells,-0.012913175,0.029132081,0.331,0.669,0.331,0.18842857142857142,False,Itih5
Excitatory Neurons,0.0055029006,0.012459967,0.664,0.336,0.336,0.206875,False,Itih5
Neural Stem Cells,0.0041510654,0.021390118,0.582,0.418,0.418,0.23033333333333333,False,Itih5
Microglia,-0.00091962575,0.018137995,0.468,0.532,0.468,0.2541,False,Itih5
Oligodendrocytes,-0.0009979288,0.010234388,0.473,0.527,0.473,0.27399999999999997,False,Itih5
GABAergic Neurons,-4.9340255e-05,0.019557571,0.516,0.484,0.484,0.2915,False,Itih5
Oligodendrocyte Precursor Cells,0.012880782,0.011485203,0.872,0.128,0.128,0.128,False,Itpkb
Myocytes,0.017086973,0.01882392,0.808,0.192,0.192,0.16,False,Itpkb
Neurons,0.009711236,0.013732836,0.761,0.239,0.239,0.18633333333333332,False,Itpkb
Excitatory Neurons,0.0048791436,0.012472915,0.653,0.347,0.347,0.22649999999999998,False,Itpkb
Neural Stem Cells,-0.0052674683,0.02137879,0.394,0.606,0.394,0.25999999999999995,False,Itpkb
Endocrine Cells,0.0065843966,0.027837804,0.601,0.399,0.399,0.2831666666666666,False,Itpkb
Endothelial Cells,-0.0081308335,0.030728651,0.4,0.6,0.4,0.2998571428571428,False,Itpkb
Astrocytes,0.0020539397,0.016553987,0.567,0.433,0.433,0.31649999999999995,False,Itpkb
Microglia,-0.00067504775,0.018172,0.473,0.527,0.473,0.33388888888888885,False,Itpkb
Medium Spiny Neurons,3.8179396e-06,0.009580451,0.516,0.484,0.484,0.34889999999999993,False,Itpkb
Oligodendrocytes,-0.00057440245,0.010305983,0.487,0.513,0.487,0.3614545454545454,False,Itpkb
GABAergic Neurons,-0.0010044586,0.019518975,0.501,0.499,0.499,0.3729166666666666,False,Itpkb
Oligodendrocyte Precursor Cells,0.015207585,0.011709447,0.903,0.097,0.097,0.097,False,Jam2
Myocytes,-0.019137755,0.018735297,0.164,0.836,0.164,0.1305,False,Jam2
Neurons,0.010320405,0.013735699,0.77,0.23,0.23,0.16366666666666665,False,Jam2
Excitatory Neurons,0.004595054,0.012465554,0.642,0.358,0.358,0.21225,False,Jam2
Endothelial Cells,-0.010202331,0.030666828,0.38,0.62,0.38,0.24580000000000002,False,Jam2
Microglia,-0.0039524077,0.0181523,0.409,0.591,0.409,0.273,False,Jam2
Medium Spiny Neurons,0.00093670696,0.009539329,0.56,0.44,0.44,0.2968571428571429,False,Jam2
Astrocytes,0.0017416271,0.016482178,0.558,0.442,0.442,0.31500000000000006,False,Jam2
Neural Stem Cells,0.0015475478,0.0213335,0.529,0.471,0.471,0.33233333333333337,False,Jam2
GABAergic Neurons,-0.0017402099,0.019573236,0.488,0.512,0.488,0.34790000000000004,False,Jam2
Endocrine Cells,-0.0011906154,0.027796952,0.492,0.508,0.492,0.36100000000000004,False,Jam2
Oligodendrocytes,-0.00021297867,0.010294024,0.504,0.496,0.496,0.37225,False,Jam2
Myocytes,-0.045999415,0.019465856,0.006,0.994,0.006,0.006,True,Jun
Endocrine Cells,0.038914766,0.02833343,0.915,0.085,0.085,0.045500000000000006,True,Jun
Neural Stem Cells,0.023780635,0.020319087,0.874,0.126,0.126,0.07233333333333335,False,Jun
Neurons,0.010049305,0.01332313,0.771,0.229,0.229,0.11150000000000002,False,Jun
Endothelial Cells,-0.020880489,0.030096365,0.249,0.751,0.249,0.139,False,Jun
Excitatory Neurons,0.004476545,0.01300184,0.632,0.368,0.368,0.1771666666666667,False,Jun
Microglia,-0.005054451,0.018503087,0.383,0.617,0.383,0.2065714285714286,False,Jun
Medium Spiny Neurons,0.0016960191,0.009503297,0.588,0.412,0.412,0.23225,False,Jun
Oligodendrocytes,-0.00082329975,0.009117327,0.474,0.526,0.474,0.25911111111111107,False,Jun
Astrocytes,-0.0016816409,0.016718257,0.477,0.523,0.477,0.2809,False,Jun
GABAergic Neurons,-0.00070915325,0.01994939,0.505,0.495,0.495,0.30036363636363633,False,Jun
Oligodendrocyte Precursor Cells,-0.0003194163,0.011879444,0.498,0.502,0.498,0.3168333333333333,False,Jun
Oligodendrocyte Precursor Cells,0.015000972,0.011328903,0.907,0.093,0.093,0.093,False,Kcnab3
Neurons,0.009952112,0.013689823,0.766,0.234,0.234,0.1635,False,Kcnab3
Myocytes,0.008678256,0.018733876,0.674,0.326,0.326,0.21766666666666667,False,Kcnab3
Endocrine Cells,0.01073062,0.027805299,0.655,0.345,0.345,0.2495,False,Kcnab3
Astrocytes,0.00451035,0.016238255,0.635,0.365,0.365,0.2726,False,Kcnab3
Neural Stem Cells,0.0064628627,0.021537552,0.627,0.373,0.373,0.28933333333333333,False,Kcnab3
Endothelial Cells,-0.007835101,0.031049281,0.402,0.598,0.402,0.30542857142857144,False,Kcnab3
Medium Spiny Neurons,0.000539651,0.009542588,0.547,0.453,0.453,0.32387499999999997,False,Kcnab3
Excitatory Neurons,0.0013483267,0.012690854,0.542,0.458,0.458,0.3387777777777778,False,Kcnab3
Microglia,-0.00088139315,0.018098418,0.468,0.532,0.468,0.3517,False,Kcnab3
GABAergic Neurons,0.0002872824,0.020104235,0.524,0.476,0.476,0.363,False,Kcnab3
Oligodendrocytes,-0.0006745472,0.01032309,0.485,0.515,0.485,0.37316666666666665,False,Kcnab3
Endocrine Cells,-0.029116299,0.02780434,0.135,0.865,0.135,0.135,False,Kcnip3
Myocytes,0.01578279,0.018794224,0.788,0.212,0.212,0.1735,False,Kcnip3
Excitatory Neurons,0.008743883,0.013009555,0.749,0.251,0.251,0.19933333333333333,False,Kcnip3
Neurons,0.008238491,0.013568714,0.728,0.272,0.272,0.2175,False,Kcnip3
Oligodendrocyte Precursor Cells,-0.006581137,0.011885963,0.274,0.726,0.274,0.22880000000000003,False,Kcnip3
Oligodendrocytes,0.005408557,0.010160844,0.705,0.295,0.295,0.23983333333333334,False,Kcnip3
Medium Spiny Neurons,0.0030708918,0.009501125,0.641,0.359,0.359,0.25685714285714284,False,Kcnip3
Endothelial Cells,-0.008205808,0.030876542,0.399,0.601,0.399,0.274625,False,Kcnip3
Microglia,-0.004112504,0.0182183,0.407,0.593,0.407,0.28933333333333333,False,Kcnip3
Neural Stem Cells,0.0028694712,0.021231184,0.557,0.443,0.443,0.3047,False,Kcnip3
GABAergic Neurons,0.0010451906,0.0197989,0.539,0.461,0.461,0.3189090909090909,False,Kcnip3
Astrocytes,-0.0012632597,0.016639441,0.485,0.515,0.485,0.33275,False,Kcnip3
Oligodendrocyte Precursor Cells,0.014518518,0.011816696,0.894,0.106,0.106,0.106,False,Kcnj10
Myocytes,0.01779395,0.018768562,0.82,0.18,0.18,0.143,False,Kcnj10
Neurons,0.008644377,0.013535366,0.737,0.263,0.263,0.18299999999999997,False,Kcnj10
Endothelial Cells,-0.015371787,0.030562554,0.305,0.695,0.305,0.21349999999999997,False,Kcnj10
Excitatory Neurons,0.0041982103,0.012570774,0.628,0.372,0.372,0.2452,False,Kcnj10
Astrocytes,-0.0050339825,0.016995158,0.395,0.605,0.395,0.27016666666666667,False,Kcnj10
Neural Stem Cells,-0.0027865376,0.021247363,0.439,0.561,0.439,0.2942857142857143,False,Kcnj10
Oligodendrocytes,0.0011121093,0.009357701,0.561,0.439,0.439,0.312375,False,Kcnj10
Microglia,-0.002035483,0.01827599,0.446,0.554,0.446,0.32722222222222225,False,Kcnj10
Medium Spiny Neurons,3.2210617e-05,0.009553147,0.517,0.483,0.483,0.34280000000000005,False,Kcnj10
Endocrine Cells,9.637978e-05,0.027712105,0.511,0.489,0.489,0.3560909090909091,False,Kcnj10
GABAergic Neurons,-0.0012171199,0.019640435,0.497,0.503,0.497,0.3678333333333334,False,Kcnj10
Endocrine Cells,-0.04699265,0.027708873,0.043,0.957,0.043,0.043,True,Kdr
Oligodendrocytes,-0.011564947,0.009668009,0.107,0.893,0.107,0.075,False,Kdr
Oligodendrocyte Precursor Cells,0.011933061,0.0112679005,0.851,0.149,0.149,0.09966666666666667,False,Kdr
Myocytes,0.011391639,0.018744202,0.715,0.285,0.285,0.146,False,Kdr
Endothelial Cells,-0.015229226,0.030738614,0.306,0.694,0.306,0.178,False,Kdr
Neurons,0.005836283,0.013830975,0.668,0.332,0.332,0.20366666666666666,False,Kdr
Neural Stem Cells,-0.008041763,0.021592773,0.348,0.652,0.348,0.22428571428571425,False,Kdr
Excitatory Neurons,0.0043599466,0.012439512,0.637,0.363,0.363,0.24162499999999998,False,Kdr
Astrocytes,0.003477805,0.016219223,0.609,0.391,0.391,0.2582222222222222,False,Kdr
Microglia,-0.0015876273,0.018071737,0.454,0.546,0.454,0.2778,False,Kdr
GABAergic Neurons,-0.0012797992,0.019481353,0.496,0.504,0.496,0.29763636363636364,False,Kdr
Medium Spiny Neurons,-0.00041302733,0.009597956,0.497,0.503,0.497,0.31425,False,Kdr
Myocytes,-0.076604165,0.018871738,0.0,1.0,0.0,0.0,True,Kif1c
Oligodendrocyte Precursor Cells,0.01446311,0.011584392,0.897,0.103,0.103,0.0515,False,Kif1c
Endocrine Cells,0.023172406,0.028001312,0.801,0.199,0.199,0.10066666666666667,False,Kif1c
Neurons,0.01062141,0.013639167,0.78,0.22,0.22,0.1305,False,Kif1c
Excitatory Neurons,0.005160057,0.012584699,0.654,0.346,0.346,0.1736,False,Kif1c
Astrocytes,0.0039549875,0.016613988,0.621,0.379,0.379,0.20783333333333331,False,Kif1c
Endothelial Cells,-0.007929173,0.030437758,0.4,0.6,0.4,0.23528571428571426,False,Kif1c
Neural Stem Cells,0.0050830874,0.021239912,0.598,0.402,0.402,0.256125,False,Kif1c
Medium Spiny Neurons,0.00034074488,0.009542022,0.538,0.462,0.462,0.279,False,Kif1c
Oligodendrocytes,0.0005898462,0.01007806,0.527,0.473,0.473,0.2984,False,Kif1c
Microglia,0.0006969408,0.018250054,0.496,0.504,0.496,0.31636363636363635,False,Kif1c
GABAergic Neurons,-0.00094129966,0.019649928,0.502,0.498,0.498,0.33149999999999996,False,Kif1c
Oligodendrocyte Precursor Cells,0.013794832,0.011305085,0.892,0.108,0.108,0.108,False,Kitl
Neurons,0.006823404,0.0136587005,0.695,0.305,0.305,0.2065,False,Kitl
Endothelial Cells,-0.012538374,0.030646285,0.345,0.655,0.345,0.25266666666666665,False,Kitl
Astrocytes,0.0039871437,0.016237793,0.626,0.374,0.374,0.28300000000000003,False,Kitl
Endocrine Cells,0.0073072794,0.02784579,0.611,0.389,0.389,0.3042,False,Kitl
Excitatory Neurons,0.0037291185,0.01252438,0.609,0.391,0.391,0.3186666666666667,False,Kitl
Neural Stem Cells,0.004726318,0.021502333,0.593,0.407,0.407,0.3312857142857143,False,Kitl
Myocytes,-0.003597877,0.01877562,0.437,0.563,0.437,0.3445,False,Kitl
Microglia,-0.001173,0.018114362,0.465,0.535,0.465,0.35788888888888887,False,Kitl
Oligodendrocytes,-0.000887621,0.010338043,0.477,0.523,0.477,0.36979999999999996,False,Kitl
Medium Spiny Neurons,-0.00018563855,0.009527486,0.513,0.487,0.487,0.38045454545454543,False,Kitl
GABAergic Neurons,-0.0016324262,0.019530313,0.491,0.509,0.491,0.3896666666666666,False,Kitl
Oligodendrocyte Precursor Cells,0.012684446,0.011219572,0.874,0.126,0.126,0.126,False,Kl
Myocytes,0.013282105,0.018722817,0.749,0.251,0.251,0.1885,False,Kl
Neurons,0.0072765015,0.013830192,0.7,0.3,0.3,0.22566666666666668,False,Kl
Excitatory Neurons,0.004511747,0.012442932,0.639,0.361,0.361,0.2595,False,Kl
Endocrine Cells,-0.0089611495,0.027713379,0.384,0.616,0.384,0.28440000000000004,False,Kl
Endothelial Cells,-0.008792711,0.030403579,0.394,0.606,0.394,0.3026666666666667,False,Kl
Astrocytes,0.00220813,0.016234195,0.573,0.427,0.427,0.32042857142857145,False,Kl
Oligodendrocytes,-0.0022770658,0.010368773,0.435,0.565,0.435,0.33475000000000005,False,Kl
Microglia,-0.0018479355,0.018046686,0.451,0.549,0.451,0.34766666666666673,False,Kl
Neural Stem Cells,0.0025667879,0.02151566,0.549,0.451,0.451,0.35800000000000004,False,Kl
Medium Spiny Neurons,-0.0009771917,0.009582189,0.476,0.524,0.476,0.3687272727272728,False,Kl
GABAergic Neurons,-0.0019320186,0.019477494,0.482,0.518,0.482,0.37816666666666676,False,Kl
Myocytes,-0.034769792,0.018840896,0.036,0.964,0.036,0.036,True,Lamb2
Oligodendrocyte Precursor Cells,0.012713446,0.011273187,0.873,0.127,0.127,0.0815,False,Lamb2
Endocrine Cells,0.031187186,0.028088799,0.86,0.14,0.14,0.10100000000000002,False,Lamb2
Neurons,0.009875055,0.013795031,0.763,0.237,0.237,0.135,False,Lamb2
Neural Stem Cells,-0.009212736,0.02128321,0.323,0.677,0.323,0.1726,False,Lamb2
Excitatory Neurons,0.004866656,0.012442173,0.653,0.347,0.347,0.20166666666666666,False,Lamb2
Medium Spiny Neurons,0.0030619581,0.009548422,0.641,0.359,0.359,0.22414285714285714,False,Lamb2
Astrocytes,0.00408025,0.016462523,0.626,0.374,0.374,0.242875,False,Lamb2
Endothelial Cells,-0.008683031,0.030335035,0.395,0.605,0.395,0.2597777777777778,False,Lamb2
Microglia,-0.0007646997,0.018107539,0.47,0.53,0.47,0.2808,False,Lamb2
Oligodendrocytes,-0.000327372,0.010345621,0.496,0.504,0.496,0.30036363636363633,False,Lamb2
GABAergic Neurons,-0.0011368206,0.019488148,0.499,0.501,0.499,0.3169166666666667,False,Lamb2
Oligodendrocyte Precursor Cells,0.018031957,0.011660884,0.941,0.059,0.059,0.059,False,Lamc1
Neurons,0.009902597,0.013749958,0.764,0.236,0.236,0.1475,False,Lamc1
Endocrine Cells,0.015600011,0.028315146,0.723,0.277,0.277,0.19066666666666668,False,Lamc1
Excitatory Neurons,0.0052175797,0.012502123,0.655,0.345,0.345,0.22925,False,Lamc1
Myocytes,0.0075196004,0.0189747,0.649,0.351,0.351,0.2536,False,Lamc1
Neural Stem Cells,0.0076007866,0.02135905,0.64,0.36,0.36,0.27133333333333337,False,Lamc1
Endothelial Cells,-0.010658575,0.03040768,0.363,0.637,0.363,0.2844285714285714,False,Lamc1
Oligodendrocytes,0.0031137709,0.010071604,0.625,0.375,0.375,0.29575,False,Lamc1
Astrocytes,0.0033361013,0.01635356,0.603,0.397,0.397,0.307,False,Lamc1
Medium Spiny Neurons,0.0012040008,0.009521267,0.564,0.436,0.436,0.31989999999999996,False,Lamc1
Microglia,-0.00013394107,0.018111054,0.486,0.514,0.486,0.33499999999999996,False,Lamc1
GABAergic Neurons,-0.00122691,0.019574799,0.496,0.504,0.496,0.3484166666666666,False,Lamc1
Myocytes,0.03885438,0.01893923,0.985,0.015,0.015,0.015,True,Lbh
Neurons,0.012092349,0.013292945,0.812,0.188,0.188,0.1015,False,Lbh
Oligodendrocyte Precursor Cells,0.008700822,0.011840174,0.764,0.236,0.236,0.14633333333333334,False,Lbh
Neural Stem Cells,-0.010754872,0.020954773,0.292,0.708,0.292,0.18275,False,Lbh
Excitatory Neurons,0.00566445,0.012538812,0.667,0.333,0.333,0.21280000000000002,False,Lbh
Medium Spiny Neurons,0.0038976527,0.009563709,0.663,0.337,0.337,0.2335,False,Lbh
Astrocytes,0.0046300385,0.016620278,0.636,0.364,0.364,0.25214285714285717,False,Lbh
Endothelial Cells,-0.009638013,0.030484136,0.383,0.617,0.383,0.2685,False,Lbh
Oligodendrocytes,-0.003415826,0.010010054,0.397,0.603,0.397,0.2827777777777778,False,Lbh
Endocrine Cells,0.0023419342,0.027911326,0.538,0.462,0.462,0.3007,False,Lbh
Microglia,-0.0009950895,0.018241534,0.467,0.533,0.467,0.31581818181818183,False,Lbh
GABAergic Neurons,3.802041e-05,0.020344036,0.519,0.481,0.481,0.32958333333333334,False,Lbh
Oligodendrocyte Precursor Cells,0.014514393,0.0113005275,0.901,0.099,0.099,0.099,False,Lfng
Neurons,0.01055819,0.013788774,0.776,0.224,0.224,0.1615,False,Lfng
Excitatory Neurons,0.0051520527,0.012443855,0.654,0.346,0.346,0.223,False,Lfng
Medium Spiny Neurons,0.0030247315,0.009549125,0.638,0.362,0.362,0.25775000000000003,False,Lfng
Endothelial Cells,-0.00864339,0.030960625,0.395,0.605,0.395,0.2852,False,Lfng
Neural Stem Cells,-0.0034310096,0.021429958,0.425,0.575,0.425,0.30850000000000005,False,Lfng
Myocytes,0.0033223098,0.018717207,0.573,0.427,0.427,0.32542857142857146,False,Lfng
Astrocytes,-0.0028227775,0.016805373,0.449,0.551,0.449,0.340875,False,Lfng
Microglia,-0.0018035603,0.01814664,0.453,0.547,0.453,0.3533333333333333,False,Lfng
Endocrine Cells,0.0027811234,0.02777986,0.541,0.459,0.459,0.3639,False,Lfng
Oligodendrocytes,6.295458e-05,0.010343653,0.513,0.487,0.487,0.37509090909090903,False,Lfng
GABAergic Neurons,-0.00080932694,0.019489389,0.505,0.495,0.495,0.3850833333333333,False,Lfng
Oligodendrocyte Precursor Cells,0.013001012,0.011267466,0.877,0.123,0.123,0.123,False,Lgals1
Neurons,0.009411404,0.013798259,0.757,0.243,0.243,0.183,False,Lgals1
Endocrine Cells,0.012910581,0.027924053,0.688,0.312,0.312,0.22599999999999998,False,Lgals1
Excitatory Neurons,0.0046595507,0.01244975,0.644,0.356,0.356,0.25849999999999995,False,Lgals1
Astrocytes,0.0047156294,0.01634114,0.639,0.361,0.361,0.27899999999999997,False,Lgals1
Endothelial Cells,-0.008112638,0.030779596,0.4,0.6,0.4,0.29916666666666664,False,Lgals1
Neural Stem Cells,0.0053165373,0.021466283,0.599,0.401,0.401,0.31371428571428567,False,Lgals1
Oligodendrocytes,0.0022142385,0.010327944,0.589,0.411,0.411,0.32587499999999997,False,Lgals1
Myocytes,0.002535422,0.018903758,0.557,0.443,0.443,0.33888888888888885,False,Lgals1
Medium Spiny Neurons,0.0007153899,0.009548521,0.554,0.446,0.446,0.3496,False,Lgals1
GABAergic Neurons,-0.003316342,0.01966623,0.448,0.552,0.448,0.35854545454545456,False,Lgals1
Microglia,0.0012288603,0.018113041,0.508,0.492,0.492,0.36966666666666664,False,Lgals1
Myocytes,0.025386516,0.018849062,0.906,0.094,0.094,0.094,False,Lima1
Oligodendrocyte Precursor Cells,0.014659553,0.0116944285,0.898,0.102,0.102,0.098,False,Lima1
Endocrine Cells,0.025904482,0.028139567,0.814,0.186,0.186,0.12733333333333333,False,Lima1
Neurons,0.00958943,0.01379395,0.757,0.243,0.243,0.15625,False,Lima1
Excitatory Neurons,0.004594872,0.01244334,0.642,0.358,0.358,0.1966,False,Lima1
Astrocytes,0.004681908,0.016286904,0.639,0.361,0.361,0.22399999999999998,False,Lima1
Endothelial Cells,-0.009056223,0.030741127,0.393,0.607,0.393,0.24814285714285714,False,Lima1
Neural Stem Cells,0.0042494345,0.021149006,0.585,0.415,0.415,0.26899999999999996,False,Lima1
Medium Spiny Neurons,0.00034007165,0.009545024,0.538,0.462,0.462,0.29044444444444445,False,Lima1
Microglia,6.3083775e-05,0.01812126,0.489,0.511,0.489,0.31029999999999996,False,Lima1
GABAergic Neurons,-0.0014258417,0.019512152,0.494,0.506,0.494,0.32699999999999996,False,Lima1
Oligodendrocytes,-0.00037036065,0.010247304,0.494,0.506,0.494,0.3409166666666666,False,Lima1
Oligodendrocytes,-0.011739096,0.009810107,0.107,0.893,0.107,0.107,False,Litaf
Oligodendrocyte Precursor Cells,0.012069809,0.0113638975,0.852,0.148,0.148,0.1275,False,Litaf
Neurons,0.009752821,0.013806467,0.761,0.239,0.239,0.16466666666666666,False,Litaf
Myocytes,0.009189754,0.01875594,0.68,0.32,0.32,0.20350000000000001,False,Litaf
Excitatory Neurons,0.0047155907,0.012439208,0.649,0.351,0.351,0.233,False,Litaf
Endocrine Cells,0.009273329,0.02781864,0.641,0.359,0.359,0.254,False,Litaf
Neural Stem Cells,0.0074626347,0.021485016,0.638,0.362,0.362,0.26942857142857146,False,Litaf
Astrocytes,0.003966416,0.016233021,0.623,0.377,0.377,0.282875,False,Litaf
Endothelial Cells,-0.0075436425,0.031016342,0.406,0.594,0.406,0.29655555555555557,False,Litaf
Medium Spiny Neurons,0.0013358848,0.009550844,0.57,0.43,0.43,0.3099,False,Litaf
Microglia,0.0037096809,0.018241582,0.568,0.432,0.432,0.321,False,Litaf
GABAergic Neurons,-0.0012833616,0.019483784,0.496,0.504,0.496,0.33558333333333334,False,Litaf
Oligodendrocyte Precursor Cells,0.012667839,0.011301577,0.872,0.128,0.128,0.128,False,Lrig1
Neurons,0.009612117,0.013805828,0.757,0.243,0.243,0.1855,False,Lrig1
Endocrine Cells,0.01447363,0.027845344,0.707,0.293,0.293,0.2213333333333333,False,Lrig1
Myocytes,0.009769335,0.018784191,0.69,0.31,0.31,0.2435,False,Lrig1
Excitatory Neurons,0.004990617,0.01244796,0.654,0.346,0.346,0.26399999999999996,False,Lrig1
Endothelial Cells,-0.008789174,0.031007707,0.395,0.605,0.395,0.28583333333333333,False,Lrig1
Medium Spiny Neurons,0.0012616967,0.009586664,0.569,0.431,0.431,0.30657142857142855,False,Lrig1
Microglia,-0.0006349427,0.018083913,0.473,0.527,0.473,0.32737499999999997,False,Lrig1
Neural Stem Cells,0.0013042176,0.021470755,0.524,0.476,0.476,0.34388888888888886,False,Lrig1
Astrocytes,-0.0014729325,0.016516758,0.478,0.522,0.478,0.35729999999999995,False,Lrig1
Oligodendrocytes,-0.00067203987,0.0103273075,0.485,0.515,0.485,0.3689090909090909,False,Lrig1
GABAergic Neurons,-0.0014170245,0.019490646,0.494,0.506,0.494,0.3793333333333333,False,Lrig1
Myocytes,0.06695345,0.018944452,1.0,0.0,0.0,0.0,True,Luzp2
Neurons,0.013498602,0.0131705385,0.844,0.156,0.156,0.078,False,Luzp2
Oligodendrocytes,-0.008686688,0.009753323,0.179,0.821,0.179,0.11166666666666665,False,Luzp2
Astrocytes,-0.013772001,0.0175111,0.213,0.787,0.213,0.13699999999999998,False,Luzp2
Endothelial Cells,-0.020522382,0.030070897,0.254,0.746,0.254,0.1604,False,Luzp2
Microglia,-0.008642672,0.018569026,0.324,0.676,0.324,0.18766666666666665,False,Luzp2
Oligodendrocyte Precursor Cells,-0.004900781,0.011946638,0.334,0.666,0.334,0.20857142857142857,False,Luzp2
Neural Stem Cells,0.006197367,0.020899411,0.627,0.373,0.373,0.229125,False,Luzp2
Endocrine Cells,0.007943862,0.027785312,0.616,0.384,0.384,0.24633333333333335,False,Luzp2
Medium Spiny Neurons,0.0019765268,0.009490442,0.598,0.402,0.402,0.2619,False,Luzp2
Excitatory Neurons,0.0027633207,0.013019621,0.583,0.417,0.417,0.276,False,Luzp2
GABAergic Neurons,-0.0032036868,0.020513674,0.453,0.547,0.453,0.29075,False,Luzp2
Myocytes,0.027045082,0.018753473,0.926,0.074,0.074,0.074,False,Lypd1
Oligodendrocyte Precursor Cells,0.012195575,0.011439466,0.852,0.148,0.148,0.11099999999999999,False,Lypd1
Neurons,0.0092006875,0.013656817,0.753,0.247,0.247,0.15633333333333332,False,Lypd1
Astrocytes,0.004445182,0.016245818,0.635,0.365,0.365,0.2085,False,Lypd1
Endothelial Cells,-0.007949471,0.031048791,0.401,0.599,0.401,0.24699999999999997,False,Lypd1
Microglia,-0.002845987,0.018089093,0.429,0.571,0.429,0.2773333333333333,False,Lypd1
Neural Stem Cells,0.0033397446,0.021540085,0.567,0.433,0.433,0.29957142857142854,False,Lypd1
GABAergic Neurons,-0.0034359945,0.019840809,0.446,0.554,0.446,0.317875,False,Lypd1
Excitatory Neurons,0.0015678131,0.012633726,0.549,0.451,0.451,0.33266666666666667,False,Lypd1
Medium Spiny Neurons,0.00038691502,0.00951332,0.541,0.459,0.459,0.34530000000000005,False,Lypd1
Oligodendrocytes,-0.0009528901,0.0103251245,0.474,0.526,0.474,0.35700000000000004,False,Lypd1
Endocrine Cells,1.6281363e-05,0.027770534,0.511,0.489,0.489,0.36800000000000005,False,Lypd1
Myocytes,-0.07437136,0.018836414,0.0,1.0,0.0,0.0,True,Maf
Oligodendrocyte Precursor Cells,0.0130978525,0.011371583,0.877,0.123,0.123,0.0615,False,Maf
Neurons,0.00943804,0.0138172945,0.757,0.243,0.243,0.122,False,Maf
Endocrine Cells,0.014015241,0.027810035,0.701,0.299,0.299,0.16625,False,Maf
Microglia,-0.008320856,0.018654115,0.336,0.664,0.336,0.20020000000000002,False,Maf
Neural Stem Cells,0.0068228487,0.021419996,0.63,0.37,0.37,0.2285,False,Maf
Astrocytes,0.00391416,0.016303197,0.622,0.378,0.378,0.24985714285714286,False,Maf
Excitatory Neurons,0.0038175078,0.012503534,0.616,0.384,0.384,0.266625,False,Maf
Endothelial Cells,-0.007116475,0.03087278,0.409,0.591,0.409,0.28244444444444444,False,Maf
GABAergic Neurons,-0.00444538,0.020071093,0.426,0.574,0.426,0.2968,False,Maf
Oligodendrocytes,-0.0014061437,0.010349191,0.462,0.538,0.462,0.3118181818181818,False,Maf
Medium Spiny Neurons,0.00031911375,0.0095828455,0.536,0.464,0.464,0.3245,False,Maf
Oligodendrocytes,-0.046840914,0.009686739,0.0,1.0,0.0,0.0,True,Mag
Oligodendrocyte Precursor Cells,0.014146808,0.011252956,0.899,0.101,0.101,0.0505,False,Mag
Myocytes,0.022572787,0.018817166,0.884,0.116,0.116,0.07233333333333335,False,Mag
Neurons,0.009586558,0.013820913,0.757,0.243,0.243,0.115,False,Mag
Medium Spiny Neurons,0.006544788,0.009603462,0.754,0.246,0.246,0.1412,False,Mag
Excitatory Neurons,0.0049621295,0.012439831,0.654,0.346,0.346,0.17533333333333334,False,Mag
Astrocytes,0.0039506773,0.016228966,0.623,0.377,0.377,0.20414285714285715,False,Mag
Endothelial Cells,-0.008555369,0.031056788,0.398,0.602,0.398,0.228375,False,Mag
Microglia,-0.0013864001,0.018097801,0.462,0.538,0.462,0.25433333333333336,False,Mag
Neural Stem Cells,-0.0008135148,0.021531714,0.481,0.519,0.481,0.277,False,Mag
Endocrine Cells,-0.0017500243,0.027680349,0.484,0.516,0.484,0.2958181818181818,False,Mag
GABAergic Neurons,-0.00061865203,0.01949147,0.505,0.495,0.495,0.3124166666666667,False,Mag
Oligodendrocytes,-0.12849666,0.011855975,0.0,1.0,0.0,0.0,True,Mal
Myocytes,0.021300027,0.018832995,0.869,0.131,0.131,0.0655,False,Mal
Oligodendrocyte Precursor Cells,0.010799015,0.011580574,0.82,0.18,0.18,0.10366666666666667,False,Mal
Neurons,0.005413861,0.013648265,0.665,0.335,0.335,0.1615,False,Mal
Endocrine Cells,0.010260878,0.027898367,0.649,0.351,0.351,0.1994,False,Mal
Microglia,-0.004482183,0.018298468,0.397,0.603,0.397,0.23233333333333336,False,Mal
Excitatory Neurons,0.0026921255,0.0125391325,0.583,0.417,0.417,0.25871428571428573,False,Mal
Medium Spiny Neurons,0.0011729086,0.009534633,0.564,0.436,0.436,0.28087500000000004,False,Mal
Neural Stem Cells,-0.0013357906,0.021117225,0.459,0.541,0.459,0.3006666666666667,False,Mal
Astrocytes,0.00040298278,0.016528757,0.53,0.47,0.47,0.3176,False,Mal
Endothelial Cells,-0.0023716888,0.0302515,0.471,0.529,0.471,0.3315454545454546,False,Mal
GABAergic Neurons,-9.612596e-06,0.019696409,0.517,0.483,0.483,0.3441666666666667,False,Mal
Oligodendrocyte Precursor Cells,0.0135954255,0.011472469,0.886,0.114,0.114,0.114,False,Maoa
Neurons,0.00889069,0.01365845,0.741,0.259,0.259,0.1865,False,Maoa
Endothelial Cells,-0.01575011,0.030670723,0.303,0.697,0.303,0.2253333333333333,False,Maoa
Excitatory Neurons,0.0047114147,0.012502204,0.647,0.353,0.353,0.25725,False,Maoa
Astrocytes,0.0033081016,0.016416682,0.603,0.397,0.397,0.2852,False,Maoa
Myocytes,0.004375325,0.018736104,0.591,0.409,0.409,0.30583333333333335,False,Maoa
Medium Spiny Neurons,0.0007761727,0.009566019,0.555,0.445,0.445,0.3257142857142857,False,Maoa
Neural Stem Cells,0.0023934308,0.021437503,0.545,0.455,0.455,0.341875,False,Maoa
Endocrine Cells,0.003004217,0.027815873,0.544,0.456,0.456,0.3545555555555555,False,Maoa
Oligodendrocytes,-0.0015368285,0.01021537,0.456,0.544,0.456,0.36469999999999997,False,Maoa
Microglia,-0.0013047096,0.018098863,0.462,0.538,0.462,0.37354545454545457,False,Maoa
GABAergic Neurons,-0.001599512,0.019610139,0.491,0.509,0.491,0.3833333333333333,False,Maoa
Oligodendrocyte Precursor Cells,0.017790467,0.011511051,0.941,0.059,0.059,0.059,False,Map7
Myocytes,0.027468916,0.01884612,0.93,0.07,0.07,0.0645,False,Map7
Oligodendrocytes,-0.008736303,0.009850232,0.18,0.82,0.18,0.103,False,Map7
Neurons,0.0087763695,0.013662772,0.738,0.262,0.262,0.14275,False,Map7
Endocrine Cells,0.015389234,0.028156867,0.72,0.28,0.28,0.1702,False,Map7
Astrocytes,0.004811229,0.016314093,0.639,0.361,0.361,0.20199999999999999,False,Map7
Excitatory Neurons,0.004533116,0.012752896,0.639,0.361,0.361,0.2247142857142857,False,Map7
Medium Spiny Neurons,0.0023956278,0.009519752,0.613,0.387,0.387,0.245,False,Map7
Endothelial Cells,-0.008098997,0.030976541,0.4,0.6,0.4,0.2622222222222222,False,Map7
Neural Stem Cells,0.003333455,0.02140157,0.568,0.432,0.432,0.2792,False,Map7
Microglia,-0.0021478967,0.018128924,0.443,0.557,0.443,0.29409090909090907,False,Map7
GABAergic Neurons,0.00054726977,0.019808594,0.528,0.472,0.472,0.3089166666666667,False,Map7
Medium Spiny Neurons,-0.032142375,0.009793763,0.0,1.0,0.0,0.0,True,Mbp
Myocytes,0.30005005,0.01997544,1.0,0.0,0.0,0.0,True,Mbp
Neural Stem Cells,0.08303952,0.016605468,1.0,0.0,0.0,0.0,True,Mbp
Oligodendrocytes,-0.10460861,0.015241145,0.0,1.0,0.0,0.0,True,Mbp
Excitatory Neurons,-0.037086874,0.013701928,0.002,0.998,0.002,0.0004,True,Mbp
Endocrine Cells,0.08472264,0.028384814,0.997,0.003,0.003,0.0008333333333333334,True,Mbp
Oligodendrocyte Precursor Cells,-0.030492622,0.0120388875,0.006,0.994,0.006,0.0015714285714285713,True,Mbp
Endothelial Cells,-0.06238245,0.02914248,0.022,0.978,0.022,0.004125,True,Mbp
Microglia,-0.037380334,0.02134001,0.042,0.958,0.042,0.008333333333333335,True,Mbp
Astrocytes,-0.023536986,0.018290287,0.085,0.915,0.085,0.016000000000000004,True,Mbp
Neurons,-0.008143685,0.011727998,0.243,0.757,0.243,0.03663636363636364,True,Mbp
GABAergic Neurons,-0.013520629,0.021475129,0.265,0.735,0.265,0.05566666666666667,False,Mbp
Oligodendrocyte Precursor Cells,0.013185309,0.011263774,0.883,0.117,0.117,0.117,False,Mcam
Neurons,0.009941671,0.0138368625,0.763,0.237,0.237,0.177,False,Mcam
Neural Stem Cells,0.009075951,0.021497795,0.661,0.339,0.339,0.231,False,Mcam
Excitatory Neurons,0.0049972674,0.012436471,0.654,0.346,0.346,0.25975000000000004,False,Mcam
Astrocytes,0.0046667703,0.01620902,0.639,0.361,0.361,0.28,False,Mcam
Endothelial Cells,-0.009041922,0.03086358,0.393,0.607,0.393,0.29883333333333334,False,Mcam
Oligodendrocytes,-0.0034572524,0.0098528,0.394,0.606,0.394,0.31242857142857144,False,Mcam
Medium Spiny Neurons,0.0012113565,0.009588625,0.564,0.436,0.436,0.327875,False,Mcam
Myocytes,-0.0031626297,0.018716305,0.444,0.556,0.444,0.3407777777777778,False,Mcam
Endocrine Cells,0.0028784983,0.027726578,0.543,0.457,0.457,0.3524,False,Mcam
Microglia,-0.00079004065,0.018063886,0.47,0.53,0.47,0.3630909090909091,False,Mcam
GABAergic Neurons,-0.00042183112,0.019487886,0.508,0.492,0.492,0.3738333333333333,False,Mcam
Endocrine Cells,-0.23116864,0.030103156,0.0,1.0,0.0,0.0,True,Meg3
Myocytes,0.595955,0.021404145,1.0,0.0,0.0,0.0,True,Meg3
Neural Stem Cells,0.07562807,0.018818645,1.0,0.0,0.0,0.0,True,Meg3
Oligodendrocyte Precursor Cells,0.029356949,0.011808717,0.994,0.006,0.006,0.0015,True,Meg3
Oligodendrocytes,0.017149381,0.009703467,0.964,0.036,0.036,0.0084,True,Meg3
Astrocytes,0.019062059,0.01663646,0.873,0.127,0.127,0.028166666666666663,True,Meg3
Excitatory Neurons,-0.013602947,0.01687173,0.225,0.775,0.225,0.056285714285714286,False,Meg3
Neurons,0.006337266,0.011353601,0.715,0.285,0.285,0.084875,False,Meg3
Microglia,0.010229561,0.01853314,0.708,0.292,0.292,0.1078888888888889,False,Meg3
GABAergic Neurons,0.0071083168,0.026252791,0.62,0.38,0.38,0.1351,False,Meg3
Endothelial Cells,0.0022184644,0.030735942,0.532,0.468,0.468,0.16536363636363635,False,Meg3
Medium Spiny Neurons,0.00018811843,0.011738663,0.527,0.473,0.473,0.19099999999999998,False,Meg3
Neural Stem Cells,0.04602659,0.020229157,0.994,0.006,0.006,0.006,True,Meis2
Myocytes,0.03793336,0.018864328,0.984,0.016,0.016,0.011,True,Meis2
Oligodendrocyte Precursor Cells,0.017239658,0.011497879,0.936,0.064,0.064,0.028666666666666663,True,Meis2
Neurons,0.01719413,0.013692459,0.899,0.101,0.101,0.04675,True,Meis2
Astrocytes,0.0037895667,0.016419908,0.616,0.384,0.384,0.1142,False,Meis2
GABAergic Neurons,0.0049635977,0.020332249,0.612,0.388,0.388,0.15983333333333333,False,Meis2
Endothelial Cells,-0.0073606446,0.031000812,0.408,0.592,0.408,0.19528571428571428,False,Meis2
Medium Spiny Neurons,0.0018673835,0.009910195,0.59,0.41,0.41,0.222125,False,Meis2
Excitatory Neurons,0.0025745565,0.01263523,0.58,0.42,0.42,0.2441111111111111,False,Meis2
Oligodendrocytes,0.00034566887,0.010255436,0.519,0.481,0.481,0.2678,False,Meis2
Endocrine Cells,-0.00015159656,0.027816422,0.509,0.491,0.491,0.2880909090909091,False,Meis2
Microglia,0.0006983464,0.01816044,0.496,0.504,0.496,0.30541666666666667,False,Meis2
Oligodendrocyte Precursor Cells,0.026345732,0.011549596,0.99,0.01,0.01,0.01,True,Mertk
Astrocytes,0.014581164,0.01701441,0.813,0.187,0.187,0.0985,False,Mertk
Neurons,0.012287504,0.013772247,0.811,0.189,0.189,0.12866666666666668,False,Mertk
Medium Spiny Neurons,0.005601955,0.009535418,0.731,0.269,0.269,0.16375,False,Mertk
Excitatory Neurons,0.005645402,0.012481342,0.667,0.333,0.333,0.1976,False,Mertk
Endocrine Cells,0.00913192,0.027825044,0.636,0.364,0.364,0.2253333333333333,False,Mertk
Myocytes,0.0055842907,0.01872027,0.617,0.383,0.383,0.24785714285714283,False,Mertk
Endothelial Cells,-0.006050892,0.030864732,0.425,0.575,0.425,0.26999999999999996,False,Mertk
Microglia,0.003538749,0.019077413,0.56,0.44,0.44,0.28888888888888886,False,Mertk
Oligodendrocytes,0.001134956,0.010325618,0.554,0.446,0.446,0.3046,False,Mertk
Neural Stem Cells,-0.0011781408,0.021416437,0.467,0.533,0.467,0.31936363636363635,False,Mertk
GABAergic Neurons,0.00016786152,0.019536816,0.522,0.478,0.478,0.3325833333333333,False,Mertk
Oligodendrocyte Precursor Cells,0.020720325,0.011694718,0.964,0.036,0.036,0.036,True,Mfsd2a
Neurons,0.010299675,0.013801912,0.77,0.23,0.23,0.133,False,Mfsd2a
Astrocytes,0.008384429,0.01643742,0.708,0.292,0.292,0.18600000000000003,False,Mfsd2a
Excitatory Neurons,0.0052807317,0.0124430675,0.657,0.343,0.343,0.22525,False,Mfsd2a
Myocytes,0.0077332454,0.018708041,0.657,0.343,0.343,0.2488,False,Mfsd2a
Medium Spiny Neurons,0.0022758755,0.009549567,0.607,0.393,0.393,0.2728333333333333,False,Mfsd2a
Neural Stem Cells,0.002961442,0.021536335,0.559,0.441,0.441,0.2968571428571428,False,Mfsd2a
Endothelial Cells,-0.004211838,0.03081932,0.453,0.547,0.453,0.31637499999999996,False,Mfsd2a
Endocrine Cells,0.0027935368,0.027770083,0.541,0.459,0.459,0.3322222222222222,False,Mfsd2a
Microglia,-0.0009604276,0.018075753,0.468,0.532,0.468,0.3458,False,Mfsd2a
Oligodendrocytes,-0.00016485341,0.010327486,0.506,0.494,0.494,0.35927272727272724,False,Mfsd2a
GABAergic Neurons,-0.0010372079,0.0194887,0.5,0.5,0.5,0.371,False,Mfsd2a
Myocytes,0.06280621,0.018937435,1.0,0.0,0.0,0.0,True,Mlc1
Neural Stem Cells,-0.042305425,0.020455409,0.021,0.979,0.021,0.0105,True,Mlc1
Oligodendrocyte Precursor Cells,0.016401542,0.011643255,0.921,0.079,0.079,0.03333333333333333,True,Mlc1
Neurons,0.01356541,0.01351333,0.838,0.162,0.162,0.0655,False,Mlc1
Endocrine Cells,0.026330704,0.027938353,0.817,0.183,0.183,0.089,False,Mlc1
Medium Spiny Neurons,0.006169668,0.009517243,0.747,0.253,0.253,0.11633333333333333,False,Mlc1
Excitatory Neurons,0.005346136,0.012612274,0.656,0.344,0.344,0.14885714285714283,False,Mlc1
Endothelial Cells,-0.01001303,0.030324178,0.38,0.62,0.38,0.17774999999999996,False,Mlc1
Astrocytes,0.003474317,0.01739216,0.601,0.399,0.399,0.2023333333333333,False,Mlc1
Oligodendrocytes,0.0015008536,0.010051991,0.571,0.429,0.429,0.22499999999999995,False,Mlc1
Microglia,-0.0005948271,0.018369438,0.473,0.527,0.473,0.24754545454545449,False,Mlc1
GABAergic Neurons,0.0002281875,0.019748868,0.523,0.477,0.477,0.2666666666666666,False,Mlc1
Myocytes,0.0406735,0.01882526,0.988,0.012,0.012,0.012,True,Mmd2
Oligodendrocyte Precursor Cells,0.0154620055,0.011550119,0.907,0.093,0.093,0.0525,False,Mmd2
Neurons,0.010644048,0.013759591,0.778,0.222,0.222,0.109,False,Mmd2
Excitatory Neurons,0.005225851,0.012510554,0.655,0.345,0.345,0.16799999999999998,False,Mmd2
Endothelial Cells,-0.008255434,0.030961778,0.399,0.601,0.399,0.2142,False,Mmd2
Medium Spiny Neurons,0.0014777221,0.00956534,0.578,0.422,0.422,0.24883333333333332,False,Mmd2
Astrocytes,0.0020171101,0.016614433,0.565,0.435,0.435,0.2754285714285714,False,Mmd2
Endocrine Cells,0.0036586875,0.027720703,0.551,0.449,0.449,0.297125,False,Mmd2
Microglia,-0.0015047753,0.018112428,0.459,0.541,0.459,0.3151111111111111,False,Mmd2
Oligodendrocytes,-0.0006457547,0.010312039,0.486,0.514,0.486,0.3322,False,Mmd2
GABAergic Neurons,-0.00089775573,0.01954628,0.502,0.498,0.498,0.3472727272727273,False,Mmd2
Neural Stem Cells,-3.8509712e-05,0.021411333,0.499,0.501,0.499,0.35991666666666666,False,Mmd2
Oligodendrocyte Precursor Cells,0.021136291,0.011817679,0.964,0.036,0.036,0.036,True,Mmp15
Myocytes,0.030548781,0.018834911,0.946,0.054,0.054,0.045,True,Mmp15
Endocrine Cells,0.033986527,0.028037053,0.889,0.111,0.111,0.067,False,Mmp15
Neurons,0.0089350175,0.013759613,0.74,0.26,0.26,0.11525,False,Mmp15
Excitatory Neurons,0.004546502,0.0124599505,0.64,0.36,0.36,0.16419999999999998,False,Mmp15
Neural Stem Cells,0.007417817,0.02144357,0.638,0.362,0.362,0.19716666666666663,False,Mmp15
Astrocytes,0.0037738767,0.016282996,0.617,0.383,0.383,0.2237142857142857,False,Mmp15
Endothelial Cells,-0.009854444,0.030953271,0.383,0.617,0.383,0.24362499999999998,False,Mmp15
Oligodendrocytes,-0.0018295265,0.010331168,0.447,0.553,0.447,0.2662222222222222,False,Mmp15
Microglia,-0.0009278778,0.018077357,0.468,0.532,0.468,0.2864,False,Mmp15
Medium Spiny Neurons,0.00020473303,0.009583978,0.527,0.473,0.473,0.30336363636363634,False,Mmp15
GABAergic Neurons,-0.0008402354,0.019550003,0.503,0.497,0.497,0.31949999999999995,False,Mmp15
Oligodendrocytes,-0.096644364,0.010019351,0.0,1.0,0.0,0.0,True,Mog
Oligodendrocyte Precursor Cells,0.010956168,0.011283218,0.832,0.168,0.168,0.084,False,Mog
Myocytes,0.013923372,0.01876519,0.758,0.242,0.242,0.1366666666666667,False,Mog
Neurons,0.0076008225,0.013803793,0.712,0.288,0.288,0.1745,False,Mog
Medium Spiny Neurons,0.0050036516,0.00959659,0.711,0.289,0.289,0.19739999999999996,False,Mog
Excitatory Neurons,0.0043384465,0.012449249,0.635,0.365,0.365,0.2253333333333333,False,Mog
Endothelial Cells,-0.010095343,0.0310356,0.382,0.618,0.382,0.24771428571428572,False,Mog
Microglia,-0.0046932856,0.018080367,0.389,0.611,0.389,0.265375,False,Mog
Endocrine Cells,-0.00505341,0.027668145,0.431,0.569,0.431,0.2837777777777778,False,Mog
Astrocytes,0.0020299184,0.016255166,0.568,0.432,0.432,0.29860000000000003,False,Mog
Neural Stem Cells,0.0016466358,0.021467127,0.529,0.471,0.471,0.3142727272727273,False,Mog
GABAergic Neurons,-0.0013243097,0.0195121,0.496,0.504,0.496,0.3294166666666667,False,Mog
Oligodendrocytes,0.013242314,0.00989054,0.9,0.1,0.1,0.1,False,Mpzl1
Myocytes,0.019033492,0.018808864,0.842,0.158,0.158,0.129,False,Mpzl1
Oligodendrocyte Precursor Cells,0.011377399,0.0117795,0.829,0.171,0.171,0.14300000000000002,False,Mpzl1
Neurons,0.010043705,0.013795199,0.766,0.234,0.234,0.16575,False,Mpzl1
Endothelial Cells,-0.018206418,0.030697187,0.278,0.722,0.278,0.1882,False,Mpzl1
Endocrine Cells,0.014296714,0.02789061,0.704,0.296,0.296,0.2061666666666667,False,Mpzl1
Excitatory Neurons,0.0049097417,0.01246914,0.653,0.347,0.347,0.22628571428571428,False,Mpzl1
Astrocytes,0.0032979695,0.0163644,0.603,0.397,0.397,0.247625,False,Mpzl1
Neural Stem Cells,0.0025489694,0.02127714,0.549,0.451,0.451,0.2702222222222222,False,Mpzl1
Medium Spiny Neurons,0.00053737103,0.009571482,0.547,0.453,0.453,0.2885,False,Mpzl1
Microglia,-0.00062214385,0.018082436,0.473,0.527,0.473,0.30527272727272725,False,Mpzl1
GABAergic Neurons,-0.00081037113,0.019535603,0.505,0.495,0.495,0.32108333333333333,False,Mpzl1
Oligodendrocyte Precursor Cells,0.012932057,0.011595987,0.869,0.131,0.131,0.131,False,Msmo1
Astrocytes,-0.018299531,0.01717659,0.14,0.86,0.14,0.1355,False,Msmo1
Oligodendrocytes,-0.008266752,0.010097111,0.204,0.796,0.204,0.15833333333333333,False,Msmo1
Myocytes,0.008201485,0.018781012,0.668,0.332,0.332,0.20174999999999998,False,Msmo1
Neurons,0.005288338,0.013451723,0.662,0.338,0.338,0.229,False,Msmo1
Endothelial Cells,-0.011101419,0.030791197,0.361,0.639,0.361,0.251,False,Msmo1
Excitatory Neurons,0.004201815,0.0127388965,0.626,0.374,0.374,0.26857142857142857,False,Msmo1
Neural Stem Cells,-0.005037229,0.021245588,0.398,0.602,0.398,0.28475,False,Msmo1
Medium Spiny Neurons,-0.002130068,0.009514843,0.417,0.583,0.417,0.2994444444444444,False,Msmo1
Microglia,-0.0023039698,0.01820783,0.436,0.564,0.436,0.3131,False,Msmo1
Endocrine Cells,0.0025189507,0.027949225,0.541,0.459,0.459,0.32636363636363636,False,Msmo1
GABAergic Neurons,-0.0026985426,0.019792628,0.467,0.533,0.467,0.3380833333333333,False,Msmo1
Oligodendrocyte Precursor Cells,0.015125321,0.011324615,0.907,0.093,0.093,0.093,False,Msn
Myocytes,-0.020995662,0.018725919,0.136,0.864,0.136,0.1145,False,Msn
Neurons,0.010077307,0.013801434,0.767,0.233,0.233,0.154,False,Msn
Excitatory Neurons,0.0048803184,0.012441227,0.653,0.347,0.347,0.20224999999999999,False,Msn
Astrocytes,0.003720669,0.016339583,0.615,0.385,0.385,0.23879999999999998,False,Msn
Endocrine Cells,0.0075636837,0.027892333,0.612,0.388,0.388,0.26366666666666666,False,Msn
Oligodendrocytes,0.002528366,0.010300044,0.602,0.398,0.398,0.28285714285714286,False,Msn
Endothelial Cells,-0.007987553,0.030619284,0.4,0.6,0.4,0.2975,False,Msn
Medium Spiny Neurons,0.0018185729,0.009546691,0.59,0.41,0.41,0.31,False,Msn
Microglia,-0.001665037,0.018434178,0.453,0.547,0.453,0.3243,False,Msn
Neural Stem Cells,-0.0002790844,0.021264864,0.491,0.509,0.491,0.33945454545454545,False,Msn
GABAergic Neurons,-0.0013092404,0.019486578,0.496,0.504,0.496,0.35250000000000004,False,Msn
Endocrine Cells,0.28862414,0.031099603,1.0,0.0,0.0,0.0,True,Mt2
Myocytes,0.12627068,0.01919455,1.0,0.0,0.0,0.0,True,Mt2
Oligodendrocytes,0.0510629,0.010094869,1.0,0.0,0.0,0.0,True,Mt2
Medium Spiny Neurons,0.030949496,0.009616775,0.999,0.001,0.001,0.00025,True,Mt2
Neurons,0.033820864,0.012815212,0.996,0.004,0.004,0.001,True,Mt2
Oligodendrocyte Precursor Cells,0.031921886,0.01182034,0.995,0.005,0.005,0.0016666666666666668,True,Mt2
Astrocytes,0.045617472,0.019257944,0.988,0.012,0.012,0.0031428571428571426,True,Mt2
Microglia,0.026585681,0.01929101,0.914,0.086,0.086,0.013499999999999998,True,Mt2
Excitatory Neurons,0.013961078,0.012974998,0.855,0.145,0.145,0.02811111111111111,True,Mt2
Endothelial Cells,0.027473697,0.028985422,0.83,0.17,0.17,0.042300000000000004,True,Mt2
GABAergic Neurons,0.012701432,0.020356616,0.723,0.277,0.277,0.06363636363636364,False,Mt2
Neural Stem Cells,0.0031697298,0.01818348,0.575,0.425,0.425,0.09375,False,Mt2
Oligodendrocyte Precursor Cells,0.015667649,0.01129961,0.918,0.082,0.082,0.082,False,Mtus1
Neurons,0.010484033,0.013750182,0.775,0.225,0.225,0.1535,False,Mtus1
Myocytes,-0.012982671,0.018752841,0.249,0.751,0.249,0.18533333333333335,False,Mtus1
Astrocytes,0.0058853007,0.01630245,0.659,0.341,0.341,0.22425,False,Mtus1
Excitatory Neurons,0.00501231,0.012455158,0.654,0.346,0.346,0.2486,False,Mtus1
Endocrine Cells,0.010322912,0.027919682,0.652,0.348,0.348,0.2651666666666666,False,Mtus1
Neural Stem Cells,0.008277929,0.021412907,0.651,0.349,0.349,0.2771428571428571,False,Mtus1
Medium Spiny Neurons,0.0030479194,0.009536536,0.641,0.359,0.359,0.28737499999999994,False,Mtus1
Endothelial Cells,-0.00810424,0.030806446,0.4,0.6,0.4,0.2998888888888888,False,Mtus1
Microglia,-0.004175278,0.018191772,0.404,0.596,0.404,0.3102999999999999,False,Mtus1
Oligodendrocytes,-0.002796462,0.010190315,0.415,0.585,0.415,0.3198181818181818,False,Mtus1
GABAergic Neurons,0.0002054786,0.019542472,0.522,0.478,0.478,0.33299999999999996,False,Mtus1
Oligodendrocyte Precursor Cells,0.013369259,0.011429788,0.882,0.118,0.118,0.118,False,Myh9
Myocytes,-0.019147923,0.018738987,0.163,0.837,0.163,0.1405,False,Myh9
Neurons,0.010476287,0.01374686,0.775,0.225,0.225,0.16866666666666666,False,Myh9
Endocrine Cells,0.016712336,0.028131438,0.732,0.268,0.268,0.1935,False,Myh9
Excitatory Neurons,0.005704767,0.012534241,0.671,0.329,0.329,0.2206,False,Myh9
Astrocytes,0.005136751,0.016369967,0.645,0.355,0.355,0.243,False,Myh9
Oligodendrocytes,0.0033387723,0.010215543,0.63,0.37,0.37,0.2611428571428571,False,Myh9
Medium Spiny Neurons,0.0024849894,0.009518902,0.619,0.381,0.381,0.27612499999999995,False,Myh9
Endothelial Cells,-0.0066790907,0.030244645,0.413,0.587,0.413,0.2913333333333333,False,Myh9
Microglia,0.0041968217,0.018407568,0.585,0.415,0.415,0.30369999999999997,False,Myh9
Neural Stem Cells,0.0030282633,0.021370435,0.561,0.439,0.439,0.31599999999999995,False,Myh9
GABAergic Neurons,-0.00090832205,0.01958052,0.502,0.498,0.498,0.3311666666666666,False,Myh9
Oligodendrocyte Precursor Cells,0.012500134,0.011308115,0.866,0.134,0.134,0.134,False,Mylk
Myocytes,-0.018256912,0.018764967,0.179,0.821,0.179,0.1565,False,Mylk
Endocrine Cells,0.021098483,0.02805477,0.774,0.226,0.226,0.17966666666666667,False,Mylk
Neurons,0.009970381,0.013753861,0.766,0.234,0.234,0.19325,False,Mylk
Astrocytes,0.0041213804,0.01629446,0.628,0.372,0.372,0.229,False,Mylk
Excitatory Neurons,0.0035274122,0.0124898795,0.605,0.395,0.395,0.25666666666666665,False,Mylk
Endothelial Cells,-0.007522426,0.03026493,0.404,0.596,0.404,0.2777142857142857,False,Mylk
Microglia,-0.0024157304,0.018080741,0.434,0.566,0.434,0.29725,False,Mylk
Medium Spiny Neurons,0.001191331,0.0095501905,0.564,0.436,0.436,0.31266666666666665,False,Mylk
Neural Stem Cells,0.0031335833,0.021525173,0.562,0.438,0.438,0.32520000000000004,False,Mylk
Oligodendrocytes,-0.0019075779,0.010310729,0.446,0.554,0.446,0.3361818181818182,False,Mylk
GABAergic Neurons,-0.0011224556,0.019552257,0.499,0.501,0.499,0.34975,False,Mylk
Oligodendrocyte Precursor Cells,0.015046682,0.011478691,0.905,0.095,0.095,0.095,False,Myo10
Neurons,0.009804358,0.013801978,0.761,0.239,0.239,0.16699999999999998,False,Myo10
Endocrine Cells,0.015073336,0.027834814,0.716,0.284,0.284,0.20599999999999996,False,Myo10
Excitatory Neurons,0.004866039,0.012459751,0.653,0.347,0.347,0.24124999999999996,False,Myo10
Endothelial Cells,-0.007488633,0.030900756,0.407,0.593,0.407,0.2744,False,Myo10
Astrocytes,0.0028001654,0.016447103,0.588,0.412,0.412,0.2973333333333333,False,Myo10
Myocytes,-0.004230109,0.018726265,0.414,0.586,0.414,0.314,False,Myo10
Medium Spiny Neurons,0.00051499956,0.0095752,0.547,0.453,0.453,0.331375,False,Myo10
Neural Stem Cells,-0.0016173075,0.021345487,0.456,0.544,0.456,0.3452222222222222,False,Myo10
Microglia,-0.001408167,0.018079799,0.461,0.539,0.461,0.35679999999999995,False,Myo10
Oligodendrocytes,-0.000970088,0.010341069,0.474,0.526,0.474,0.3674545454545454,False,Myo10
GABAergic Neurons,-0.0012220396,0.019505281,0.496,0.504,0.496,0.3781666666666667,False,Myo10
Oligodendrocyte Precursor Cells,0.0138025815,0.01129571,0.892,0.108,0.108,0.108,False,Myo1c
Neurons,0.009958941,0.013771514,0.765,0.235,0.235,0.17149999999999999,False,Myo1c
Myocytes,-0.011529809,0.018760413,0.27,0.73,0.27,0.20433333333333334,False,Myo1c
Excitatory Neurons,0.0051627895,0.012471588,0.654,0.346,0.346,0.23975,False,Myo1c
Astrocytes,0.0048252353,0.016257016,0.641,0.359,0.359,0.2636,False,Myo1c
Neural Stem Cells,0.0041832374,0.021516915,0.582,0.418,0.418,0.28933333333333333,False,Myo1c
Endothelial Cells,-0.0053073107,0.03071685,0.434,0.566,0.434,0.31,False,Myo1c
Medium Spiny Neurons,0.00085189205,0.009547912,0.556,0.444,0.444,0.32675,False,Myo1c
Endocrine Cells,-0.002372176,0.027968021,0.472,0.528,0.472,0.34288888888888885,False,Myo1c
Oligodendrocytes,0.00025316342,0.01031994,0.517,0.483,0.483,0.3569,False,Myo1c
Microglia,0.0013437188,0.018158996,0.511,0.489,0.489,0.3689090909090909,False,Myo1c
GABAergic Neurons,-0.0010150949,0.019527843,0.5,0.5,0.5,0.3798333333333333,False,Myo1c
Oligodendrocytes,-0.011735657,0.009876338,0.108,0.892,0.108,0.108,False,Myo1d
Oligodendrocyte Precursor Cells,0.013385167,0.011247313,0.886,0.114,0.114,0.111,False,Myo1d
Endocrine Cells,0.030543555,0.028061075,0.858,0.142,0.142,0.12133333333333333,False,Myo1d
Neurons,0.009324363,0.01380622,0.753,0.247,0.247,0.15275,False,Myo1d
Excitatory Neurons,0.004738881,0.012442652,0.649,0.351,0.351,0.1924,False,Myo1d
Astrocytes,0.0039182613,0.016214421,0.622,0.378,0.378,0.2233333333333333,False,Myo1d
Myocytes,-0.005533043,0.01871525,0.378,0.622,0.378,0.2454285714285714,False,Myo1d
Endothelial Cells,-0.007602264,0.030876065,0.405,0.595,0.405,0.265375,False,Myo1d
Neural Stem Cells,0.0044222963,0.021518754,0.587,0.413,0.413,0.2817777777777778,False,Myo1d
Medium Spiny Neurons,0.0007909348,0.0095480895,0.555,0.445,0.445,0.2981,False,Myo1d
Microglia,-0.0016807376,0.01806455,0.453,0.547,0.453,0.31218181818181817,False,Myo1d
GABAergic Neurons,-0.0012007586,0.01949022,0.498,0.502,0.498,0.3276666666666666,False,Myo1d
Oligodendrocyte Precursor Cells,0.013692101,0.011269888,0.89,0.11,0.11,0.11,False,Myo1e
Neurons,0.009654757,0.013794278,0.758,0.242,0.242,0.176,False,Myo1e
Endocrine Cells,0.016466627,0.028042022,0.73,0.27,0.27,0.20733333333333334,False,Myo1e
Excitatory Neurons,0.0050909305,0.012466197,0.654,0.346,0.346,0.242,False,Myo1e
Neural Stem Cells,0.0072735413,0.021394618,0.636,0.364,0.364,0.26639999999999997,False,Myo1e
Astrocytes,0.0039774324,0.016326198,0.623,0.377,0.377,0.2848333333333333,False,Myo1e
Microglia,0.0054731346,0.018182551,0.618,0.382,0.382,0.29871428571428565,False,Myo1e
Oligodendrocytes,-0.003642051,0.010176366,0.392,0.608,0.392,0.31037499999999996,False,Myo1e
Endothelial Cells,-0.007531574,0.030887889,0.406,0.594,0.406,0.32099999999999995,False,Myo1e
Medium Spiny Neurons,0.00097292376,0.009547984,0.562,0.438,0.438,0.3327,False,Myo1e
Myocytes,0.001973365,0.018725466,0.552,0.448,0.448,0.3431818181818182,False,Myo1e
GABAergic Neurons,-0.0011444505,0.019562433,0.499,0.501,0.499,0.3561666666666667,False,Myo1e
Oligodendrocyte Precursor Cells,0.013617861,0.011263763,0.889,0.111,0.111,0.111,False,Naaa
Neurons,0.009525821,0.013806269,0.757,0.243,0.243,0.177,False,Naaa
Excitatory Neurons,0.005140644,0.012461298,0.654,0.346,0.346,0.2333333333333333,False,Naaa
Myocytes,0.007590979,0.018739777,0.653,0.347,0.347,0.26175,False,Naaa
Endocrine Cells,0.0068963706,0.027807992,0.605,0.395,0.395,0.2884,False,Naaa
Astrocytes,0.0032071287,0.0165091,0.6,0.4,0.4,0.307,False,Naaa
Endothelial Cells,-0.007896393,0.03096418,0.401,0.599,0.401,0.32042857142857145,False,Naaa
Neural Stem Cells,-0.0044681244,0.021437941,0.411,0.589,0.411,0.33175000000000004,False,Naaa
Microglia,-0.0023045058,0.018105865,0.436,0.564,0.436,0.3433333333333334,False,Naaa
Medium Spiny Neurons,0.0006984722,0.009572578,0.554,0.446,0.446,0.3536,False,Naaa
Oligodendrocytes,-0.00054863124,0.010321072,0.488,0.512,0.488,0.3658181818181819,False,Naaa
GABAergic Neurons,-0.0012565816,0.019514484,0.496,0.504,0.496,0.37666666666666676,False,Naaa
Oligodendrocyte Precursor Cells,0.014623842,0.011360274,0.901,0.099,0.099,0.099,False,Nde1
Neurons,0.009588445,0.013793577,0.757,0.243,0.243,0.17099999999999999,False,Nde1
Endocrine Cells,0.012602763,0.027870612,0.685,0.315,0.315,0.219,False,Nde1
Excitatory Neurons,0.004717497,0.012447088,0.649,0.351,0.351,0.252,False,Nde1
Astrocytes,0.0043050805,0.016354285,0.632,0.368,0.368,0.2752,False,Nde1
Oligodendrocytes,-0.0035604616,0.01016462,0.394,0.606,0.394,0.295,False,Nde1
Neural Stem Cells,0.005364057,0.021387689,0.599,0.401,0.401,0.31014285714285716,False,Nde1
Endothelial Cells,-0.0075056823,0.030948449,0.406,0.594,0.406,0.32212500000000005,False,Nde1
Medium Spiny Neurons,0.0014768415,0.009545622,0.578,0.422,0.422,0.3332222222222223,False,Nde1
Myocytes,-0.0026688601,0.018728651,0.459,0.541,0.459,0.34580000000000005,False,Nde1
Microglia,-0.00077444635,0.018126518,0.47,0.53,0.47,0.3570909090909092,False,Nde1
GABAergic Neurons,-0.0009336386,0.01949743,0.502,0.498,0.498,0.3688333333333334,False,Nde1
Oligodendrocyte Precursor Cells,0.013016498,0.011722763,0.868,0.132,0.132,0.132,False,Ndn
Neural Stem Cells,-0.018684544,0.020919904,0.187,0.813,0.187,0.1595,False,Ndn
Excitatory Neurons,0.009892701,0.012920946,0.777,0.223,0.223,0.18066666666666667,False,Ndn
Myocytes,0.012479307,0.01887664,0.728,0.272,0.272,0.20350000000000001,False,Ndn
Astrocytes,0.0061366437,0.016509835,0.661,0.339,0.339,0.2306,False,Ndn
Medium Spiny Neurons,0.0028289251,0.009506263,0.633,0.367,0.367,0.25333333333333335,False,Ndn
Neurons,-0.0040650903,0.012342749,0.378,0.622,0.378,0.2711428571428572,False,Ndn
Endothelial Cells,-0.007110937,0.030902987,0.409,0.591,0.409,0.288375,False,Ndn
Endocrine Cells,-0.0050290707,0.028094301,0.432,0.568,0.432,0.30433333333333334,False,Ndn
GABAergic Neurons,-0.0034123901,0.020463666,0.448,0.552,0.448,0.3187,False,Ndn
Oligodendrocytes,0.0006376615,0.010052346,0.531,0.469,0.469,0.33236363636363636,False,Ndn
Microglia,-0.00041997974,0.018201586,0.48,0.52,0.48,0.3446666666666666,False,Ndn
Myocytes,-0.104196616,0.018941825,0.0,1.0,0.0,0.0,True,Neat1
Oligodendrocyte Precursor Cells,0.01414131,0.011233808,0.899,0.101,0.101,0.0505,False,Neat1
Endocrine Cells,0.033528164,0.028075911,0.886,0.114,0.114,0.07166666666666667,False,Neat1
Neurons,0.010584486,0.013836821,0.776,0.224,0.224,0.10975000000000001,False,Neat1
Medium Spiny Neurons,0.003805437,0.009591925,0.66,0.34,0.34,0.15580000000000002,False,Neat1
Excitatory Neurons,0.005312182,0.012436193,0.658,0.342,0.342,0.18683333333333338,False,Neat1
Endothelial Cells,-0.010366302,0.030833827,0.376,0.624,0.376,0.2138571428571429,False,Neat1
Neural Stem Cells,0.0047916933,0.021356687,0.594,0.406,0.406,0.23787500000000006,False,Neat1
Oligodendrocytes,-0.002488667,0.009904487,0.424,0.576,0.424,0.2585555555555556,False,Neat1
Astrocytes,0.0012697933,0.016406205,0.553,0.447,0.447,0.27740000000000004,False,Neat1
Microglia,0.0014168088,0.018119898,0.513,0.487,0.487,0.2964545454545455,False,Neat1
GABAergic Neurons,-0.0006573203,0.019472178,0.505,0.495,0.495,0.31300000000000006,False,Neat1
Oligodendrocyte Precursor Cells,0.014066486,0.011447609,0.894,0.106,0.106,0.106,False,Nefh
Myocytes,0.016150095,0.01879776,0.795,0.205,0.205,0.1555,False,Nefh
Neurons,0.009714693,0.013262232,0.768,0.232,0.232,0.18100000000000002,False,Nefh
Endocrine Cells,0.014506035,0.027815746,0.708,0.292,0.292,0.20875,False,Nefh
Astrocytes,0.006759005,0.016385064,0.676,0.324,0.324,0.2318,False,Nefh
Excitatory Neurons,0.0038971992,0.012608589,0.616,0.384,0.384,0.2571666666666667,False,Nefh
Medium Spiny Neurons,-0.0030160134,0.009556038,0.389,0.611,0.389,0.276,False,Nefh
Neural Stem Cells,0.0056853644,0.021513911,0.611,0.389,0.389,0.290125,False,Nefh
Endothelial Cells,-0.009364,0.030965352,0.39,0.61,0.39,0.3012222222222223,False,Nefh
Oligodendrocytes,-0.0020511197,0.010209093,0.44,0.56,0.44,0.31510000000000005,False,Nefh
GABAergic Neurons,0.00053971546,0.020286942,0.528,0.472,0.472,0.32936363636363636,False,Nefh
Microglia,0.0010956449,0.018188056,0.502,0.498,0.498,0.3434166666666667,False,Nefh
Oligodendrocyte Precursor Cells,0.012993213,0.0112991845,0.877,0.123,0.123,0.123,False,Neurod6
Excitatory Neurons,0.010441026,0.012979397,0.787,0.213,0.213,0.16799999999999998,False,Neurod6
Neurons,0.008777091,0.01382634,0.735,0.265,0.265,0.20033333333333334,False,Neurod6
Astrocytes,0.0041988064,0.016230695,0.63,0.37,0.37,0.24275,False,Neurod6
Myocytes,0.0056500095,0.018710153,0.619,0.381,0.381,0.2704,False,Neurod6
Endothelial Cells,-0.0074411337,0.031056084,0.407,0.593,0.407,0.29316666666666663,False,Neurod6
Neural Stem Cells,0.0034642643,0.021561278,0.568,0.432,0.432,0.313,False,Neurod6
Medium Spiny Neurons,-0.0015083853,0.009586929,0.443,0.557,0.443,0.32925,False,Neurod6
Microglia,-0.0014642482,0.018095365,0.46,0.54,0.46,0.34377777777777774,False,Neurod6
Endocrine Cells,0.0020684258,0.027714318,0.538,0.462,0.462,0.3556,False,Neurod6
Oligodendrocytes,-0.0013556761,0.010333247,0.464,0.536,0.464,0.3654545454545455,False,Neurod6
GABAergic Neurons,-0.0010367061,0.019526651,0.5,0.5,0.5,0.3766666666666667,False,Neurod6
Oligodendrocyte Precursor Cells,0.01380791,0.011286482,0.893,0.107,0.107,0.107,False,Nfe2l2
Neurons,0.009937697,0.013803182,0.764,0.236,0.236,0.17149999999999999,False,Nfe2l2
Excitatory Neurons,0.004783963,0.01244315,0.65,0.35,0.35,0.23099999999999998,False,Nfe2l2
Astrocytes,0.0054529253,0.016397323,0.649,0.351,0.351,0.261,False,Nfe2l2
Myocytes,-0.0059424043,0.018765613,0.371,0.629,0.371,0.28300000000000003,False,Nfe2l2
Microglia,0.005868002,0.018315349,0.627,0.373,0.373,0.298,False,Nfe2l2
Endothelial Cells,-0.0060684434,0.030883262,0.425,0.575,0.425,0.31614285714285717,False,Nfe2l2
Medium Spiny Neurons,0.0010016958,0.009546091,0.562,0.438,0.438,0.33137500000000003,False,Nfe2l2
Neural Stem Cells,0.0030874168,0.021402007,0.562,0.438,0.438,0.34322222222222226,False,Nfe2l2
Endocrine Cells,0.0034343186,0.028059157,0.548,0.452,0.452,0.3541,False,Nfe2l2
Oligodendrocytes,0.00084037695,0.010265797,0.539,0.461,0.461,0.3638181818181819,False,Nfe2l2
GABAergic Neurons,-0.001100501,0.019487424,0.499,0.501,0.499,0.3750833333333334,False,Nfe2l2
Oligodendrocyte Precursor Cells,0.010299752,0.01169223,0.809,0.191,0.191,0.191,False,Nhsl1
Neural Stem Cells,0.018718513,0.021163123,0.804,0.196,0.196,0.1935,False,Nhsl1
Neurons,0.0106578125,0.013704969,0.78,0.22,0.22,0.20233333333333334,False,Nhsl1
Endocrine Cells,0.016502885,0.027979147,0.73,0.27,0.27,0.21925,False,Nhsl1
Myocytes,0.009535211,0.018765075,0.684,0.316,0.316,0.2386,False,Nhsl1
Excitatory Neurons,0.005253675,0.012505931,0.655,0.345,0.345,0.25633333333333336,False,Nhsl1
Endothelial Cells,-0.011571834,0.030671174,0.354,0.646,0.354,0.2702857142857143,False,Nhsl1
Astrocytes,0.003983812,0.01676695,0.62,0.38,0.38,0.284,False,Nhsl1
Microglia,-0.0011248554,0.018138511,0.466,0.534,0.466,0.3042222222222222,False,Nhsl1
Medium Spiny Neurons,0.0002019527,0.009536247,0.527,0.473,0.473,0.3211,False,Nhsl1
Oligodendrocytes,-0.00053998095,0.010279562,0.488,0.512,0.488,0.3362727272727273,False,Nhsl1
GABAergic Neurons,-0.0014929763,0.019550623,0.492,0.508,0.492,0.34925,False,Nhsl1
Oligodendrocytes,-0.026510503,0.009465268,0.003,0.997,0.003,0.003,True,Nkx6-2
Oligodendrocyte Precursor Cells,0.013250428,0.01126706,0.883,0.117,0.117,0.060000000000000005,False,Nkx6-2
Neurons,0.008632851,0.013809091,0.732,0.268,0.268,0.12933333333333333,False,Nkx6-2
Excitatory Neurons,0.0049337554,0.0124368,0.653,0.347,0.347,0.18375,False,Nkx6-2
Myocytes,0.005637115,0.018715259,0.619,0.381,0.381,0.2232,False,Nkx6-2
Endothelial Cells,-0.0091299135,0.03106418,0.393,0.607,0.393,0.2515,False,Nkx6-2
Medium Spiny Neurons,0.0015015573,0.009592403,0.579,0.421,0.421,0.27571428571428575,False,Nkx6-2
Neural Stem Cells,0.0034642785,0.021523304,0.568,0.432,0.432,0.29525,False,Nkx6-2
Endocrine Cells,0.003008078,0.027708245,0.544,0.456,0.456,0.3131111111111111,False,Nkx6-2
Microglia,-0.00139459,0.018072661,0.461,0.539,0.461,0.32789999999999997,False,Nkx6-2
Astrocytes,-0.0022291297,0.016313957,0.465,0.535,0.465,0.34036363636363637,False,Nkx6-2
GABAergic Neurons,-0.0013530242,0.019477444,0.496,0.504,0.496,0.35333333333333333,False,Nkx6-2
Oligodendrocytes,0.043759536,0.010017761,1.0,0.0,0.0,0.0,True,Nmu
Oligodendrocyte Precursor Cells,0.017486041,0.011238635,0.942,0.058,0.058,0.029,True,Nmu
Neurons,0.012669932,0.013831144,0.814,0.186,0.186,0.08133333333333333,False,Nmu
Excitatory Neurons,0.0064274683,0.012438872,0.699,0.301,0.301,0.13624999999999998,False,Nmu
Astrocytes,0.0076151285,0.016217822,0.691,0.309,0.309,0.17079999999999998,False,Nmu
Myocytes,0.0097545935,0.018724903,0.69,0.31,0.31,0.19399999999999998,False,Nmu
Neural Stem Cells,0.009372125,0.021545874,0.665,0.335,0.335,0.21414285714285713,False,Nmu
Medium Spiny Neurons,0.0024346407,0.0095920265,0.614,0.386,0.386,0.23562499999999997,False,Nmu
Endocrine Cells,0.005519648,0.027725924,0.587,0.413,0.413,0.2553333333333333,False,Nmu
Endothelial Cells,-0.0056794104,0.031072177,0.431,0.569,0.431,0.2729,False,Nmu
GABAergic Neurons,0.0006165653,0.01947628,0.529,0.471,0.471,0.2909090909090909,False,Nmu
Microglia,0.001458456,0.018084973,0.513,0.487,0.487,0.30724999999999997,False,Nmu
Oligodendrocyte Precursor Cells,0.015069995,0.011646418,0.902,0.098,0.098,0.098,False,Notch1
Neurons,0.009822574,0.013819294,0.761,0.239,0.239,0.16849999999999998,False,Notch1
Endocrine Cells,0.011877476,0.027849603,0.675,0.325,0.325,0.22066666666666665,False,Notch1
Excitatory Neurons,0.00486944,0.0124514755,0.653,0.347,0.347,0.25225,False,Notch1
Endothelial Cells,-0.009970728,0.030738503,0.382,0.618,0.382,0.2782,False,Notch1
Medium Spiny Neurons,0.0015295916,0.0095752,0.58,0.42,0.42,0.30183333333333334,False,Notch1
Myocytes,0.0018375716,0.018750237,0.552,0.448,0.448,0.3227142857142857,False,Notch1
Neural Stem Cells,-0.0019404,0.021172417,0.451,0.549,0.451,0.33875,False,Notch1
Astrocytes,-0.0025582218,0.01650297,0.454,0.546,0.454,0.35155555555555557,False,Notch1
Microglia,-0.0014047363,0.018124811,0.461,0.539,0.461,0.3625,False,Notch1
Oligodendrocytes,0.0004700692,0.010316344,0.523,0.477,0.477,0.3729090909090909,False,Notch1
GABAergic Neurons,-0.0012135895,0.019491555,0.496,0.504,0.496,0.3831666666666667,False,Notch1
Oligodendrocyte Precursor Cells,0.014514098,0.011286839,0.901,0.099,0.099,0.099,False,Notch2
Endocrine Cells,0.027579179,0.028155575,0.825,0.175,0.175,0.137,False,Notch2
Neurons,0.009803061,0.0137940645,0.761,0.239,0.239,0.171,False,Notch2
Excitatory Neurons,0.0050149746,0.012447922,0.654,0.346,0.346,0.21475,False,Notch2
Endothelial Cells,-0.006225676,0.03076703,0.423,0.577,0.423,0.2564,False,Notch2
Neural Stem Cells,-0.0035523013,0.021145022,0.424,0.576,0.424,0.2843333333333333,False,Notch2
Astrocytes,0.002262739,0.016543664,0.573,0.427,0.427,0.3047142857142857,False,Notch2
Medium Spiny Neurons,0.0013117541,0.009541856,0.57,0.43,0.43,0.320375,False,Notch2
Myocytes,-0.002832873,0.018748911,0.455,0.545,0.455,0.33533333333333337,False,Notch2
Microglia,0.0016312087,0.018275246,0.519,0.481,0.481,0.3499,False,Notch2
Oligodendrocytes,-0.00038761133,0.010319974,0.493,0.507,0.493,0.3629090909090909,False,Notch2
GABAergic Neurons,-0.0006845885,0.01950153,0.505,0.495,0.495,0.3739166666666667,False,Notch2
Oligodendrocyte Precursor Cells,0.013640232,0.011250372,0.89,0.11,0.11,0.11,False,Notch3
Myocytes,-0.014103409,0.018721556,0.23,0.77,0.23,0.17,False,Notch3
Neurons,0.0100572575,0.013802203,0.766,0.234,0.234,0.19133333333333336,False,Notch3
Endocrine Cells,0.0112386625,0.027855845,0.662,0.338,0.338,0.22800000000000004,False,Notch3
Excitatory Neurons,0.004886979,0.012434923,0.653,0.347,0.347,0.2518,False,Notch3
Astrocytes,0.00393366,0.016292974,0.622,0.378,0.378,0.2728333333333333,False,Notch3
Endothelial Cells,-0.009928577,0.030627271,0.382,0.618,0.382,0.2884285714285714,False,Notch3
Neural Stem Cells,0.0048394613,0.021551713,0.594,0.406,0.406,0.30312500000000003,False,Notch3
Medium Spiny Neurons,0.0012154318,0.009548139,0.565,0.435,0.435,0.3177777777777778,False,Notch3
Microglia,-0.00085511204,0.018074766,0.468,0.532,0.468,0.33280000000000004,False,Notch3
Oligodendrocytes,-0.0003307672,0.010360324,0.496,0.504,0.496,0.3476363636363637,False,Notch3
GABAergic Neurons,-0.0011414302,0.01947867,0.499,0.501,0.499,0.36025,False,Notch3
Oligodendrocytes,-0.010402734,0.008713937,0.107,0.893,0.107,0.107,False,Npc1
Oligodendrocyte Precursor Cells,0.014354421,0.0118300505,0.89,0.11,0.11,0.1085,False,Npc1
Neurons,0.011381008,0.013638009,0.797,0.203,0.203,0.14,False,Npc1
Excitatory Neurons,0.005676482,0.01256801,0.667,0.333,0.333,0.18825000000000003,False,Npc1
Medium Spiny Neurons,0.0034194223,0.009546226,0.65,0.35,0.35,0.22060000000000005,False,Npc1
Neural Stem Cells,0.0070071337,0.021274298,0.634,0.366,0.366,0.24483333333333338,False,Npc1
Myocytes,0.00650382,0.018851498,0.632,0.368,0.368,0.26242857142857146,False,Npc1
Endothelial Cells,-0.008216057,0.030866655,0.399,0.601,0.399,0.2795,False,Npc1
Astrocytes,0.0025210353,0.016692718,0.581,0.419,0.419,0.29500000000000004,False,Npc1
GABAergic Neurons,0.00016612622,0.019752394,0.522,0.478,0.478,0.3133,False,Npc1
Microglia,0.0014072453,0.018463438,0.513,0.487,0.487,0.3290909090909091,False,Npc1
Endocrine Cells,-0.0011961642,0.028078077,0.492,0.508,0.492,0.3426666666666667,False,Npc1
Myocytes,0.051598866,0.018955974,0.998,0.002,0.002,0.002,True,Nsmf
Oligodendrocytes,-0.016819844,0.008863385,0.027,0.973,0.027,0.014499999999999999,True,Nsmf
Neurons,0.018169064,0.012399845,0.935,0.065,0.065,0.03133333333333333,True,Nsmf
Endothelial Cells,-0.013444394,0.030021232,0.328,0.672,0.328,0.10550000000000001,False,Nsmf
Astrocytes,0.00660138,0.017391443,0.665,0.335,0.335,0.15140000000000003,False,Nsmf
Medium Spiny Neurons,-0.0033218001,0.009500941,0.378,0.622,0.378,0.1891666666666667,False,Nsmf
Oligodendrocyte Precursor Cells,0.0033421274,0.01185099,0.619,0.381,0.381,0.2165714285714286,False,Nsmf
Excitatory Neurons,0.0042232885,0.013869421,0.616,0.384,0.384,0.23750000000000004,False,Nsmf
Microglia,-0.0036212537,0.019089766,0.421,0.579,0.421,0.2578888888888889,False,Nsmf
Neural Stem Cells,0.0031348364,0.020655949,0.566,0.434,0.434,0.2755,False,Nsmf
Endocrine Cells,-0.003578154,0.028045299,0.454,0.546,0.454,0.2917272727272728,False,Nsmf
GABAergic Neurons,-0.0017644892,0.020842403,0.491,0.509,0.491,0.3083333333333334,False,Nsmf
Oligodendrocyte Precursor Cells,0.013220451,0.011357325,0.879,0.121,0.121,0.121,False,Ntng1
Myocytes,0.008790601,0.018732855,0.675,0.325,0.325,0.223,False,Ntng1
Astrocytes,0.0063707503,0.016281802,0.668,0.332,0.332,0.25933333333333336,False,Ntng1
Excitatory Neurons,0.004949538,0.012527321,0.653,0.347,0.347,0.28125,False,Ntng1
Neurons,0.0044154744,0.013191401,0.642,0.358,0.358,0.29660000000000003,False,Ntng1
Neural Stem Cells,0.0058557102,0.021537006,0.613,0.387,0.387,0.3116666666666667,False,Ntng1
Endothelial Cells,-0.0078063216,0.031042807,0.402,0.598,0.402,0.3245714285714286,False,Ntng1
Endocrine Cells,0.0051295096,0.027804341,0.577,0.423,0.423,0.33687500000000004,False,Ntng1
Medium Spiny Neurons,0.00029190103,0.009541971,0.535,0.465,0.465,0.35111111111111115,False,Ntng1
Microglia,1.656146e-05,0.01811204,0.488,0.512,0.488,0.3648,False,Ntng1
GABAergic Neurons,-0.00058189465,0.019580873,0.505,0.495,0.495,0.3766363636363636,False,Ntng1
Oligodendrocytes,-0.00034187682,0.010294179,0.496,0.504,0.496,0.3865833333333333,False,Ntng1
Myocytes,0.037367184,0.018882468,0.978,0.022,0.022,0.022,True,Ntsr2
Oligodendrocyte Precursor Cells,0.017869137,0.011818506,0.939,0.061,0.061,0.041499999999999995,True,Ntsr2
Neurons,0.015967669,0.0131792445,0.888,0.112,0.112,0.065,False,Ntsr2
Medium Spiny Neurons,0.008694711,0.009487602,0.816,0.184,0.184,0.09475,False,Ntsr2
Excitatory Neurons,0.009342218,0.012789705,0.767,0.233,0.233,0.1224,False,Ntsr2
Oligodendrocytes,0.004458287,0.009684389,0.685,0.315,0.315,0.1545,False,Ntsr2
Endothelial Cells,-0.012625234,0.030002326,0.338,0.662,0.338,0.18071428571428574,False,Ntsr2
Astrocytes,-0.007492611,0.018528998,0.349,0.651,0.349,0.20175,False,Ntsr2
Neural Stem Cells,-0.0055932244,0.020822734,0.387,0.613,0.387,0.22233333333333338,False,Ntsr2
Microglia,0.004898988,0.018644996,0.604,0.396,0.396,0.23970000000000002,False,Ntsr2
GABAergic Neurons,0.0032958542,0.019971207,0.576,0.424,0.424,0.2564545454545455,False,Ntsr2
Endocrine Cells,-0.00062632724,0.027767723,0.504,0.496,0.496,0.2764166666666667,False,Ntsr2
Oligodendrocyte Precursor Cells,0.011159577,0.011845479,0.827,0.173,0.173,0.173,False,Olig1
Myocytes,0.014970349,0.01873913,0.776,0.224,0.224,0.1985,False,Olig1
Neurons,0.009527105,0.013812674,0.757,0.243,0.243,0.21333333333333335,False,Olig1
Excitatory Neurons,0.0046987287,0.012447677,0.647,0.353,0.353,0.24825,False,Olig1
Neural Stem Cells,0.007464421,0.021494519,0.638,0.362,0.362,0.271,False,Olig1
Astrocytes,0.0038313656,0.01627159,0.62,0.38,0.38,0.2891666666666666,False,Olig1
Oligodendrocytes,-0.0037403437,0.010001936,0.38,0.62,0.38,0.3021428571428571,False,Olig1
Endothelial Cells,-0.008923462,0.031052794,0.395,0.605,0.395,0.31375,False,Olig1
Endocrine Cells,0.0046760477,0.027724626,0.569,0.431,0.431,0.3267777777777778,False,Olig1
Microglia,-0.0010264332,0.0180846,0.467,0.533,0.467,0.3408,False,Olig1
Medium Spiny Neurons,3.2580076e-06,0.009586416,0.516,0.484,0.484,0.3538181818181818,False,Olig1
GABAergic Neurons,-0.0015205003,0.01949149,0.492,0.508,0.492,0.36533333333333334,False,Olig1
Oligodendrocytes,0.017145786,0.0090568205,0.97,0.03,0.03,0.03,True,Olig2
Oligodendrocyte Precursor Cells,-0.009357842,0.011961127,0.201,0.799,0.201,0.1155,False,Olig2
Neurons,0.010271515,0.01379832,0.77,0.23,0.23,0.15366666666666667,False,Olig2
Neural Stem Cells,0.015348628,0.021349577,0.76,0.24,0.24,0.17525000000000002,False,Olig2
Excitatory Neurons,0.004971183,0.012451491,0.654,0.346,0.346,0.20940000000000003,False,Olig2
Myocytes,0.0064687203,0.018727036,0.632,0.368,0.368,0.23583333333333334,False,Olig2
Endothelial Cells,-0.008248995,0.031035393,0.399,0.601,0.399,0.2591428571428572,False,Olig2
Endocrine Cells,0.0027945058,0.0277168,0.541,0.459,0.459,0.284125,False,Olig2
Medium Spiny Neurons,0.0003882077,0.009584974,0.541,0.459,0.459,0.3035555555555556,False,Olig2
Astrocytes,0.00066034164,0.01631973,0.54,0.46,0.46,0.31920000000000004,False,Olig2
Microglia,-0.0011137689,0.018094944,0.466,0.534,0.466,0.3325454545454546,False,Olig2
GABAergic Neurons,-0.0006237201,0.01950625,0.505,0.495,0.495,0.34608333333333335,False,Olig2
Myocytes,0.038355168,0.018819638,0.985,0.015,0.015,0.015,True,Otof
Oligodendrocyte Precursor Cells,0.01331789,0.011286537,0.885,0.115,0.115,0.065,False,Otof
Neurons,0.007964821,0.013704321,0.721,0.279,0.279,0.13633333333333333,False,Otof
Endocrine Cells,0.015160194,0.027878936,0.718,0.282,0.282,0.17275000000000001,False,Otof
Medium Spiny Neurons,0.0041555855,0.009488445,0.682,0.318,0.318,0.20180000000000003,False,Otof
Excitatory Neurons,0.004805306,0.012516887,0.65,0.35,0.35,0.2265,False,Otof
Astrocytes,0.0035145327,0.016221533,0.61,0.39,0.39,0.24985714285714286,False,Otof
Endothelial Cells,-0.00841106,0.031078748,0.399,0.601,0.399,0.2685,False,Otof
Neural Stem Cells,0.0027004606,0.021564858,0.552,0.448,0.448,0.28844444444444445,False,Otof
Microglia,-0.0014353889,0.01807627,0.46,0.54,0.46,0.3056,False,Otof
Oligodendrocytes,-0.00088594935,0.010346372,0.477,0.523,0.477,0.3211818181818182,False,Otof
GABAergic Neurons,-0.00013822236,0.019869162,0.514,0.486,0.486,0.3349166666666667,False,Otof
Oligodendrocyte Precursor Cells,0.013967621,0.011367667,0.894,0.106,0.106,0.106,False,Otud7b
Myocytes,0.02380269,0.018829355,0.892,0.108,0.108,0.107,False,Otud7b
Neurons,0.009220731,0.013771386,0.752,0.248,0.248,0.154,False,Otud7b
Oligodendrocytes,-0.004628408,0.009860186,0.337,0.663,0.337,0.19974999999999998,False,Otud7b
Endocrine Cells,0.010970919,0.027899334,0.657,0.343,0.343,0.2284,False,Otud7b
Excitatory Neurons,0.00410956,0.012473243,0.626,0.374,0.374,0.25266666666666665,False,Otud7b
Astrocytes,0.0038797583,0.016280731,0.621,0.379,0.379,0.27071428571428574,False,Otud7b
Endothelial Cells,-0.008680207,0.030991267,0.395,0.605,0.395,0.28625,False,Otud7b
Medium Spiny Neurons,0.0010871853,0.009544101,0.562,0.438,0.438,0.3031111111111111,False,Otud7b
Neural Stem Cells,0.0021159227,0.021462211,0.538,0.462,0.462,0.31900000000000006,False,Otud7b
Microglia,-0.000375152,0.018114833,0.481,0.519,0.481,0.33372727272727276,False,Otud7b
GABAergic Neurons,-0.0010782363,0.0195328,0.499,0.501,0.499,0.3475,False,Otud7b
Microglia,-0.203715,0.026636995,0.0,1.0,0.0,0.0,True,P2ry12
Oligodendrocyte Precursor Cells,0.012556802,0.011382243,0.866,0.134,0.134,0.067,False,P2ry12
Neurons,0.008685361,0.0137766255,0.733,0.267,0.267,0.13366666666666668,False,P2ry12
Endothelial Cells,-0.012009538,0.03092844,0.352,0.648,0.352,0.18825,False,P2ry12
Oligodendrocytes,-0.0044301143,0.010234644,0.354,0.646,0.354,0.22139999999999999,False,P2ry12
Excitatory Neurons,0.004137059,0.012503673,0.626,0.374,0.374,0.24683333333333332,False,P2ry12
Myocytes,0.0054200017,0.01871549,0.612,0.388,0.388,0.26699999999999996,False,P2ry12
Endocrine Cells,0.0056645297,0.027748935,0.59,0.41,0.41,0.284875,False,P2ry12
Astrocytes,0.0027409187,0.016341388,0.588,0.412,0.412,0.299,False,P2ry12
Medium Spiny Neurons,0.0013155026,0.009542553,0.57,0.43,0.43,0.3121,False,P2ry12
Neural Stem Cells,0.0018898695,0.021450957,0.533,0.467,0.467,0.3261818181818182,False,P2ry12
GABAergic Neurons,-0.0007447108,0.019567145,0.505,0.495,0.495,0.34025,False,P2ry12
Myocytes,-0.079633474,0.018771317,0.0,1.0,0.0,0.0,True,Padi2
Oligodendrocyte Precursor Cells,0.01349977,0.01127385,0.888,0.112,0.112,0.056,False,Padi2
Neurons,0.009993612,0.013813399,0.765,0.235,0.235,0.11566666666666665,False,Padi2
Excitatory Neurons,0.0047461065,0.012447434,0.649,0.351,0.351,0.1745,False,Padi2
Endocrine Cells,0.0070097507,0.027733104,0.608,0.392,0.392,0.21799999999999997,False,Padi2
Endothelial Cells,-0.007843876,0.031025868,0.402,0.598,0.402,0.24866666666666667,False,Padi2
Oligodendrocytes,-0.0029061625,0.010181449,0.411,0.589,0.411,0.27185714285714285,False,Padi2
Astrocytes,0.0023014627,0.016432239,0.574,0.426,0.426,0.291125,False,Padi2
Medium Spiny Neurons,0.0013706571,0.009583482,0.57,0.43,0.43,0.3065555555555556,False,Padi2
Microglia,-0.00058779045,0.018152187,0.473,0.527,0.473,0.32320000000000004,False,Padi2
GABAergic Neurons,-0.0013177796,0.019489462,0.496,0.504,0.496,0.33890909090909094,False,Padi2
Neural Stem Cells,0.00025326083,0.021459838,0.502,0.498,0.498,0.3521666666666667,False,Padi2
Endocrine Cells,0.054477695,0.028533185,0.969,0.031,0.031,0.031,True,Parvb
Oligodendrocyte Precursor Cells,0.013679919,0.011369803,0.888,0.112,0.112,0.07150000000000001,False,Parvb
Myocytes,-0.021941325,0.01876849,0.122,0.878,0.122,0.08833333333333333,False,Parvb
Neurons,0.007969228,0.013668584,0.721,0.279,0.279,0.136,False,Parvb
Excitatory Neurons,0.0054354505,0.01249144,0.661,0.339,0.339,0.1766,False,Parvb
Oligodendrocytes,0.0031298867,0.010094282,0.625,0.375,0.375,0.20966666666666667,False,Parvb
Endothelial Cells,-0.009640655,0.03046817,0.383,0.617,0.383,0.23442857142857143,False,Parvb
Medium Spiny Neurons,0.0021135837,0.009558819,0.599,0.401,0.401,0.25525,False,Parvb
Astrocytes,0.0022400217,0.016419057,0.573,0.427,0.427,0.2743333333333333,False,Parvb
Neural Stem Cells,0.0023837648,0.021444142,0.545,0.455,0.455,0.2924,False,Parvb
Microglia,-0.00013321734,0.018151946,0.486,0.514,0.486,0.31,False,Parvb
GABAergic Neurons,-0.0015276392,0.019552816,0.492,0.508,0.492,0.32516666666666666,False,Parvb
Myocytes,0.027013713,0.018795934,0.925,0.075,0.075,0.075,False,Pcdh15
Neurons,0.010751006,0.01373313,0.782,0.218,0.218,0.1465,False,Pcdh15
Oligodendrocyte Precursor Cells,0.0082865385,0.011842098,0.755,0.245,0.245,0.17933333333333334,False,Pcdh15
Astrocytes,0.0044965902,0.016222307,0.635,0.365,0.365,0.22575,False,Pcdh15
Excitatory Neurons,0.0043547573,0.012508382,0.634,0.366,0.366,0.2538,False,Pcdh15
Endothelial Cells,-0.0076883873,0.03107016,0.404,0.596,0.404,0.2788333333333333,False,Pcdh15
Neural Stem Cells,0.004974092,0.021512711,0.594,0.406,0.406,0.29700000000000004,False,Pcdh15
Endocrine Cells,0.005075706,0.02774352,0.575,0.425,0.425,0.313,False,Pcdh15
Oligodendrocytes,-0.0016642913,0.010291068,0.452,0.548,0.452,0.32844444444444443,False,Pcdh15
Medium Spiny Neurons,0.00028163588,0.009584759,0.535,0.465,0.465,0.34209999999999996,False,Pcdh15
Microglia,-0.001105204,0.018073795,0.466,0.534,0.466,0.3533636363636364,False,Pcdh15
GABAergic Neurons,-0.001499918,0.019617645,0.492,0.508,0.492,0.3649166666666666,False,Pcdh15
Medium Spiny Neurons,-0.033065014,0.01065394,0.0,1.0,0.0,0.0,True,Pde10a
Oligodendrocyte Precursor Cells,0.0154442955,0.011467946,0.907,0.093,0.093,0.0465,True,Pde10a
Myocytes,0.022166476,0.018805616,0.878,0.122,0.122,0.07166666666666667,False,Pde10a
Neurons,0.010762879,0.013675669,0.783,0.217,0.217,0.108,False,Pde10a
Endocrine Cells,-0.015287827,0.027776692,0.299,0.701,0.299,0.1462,False,Pde10a
Excitatory Neurons,0.00539852,0.012586334,0.658,0.342,0.342,0.17883333333333332,False,Pde10a
Astrocytes,0.0052600424,0.016262366,0.647,0.353,0.353,0.2037142857142857,False,Pde10a
Neural Stem Cells,0.00807472,0.021411946,0.647,0.353,0.353,0.222375,False,Pde10a
Endothelial Cells,-0.0073204814,0.031035159,0.408,0.592,0.408,0.243,False,Pde10a
Microglia,-0.0011426749,0.018116144,0.466,0.534,0.466,0.2653,False,Pde10a
Oligodendrocytes,-0.00057020626,0.010274767,0.487,0.513,0.487,0.28545454545454546,False,Pde10a
GABAergic Neurons,-0.00045385517,0.019906847,0.508,0.492,0.492,0.3026666666666667,False,Pde10a
Oligodendrocyte Precursor Cells,0.01423422,0.0113944,0.897,0.103,0.103,0.103,False,Pde1b
Myocytes,0.019860134,0.018780205,0.853,0.147,0.147,0.125,False,Pde1b
Medium Spiny Neurons,-0.007086617,0.009447344,0.235,0.765,0.235,0.16166666666666665,False,Pde1b
Neurons,0.009388354,0.013614792,0.757,0.243,0.243,0.182,False,Pde1b
Astrocytes,0.0042085485,0.016268658,0.63,0.37,0.37,0.21959999999999996,False,Pde1b
Excitatory Neurons,0.004075865,0.012641336,0.621,0.379,0.379,0.24616666666666664,False,Pde1b
Endocrine Cells,0.007863247,0.02774465,0.616,0.384,0.384,0.26585714285714285,False,Pde1b
Endothelial Cells,-0.0076492312,0.03102655,0.405,0.595,0.405,0.28325,False,Pde1b
Neural Stem Cells,0.004236906,0.02145649,0.584,0.416,0.416,0.298,False,Pde1b
Microglia,-0.0014563667,0.018161569,0.46,0.54,0.46,0.3142,False,Pde1b
Oligodendrocytes,-0.0012692702,0.010281122,0.466,0.534,0.466,0.328,False,Pde1b
GABAergic Neurons,0.00077004876,0.019879848,0.53,0.47,0.47,0.3398333333333334,False,Pde1b
Oligodendrocyte Precursor Cells,0.013842034,0.011323244,0.893,0.107,0.107,0.107,False,Pde8a
Oligodendrocytes,-0.010337013,0.009814929,0.135,0.865,0.135,0.121,False,Pde8a
Myocytes,0.019814733,0.01879742,0.852,0.148,0.148,0.13,False,Pde8a
Neurons,0.009652668,0.013805023,0.758,0.242,0.242,0.158,False,Pde8a
Excitatory Neurons,0.0046399934,0.01243889,0.643,0.357,0.357,0.1978,False,Pde8a
Astrocytes,0.0038291817,0.016236614,0.62,0.38,0.38,0.22816666666666666,False,Pde8a
Endothelial Cells,-0.0081317015,0.030939942,0.4,0.6,0.4,0.2527142857142857,False,Pde8a
Neural Stem Cells,0.0050881435,0.0215173,0.595,0.405,0.405,0.27175000000000005,False,Pde8a
Medium Spiny Neurons,0.0014545538,0.009549711,0.576,0.424,0.424,0.2886666666666667,False,Pde8a
Microglia,-0.0011111842,0.018084554,0.466,0.534,0.466,0.30640000000000006,False,Pde8a
Endocrine Cells,-0.0017939584,0.027827026,0.483,0.517,0.483,0.3224545454545455,False,Pde8a
GABAergic Neurons,-0.0010638469,0.019493937,0.5,0.5,0.5,0.33725000000000005,False,Pde8a
Oligodendrocyte Precursor Cells,0.013347724,0.011250839,0.886,0.114,0.114,0.114,False,Pdgfb
Neurons,0.009841186,0.013822452,0.761,0.239,0.239,0.1765,False,Pdgfb
Excitatory Neurons,0.006334068,0.012498567,0.694,0.306,0.306,0.21966666666666668,False,Pdgfb
Myocytes,-0.007726221,0.018734565,0.337,0.663,0.337,0.249,False,Pdgfb
Endothelial Cells,-0.010705903,0.030648185,0.364,0.636,0.364,0.27199999999999996,False,Pdgfb
Astrocytes,0.004391076,0.016211241,0.632,0.368,0.368,0.288,False,Pdgfb
Microglia,-0.003854924,0.018251585,0.41,0.59,0.41,0.30542857142857144,False,Pdgfb
Endocrine Cells,0.0052877422,0.027766597,0.58,0.42,0.42,0.31975,False,Pdgfb
Neural Stem Cells,0.0037473696,0.021553818,0.575,0.425,0.425,0.33144444444444443,False,Pdgfb
Medium Spiny Neurons,0.0013731786,0.009578601,0.57,0.43,0.43,0.3413,False,Pdgfb
Oligodendrocytes,-0.00066678546,0.010365008,0.485,0.515,0.485,0.3543636363636363,False,Pdgfb
GABAergic Neurons,-0.001166074,0.019503824,0.498,0.502,0.498,0.36633333333333334,False,Pdgfb
Endocrine Cells,0.028344754,0.027977943,0.836,0.164,0.164,0.164,False,Pdgfra
Neurons,0.009850138,0.013781436,0.763,0.237,0.237,0.2005,False,Pdgfra
Neural Stem Cells,0.008883102,0.021493986,0.659,0.341,0.341,0.24733333333333332,False,Pdgfra
Excitatory Neurons,0.004579536,0.012446878,0.64,0.36,0.36,0.27549999999999997,False,Pdgfra
Astrocytes,0.0044143964,0.016264126,0.633,0.367,0.367,0.29379999999999995,False,Pdgfra
Endothelial Cells,-0.007471295,0.030918572,0.407,0.593,0.407,0.31266666666666665,False,Pdgfra
Myocytes,0.004036384,0.018750431,0.588,0.412,0.412,0.32685714285714285,False,Pdgfra
Oligodendrocytes,-0.0017444205,0.010331064,0.448,0.552,0.448,0.34199999999999997,False,Pdgfra
Medium Spiny Neurons,0.00056182547,0.00954798,0.548,0.452,0.452,0.3542222222222222,False,Pdgfra
Oligodendrocyte Precursor Cells,0.001322198,0.012261033,0.544,0.456,0.456,0.36439999999999995,False,Pdgfra
Microglia,-0.00073976314,0.018087327,0.47,0.53,0.47,0.374,False,Pdgfra
GABAergic Neurons,-0.0015184471,0.019508908,0.492,0.508,0.492,0.3838333333333333,False,Pdgfra
Oligodendrocyte Precursor Cells,0.013466579,0.011243448,0.888,0.112,0.112,0.112,False,Pdgfrb
Neurons,0.009728176,0.0138290385,0.759,0.241,0.241,0.1765,False,Pdgfrb
Endothelial Cells,-0.016556155,0.030410405,0.293,0.707,0.293,0.2153333333333333,False,Pdgfrb
Excitatory Neurons,0.005108906,0.012446115,0.654,0.346,0.346,0.24799999999999997,False,Pdgfrb
Endocrine Cells,0.008861328,0.027817491,0.635,0.365,0.365,0.2714,False,Pdgfrb
Medium Spiny Neurons,0.0016875681,0.009581373,0.586,0.414,0.414,0.29516666666666663,False,Pdgfrb
Myocytes,-0.0029726247,0.018803077,0.45,0.55,0.45,0.3172857142857142,False,Pdgfrb
Microglia,-0.0010605613,0.018073572,0.466,0.534,0.466,0.335875,False,Pdgfrb
Oligodendrocytes,-0.0008246731,0.010361782,0.478,0.522,0.478,0.3516666666666667,False,Pdgfrb
Astrocytes,3.489412e-05,0.016420381,0.519,0.481,0.481,0.3646,False,Pdgfrb
Neural Stem Cells,-0.0003599937,0.02151381,0.49,0.51,0.49,0.376,False,Pdgfrb
GABAergic Neurons,-0.0009971488,0.019484775,0.501,0.499,0.499,0.38625,False,Pdgfrb
Medium Spiny Neurons,0.02105489,0.009569108,0.978,0.022,0.022,0.022,True,Pdyn
Oligodendrocyte Precursor Cells,0.015304537,0.011267122,0.909,0.091,0.091,0.056499999999999995,False,Pdyn
Neurons,0.01116277,0.013755896,0.789,0.211,0.211,0.10799999999999998,False,Pdyn
Myocytes,0.0095247,0.018736796,0.684,0.316,0.316,0.15999999999999998,False,Pdyn
Excitatory Neurons,0.0057459455,0.012467142,0.673,0.327,0.327,0.19339999999999996,False,Pdyn
Astrocytes,0.004760313,0.016214106,0.639,0.361,0.361,0.2213333333333333,False,Pdyn
Endothelial Cells,-0.007429699,0.031077195,0.407,0.593,0.407,0.24785714285714283,False,Pdyn
GABAergic Neurons,-0.004545711,0.01990848,0.42,0.58,0.42,0.269375,False,Pdyn
Neural Stem Cells,0.0024432568,0.021554057,0.545,0.455,0.455,0.29,False,Pdyn
Endocrine Cells,-0.0030447517,0.02774245,0.461,0.539,0.461,0.3071,False,Pdyn
Microglia,-0.00027946167,0.018080918,0.484,0.516,0.484,0.3231818181818182,False,Pdyn
Oligodendrocytes,4.6918838e-05,0.010348813,0.513,0.487,0.487,0.3368333333333333,False,Pdyn
Myocytes,-0.036128998,0.018757956,0.027,0.973,0.027,0.027,True,Pecam1
Oligodendrocyte Precursor Cells,0.01321388,0.011268678,0.883,0.117,0.117,0.07200000000000001,False,Pecam1
Neurons,0.009846961,0.013811123,0.763,0.237,0.237,0.127,False,Pecam1
Endothelial Cells,-0.013148654,0.030251184,0.334,0.666,0.334,0.17875000000000002,False,Pecam1
Excitatory Neurons,0.0049917675,0.012435614,0.654,0.346,0.346,0.2122,False,Pecam1
Astrocytes,0.0043302192,0.01622067,0.632,0.368,0.368,0.23816666666666664,False,Pecam1
Medium Spiny Neurons,0.0014312214,0.009546707,0.574,0.426,0.426,0.26499999999999996,False,Pecam1
Microglia,-0.0028216746,0.018081436,0.429,0.571,0.429,0.2855,False,Pecam1
Neural Stem Cells,0.002744872,0.02155935,0.553,0.447,0.447,0.3034444444444444,False,Pecam1
Endocrine Cells,0.0033342983,0.02785022,0.548,0.452,0.452,0.31829999999999997,False,Pecam1
Oligodendrocytes,-0.0006231927,0.010361064,0.487,0.513,0.487,0.3336363636363636,False,Pecam1
GABAergic Neurons,-0.0011464274,0.019478217,0.499,0.501,0.499,0.34741666666666665,False,Pecam1
Endocrine Cells,-0.046980813,0.027773507,0.043,0.957,0.043,0.043,True,Peg10
Oligodendrocyte Precursor Cells,0.016126588,0.011407811,0.921,0.079,0.079,0.061,False,Peg10
Neurons,0.010382671,0.013452808,0.778,0.222,0.222,0.11466666666666665,False,Peg10
Oligodendrocytes,0.004484199,0.010228742,0.671,0.329,0.329,0.16825,False,Peg10
Myocytes,0.008097674,0.018743725,0.667,0.333,0.333,0.2012,False,Peg10
Excitatory Neurons,0.0052083866,0.012474751,0.655,0.345,0.345,0.22516666666666665,False,Peg10
Astrocytes,0.00475171,0.016275644,0.639,0.361,0.361,0.24457142857142858,False,Peg10
Endothelial Cells,-0.00738294,0.031044668,0.407,0.593,0.407,0.26487499999999997,False,Peg10
GABAergic Neurons,-0.0050923536,0.01966173,0.41,0.59,0.41,0.28099999999999997,False,Peg10
Neural Stem Cells,-0.0040689902,0.02134003,0.415,0.585,0.415,0.2944,False,Peg10
Medium Spiny Neurons,0.0006099888,0.009568861,0.548,0.452,0.452,0.30872727272727274,False,Peg10
Microglia,-0.0003089411,0.018113114,0.483,0.517,0.483,0.32325,False,Peg10
Myocytes,-0.22909479,0.018951476,0.0,1.0,0.0,0.0,True,Plin4
Oligodendrocytes,0.020679101,0.00980523,0.979,0.021,0.021,0.0105,True,Plin4
Oligodendrocyte Precursor Cells,0.0148893725,0.011248901,0.907,0.093,0.093,0.038,True,Plin4
Neurons,0.010218472,0.013813379,0.77,0.23,0.23,0.08600000000000001,False,Plin4
Astrocytes,0.008652623,0.016335975,0.711,0.289,0.289,0.1266,False,Plin4
Medium Spiny Neurons,0.004544327,0.009571251,0.697,0.303,0.303,0.156,False,Plin4
Excitatory Neurons,0.005067028,0.012432249,0.654,0.346,0.346,0.18314285714285714,False,Plin4
Endothelial Cells,-0.005207801,0.030982524,0.436,0.564,0.436,0.21475,False,Plin4
Neural Stem Cells,0.0027172724,0.021516213,0.553,0.447,0.447,0.24055555555555555,False,Plin4
Endocrine Cells,-0.0033178816,0.027750537,0.457,0.543,0.457,0.2622,False,Plin4
Microglia,0.0004152055,0.01808052,0.492,0.508,0.492,0.28309090909090906,False,Plin4
GABAergic Neurons,-0.00048291773,0.01947632,0.507,0.493,0.493,0.3005833333333333,False,Plin4
Oligodendrocytes,-0.020151906,0.008914185,0.013,0.987,0.013,0.013,True,Pllp
Neurons,0.010172223,0.013818263,0.769,0.231,0.231,0.12200000000000001,False,Pllp
Myocytes,0.011847459,0.018774044,0.72,0.28,0.28,0.17466666666666666,False,Pllp
Endocrine Cells,0.011096446,0.027766049,0.661,0.339,0.339,0.21575,False,Pllp
Excitatory Neurons,0.005067291,0.012448052,0.654,0.346,0.346,0.24180000000000001,False,Pllp
Oligodendrocyte Precursor Cells,0.0042482186,0.011858569,0.647,0.353,0.353,0.26033333333333336,False,Pllp
Endothelial Cells,-0.010891986,0.030908922,0.363,0.637,0.363,0.275,False,Pllp
Astrocytes,0.0042781355,0.016230868,0.632,0.368,0.368,0.286625,False,Pllp
Medium Spiny Neurons,0.00270013,0.009585953,0.627,0.373,0.373,0.2962222222222223,False,Pllp
Neural Stem Cells,0.00536496,0.021513712,0.599,0.401,0.401,0.30670000000000003,False,Pllp
Microglia,-0.0012031924,0.018085841,0.464,0.536,0.464,0.321,False,Pllp
GABAergic Neurons,-0.00062656106,0.01950785,0.505,0.495,0.495,0.33549999999999996,False,Pllp
Oligodendrocyte Precursor Cells,0.013731432,0.011437019,0.888,0.112,0.112,0.112,False,Plod1
Neurons,0.009824848,0.013793622,0.762,0.238,0.238,0.175,False,Plod1
Myocytes,-0.008631371,0.018770104,0.322,0.678,0.322,0.22399999999999998,False,Plod1
Excitatory Neurons,0.004966688,0.012439225,0.654,0.346,0.346,0.25449999999999995,False,Plod1
Medium Spiny Neurons,0.002412298,0.009550179,0.614,0.386,0.386,0.2808,False,Plod1
Endocrine Cells,0.0061705876,0.02784072,0.596,0.404,0.404,0.3013333333333333,False,Plod1
Endothelial Cells,-0.0070219343,0.030911557,0.41,0.59,0.41,0.31685714285714284,False,Plod1
Oligodendrocytes,-0.0027263446,0.010137785,0.415,0.585,0.415,0.329125,False,Plod1
Astrocytes,0.0025438971,0.016391896,0.582,0.418,0.418,0.339,False,Plod1
Microglia,-0.003573418,0.018266253,0.419,0.581,0.419,0.34700000000000003,False,Plod1
Neural Stem Cells,0.0027362749,0.021482866,0.553,0.447,0.447,0.3560909090909091,False,Plod1
GABAergic Neurons,-0.00084482593,0.01949833,0.503,0.497,0.497,0.3678333333333334,False,Plod1
Myocytes,0.049056135,0.019052578,0.995,0.005,0.005,0.005,True,Plpp3
Astrocytes,-0.028198462,0.018364403,0.047,0.953,0.047,0.026,True,Plpp3
Neural Stem Cells,-0.035534043,0.020677164,0.049,0.951,0.049,0.03366666666666667,True,Plpp3
Oligodendrocyte Precursor Cells,0.018992204,0.011833286,0.948,0.052,0.052,0.03825,True,Plpp3
Endocrine Cells,0.039879248,0.028223807,0.92,0.08,0.08,0.046599999999999996,True,Plpp3
Medium Spiny Neurons,0.012622686,0.009500084,0.912,0.088,0.088,0.05349999999999999,False,Plpp3
Neurons,0.015497746,0.013449072,0.875,0.125,0.125,0.06371428571428571,False,Plpp3
Excitatory Neurons,0.007657219,0.012669538,0.728,0.272,0.272,0.08975,False,Plpp3
Oligodendrocytes,0.0029219026,0.009782706,0.622,0.378,0.378,0.12177777777777779,False,Plpp3
Endothelial Cells,-0.008946579,0.030241486,0.393,0.607,0.393,0.1489,False,Plpp3
Microglia,-0.0026774546,0.018395388,0.432,0.568,0.432,0.17463636363636365,False,Plpp3
GABAergic Neurons,0.0005202069,0.01983795,0.527,0.473,0.473,0.1995,False,Plpp3
Oligodendrocyte Precursor Cells,0.012972996,0.011247876,0.877,0.123,0.123,0.123,False,Pls1
Oligodendrocytes,-0.008117688,0.00968049,0.195,0.805,0.195,0.159,False,Pls1
Neurons,0.009475081,0.013824953,0.757,0.243,0.243,0.18699999999999997,False,Pls1
Excitatory Neurons,0.0047182385,0.012448887,0.649,0.351,0.351,0.22799999999999998,False,Pls1
Myocytes,0.00705125,0.018714594,0.644,0.356,0.356,0.25359999999999994,False,Pls1
Astrocytes,0.004016001,0.016217161,0.626,0.374,0.374,0.27366666666666667,False,Pls1
Endothelial Cells,-0.008313588,0.031059071,0.399,0.601,0.399,0.29157142857142854,False,Pls1
Neural Stem Cells,0.004408666,0.02152872,0.587,0.413,0.413,0.30674999999999997,False,Pls1
Endocrine Cells,0.0047420766,0.027789343,0.569,0.431,0.431,0.32055555555555554,False,Pls1
Medium Spiny Neurons,0.0004965313,0.009583855,0.545,0.455,0.455,0.33399999999999996,False,Pls1
Microglia,-0.0012931888,0.018069107,0.462,0.538,0.462,0.34563636363636363,False,Pls1
GABAergic Neurons,-0.0012374717,0.019489158,0.496,0.504,0.496,0.3581666666666667,False,Pls1
Neural Stem Cells,-0.045944978,0.020448808,0.013,0.987,0.013,0.013,True,Pltp
Endocrine Cells,0.04395146,0.028254993,0.941,0.059,0.059,0.036,True,Pltp
Endothelial Cells,-0.03688222,0.02538203,0.072,0.928,0.072,0.047999999999999994,True,Pltp
Oligodendrocyte Precursor Cells,0.011530606,0.011614937,0.833,0.167,0.167,0.07775,False,Pltp
Neurons,0.011167718,0.013651332,0.793,0.207,0.207,0.1036,False,Pltp
Medium Spiny Neurons,0.006965003,0.009486539,0.767,0.233,0.233,0.12516666666666668,False,Pltp
Excitatory Neurons,0.0054559545,0.012511544,0.661,0.339,0.339,0.15571428571428572,False,Pltp
Microglia,-0.003727732,0.0182382,0.411,0.589,0.411,0.18762500000000001,False,Pltp
Myocytes,0.0040112482,0.01890115,0.587,0.413,0.413,0.21266666666666667,False,Pltp
Astrocytes,-0.0025488392,0.017127052,0.459,0.541,0.459,0.2373,False,Pltp
Oligodendrocytes,-0.0010271382,0.01018846,0.473,0.527,0.473,0.25872727272727275,False,Pltp
GABAergic Neurons,-0.0013516993,0.0196448,0.496,0.504,0.496,0.2785,False,Pltp
Oligodendrocyte Precursor Cells,0.014045359,0.01144173,0.894,0.106,0.106,0.106,False,Plxdc2
Neurons,0.009737343,0.013615801,0.763,0.237,0.237,0.17149999999999999,False,Plxdc2
Microglia,-0.0134631675,0.019333592,0.245,0.755,0.245,0.19599999999999998,False,Plxdc2
Endocrine Cells,0.017778322,0.027941242,0.744,0.256,0.256,0.211,False,Plxdc2
Myocytes,0.009918528,0.018836211,0.691,0.309,0.309,0.2306,False,Plxdc2
Excitatory Neurons,0.0041468213,0.012531489,0.627,0.373,0.373,0.25433333333333336,False,Plxdc2
Astrocytes,0.004044951,0.016368007,0.626,0.374,0.374,0.2714285714285714,False,Plxdc2
Endothelial Cells,-0.009858544,0.030763479,0.383,0.617,0.383,0.285375,False,Plxdc2
Oligodendrocytes,-0.00351512,0.0098962365,0.392,0.608,0.392,0.2972222222222222,False,Plxdc2
Neural Stem Cells,0.0048328475,0.021463485,0.594,0.406,0.406,0.3081,False,Plxdc2
Medium Spiny Neurons,0.00052857096,0.009529508,0.547,0.453,0.453,0.32127272727272727,False,Plxdc2
GABAergic Neurons,-0.0008665652,0.019717269,0.503,0.497,0.497,0.33591666666666664,False,Plxdc2
Endocrine Cells,0.03516941,0.028299885,0.896,0.104,0.104,0.104,False,Plxnb2
Oligodendrocyte Precursor Cells,0.013985766,0.011535542,0.89,0.11,0.11,0.107,False,Plxnb2
Myocytes,0.021085769,0.018821517,0.867,0.133,0.133,0.11566666666666665,False,Plxnb2
Neurons,0.009366637,0.013721053,0.757,0.243,0.243,0.1475,False,Plxnb2
Excitatory Neurons,0.0050816014,0.012505256,0.654,0.346,0.346,0.18719999999999998,False,Plxnb2
Endothelial Cells,-0.010612731,0.030704815,0.367,0.633,0.367,0.21716666666666665,False,Plxnb2
Medium Spiny Neurons,0.0016285792,0.009565195,0.585,0.415,0.415,0.2454285714285714,False,Plxnb2
Astrocytes,0.0023520107,0.01653944,0.575,0.425,0.425,0.267875,False,Plxnb2
Oligodendrocytes,0.00081748224,0.010280997,0.538,0.462,0.462,0.28944444444444445,False,Plxnb2
Microglia,-0.001029336,0.018675713,0.467,0.533,0.467,0.30720000000000003,False,Plxnb2
Neural Stem Cells,0.0010698859,0.020807756,0.52,0.48,0.48,0.3229090909090909,False,Plxnb2
GABAergic Neurons,-0.0013528358,0.019567199,0.496,0.504,0.496,0.3373333333333333,False,Plxnb2
Oligodendrocyte Precursor Cells,0.013039262,0.011472006,0.874,0.126,0.126,0.126,False,Pmp22
Oligodendrocytes,-0.008623996,0.010191975,0.192,0.808,0.192,0.159,False,Pmp22
Neurons,0.0103680305,0.013798998,0.77,0.23,0.23,0.18266666666666667,False,Pmp22
Excitatory Neurons,0.005231745,0.012444189,0.655,0.345,0.345,0.22325,False,Pmp22
Medium Spiny Neurons,0.0035897477,0.009549738,0.654,0.346,0.346,0.24779999999999996,False,Pmp22
Endocrine Cells,0.009380341,0.027825374,0.641,0.359,0.359,0.2663333333333333,False,Pmp22
Microglia,-0.0065123197,0.018436631,0.361,0.639,0.361,0.27985714285714286,False,Pmp22
Neural Stem Cells,0.003591178,0.02142353,0.572,0.428,0.428,0.298375,False,Pmp22
Endothelial Cells,-0.0050827023,0.030859703,0.438,0.562,0.438,0.3138888888888889,False,Pmp22
Myocytes,-0.0029992003,0.018766992,0.448,0.552,0.448,0.32730000000000004,False,Pmp22
Astrocytes,0.00022855926,0.016458571,0.525,0.475,0.475,0.34072727272727277,False,Pmp22
GABAergic Neurons,-0.00058579125,0.019514756,0.505,0.495,0.495,0.35358333333333336,False,Pmp22
Myocytes,-0.029145826,0.018739427,0.057,0.943,0.057,0.057,False,Podxl
Oligodendrocyte Precursor Cells,0.013073409,0.011275023,0.879,0.121,0.121,0.089,False,Podxl
Neurons,0.009921092,0.013801462,0.764,0.236,0.236,0.13799999999999998,False,Podxl
Endothelial Cells,-0.012527602,0.030080048,0.342,0.658,0.342,0.189,False,Podxl
Excitatory Neurons,0.005220539,0.012455814,0.655,0.345,0.345,0.2202,False,Podxl
Astrocytes,0.004636497,0.016241593,0.638,0.362,0.362,0.24383333333333335,False,Podxl
Endocrine Cells,0.0051614377,0.027940348,0.577,0.423,0.423,0.26942857142857146,False,Podxl
Neural Stem Cells,0.0038891248,0.021507608,0.576,0.424,0.424,0.28875,False,Podxl
Medium Spiny Neurons,0.0013767364,0.009538546,0.57,0.43,0.43,0.30444444444444446,False,Podxl
Microglia,-0.0019364079,0.018066615,0.45,0.55,0.45,0.31900000000000006,False,Podxl
Oligodendrocytes,-0.0005223064,0.010356796,0.489,0.511,0.489,0.3344545454545455,False,Podxl
GABAergic Neurons,-0.00090762414,0.019501943,0.502,0.498,0.498,0.34808333333333336,False,Podxl
Oligodendrocyte Precursor Cells,0.011867876,0.0117911715,0.835,0.165,0.165,0.165,False,Ppfibp1
Neurons,0.009915365,0.013786013,0.764,0.236,0.236,0.2005,False,Ppfibp1
Excitatory Neurons,0.0046504866,0.012503817,0.642,0.358,0.358,0.253,False,Ppfibp1
Astrocytes,0.004576369,0.016245559,0.637,0.363,0.363,0.28049999999999997,False,Ppfibp1
Neural Stem Cells,0.004922175,0.021505222,0.594,0.406,0.406,0.3056,False,Ppfibp1
Medium Spiny Neurons,0.0015482313,0.0095844595,0.581,0.419,0.419,0.3245,False,Ppfibp1
Endocrine Cells,-0.004920086,0.02786977,0.434,0.566,0.434,0.3401428571428572,False,Ppfibp1
Endothelial Cells,-0.0043952074,0.030779323,0.448,0.552,0.448,0.353625,False,Ppfibp1
Microglia,-0.0006734863,0.018087866,0.473,0.527,0.473,0.3668888888888889,False,Ppfibp1
Myocytes,-7.3649026e-06,0.01875588,0.517,0.483,0.483,0.3785,False,Ppfibp1
Oligodendrocytes,0.00023771645,0.010323405,0.517,0.483,0.483,0.38799999999999996,False,Ppfibp1
GABAergic Neurons,-0.00058367895,0.019512603,0.505,0.495,0.495,0.39691666666666664,False,Ppfibp1
Oligodendrocytes,-0.019243076,0.0097909635,0.022,0.978,0.022,0.022,True,Ppp1r16b
Oligodendrocyte Precursor Cells,0.014657374,0.011738397,0.897,0.103,0.103,0.0625,False,Ppp1r16b
Neurons,0.012598155,0.013634034,0.815,0.185,0.185,0.10333333333333333,False,Ppp1r16b
Medium Spiny Neurons,0.007738654,0.009557166,0.783,0.217,0.217,0.13175,False,Ppp1r16b
Neural Stem Cells,0.011141538,0.021325521,0.695,0.305,0.305,0.16640000000000002,False,Ppp1r16b
Endocrine Cells,0.012502129,0.027784396,0.685,0.315,0.315,0.19116666666666668,False,Ppp1r16b
Myocytes,0.008235026,0.0187632,0.668,0.332,0.332,0.2112857142857143,False,Ppp1r16b
Astrocytes,0.004784209,0.016472457,0.639,0.361,0.361,0.23,False,Ppp1r16b
Endothelial Cells,-0.00979499,0.03069649,0.383,0.617,0.383,0.247,False,Ppp1r16b
Excitatory Neurons,0.0027858468,0.012824956,0.583,0.417,0.417,0.26399999999999996,False,Ppp1r16b
Microglia,-0.002293143,0.018277064,0.436,0.564,0.436,0.2796363636363636,False,Ppp1r16b
GABAergic Neurons,-0.00081779144,0.019988157,0.505,0.495,0.495,0.2975833333333333,False,Ppp1r16b
Medium Spiny Neurons,-0.016803619,0.010544805,0.048,0.952,0.048,0.048,True,Ppp1r1b
Myocytes,0.02903263,0.018822348,0.941,0.059,0.059,0.0535,False,Ppp1r1b
Oligodendrocyte Precursor Cells,0.013650141,0.011390085,0.888,0.112,0.112,0.073,False,Ppp1r1b
Neurons,0.010050096,0.013794325,0.766,0.234,0.234,0.11325,False,Ppp1r1b
Endocrine Cells,0.016153453,0.027737897,0.73,0.27,0.27,0.1446,False,Ppp1r1b
Neural Stem Cells,0.011231424,0.021174733,0.701,0.299,0.299,0.17033333333333334,False,Ppp1r1b
Excitatory Neurons,0.0051978184,0.012581963,0.654,0.346,0.346,0.19542857142857142,False,Ppp1r1b
Endothelial Cells,-0.008812626,0.030800825,0.395,0.605,0.395,0.220375,False,Ppp1r1b
Astrocytes,0.002367825,0.016419478,0.576,0.424,0.424,0.243,False,Ppp1r1b
Microglia,-0.0022755999,0.018138304,0.436,0.564,0.436,0.2623,False,Ppp1r1b
Oligodendrocytes,-0.0010153309,0.01026161,0.473,0.527,0.473,0.2814545454545454,False,Ppp1r1b
GABAergic Neurons,0.0003293836,0.019898126,0.525,0.475,0.475,0.2975833333333333,False,Ppp1r1b
Oligodendrocyte Precursor Cells,0.013282223,0.0112493085,0.885,0.115,0.115,0.115,False,Prelp
Endocrine Cells,0.03224627,0.028107075,0.874,0.126,0.126,0.1205,False,Prelp
Myocytes,0.014892732,0.018777696,0.775,0.225,0.225,0.15533333333333332,False,Prelp
Neurons,0.00892113,0.013806377,0.74,0.26,0.26,0.1815,False,Prelp
Excitatory Neurons,0.004734282,0.012438405,0.649,0.351,0.351,0.21539999999999998,False,Prelp
Astrocytes,0.0042581246,0.01657951,0.628,0.372,0.372,0.24149999999999996,False,Prelp
Endothelial Cells,-0.0056815767,0.030693231,0.43,0.57,0.43,0.2684285714285714,False,Prelp
Neural Stem Cells,0.0033796893,0.021098573,0.568,0.432,0.432,0.288875,False,Prelp
Medium Spiny Neurons,0.0007243203,0.009549655,0.554,0.446,0.446,0.30633333333333335,False,Prelp
Microglia,-0.001550783,0.018066157,0.456,0.544,0.456,0.32130000000000003,False,Prelp
Oligodendrocytes,-0.00097241334,0.010354917,0.474,0.526,0.474,0.3351818181818182,False,Prelp
GABAergic Neurons,-0.0013099083,0.019485708,0.496,0.504,0.496,0.3485833333333333,False,Prelp
Oligodendrocyte Precursor Cells,0.010735301,0.011447364,0.823,0.177,0.177,0.177,False,Prkcd
Neurons,-0.008302477,0.013041459,0.255,0.745,0.255,0.216,False,Prkcd
Excitatory Neurons,0.008166494,0.012478907,0.742,0.258,0.258,0.22999999999999998,False,Prkcd
Endothelial Cells,-0.010927146,0.030861158,0.362,0.638,0.362,0.263,False,Prkcd
Astrocytes,0.0041369996,0.016447552,0.628,0.372,0.372,0.2848,False,Prkcd
Neural Stem Cells,0.0064992364,0.021487724,0.627,0.373,0.373,0.2995,False,Prkcd
Oligodendrocytes,-0.0037388308,0.010181945,0.381,0.619,0.381,0.3111428571428571,False,Prkcd
GABAergic Neurons,-0.0056900927,0.019565126,0.393,0.607,0.393,0.32137499999999997,False,Prkcd
Medium Spiny Neurons,0.0020214552,0.009565605,0.598,0.402,0.402,0.3303333333333333,False,Prkcd
Microglia,-0.0010273249,0.018723216,0.467,0.533,0.467,0.344,False,Prkcd
Myocytes,0.00083051564,0.01873161,0.528,0.472,0.472,0.35563636363636364,False,Prkcd
Endocrine Cells,0.0004981746,0.027968299,0.513,0.487,0.487,0.3665833333333333,False,Prkcd
Myocytes,-0.03510525,0.01873879,0.033,0.967,0.033,0.033,True,Prkcq
Oligodendrocytes,-0.0077874954,0.010042877,0.216,0.784,0.216,0.1245,False,Prkcq
Oligodendrocyte Precursor Cells,0.0087148715,0.011705793,0.767,0.233,0.233,0.16066666666666665,False,Prkcq
Neurons,0.0077501102,0.013729202,0.718,0.282,0.282,0.191,False,Prkcq
Excitatory Neurons,0.004543268,0.01244745,0.64,0.36,0.36,0.22480000000000003,False,Prkcq
Astrocytes,0.003518735,0.016219622,0.61,0.39,0.39,0.25233333333333335,False,Prkcq
Endocrine Cells,-0.008256389,0.027714873,0.391,0.609,0.391,0.2721428571428572,False,Prkcq
Endothelial Cells,-0.008636759,0.031006536,0.395,0.605,0.395,0.28750000000000003,False,Prkcq
Neural Stem Cells,0.0030772767,0.021528803,0.561,0.439,0.439,0.30433333333333334,False,Prkcq
Microglia,-0.0017504409,0.018070353,0.453,0.547,0.453,0.31920000000000004,False,Prkcq
GABAergic Neurons,-0.0023671347,0.019515688,0.473,0.527,0.473,0.3331818181818182,False,Prkcq
Medium Spiny Neurons,-0.00034160298,0.009588562,0.501,0.499,0.499,0.347,False,Prkcq
Oligodendrocyte Precursor Cells,0.013780603,0.011519104,0.888,0.112,0.112,0.112,False,Prkd3
Neurons,0.00991852,0.013822675,0.763,0.237,0.237,0.1745,False,Prkd3
Excitatory Neurons,0.0048559336,0.012447988,0.653,0.347,0.347,0.23199999999999998,False,Prkd3
Neural Stem Cells,0.006997383,0.021302411,0.634,0.366,0.366,0.26549999999999996,False,Prkd3
Astrocytes,0.004380956,0.016296552,0.632,0.368,0.368,0.2859999999999999,False,Prkd3
Oligodendrocytes,0.0027517069,0.0100646755,0.612,0.388,0.388,0.30299999999999994,False,Prkd3
Endothelial Cells,-0.009187906,0.030910049,0.392,0.608,0.392,0.31571428571428567,False,Prkd3
Endocrine Cells,0.0047925184,0.027825644,0.571,0.429,0.429,0.3298749999999999,False,Prkd3
Medium Spiny Neurons,0.0008546709,0.0095794555,0.556,0.444,0.444,0.3425555555555555,False,Prkd3
Myocytes,0.0016003476,0.018738583,0.545,0.455,0.455,0.35379999999999995,False,Prkd3
Microglia,-0.0008205934,0.018155927,0.468,0.532,0.468,0.3641818181818181,False,Prkd3
GABAergic Neurons,-0.0010355865,0.019498164,0.5,0.5,0.5,0.37549999999999994,False,Prkd3
Endocrine Cells,-0.6852752,0.028157022,0.0,1.0,0.0,0.0,True,Prl
Myocytes,-0.64323175,0.019177405,0.0,1.0,0.0,0.0,True,Prl
Oligodendrocyte Precursor Cells,0.011200989,0.01122511,0.835,0.165,0.165,0.055,False,Prl
Endothelial Cells,-0.024549956,0.031099971,0.215,0.785,0.215,0.095,False,Prl
Neurons,0.0059765014,0.013820204,0.673,0.327,0.327,0.14140000000000003,False,Prl
Excitatory Neurons,0.0042149113,0.012432111,0.629,0.371,0.371,0.17966666666666667,False,Prl
Oligodendrocytes,-0.0031279817,0.010367507,0.408,0.592,0.408,0.21228571428571427,False,Prl
Neural Stem Cells,-0.0040304386,0.021575775,0.416,0.584,0.416,0.23775,False,Prl
Microglia,-0.00238353,0.018050974,0.434,0.566,0.434,0.25955555555555554,False,Prl
Medium Spiny Neurons,0.00043533964,0.009556933,0.542,0.458,0.458,0.2794,False,Prl
Astrocytes,-0.002217761,0.016179793,0.465,0.535,0.465,0.29627272727272724,False,Prl
GABAergic Neurons,-0.0019276212,0.019470638,0.482,0.518,0.482,0.31174999999999997,False,Prl
Oligodendrocyte Precursor Cells,0.014013409,0.011263259,0.896,0.104,0.104,0.104,False,Prodh
Neurons,0.010235274,0.0138001125,0.77,0.23,0.23,0.167,False,Prodh
Astrocytes,0.007795962,0.016575694,0.692,0.308,0.308,0.214,False,Prodh
Excitatory Neurons,0.0052011204,0.012445296,0.655,0.345,0.345,0.24675,False,Prodh
Medium Spiny Neurons,0.0029642547,0.0095460545,0.636,0.364,0.364,0.2702,False,Prodh
Neural Stem Cells,0.004976258,0.021479053,0.594,0.406,0.406,0.29283333333333333,False,Prodh
Endothelial Cells,-0.0066732075,0.031002773,0.415,0.585,0.415,0.31028571428571433,False,Prodh
Endocrine Cells,0.0050154096,0.027791414,0.575,0.425,0.425,0.324625,False,Prodh
Microglia,-0.001268194,0.018079828,0.462,0.538,0.462,0.3398888888888889,False,Prodh
Myocytes,0.0005484777,0.018713584,0.524,0.476,0.476,0.35350000000000004,False,Prodh
Oligodendrocytes,0.00011786216,0.0103505505,0.513,0.487,0.487,0.36563636363636365,False,Prodh
GABAergic Neurons,-0.00083371176,0.019489808,0.503,0.497,0.497,0.3765833333333333,False,Prodh
Oligodendrocyte Precursor Cells,0.01315825,0.011258887,0.882,0.118,0.118,0.118,False,Prom1
Neurons,0.009742493,0.013813501,0.759,0.241,0.241,0.1795,False,Prom1
Endothelial Cells,-0.015544165,0.030576823,0.305,0.695,0.305,0.2213333333333333,False,Prom1
Excitatory Neurons,0.004990236,0.012436315,0.654,0.346,0.346,0.25249999999999995,False,Prom1
Astrocytes,0.0056450753,0.01627332,0.649,0.351,0.351,0.27219999999999994,False,Prom1
Medium Spiny Neurons,0.0019669828,0.009546173,0.598,0.402,0.402,0.29383333333333334,False,Prom1
Endocrine Cells,0.005584984,0.027788552,0.587,0.413,0.413,0.31085714285714283,False,Prom1
Myocytes,0.0033610475,0.018715743,0.574,0.426,0.426,0.32525,False,Prom1
Neural Stem Cells,0.0022697572,0.02153344,0.539,0.461,0.461,0.3403333333333333,False,Prom1
Microglia,-0.000890688,0.018074792,0.468,0.532,0.468,0.35309999999999997,False,Prom1
Oligodendrocytes,-0.0007563774,0.010354952,0.48,0.52,0.48,0.3646363636363636,False,Prom1
GABAergic Neurons,-0.00123597,0.019484023,0.496,0.504,0.496,0.3755833333333333,False,Prom1
Oligodendrocytes,-0.033678282,0.009521319,0.0,1.0,0.0,0.0,True,Prr5l
Oligodendrocyte Precursor Cells,0.01350317,0.011252059,0.888,0.112,0.112,0.056,False,Prr5l
Neurons,0.0095305955,0.0138274785,0.757,0.243,0.243,0.11833333333333333,False,Prr5l
Myocytes,0.011718852,0.018747838,0.719,0.281,0.281,0.159,False,Prr5l
Endothelial Cells,-0.014874148,0.030854493,0.312,0.688,0.312,0.1896,False,Prr5l
Excitatory Neurons,0.004780432,0.012439347,0.65,0.35,0.35,0.21633333333333335,False,Prr5l
Medium Spiny Neurons,0.0029790301,0.009591883,0.636,0.364,0.364,0.2374285714285714,False,Prr5l
Astrocytes,0.0026033823,0.016255135,0.584,0.416,0.416,0.25975,False,Prr5l
Endocrine Cells,0.004039367,0.027725684,0.561,0.439,0.439,0.2796666666666667,False,Prr5l
Neural Stem Cells,0.00064076437,0.021514375,0.511,0.489,0.489,0.3006,False,Prr5l
Microglia,0.0007447741,0.018115118,0.496,0.504,0.496,0.31836363636363635,False,Prr5l
GABAergic Neurons,-0.0010935009,0.01948076,0.499,0.501,0.499,0.33341666666666664,False,Prr5l
Oligodendrocytes,-0.0142747,0.009515558,0.059,0.941,0.059,0.059,False,Psat1
Oligodendrocyte Precursor Cells,0.014896074,0.011614211,0.901,0.099,0.099,0.079,False,Psat1
Myocytes,0.018906789,0.01877569,0.838,0.162,0.162,0.10666666666666667,False,Psat1
Neurons,0.009409743,0.013745564,0.757,0.243,0.243,0.14075,False,Psat1
Excitatory Neurons,0.0039363154,0.0125282705,0.618,0.382,0.382,0.189,False,Psat1
Endothelial Cells,-0.009806229,0.030940337,0.383,0.617,0.383,0.2213333333333333,False,Psat1
Astrocytes,0.0022811086,0.01652441,0.573,0.427,0.427,0.2507142857142857,False,Psat1
Endocrine Cells,0.0019095509,0.027736356,0.536,0.464,0.464,0.277375,False,Psat1
Microglia,-0.00080663065,0.018162383,0.468,0.532,0.468,0.2985555555555555,False,Psat1
GABAergic Neurons,-0.0020973354,0.019642595,0.479,0.521,0.479,0.3166,False,Psat1
Neural Stem Cells,0.00065666984,0.021288594,0.511,0.489,0.489,0.3322727272727273,False,Psat1
Medium Spiny Neurons,-0.0004776224,0.009543771,0.495,0.505,0.495,0.34583333333333327,False,Psat1
Myocytes,0.03319199,0.018847048,0.964,0.036,0.036,0.036,True,Ptch1
Oligodendrocyte Precursor Cells,0.0149829555,0.011483738,0.903,0.097,0.097,0.0665,False,Ptch1
Neurons,0.009311023,0.013721975,0.755,0.245,0.245,0.126,False,Ptch1
Endocrine Cells,0.018067505,0.027926378,0.745,0.255,0.255,0.15825,False,Ptch1
Neural Stem Cells,0.013656453,0.021300927,0.735,0.265,0.265,0.1796,False,Ptch1
Oligodendrocytes,0.004070776,0.010171538,0.655,0.345,0.345,0.20716666666666664,False,Ptch1
Excitatory Neurons,0.0051347828,0.012484076,0.654,0.346,0.346,0.227,False,Ptch1
Endothelial Cells,-0.01064627,0.030928124,0.368,0.632,0.368,0.24462499999999998,False,Ptch1
Astrocytes,-0.0042529805,0.016598577,0.413,0.587,0.413,0.2633333333333333,False,Ptch1
Medium Spiny Neurons,0.0012833924,0.009562751,0.57,0.43,0.43,0.27999999999999997,False,Ptch1
Microglia,-0.001491623,0.018115625,0.459,0.541,0.459,0.29627272727272724,False,Ptch1
GABAergic Neurons,-0.0016520295,0.01956112,0.491,0.509,0.491,0.3125,False,Ptch1
Endocrine Cells,0.13193877,0.029015474,1.0,0.0,0.0,0.0,True,Ptgds
Myocytes,0.9471451,0.023228211,1.0,0.0,0.0,0.0,True,Ptgds
Oligodendrocytes,0.042920563,0.012780523,0.999,0.001,0.001,0.0003333333333333333,True,Ptgds
Oligodendrocyte Precursor Cells,0.023344323,0.011774086,0.983,0.017,0.017,0.0045000000000000005,True,Ptgds
Neurons,0.016462553,0.013335287,0.892,0.108,0.108,0.0252,True,Ptgds
Neural Stem Cells,0.020581733,0.020752002,0.835,0.165,0.165,0.04850000000000001,True,Ptgds
Astrocytes,0.0152093,0.0177093,0.813,0.187,0.187,0.0682857142857143,False,Ptgds
Endothelial Cells,0.01917131,0.02772744,0.755,0.245,0.245,0.09037500000000001,False,Ptgds
Medium Spiny Neurons,-0.0063329674,0.009514909,0.262,0.738,0.262,0.10944444444444446,False,Ptgds
Microglia,0.008357599,0.018595045,0.677,0.323,0.323,0.1308,False,Ptgds
Excitatory Neurons,0.0057090595,0.01261281,0.667,0.333,0.333,0.1491818181818182,False,Ptgds
GABAergic Neurons,0.005522793,0.019822743,0.624,0.376,0.376,0.16808333333333333,False,Ptgds
Myocytes,0.05171517,0.018915096,0.998,0.002,0.002,0.002,True,Ptprz1
Neurons,0.013301846,0.013141382,0.841,0.159,0.159,0.0805,False,Ptprz1
Astrocytes,-0.014527245,0.017863605,0.202,0.798,0.202,0.121,False,Ptprz1
Medium Spiny Neurons,0.0071119694,0.009501396,0.768,0.232,0.232,0.14875,False,Ptprz1
Neural Stem Cells,-0.012967727,0.020070475,0.254,0.746,0.254,0.1698,False,Ptprz1
Oligodendrocyte Precursor Cells,-0.006864032,0.013048225,0.284,0.716,0.284,0.18883333333333333,False,Ptprz1
Endothelial Cells,-0.013377562,0.03029097,0.332,0.668,0.332,0.2092857142857143,False,Ptprz1
Excitatory Neurons,0.003331681,0.012750982,0.598,0.402,0.402,0.233375,False,Ptprz1
Microglia,-0.0022313087,0.018486485,0.441,0.559,0.441,0.2564444444444444,False,Ptprz1
GABAergic Neurons,-0.0034151545,0.020141914,0.448,0.552,0.448,0.27559999999999996,False,Ptprz1
Endocrine Cells,-0.0023762377,0.02777074,0.472,0.528,0.472,0.2934545454545454,False,Ptprz1
Oligodendrocytes,-0.0003843221,0.009856467,0.493,0.507,0.493,0.3100833333333333,False,Ptprz1
Myocytes,0.02597281,0.018838024,0.912,0.088,0.088,0.088,False,Pygb
Oligodendrocyte Precursor Cells,0.013319404,0.011503274,0.877,0.123,0.123,0.1055,False,Pygb
Neurons,0.010330759,0.013592579,0.774,0.226,0.226,0.14566666666666667,False,Pygb
Neural Stem Cells,-0.013065384,0.021004133,0.259,0.741,0.259,0.174,False,Pygb
Excitatory Neurons,0.0046681333,0.01257535,0.642,0.358,0.358,0.21079999999999996,False,Pygb
Endothelial Cells,-0.009763487,0.030757518,0.383,0.617,0.383,0.23949999999999996,False,Pygb
Medium Spiny Neurons,0.0010953974,0.009538519,0.562,0.438,0.438,0.26785714285714285,False,Pygb
Oligodendrocytes,0.000798155,0.010177729,0.538,0.462,0.462,0.29212499999999997,False,Pygb
Microglia,-0.0009821207,0.018217677,0.468,0.532,0.468,0.31166666666666665,False,Pygb
Endocrine Cells,0.0008117292,0.02792837,0.522,0.478,0.478,0.3282999999999999,False,Pygb
GABAergic Neurons,-0.0015961921,0.019736689,0.492,0.508,0.492,0.34318181818181814,False,Pygb
Astrocytes,-0.0007552138,0.016947495,0.499,0.501,0.499,0.3561666666666666,False,Pygb
Myocytes,0.050270103,0.019102441,0.998,0.002,0.002,0.002,True,Qdpr
Oligodendrocytes,-0.021291113,0.010373878,0.02,0.98,0.02,0.011,True,Qdpr
Medium Spiny Neurons,0.013494642,0.009518792,0.923,0.077,0.077,0.033,True,Qdpr
Oligodendrocyte Precursor Cells,0.013647095,0.011757675,0.879,0.121,0.121,0.055,False,Qdpr
Neurons,0.011772014,0.013163656,0.811,0.189,0.189,0.08180000000000001,False,Qdpr
Endothelial Cells,-0.013379366,0.030533867,0.334,0.666,0.334,0.12383333333333335,False,Qdpr
Astrocytes,0.0061957855,0.016829196,0.66,0.34,0.34,0.15471428571428575,False,Qdpr
Neural Stem Cells,0.0077554015,0.020709625,0.646,0.354,0.354,0.17962500000000003,False,Qdpr
Microglia,-0.0016820192,0.018514141,0.453,0.547,0.453,0.21000000000000005,False,Qdpr
Endocrine Cells,0.0020499553,0.028091483,0.537,0.463,0.463,0.2353,False,Qdpr
Excitatory Neurons,0.00043035846,0.012839265,0.515,0.485,0.485,0.258,False,Qdpr
GABAergic Neurons,-0.001781753,0.020255389,0.488,0.512,0.488,0.2771666666666667,False,Qdpr
Oligodendrocyte Precursor Cells,0.013695427,0.01132776,0.889,0.111,0.111,0.111,False,Ramp3
Excitatory Neurons,0.005682134,0.012521218,0.667,0.333,0.333,0.222,False,Ramp3
Myocytes,0.007987744,0.018721849,0.662,0.338,0.338,0.26066666666666666,False,Ramp3
Neurons,0.004970102,0.013414464,0.655,0.345,0.345,0.28175,False,Ramp3
Astrocytes,0.005477461,0.016256776,0.649,0.351,0.351,0.2956,False,Ramp3
GABAergic Neurons,0.0048617665,0.019885138,0.612,0.388,0.388,0.311,False,Ramp3
Endothelial Cells,-0.008652641,0.031024791,0.395,0.605,0.395,0.323,False,Ramp3
Neural Stem Cells,0.004368831,0.0215662,0.585,0.415,0.415,0.3345,False,Ramp3
Endocrine Cells,-0.0038452644,0.027813524,0.449,0.551,0.449,0.3472222222222222,False,Ramp3
Medium Spiny Neurons,0.00032680767,0.009552196,0.536,0.464,0.464,0.3589,False,Ramp3
Oligodendrocytes,-0.0009384717,0.010298216,0.474,0.526,0.474,0.36936363636363634,False,Ramp3
Microglia,-0.00039036473,0.01809922,0.48,0.52,0.48,0.37858333333333327,False,Ramp3
Oligodendrocytes,-0.014779845,0.009715225,0.057,0.943,0.057,0.057,False,Rap1a
Myocytes,0.023249125,0.018872881,0.889,0.111,0.111,0.084,False,Rap1a
Oligodendrocyte Precursor Cells,0.012756585,0.011478346,0.869,0.131,0.131,0.09966666666666668,False,Rap1a
Neurons,0.008762551,0.013716114,0.737,0.263,0.263,0.1405,False,Rap1a
Endocrine Cells,0.010730481,0.02790243,0.654,0.346,0.346,0.1816,False,Rap1a
Excitatory Neurons,0.004190511,0.012523426,0.628,0.372,0.372,0.21333333333333335,False,Rap1a
Endothelial Cells,-0.009049809,0.03084346,0.393,0.607,0.393,0.23900000000000002,False,Rap1a
Astrocytes,0.0031605582,0.016333384,0.6,0.4,0.4,0.259125,False,Rap1a
Neural Stem Cells,0.004071423,0.021359153,0.581,0.419,0.419,0.2768888888888889,False,Rap1a
Microglia,-0.0027496517,0.018213231,0.431,0.569,0.431,0.2923,False,Rap1a
GABAergic Neurons,-0.0014614298,0.019636864,0.493,0.507,0.493,0.3105454545454545,False,Rap1a
Medium Spiny Neurons,-0.00028985858,0.0095258,0.504,0.496,0.496,0.326,False,Rap1a
Oligodendrocyte Precursor Cells,0.01558139,0.011430021,0.911,0.089,0.089,0.089,False,Rapgef3
Neurons,0.010046782,0.013801193,0.766,0.234,0.234,0.1615,False,Rapgef3
Endocrine Cells,-0.014327368,0.027817897,0.312,0.688,0.312,0.21166666666666667,False,Rapgef3
Excitatory Neurons,0.0052677426,0.01245307,0.656,0.344,0.344,0.24475,False,Rapgef3
Astrocytes,0.005681164,0.016490698,0.649,0.351,0.351,0.266,False,Rapgef3
Neural Stem Cells,0.006610895,0.021474656,0.629,0.371,0.371,0.28350000000000003,False,Rapgef3
Oligodendrocytes,0.0022811254,0.010222599,0.594,0.406,0.406,0.30100000000000005,False,Rapgef3
Myocytes,0.0037615513,0.018740917,0.582,0.418,0.418,0.31562500000000004,False,Rapgef3
Endothelial Cells,-0.0057040774,0.030947194,0.43,0.57,0.43,0.32833333333333337,False,Rapgef3
Medium Spiny Neurons,0.0013837517,0.009585072,0.57,0.43,0.43,0.3385000000000001,False,Rapgef3
Microglia,-0.0005839557,0.01807875,0.473,0.527,0.473,0.3507272727272728,False,Rapgef3
GABAergic Neurons,-0.0011142781,0.019507501,0.499,0.501,0.499,0.36308333333333337,False,Rapgef3
Myocytes,0.04466624,0.01894409,0.99,0.01,0.01,0.01,True,Rbp1
Endocrine Cells,0.063047394,0.028299568,0.984,0.016,0.016,0.013000000000000001,True,Rbp1
Oligodendrocyte Precursor Cells,0.013231328,0.0112667885,0.883,0.117,0.117,0.04766666666666667,True,Rbp1
Neurons,0.008429986,0.013805341,0.728,0.272,0.272,0.10375000000000001,False,Rbp1
Excitatory Neurons,0.0044128187,0.012449466,0.639,0.361,0.361,0.1552,False,Rbp1
Astrocytes,0.003268984,0.01641691,0.601,0.399,0.399,0.19583333333333333,False,Rbp1
Neural Stem Cells,0.004179527,0.021436563,0.583,0.417,0.417,0.22742857142857145,False,Rbp1
Microglia,-0.001652402,0.018073255,0.453,0.547,0.453,0.255625,False,Rbp1
Endothelial Cells,-0.004045597,0.030623836,0.454,0.546,0.454,0.2776666666666667,False,Rbp1
Oligodendrocytes,-0.0014262774,0.010349101,0.461,0.539,0.461,0.296,False,Rbp1
GABAergic Neurons,-0.0018671323,0.019502409,0.485,0.515,0.485,0.3131818181818182,False,Rbp1
Medium Spiny Neurons,-0.00035313048,0.009538644,0.5,0.5,0.5,0.32875,False,Rbp1
Oligodendrocyte Precursor Cells,0.021154085,0.011840167,0.964,0.036,0.036,0.036,True,Rgcc
Neural Stem Cells,0.019383186,0.021235926,0.812,0.188,0.188,0.112,False,Rgcc
Myocytes,-0.015628623,0.018767005,0.211,0.789,0.211,0.145,False,Rgcc
Neurons,0.01092127,0.013765936,0.784,0.216,0.216,0.16275,False,Rgcc
Endocrine Cells,0.013153823,0.027917279,0.69,0.31,0.31,0.1922,False,Rgcc
Excitatory Neurons,0.005130973,0.012482184,0.654,0.346,0.346,0.21783333333333332,False,Rgcc
Astrocytes,0.0048984014,0.016528051,0.641,0.359,0.359,0.238,False,Rgcc
Medium Spiny Neurons,0.0020857726,0.009526762,0.599,0.401,0.401,0.258375,False,Rgcc
Microglia,-0.0008335713,0.018115323,0.468,0.532,0.468,0.2816666666666667,False,Rgcc
Oligodendrocytes,-0.0006665276,0.010293279,0.485,0.515,0.485,0.302,False,Rgcc
GABAergic Neurons,-0.001298699,0.019573767,0.496,0.504,0.496,0.31963636363636366,False,Rgcc
Endothelial Cells,0.00020164404,0.030651815,0.501,0.499,0.499,0.3345833333333333,False,Rgcc
Oligodendrocyte Precursor Cells,0.013333704,0.011660012,0.877,0.123,0.123,0.123,False,Rgs20
Myocytes,0.02067741,0.01878139,0.861,0.139,0.139,0.131,False,Rgs20
Neural Stem Cells,-0.019010628,0.020954132,0.18,0.82,0.18,0.14733333333333334,False,Rgs20
Neurons,0.010939829,0.01359648,0.786,0.214,0.214,0.164,False,Rgs20
Astrocytes,-0.008251662,0.016994728,0.316,0.684,0.316,0.1944,False,Rgs20
Endocrine Cells,0.011662785,0.027793258,0.671,0.329,0.329,0.21683333333333332,False,Rgs20
Excitatory Neurons,0.0041616578,0.012748774,0.625,0.375,0.375,0.2394285714285714,False,Rgs20
Endothelial Cells,-0.009223273,0.030815177,0.392,0.608,0.392,0.2585,False,Rgs20
Microglia,-0.002928748,0.01821313,0.427,0.573,0.427,0.27722222222222226,False,Rgs20
Medium Spiny Neurons,-0.0014281749,0.009593158,0.446,0.554,0.446,0.29410000000000003,False,Rgs20
GABAergic Neurons,-0.0029958945,0.019845972,0.458,0.542,0.458,0.30900000000000005,False,Rgs20
Oligodendrocytes,0.0001627917,0.010185278,0.514,0.486,0.486,0.32375000000000004,False,Rgs20
Endocrine Cells,0.07736282,0.028430048,0.995,0.005,0.005,0.005,True,Rgs9
Medium Spiny Neurons,-0.015230116,0.009294025,0.043,0.957,0.043,0.023999999999999997,True,Rgs9
Oligodendrocyte Precursor Cells,0.012759809,0.011378698,0.872,0.128,0.128,0.058666666666666666,False,Rgs9
Neurons,0.008654969,0.013769951,0.732,0.268,0.268,0.111,False,Rgs9
Myocytes,0.009491348,0.018750627,0.683,0.317,0.317,0.1522,False,Rgs9
Excitatory Neurons,0.005109056,0.01246238,0.654,0.346,0.346,0.1845,False,Rgs9
Astrocytes,0.003491277,0.01622293,0.609,0.391,0.391,0.214,False,Rgs9
Endothelial Cells,-0.0077921315,0.03106664,0.402,0.598,0.402,0.2375,False,Rgs9
GABAergic Neurons,-0.0027775527,0.019679738,0.465,0.535,0.465,0.2627777777777778,False,Rgs9
Microglia,-0.0009879092,0.018081196,0.467,0.533,0.467,0.2832,False,Rgs9
Neural Stem Cells,0.0013259168,0.021508714,0.525,0.475,0.475,0.30063636363636365,False,Rgs9
Oligodendrocytes,-0.00069127686,0.010327967,0.485,0.515,0.485,0.316,False,Rgs9
Endocrine Cells,0.04398566,0.028388755,0.94,0.06,0.06,0.06,False,Rhoc
Oligodendrocyte Precursor Cells,0.0100378,0.011677845,0.804,0.196,0.196,0.128,False,Rhoc
Neurons,0.009744287,0.013787023,0.761,0.239,0.239,0.165,False,Rhoc
Excitatory Neurons,0.0049825716,0.012471667,0.654,0.346,0.346,0.21025,False,Rhoc
Myocytes,0.0077276886,0.018838556,0.654,0.346,0.346,0.23739999999999997,False,Rhoc
Astrocytes,0.004366839,0.01637839,0.632,0.368,0.368,0.2591666666666666,False,Rhoc
Oligodendrocytes,0.0028394174,0.0101809,0.614,0.386,0.386,0.27728571428571425,False,Rhoc
Microglia,0.004818777,0.018205618,0.607,0.393,0.393,0.29174999999999995,False,Rhoc
Endothelial Cells,-0.004164338,0.03053044,0.453,0.547,0.453,0.3096666666666666,False,Rhoc
Medium Spiny Neurons,0.0004566224,0.0095728515,0.542,0.458,0.458,0.32449999999999996,False,Rhoc
Neural Stem Cells,0.0014496668,0.02131164,0.528,0.472,0.472,0.3379090909090909,False,Rhoc
GABAergic Neurons,-0.0012972096,0.019504707,0.496,0.504,0.496,0.35108333333333325,False,Rhoc
Oligodendrocyte Precursor Cells,0.01496116,0.011311246,0.907,0.093,0.093,0.093,False,Rhog
Neurons,0.009705779,0.013803883,0.759,0.241,0.241,0.16699999999999998,False,Rhog
Oligodendrocytes,-0.0069371504,0.009930691,0.244,0.756,0.244,0.19266666666666665,False,Rhog
Excitatory Neurons,0.004808169,0.012441521,0.65,0.35,0.35,0.23199999999999998,False,Rhog
Astrocytes,0.0045200125,0.01624573,0.635,0.365,0.365,0.2586,False,Rhog
Endothelial Cells,-0.007873269,0.031020913,0.402,0.598,0.402,0.2825,False,Rhog
Neural Stem Cells,0.0048046126,0.021518437,0.594,0.406,0.406,0.30014285714285716,False,Rhog
Myocytes,0.004141712,0.018714981,0.589,0.411,0.411,0.314,False,Rhog
Medium Spiny Neurons,0.00093461527,0.009547858,0.559,0.441,0.441,0.3281111111111111,False,Rhog
Endocrine Cells,0.0014758827,0.02780182,0.526,0.474,0.474,0.34269999999999995,False,Rhog
Microglia,0.00019364723,0.018221486,0.49,0.51,0.49,0.35609090909090907,False,Rhog
GABAergic Neurons,-0.0011208057,0.019486973,0.499,0.501,0.499,0.36799999999999994,False,Rhog
Microglia,-0.028295623,0.01930555,0.075,0.925,0.075,0.075,False,Rnase4
Endocrine Cells,0.035433315,0.028102595,0.901,0.099,0.099,0.087,False,Rnase4
Oligodendrocyte Precursor Cells,0.013177744,0.011274355,0.882,0.118,0.118,0.09733333333333333,False,Rnase4
Myocytes,-0.020880045,0.01874077,0.137,0.863,0.137,0.10725,False,Rnase4
Neurons,0.009553103,0.013799262,0.757,0.243,0.243,0.1344,False,Rnase4
Neural Stem Cells,-0.008614433,0.021398848,0.33,0.67,0.33,0.167,False,Rnase4
Excitatory Neurons,0.0047362735,0.012444397,0.649,0.351,0.351,0.19328571428571428,False,Rnase4
Astrocytes,0.0038273411,0.016362056,0.62,0.38,0.38,0.216625,False,Rnase4
Endothelial Cells,-0.007560885,0.030881645,0.406,0.594,0.406,0.2376666666666667,False,Rnase4
Medium Spiny Neurons,0.0015585893,0.0095462445,0.581,0.419,0.419,0.2558,False,Rnase4
Oligodendrocytes,0.0005839756,0.01032627,0.527,0.473,0.473,0.27554545454545454,False,Rnase4
GABAergic Neurons,-0.0013210379,0.019493546,0.496,0.504,0.496,0.29391666666666666,False,Rnase4
Endocrine Cells,-0.09882627,0.02824049,0.0,1.0,0.0,0.0,True,Rnaset2a
Myocytes,-0.033271246,0.018924152,0.044,0.956,0.044,0.022,True,Rnaset2a
Oligodendrocyte Precursor Cells,0.0155741805,0.0116258925,0.907,0.093,0.093,0.04566666666666667,True,Rnaset2a
Neurons,0.01022028,0.013650609,0.77,0.23,0.23,0.09175,False,Rnaset2a
Oligodendrocytes,0.004381864,0.010146347,0.67,0.33,0.33,0.13940000000000002,False,Rnaset2a
Endothelial Cells,-0.012546029,0.03033272,0.344,0.656,0.344,0.1735,False,Rnaset2a
Excitatory Neurons,0.004796559,0.0125178825,0.65,0.35,0.35,0.1987142857142857,False,Rnaset2a
Medium Spiny Neurons,0.0027711226,0.009539858,0.632,0.368,0.368,0.219875,False,Rnaset2a
Neural Stem Cells,-0.006099801,0.021120898,0.376,0.624,0.376,0.2372222222222222,False,Rnaset2a
Astrocytes,0.0023071477,0.016668985,0.573,0.427,0.427,0.2562,False,Rnaset2a
Microglia,-0.0008796542,0.0195396,0.468,0.532,0.468,0.27545454545454545,False,Rnaset2a
GABAergic Neurons,-0.002442476,0.01977551,0.472,0.528,0.472,0.29183333333333333,False,Rnaset2a
Oligodendrocytes,-0.017985674,0.010102221,0.033,0.967,0.033,0.033,True,Rnf13
Oligodendrocyte Precursor Cells,0.016344516,0.011774519,0.918,0.082,0.082,0.0575,False,Rnf13
Endocrine Cells,0.029365996,0.028122704,0.847,0.153,0.153,0.08933333333333333,False,Rnf13
Neurons,0.0116393715,0.013494334,0.807,0.193,0.193,0.11525,False,Rnf13
Medium Spiny Neurons,0.0064900513,0.009528722,0.754,0.246,0.246,0.14140000000000003,False,Rnf13
Myocytes,0.010428192,0.01889659,0.699,0.301,0.301,0.168,False,Rnf13
Excitatory Neurons,0.0057490203,0.012683001,0.667,0.333,0.333,0.19157142857142856,False,Rnf13
Endothelial Cells,-0.0076844557,0.030582316,0.402,0.598,0.402,0.21787499999999999,False,Rnf13
Astrocytes,0.0021999492,0.016886756,0.571,0.429,0.429,0.2413333333333333,False,Rnf13
Neural Stem Cells,0.0033105067,0.020898817,0.568,0.432,0.432,0.26039999999999996,False,Rnf13
GABAergic Neurons,0.00011547649,0.019999692,0.519,0.481,0.481,0.2804545454545454,False,Rnf13
Microglia,0.0012917022,0.018797418,0.508,0.492,0.492,0.2980833333333333,False,Rnf13
Endocrine Cells,0.047042258,0.028104797,0.952,0.048,0.048,0.048,True,S100a1
Myocytes,-0.02156509,0.018840376,0.127,0.873,0.127,0.0875,False,S100a1
Oligodendrocytes,0.010638936,0.009709871,0.865,0.135,0.135,0.10333333333333333,False,S100a1
Neurons,0.012276165,0.013682156,0.811,0.189,0.189,0.12475,False,S100a1
Oligodendrocyte Precursor Cells,0.009189061,0.0118438145,0.774,0.226,0.226,0.145,False,S100a1
Astrocytes,0.0052592913,0.016765356,0.645,0.355,0.355,0.18000000000000002,False,S100a1
Excitatory Neurons,0.0046876594,0.012536892,0.644,0.356,0.356,0.20514285714285713,False,S100a1
Medium Spiny Neurons,0.0032069667,0.009539112,0.643,0.357,0.357,0.224125,False,S100a1
Neural Stem Cells,0.0060310895,0.02102494,0.621,0.379,0.379,0.2413333333333333,False,S100a1
Endothelial Cells,-0.0059519536,0.030551428,0.426,0.574,0.426,0.2598,False,S100a1
GABAergic Neurons,-5.2520118e-05,0.019640794,0.516,0.484,0.484,0.28018181818181814,False,S100a1
Microglia,0.000978656,0.018268816,0.5,0.5,0.5,0.2985,False,S100a1
Endocrine Cells,-0.036449075,0.028148793,0.088,0.912,0.088,0.088,False,S100a10
Oligodendrocyte Precursor Cells,0.01460336,0.0113644125,0.901,0.099,0.099,0.0935,False,S100a10
Myocytes,-0.012898216,0.018872617,0.251,0.749,0.251,0.146,False,S100a10
Neurons,0.008039917,0.013681859,0.722,0.278,0.278,0.179,False,S100a10
Medium Spiny Neurons,0.0042142794,0.009509883,0.684,0.316,0.316,0.2064,False,S100a10
Astrocytes,0.0052428306,0.016506124,0.645,0.355,0.355,0.23116666666666666,False,S100a10
Neural Stem Cells,-0.006905831,0.021043923,0.363,0.637,0.363,0.25,False,S100a10
Excitatory Neurons,0.0041746534,0.012648619,0.626,0.374,0.374,0.2655,False,S100a10
Microglia,-0.0013180786,0.018137036,0.462,0.538,0.462,0.2873333333333334,False,S100a10
Endothelial Cells,-0.0025402992,0.030751687,0.47,0.53,0.47,0.3056,False,S100a10
Oligodendrocytes,0.00018727552,0.010281491,0.514,0.486,0.486,0.322,False,S100a10
GABAergic Neurons,-0.0014869581,0.019602943,0.493,0.507,0.493,0.33625,False,S100a10
Oligodendrocyte Precursor Cells,0.016466083,0.011569366,0.923,0.077,0.077,0.077,False,S1pr1
Neurons,0.013986506,0.013630506,0.844,0.156,0.156,0.11649999999999999,False,S1pr1
Astrocytes,-0.016422985,0.017493421,0.173,0.827,0.173,0.13533333333333333,False,S1pr1
Medium Spiny Neurons,0.008703937,0.0094960565,0.816,0.184,0.184,0.1475,False,S1pr1
Myocytes,-0.015397231,0.018777767,0.213,0.787,0.213,0.1606,False,S1pr1
Excitatory Neurons,0.0059857806,0.012571774,0.678,0.322,0.322,0.1875,False,S1pr1
Endocrine Cells,0.011023992,0.027864479,0.658,0.342,0.342,0.20957142857142858,False,S1pr1
Neural Stem Cells,-0.005465046,0.021079604,0.391,0.609,0.391,0.23225,False,S1pr1
Endothelial Cells,0.0043505076,0.030054256,0.558,0.442,0.442,0.2555555555555556,False,S1pr1
Oligodendrocytes,-2.4533972e-05,0.010188971,0.51,0.49,0.49,0.279,False,S1pr1
GABAergic Neurons,-0.00061722414,0.019670244,0.505,0.495,0.495,0.29863636363636364,False,S1pr1
Microglia,0.0006482552,0.018337768,0.496,0.504,0.496,0.3150833333333333,False,S1pr1
Oligodendrocyte Precursor Cells,0.014350412,0.0114345495,0.898,0.102,0.102,0.102,False,Sall1
Microglia,-0.021315077,0.019046547,0.136,0.864,0.136,0.119,False,Sall1
Neurons,0.009854079,0.013794868,0.763,0.237,0.237,0.15833333333333333,False,Sall1
Endocrine Cells,0.016001953,0.027928416,0.727,0.273,0.273,0.187,False,Sall1
Neural Stem Cells,0.011468888,0.0212429,0.702,0.298,0.298,0.2092,False,Sall1
Excitatory Neurons,0.0047175344,0.01244754,0.649,0.351,0.351,0.23283333333333334,False,Sall1
Myocytes,0.006976405,0.01872089,0.642,0.358,0.358,0.2507142857142857,False,Sall1
Oligodendrocytes,-0.0038692146,0.010265305,0.379,0.621,0.379,0.26675,False,Sall1
Astrocytes,0.0037942557,0.01639974,0.616,0.384,0.384,0.27977777777777774,False,Sall1
Endothelial Cells,-0.008227889,0.031020401,0.4,0.6,0.4,0.29179999999999995,False,Sall1
Medium Spiny Neurons,0.00078433036,0.009540591,0.555,0.445,0.445,0.3057272727272727,False,Sall1
GABAergic Neurons,-0.0011889559,0.01953654,0.498,0.502,0.498,0.32175,False,Sall1
Oligodendrocyte Precursor Cells,0.01266058,0.011369882,0.869,0.131,0.131,0.131,False,Samhd1
Neurons,0.009501967,0.0137660885,0.757,0.243,0.243,0.187,False,Samhd1
Excitatory Neurons,0.0049521346,0.012460658,0.653,0.347,0.347,0.24033333333333332,False,Samhd1
Neural Stem Cells,0.007301056,0.021393703,0.636,0.364,0.364,0.27125,False,Samhd1
Astrocytes,0.0042717787,0.016275795,0.632,0.368,0.368,0.29059999999999997,False,Samhd1
Endocrine Cells,0.008250684,0.027977373,0.619,0.381,0.381,0.30566666666666664,False,Samhd1
Endothelial Cells,-0.0084224865,0.03083158,0.398,0.602,0.398,0.31885714285714284,False,Samhd1
Medium Spiny Neurons,0.001011108,0.0095364135,0.562,0.438,0.438,0.33375,False,Samhd1
Microglia,-0.0014454137,0.018187378,0.46,0.54,0.46,0.34777777777777774,False,Samhd1
Myocytes,0.0011413994,0.01876804,0.54,0.46,0.46,0.359,False,Samhd1
Oligodendrocytes,9.5567666e-05,0.010313723,0.513,0.487,0.487,0.37063636363636365,False,Samhd1
GABAergic Neurons,-0.0011621182,0.019542623,0.498,0.502,0.498,0.38125000000000003,False,Samhd1
Myocytes,-0.12430968,0.018820403,0.0,1.0,0.0,0.0,True,Scn4b
Medium Spiny Neurons,-0.029181061,0.009667421,0.001,0.999,0.001,0.0005,True,Scn4b
Oligodendrocyte Precursor Cells,0.013441289,0.011327715,0.886,0.114,0.114,0.03833333333333334,True,Scn4b
Neurons,0.008500645,0.01376042,0.73,0.27,0.27,0.09625,False,Scn4b
Endocrine Cells,0.015793838,0.027743792,0.724,0.276,0.276,0.1322,False,Scn4b
Endothelial Cells,-0.008380501,0.031031761,0.399,0.601,0.399,0.17666666666666667,False,Scn4b
Astrocytes,0.0031244587,0.016230877,0.6,0.4,0.4,0.20857142857142857,False,Scn4b
Excitatory Neurons,0.0028445702,0.012593008,0.586,0.414,0.414,0.23424999999999999,False,Scn4b
Neural Stem Cells,0.0030777606,0.021524899,0.561,0.439,0.439,0.25699999999999995,False,Scn4b
Oligodendrocytes,-0.002069497,0.010294515,0.44,0.56,0.44,0.2753,False,Scn4b
Microglia,-0.0021453672,0.01810606,0.443,0.557,0.443,0.2905454545454545,False,Scn4b
GABAergic Neurons,0.00067958253,0.019751284,0.53,0.47,0.47,0.30549999999999994,False,Scn4b
Myocytes,0.067982316,0.019388447,1.0,0.0,0.0,0.0,True,Selenop
Oligodendrocytes,-0.037207685,0.00969043,0.0,1.0,0.0,0.0,True,Selenop
Neurons,0.022740068,0.012927422,0.96,0.04,0.04,0.013333333333333334,True,Selenop
Medium Spiny Neurons,0.016024577,0.009508443,0.946,0.054,0.054,0.0235,True,Selenop
Oligodendrocyte Precursor Cells,0.015582827,0.01185952,0.906,0.094,0.094,0.0376,True,Selenop
Endocrine Cells,0.035304803,0.028872812,0.891,0.109,0.109,0.049499999999999995,True,Selenop
Astrocytes,0.021420754,0.01824539,0.881,0.119,0.119,0.05942857142857143,False,Selenop
Excitatory Neurons,0.0037876249,0.01281525,0.609,0.391,0.391,0.10087499999999999,False,Selenop
GABAergic Neurons,0.002874589,0.020116942,0.568,0.432,0.432,0.13766666666666666,False,Selenop
Microglia,-0.00021505391,0.022708016,0.485,0.515,0.485,0.17239999999999997,False,Selenop
Endothelial Cells,0.0003888781,0.026688226,0.505,0.495,0.495,0.20172727272727273,False,Selenop
Neural Stem Cells,0.00023188899,0.020687098,0.502,0.498,0.498,0.22641666666666663,False,Selenop
Microglia,-0.056659944,0.021401487,0.002,0.998,0.002,0.002,True,Selplg
Oligodendrocyte Precursor Cells,0.013250731,0.011252474,0.884,0.116,0.116,0.059000000000000004,False,Selplg
Neurons,0.009580392,0.013831485,0.757,0.243,0.243,0.12033333333333333,False,Selplg
Excitatory Neurons,0.004816429,0.012448006,0.651,0.349,0.349,0.1775,False,Selplg
Astrocytes,0.004454222,0.016225912,0.635,0.365,0.365,0.215,False,Selplg
Endothelial Cells,-0.009077401,0.031039475,0.393,0.607,0.393,0.24466666666666667,False,Selplg
Myocytes,0.0042208955,0.01871578,0.59,0.41,0.41,0.2682857142857143,False,Selplg
Neural Stem Cells,0.00446368,0.021528428,0.588,0.412,0.412,0.28625,False,Selplg
Medium Spiny Neurons,0.0011182816,0.009581888,0.562,0.438,0.438,0.3031111111111111,False,Selplg
Endocrine Cells,0.0036772606,0.027730033,0.551,0.449,0.449,0.3177,False,Selplg
Oligodendrocytes,-0.0011461708,0.010338438,0.469,0.531,0.469,0.33145454545454545,False,Selplg
GABAergic Neurons,-0.0008076838,0.019487925,0.505,0.495,0.495,0.34508333333333335,False,Selplg
Oligodendrocyte Precursor Cells,0.013744009,0.011285973,0.891,0.109,0.109,0.109,False,Sema3c
Neurons,0.009438318,0.013763113,0.757,0.243,0.243,0.176,False,Sema3c
Myocytes,-0.01083754,0.018745666,0.292,0.708,0.292,0.21466666666666664,False,Sema3c
Excitatory Neurons,0.005162338,0.012463019,0.654,0.346,0.346,0.24749999999999997,False,Sema3c
Astrocytes,0.004686478,0.016226262,0.639,0.361,0.361,0.2702,False,Sema3c
Endocrine Cells,0.007789452,0.027799929,0.616,0.384,0.384,0.2891666666666666,False,Sema3c
Endothelial Cells,-0.0059643523,0.03054238,0.425,0.575,0.425,0.30857142857142855,False,Sema3c
Neural Stem Cells,0.0036857224,0.021523153,0.574,0.426,0.426,0.32325,False,Sema3c
Medium Spiny Neurons,0.0012221581,0.009545791,0.567,0.433,0.433,0.33544444444444443,False,Sema3c
Microglia,-0.0008258744,0.018083837,0.468,0.532,0.468,0.34869999999999995,False,Sema3c
Oligodendrocytes,-0.0005106869,0.01035083,0.489,0.511,0.489,0.3614545454545454,False,Sema3c
GABAergic Neurons,-0.00069026445,0.019676128,0.505,0.495,0.495,0.37258333333333327,False,Sema3c
Endocrine Cells,0.028684167,0.027981143,0.841,0.159,0.159,0.159,False,Sema6a
Oligodendrocytes,-0.009117639,0.009501855,0.161,0.839,0.161,0.16,False,Sema6a
Oligodendrocyte Precursor Cells,0.010617298,0.011662217,0.815,0.185,0.185,0.16833333333333333,False,Sema6a
Neurons,0.00855182,0.013627569,0.732,0.268,0.268,0.19325,False,Sema6a
Myocytes,0.010877323,0.018820211,0.705,0.295,0.295,0.2136,False,Sema6a
Endothelial Cells,-0.012205171,0.030867307,0.351,0.649,0.351,0.23650000000000002,False,Sema6a
Excitatory Neurons,0.0046623233,0.0124966325,0.643,0.357,0.357,0.2537142857142857,False,Sema6a
Astrocytes,0.0027863751,0.016324833,0.588,0.412,0.412,0.2735,False,Sema6a
Microglia,-0.0010661831,0.018092161,0.466,0.534,0.466,0.2948888888888889,False,Sema6a
Medium Spiny Neurons,0.00023972435,0.0095749665,0.531,0.469,0.469,0.3123,False,Sema6a
Neural Stem Cells,0.0012493947,0.021309014,0.523,0.477,0.477,0.32727272727272727,False,Sema6a
GABAergic Neurons,-0.0006176742,0.019718423,0.505,0.495,0.495,0.34125,False,Sema6a
Oligodendrocytes,-0.059448898,0.011358502,0.0,1.0,0.0,0.0,True,Sept4
Oligodendrocyte Precursor Cells,0.013506168,0.011576026,0.881,0.119,0.119,0.0595,False,Sept4
Neural Stem Cells,0.014290639,0.02114604,0.745,0.255,0.255,0.12466666666666666,False,Sept4
Endothelial Cells,-0.018160326,0.03057756,0.277,0.723,0.277,0.16275,False,Sept4
Neurons,0.0076107346,0.013551986,0.718,0.282,0.282,0.18660000000000002,False,Sept4
Medium Spiny Neurons,-0.0051822467,0.009533753,0.304,0.696,0.304,0.2061666666666667,False,Sept4
Microglia,-0.006021524,0.018238511,0.364,0.636,0.364,0.2287142857142857,False,Sept4
Astrocytes,0.0031789923,0.016568935,0.6,0.4,0.4,0.250125,False,Sept4
Excitatory Neurons,0.00252598,0.012626219,0.579,0.421,0.421,0.2691111111111111,False,Sept4
Myocytes,0.0035208247,0.018835373,0.578,0.422,0.422,0.2844,False,Sept4
Endocrine Cells,-0.002628337,0.027800081,0.467,0.533,0.467,0.301,False,Sept4
GABAergic Neurons,0.0007996913,0.019917674,0.53,0.47,0.47,0.3150833333333333,False,Sept4
Neurons,0.011675295,0.013232229,0.81,0.19,0.19,0.19,False,Serpine2
Myocytes,-0.0142422775,0.018897051,0.229,0.771,0.229,0.20950000000000002,False,Serpine2
Endothelial Cells,-0.016374705,0.030052166,0.293,0.707,0.293,0.2373333333333333,False,Serpine2
Oligodendrocyte Precursor Cells,0.004199562,0.011984896,0.645,0.355,0.355,0.26675,False,Serpine2
Astrocytes,-0.0067735747,0.017308721,0.357,0.643,0.357,0.2848,False,Serpine2
Endocrine Cells,0.007911304,0.028123267,0.616,0.384,0.384,0.3013333333333333,False,Serpine2
Excitatory Neurons,0.0036189426,0.012697757,0.605,0.395,0.395,0.31471428571428567,False,Serpine2
Neural Stem Cells,0.003518972,0.021068627,0.572,0.428,0.428,0.328875,False,Serpine2
Medium Spiny Neurons,0.0012322512,0.009501095,0.568,0.432,0.432,0.3403333333333333,False,Serpine2
Microglia,0.0023465948,0.0189499,0.532,0.468,0.468,0.35309999999999997,False,Serpine2
Oligodendrocytes,-0.00092626945,0.00987636,0.474,0.526,0.474,0.3640909090909091,False,Serpine2
GABAergic Neurons,-0.0001583099,0.020018341,0.514,0.486,0.486,0.37424999999999997,False,Serpine2
Endocrine Cells,0.07403893,0.02852894,0.991,0.009,0.009,0.009,True,Serping1
Oligodendrocyte Precursor Cells,0.013908995,0.011231367,0.895,0.105,0.105,0.056999999999999995,False,Serping1
Myocytes,-0.02209366,0.018967202,0.123,0.877,0.123,0.079,False,Serping1
Neurons,0.009301551,0.013803177,0.753,0.247,0.247,0.121,False,Serping1
Astrocytes,0.006791048,0.01641557,0.676,0.324,0.324,0.16160000000000002,False,Serping1
Excitatory Neurons,0.004650462,0.012436233,0.644,0.356,0.356,0.19400000000000003,False,Serping1
Endothelial Cells,-0.008690524,0.030538559,0.395,0.605,0.395,0.22271428571428573,False,Serping1
Medium Spiny Neurons,0.0017908679,0.009556538,0.59,0.41,0.41,0.246125,False,Serping1
Microglia,-0.0010432404,0.018062929,0.467,0.533,0.467,0.27066666666666667,False,Serping1
Oligodendrocytes,-0.0006563777,0.010362181,0.486,0.514,0.486,0.29219999999999996,False,Serping1
Neural Stem Cells,-0.00053794397,0.02145747,0.488,0.512,0.488,0.31,False,Serping1
GABAergic Neurons,-0.0011477931,0.019477084,0.498,0.502,0.498,0.3256666666666666,False,Serping1
Myocytes,0.035015658,0.018895093,0.967,0.033,0.033,0.033,True,Serpini1
Oligodendrocyte Precursor Cells,0.016034154,0.011478195,0.921,0.079,0.079,0.056,False,Serpini1
Endocrine Cells,-0.014138046,0.027868107,0.315,0.685,0.315,0.14233333333333334,False,Serpini1
Neurons,0.004733569,0.01347635,0.65,0.35,0.35,0.19424999999999998,False,Serpini1
Astrocytes,0.004689218,0.016309004,0.639,0.361,0.361,0.22759999999999997,False,Serpini1
Excitatory Neurons,0.0045115654,0.013055235,0.633,0.367,0.367,0.2508333333333333,False,Serpini1
Neural Stem Cells,0.0068282774,0.021443848,0.63,0.37,0.37,0.26785714285714285,False,Serpini1
Medium Spiny Neurons,0.0013947766,0.009535688,0.571,0.429,0.429,0.288,False,Serpini1
Endothelial Cells,-0.0055526127,0.03089372,0.431,0.569,0.431,0.3038888888888889,False,Serpini1
Microglia,-0.00071607006,0.018164376,0.472,0.528,0.472,0.3207,False,Serpini1
GABAergic Neurons,-0.00025518952,0.021163173,0.512,0.488,0.488,0.3359090909090909,False,Serpini1
Oligodendrocytes,-0.0003291497,0.010237862,0.496,0.504,0.496,0.34925,False,Serpini1
Myocytes,-0.11926384,0.018960014,0.0,1.0,0.0,0.0,True,Sgk1
Oligodendrocytes,0.034073208,0.010027249,0.999,0.001,0.001,0.0005,True,Sgk1
Oligodendrocyte Precursor Cells,0.021129977,0.011632438,0.97,0.03,0.03,0.010333333333333333,True,Sgk1
Neurons,0.012912527,0.013699105,0.819,0.181,0.181,0.053,False,Sgk1
Microglia,-0.016681856,0.018512007,0.198,0.802,0.198,0.082,False,Sgk1
Medium Spiny Neurons,0.005809823,0.009516495,0.734,0.266,0.266,0.11266666666666668,False,Sgk1
Astrocytes,0.008742275,0.016327279,0.717,0.283,0.283,0.137,False,Sgk1
Excitatory Neurons,0.006853386,0.012614141,0.709,0.291,0.291,0.15625,False,Sgk1
Neural Stem Cells,0.0071881455,0.021440055,0.636,0.364,0.364,0.17933333333333332,False,Sgk1
Endocrine Cells,-0.0025952877,0.027983904,0.468,0.532,0.468,0.2082,False,Sgk1
Endothelial Cells,-0.0027921393,0.030646991,0.468,0.532,0.468,0.2318181818181818,False,Sgk1
GABAergic Neurons,0.0008439274,0.019746827,0.531,0.469,0.469,0.2515833333333333,False,Sgk1
Oligodendrocyte Precursor Cells,0.019283623,0.011894006,0.952,0.048,0.048,0.048,True,Sh3bp4
Neurons,0.008520337,0.01362763,0.732,0.268,0.268,0.158,False,Sh3bp4
Neural Stem Cells,0.011657739,0.02116859,0.707,0.293,0.293,0.20299999999999999,False,Sh3bp4
Endocrine Cells,0.012316202,0.027968133,0.681,0.319,0.319,0.23199999999999998,False,Sh3bp4
Astrocytes,0.0047647627,0.01630142,0.639,0.361,0.361,0.2578,False,Sh3bp4
Excitatory Neurons,0.0042590154,0.012549518,0.63,0.37,0.37,0.27649999999999997,False,Sh3bp4
Endothelial Cells,-0.009935609,0.030643018,0.382,0.618,0.382,0.29157142857142854,False,Sh3bp4
Medium Spiny Neurons,0.0016223259,0.00952084,0.585,0.415,0.415,0.307,False,Sh3bp4
Myocytes,0.0018696456,0.018743405,0.552,0.448,0.448,0.32266666666666666,False,Sh3bp4
Oligodendrocytes,-0.0012722652,0.010261357,0.466,0.534,0.466,0.337,False,Sh3bp4
Microglia,-0.000717945,0.018111773,0.47,0.53,0.47,0.34909090909090906,False,Sh3bp4
GABAergic Neurons,-0.001349229,0.019569015,0.496,0.504,0.496,0.36133333333333334,False,Sh3bp4
Microglia,-0.05970094,0.020429777,0.0,1.0,0.0,0.0,True,Siglech
Oligodendrocyte Precursor Cells,0.012662243,0.011265015,0.872,0.128,0.128,0.064,False,Siglech
Neurons,0.009382241,0.013822589,0.755,0.245,0.245,0.12433333333333334,False,Siglech
Myocytes,0.010884124,0.018732188,0.706,0.294,0.294,0.16675,False,Siglech
Excitatory Neurons,0.0046552117,0.0124553265,0.643,0.357,0.357,0.2048,False,Siglech
Astrocytes,0.004214327,0.016237037,0.63,0.37,0.37,0.23233333333333336,False,Siglech
Endothelial Cells,-0.009486866,0.031033916,0.39,0.61,0.39,0.2548571428571429,False,Siglech
Neural Stem Cells,0.00305287,0.021535838,0.561,0.439,0.439,0.27787500000000004,False,Siglech
Medium Spiny Neurons,0.00090743677,0.009576722,0.557,0.443,0.443,0.2962222222222223,False,Siglech
Oligodendrocytes,-0.0017174967,0.010336578,0.45,0.55,0.45,0.31160000000000004,False,Siglech
Endocrine Cells,0.0030456628,0.027718328,0.544,0.456,0.456,0.32472727272727275,False,Siglech
GABAergic Neurons,-0.0011613287,0.0194964,0.498,0.502,0.498,0.33916666666666667,False,Siglech
Myocytes,0.061551746,0.01897215,1.0,0.0,0.0,0.0,True,Sirt2
Oligodendrocyte Precursor Cells,0.016217954,0.01178718,0.915,0.085,0.085,0.0425,True,Sirt2
Neurons,0.010462871,0.013644172,0.776,0.224,0.224,0.103,False,Sirt2
Endocrine Cells,0.016411914,0.027893864,0.73,0.27,0.27,0.14475,False,Sirt2
Oligodendrocytes,-0.0057565896,0.009342999,0.276,0.724,0.276,0.17099999999999999,False,Sirt2
Excitatory Neurons,0.004765059,0.0125739295,0.649,0.351,0.351,0.20099999999999998,False,Sirt2
Astrocytes,0.005401902,0.016518483,0.647,0.353,0.353,0.2227142857142857,False,Sirt2
Endothelial Cells,-0.00757565,0.030852785,0.405,0.595,0.405,0.2455,False,Sirt2
Neural Stem Cells,0.0038264305,0.021154992,0.576,0.424,0.424,0.2653333333333333,False,Sirt2
Medium Spiny Neurons,0.000883754,0.009541789,0.557,0.443,0.443,0.2831,False,Sirt2
GABAergic Neurons,8.4469975e-05,0.019716974,0.519,0.481,0.481,0.3010909090909091,False,Sirt2
Microglia,0.0010533753,0.018252257,0.501,0.499,0.499,0.31758333333333333,False,Sirt2
Oligodendrocyte Precursor Cells,0.014611467,0.011613468,0.899,0.101,0.101,0.101,False,Slc12a2
Neurons,0.011040999,0.013689039,0.788,0.212,0.212,0.1565,False,Slc12a2
Endocrine Cells,0.015531336,0.02796251,0.723,0.277,0.277,0.19666666666666668,False,Slc12a2
Medium Spiny Neurons,0.0038969363,0.009537857,0.663,0.337,0.337,0.23175,False,Slc12a2
Astrocytes,0.0057864683,0.016343707,0.653,0.347,0.347,0.2548,False,Slc12a2
Myocytes,0.007138834,0.018897263,0.644,0.356,0.356,0.27166666666666667,False,Slc12a2
Excitatory Neurons,0.0039832145,0.012528956,0.618,0.382,0.382,0.2874285714285714,False,Slc12a2
Oligodendrocytes,0.0024009293,0.009836273,0.602,0.398,0.398,0.30125,False,Slc12a2
Endothelial Cells,-0.007674282,0.030388126,0.402,0.598,0.402,0.31244444444444447,False,Slc12a2
Microglia,-0.0015161575,0.018332308,0.459,0.541,0.459,0.32710000000000006,False,Slc12a2
Neural Stem Cells,0.0014857437,0.021312237,0.529,0.471,0.471,0.3401818181818182,False,Slc12a2
GABAergic Neurons,-0.0012204527,0.019625865,0.497,0.503,0.497,0.35325000000000006,False,Slc12a2
Oligodendrocyte Precursor Cells,0.014512815,0.01135179,0.901,0.099,0.099,0.099,False,Slc16a1
Myocytes,-0.015028777,0.018759064,0.216,0.784,0.216,0.1575,False,Slc16a1
Neurons,0.009897854,0.0137802325,0.763,0.237,0.237,0.18400000000000002,False,Slc16a1
Excitatory Neurons,0.0053958106,0.0124772005,0.661,0.339,0.339,0.22275,False,Slc16a1
Medium Spiny Neurons,0.0028481947,0.009578785,0.633,0.367,0.367,0.2516,False,Slc16a1
Endothelial Cells,-0.010303109,0.030711511,0.376,0.624,0.376,0.2723333333333333,False,Slc16a1
Astrocytes,0.0032226415,0.016406324,0.6,0.4,0.4,0.29057142857142854,False,Slc16a1
Endocrine Cells,0.0061955685,0.027777651,0.598,0.402,0.402,0.3045,False,Slc16a1
Oligodendrocytes,-0.0028804305,0.010178958,0.412,0.588,0.412,0.3164444444444444,False,Slc16a1
Neural Stem Cells,0.00044374441,0.021417705,0.509,0.491,0.491,0.3339,False,Slc16a1
Microglia,0.00037899724,0.018107733,0.492,0.508,0.492,0.3482727272727273,False,Slc16a1
GABAergic Neurons,-0.00045242297,0.019546898,0.507,0.493,0.493,0.36033333333333334,False,Slc16a1
Myocytes,0.0348112,0.018845897,0.967,0.033,0.033,0.033,True,Slc17a6
Oligodendrocyte Precursor Cells,0.014011792,0.011388316,0.894,0.106,0.106,0.0695,False,Slc17a6
Excitatory Neurons,0.0047856593,0.012526424,0.65,0.35,0.35,0.163,False,Slc17a6
Astrocytes,0.005473524,0.0162848,0.649,0.351,0.351,0.21,False,Slc17a6
Medium Spiny Neurons,0.0022024675,0.009562312,0.603,0.397,0.397,0.2474,False,Slc17a6
Endothelial Cells,-0.008076621,0.031042166,0.401,0.599,0.401,0.273,False,Slc17a6
Neural Stem Cells,0.003954994,0.021498844,0.577,0.423,0.423,0.29442857142857143,False,Slc17a6
Endocrine Cells,-0.0055050277,0.02776187,0.424,0.576,0.424,0.310625,False,Slc17a6
GABAergic Neurons,8.731106e-05,0.019502139,0.519,0.481,0.481,0.32955555555555555,False,Slc17a6
Oligodendrocytes,-0.00055131514,0.010280334,0.488,0.512,0.488,0.3454,False,Slc17a6
Microglia,0.0013196297,0.018126206,0.511,0.489,0.489,0.3584545454545454,False,Slc17a6
Neurons,-0.000297403,0.012964637,0.497,0.503,0.497,0.36999999999999994,False,Slc17a6
Myocytes,0.08079754,0.019039167,1.0,0.0,0.0,0.0,True,Slc17a7
Oligodendrocyte Precursor Cells,0.014373027,0.011747541,0.893,0.107,0.107,0.0535,False,Slc17a7
Neurons,0.012760834,0.013430789,0.824,0.176,0.176,0.09433333333333332,False,Slc17a7
Excitatory Neurons,0.00892502,0.015134445,0.725,0.275,0.275,0.1395,False,Slc17a7
Microglia,-0.009961336,0.018419502,0.304,0.696,0.304,0.17240000000000003,False,Slc17a7
Astrocytes,0.0064394204,0.016520724,0.668,0.332,0.332,0.19900000000000004,False,Slc17a7
Neural Stem Cells,0.0068217004,0.021450188,0.63,0.37,0.37,0.22342857142857145,False,Slc17a7
Medium Spiny Neurons,-0.0026809839,0.009539031,0.4,0.6,0.4,0.2455,False,Slc17a7
Endothelial Cells,-0.006579546,0.030746838,0.415,0.585,0.415,0.2643333333333333,False,Slc17a7
Endocrine Cells,-0.005822331,0.027799414,0.421,0.579,0.421,0.27999999999999997,False,Slc17a7
Oligodendrocytes,-0.0024676437,0.010067857,0.425,0.575,0.425,0.29318181818181815,False,Slc17a7
GABAergic Neurons,-0.00026987994,0.019915992,0.51,0.49,0.49,0.3095833333333333,False,Slc17a7
Myocytes,0.0825385,0.01908327,1.0,0.0,0.0,0.0,True,Slc1a3
Neural Stem Cells,-0.08116357,0.019272303,0.0,1.0,0.0,0.0,True,Slc1a3
Medium Spiny Neurons,0.016419908,0.009572939,0.95,0.05,0.05,0.016666666666666666,True,Slc1a3
Neurons,0.018109418,0.0128873605,0.923,0.077,0.077,0.03175,True,Slc1a3
Oligodendrocyte Precursor Cells,0.014278999,0.011829114,0.888,0.112,0.112,0.047799999999999995,True,Slc1a3
Astrocytes,-0.019313898,0.019851722,0.167,0.833,0.167,0.06766666666666667,False,Slc1a3
Endocrine Cells,0.021873467,0.02782694,0.79,0.21,0.21,0.088,False,Slc1a3
Endothelial Cells,-0.019762931,0.029134454,0.254,0.746,0.254,0.10875,False,Slc1a3
Excitatory Neurons,0.004291207,0.013128699,0.625,0.375,0.375,0.13833333333333334,False,Slc1a3
Microglia,-0.0044680885,0.019245563,0.404,0.596,0.404,0.1649,False,Slc1a3
Oligodendrocytes,0.00051110075,0.009349812,0.526,0.474,0.474,0.19300000000000003,False,Slc1a3
GABAergic Neurons,-0.0017402034,0.020435952,0.491,0.509,0.491,0.21783333333333335,False,Slc1a3
Myocytes,0.0493826,0.01889168,0.997,0.003,0.003,0.003,True,Slc2a1
Oligodendrocyte Precursor Cells,0.015591494,0.011363428,0.915,0.085,0.085,0.044000000000000004,True,Slc2a1
Endothelial Cells,0.025620472,0.029379422,0.807,0.193,0.193,0.09366666666666668,False,Slc2a1
Neurons,0.011600604,0.013773302,0.799,0.201,0.201,0.12050000000000001,False,Slc2a1
Endocrine Cells,0.014592059,0.027930487,0.709,0.291,0.291,0.15460000000000002,False,Slc2a1
Medium Spiny Neurons,0.004752757,0.009538889,0.706,0.294,0.294,0.17783333333333332,False,Slc2a1
Excitatory Neurons,0.0056366487,0.012465349,0.667,0.333,0.333,0.19999999999999998,False,Slc2a1
Astrocytes,0.0036584414,0.016519416,0.612,0.388,0.388,0.22349999999999998,False,Slc2a1
Neural Stem Cells,0.005000903,0.021397356,0.595,0.405,0.405,0.24366666666666661,False,Slc2a1
Microglia,0.0015814924,0.018144734,0.518,0.482,0.482,0.26749999999999996,False,Slc2a1
Oligodendrocytes,0.00017401946,0.010237267,0.514,0.486,0.486,0.2873636363636363,False,Slc2a1
GABAergic Neurons,-0.00064036,0.019520482,0.505,0.495,0.495,0.30466666666666664,False,Slc2a1
Oligodendrocyte Precursor Cells,0.013223455,0.011248316,0.883,0.117,0.117,0.117,False,Slc30a10
Myocytes,0.01694008,0.018758683,0.806,0.194,0.194,0.1555,False,Slc30a10
Neurons,0.009602696,0.013800958,0.757,0.243,0.243,0.18466666666666667,False,Slc30a10
Excitatory Neurons,0.004974668,0.012455952,0.654,0.346,0.346,0.225,False,Slc30a10
Neural Stem Cells,0.007589783,0.02147696,0.64,0.36,0.36,0.252,False,Slc30a10
Endothelial Cells,-0.0071247714,0.03094998,0.409,0.591,0.409,0.2781666666666667,False,Slc30a10
Medium Spiny Neurons,0.0009804845,0.009560387,0.562,0.438,0.438,0.30100000000000005,False,Slc30a10
Endocrine Cells,0.0035389464,0.027718242,0.551,0.449,0.449,0.3195,False,Slc30a10
Microglia,-0.0009377469,0.018072106,0.468,0.532,0.468,0.336,False,Slc30a10
Astrocytes,0.0002551978,0.016449135,0.525,0.475,0.475,0.3499,False,Slc30a10
Oligodendrocytes,-0.00056254194,0.010358158,0.487,0.513,0.487,0.3623636363636364,False,Slc30a10
GABAergic Neurons,-0.0012565372,0.019514496,0.496,0.504,0.496,0.3735,False,Slc30a10
Neurons,0.025447976,0.013010372,0.976,0.024,0.024,0.024,True,Slc32a1
Oligodendrocyte Precursor Cells,0.021183992,0.011571835,0.97,0.03,0.03,0.027,True,Slc32a1
Myocytes,0.02122969,0.01882122,0.868,0.132,0.132,0.062,False,Slc32a1
Endocrine Cells,0.016169338,0.0277563,0.73,0.27,0.27,0.114,False,Slc32a1
Astrocytes,0.009073087,0.01638949,0.728,0.272,0.272,0.1456,False,Slc32a1
Neural Stem Cells,0.011712786,0.021227302,0.707,0.293,0.293,0.17016666666666666,False,Slc32a1
GABAergic Neurons,0.010918176,0.023099588,0.68,0.32,0.32,0.19157142857142856,False,Slc32a1
Excitatory Neurons,0.0053409734,0.01253049,0.658,0.342,0.342,0.210375,False,Slc32a1
Oligodendrocytes,0.0036458876,0.010148618,0.637,0.363,0.363,0.22733333333333336,False,Slc32a1
Endothelial Cells,-0.005659737,0.03096838,0.431,0.569,0.431,0.24770000000000003,False,Slc32a1
Microglia,0.0031129706,0.018229384,0.557,0.443,0.443,0.2654545454545455,False,Slc32a1
Medium Spiny Neurons,-0.0014977666,0.010038979,0.446,0.554,0.446,0.2805,False,Slc32a1
Neural Stem Cells,-0.07029814,0.02082625,0.0,1.0,0.0,0.0,True,Slc6a11
Astrocytes,-0.054814197,0.018574152,0.002,0.998,0.002,0.001,True,Slc6a11
Endocrine Cells,-0.053530302,0.027763678,0.029,0.971,0.029,0.010333333333333333,True,Slc6a11
Myocytes,0.036363486,0.01893461,0.971,0.029,0.029,0.015,True,Slc6a11
Endothelial Cells,-0.029912692,0.03007034,0.158,0.842,0.158,0.0436,True,Slc6a11
Oligodendrocytes,-0.007817569,0.0095738005,0.204,0.796,0.204,0.07033333333333333,False,Slc6a11
Medium Spiny Neurons,-0.0048294785,0.009494117,0.317,0.683,0.317,0.10557142857142857,False,Slc6a11
Microglia,-0.00800571,0.018586766,0.339,0.661,0.339,0.13475,False,Slc6a11
Oligodendrocyte Precursor Cells,0.0042615705,0.011867811,0.647,0.353,0.353,0.159,False,Slc6a11
Neurons,0.0042152344,0.012767484,0.641,0.359,0.359,0.179,False,Slc6a11
Excitatory Neurons,0.0038780486,0.0126921395,0.616,0.384,0.384,0.19763636363636364,False,Slc6a11
GABAergic Neurons,-0.0020973694,0.019951472,0.479,0.521,0.479,0.22108333333333333,False,Slc6a11
Oligodendrocyte Precursor Cells,0.013957014,0.011301253,0.895,0.105,0.105,0.105,False,Slc9a3r1
Neurons,0.009780279,0.013782771,0.761,0.239,0.239,0.172,False,Slc9a3r1
Myocytes,0.0077799466,0.01872131,0.657,0.343,0.343,0.229,False,Slc9a3r1
Excitatory Neurons,0.004982799,0.012470678,0.654,0.346,0.346,0.25825,False,Slc9a3r1
Endothelial Cells,-0.008770516,0.03094361,0.395,0.605,0.395,0.28559999999999997,False,Slc9a3r1
Astrocytes,0.0029201636,0.016556593,0.593,0.407,0.407,0.30583333333333335,False,Slc9a3r1
Endocrine Cells,0.005809599,0.027771574,0.592,0.408,0.408,0.3204285714285714,False,Slc9a3r1
Medium Spiny Neurons,0.0009815005,0.009567917,0.562,0.438,0.438,0.335125,False,Slc9a3r1
Neural Stem Cells,0.001986496,0.021443002,0.535,0.465,0.465,0.34955555555555556,False,Slc9a3r1
Microglia,-0.00058640336,0.018122138,0.473,0.527,0.473,0.3619,False,Slc9a3r1
Oligodendrocytes,-0.00050426286,0.01032234,0.489,0.511,0.489,0.37345454545454543,False,Slc9a3r1
GABAergic Neurons,-0.0010905813,0.019514732,0.499,0.501,0.499,0.38391666666666663,False,Slc9a3r1
Oligodendrocyte Precursor Cells,0.013594614,0.011532048,0.885,0.115,0.115,0.115,False,Slc9a3r2
Neurons,0.012085346,0.013544022,0.811,0.189,0.189,0.152,False,Slc9a3r2
Myocytes,0.013829231,0.019061835,0.752,0.248,0.248,0.18400000000000002,False,Slc9a3r2
Astrocytes,0.005766807,0.016380763,0.653,0.347,0.347,0.22475,False,Slc9a3r2
Excitatory Neurons,0.0048303464,0.012568402,0.65,0.35,0.35,0.24980000000000002,False,Slc9a3r2
Medium Spiny Neurons,0.0031170102,0.009522022,0.641,0.359,0.359,0.268,False,Slc9a3r2
Endocrine Cells,-0.010226178,0.028043652,0.373,0.627,0.373,0.28300000000000003,False,Slc9a3r2
Neural Stem Cells,0.0039971475,0.02143427,0.578,0.422,0.422,0.300375,False,Slc9a3r2
Endothelial Cells,0.004880862,0.02891118,0.568,0.432,0.432,0.315,False,Slc9a3r2
Microglia,-0.001649017,0.018141136,0.453,0.547,0.453,0.3288,False,Slc9a3r2
Oligodendrocytes,-0.00062996545,0.010120854,0.487,0.513,0.487,0.3431818181818182,False,Slc9a3r2
GABAergic Neurons,-0.00061357085,0.019883428,0.505,0.495,0.495,0.3558333333333333,False,Slc9a3r2
Oligodendrocyte Precursor Cells,0.011787546,0.01176523,0.835,0.165,0.165,0.165,False,Smoc1
Myocytes,0.016734624,0.01878597,0.803,0.197,0.197,0.181,False,Smoc1
Neurons,0.009262421,0.013728244,0.753,0.247,0.247,0.20299999999999999,False,Smoc1
Astrocytes,0.0047928905,0.016355595,0.639,0.361,0.361,0.2425,False,Smoc1
Excitatory Neurons,0.0042334003,0.012455279,0.63,0.37,0.37,0.26799999999999996,False,Smoc1
Neural Stem Cells,0.0064561814,0.021254033,0.628,0.372,0.372,0.28533333333333327,False,Smoc1
Endocrine Cells,0.0067523164,0.027828628,0.604,0.396,0.396,0.3011428571428571,False,Smoc1
Medium Spiny Neurons,0.0015497272,0.009554942,0.581,0.419,0.419,0.31587499999999996,False,Smoc1
Endothelial Cells,-0.0060682753,0.03094998,0.425,0.575,0.425,0.32799999999999996,False,Smoc1
Oligodendrocytes,-0.0018032168,0.010306897,0.447,0.553,0.447,0.3399,False,Smoc1
Microglia,-0.0012033788,0.01807243,0.464,0.536,0.464,0.35118181818181815,False,Smoc1
GABAergic Neurons,-0.0012806106,0.019520584,0.496,0.504,0.496,0.36325,False,Smoc1
Myocytes,0.024263872,0.01878514,0.896,0.104,0.104,0.104,False,Sox10
Oligodendrocytes,-0.009285683,0.009679216,0.161,0.839,0.161,0.1325,False,Sox10
Oligodendrocyte Precursor Cells,0.011826059,0.011836321,0.835,0.165,0.165,0.14333333333333334,False,Sox10
Neurons,0.009344568,0.013833182,0.753,0.247,0.247,0.16925,False,Sox10
Excitatory Neurons,0.004703608,0.012440675,0.647,0.353,0.353,0.20600000000000002,False,Sox10
Astrocytes,0.0038724125,0.016205776,0.621,0.379,0.379,0.23483333333333334,False,Sox10
Endothelial Cells,-0.0083587635,0.031078015,0.399,0.601,0.399,0.2582857142857143,False,Sox10
Neural Stem Cells,0.0051006232,0.021521619,0.595,0.405,0.405,0.276625,False,Sox10
Endocrine Cells,0.0029540954,0.027713602,0.543,0.457,0.457,0.29666666666666663,False,Sox10
Microglia,-0.0012423806,0.018066404,0.462,0.538,0.462,0.31320000000000003,False,Sox10
GABAergic Neurons,-0.0014343368,0.019478936,0.493,0.507,0.493,0.32954545454545453,False,Sox10
Medium Spiny Neurons,-0.0003191978,0.00958776,0.503,0.497,0.497,0.34349999999999997,False,Sox10
Oligodendrocyte Precursor Cells,0.018756578,0.011738486,0.948,0.052,0.052,0.052,False,Sox21
Neurons,0.009498823,0.013784015,0.757,0.243,0.243,0.1475,False,Sox21
Excitatory Neurons,0.0047988035,0.012462647,0.65,0.35,0.35,0.215,False,Sox21
Myocytes,0.0066869147,0.018714314,0.634,0.366,0.366,0.25275000000000003,False,Sox21
Endothelial Cells,-0.008816045,0.03102606,0.395,0.605,0.395,0.2812,False,Sox21
Neural Stem Cells,-0.0048767296,0.021300895,0.401,0.599,0.401,0.3011666666666667,False,Sox21
Endocrine Cells,0.0050475523,0.02777835,0.575,0.425,0.425,0.3188571428571429,False,Sox21
Microglia,-0.001826315,0.018087734,0.451,0.549,0.451,0.33537500000000003,False,Sox21
Medium Spiny Neurons,0.00018001371,0.009537746,0.527,0.473,0.473,0.3506666666666667,False,Sox21
Oligodendrocytes,0.00041326162,0.010311896,0.522,0.478,0.478,0.36340000000000006,False,Sox21
Astrocytes,-0.0005387301,0.016521785,0.507,0.493,0.493,0.3751818181818182,False,Sox21
GABAergic Neurons,-0.0013908122,0.019512169,0.495,0.505,0.495,0.3851666666666667,False,Sox21
Myocytes,-0.04483566,0.018765626,0.006,0.994,0.006,0.006,True,Sox6
Neurons,0.010033886,0.013775507,0.766,0.234,0.234,0.12000000000000001,False,Sox6
Oligodendrocyte Precursor Cells,0.005788279,0.011857437,0.694,0.306,0.306,0.18200000000000002,False,Sox6
Excitatory Neurons,0.004656474,0.012458972,0.643,0.357,0.357,0.22575,False,Sox6
Endothelial Cells,-0.008434312,0.031033518,0.398,0.602,0.398,0.26020000000000004,False,Sox6
Neural Stem Cells,-0.0049879355,0.021126503,0.4,0.6,0.4,0.28350000000000003,False,Sox6
Medium Spiny Neurons,0.0008757451,0.009582077,0.557,0.443,0.443,0.30628571428571433,False,Sox6
GABAergic Neurons,-0.0033272344,0.019698575,0.448,0.552,0.448,0.324,False,Sox6
Astrocytes,0.0011958523,0.016493727,0.55,0.45,0.45,0.338,False,Sox6
Microglia,-0.0013701606,0.018081788,0.462,0.538,0.462,0.35040000000000004,False,Sox6
Oligodendrocytes,-0.00085861015,0.010319081,0.477,0.523,0.477,0.36190909090909096,False,Sox6
Endocrine Cells,0.00037191965,0.02773851,0.511,0.489,0.489,0.37250000000000005,False,Sox6
Oligodendrocytes,-0.015233464,0.009942145,0.056,0.944,0.056,0.056,False,Sox8
Oligodendrocyte Precursor Cells,0.009624592,0.011856121,0.787,0.213,0.213,0.1345,False,Sox8
Neurons,0.008954221,0.013810077,0.74,0.26,0.26,0.17633333333333334,False,Sox8
Myocytes,0.011152638,0.018745292,0.713,0.287,0.287,0.20400000000000001,False,Sox8
Excitatory Neurons,0.0054401513,0.012489494,0.661,0.339,0.339,0.231,False,Sox8
Endothelial Cells,-0.00881806,0.031042572,0.395,0.605,0.395,0.25833333333333336,False,Sox8
Neural Stem Cells,-0.0016041448,0.0213744,0.456,0.544,0.456,0.2865714285714286,False,Sox8
Microglia,-0.0013746296,0.018085914,0.462,0.538,0.462,0.30850000000000005,False,Sox8
GABAergic Neurons,-0.00196286,0.019534867,0.481,0.519,0.481,0.3276666666666667,False,Sox8
Medium Spiny Neurons,-0.00071563234,0.009551362,0.484,0.516,0.484,0.34330000000000005,False,Sox8
Astrocytes,-0.0008308482,0.01641495,0.495,0.505,0.495,0.3570909090909091,False,Sox8
Endocrine Cells,-0.00063614204,0.02770908,0.503,0.497,0.497,0.3687500000000001,False,Sox8
Neural Stem Cells,-0.055811338,0.020133846,0.003,0.997,0.003,0.003,True,Sox9
Myocytes,0.030920524,0.01881952,0.948,0.052,0.052,0.0275,True,Sox9
Astrocytes,-0.023891725,0.017288908,0.075,0.925,0.075,0.043333333333333335,True,Sox9
Oligodendrocyte Precursor Cells,0.011560792,0.011458183,0.835,0.165,0.165,0.07375000000000001,False,Sox9
Endocrine Cells,0.027330713,0.027991323,0.824,0.176,0.176,0.0942,False,Sox9
Neurons,0.009172696,0.013679237,0.752,0.248,0.248,0.11983333333333335,False,Sox9
Endothelial Cells,-0.011951717,0.030653672,0.352,0.648,0.352,0.15300000000000002,False,Sox9
Excitatory Neurons,0.0036668624,0.012543479,0.607,0.393,0.393,0.18300000000000002,False,Sox9
Oligodendrocytes,-0.002234812,0.010197451,0.435,0.565,0.435,0.21100000000000002,False,Sox9
Microglia,-0.0018780577,0.018200587,0.451,0.549,0.451,0.23500000000000001,False,Sox9
Medium Spiny Neurons,0.00034068662,0.009523209,0.538,0.462,0.462,0.25563636363636366,False,Sox9
GABAergic Neurons,-0.0023055333,0.01961751,0.476,0.524,0.476,0.274,False,Sox9
Myocytes,0.060069766,0.01892531,0.999,0.001,0.001,0.001,True,Spon1
Oligodendrocyte Precursor Cells,0.0141349,0.011848124,0.886,0.114,0.114,0.0575,False,Spon1
Neurons,0.011442678,0.013576057,0.799,0.201,0.201,0.10533333333333333,False,Spon1
Endocrine Cells,0.015976727,0.027843023,0.727,0.273,0.273,0.14725,False,Spon1
Excitatory Neurons,0.00534599,0.012586113,0.657,0.343,0.343,0.18639999999999998,False,Spon1
Endothelial Cells,-0.0074201087,0.030989995,0.407,0.593,0.407,0.22316666666666665,False,Spon1
GABAergic Neurons,0.0013330105,0.019697351,0.542,0.458,0.458,0.25671428571428573,False,Spon1
Neural Stem Cells,0.0018076232,0.020748297,0.533,0.467,0.467,0.283,False,Spon1
Astrocytes,-0.000323045,0.016571121,0.515,0.485,0.485,0.3054444444444444,False,Spon1
Microglia,-5.3310847e-05,0.018122101,0.488,0.512,0.488,0.3237,False,Spon1
Oligodendrocytes,2.6234475e-05,0.010289377,0.512,0.488,0.488,0.3386363636363636,False,Spon1
Medium Spiny Neurons,-0.0005334363,0.009571795,0.493,0.507,0.493,0.3515,False,Spon1
Oligodendrocyte Precursor Cells,0.015160361,0.011455633,0.907,0.093,0.093,0.093,False,Sst
Neurons,0.010444599,0.013519233,0.778,0.222,0.222,0.1575,False,Sst
Astrocytes,0.0068720058,0.016308144,0.677,0.323,0.323,0.21266666666666667,False,Sst
Excitatory Neurons,0.005726254,0.012524728,0.672,0.328,0.328,0.2415,False,Sst
Neural Stem Cells,0.009466854,0.021439143,0.667,0.333,0.333,0.2598,False,Sst
Endothelial Cells,-0.0068721017,0.031016612,0.413,0.587,0.413,0.2853333333333333,False,Sst
Oligodendrocytes,0.0014085432,0.010253881,0.569,0.431,0.431,0.3061428571428571,False,Sst
Endocrine Cells,0.004501059,0.027758114,0.568,0.432,0.432,0.32187499999999997,False,Sst
Myocytes,0.001816759,0.018722624,0.552,0.448,0.448,0.33588888888888885,False,Sst
GABAergic Neurons,-0.0020667864,0.022156235,0.485,0.515,0.485,0.35079999999999995,False,Sst
Medium Spiny Neurons,-0.00022399676,0.009563529,0.511,0.489,0.489,0.36336363636363633,False,Sst
Microglia,0.00037787834,0.018155944,0.492,0.508,0.492,0.37408333333333327,False,Sst
Myocytes,0.048313674,0.018925568,0.995,0.005,0.005,0.005,True,Stab1
Oligodendrocyte Precursor Cells,0.0137976715,0.01124209,0.894,0.106,0.106,0.0555,False,Stab1
Neurons,0.009640589,0.013814545,0.758,0.242,0.242,0.11766666666666666,False,Stab1
Excitatory Neurons,0.004895198,0.012436742,0.653,0.347,0.347,0.175,False,Stab1
Astrocytes,0.0053518494,0.016298104,0.647,0.353,0.353,0.21059999999999998,False,Stab1
Endothelial Cells,-0.009176323,0.030728996,0.392,0.608,0.392,0.24083333333333332,False,Stab1
Neural Stem Cells,0.0039232285,0.021555498,0.576,0.424,0.424,0.26699999999999996,False,Stab1
Medium Spiny Neurons,0.0014420138,0.00955122,0.574,0.426,0.426,0.286875,False,Stab1
Microglia,-0.00027629855,0.018644845,0.484,0.516,0.484,0.30877777777777776,False,Stab1
Endocrine Cells,0.0005189836,0.027875468,0.513,0.487,0.487,0.3266,False,Stab1
Oligodendrocytes,-0.00062616577,0.010361891,0.487,0.513,0.487,0.3411818181818182,False,Stab1
GABAergic Neurons,-0.0011869168,0.019479996,0.498,0.502,0.498,0.35425,False,Stab1
Oligodendrocyte Precursor Cells,0.015687503,0.0118347695,0.907,0.093,0.093,0.093,False,Sulf2
Myocytes,0.019375661,0.018786663,0.847,0.153,0.153,0.123,False,Sulf2
Neurons,0.009382449,0.013711799,0.757,0.243,0.243,0.163,False,Sulf2
Excitatory Neurons,0.005490882,0.012554857,0.661,0.339,0.339,0.20700000000000002,False,Sulf2
Neural Stem Cells,-0.007138856,0.02143483,0.362,0.638,0.362,0.238,False,Sulf2
Astrocytes,0.003877157,0.016359922,0.62,0.38,0.38,0.26166666666666666,False,Sulf2
Endocrine Cells,0.0076889917,0.027917976,0.616,0.384,0.384,0.2791428571428571,False,Sulf2
Endothelial Cells,-0.007545006,0.031017883,0.406,0.594,0.406,0.295,False,Sulf2
Medium Spiny Neurons,0.0018137376,0.009551526,0.59,0.41,0.41,0.30777777777777776,False,Sulf2
Microglia,0.0030979456,0.018151535,0.557,0.443,0.443,0.32130000000000003,False,Sulf2
GABAergic Neurons,0.00049056194,0.019754061,0.527,0.473,0.473,0.3350909090909091,False,Sulf2
Oligodendrocytes,-0.00075521803,0.010106158,0.48,0.52,0.48,0.3471666666666667,False,Sulf2
Endocrine Cells,0.08389352,0.02861501,0.996,0.004,0.004,0.004,True,Sult1a1
Oligodendrocyte Precursor Cells,0.0141588105,0.01128224,0.898,0.102,0.102,0.053,False,Sult1a1
Neurons,0.010266917,0.01379462,0.77,0.23,0.23,0.112,False,Sult1a1
Astrocytes,0.010285149,0.016465921,0.742,0.258,0.258,0.14850000000000002,False,Sult1a1
Excitatory Neurons,0.00491983,0.012453563,0.653,0.347,0.347,0.1882,False,Sult1a1
Medium Spiny Neurons,0.0035372402,0.009552598,0.653,0.347,0.347,0.21466666666666667,False,Sult1a1
Myocytes,-0.0067857984,0.018885218,0.348,0.652,0.348,0.23371428571428574,False,Sult1a1
Neural Stem Cells,0.007667869,0.021491552,0.64,0.36,0.36,0.2495,False,Sult1a1
Microglia,0.00646927,0.018419035,0.639,0.361,0.361,0.2618888888888889,False,Sult1a1
Endothelial Cells,0.010580189,0.030445589,0.63,0.37,0.37,0.27270000000000005,False,Sult1a1
Oligodendrocytes,0.00026562,0.010339791,0.517,0.483,0.483,0.29181818181818187,False,Sult1a1
GABAergic Neurons,-0.0006587173,0.019501235,0.505,0.495,0.495,0.30875,False,Sult1a1
Myocytes,-0.123101294,0.018828645,0.0,1.0,0.0,0.0,True,Synpo2
Oligodendrocyte Precursor Cells,0.013982251,0.011292392,0.895,0.105,0.105,0.0525,False,Synpo2
Neurons,0.007982716,0.013563726,0.722,0.278,0.278,0.12766666666666668,False,Synpo2
Endocrine Cells,0.012991065,0.027879873,0.689,0.311,0.311,0.1735,False,Synpo2
Excitatory Neurons,0.0049325954,0.012434726,0.653,0.347,0.347,0.2082,False,Synpo2
Astrocytes,0.005402789,0.016296245,0.648,0.352,0.352,0.23216666666666663,False,Synpo2
Endothelial Cells,-0.011594837,0.030967617,0.354,0.646,0.354,0.24957142857142856,False,Synpo2
Neural Stem Cells,0.0041790735,0.02151581,0.582,0.418,0.418,0.270625,False,Synpo2
Microglia,-0.00063783425,0.018086258,0.473,0.527,0.473,0.2931111111111111,False,Synpo2
Oligodendrocytes,-0.0006872455,0.010327042,0.485,0.515,0.485,0.31229999999999997,False,Synpo2
Medium Spiny Neurons,-0.00042592187,0.009543173,0.496,0.504,0.496,0.32899999999999996,False,Synpo2
GABAergic Neurons,-0.0008560343,0.019491665,0.503,0.497,0.497,0.34299999999999997,False,Synpo2
Oligodendrocyte Precursor Cells,0.014826043,0.01138396,0.903,0.097,0.097,0.097,False,Tac1
Myocytes,0.011607097,0.018742744,0.718,0.282,0.282,0.1895,False,Tac1
Endocrine Cells,0.011583618,0.02776614,0.669,0.331,0.331,0.23666666666666666,False,Tac1
Neurons,0.0052860365,0.013657968,0.661,0.339,0.339,0.26225,False,Tac1
Excitatory Neurons,0.004930829,0.012445192,0.653,0.347,0.347,0.2792,False,Tac1
Medium Spiny Neurons,-0.0041770414,0.009655699,0.348,0.652,0.348,0.29066666666666663,False,Tac1
GABAergic Neurons,-0.008075504,0.01991423,0.352,0.648,0.352,0.2994285714285714,False,Tac1
Astrocytes,0.0035056192,0.016211547,0.609,0.391,0.391,0.31087499999999996,False,Tac1
Endothelial Cells,-0.007963144,0.031075507,0.401,0.599,0.401,0.3208888888888889,False,Tac1
Neural Stem Cells,0.0020657345,0.02154527,0.538,0.462,0.462,0.335,False,Tac1
Oligodendrocytes,-0.0007499992,0.010309643,0.48,0.52,0.48,0.3481818181818182,False,Tac1
Microglia,-0.00037882614,0.018086864,0.481,0.519,0.481,0.35925,False,Tac1
Oligodendrocyte Precursor Cells,0.015181942,0.011254841,0.908,0.092,0.092,0.092,False,Tac2
Neurons,0.014905866,0.013492643,0.864,0.136,0.136,0.114,False,Tac2
Myocytes,0.0114908805,0.01873355,0.716,0.284,0.284,0.17066666666666666,False,Tac2
Excitatory Neurons,0.0050046756,0.012443293,0.654,0.346,0.346,0.2145,False,Tac2
Astrocytes,0.004528743,0.016211186,0.636,0.364,0.364,0.2444,False,Tac2
GABAergic Neurons,-0.00631345,0.019787649,0.382,0.618,0.382,0.26733333333333337,False,Tac2
Endothelial Cells,-0.007958424,0.03108338,0.401,0.599,0.401,0.2864285714285714,False,Tac2
Endocrine Cells,0.004021907,0.02772369,0.559,0.441,0.441,0.30574999999999997,False,Tac2
Neural Stem Cells,0.0028179511,0.02155488,0.553,0.447,0.447,0.3214444444444444,False,Tac2
Medium Spiny Neurons,0.00021630955,0.009587838,0.527,0.473,0.473,0.33659999999999995,False,Tac2
Microglia,-0.00035634422,0.018070756,0.481,0.519,0.481,0.34972727272727266,False,Tac2
Oligodendrocytes,-1.4892902e-05,0.010357662,0.51,0.49,0.49,0.36141666666666666,False,Tac2
Oligodendrocyte Precursor Cells,0.012815283,0.011436045,0.872,0.128,0.128,0.128,False,Tcf7l2
Endocrine Cells,0.011141698,0.027856877,0.661,0.339,0.339,0.2335,False,Tcf7l2
Excitatory Neurons,0.0049166004,0.012444785,0.653,0.347,0.347,0.27133333333333337,False,Tcf7l2
Astrocytes,0.005205871,0.016456416,0.645,0.355,0.355,0.29225,False,Tcf7l2
Neurons,0.004262917,0.013346037,0.638,0.362,0.362,0.3062,False,Tcf7l2
Endothelial Cells,-0.0077031874,0.030960208,0.403,0.597,0.403,0.32233333333333336,False,Tcf7l2
Myocytes,0.004682751,0.018727187,0.596,0.404,0.404,0.334,False,Tcf7l2
Neural Stem Cells,-0.0034003812,0.021418294,0.425,0.575,0.425,0.345375,False,Tcf7l2
Medium Spiny Neurons,0.00087124587,0.009588613,0.557,0.443,0.443,0.3562222222222222,False,Tcf7l2
Microglia,-0.00028864085,0.01815086,0.484,0.516,0.484,0.369,False,Tcf7l2
Oligodendrocytes,-3.6137684e-05,0.010253836,0.51,0.49,0.49,0.37999999999999995,False,Tcf7l2
GABAergic Neurons,-0.0010422971,0.019486574,0.5,0.5,0.5,0.38999999999999996,False,Tcf7l2
Oligodendrocyte Precursor Cells,0.013448692,0.011255668,0.886,0.114,0.114,0.114,False,Tek
Neurons,0.009660236,0.013815614,0.758,0.242,0.242,0.178,False,Tek
Endothelial Cells,-0.020725802,0.030566122,0.254,0.746,0.254,0.20333333333333334,False,Tek
Myocytes,-0.007795792,0.018748377,0.336,0.664,0.336,0.2365,False,Tek
Excitatory Neurons,0.004869244,0.01243291,0.653,0.347,0.347,0.2586,False,Tek
Endocrine Cells,0.010471384,0.027881281,0.652,0.348,0.348,0.2735,False,Tek
Astrocytes,0.0041753273,0.016210223,0.629,0.371,0.371,0.2874285714285714,False,Tek
Neural Stem Cells,0.0037690045,0.021567151,0.575,0.425,0.425,0.304625,False,Tek
Medium Spiny Neurons,0.0008042732,0.009547703,0.555,0.445,0.445,0.3202222222222222,False,Tek
Microglia,-0.001675991,0.01806274,0.453,0.547,0.453,0.33349999999999996,False,Tek
Oligodendrocytes,-0.0007416908,0.010362522,0.482,0.518,0.482,0.3469999999999999,False,Tek
GABAergic Neurons,-0.0013743516,0.019475274,0.496,0.504,0.496,0.35941666666666655,False,Tek
Myocytes,-0.034170046,0.018797234,0.039,0.961,0.039,0.039,True,Tfrc
Oligodendrocyte Precursor Cells,0.012071946,0.011449791,0.849,0.151,0.151,0.095,False,Tfrc
Endothelial Cells,-0.015501081,0.030408897,0.304,0.696,0.304,0.16466666666666666,False,Tfrc
Neurons,0.0068193823,0.013575578,0.695,0.305,0.305,0.19974999999999998,False,Tfrc
Neural Stem Cells,-0.004648752,0.021413382,0.407,0.593,0.407,0.2412,False,Tfrc
Astrocytes,0.0018536517,0.016417008,0.562,0.438,0.438,0.27399999999999997,False,Tfrc
Excitatory Neurons,0.0016508366,0.0126893595,0.553,0.447,0.447,0.29871428571428565,False,Tfrc
Microglia,-0.0019848363,0.018132003,0.448,0.552,0.448,0.31737499999999996,False,Tfrc
GABAergic Neurons,-0.0031684176,0.019846896,0.452,0.548,0.452,0.3323333333333333,False,Tfrc
Endocrine Cells,-0.0034685421,0.027764276,0.455,0.545,0.455,0.34459999999999996,False,Tfrc
Medium Spiny Neurons,-0.0002156707,0.009539349,0.512,0.488,0.488,0.3576363636363636,False,Tfrc
Oligodendrocytes,-0.0002861694,0.010218943,0.498,0.502,0.498,0.3693333333333333,False,Tfrc
Oligodendrocyte Precursor Cells,0.0133688655,0.011248566,0.886,0.114,0.114,0.114,False,Tgfbr2
Neurons,0.009468838,0.01380957,0.757,0.243,0.243,0.1785,False,Tgfbr2
Myocytes,-0.008780494,0.01873142,0.319,0.681,0.319,0.2253333333333333,False,Tgfbr2
Excitatory Neurons,0.0048033586,0.0124383215,0.65,0.35,0.35,0.25649999999999995,False,Tgfbr2
Endothelial Cells,-0.010755849,0.03073955,0.364,0.636,0.364,0.2779999999999999,False,Tgfbr2
Astrocytes,0.0042740665,0.01628044,0.632,0.368,0.368,0.2929999999999999,False,Tgfbr2
Neural Stem Cells,0.0041196216,0.021536669,0.581,0.419,0.419,0.31099999999999994,False,Tgfbr2
Microglia,-0.0027612094,0.018531026,0.431,0.569,0.431,0.32599999999999996,False,Tgfbr2
Endocrine Cells,0.0038809306,0.027941449,0.557,0.443,0.443,0.33899999999999997,False,Tgfbr2
Medium Spiny Neurons,0.00077173364,0.009548707,0.555,0.445,0.445,0.34959999999999997,False,Tgfbr2
Oligodendrocytes,-0.00054997526,0.010354946,0.488,0.512,0.488,0.36218181818181816,False,Tgfbr2
GABAergic Neurons,-0.0009269955,0.019518023,0.502,0.498,0.498,0.37349999999999994,False,Tgfbr2
Endocrine Cells,-0.050904676,0.028450837,0.038,0.962,0.038,0.038,True,Tgfbr3
Oligodendrocyte Precursor Cells,0.013084237,0.01128453,0.879,0.121,0.121,0.0795,False,Tgfbr3
Neurons,0.0090544205,0.013767411,0.743,0.257,0.257,0.1386666666666667,False,Tgfbr3
Myocytes,-0.008653084,0.018836625,0.323,0.677,0.323,0.18475000000000003,False,Tgfbr3
Excitatory Neurons,0.0049691834,0.012471733,0.653,0.347,0.347,0.2172,False,Tgfbr3
Astrocytes,0.0049058287,0.016346725,0.641,0.359,0.359,0.24083333333333334,False,Tgfbr3
Endothelial Cells,-0.0089147035,0.030443022,0.393,0.607,0.393,0.26257142857142857,False,Tgfbr3
Medium Spiny Neurons,0.0016670314,0.009526035,0.586,0.414,0.414,0.28150000000000003,False,Tgfbr3
Neural Stem Cells,0.0028097366,0.021534177,0.553,0.447,0.447,0.2998888888888889,False,Tgfbr3
Microglia,-0.0007506706,0.018073512,0.47,0.53,0.47,0.31690000000000007,False,Tgfbr3
Oligodendrocytes,-0.0002948924,0.01034371,0.497,0.503,0.497,0.33327272727272733,False,Tgfbr3
GABAergic Neurons,-0.0010114767,0.019528234,0.501,0.499,0.499,0.34708333333333335,False,Tgfbr3
Oligodendrocyte Precursor Cells,0.01282547,0.01130154,0.874,0.126,0.126,0.126,False,Tgm2
Myocytes,-0.018237976,0.018770065,0.179,0.821,0.179,0.1525,False,Tgm2
Neurons,0.009575623,0.013811098,0.757,0.243,0.243,0.18266666666666667,False,Tgm2
Excitatory Neurons,0.0047619888,0.0124357315,0.65,0.35,0.35,0.2245,False,Tgm2
Endocrine Cells,-0.011611982,0.028023306,0.353,0.647,0.353,0.2502,False,Tgm2
Astrocytes,0.004849779,0.016288998,0.641,0.359,0.359,0.2683333333333333,False,Tgm2
Microglia,-0.0035241633,0.01817988,0.42,0.58,0.42,0.29,False,Tgm2
Neural Stem Cells,0.003165381,0.021494994,0.563,0.437,0.437,0.30837499999999995,False,Tgm2
Medium Spiny Neurons,0.00087934115,0.0095473435,0.557,0.443,0.443,0.3233333333333333,False,Tgm2
Endothelial Cells,0.0027758454,0.03038418,0.537,0.463,0.463,0.3373,False,Tgm2
Oligodendrocytes,-0.0005678071,0.010351227,0.487,0.513,0.487,0.3509090909090909,False,Tgm2
GABAergic Neurons,-0.0014596956,0.019489264,0.493,0.507,0.493,0.36274999999999996,False,Tgm2
Oligodendrocyte Precursor Cells,0.013303517,0.011516464,0.877,0.123,0.123,0.123,False,Tjp1
Neurons,0.010746611,0.013738836,0.781,0.219,0.219,0.17099999999999999,False,Tjp1
Endocrine Cells,0.010967788,0.028006785,0.657,0.343,0.343,0.22833333333333336,False,Tjp1
Excitatory Neurons,0.005032184,0.012532271,0.654,0.346,0.346,0.25775000000000003,False,Tjp1
Medium Spiny Neurons,0.0035186112,0.009525382,0.653,0.347,0.347,0.2756,False,Tjp1
Astrocytes,0.0046429555,0.016478747,0.637,0.363,0.363,0.2901666666666667,False,Tjp1
Neural Stem Cells,0.0048156315,0.021315401,0.594,0.406,0.406,0.3067142857142858,False,Tjp1
Microglia,-0.0028012784,0.01821771,0.429,0.571,0.429,0.322,False,Tjp1
Myocytes,-0.0038619072,0.018769601,0.429,0.571,0.429,0.3338888888888889,False,Tjp1
Endothelial Cells,-0.004718219,0.030452196,0.445,0.555,0.445,0.345,False,Tjp1
Oligodendrocytes,-0.001800564,0.010132242,0.447,0.553,0.447,0.35427272727272724,False,Tjp1
GABAergic Neurons,-0.00085512403,0.019599434,0.503,0.497,0.497,0.3661666666666667,False,Tjp1
Oligodendrocyte Precursor Cells,0.013362237,0.011505813,0.879,0.121,0.121,0.121,False,Tlcd1
Neurons,0.009614378,0.013796824,0.757,0.243,0.243,0.182,False,Tlcd1
Myocytes,0.0074212905,0.018725598,0.649,0.351,0.351,0.2383333333333333,False,Tlcd1
Excitatory Neurons,0.0046044015,0.012465333,0.642,0.358,0.358,0.26825,False,Tlcd1
Endothelial Cells,-0.009078447,0.031003991,0.393,0.607,0.393,0.2932,False,Tlcd1
Astrocytes,-0.004670711,0.016646156,0.4,0.6,0.4,0.311,False,Tlcd1
Endocrine Cells,0.0051115667,0.027754718,0.577,0.423,0.423,0.327,False,Tlcd1
Medium Spiny Neurons,0.0013525981,0.009579822,0.57,0.43,0.43,0.33987500000000004,False,Tlcd1
Microglia,-0.0020663613,0.018078618,0.444,0.556,0.444,0.35144444444444445,False,Tlcd1
Neural Stem Cells,-0.001506694,0.021467673,0.458,0.542,0.458,0.36210000000000003,False,Tlcd1
Oligodendrocytes,-0.0009835286,0.010339256,0.474,0.526,0.474,0.3722727272727273,False,Tlcd1
GABAergic Neurons,-0.0011317243,0.019504655,0.499,0.501,0.499,0.38283333333333336,False,Tlcd1
Myocytes,0.036543775,0.018879,0.973,0.027,0.027,0.027,True,Tmem176a
Endocrine Cells,0.040500496,0.02905735,0.918,0.082,0.082,0.0545,False,Tmem176a
Oligodendrocyte Precursor Cells,0.013916708,0.011552587,0.888,0.112,0.112,0.07366666666666667,False,Tmem176a
Neurons,0.009877716,0.013737836,0.764,0.236,0.236,0.11424999999999999,False,Tmem176a
Neural Stem Cells,0.010546213,0.021433357,0.689,0.311,0.311,0.15360000000000001,False,Tmem176a
Astrocytes,0.0060533094,0.016374022,0.661,0.339,0.339,0.1845,False,Tmem176a
Excitatory Neurons,0.0050469097,0.012445812,0.654,0.346,0.346,0.20757142857142855,False,Tmem176a
Microglia,0.0049468675,0.01829942,0.61,0.39,0.39,0.230375,False,Tmem176a
Endothelial Cells,-0.008102177,0.030952696,0.4,0.6,0.4,0.2492222222222222,False,Tmem176a
Medium Spiny Neurons,0.0016154951,0.009551255,0.585,0.415,0.415,0.2658,False,Tmem176a
GABAergic Neurons,-0.0016207726,0.019517992,0.491,0.509,0.491,0.2862727272727273,False,Tmem176a
Oligodendrocytes,-6.673177e-05,0.010348034,0.509,0.491,0.491,0.30333333333333334,False,Tmem176a
Oligodendrocyte Precursor Cells,0.013840463,0.01146156,0.889,0.111,0.111,0.111,False,Tnfrsf1a
Neurons,0.009941152,0.013807914,0.764,0.236,0.236,0.1735,False,Tnfrsf1a
Astrocytes,0.006006413,0.016393043,0.659,0.341,0.341,0.2293333333333333,False,Tnfrsf1a
Excitatory Neurons,0.0048633097,0.01243937,0.653,0.347,0.347,0.25875,False,Tnfrsf1a
Endothelial Cells,-0.008365178,0.030843025,0.399,0.601,0.399,0.2868,False,Tnfrsf1a
Medium Spiny Neurons,0.0011769041,0.009548316,0.564,0.436,0.436,0.31166666666666665,False,Tnfrsf1a
Neural Stem Cells,0.0007716466,0.021465313,0.514,0.486,0.486,0.3365714285714286,False,Tnfrsf1a
Myocytes,-0.00055402756,0.018753402,0.509,0.491,0.491,0.355875,False,Tnfrsf1a
Oligodendrocytes,-0.00012340276,0.01035135,0.507,0.493,0.493,0.3711111111111111,False,Tnfrsf1a
Endocrine Cells,-0.0008064197,0.028032528,0.499,0.501,0.499,0.3839,False,Tnfrsf1a
GABAergic Neurons,-0.0011141245,0.019480804,0.499,0.501,0.499,0.39436363636363636,False,Tnfrsf1a
Microglia,0.001034651,0.018325008,0.5,0.5,0.5,0.4031666666666667,False,Tnfrsf1a
Endocrine Cells,-0.07473486,0.027777417,0.003,0.997,0.003,0.003,True,Tnr
Myocytes,0.03660672,0.018846825,0.973,0.027,0.027,0.015,True,Tnr
Neurons,0.008282101,0.013363567,0.73,0.27,0.27,0.10000000000000002,False,Tnr
Oligodendrocyte Precursor Cells,0.0040560085,0.0127662765,0.631,0.369,0.369,0.16725,False,Tnr
Medium Spiny Neurons,0.0025331136,0.009512709,0.62,0.38,0.38,0.2098,False,Tnr
Astrocytes,0.0034655514,0.016402718,0.606,0.394,0.394,0.24050000000000002,False,Tnr
Endothelial Cells,-0.008780603,0.030989861,0.395,0.605,0.395,0.26257142857142857,False,Tnr
Excitatory Neurons,0.00228218,0.012961266,0.568,0.432,0.432,0.28375,False,Tnr
Neural Stem Cells,-0.0018426423,0.021352386,0.453,0.547,0.453,0.3025555555555555,False,Tnr
Microglia,-0.001500336,0.018170979,0.459,0.541,0.459,0.3182,False,Tnr
GABAergic Neurons,-0.002479443,0.020176167,0.472,0.528,0.472,0.3321818181818182,False,Tnr
Oligodendrocytes,-0.0009814044,0.010128159,0.474,0.526,0.474,0.34400000000000003,False,Tnr
Myocytes,-0.13245185,0.019129034,0.0,1.0,0.0,0.0,True,Tsc22d3
Astrocytes,0.037059017,0.01733796,0.98,0.02,0.02,0.01,True,Tsc22d3
Oligodendrocyte Precursor Cells,0.019962005,0.011618457,0.961,0.039,0.039,0.019666666666666666,True,Tsc22d3
Neurons,0.016899632,0.013424455,0.9,0.1,0.1,0.03975,True,Tsc22d3
Endocrine Cells,0.03270216,0.028460411,0.874,0.126,0.126,0.05700000000000001,False,Tsc22d3
Endothelial Cells,0.024331426,0.029879062,0.785,0.215,0.215,0.08333333333333333,False,Tsc22d3
Excitatory Neurons,0.007319332,0.012670109,0.72,0.28,0.28,0.11142857142857143,False,Tsc22d3
Neural Stem Cells,-0.010981803,0.020852938,0.288,0.712,0.288,0.1335,False,Tsc22d3
Oligodendrocytes,-0.004835493,0.009556575,0.324,0.676,0.324,0.15466666666666667,False,Tsc22d3
Medium Spiny Neurons,0.003441207,0.009522838,0.651,0.349,0.349,0.1741,False,Tsc22d3
Microglia,0.006417532,0.0184397,0.638,0.362,0.362,0.1911818181818182,False,Tsc22d3
GABAergic Neurons,0.0034622028,0.019987026,0.581,0.419,0.419,0.2101666666666667,False,Tsc22d3
Myocytes,0.032029513,0.018881975,0.959,0.041,0.041,0.041,True,Tsc22d4
Oligodendrocyte Precursor Cells,0.016947543,0.011611778,0.93,0.07,0.07,0.05550000000000001,False,Tsc22d4
Neurons,0.011183087,0.013720771,0.792,0.208,0.208,0.10633333333333334,False,Tsc22d4
Excitatory Neurons,0.005449153,0.012491612,0.661,0.339,0.339,0.1645,False,Tsc22d4
Endocrine Cells,0.009467175,0.027905483,0.642,0.358,0.358,0.2032,False,Tsc22d4
Medium Spiny Neurons,0.0031064209,0.009563498,0.641,0.359,0.359,0.22916666666666666,False,Tsc22d4
Astrocytes,0.0036570744,0.016671253,0.611,0.389,0.389,0.252,False,Tsc22d4
Endothelial Cells,-0.0077081397,0.030853726,0.403,0.597,0.403,0.270875,False,Tsc22d4
Microglia,-0.002577031,0.018363938,0.434,0.566,0.434,0.289,False,Tsc22d4
Neural Stem Cells,0.0023836265,0.021182109,0.545,0.455,0.455,0.3056,False,Tsc22d4
Oligodendrocytes,0.00024885804,0.0098436335,0.517,0.483,0.483,0.32172727272727275,False,Tsc22d4
GABAergic Neurons,-0.00082590856,0.019593611,0.503,0.497,0.497,0.3363333333333334,False,Tsc22d4
Myocytes,0.03298407,0.018806135,0.963,0.037,0.037,0.037,True,Tubb2b
Oligodendrocyte Precursor Cells,0.0185577,0.011636814,0.947,0.053,0.053,0.045,True,Tubb2b
Neural Stem Cells,0.02911705,0.020605747,0.913,0.087,0.087,0.059,False,Tubb2b
Neurons,0.009969037,0.013712345,0.766,0.234,0.234,0.10275000000000001,False,Tubb2b
Excitatory Neurons,0.0052877176,0.012511304,0.656,0.344,0.344,0.151,False,Tubb2b
Endocrine Cells,0.007931674,0.027750436,0.616,0.384,0.384,0.18983333333333333,False,Tubb2b
Medium Spiny Neurons,0.0023836608,0.009557535,0.611,0.389,0.389,0.21828571428571428,False,Tubb2b
Astrocytes,0.0031917272,0.016590785,0.6,0.4,0.4,0.241,False,Tubb2b
Endothelial Cells,-0.007584691,0.030925114,0.406,0.594,0.406,0.25933333333333336,False,Tubb2b
Microglia,-0.000690194,0.018162372,0.473,0.527,0.473,0.2807,False,Tubb2b
Oligodendrocytes,0.00039744447,0.0102687385,0.522,0.478,0.478,0.29863636363636364,False,Tubb2b
GABAergic Neurons,-0.0015445139,0.019600844,0.492,0.508,0.492,0.31475000000000003,False,Tubb2b
Endocrine Cells,0.17202191,0.029409084,1.0,0.0,0.0,0.0,True,Txnip
Myocytes,-0.12949453,0.018952355,0.0,1.0,0.0,0.0,True,Txnip
Oligodendrocyte Precursor Cells,0.013735115,0.011271659,0.892,0.108,0.108,0.036,True,Txnip
Neurons,0.01041424,0.013798754,0.771,0.229,0.229,0.08425,False,Txnip
Astrocytes,0.01123473,0.016520089,0.757,0.243,0.243,0.11600000000000002,False,Txnip
Excitatory Neurons,0.0052448907,0.012440436,0.655,0.345,0.345,0.15416666666666667,False,Txnip
Microglia,-0.005885179,0.018465748,0.373,0.627,0.373,0.18542857142857144,False,Txnip
Medium Spiny Neurons,0.0018232246,0.009548908,0.591,0.409,0.409,0.213375,False,Txnip
Neural Stem Cells,0.0033851077,0.021129463,0.568,0.432,0.432,0.2376666666666667,False,Txnip
Oligodendrocytes,0.00084719603,0.01029428,0.539,0.461,0.461,0.26,False,Txnip
Endothelial Cells,-0.001564494,0.03057316,0.482,0.518,0.482,0.28018181818181814,False,Txnip
GABAergic Neurons,-0.0006405799,0.019486131,0.505,0.495,0.495,0.2980833333333333,False,Txnip
Oligodendrocytes,-0.058486134,0.010102731,0.0,1.0,0.0,0.0,True,Ugt8a
Oligodendrocyte Precursor Cells,0.011300376,0.0117817465,0.829,0.171,0.171,0.0855,False,Ugt8a
Neurons,0.008358008,0.013775437,0.728,0.272,0.272,0.1476666666666667,False,Ugt8a
Medium Spiny Neurons,0.0037823224,0.009585028,0.66,0.34,0.34,0.19575000000000004,False,Ugt8a
Endothelial Cells,-0.01038949,0.031036297,0.376,0.624,0.376,0.23180000000000006,False,Ugt8a
Excitatory Neurons,0.003915436,0.012467508,0.618,0.382,0.382,0.2568333333333334,False,Ugt8a
Microglia,-0.0038184589,0.018092385,0.41,0.59,0.41,0.27871428571428575,False,Ugt8a
Astrocytes,0.002407655,0.016267247,0.58,0.42,0.42,0.29637500000000006,False,Ugt8a
Myocytes,-0.0023575122,0.018728405,0.464,0.536,0.464,0.31500000000000006,False,Ugt8a
Neural Stem Cells,0.0019779901,0.021449937,0.535,0.465,0.465,0.33,False,Ugt8a
Endocrine Cells,-0.0015022635,0.027774552,0.487,0.513,0.487,0.3442727272727273,False,Ugt8a
GABAergic Neurons,-0.00088005146,0.019585298,0.502,0.498,0.498,0.35708333333333336,False,Ugt8a
Oligodendrocyte Precursor Cells,0.012836513,0.0115460325,0.869,0.131,0.131,0.131,False,Utrn
Neurons,0.008310478,0.0136188185,0.728,0.272,0.272,0.2015,False,Utrn
Endothelial Cells,-0.014900866,0.029968612,0.306,0.694,0.306,0.23633333333333337,False,Utrn
Neural Stem Cells,-0.008957583,0.021174004,0.327,0.673,0.327,0.259,False,Utrn
Excitatory Neurons,0.0038784654,0.012534197,0.616,0.384,0.384,0.284,False,Utrn
Astrocytes,0.0037179845,0.016514031,0.613,0.387,0.387,0.30116666666666664,False,Utrn
Myocytes,0.0042866315,0.018851178,0.59,0.41,0.41,0.3167142857142857,False,Utrn
Endocrine Cells,0.005238101,0.028097933,0.578,0.422,0.422,0.32987500000000003,False,Utrn
Medium Spiny Neurons,0.00089382555,0.009483418,0.557,0.443,0.443,0.3424444444444445,False,Utrn
Microglia,-0.0017656481,0.018187309,0.453,0.547,0.453,0.35350000000000004,False,Utrn
Oligodendrocytes,-0.00042422456,0.010241765,0.491,0.509,0.491,0.366,False,Utrn
GABAergic Neurons,-0.0012883956,0.019908667,0.496,0.504,0.496,0.37683333333333335,False,Utrn
Endocrine Cells,-0.06552568,0.028070724,0.004,0.996,0.004,0.004,True,Vamp3
Oligodendrocytes,-0.008826026,0.009559233,0.169,0.831,0.169,0.08650000000000001,False,Vamp3
Oligodendrocyte Precursor Cells,0.01090899,0.011708944,0.82,0.18,0.18,0.11766666666666666,False,Vamp3
Neurons,0.009549569,0.013624757,0.758,0.242,0.242,0.14875,False,Vamp3
Myocytes,-0.009468669,0.018871829,0.312,0.688,0.312,0.1814,False,Vamp3
Endothelial Cells,-0.011230598,0.030474773,0.359,0.641,0.359,0.211,False,Vamp3
Astrocytes,0.0034269853,0.016523961,0.604,0.396,0.396,0.2374285714285714,False,Vamp3
Excitatory Neurons,0.0034175806,0.012574253,0.601,0.399,0.399,0.257625,False,Vamp3
Microglia,-0.0032536713,0.018358894,0.424,0.576,0.424,0.2761111111111111,False,Vamp3
Medium Spiny Neurons,0.0014108904,0.0095047755,0.574,0.426,0.426,0.2911,False,Vamp3
Neural Stem Cells,-0.0020861703,0.021093177,0.449,0.551,0.449,0.3054545454545454,False,Vamp3
GABAergic Neurons,-0.0014589651,0.0196926,0.493,0.507,0.493,0.32108333333333333,False,Vamp3
Myocytes,0.0371201,0.01882369,0.976,0.024,0.024,0.024,True,Vcam1
Oligodendrocyte Precursor Cells,0.01270417,0.011295839,0.872,0.128,0.128,0.076,False,Vcam1
Neurons,0.009384656,0.013800802,0.755,0.245,0.245,0.13233333333333333,False,Vcam1
Endocrine Cells,0.011314763,0.02783065,0.663,0.337,0.337,0.1835,False,Vcam1
Excitatory Neurons,0.0047303396,0.012442162,0.649,0.351,0.351,0.217,False,Vcam1
Medium Spiny Neurons,0.0011251374,0.009542128,0.563,0.437,0.437,0.25366666666666665,False,Vcam1
Astrocytes,0.0012476841,0.016476221,0.553,0.447,0.447,0.2812857142857143,False,Vcam1
Microglia,-0.001025135,0.018082077,0.467,0.533,0.467,0.3045,False,Vcam1
Endothelial Cells,-0.001968054,0.030757314,0.476,0.524,0.476,0.32355555555555554,False,Vcam1
Neural Stem Cells,-0.00089413486,0.021512538,0.477,0.523,0.477,0.3389,False,Vcam1
Oligodendrocytes,-0.0008542855,0.010349619,0.477,0.523,0.477,0.3514545454545454,False,Vcam1
GABAergic Neurons,-0.0015265803,0.019490616,0.492,0.508,0.492,0.36316666666666664,False,Vcam1
Oligodendrocyte Precursor Cells,0.015995052,0.011399398,0.921,0.079,0.079,0.079,False,Vcl
Myocytes,-0.02375285,0.018841946,0.105,0.895,0.105,0.092,False,Vcl
Neurons,0.011522202,0.0137410695,0.798,0.202,0.202,0.12866666666666668,False,Vcl
Astrocytes,0.010273125,0.016857237,0.74,0.26,0.26,0.1615,False,Vcl
Medium Spiny Neurons,0.004526483,0.009513107,0.697,0.303,0.303,0.18980000000000002,False,Vcl
Neural Stem Cells,0.011095681,0.021301618,0.695,0.305,0.305,0.209,False,Vcl
Excitatory Neurons,0.005372641,0.012493263,0.659,0.341,0.341,0.22785714285714284,False,Vcl
Endocrine Cells,0.008812142,0.028074868,0.632,0.368,0.368,0.245375,False,Vcl
Endothelial Cells,-0.0065892763,0.030642143,0.415,0.585,0.415,0.26422222222222225,False,Vcl
Oligodendrocytes,0.0016693921,0.010320636,0.573,0.427,0.427,0.2805,False,Vcl
GABAergic Neurons,-0.00028007585,0.019627761,0.51,0.49,0.49,0.29954545454545456,False,Vcl
Microglia,0.00034679106,0.01812279,0.492,0.508,0.492,0.3155833333333333,False,Vcl
Oligodendrocyte Precursor Cells,0.019017957,0.011685431,0.952,0.048,0.048,0.048,True,Vegfa
Myocytes,0.02354055,0.018994251,0.89,0.11,0.11,0.079,False,Vegfa
Oligodendrocytes,0.008111674,0.010214427,0.788,0.212,0.212,0.12333333333333334,False,Vegfa
Neurons,0.010346167,0.013744493,0.77,0.23,0.23,0.15,False,Vegfa
Neural Stem Cells,0.0153969275,0.021234913,0.76,0.24,0.24,0.16799999999999998,False,Vegfa
Medium Spiny Neurons,0.0035272695,0.009564842,0.653,0.347,0.347,0.1978333333333333,False,Vegfa
Excitatory Neurons,0.004833086,0.012493197,0.651,0.349,0.349,0.2194285714285714,False,Vegfa
Endocrine Cells,0.0069746654,0.027825817,0.605,0.395,0.395,0.24137499999999998,False,Vegfa
Endothelial Cells,-0.008478178,0.031016737,0.398,0.602,0.398,0.2587777777777778,False,Vegfa
Astrocytes,-0.0037398115,0.016732158,0.426,0.574,0.426,0.27549999999999997,False,Vegfa
Microglia,3.6236408e-05,0.018096985,0.488,0.512,0.488,0.2948181818181818,False,Vegfa
GABAergic Neurons,-0.000886184,0.019623697,0.502,0.498,0.498,0.31174999999999997,False,Vegfa
Myocytes,0.10091417,0.019097272,1.0,0.0,0.0,0.0,True,Vtn
Oligodendrocyte Precursor Cells,0.0137855075,0.011251321,0.894,0.106,0.106,0.053,False,Vtn
Neurons,0.010383172,0.01381162,0.77,0.23,0.23,0.112,False,Vtn
Astrocytes,0.007120789,0.016343433,0.687,0.313,0.313,0.16225,False,Vtn
Excitatory Neurons,0.005082253,0.012434689,0.654,0.346,0.346,0.199,False,Vtn
Medium Spiny Neurons,0.002494382,0.0095504215,0.619,0.381,0.381,0.2293333333333333,False,Vtn
Endocrine Cells,0.006638918,0.027805563,0.602,0.398,0.398,0.25342857142857145,False,Vtn
Endothelial Cells,-0.007815164,0.029929746,0.4,0.6,0.4,0.27175,False,Vtn
Neural Stem Cells,0.002517574,0.021536862,0.547,0.453,0.453,0.29188888888888886,False,Vtn
Microglia,-0.0006936168,0.018078178,0.472,0.528,0.472,0.30989999999999995,False,Vtn
GABAergic Neurons,-0.0009319956,0.019476308,0.502,0.498,0.498,0.32699999999999996,False,Vtn
Oligodendrocytes,-0.000289457,0.010362148,0.498,0.502,0.498,0.34125,False,Vtn
Oligodendrocyte Precursor Cells,0.013290095,0.011233445,0.886,0.114,0.114,0.114,False,Vwf
Neurons,0.009584847,0.013821304,0.757,0.243,0.243,0.1785,False,Vwf
Excitatory Neurons,0.0048043802,0.012430004,0.65,0.35,0.35,0.23566666666666666,False,Vwf
Endocrine Cells,0.008550746,0.027804717,0.63,0.37,0.37,0.26925,False,Vwf
Astrocytes,0.0041597397,0.016227143,0.628,0.372,0.372,0.28979999999999995,False,Vwf
Endothelial Cells,-0.006904893,0.03057916,0.41,0.59,0.41,0.3098333333333333,False,Vwf
Myocytes,0.002983483,0.01870893,0.568,0.432,0.432,0.3272857142857143,False,Vwf
Neural Stem Cells,0.0032342495,0.021573694,0.565,0.435,0.435,0.34075,False,Vwf
Medium Spiny Neurons,0.0011150589,0.009552823,0.562,0.438,0.438,0.35155555555555557,False,Vwf
Microglia,-0.0014067043,0.01805825,0.461,0.539,0.461,0.3625,False,Vwf
Oligodendrocytes,-0.0005475214,0.010371209,0.488,0.512,0.488,0.37390909090909086,False,Vwf
GABAergic Neurons,-0.0012698385,0.019471744,0.496,0.504,0.496,0.38408333333333333,False,Vwf
Oligodendrocyte Precursor Cells,0.010989217,0.011833523,0.82,0.18,0.18,0.18,False,Vxn
Neurons,0.010513664,0.013798608,0.775,0.225,0.225,0.2025,False,Vxn
Astrocytes,0.0042489506,0.016260674,0.631,0.369,0.369,0.258,False,Vxn
Myocytes,0.0053045703,0.018718077,0.605,0.395,0.395,0.29225,False,Vxn
Endothelial Cells,-0.0073477696,0.031013401,0.408,0.592,0.408,0.3154,False,Vxn
Neural Stem Cells,0.004386139,0.021524461,0.585,0.415,0.415,0.332,False,Vxn
Endocrine Cells,0.0050000492,0.02771958,0.575,0.425,0.425,0.34528571428571425,False,Vxn
Microglia,-0.002878318,0.018136937,0.427,0.573,0.427,0.3555,False,Vxn
Oligodendrocytes,-0.0014748189,0.010278442,0.458,0.542,0.458,0.3668888888888889,False,Vxn
Excitatory Neurons,-0.0013719621,0.013118945,0.462,0.538,0.462,0.3764,False,Vxn
Medium Spiny Neurons,-2.8444601e-05,0.009583775,0.516,0.484,0.484,0.3861818181818182,False,Vxn
GABAergic Neurons,-0.0015146397,0.019607961,0.492,0.508,0.492,0.395,False,Vxn
Endocrine Cells,0.080538996,0.028546888,0.996,0.004,0.004,0.004,True,Xist
Myocytes,0.037850823,0.01893496,0.981,0.019,0.019,0.0115,True,Xist
Medium Spiny Neurons,-0.009919668,0.009544238,0.144,0.856,0.144,0.05566666666666666,False,Xist
Oligodendrocytes,-0.005535584,0.010298913,0.308,0.692,0.308,0.11875,False,Xist
Oligodendrocyte Precursor Cells,0.005415297,0.011465485,0.686,0.314,0.314,0.1578,False,Xist
Neurons,0.006164665,0.013747666,0.677,0.323,0.323,0.18533333333333332,False,Xist
Endothelial Cells,-0.012796346,0.031015921,0.344,0.656,0.344,0.208,False,Xist
GABAergic Neurons,-0.0066810446,0.019598724,0.378,0.622,0.378,0.22925,False,Xist
Microglia,-0.0044595907,0.018102977,0.396,0.604,0.396,0.24777777777777776,False,Xist
Astrocytes,-0.0046818033,0.016300974,0.398,0.602,0.398,0.26280000000000003,False,Xist
Neural Stem Cells,0.0022847657,0.02121606,0.542,0.458,0.458,0.2805454545454546,False,Xist
Excitatory Neurons,-0.00035554142,0.012526967,0.497,0.503,0.497,0.29858333333333337,False,Xist
Endocrine Cells,0.112428404,0.030190403,1.0,0.0,0.0,0.0,True,Ywhaz
Myocytes,0.04328805,0.01933684,0.99,0.01,0.01,0.005,True,Ywhaz
Neural Stem Cells,-0.02847756,0.018670978,0.074,0.926,0.074,0.027999999999999997,True,Ywhaz
Oligodendrocyte Precursor Cells,0.012409015,0.011898756,0.848,0.152,0.152,0.059,False,Ywhaz
Medium Spiny Neurons,-0.0091298,0.01230379,0.237,0.763,0.237,0.09459999999999999,False,Ywhaz
Astrocytes,0.01149477,0.017576583,0.752,0.248,0.248,0.12016666666666666,False,Ywhaz
GABAergic Neurons,-0.014667014,0.025223188,0.286,0.714,0.286,0.14385714285714285,False,Ywhaz
Microglia,-0.0072616627,0.020208484,0.36,0.64,0.36,0.170875,False,Ywhaz
Endothelial Cells,-0.0069073136,0.028808627,0.407,0.593,0.407,0.19711111111111113,False,Ywhaz
Neurons,-0.0010739864,0.01126831,0.465,0.535,0.465,0.2239,False,Ywhaz
Excitatory Neurons,-0.0016475728,0.017909277,0.466,0.534,0.466,0.2459090909090909,False,Ywhaz
Oligodendrocytes,-0.00090096216,0.010134529,0.474,0.526,0.474,0.2649166666666667,False,Ywhaz
Oligodendrocytes,-0.010239473,0.009104798,0.123,0.877,0.123,0.123,False,Zeb2
Neural Stem Cells,0.022567764,0.020635715,0.86,0.14,0.14,0.1315,False,Zeb2
Oligodendrocyte Precursor Cells,0.012046168,0.011744092,0.842,0.158,0.158,0.14033333333333334,False,Zeb2
Neurons,0.010092334,0.013711195,0.769,0.231,0.231,0.163,False,Zeb2
Endocrine Cells,0.017206077,0.027921386,0.74,0.26,0.26,0.1824,False,Zeb2
Astrocytes,0.0039170505,0.016469,0.62,0.38,0.38,0.21533333333333335,False,Zeb2
Endothelial Cells,-0.009875494,0.030853707,0.383,0.617,0.383,0.2392857142857143,False,Zeb2
Myocytes,0.0051976508,0.018785167,0.602,0.398,0.398,0.259125,False,Zeb2
GABAergic Neurons,-0.0040381434,0.020018978,0.432,0.568,0.432,0.2783333333333333,False,Zeb2
Medium Spiny Neurons,-0.001553966,0.00952542,0.442,0.558,0.442,0.2947,False,Zeb2
Microglia,0.002319358,0.018544061,0.533,0.467,0.467,0.3103636363636364,False,Zeb2
Excitatory Neurons,0.0005765791,0.012845104,0.521,0.479,0.479,0.3244166666666667,False,Zeb2
Myocytes,0.043367866,0.018917704,0.99,0.01,0.01,0.01,True,Zic1
Oligodendrocyte Precursor Cells,0.013297922,0.011353915,0.883,0.117,0.117,0.0635,False,Zic1
Neurons,0.008874361,0.013162975,0.753,0.247,0.247,0.12466666666666666,False,Zic1
Endocrine Cells,0.017286839,0.027768716,0.741,0.259,0.259,0.15825,False,Zic1
Astrocytes,0.0068586264,0.016488196,0.676,0.324,0.324,0.19140000000000001,False,Zic1
Excitatory Neurons,0.0042696274,0.012442104,0.631,0.369,0.369,0.221,False,Zic1
Medium Spiny Neurons,0.0014442111,0.009585741,0.574,0.426,0.426,0.2502857142857143,False,Zic1
Endothelial Cells,-0.0056962734,0.030617932,0.429,0.571,0.429,0.272625,False,Zic1
GABAergic Neurons,-0.0029101055,0.01949863,0.458,0.542,0.458,0.2932222222222223,False,Zic1
Microglia,-0.0012706964,0.018102018,0.462,0.538,0.462,0.31010000000000004,False,Zic1
Oligodendrocytes,-0.000849968,0.010281335,0.477,0.523,0.477,0.3252727272727273,False,Zic1
Neural Stem Cells,4.3721855e-05,0.021481382,0.5,0.5,0.5,0.3398333333333334,False,Zic1
Myocytes,0.05021862,0.018885328,0.998,0.002,0.002,0.002,True,Zic2
Oligodendrocyte Precursor Cells,0.012510357,0.011270658,0.868,0.132,0.132,0.067,False,Zic2
Neurons,0.0096675,0.013664033,0.761,0.239,0.239,0.12433333333333334,False,Zic2
Astrocytes,0.0060681235,0.016406192,0.661,0.339,0.339,0.178,False,Zic2
Excitatory Neurons,0.0042844047,0.012439628,0.632,0.368,0.368,0.21600000000000003,False,Zic2
Endocrine Cells,0.008112259,0.02778527,0.618,0.382,0.382,0.2436666666666667,False,Zic2
Endothelial Cells,-0.004576426,0.030667307,0.446,0.554,0.446,0.2725714285714286,False,Zic2
Medium Spiny Neurons,0.0006119853,0.009550642,0.548,0.452,0.452,0.29500000000000004,False,Zic2
Microglia,-0.00084532605,0.018077793,0.468,0.532,0.468,0.31422222222222224,False,Zic2
GABAergic Neurons,-0.001914717,0.019484783,0.482,0.518,0.482,0.33100000000000007,False,Zic2
Oligodendrocytes,-0.00047901564,0.010345107,0.49,0.51,0.49,0.3454545454545455,False,Zic2
Neural Stem Cells,0.0001911691,0.02150386,0.501,0.499,0.499,0.35825,False,Zic2
Myocytes,-0.05219876,0.01902142,0.001,0.999,0.001,0.001,True,Atf4
Oligodendrocytes,0.022784157,0.009613968,0.99,0.01,0.01,0.0055,True,Atf4
Oligodendrocyte Precursor Cells,0.012923624,0.011802627,0.863,0.137,0.137,0.04933333333333334,True,Atf4
Endocrine Cells,-0.028479015,0.028528646,0.147,0.853,0.147,0.07375000000000001,False,Atf4
Neurons,0.009354924,0.01305853,0.763,0.237,0.237,0.10640000000000001,False,Atf4
Neural Stem Cells,0.014574683,0.020859929,0.753,0.247,0.247,0.12983333333333333,False,Atf4
Medium Spiny Neurons,-0.004117156,0.009478293,0.348,0.652,0.348,0.161,False,Atf4
GABAergic Neurons,-0.006922994,0.021197332,0.381,0.619,0.381,0.1885,False,Atf4
Astrocytes,0.0026230174,0.016609646,0.583,0.417,0.417,0.2138888888888889,False,Atf4
Endothelial Cells,-0.005697885,0.030592304,0.429,0.571,0.429,0.2354,False,Atf4
Excitatory Neurons,0.0022774993,0.013194783,0.567,0.433,0.433,0.25336363636363635,False,Atf4
Microglia,0.00034000562,0.018493984,0.492,0.508,0.492,0.27325,False,Atf4
Oligodendrocyte Precursor Cells,0.016197968,0.0113457935,0.923,0.077,0.077,0.077,False,Ddit3
Myocytes,0.026041532,0.018837513,0.913,0.087,0.087,0.08199999999999999,False,Ddit3
Neurons,0.010228876,0.013742777,0.77,0.23,0.23,0.13133333333333333,False,Ddit3
Oligodendrocytes,0.006398982,0.010238733,0.73,0.27,0.27,0.166,False,Ddit3
Excitatory Neurons,0.0053873397,0.012490532,0.661,0.339,0.339,0.20060000000000003,False,Ddit3
Neural Stem Cells,0.008081126,0.021442305,0.647,0.353,0.353,0.226,False,Ddit3
Astrocytes,0.004395747,0.016264295,0.632,0.368,0.368,0.2462857142857143,False,Ddit3
Endocrine Cells,0.008527501,0.027931334,0.626,0.374,0.374,0.26225000000000004,False,Ddit3
Endothelial Cells,-0.007433845,0.03101976,0.407,0.593,0.407,0.2783333333333334,False,Ddit3
Medium Spiny Neurons,0.0009681563,0.009529427,0.562,0.438,0.438,0.29430000000000006,False,Ddit3
Microglia,-2.537137e-05,0.018112568,0.488,0.512,0.488,0.31190909090909097,False,Ddit3
GABAergic Neurons,-0.0013690112,0.019619664,0.496,0.504,0.496,0.32725000000000004,False,Ddit3
Myocytes,0.07851733,0.019465953,1.0,0.0,0.0,0.0,True,Hspa5
Oligodendrocyte Precursor Cells,0.041356258,0.011811677,1.0,0.0,0.0,0.0,True,Hspa5
Endocrine Cells,-0.089357466,0.029803023,0.003,0.997,0.003,0.001,True,Hspa5
Medium Spiny Neurons,0.015507749,0.009541543,0.945,0.055,0.055,0.0145,True,Hspa5
Excitatory Neurons,0.014291555,0.013096882,0.86,0.14,0.14,0.0396,True,Hspa5
Neurons,0.013788715,0.013018762,0.851,0.149,0.149,0.05783333333333333,False,Hspa5
Oligodendrocytes,0.008570039,0.009622483,0.814,0.186,0.186,0.07614285714285714,False,Hspa5
Neural Stem Cells,0.010841574,0.020646386,0.698,0.302,0.302,0.104375,False,Hspa5
Microglia,0.008848125,0.01878261,0.685,0.315,0.315,0.12777777777777777,False,Hspa5
Astrocytes,0.0071186335,0.01687887,0.677,0.323,0.323,0.1473,False,Hspa5
GABAergic Neurons,0.0037911017,0.020461537,0.586,0.414,0.414,0.17154545454545453,False,Hspa5
Endothelial Cells,-0.0022856616,0.030114595,0.471,0.529,0.471,0.19649999999999998,False,Hspa5
Endocrine Cells,0.06399953,0.028504627,0.986,0.014,0.014,0.014,True,Atf5
Oligodendrocytes,0.019628054,0.010152699,0.97,0.03,0.03,0.022,True,Atf5
Oligodendrocyte Precursor Cells,0.016054006,0.011367052,0.921,0.079,0.079,0.041,True,Atf5
Neurons,0.011442732,0.013713878,0.797,0.203,0.203,0.0815,False,Atf5
Astrocytes,0.007859908,0.016376648,0.697,0.303,0.303,0.1258,False,Atf5
Excitatory Neurons,0.0054073255,0.01250213,0.661,0.339,0.339,0.16133333333333333,False,Atf5
Medium Spiny Neurons,0.0028023734,0.009534573,0.632,0.368,0.368,0.19085714285714284,False,Atf5
Myocytes,-0.0060409172,0.01888251,0.37,0.63,0.37,0.21325,False,Atf5
Neural Stem Cells,0.0050999857,0.021139523,0.599,0.401,0.401,0.23411111111111113,False,Atf5
Endothelial Cells,-0.0056147794,0.03080468,0.431,0.569,0.431,0.2538,False,Atf5
Microglia,0.002286022,0.01816188,0.533,0.467,0.467,0.2731818181818182,False,Atf5
GABAergic Neurons,-0.00058070436,0.019785266,0.505,0.495,0.495,0.2916666666666667,False,Atf5
Oligodendrocyte Precursor Cells,0.013960642,0.0112916585,0.895,0.105,0.105,0.105,False,Mtf1
Neurons,0.009384388,0.013791453,0.755,0.245,0.245,0.175,False,Mtf1
Excitatory Neurons,0.0047916784,0.0124949785,0.65,0.35,0.35,0.2333333333333333,False,Mtf1
Astrocytes,0.0042290064,0.016247554,0.631,0.369,0.369,0.26725,False,Mtf1
Endothelial Cells,-0.007428641,0.031032188,0.407,0.593,0.407,0.2952,False,Mtf1
Oligodendrocytes,-0.0021788795,0.0102580795,0.437,0.563,0.437,0.31883333333333336,False,Mtf1
Myocytes,0.001968877,0.01871783,0.552,0.448,0.448,0.3372857142857143,False,Mtf1
Neural Stem Cells,0.0026531792,0.021490188,0.552,0.448,0.448,0.351125,False,Mtf1
Microglia,-0.0015305069,0.01808335,0.457,0.543,0.457,0.36288888888888887,False,Mtf1
Medium Spiny Neurons,0.00029115274,0.009568213,0.535,0.465,0.465,0.3731,False,Mtf1
Endocrine Cells,-0.0016325573,0.027780341,0.485,0.515,0.485,0.38327272727272726,False,Mtf1
GABAergic Neurons,-0.0014670053,0.019546624,0.493,0.507,0.493,0.3924166666666667,False,Mtf1
Oligodendrocyte Precursor Cells,0.013827514,0.0112361275,0.894,0.106,0.106,0.106,False,Mt1
Neurons,0.010109039,0.013814385,0.767,0.233,0.233,0.1695,False,Mt1
Endocrine Cells,0.013424849,0.02791067,0.695,0.305,0.305,0.21466666666666667,False,Mt1
Astrocytes,0.006385312,0.016464703,0.667,0.333,0.333,0.24425000000000002,False,Mt1
Excitatory Neurons,0.0051773237,0.012434149,0.655,0.345,0.345,0.2644,False,Mt1
Neural Stem Cells,0.005965657,0.021456907,0.616,0.384,0.384,0.2843333333333333,False,Mt1
Endothelial Cells,-0.007573605,0.031080075,0.406,0.594,0.406,0.3017142857142857,False,Mt1
Medium Spiny Neurons,0.0013809147,0.009551618,0.57,0.43,0.43,0.31775000000000003,False,Mt1
Oligodendrocytes,0.0011439449,0.010350626,0.555,0.445,0.445,0.3318888888888889,False,Mt1
Myocytes,0.00081292575,0.018719152,0.528,0.472,0.472,0.3459,False,Mt1
Microglia,-0.0003938527,0.01806847,0.48,0.52,0.48,0.35809090909090907,False,Mt1
GABAergic Neurons,-0.00094581215,0.01947887,0.502,0.498,0.498,0.36975,False,Mt1
Endocrine Cells,0.28862414,0.031099603,1.0,0.0,0.0,0.0,True,Mt2
Myocytes,0.12627068,0.01919455,1.0,0.0,0.0,0.0,True,Mt2
Oligodendrocytes,0.0510629,0.010094869,1.0,0.0,0.0,0.0,True,Mt2
Medium Spiny Neurons,0.030949496,0.009616775,0.999,0.001,0.001,0.00025,True,Mt2
Neurons,0.033820864,0.012815212,0.996,0.004,0.004,0.001,True,Mt2
Oligodendrocyte Precursor Cells,0.031921886,0.01182034,0.995,0.005,0.005,0.0016666666666666668,True,Mt2
Astrocytes,0.045617472,0.019257944,0.988,0.012,0.012,0.0031428571428571426,True,Mt2
Microglia,0.026585681,0.01929101,0.914,0.086,0.086,0.013499999999999998,True,Mt2
Excitatory Neurons,0.013961078,0.012974998,0.855,0.145,0.145,0.02811111111111111,True,Mt2
Endothelial Cells,0.027473697,0.028985422,0.83,0.17,0.17,0.042300000000000004,True,Mt2
GABAergic Neurons,0.012701432,0.020356616,0.723,0.277,0.277,0.06363636363636364,False,Mt2
Neural Stem Cells,0.0031697298,0.01818348,0.575,0.425,0.425,0.09375,False,Mt2
Myocytes,-0.03249095,0.019079257,0.049,0.951,0.049,0.049,True,Sod2
Endocrine Cells,-0.032885514,0.028103547,0.109,0.891,0.109,0.079,False,Sod2
Oligodendrocyte Precursor Cells,0.013815705,0.01173097,0.884,0.116,0.116,0.09133333333333334,False,Sod2
Medium Spiny Neurons,-0.008068521,0.009483767,0.2,0.8,0.2,0.11850000000000001,False,Sod2
Neurons,0.009528322,0.013056911,0.767,0.233,0.233,0.14140000000000003,False,Sod2
Endothelial Cells,-0.010265069,0.030613868,0.376,0.624,0.376,0.18050000000000002,False,Sod2
Neural Stem Cells,-0.005899979,0.021134852,0.38,0.62,0.38,0.20900000000000002,False,Sod2
Astrocytes,0.0034261614,0.016710548,0.603,0.397,0.397,0.2325,False,Sod2
GABAergic Neurons,-0.0038197343,0.02063985,0.441,0.559,0.441,0.2556666666666667,False,Sod2
Microglia,-0.0016671018,0.018327799,0.453,0.547,0.453,0.2754,False,Sod2
Oligodendrocytes,0.0005768274,0.009921922,0.527,0.473,0.473,0.2933636363636363,False,Sod2
Excitatory Neurons,0.0005931468,0.013093936,0.521,0.479,0.479,0.30883333333333335,False,Sod2
Myocytes,0.030453544,0.018927883,0.946,0.054,0.054,0.054,False,Hif1a
Endocrine Cells,-0.032680746,0.028094027,0.11,0.89,0.11,0.082,False,Hif1a
Oligodendrocyte Precursor Cells,0.01256489,0.011748366,0.853,0.147,0.147,0.10366666666666667,False,Hif1a
Neurons,0.009187437,0.013458253,0.757,0.243,0.243,0.1385,False,Hif1a
Neural Stem Cells,0.0073247994,0.02108366,0.638,0.362,0.362,0.1832,False,Hif1a
Endothelial Cells,-0.008693366,0.030708212,0.395,0.605,0.395,0.2185,False,Hif1a
Excitatory Neurons,0.003482498,0.012721448,0.602,0.398,0.398,0.24414285714285716,False,Hif1a
Microglia,0.0032080093,0.018365996,0.56,0.44,0.44,0.268625,False,Hif1a
GABAergic Neurons,-0.0024485178,0.020010084,0.473,0.527,0.473,0.29133333333333333,False,Hif1a
Medium Spiny Neurons,-0.00060300494,0.009508795,0.49,0.51,0.49,0.31120000000000003,False,Hif1a
Oligodendrocytes,-0.00042474136,0.010012621,0.491,0.509,0.491,0.3275454545454546,False,Hif1a
Astrocytes,-0.0007975425,0.016593222,0.496,0.504,0.496,0.34158333333333335,False,Hif1a
Myocytes,-0.10808718,0.018790051,0.0,1.0,0.0,0.0,True,Hk2
Oligodendrocyte Precursor Cells,0.013233921,0.011227619,0.884,0.116,0.116,0.058,False,Hk2
Neurons,0.009393844,0.013816676,0.755,0.245,0.245,0.12033333333333333,False,Hk2
Excitatory Neurons,0.004786311,0.012433441,0.65,0.35,0.35,0.17775,False,Hk2
Astrocytes,0.0041588573,0.016210664,0.628,0.372,0.372,0.2166,False,Hk2
Endothelial Cells,-0.008323826,0.031080727,0.399,0.601,0.399,0.247,False,Hk2
Endocrine Cells,-0.0043194387,0.027818993,0.441,0.559,0.441,0.27471428571428574,False,Hk2
Neural Stem Cells,0.0025029397,0.021568151,0.547,0.453,0.453,0.297,False,Hk2
Medium Spiny Neurons,0.00047959888,0.009552214,0.545,0.455,0.455,0.31455555555555553,False,Hk2
Microglia,-0.00061271543,0.018353228,0.473,0.527,0.473,0.33039999999999997,False,Hk2
GABAergic Neurons,-0.0014601243,0.019472918,0.493,0.507,0.493,0.34518181818181815,False,Hk2
Oligodendrocytes,-0.00029566608,0.010361639,0.497,0.503,0.497,0.3578333333333333,False,Hk2
Myocytes,0.054454107,0.018927619,0.998,0.002,0.002,0.002,True,Pfkl
Oligodendrocyte Precursor Cells,0.014532253,0.011484302,0.9,0.1,0.1,0.051000000000000004,False,Pfkl
Neurons,0.008820523,0.013597973,0.74,0.26,0.26,0.12066666666666666,False,Pfkl
Astrocytes,0.0050174785,0.016439449,0.643,0.357,0.357,0.17975,False,Pfkl
Excitatory Neurons,0.0040533994,0.012745715,0.618,0.382,0.382,0.2202,False,Pfkl
Endothelial Cells,-0.008293842,0.030826226,0.399,0.601,0.399,0.25,False,Pfkl
Neural Stem Cells,-0.004491713,0.021341013,0.408,0.592,0.408,0.2725714285714286,False,Pfkl
Oligodendrocytes,0.0013196479,0.010190582,0.566,0.434,0.434,0.29275,False,Pfkl
Endocrine Cells,0.002721666,0.027953645,0.541,0.459,0.459,0.31122222222222223,False,Pfkl
Medium Spiny Neurons,0.00025402973,0.009525207,0.533,0.467,0.467,0.32680000000000003,False,Pfkl
GABAergic Neurons,-0.0024263873,0.019779406,0.472,0.528,0.472,0.34,False,Pfkl
Microglia,0.0017553535,0.018244138,0.523,0.477,0.477,0.3514166666666667,False,Pfkl
Myocytes,-0.23393637,0.019215943,0.0,1.0,0.0,0.0,True,Ldha
Neural Stem Cells,-0.03865456,0.021139996,0.037,0.963,0.037,0.0185,True,Ldha
Oligodendrocyte Precursor Cells,0.015484565,0.011760239,0.907,0.093,0.093,0.043333333333333335,True,Ldha
Neurons,0.007327982,0.013178555,0.714,0.286,0.286,0.104,False,Ldha
Astrocytes,0.0050340714,0.01667148,0.641,0.359,0.359,0.15499999999999997,False,Ldha
GABAergic Neurons,-0.007485055,0.020207388,0.367,0.633,0.367,0.19033333333333333,False,Ldha
Oligodendrocytes,0.0027786451,0.010054724,0.613,0.387,0.387,0.21842857142857142,False,Ldha
Endocrine Cells,-0.00606785,0.028033415,0.419,0.581,0.419,0.2435,False,Ldha
Endothelial Cells,-0.00540069,0.03035212,0.431,0.569,0.431,0.2643333333333333,False,Ldha
Medium Spiny Neurons,-0.0013142579,0.00949044,0.451,0.549,0.451,0.28300000000000003,False,Ldha
Excitatory Neurons,-0.0014039342,0.013471729,0.462,0.538,0.462,0.2992727272727273,False,Ldha
Microglia,0.000864388,0.018442066,0.498,0.502,0.498,0.31583333333333335,False,Ldha
Oligodendrocyte Precursor Cells,0.014512815,0.01135179,0.901,0.099,0.099,0.099,False,Slc16a1
Myocytes,-0.015028777,0.018759064,0.216,0.784,0.216,0.1575,False,Slc16a1
Neurons,0.009897854,0.0137802325,0.763,0.237,0.237,0.18400000000000002,False,Slc16a1
Excitatory Neurons,0.0053958106,0.0124772005,0.661,0.339,0.339,0.22275,False,Slc16a1
Medium Spiny Neurons,0.0028481947,0.009578785,0.633,0.367,0.367,0.2516,False,Slc16a1
Endothelial Cells,-0.010303109,0.030711511,0.376,0.624,0.376,0.2723333333333333,False,Slc16a1
Astrocytes,0.0032226415,0.016406324,0.6,0.4,0.4,0.29057142857142854,False,Slc16a1
Endocrine Cells,0.0061955685,0.027777651,0.598,0.402,0.402,0.3045,False,Slc16a1
Oligodendrocytes,-0.0028804305,0.010178958,0.412,0.588,0.412,0.3164444444444444,False,Slc16a1
Neural Stem Cells,0.00044374441,0.021417705,0.509,0.491,0.491,0.3339,False,Slc16a1
Microglia,0.00037899724,0.018107733,0.492,0.508,0.492,0.3482727272727273,False,Slc16a1
GABAergic Neurons,-0.00045242297,0.019546898,0.507,0.493,0.493,0.36033333333333334,False,Slc16a1
Myocytes,-0.04407499,0.018744264,0.007,0.993,0.007,0.007,True,Slc16a3
Oligodendrocyte Precursor Cells,0.013630617,0.011226887,0.89,0.11,0.11,0.0585,False,Slc16a3
Neurons,0.00917758,0.013814765,0.749,0.251,0.251,0.12266666666666666,False,Slc16a3
Excitatory Neurons,0.004722035,0.012435794,0.649,0.351,0.351,0.17975,False,Slc16a3
Astrocytes,0.0039900867,0.016192265,0.626,0.374,0.374,0.2186,False,Slc16a3
Endothelial Cells,-0.008236583,0.03109069,0.4,0.6,0.4,0.24883333333333332,False,Slc16a3
Neural Stem Cells,0.0029179153,0.021572147,0.557,0.443,0.443,0.2765714285714286,False,Slc16a3
Microglia,0.0030344687,0.018158643,0.556,0.444,0.444,0.2975,False,Slc16a3
Endocrine Cells,0.0035708286,0.027772637,0.551,0.449,0.449,0.3143333333333333,False,Slc16a3
Medium Spiny Neurons,8.28173e-05,0.009549845,0.523,0.477,0.477,0.33059999999999995,False,Slc16a3
Oligodendrocytes,-0.00059989205,0.010335468,0.487,0.513,0.487,0.3448181818181818,False,Slc16a3
GABAergic Neurons,-0.001626236,0.019476408,0.491,0.509,0.491,0.357,False,Slc16a3
Oligodendrocyte Precursor Cells,0.013631304,0.011225609,0.89,0.11,0.11,0.11,False,Tmem173
Neurons,0.009432804,0.013819188,0.757,0.243,0.243,0.1765,False,Tmem173
Microglia,-0.0107490495,0.018307848,0.285,0.715,0.285,0.21266666666666664,False,Tmem173
Excitatory Neurons,0.004812571,0.012433567,0.651,0.349,0.349,0.24674999999999997,False,Tmem173
Astrocytes,0.004110875,0.016203117,0.628,0.372,0.372,0.2718,False,Tmem173
Myocytes,0.0047958456,0.018709345,0.601,0.399,0.399,0.293,False,Tmem173
Endothelial Cells,-0.008244424,0.031076243,0.4,0.6,0.4,0.3082857142857143,False,Tmem173
Neural Stem Cells,0.0046396013,0.021568391,0.593,0.407,0.407,0.320625,False,Tmem173
Endocrine Cells,0.005610401,0.027781753,0.588,0.412,0.412,0.3307777777777778,False,Tmem173
Medium Spiny Neurons,0.0007972359,0.009552621,0.555,0.445,0.445,0.34219999999999995,False,Tmem173
Oligodendrocytes,-0.0008123489,0.010366557,0.479,0.521,0.479,0.35463636363636364,False,Tmem173
GABAergic Neurons,-0.0012725125,0.019472308,0.496,0.504,0.496,0.36641666666666667,False,Tmem173
Oligodendrocyte Precursor Cells,0.013732392,0.011231725,0.893,0.107,0.107,0.107,False,Ifit1
Neurons,0.00949288,0.013819426,0.757,0.243,0.243,0.175,False,Ifit1
Excitatory Neurons,0.0047589536,0.012432484,0.65,0.35,0.35,0.2333333333333333,False,Ifit1
Astrocytes,0.004769102,0.016209146,0.639,0.361,0.361,0.26525,False,Ifit1
Endocrine Cells,0.0060854075,0.027801992,0.596,0.404,0.404,0.293,False,Ifit1
Myocytes,0.0046957363,0.018709218,0.596,0.404,0.404,0.31149999999999994,False,Ifit1
Endothelial Cells,-0.0074891136,0.031019645,0.407,0.593,0.407,0.3251428571428571,False,Ifit1
Neural Stem Cells,0.0029913227,0.021556344,0.559,0.441,0.441,0.33962499999999995,False,Ifit1
Medium Spiny Neurons,0.00046349573,0.009553553,0.543,0.457,0.457,0.35266666666666663,False,Ifit1
Microglia,-0.0007708152,0.018062618,0.47,0.53,0.47,0.36439999999999995,False,Ifit1
Oligodendrocytes,-0.00064926554,0.010368389,0.486,0.514,0.486,0.3754545454545454,False,Ifit1
GABAergic Neurons,-0.001330171,0.019476617,0.496,0.504,0.496,0.38549999999999995,False,Ifit1
Oligodendrocyte Precursor Cells,0.014727737,0.011256019,0.905,0.095,0.095,0.095,False,Ifit3
Neurons,0.009622177,0.013815848,0.757,0.243,0.243,0.16899999999999998,False,Ifit3
Endocrine Cells,0.011345742,0.027837124,0.663,0.337,0.337,0.225,False,Ifit3
Excitatory Neurons,0.0048450483,0.012431878,0.653,0.347,0.347,0.2555,False,Ifit3
Astrocytes,0.0045758076,0.016230136,0.637,0.363,0.363,0.277,False,Ifit3
Neural Stem Cells,0.005759775,0.021506425,0.611,0.389,0.389,0.2956666666666667,False,Ifit3
Endothelial Cells,-0.007557115,0.031053375,0.406,0.594,0.406,0.31142857142857144,False,Ifit3
Myocytes,0.004288468,0.018709369,0.59,0.41,0.41,0.32375000000000004,False,Ifit3
Medium Spiny Neurons,0.0007085746,0.009553238,0.554,0.446,0.446,0.3373333333333334,False,Ifit3
Microglia,-0.0007413519,0.018069712,0.47,0.53,0.47,0.3506,False,Ifit3
Oligodendrocytes,-0.000704605,0.010356687,0.484,0.516,0.484,0.36272727272727273,False,Ifit3
GABAergic Neurons,-0.0013238571,0.019477192,0.496,0.504,0.496,0.3738333333333334,False,Ifit3
Oligodendrocyte Precursor Cells,0.0138187865,0.011229633,0.894,0.106,0.106,0.106,False,Isg15
Neurons,0.009471226,0.013819778,0.757,0.243,0.243,0.1745,False,Isg15
Astrocytes,0.005449011,0.016219022,0.649,0.351,0.351,0.2333333333333333,False,Isg15
Excitatory Neurons,0.0047375285,0.01243133,0.649,0.351,0.351,0.26275,False,Isg15
Endothelial Cells,-0.0074943025,0.030923173,0.407,0.593,0.407,0.29159999999999997,False,Isg15
Myocytes,0.0042677177,0.018718833,0.59,0.41,0.41,0.3113333333333333,False,Isg15
Neural Stem Cells,0.00428294,0.021553129,0.585,0.415,0.415,0.3261428571428571,False,Isg15
Medium Spiny Neurons,0.00073000946,0.009553065,0.555,0.445,0.445,0.34099999999999997,False,Isg15
Microglia,-0.00055563444,0.018075744,0.473,0.527,0.473,0.35566666666666663,False,Isg15
Oligodendrocytes,-0.00054847164,0.010368996,0.488,0.512,0.488,0.36889999999999995,False,Isg15
Endocrine Cells,-0.0003782762,0.027780253,0.509,0.491,0.491,0.37999999999999995,False,Isg15
GABAergic Neurons,-0.0013720953,0.019471487,0.496,0.504,0.496,0.38966666666666666,False,Isg15
Oligodendrocyte Precursor Cells,0.013609417,0.011229807,0.89,0.11,0.11,0.11,False,Nfkb2
Neurons,0.009306098,0.013820718,0.753,0.247,0.247,0.1785,False,Nfkb2
Endocrine Cells,0.013469541,0.027860656,0.696,0.304,0.304,0.22033333333333335,False,Nfkb2
Excitatory Neurons,0.0047367304,0.012432457,0.649,0.351,0.351,0.253,False,Nfkb2
Astrocytes,0.004076631,0.01621289,0.628,0.372,0.372,0.2768,False,Nfkb2
Endothelial Cells,-0.007654289,0.03106444,0.405,0.595,0.405,0.29816666666666664,False,Nfkb2
Myocytes,0.003864665,0.018709932,0.585,0.415,0.415,0.31485714285714284,False,Nfkb2
Neural Stem Cells,0.0038269097,0.021561647,0.576,0.424,0.424,0.32849999999999996,False,Nfkb2
Medium Spiny Neurons,0.00021343467,0.009552364,0.527,0.473,0.473,0.3445555555555555,False,Nfkb2
Microglia,-0.0006597411,0.018082736,0.473,0.527,0.473,0.35739999999999994,False,Nfkb2
GABAergic Neurons,-0.0014091621,0.019471804,0.494,0.506,0.494,0.36981818181818177,False,Nfkb2
Oligodendrocytes,-0.00034842998,0.01035043,0.496,0.504,0.496,0.38033333333333336,False,Nfkb2
Oligodendrocyte Precursor Cells,0.01273208,0.011241995,0.874,0.126,0.126,0.126,False,Tnfaip3
Neurons,0.009365381,0.013817795,0.755,0.245,0.245,0.1855,False,Tnfaip3
Excitatory Neurons,0.004818175,0.012445176,0.651,0.349,0.349,0.24,False,Tnfaip3
Myocytes,0.006308205,0.018721957,0.632,0.368,0.368,0.272,False,Tnfaip3
Astrocytes,0.0038233476,0.016196558,0.62,0.38,0.38,0.29359999999999997,False,Tnfaip3
Endothelial Cells,-0.00874879,0.031067863,0.395,0.605,0.395,0.3105,False,Tnfaip3
Neural Stem Cells,0.0045472207,0.021567922,0.591,0.409,0.409,0.32457142857142857,False,Tnfaip3
Endocrine Cells,0.0039479956,0.02778953,0.559,0.441,0.441,0.33912499999999995,False,Tnfaip3
Microglia,-0.0021378591,0.018118432,0.443,0.557,0.443,0.3506666666666666,False,Tnfaip3
Medium Spiny Neurons,0.0005032926,0.009547531,0.547,0.453,0.453,0.36089999999999994,False,Tnfaip3
Oligodendrocytes,-0.00077677664,0.010366283,0.48,0.52,0.48,0.3717272727272727,False,Tnfaip3
GABAergic Neurons,-0.0013698833,0.019481823,0.496,0.504,0.496,0.3820833333333333,False,Tnfaip3
Oligodendrocyte Precursor Cells,0.013318912,0.011220639,0.886,0.114,0.114,0.114,False,Ccl2
Neurons,0.009274872,0.013823223,0.752,0.248,0.248,0.181,False,Ccl2
Excitatory Neurons,0.0047424496,0.01243114,0.649,0.351,0.351,0.23766666666666666,False,Ccl2
Myocytes,0.006306772,0.01870826,0.632,0.368,0.368,0.27025,False,Ccl2
Astrocytes,0.004044972,0.016192416,0.628,0.372,0.372,0.29059999999999997,False,Ccl2
Endothelial Cells,-0.0077925064,0.031086221,0.402,0.598,0.402,0.30916666666666665,False,Ccl2
Neural Stem Cells,0.004319695,0.021580286,0.585,0.415,0.415,0.3242857142857143,False,Ccl2
Endocrine Cells,0.00488034,0.027773224,0.571,0.429,0.429,0.337375,False,Ccl2
Medium Spiny Neurons,0.00022045328,0.009553501,0.527,0.473,0.473,0.3524444444444444,False,Ccl2
Microglia,-0.000556748,0.018066147,0.473,0.527,0.473,0.36449999999999994,False,Ccl2
Oligodendrocytes,-0.0008790918,0.01037336,0.477,0.523,0.477,0.37472727272727274,False,Ccl2
GABAergic Neurons,-0.0014120151,0.019468727,0.494,0.506,0.494,0.38466666666666666,False,Ccl2
Medium Spiny Neurons,-0.032142375,0.009793763,0.0,1.0,0.0,0.0,True,Mbp
Myocytes,0.30005005,0.01997544,1.0,0.0,0.0,0.0,True,Mbp
Neural Stem Cells,0.08303952,0.016605468,1.0,0.0,0.0,0.0,True,Mbp
Oligodendrocytes,-0.10460861,0.015241145,0.0,1.0,0.0,0.0,True,Mbp
Excitatory Neurons,-0.037086874,0.013701928,0.002,0.998,0.002,0.0004,True,Mbp
Endocrine Cells,0.08472264,0.028384814,0.997,0.003,0.003,0.0008333333333333334,True,Mbp
Oligodendrocyte Precursor Cells,-0.030492622,0.0120388875,0.006,0.994,0.006,0.0015714285714285713,True,Mbp
Endothelial Cells,-0.06238245,0.02914248,0.022,0.978,0.022,0.004125,True,Mbp
Microglia,-0.037380334,0.02134001,0.042,0.958,0.042,0.008333333333333335,True,Mbp
Astrocytes,-0.023536986,0.018290287,0.085,0.915,0.085,0.016000000000000004,True,Mbp
Neurons,-0.008143685,0.011727998,0.243,0.757,0.243,0.03663636363636364,True,Mbp
GABAergic Neurons,-0.013520629,0.021475129,0.265,0.735,0.265,0.05566666666666667,False,Mbp
Oligodendrocytes,-0.096644364,0.010019351,0.0,1.0,0.0,0.0,True,Mog
Oligodendrocyte Precursor Cells,0.010956168,0.011283218,0.832,0.168,0.168,0.084,False,Mog
Myocytes,0.013923372,0.01876519,0.758,0.242,0.242,0.1366666666666667,False,Mog
Neurons,0.0076008225,0.013803793,0.712,0.288,0.288,0.1745,False,Mog
Medium Spiny Neurons,0.0050036516,0.00959659,0.711,0.289,0.289,0.19739999999999996,False,Mog
Excitatory Neurons,0.0043384465,0.012449249,0.635,0.365,0.365,0.2253333333333333,False,Mog
Endothelial Cells,-0.010095343,0.0310356,0.382,0.618,0.382,0.24771428571428572,False,Mog
Microglia,-0.0046932856,0.018080367,0.389,0.611,0.389,0.265375,False,Mog
Endocrine Cells,-0.00505341,0.027668145,0.431,0.569,0.431,0.2837777777777778,False,Mog
Astrocytes,0.0020299184,0.016255166,0.568,0.432,0.432,0.29860000000000003,False,Mog
Neural Stem Cells,0.0016466358,0.021467127,0.529,0.471,0.471,0.3142727272727273,False,Mog
GABAergic Neurons,-0.0013243097,0.0195121,0.496,0.504,0.496,0.3294166666666667,False,Mog
Oligodendrocyte Precursor Cells,0.016514488,0.011385834,0.928,0.072,0.072,0.072,False,Serpina3n
Myocytes,0.023304604,0.01877876,0.89,0.11,0.11,0.091,False,Serpina3n
Oligodendrocytes,0.0124912765,0.0102811465,0.881,0.119,0.119,0.10033333333333333,False,Serpina3n
Astrocytes,0.016921235,0.016409522,0.847,0.153,0.153,0.11349999999999999,False,Serpina3n
Neurons,0.012254273,0.013745924,0.811,0.189,0.189,0.1286,False,Serpina3n
Excitatory Neurons,0.006183339,0.0124685215,0.687,0.313,0.313,0.15933333333333333,False,Serpina3n
Endocrine Cells,0.010231351,0.027798176,0.649,0.351,0.351,0.1867142857142857,False,Serpina3n
Microglia,0.0053533623,0.0181482,0.617,0.383,0.383,0.21125,False,Serpina3n
Medium Spiny Neurons,0.0021162755,0.009554127,0.599,0.401,0.401,0.23233333333333336,False,Serpina3n
Neural Stem Cells,0.0049517164,0.021515308,0.594,0.406,0.406,0.24970000000000003,False,Serpina3n
Endothelial Cells,-0.002975464,0.031037899,0.465,0.535,0.465,0.2692727272727273,False,Serpina3n
GABAergic Neurons,0.00013546391,0.019518185,0.519,0.481,0.481,0.28691666666666665,False,Serpina3n
Myocytes,-0.05219876,0.01902142,0.001,0.999,0.001,0.001,True,Atf4
Oligodendrocytes,0.022784157,0.009613968,0.99,0.01,0.01,0.0055,True,Atf4
Oligodendrocyte Precursor Cells,0.012923624,0.011802627,0.863,0.137,0.137,0.04933333333333334,True,Atf4
Endocrine Cells,-0.028479015,0.028528646,0.147,0.853,0.147,0.07375000000000001,False,Atf4
Neurons,0.009354924,0.01305853,0.763,0.237,0.237,0.10640000000000001,False,Atf4
Neural Stem Cells,0.014574683,0.020859929,0.753,0.247,0.247,0.12983333333333333,False,Atf4
Medium Spiny Neurons,-0.004117156,0.009478293,0.348,0.652,0.348,0.161,False,Atf4
GABAergic Neurons,-0.006922994,0.021197332,0.381,0.619,0.381,0.1885,False,Atf4
Astrocytes,0.0026230174,0.016609646,0.583,0.417,0.417,0.2138888888888889,False,Atf4
Endothelial Cells,-0.005697885,0.030592304,0.429,0.571,0.429,0.2354,False,Atf4
Excitatory Neurons,0.0022774993,0.013194783,0.567,0.433,0.433,0.25336363636363635,False,Atf4
Microglia,0.00034000562,0.018493984,0.492,0.508,0.492,0.27325,False,Atf4
Endocrine Cells,0.06399953,0.028504627,0.986,0.014,0.014,0.014,True,Atf5
Oligodendrocytes,0.019628054,0.010152699,0.97,0.03,0.03,0.022,True,Atf5
Oligodendrocyte Precursor Cells,0.016054006,0.011367052,0.921,0.079,0.079,0.041,True,Atf5
Neurons,0.011442732,0.013713878,0.797,0.203,0.203,0.0815,False,Atf5
Astrocytes,0.007859908,0.016376648,0.697,0.303,0.303,0.1258,False,Atf5
Excitatory Neurons,0.0054073255,0.01250213,0.661,0.339,0.339,0.16133333333333333,False,Atf5
Medium Spiny Neurons,0.0028023734,0.009534573,0.632,0.368,0.368,0.19085714285714284,False,Atf5
Myocytes,-0.0060409172,0.01888251,0.37,0.63,0.37,0.21325,False,Atf5
Neural Stem Cells,0.0050999857,0.021139523,0.599,0.401,0.401,0.23411111111111113,False,Atf5
Endothelial Cells,-0.0056147794,0.03080468,0.431,0.569,0.431,0.2538,False,Atf5
Microglia,0.002286022,0.01816188,0.533,0.467,0.467,0.2731818181818182,False,Atf5
GABAergic Neurons,-0.00058070436,0.019785266,0.505,0.495,0.495,0.2916666666666667,False,Atf5
