,baseMean,log2FC_mtDSB_vs_control,lfcSE_mtDSB_vs_control,stat,pvalue_mtDSB_vs_control,padj_mtDSB_vs_control
2610035D17Rik,297.6157050164439,0.1461526689695962,0.14517086605482282,1.006763085055941,0.3140486381729889,0.9999089513852738
9630013A20Rik,24.582749850388495,0.08430866888651047,0.42972971905928337,0.19618998907282853,0.8444614633605549,0.9999089513852738
A1cf,0.0,,,,,
A2m,734.017820841278,0.6789058488159088,0.47310816470781125,1.434990768411695,0.15128972825544523,0.9999089513852738
Aatf,269.3091626389828,0.15894433228337468,0.1671803690441902,0.950735622801272,0.3417385999582818,0.9999089513852738
Abca1,1383.9687402146046,0.19458829594790683,0.23134152552059126,0.8411299938911612,0.40027511366557267,0.9999089513852738
Abca13,0.4486578904487178,0.8036387842075137,2.9339007923452955,0.273914777999396,0.7841501145710816,0.9999089513852738
Abca3,710.7490668436807,0.007486403974090589,0.1276028472269529,0.058669568405283,0.9532152984647115,0.9999089513852738
Abca4,14.042032081406177,-0.5445355193246226,0.6025329103026653,-0.9037440279421264,0.36613114727188056,0.9999089513852738
Abca7,133.02104433314335,-0.03362954658262025,0.20944399660960072,-0.16056581772217146,0.872435379017444,0.9999089513852738
Abca8a,12.01242758827731,-0.7188395300253227,0.5856828509050567,-1.227352873512514,0.21968999088664687,0.9999089513852738
Abca8b,53.514020634514544,0.386387365080241,0.2974848354831345,1.2988472654504326,0.19399635025335904,0.9999089513852738
Abcb1a,185.9281673202149,-0.005444554983763639,0.24391075313756896,-0.02232191452704357,0.982191167971719,0.9999089513852738
Abcb1b,38.56319330732118,0.0035706570829615336,0.3253257003453744,0.010975637888955067,0.991242883804249,0.9999089513852738
Abcb4,27.511570826707285,0.10608875636678605,0.389771851837114,0.27218167722157793,0.7854823296443592,0.9999089513852738
Abcb8,133.89697027266536,0.1591030275181912,0.20023005954275877,0.7946011097510314,0.4268455726035344,0.9999089513852738
Abcc1,87.25266724191725,-0.02383410446776236,0.22972667682571918,-0.10374983348513749,0.9173678786068238,0.9999089513852738
Abcc6,5.217062797582028,-0.23086044418867807,0.8900738885628819,-0.2593722242109884,0.7953480584493013,0.9999089513852738
Abcc8,31.308501420989852,0.16710083527050099,0.36669617381200703,0.45569287929403934,0.6486108431823567,0.9999089513852738
Abcc9,7.738016425277583,1.086452755499133,0.6895120365657315,1.5756835238300602,0.11509875640000017,0.9999089513852738
Abcd2,494.5806969107139,-0.10332661730883316,0.1893183996443144,-0.5457822245643321,0.585215643379914,0.9999089513852738
Abcd3,1631.732065929702,0.1372361199062624,0.09799624141345226,1.4004222807613063,0.16138690178696014,0.9999089513852738
Abcf1,284.1786882542976,-0.11702886273185258,0.14972847601657732,-0.7816072523098119,0.43444542346062964,0.9999089513852738
Abcg2,139.15925983895679,0.40069803796180453,0.22668464118118314,1.767645288511351,0.07712022178747627,0.9999089513852738
Abcg8,0.628190806922747,-1.4166670859143118,3.049077898429731,-0.4646214800362734,0.6422025471574072,0.9999089513852738
Abhd17c,251.3649653730905,0.07148861380086687,0.1982712179877593,0.3605597147503294,0.7184286091907911,0.9999089513852738
Abhd4,1194.9104942607662,0.05737232298347136,0.1262538371789658,0.45442043002737137,0.6495262505648801,0.9999089513852738
Abhd5,300.8953296053182,-0.003482778302228169,0.14241235307956202,-0.02445559129468518,0.9804892061227981,0.9999089513852738
Abi1,2066.4471199747163,0.023558406147540265,0.09158423244263797,0.25723211866513834,0.7969995908947034,0.9999089513852738
Abi3bp,8.86196262895376,-0.008741889303198557,0.640294827749549,-0.0136529125714224,0.9891068902666015,0.9999089513852738
Abitram,155.5085795103004,0.09058485886902651,0.19181890161271573,0.4722415679968716,0.6367543725099223,0.9999089513852738
Abl1,395.00657231588025,-0.06047071337879508,0.1360583974719804,-0.44444675596923966,0.65671961568434,0.9999089513852738
Abracl,20.494388552466088,-0.14891285567776544,0.43877715991345606,-0.3393815113510851,0.7343223447949235,0.9999089513852738
Abraxas1,114.50983877718743,-0.01938760221615275,0.19975700286229692,-0.09705593264991892,0.9226819762315461,0.9999089513852738
Abraxas2,259.6063885177886,0.039960203401552374,0.14324535761148274,0.2789633400192587,0.7802729587693575,0.9999089513852738
Acaa2,719.1918454220431,-0.09358040153810426,0.11635519667916654,-0.8042649078763483,0.42124399973983884,0.9999089513852738
Acaca,1149.865462376354,-0.020860575156729518,0.11322729194736876,-0.1842362808290611,0.8538280986160285,0.9999089513852738
Acacb,172.3518031380091,-0.3157764099864201,0.24275883078428961,-1.3007823812885817,0.1933329543602902,0.9999089513852738
Acan,2.287991188777803,1.2833398057095573,1.3622640420919159,0.9420639215719435,0.34615991444841354,0.9999089513852738
Ace,30.062120066177467,-0.43189765196007657,0.4115979070242922,-1.0493193589893213,0.2940311590023067,0.9999089513852738
Ace2,7.584485467058136,0.7925386000536119,0.6830863623647782,1.1602319175424916,0.24595439525132345,0.9999089513852738
Acer1,0.15792207135954184,0.9543856482214617,4.427724182917884,0.21554767388254945,0.8293403470759629,0.9999089513852738
Ache,139.40339444923407,0.04565034829540265,0.18567331963577785,0.24586380199886387,0.8057876656528564,0.9999089513852738
Ackr1,67.00941212035308,0.06961930642808024,0.2570868172684288,0.2708007636011516,0.7865442725458273,0.9999089513852738
Ackr2,0.9489473694729892,1.0441480593876187,1.8879528882780097,0.5530583235792392,0.580223473516857,0.9999089513852738
Ackr3,376.66753227285693,-0.0759039252493523,0.1876134555291865,-0.40457612720396874,0.6857891093997348,0.9999089513852738
Ackr4,4.705503487184849,0.10592468870281181,0.931189981763998,0.11375196337717636,0.9094344189994096,0.9999089513852738
Acly,2012.5879831826287,-0.085636638896694,0.1096081914405085,-0.7812978005678943,0.4346273634269917,0.9999089513852738
Acod1,0.49770444484260307,-0.9452393414146,2.8667325449702536,-0.32972707658865613,0.7416061927019375,0.9999089513852738
Acot6,216.0663799527698,-0.10029556329340385,0.18319085209050148,-0.5474922036164502,0.5840406252699316,0.9999089513852738
Acox1,2556.9273684417317,-0.01148312247937213,0.09231329314847206,-0.12439294588812096,0.9010041583357099,0.9999089513852738
Acp2,620.1872282897217,-0.023521529114742694,0.11906957514145633,-0.19754441121334973,0.8434015309680379,0.9999089513852738
Acp5,2.0382956858420553,0.22885782158070758,1.3123650352533982,0.174385796202288,0.8615622762801238,0.9999089513852738
Acr,6.454053246552746,-0.5373344883473825,0.7646726733917205,-0.7026986932382778,0.4822435422196337,0.9999089513852738
Acsl1,75.30195201503939,0.08259362441413176,0.23112931217803617,0.35734811667033767,0.7208312127691068,0.9999089513852738
Acsl4,487.4472073864353,0.16315900873969233,0.12535817738241994,1.3015426049308014,0.1930727910882326,0.9999089513852738
Acsl6,9937.272259122703,-0.015593368569603633,0.11119023085978819,-0.14024045502043253,0.8884700092389417,0.9999089513852738
Acss1,1529.6331071358072,0.06780634442187808,0.15978280499132372,0.4243657158575981,0.6712991198633109,0.9999089513852738
Acss2,796.8867571532427,-0.1137606201292377,0.11425190823179557,-0.995699957137161,0.3193959509509754,0.9999089513852738
Actc1,0.4865192149142819,0.9200296512650015,2.8819249511055407,0.3192413636281775,0.7495434929959728,0.9999089513852738
Actg2,0.15792207135954184,0.9543856482214617,4.427724182917884,0.21554767388254945,0.8293403470759629,0.9999089513852738
Actl6a,104.35070797054065,-0.02902344864176741,0.21681792819563137,-0.13386092600045515,0.8935125486715578,0.9999089513852738
Actl6b,105.50320552695298,0.03512754918816461,0.21483977217019143,0.16350580171132056,0.8701202055184077,0.9999089513852738
Actn1,98.9297976788784,-0.05589133220011177,0.21240112594283814,-0.26314047042836003,0.7924423118695747,0.9999089513852738
Actn2,15.77559221456715,-0.18760548598790147,0.5141518371828953,-0.36488343018633623,0.7151984236175983,0.9999089513852738
Actr1a,271.94258743178125,-0.0007829114397106774,0.142313872453217,-0.005501300935845483,0.9956106190592354,0.9999089513852738
Actr1b,482.0453344682412,0.03725745830743437,0.12529414197635655,0.2973599381403241,0.7661917258161878,0.9999089513852738
Actr2,2568.5773597278426,-0.011838456053940636,0.11250712299268933,-0.10522405816660954,0.91619802103399,0.9999089513852738
Acvr1,215.39847462776174,0.22129836937666772,0.1810993330257919,1.2219723048077198,0.22171810042527385,0.9999089513852738
Acvr1b,234.9825252847029,-0.0023944446470186543,0.15288272696443675,-0.01566196976310898,0.9875040670061067,0.9999089513852738
Acvr1c,118.02321550222125,-0.08339143822467818,0.3352330432246425,-0.24875661844825028,0.8035490498549895,0.9999089513852738
Acvr2a,268.20799700264064,-0.05167773613605719,0.17336108891189894,-0.29809305225533916,0.7656321441578394,0.9999089513852738
Acvr2b,94.98491564778861,0.01914596422428293,0.22848136498285385,0.08379661170931696,0.9332181420106481,0.9999089513852738
Acvrl1,61.63839709566839,0.15411505866917807,0.3369557095343411,0.4573748249648559,0.6474016561790841,0.9999089513852738
Ada,4.309540438685513,0.7312133751044455,1.0083230633157172,0.7251776753969719,0.46834303673345223,0.9999089513852738
Adad1,1.3483547421276991,0.1747457566523303,1.8422398643956583,0.09485505119587409,0.9244299594210891,0.9999089513852738
Adad2,0.3648906971129689,-0.007397932673110196,3.6467602450555323,-0.002028631490962615,0.9983813873639943,0.9999089513852738
Adam10,930.2061235059481,-0.025019550601912702,0.10815868288560086,-0.2313226264818314,0.8170641699317939,0.9999089513852738
Adam17,135.28012499852005,-0.05268150558239994,0.1987498646830117,-0.26506435949741264,0.790959882578144,0.9999089513852738
Adam18,1.5956018231497973,-2.955005215329227,2.1328737084845835,-1.3854571902566009,0.16591271400618868,0.9999089513852738
Adam28,0.6270249807509403,-2.7858761240844245,3.766368218151703,-0.7396717375263849,0.45949920115361864,0.9999089513852738
Adamdec1,0.15792207135954184,0.9543856482214617,4.427724182917884,0.21554767388254945,0.8293403470759629,0.9999089513852738
Adamts1,116.67386138675481,-0.14853345468564208,0.3099288102677664,-0.4792502334885065,0.6317606216952547,0.9999089513852738
Adamts13,0.2069686257534271,-0.969188503896664,4.42774672984595,-0.21888977916548177,0.8267359084612689,0.9999089513852738
Adamts14,0.9648964563349948,0.8272902033153806,2.0537553879950385,0.4028182753171086,0.6870819158125943,0.9999089513852738
Adamts18,3.056242938762465,0.4654746229836159,1.1611725651354856,0.40086601850544445,0.6885187698125774,0.9999089513852738
Adamts20,350.58270549453977,0.5116424119471913,0.2481013211882063,2.06223171040297,0.039185681046121426,0.9999089513852738
Adamts3,36.29430000845735,-0.27921596762015494,0.33403828641257544,-0.8358801340373639,0.40322233945338526,0.9999089513852738
Adamts5,11.955720347948912,0.354639813295896,0.5744402494637549,0.617365885532839,0.5369934182867424,0.9999089513852738
Adamts6,99.90309132656743,-0.04604964500816572,0.23161932205836006,-0.19881607716891084,0.8424066192835749,0.9999089513852738
Adar,443.6297461345526,0.07642351356268706,0.12936758570171158,0.5907470031859453,0.5546899492429147,0.9999089513852738
Adarb1,2280.92191884205,-0.11500139595682977,0.4389346379347651,-0.26200118655006077,0.7933205274015219,0.9999089513852738
Adcy1,1046.0046797955576,0.1069936623315151,0.4466396970135174,0.23955251413372908,0.8106771811353563,0.9999089513852738
Adcy2,644.0562509619023,-0.15438676276768315,0.15769731997758704,-0.9790068898420442,0.3275765752283224,0.9999089513852738
Adcy3,74.8874264108903,-0.06535687773435367,0.22625486031363812,-0.2888639724413209,0.7726854747793919,0.9999089513852738
Adcy8,501.4997253751888,-0.0035996561163781334,0.23152293207502758,-0.015547730344100967,0.9875952057773807,0.9999089513852738
Adcyap1,118.32537581273543,-0.7815603397495257,0.3884080567101685,-2.012214541504037,0.04419732627196702,0.9999089513852738
Adcyap1r1,3392.1045908435885,0.09508280442421972,0.13528250557331148,0.7028462698947648,0.48215155848055824,0.9999089513852738
Add2,717.3532079099247,-0.11432936082754776,0.15081440196063142,-0.7580798606846069,0.4484031753514768,0.9999089513852738
Adgra2,26.165715678960982,-0.08952193735446404,0.4701077746346652,-0.190428540400197,0.8489733348361849,0.9999089513852738
Adgra3,186.43069569660602,-0.04226969642484911,0.1659497328031284,-0.25471385648445144,0.7989441132438057,0.9999089513852738
Adgrb1,3917.3531886450673,-0.03848552831056207,0.1070617738829613,-0.35947030312270006,0.7192432898761004,0.9999089513852738
Adgre1,16.758368608908853,0.29074391479931966,0.5786366117521685,0.5024637378525333,0.6153413539415418,0.9999089513852738
Adgre5,230.28565149262047,0.04701140279666729,0.16239279897006748,0.289491917713251,0.7722049639785954,0.9999089513852738
Adgrf1,0.0,,,,,
Adgrf5,291.95508336543077,0.04955573378673975,0.2120800260698897,0.23366525695545204,0.815244862045305,0.9999089513852738
Adgrg1,2380.994191631064,-0.18845135617080105,0.21523432192783673,-0.8755636855816359,0.38126727438658004,0.9999089513852738
Adgrg2,7.853359343996591,-0.17217036973439626,0.6986120559628979,-0.2464463191908328,0.8053367541138026,0.9999089513852738
Adgrg5,2.1224188338138377,-0.9456660869038778,1.4069571339289497,-0.6721356778390899,0.5014973251186119,0.9999089513852738
Adgrg6,22.785956383411172,-0.018906630480839,0.42024561604749183,-0.04498947700789904,0.9641156965938561,0.9999089513852738
Adgrg7,0.0,,,,,
Adgrl1,1437.9373311278787,-0.020179944808401535,0.11125957423251892,-0.18137715291115455,0.8560715507814232,0.9999089513852738
Adgrl2,73.401630311267,0.021827864948433324,0.28742118219746154,0.07594382843167537,0.9394637874730833,0.9999089513852738
Adgrl3,1275.468215703888,0.039107864619996366,0.11066645088885571,0.3533850078852993,0.7237998236982586,0.9999089513852738
Adgrv1,21.1988178772183,-0.13968638169114989,0.4592799842175178,-0.30414210610361275,0.7610196292850163,0.9999089513852738
Adh5,1217.581199120804,0.02486451327357919,0.10837570226192185,0.22942885494284276,0.8185356112056104,0.9999089513852738
Adipoq,0.39156679165021196,2.0604664965273884,4.308718898807982,0.4782086148849074,0.6325017315109325,0.9999089513852738
Adipor1,561.1074078486865,0.010150996605299754,0.13197787233562894,0.07691438288598153,0.9386916555541976,0.9999089513852738
Adm,22.954749307323414,1.2294226042047827,0.5827040079557302,2.109857813605747,0.0348706049143372,0.9999089513852738
Adora1,1423.1233535484287,-0.017872807474191937,0.12501526205949204,-0.14296500427033185,0.8863178197750007,0.9999089513852738
Adora2a,33.57687546127613,0.2618683316833427,0.47106498123344237,0.5559070236927046,0.578274416479172,0.9999089513852738
Adora2b,422.8662745360491,0.2543748132778154,0.18032006194930258,1.4106850370833028,0.15833750488001752,0.9999089513852738
Adprhl1,1.3079083834804668,-0.7099035665479739,1.556532135744671,-0.45608025060680435,0.648332271319939,0.9999089513852738
Adra1a,328.89091751439076,-0.011344788639612054,0.14033076813434256,-0.08084320203215428,0.9355666502351723,0.9999089513852738
Adra1b,116.3442041807702,-0.12841549730223387,0.3566857981403592,-0.36002413881278544,0.7188290821262495,0.9999089513852738
Adra2a,329.9355518264528,-0.14609996829109986,0.18929817778985444,-0.7717980700970604,0.4402340349577485,0.9999089513852738
Adrb1,374.5709922788761,-0.36703383503259596,0.22994327288703642,-1.5961929671798123,0.11044571730602466,0.9999089513852738
Adrb2,6.001820429307344,-0.09872899870190521,0.8442691020904605,-0.11694020124323672,0.9069074406992131,0.9999089513852738
Adrb3,0.6155863689845644,0.048850316598125075,2.6019100509905457,0.01877479068868187,0.9850207643943952,0.9999089513852738
Adtrp,1.3115064142423447,-0.7413969845879623,1.679396854672624,-0.4414662219505513,0.6588755099493526,0.9999089513852738
Aebp2,343.48296401309585,-0.1376256738619846,0.14813237948862643,-0.9290721875736255,0.35285167691149155,0.9999089513852738
Afap1l2,179.97269737854307,0.0772539812483811,0.21294794630186847,0.36278340594498265,0.7167666887513537,0.9999089513852738
Afdn,327.28220182232553,0.1131415422074832,0.13744637163136803,0.8231686356256058,0.4104121021432614,0.9999089513852738
Afg3l2,647.6407259608014,0.03840382264761166,0.11307849283374,0.33962092777516095,0.7341420158775469,0.9999089513852738
Afp,0.14774983801143024,0.9543856482214617,4.427724182917884,0.21554767388254945,0.8293403470759629,0.9999089513852738
Ager,11.882628761958165,-0.3148218056213209,0.5991234027858587,-0.5254707196504655,0.5992560028344307,0.9999089513852738
Agl,1238.5135900058174,-0.008991684245226585,0.09983326396412943,-0.09006701662541394,0.9282339595813228,0.9999089513852738
Ago1,260.5945050415644,-0.16627549333840125,0.15177568704062477,-1.095534446791174,0.27328256286182295,0.9999089513852738
Ago2,397.3766967326688,-0.1510023111362621,0.14243151255934564,-1.0601748757905338,0.2890650488379267,0.9999089513852738
Ago3,364.1054089971854,0.057729365491297216,0.15083962696865813,0.38272015551518423,0.7019272683148768,0.9999089513852738
Agpat3,3748.756971429011,-0.006080970260896086,0.10494875045350749,-0.057942283587168276,0.9537946022472159,0.9999089513852738
Agpat4,209.36905762359422,0.12073883061093436,0.19909111209702926,0.6064501289846177,0.5442158892801525,0.9999089513852738
Agps,451.92634475951127,-0.012120930840276841,0.12566057202983583,-0.0964577086072706,0.9231570608956917,0.9999089513852738
Agr3,4.639659363048094,0.2741332301768127,1.1360324837959634,0.24130756302039708,0.8093167496244027,0.9999089513852738
Agrn,417.85218255055366,0.21916198718578053,0.19213205127924085,1.1406841582472615,0.25400138128745864,0.9999089513852738
Agrp,2.9199076441872744,2.950275673993793,1.6290993943714784,1.8109856796871724,0.07014306841433912,0.9999089513852738
Agt,3504.55213408638,0.2133129330073871,0.17468841926457265,1.2211051763214829,0.22204620007670361,0.9999089513852738
Agtr1a,2.0137472802483036,-0.5388470395140129,1.3039864169213868,-0.41323056170032046,0.6794376988381081,0.9999089513852738
Agtr1b,2.082493781857669,-0.14854054814560635,1.3451238903087364,-0.1104288974538345,0.9120692364171258,0.9999089513852738
Agtr2,4.1355761180691415,1.2132467374051745,1.0137864546086461,1.1967478277992247,0.23140485899873386,0.9999089513852738
Agtrap,58.785064887693174,0.040742301179426905,0.2761031362706886,0.14756189201517647,0.8826885315489109,0.9999089513852738
Agxt2,0.14774983801143024,0.9543856482214617,4.427724182917884,0.21554767388254945,0.8293403470759629,0.9999089513852738
Ahi1,1346.5322986528072,-0.013965645433851436,0.19996316584108711,-0.06984108985826962,0.9443201420304921,0.9999089513852738
Ahr,13.080369899946918,-0.6762804717505241,0.5540390990304664,-1.2206367257003565,0.22222359463783925,0.9999089513852738
Aicda,0.0,,,,,
Aida,388.86282340756037,-0.04824472874891594,0.13025879852421374,-0.3703759691898874,0.7111023765094449,0.9999089513852738
Aif1,116.65120143387247,0.09051989177248204,0.2654057249131925,0.3410623180871054,0.7330566680620829,0.9999089513852738
Aif1l,55.54825735457939,-0.15778407402332625,0.33572599393981617,-0.4699787233383286,0.6383702187658872,0.9999089513852738
Aifm1,91.5946017134559,0.3015230405101318,0.2232141865996637,1.3508238212964288,0.17675187539531867,0.9999089513852738
Aim2,5.5480118109763765,0.17497509625559246,0.8437558228465486,0.20737646072211424,0.8357158646400571,0.9999089513852738
Aip,434.62403245170685,-0.11063759786746682,0.1406028149439602,-0.786880390065899,0.43135188799397184,0.9999089513852738
Aire,0.7415213984813849,0.11835194300792526,2.5005240041059635,0.04733085657789587,0.9622495356407318,0.9999089513852738
Ajuba,16.768703335404787,0.14406085007655203,0.4721491918516193,0.30511722261260493,0.7602768745008532,0.9999089513852738
Ak4,518.2159028484512,0.011377240280992127,0.13553056155333212,0.08394593920807385,0.9330994142290392,0.9999089513852738
Akap5,77.26550688342924,-0.27870969157903264,0.23439965975188873,-1.1890362463582325,0.23442540397704614,0.9999089513852738
Akap9,363.33510882489924,0.12588738886363565,0.14166586843615595,0.8886218695674667,0.3742063335957383,0.9999089513852738
Akip1,40.41723691698013,-0.05927377380535476,0.32685080492288776,-0.18134810412762764,0.8560943502916187,0.9999089513852738
Akr1b3,241.71653697092975,0.1922688635140358,0.17275112684116634,1.1129818197412673,0.265716237658703,0.9999089513852738
Akt1,712.430306267603,-0.11546246827368743,0.11373151111158075,-1.0152196796225494,0.31000112166667126,0.9999089513852738
Akt1s1,493.262472017266,-0.04604193517766671,0.16081690451542596,-0.28630034458380116,0.7746480942280213,0.9999089513852738
Akt2,238.20392913802183,0.040208833747650816,0.1967109859593197,0.2044056337349969,0.8380365280432024,0.9999089513852738
Akt3,207.7679021923042,-0.01345496967060567,0.17357707927303817,-0.07751582021633682,0.9382132064272507,0.9999089513852738
Aldh1a2,18.93099753621515,-0.33999486984951544,0.4340292434703101,-0.7833455348101975,0.4334242305110473,0.9999089513852738
Aldh1a3,1.2552637983247037,0.12737814276718928,1.8539234505386757,0.06870733671888034,0.9452225781501845,0.9999089513852738
Aldh1l1,1092.6347155928054,-0.1246846439036165,0.13169485178757964,-0.9467693095910049,0.343756343768717,0.9999089513852738
Aldh1l2,12.072487884908519,0.13338274191808303,0.5682799321495824,0.2347130953816157,0.8144314229970906,0.9999089513852738
Aldh2,119.94066678240905,0.08696908605436499,0.19735191346453526,0.4406802271516541,0.6594445131204074,0.9999089513852738
Aldh3a1,1.2187328137302906,-0.5219797258391321,1.8685372838791006,-0.2793520527219545,0.7799746632564776,0.9999089513852738
Aldh4a1,432.005947976515,-0.007222855218924399,0.1264756947649585,-0.05710864235493863,0.9544586520571825,0.9999089513852738
Aldh9a1,377.90469109664946,-0.03519037813078494,0.14810436331933116,-0.23760527605057907,0.8121872580022077,0.9999089513852738
Aldoa,6510.371606525525,0.03841000465432634,0.11694052441382007,0.3284576056663128,0.742565693549761,0.9999089513852738
Aldoc,23842.852878813766,0.09121946571236188,0.15652530199660453,0.5827777653119665,0.5600429148602115,0.9999089513852738
Alg13,82.62367448044242,0.15426223282842488,0.22117791135184192,0.6974576795918379,0.4855164154205608,0.9999089513852738
Alk,27.62754534991264,-0.08212184890650127,0.3931759866176839,-0.20886791589933704,0.8345513511340108,0.9999089513852738
Alkbh5,328.5998305605388,0.03625706077345737,0.13373908557357136,0.2711029510779177,0.7863118519140393,0.9999089513852738
Alox12,2.623403966127377,-1.13774916322259,1.17695696718167,-0.966687138907919,0.3337004583565436,0.9999089513852738
Alox12b,0.9200924521837299,0.01139493229082916,2.0185967100005198,0.0056449771439616705,0.9954959838114157,0.9999089513852738
Alox12e,0.2069686257534271,-0.969188503896664,4.42774672984595,-0.21888977916548177,0.8267359084612689,0.9999089513852738
Alox15,1.399732948865198,0.792541609217953,1.5783578440020016,0.5021304973582075,0.6155757288207195,0.9999089513852738
Alox5,3.8154726359498796,0.07223845548059873,1.0318072167906345,0.07001158191671841,0.9441844412229784,0.9999089513852738
Alpl,911.2796817552493,-0.12614326948363502,0.1700665170303901,-0.7417290110145185,0.4582515389012287,0.9999089513852738
Als2,159.6181336341833,0.1635889673543424,0.16814304521101298,0.9729154551057678,0.33059532303448824,0.9999089513852738
Alx1,0.3637248709411622,-1.9662472611427244,3.7931357017426244,-0.518369870141846,0.6042002323770836,0.9999089513852738
Alx4,2.2930604383729745,-0.4312889849028949,1.4551638179566315,-0.29638517641850043,0.766935944563541,0.9999089513852738
Ambra1,733.8156543262508,0.02309563672066065,0.10568616501443834,0.21853036977456256,0.8270158984078163,0.9999089513852738
Amd1,854.5882301007833,-0.06113965711529257,0.11321418363648376,-0.540035313168924,0.5891726794309312,0.9999089513852738
Amelx,0.29073581908917595,-0.007398648057258491,3.9159171036663234,-0.0018893781102596427,0.9984924952732074,0.9999089513852738
Amer1,68.37221865936078,-0.04969207531890697,0.24002850023040595,-0.20702572932467192,0.8359897646675436,0.9999089513852738
Amfr,2103.14386384427,0.060693961974445036,0.11776712224232867,0.5153727187929026,0.6062925925386509,0.9999089513852738
Amh,6.230000201582332,-0.17446937804527715,0.7579471856258646,-0.23018672191679349,0.8179466792280262,0.9999089513852738
Amhr2,11.975934517184749,0.6007811010255395,0.6615005961432486,0.908209462740136,0.36376756553018086,0.9999089513852738
Amigo3,11.787732005718453,0.6453978997282447,0.5590367774983324,1.154482004952116,0.24830261197745573,0.9999089513852738
Amy1,214.29751848156465,-0.17147926224166715,0.20163397158739563,-0.8504482696624447,0.3950759093464429,0.9999089513852738
Amy2a5,27.55644478101188,-0.07190610418138008,0.4085467618560308,-0.1760045872220603,0.8602903386249803,0.9999089513852738
Anapc11,239.79811490260298,-0.020262693417793923,0.17679733643989476,-0.11460972108413278,0.9087544741768959,0.9999089513852738
Anapc15,27.990765790670334,-0.26275822304031116,0.3852110546045747,-0.6821149598368527,0.49516626184758183,0.9999089513852738
Anapc16,600.0011185259909,0.009221928172684342,0.11871949288472038,0.07767829821880276,0.9380839574477737,0.9999089513852738
Anapc2,748.1704198405274,-0.09268327014144846,0.12227218995751736,-0.7580077708074962,0.4484463307304677,0.9999089513852738
Anapc4,579.2398410305617,0.023385128523438325,0.13022596084927693,0.17957347652442504,0.8574874288271201,0.9999089513852738
Anapc5,719.1517226828211,0.04324066741987813,0.1294868386348363,0.33393870663427366,0.7384258110285311,0.9999089513852738
Ang,2.664609939516764,-0.7825188261904498,1.1943943748312202,-0.6551595039963476,0.5123650642500033,0.9999089513852738
Angpt1,58.07823422709706,0.12454518773145089,0.2854486912887789,0.4363137458053807,0.6626091100749849,0.9999089513852738
Angpt2,10.716991632306796,0.2561964888175486,0.6321001468809464,0.40530996564663385,0.6852496820614444,0.9999089513852738
Angpt4,0.6132547166409509,-2.7628796335202215,3.2644236087216063,-0.8463606335092656,0.3973515923776806,0.9999089513852738
Angptl3,0.1429859810777457,-0.969188503896664,4.42774672984595,-0.21888977916548177,0.8267359084612689,0.9999089513852738
Angptl4,186.0949997152541,-0.15421378232012725,0.2886888875017086,-0.5341867629706202,0.5932123263862538,0.9999089513852738
Angptl8,0.0,,,,,
Ank,1837.0122698289151,0.04558421735079024,0.11807964409903456,0.38604636471090914,0.6994623312269335,0.9999089513852738
Ank1,236.14355504149333,-0.12265548895226626,0.29466047849947935,-0.41626040104486894,0.6772194656451153,0.9999089513852738
Ank2,1443.381561871697,-0.14952408965572622,0.0973616606563398,-1.5357594421433054,0.12459739029297834,0.9999089513852738
Ankle2,1060.015454054377,-0.03939917346245949,0.11437767014895578,-0.3444656060151369,0.7304961575519934,0.9999089513852738
Ankrd11,327.27570640496873,-0.09622454433691603,0.14680107815262797,-0.6554757332018509,0.5121615053620151,0.9999089513852738
Ankrd13a,231.71640602186844,0.19674784639812656,0.1733072269092769,1.1352547144564282,0.2562686105271562,0.9999089513852738
Ankrd13b,236.62869681871248,0.08858352090896222,0.15642196429816033,0.5663112677712618,0.5711822020172443,0.9999089513852738
Ankrd13d,153.83235792130597,0.12004568894716672,0.17847831778275405,0.6726065689014828,0.5011976215277565,0.9999089513852738
Anks6,61.43620181730689,-0.09082043925164685,0.31825938377544655,-0.28536610036210835,0.775363676216716,0.9999089513852738
Anln,98.02361998567164,-0.5811388262559082,0.3788242663693612,-1.5340591346629477,0.12501510552337677,0.9999089513852738
Ano1,44.89404025536615,0.04555535562427179,0.3123240135950779,0.14585927959844114,0.8840324778925597,0.9999089513852738
Ano5,7.833713920268853,0.3741470030021031,0.6726453007698954,0.5562322409356945,0.5780521014724502,0.9999089513852738
Anp32e,357.649844301616,-0.018163905624956782,0.14342114175607515,-0.12664733666567246,0.8992195293235872,0.9999089513852738
Anxa2,80.5168328544089,-0.34286391678879463,0.3008126302288303,-1.1397922903967683,0.2543728464278968,0.9999089513852738
Anxa6,724.5985334136772,-0.01160513550454433,0.13520155928838418,-0.08583581110770062,0.9315969383730588,0.9999089513852738
Anxa8,2.270224072327917,0.32172231280326813,1.3894982891000185,0.23153847351021098,0.8168964997995565,0.9999089513852738
Aox3,5.859329261276251,-1.1964024579671155,0.8423228520395846,-1.4203609163281863,0.1555026350331204,0.9999089513852738
Ap1b1,1045.5985126537814,-0.04104438775947618,0.12167073254302112,-0.33733985899167196,0.7358607156605728,0.9999089513852738
Ap1g1,655.820465773715,0.022102934686849103,0.10950159412038755,0.20185034623832812,0.8400337209275903,0.9999089513852738
Ap1s1,274.19706900363207,-0.16545119044983914,0.19044431721529478,-0.8687641241759856,0.38497615963279597,0.9999089513852738
Ap2a1,293.19505312336446,0.013241770905791289,0.14722031225509502,0.08994527115828078,0.9283307057396689,0.9999089513852738
Ap2a2,693.9899859332592,-0.08162236432827577,0.12893220244021347,-0.6330642212221922,0.5266917056057948,0.9999089513852738
Ap2b1,1642.5913954557109,-0.061331853002713,0.10984541938050729,-0.5583469328862766,0.5766075023934301,0.9999089513852738
Ap3b1,323.9737820065659,-0.02601584582695543,0.164241731604766,-0.1583997293060718,0.8741418270684123,0.9999089513852738
Ap3b2,425.7556216489333,-0.036404121060797996,0.12902182002921353,-0.2821547630668615,0.7778248434296627,0.9999089513852738
Ap3m2,456.542699022174,0.02075050078569435,0.1261563606700305,0.16448239847349852,0.8693514020166574,0.9999089513852738
Ap3s2,286.63794084646537,0.004704583305402063,0.14303540954102614,0.03289103950202394,0.9737614783728615,0.9999089513852738
Ap4s1,379.78093523952083,-0.06901598921606264,0.1484949927330951,-0.464769807693866,0.6420963113357931,0.9999089513852738
Ap5z1,76.59561637057918,0.4103316450599027,0.24795973996735737,1.6548317283842966,0.09795863603376168,0.9999089513852738
Apaf1,113.32922674594256,-0.20634224510689775,0.2148588965875853,-0.9603616530851176,0.3368732306261394,0.9999089513852738
Apba1,554.265254992974,-0.15787601696731074,0.13499095437252626,-1.1695303415044387,0.2421900240728314,0.9999089513852738
Apba3,258.00203753455656,0.06860079978975045,0.14892914722033762,0.46062709060072016,0.6450661719877953,0.9999089513852738
Apc,1784.4863871571063,-0.00912936054690517,0.10772848295112826,-0.08474416697250592,0.9324647820707139,0.9999089513852738
Apc2,958.4601677001756,0.005503587564015832,0.159709467093656,0.03445999579216207,0.9725103421213878,0.9999089513852738
Apcs,0.4612623283869004,-0.8346873685260632,3.3313790128876266,-0.25055310887684296,0.8021596390922944,0.9999089513852738
Apex1,11.833629341200393,0.34932671446626157,0.5563275535792346,0.6279155368430065,0.5300592723856443,0.9999089513852738
Aph1c,36.19802345297793,-0.0904862819405561,0.3972471964695761,-0.22778331161233542,0.8198147010827658,0.9999089513852738
Apip,296.9799013194441,0.043431806290826776,0.14233942871065938,0.305128429165701,0.7602683396542538,0.9999089513852738
Apln,1020.4485819265868,-0.24295408935297444,0.2262267143283059,-1.073940759270337,0.28284923372812765,0.9999089513852738
Aplnr,2.3200250977549266,0.5891188884997659,1.4104661525284168,0.4176767286784621,0.6761834890681999,0.9999089513852738
Aplp1,9929.60192590015,-0.10316729532142986,0.11082443318411497,-0.9309074935671978,0.35190141791323015,0.9999089513852738
Aplp2,1318.1909553379248,0.055744193537406575,0.09672402290950641,0.5763221158569887,0.5643974769823668,0.9999089513852738
Apmap,561.760236867388,0.03927823776767672,0.11827093500200897,0.3321038915183137,0.7398108117381581,0.9999089513852738
Apoa1,1.6081719164370114,0.537282060748335,1.46049642872383,0.36787632628298017,0.7129654531899225,0.9999089513852738
Apoa4,9.629948474636933,-0.4243343715062459,0.6060143715577064,-0.7002051294848535,0.4837992086669519,0.9999089513852738
Apob,1.0319558250814895,-2.289915455787926,2.3449040843220423,-0.9765497322889374,0.3287921154916874,0.9999089513852738
Apobec1,47.86360889547121,0.2734510546929806,0.3006088521565499,0.9096573594931058,0.363003238363262,0.9999089513852738
Apobec3,242.6343249615983,0.0522876865901686,0.19320017041711585,0.27063996101701354,0.7866679579546401,0.9999089513852738
Apod,474.91413047399584,-0.3163960789838473,0.24852545051277916,-1.273093272061399,0.20298494609040585,0.9999089513852738
App,1825.6334683731577,-0.014600534570412178,0.12521956570739623,-0.11659946660835434,0.9071774604272227,0.9999089513852738
Appbp2,705.3085834474381,-0.04208724274075565,0.11817054033150032,-0.3561568105103823,0.721723134187908,0.9999089513852738
Appl1,668.0482022545249,-0.09282050321420708,0.11688498365908617,-0.7941182888379655,0.4271265715112895,0.9999089513852738
Appl2,5793.7513811256,0.015245410718479437,0.11862703890524182,0.128515478925992,0.8977410493873107,0.9999089513852738
Aqp2,6.854005029863714,0.26019594626507736,0.7971268113343091,0.32641725578084096,0.7441086836579724,0.9999089513852738
Aqp3,0.14774983801143024,0.9543856482214617,4.427724182917884,0.21554767388254945,0.8293403470759629,0.9999089513852738
Aqp4,3667.2195477329,-0.023968720088468946,0.1702652362366136,-0.14077283547864214,0.888049403478959,0.9999089513852738
Aqp5,1.7161327429263136,-0.3742755192236198,1.785487079170203,-0.20962096202766284,0.833963517782187,0.9999089513852738
Aqp6,10.320151361139585,-0.5531571883420978,0.6569553835642286,-0.8420011498208803,0.3997873098455482,0.9999089513852738
Ar,163.24490041419355,-0.0807925535534095,0.1916239014086527,-0.421620439618924,0.6733020847394571,0.9999089513852738
Araf,1071.7135927359607,-0.07444432408029619,0.11157886365950236,-0.6671901974864423,0.5046506517204193,0.9999089513852738
Arap1,293.2894585515597,0.0696854722609452,0.16318902986490616,0.4270230193698276,0.6693625613208702,0.9999089513852738
Arc,87.19775318394505,0.1908492874436245,0.2670807454444917,0.7145752387578587,0.4748715496110365,0.9999089513852738
Arf2,190.75366500538203,-0.044498541763444484,0.15897875746825138,-0.2799024377349974,0.7795523569081282,0.9999089513852738
Arf6,98.46023790860143,0.08410369062328804,0.20817637919939647,0.40400208201686255,0.6862111881515152,0.9999089513852738
Arfip2,616.212508262037,0.01712094049454293,0.11064312500650152,0.1547402108674794,0.8770261280884801,0.9999089513852738
Arg1,4.690825045435232,0.15756643008504934,0.9445803881156966,0.1668110327797213,0.867518737420157,0.9999089513852738
Arg2,3.0966230898142086,0.048792510777162595,1.0864862592960356,0.0449085392104053,0.9641802104076296,0.9999089513852738
Arhgap17,220.10153124101237,-0.10242116868605394,0.16504962818986843,-0.6205477092516168,0.5348972539727064,0.9999089513852738
Arhgap31,136.1213540708952,-0.09657752828186686,0.21481430722098774,-0.4495861077936203,0.6530089069612662,0.9999089513852738
Arhgap35,878.3644802509034,-0.035276042742599885,0.11914250440024868,-0.29608277012621076,0.7671668718335138,0.9999089513852738
Arhgap44,715.2847660704889,0.05069404469607158,0.2376767396262866,0.21328988598455562,0.8311008618752393,0.9999089513852738
Arhgef1,414.7256420772413,0.1010056558441485,0.1764326917336256,0.5724883231767768,0.566991194361089,0.9999089513852738
Arhgef11,398.12256289136184,-0.08098276576818528,0.12345951482271494,-0.6559459259537403,0.5118589170978949,0.9999089513852738
Arhgef12,1852.106398651894,-0.08730903263783969,0.14844181044885635,-0.5881700874830064,0.556418132987311,0.9999089513852738
Arhgef15,37.06704109796477,-0.17962516070762805,0.3398958672933656,-0.5284711524679787,0.5971723641279386,0.9999089513852738
Arhgef28,414.7548724510032,-0.6408905237519221,0.29106960942425963,-2.201846235406073,0.027676171862704005,0.9999089513852738
Arhgef3,129.38702473503778,-0.1695008339283925,0.24122394100967584,-0.7026700302587029,0.482261408807538,0.9999089513852738
Arhgef6,69.45013054048898,-0.17744950562876813,0.23850225686493587,-0.7440160439624603,0.45686676888138444,0.9999089513852738
Arhgef7,552.2514336834661,0.14790310647825727,0.12048504667651343,1.2275640053106154,0.21961068089553104,0.9999089513852738
Arid1a,761.5187945408267,0.1245850468041345,0.11218624864492642,1.1105197678768164,0.26677511463133163,0.9999089513852738
Arid1b,275.61527542028705,0.06563484232086643,0.14180473470901048,0.4628536730846963,0.6434692559605577,0.9999089513852738
Arid2,422.1949273997093,-0.009588614092747109,0.1409685714188309,-0.06801951666416789,0.9457700982122279,0.9999089513852738
Arid3a,15.395595080746597,-0.40786923892404214,0.48087685435780486,-0.8481781462922311,0.3963387659531281,0.9999089513852738
Arid3b,29.242182009496293,0.1466377374052141,0.3595758230116326,0.4078075555165182,0.6834149661876847,0.9999089513852738
Arid5b,193.18082666553826,-0.03793335426525016,0.17883737750087605,-0.21211088417500606,0.8320205285556594,0.9999089513852738
Arl13b,194.66626638711807,0.0435740045269012,0.16862343766929755,0.2584101304609746,0.7960903990657668,0.9999089513852738
Armc12,0.2954996760228605,1.7066408868195215,4.33774436334208,0.393439710565289,0.6939947447779556,0.9999089513852738
Arnt,448.1984576850404,-0.03369184798990432,0.1771549682178146,-0.19018291346184377,0.8491657998487283,0.9999089513852738
Arnt2,689.2935730750261,-0.019972493922051478,0.12503882787454923,-0.1597303354609959,0.8730935034575988,0.9999089513852738
Arntl,218.01862413474603,-0.25196333817598454,0.2360693012972123,-1.0673278431013002,0.28582381934941214,0.9999089513852738
Arr3,0.5126405351243992,0.8061493522157637,2.8347444750408908,0.2843816644899308,0.7761179088135587,0.9999089513852738
Arrb1,1296.5465900385564,-0.09105744480471069,0.11758594299376585,-0.7743905647764235,0.4386998615618991,0.9999089513852738
Arrb2,134.49772915908343,-0.03953434173039674,0.1832573869349731,-0.21573123131142907,0.8291972553247033,0.9999089513852738
Arrdc2,328.6384974726975,0.41431698655337773,0.16948954765476706,2.444498745122025,0.014505358541047496,0.9999089513852738
Arrdc3,534.5173968508064,0.2728500426601443,0.12099015721266189,2.2551424756028826,0.024124387256081428,0.9999089513852738
Arx,96.4532926911268,-0.0660912157070784,0.326614086853165,-0.20235261847965194,0.839641067083939,0.9999089513852738
Asap1,737.9446187265366,-0.05297361251710869,0.11298262265506782,-0.46886513405548536,0.6391660393782954,0.9999089513852738
Asap2,713.5929703930195,0.2654966598421134,0.1253563327709265,2.117935759394592,0.034180508615722555,0.9999089513852738
Asb9,0.3499546068311728,-1.9174255606522936,3.8305530152323097,-0.5005610294460338,0.6166800948440196,0.9999089513852738
Ascc2,149.8071509243628,0.12835676989454858,0.20150427300263882,0.6369927941571127,0.5241295372860941,0.9999089513852738
Ascl1,11.523245013885187,0.0035077092768301035,0.5768021656747618,0.006081303929791373,0.9951478513921229,0.9999089513852738
Ascl2,15.867392417538044,0.17008662024405033,0.5782768596787494,0.29412662360126024,0.7686611475069486,0.9999089513852738
Asf1a,496.07662645402525,0.01695118797596555,0.1375903461975536,0.12320041663117023,0.9019483956591087,0.9999089513852738
Ash1l,729.1878538461025,0.07020143563937366,0.1119770770437501,0.6269268451430068,0.5307071893205174,0.9999089513852738
Ash2l,658.1807572806165,-0.008670496617073507,0.11711838420803217,-0.07403190093258537,0.9409850016262847,0.9999089513852738
Asic1,159.99719121950778,-0.2732699075017412,0.20368768702059387,-1.341612306069891,0.17972173398323477,0.9999089513852738
Asic3,3.2305546530646327,-0.7396758411946684,1.2061041339163565,-0.6132769305688865,0.5396932445506526,0.9999089513852738
Asna1,1067.518839048371,-0.032193381659212934,0.11654166674774663,-0.2762392417889064,0.7823643187699467,0.9999089513852738
Aspa,236.5483780216737,-0.2656782382359984,0.17779151212755528,-1.4943246449548695,0.1350907866456183,0.9999089513852738
Asxl3,13.056022560186861,-0.3636427103159167,0.5740707562472073,-0.6334458015125305,0.526442563366082,0.9999089513852738
Atad3a,253.9014072858503,0.052398355555675805,0.15607444358609276,0.3357266849826837,0.7370769809216071,0.9999089513852738
Atf1,213.9343298747899,0.03726487274851411,0.16401626346913997,0.22720230274923667,0.8202664371815139,0.9999089513852738
Atf2,290.09466864222617,-0.01863442856485246,0.13754975091722416,-0.13547409893941897,0.8922370415007344,0.9999089513852738
Atf4,1385.8328652853395,-0.036194681435218944,0.15733283628986883,-0.23005166809892205,0.8180516208878039,0.9999089513852738
Atf5,322.34750164607516,0.13015896872885221,0.17867944626490606,0.7284495863944056,0.46633841851678437,0.9999089513852738
Atf6,85.39385816617158,0.03014383334016469,0.24925879055360378,0.12093388270566201,0.9037434045974496,0.9999089513852738
Atf6b,415.3490530514262,0.09089456840027521,0.14240882574721453,0.6382649946262413,0.5233011948518207,0.9999089513852738
Atg101,353.6444132432978,0.04141553799101737,0.1453066487704836,0.2850216307474994,0.7756275700188247,0.9999089513852738
Atg13,774.1598482190653,-0.0043140825950641415,0.13086850450940649,-0.032965017910432805,0.973702484134045,0.9999089513852738
Atg14,234.07624767230598,0.08316944123934732,0.15127391078111227,0.5497936875558828,0.5824608887743803,0.9999089513852738
Atg16l1,252.67847076970824,0.01704134533302884,0.14929503545148728,0.11414542540877953,0.9091225132481817,0.9999089513852738
Atg3,391.21916709077806,-0.12603406160144595,0.1265556151894294,-0.9958788585776872,0.31930900858687117,0.9999089513852738
Atg5,451.81099838342334,-0.026576525438201652,0.13710441062810957,-0.1938415060204697,0.8462999862384832,0.9999089513852738
Atg7,243.86847623967014,0.010027647626215932,0.15723022268965772,0.06377684553693334,0.9491479153012037,0.9999089513852738
Atg9a,639.9278670561117,-0.008030255966357883,0.1379129699688752,-0.05822698161144805,0.9535678289594016,0.9999089513852738
Atl1,427.0730481469868,-0.06255833194607281,0.14617345046331043,-0.42797328617329844,0.668670569544134,0.9999089513852738
Atm,96.7448455508178,0.19178653481086902,0.2920974649038517,0.6565840442127715,0.5114484111584787,0.9999089513852738
Atn1,860.8322336173266,-0.020981699497144218,0.1037395237268032,-0.20225367095765034,0.8397184166521388,0.9999089513852738
Atoh1,0.6144205428127577,-1.3897836777262451,2.669004132439671,-0.5207124488248274,0.6025671009444928,0.9999089513852738
Atoh7,3.2939623059171943,-1.2729320587079784,1.1260963079807211,-1.1303935992744338,0.25831041000087607,0.9999089513852738
Atp1b2,37005.89577142867,-0.0337105408835819,0.09613225729101738,-0.350668358712636,0.7258371660385301,0.9999089513852738
Atp2a2,7854.178832397585,0.012599430533142282,0.09384832331515376,0.1342531234237601,0.8932024196709185,0.9999089513852738
Atp2a3,19.700958496674694,0.10302260095044852,0.4782245032994111,0.21542727367515754,0.8294342078424393,0.9999089513852738
Atp2b2,2689.170326044683,-0.024872473008317512,0.23207141441766269,-0.10717594439939991,0.9146493990790143,0.9999089513852738
Atp2b3,120.07190838185818,-0.036600698315283314,0.19921007889729497,-0.18372914923723926,0.8542259403755746,0.9999089513852738
Atp2b4,320.728267807559,0.13483734001118983,0.23240718005950928,0.5801771699852987,0.5617951476047731,0.9999089513852738
Atp4a,2.491666299415933,0.6491252457377543,1.175274260097293,0.5523180995081247,0.5807304321663483,0.9999089513852738
Atp4b,0.2069686257534271,-0.969188503896664,4.42774672984595,-0.21888977916548177,0.8267359084612689,0.9999089513852738
Atp5f1,3655.9252400482233,-0.035342055886905636,0.126431106578442,-0.2795360797145145,0.779833453474725,0.9999089513852738
Atp5o,3547.7229403704882,-0.04454967895505965,0.11608754469937685,-0.38375933499521064,0.7011568304745641,0.9999089513852738
Atp6ap2,1197.6973066657167,0.12565659545964766,0.11889557410673192,1.0568652063267419,0.2905731097904235,0.9999089513852738
Atp6v0a1,1743.9249403846136,-0.08144928841937928,0.09317591318793411,-0.8741453196718078,0.3820391196913565,0.9999089513852738
Atp6v0d2,0.5505018595899633,0.9187239555317777,2.7929893477320795,0.3289392980599034,0.7422015700754143,0.9999089513852738
Atp6v1a,2032.072752891888,-0.053409953859208416,0.10095629331433194,-0.529040360989821,0.5967774516560427,0.9999089513852738
Atp6v1b2,2440.5501673145623,-0.046180423703947565,0.10901784598305336,-0.42360425751877573,0.6718544498205001,0.9999089513852738
Atp7a,255.73887941666632,-0.022679791892956883,0.1600391793117733,-0.1417139977253585,0.8873059179487375,0.9999089513852738
Atp7b,388.2618433599127,0.24634811792608807,0.25213430064125225,0.9770511877977403,0.32854381145126454,0.9999089513852738
Atr,122.0720023790956,0.07572270652042042,0.20870517579145145,0.3628214117511216,0.7167382959739925,0.9999089513852738
Atraid,801.3996100785108,0.0017732950094447345,0.11134919191607738,0.015925531015808778,0.987293801778543,0.9999089513852738
Atrx,508.29748127111793,0.044769908806670575,0.12464087953815446,0.3591912137700041,0.7194520490560674,0.9999089513852738
Atxn1,402.8440536253067,0.05538480325767692,0.14583459660753978,0.37977821824216895,0.7041100524073802,0.9999089513852738
Atxn10,3075.2947467368153,0.003596744569888106,0.0946348764652375,0.038006543720795254,0.969682464664674,0.9999089513852738
Atxn3,199.57068145847884,-0.09815228459638878,0.15623270337386636,-0.6282441670455476,0.5298440009746785,0.9999089513852738
Aurka,6.23432464597201,1.462272763478482,0.7938641235330421,1.841968568841138,0.06547974757126485,0.9999089513852738
Aurkb,0.8059613883952434,1.862737574829431,2.264478125168888,0.822590226916193,0.41074105817251527,0.9999089513852738
Avil,7.763551777229107,0.52749776772365,0.900398527954656,0.585849211595129,0.5579768498957494,0.9999089513852738
Avpr1b,0.0,,,,,
Avpr2,0.3056719093709721,1.7522127818210251,3.970869407267861,0.44126678621411203,0.6590198682649857,0.9999089513852738
Axin1,63.50226475249135,0.035627842739335454,0.2878897645743708,0.1237551560473477,0.9015091390664052,0.9999089513852738
Axin2,287.81494952300204,0.10965148159321508,0.1475661596728107,0.743066580009526,0.4574413718738921,0.9999089513852738
Axl,565.0848576563978,0.056274684993563535,0.13823834057668058,0.4070844944955634,0.6839459311930478,0.9999089513852738
Azi2,360.4538078762971,0.0448931827918404,0.14172351608497982,0.3167659399934849,0.7514212102330751,0.9999089513852738
Azin2,9.058559324653077,-0.10965526141643195,0.6166472748074171,-0.1778249347662778,0.8588604643247115,0.9999089513852738
B2m,2402.1295663525375,0.14802712782185276,0.16712336424330515,0.8857356868806728,0.37575997309189235,0.9999089513852738
B3glct,76.28724394346713,0.1776635340794343,0.23025880508813898,0.771581933691647,0.4403620778920575,0.9999089513852738
B3gnt2,109.01776964384594,-0.25048985964370046,0.21934427272409465,-1.1419940741228412,0.25345648287564604,0.9999089513852738
B3gnt6,2.50263473829977,-1.1043725967933817,1.2303540780676978,-0.8976055076176338,0.369395901730862,0.9999089513852738
B4galnt1,172.40364009609712,0.035124805343892805,0.19298816029555077,0.1820049752798363,0.8555788214084448,0.9999089513852738
B4galnt2,0.3009080524372876,-0.0073985309041374155,3.8731274042225183,-0.0019102214133393778,0.998475864753496,0.9999089513852738
B9d2,83.19507082564469,0.373682686475473,0.2307666245917005,1.6193099289667057,0.10538059542751468,0.9999089513852738
Babam2,313.0910985371569,-0.05576715756710808,0.1567386813292852,-0.355797031684536,0.7219925721933618,0.9999089513852738
Bace1,202.22027032582864,-0.013285592616134647,0.15896558716436157,-0.08357527470645633,0.9333941260695727,0.9999089513852738
Bace2,32.824395160454664,-0.388284001363306,0.3684257678413426,-1.0539002297214863,0.2919285977271505,0.9999089513852738
Bach1,170.11652913276794,-0.1287862727466595,0.17283246752845444,-0.7451509232514814,0.4561804873683609,0.9999089513852738
Bach2,210.88459985153887,0.06173514180133858,0.19475665723114344,0.316986041345274,0.7512541939052533,0.9999089513852738
Bad,268.7053698836361,-0.012859544934550488,0.16196240658698208,-0.07939833202987297,0.936715795302253,0.9999089513852738
Bag2,39.17042771868811,0.08966366445882491,0.30593804544367786,0.29307784956523714,0.7694626472448711,0.9999089513852738
Baiap2,245.95967295046964,-0.056822545482540836,0.18501676292760338,-0.3071210661315881,0.7587512236197494,0.9999089513852738
Bak1,80.69587533541203,-0.06994448190954479,0.2569397724605466,-0.2722213117873172,0.7854518559622266,0.9999089513852738
Banp,204.67558318802176,0.2485601155998352,0.20109157539435987,1.2360543454512452,0.2164383635578322,0.9999089513852738
Bap1,393.8762371525252,-0.030877446436152728,0.14745148175891382,-0.2094075018292321,0.834130136975645,0.9999089513852738
Bard1,11.278253673124361,-0.048845937695768865,0.5746970023534455,-0.08499424478592989,0.9322659661496513,0.9999089513852738
Barhl1,5.085869708598067,-1.8904028798118178,1.396837431137654,-1.3533449474304102,0.1759454561726207,0.9999089513852738
Barhl2,100.51635520036128,-0.390232680568386,0.2413324393495324,-1.6169922353587733,0.10587995697772234,0.9999089513852738
Barx1,0.0,,,,,
Batf,2.447011735177048,-1.340677461155359,1.4254021270986692,-0.9405608674684927,0.3469299437057528,0.9999089513852738
Batf3,8.641545349075411,0.3311673828549709,0.6271181969346322,0.5280780951242118,0.5974451336283639,0.9999089513852738
Bax,344.4913125586845,0.08141718630378805,0.15312934938519024,0.5316889716483196,0.5949414314082611,0.9999089513852738
Baz1a,20.468855595995443,0.14542902728952434,0.49293342272323826,0.295027727042921,0.7679726987977287,0.9999089513852738
Baz1b,707.9078037640833,0.05360788994526219,0.10853719712069007,0.49391260662141334,0.6213679009495978,0.9999089513852738
Bbc3,8.356672738974527,-0.7997088672430416,0.7951444012777427,-1.0057404239506236,0.3145404522667612,0.9999089513852738
Bbox1,434.9824638809725,-0.12570397326974314,0.18920154528275382,-0.6643918953298389,0.5064395187365931,0.9999089513852738
Bbs1,187.85775086643977,0.12344781250977482,0.1986944608113146,0.6212946853460806,0.5344057498886099,0.9999089513852738
Bbs2,362.4294737133932,0.05706596108137776,0.1445183987204117,0.39486986838111016,0.6929389283054157,0.9999089513852738
Bbs4,275.6741880124312,0.1555436181294502,0.13899674293973238,1.1190450570262094,0.26312091748778066,0.9999089513852738
Bbs5,73.08088358274007,0.07516698472989279,0.2331096929068676,0.3224532785083443,0.747109327330751,0.9999089513852738
Bbs7,210.58446630172614,-0.11897138967728814,0.17691462382595408,-0.672479115091867,0.5012787314850262,0.9999089513852738
Bbs9,528.759798244014,-0.07778494017373068,0.13699787310978612,-0.5677821006125847,0.5701829353339833,0.9999089513852738
Bcam,142.98215577089107,-0.1683498777008177,0.24586003006102858,-0.6847387013620273,0.4935088226814751,0.9999089513852738
Bcar1,264.69608641617623,0.2720237152403497,0.19189842851897923,1.4175400879504643,0.1563250824842131,0.9999089513852738
Bcl10,254.70003982012747,-0.051229944115108714,0.15169573880671727,-0.33771511657544456,0.7355778820093699,0.9999089513852738
Bcl11a,38.56349523058226,0.005433314799420774,0.31533478035962165,0.017230306131231013,0.9862528849785037,0.9999089513852738
Bcl11b,35.59175524492686,-0.5114687850820927,0.4462707732196217,-1.146095186543586,0.2517557690425787,0.9999089513852738
Bcl2,334.00515794886087,0.02939104424996188,0.1486569577860432,0.1977105188191957,0.8432715593446338,0.9999089513852738
Bcl2a1a,18.821701388852578,0.6179367616932917,0.6182773332756913,0.9994491604914655,0.317577155352623,0.9999089513852738
Bcl2l1,565.5002145358898,0.12486543638705684,0.13461550408568096,0.9275709899476487,0.35363015172186996,0.9999089513852738
Bcl2l11,72.87653294576532,-0.14397212802052278,0.24872637678168705,-0.5788373950660266,0.5626988961471173,0.9999089513852738
Bcl2l12,124.59669861801105,0.05555789373471564,0.2157073465216123,0.25756143511389,0.7967453960109869,0.9999089513852738
Bcl2l2,618.6457134978926,-0.0643930666086393,0.14841823597637227,-0.4338622284857939,0.6643884897618532,0.9999089513852738
Bcl3,3.932262944131761,2.682132521418968,1.3476311803701158,1.9902570974072762,0.04656262145843168,0.9999089513852738
Bcl6,1059.0913587817581,0.20074563571914486,0.11690378682428615,1.7171867667629823,0.08594505264876749,0.9999089513852738
Bcl7a,215.02239968617945,-0.23496071023505988,0.15811569402050088,-1.4860049895148009,0.13727780124415423,0.9999089513852738
Bcl7b,561.0718087227445,0.03447765625412126,0.12212092467064334,0.28232390433585824,0.7776951577852109,0.9999089513852738
Bcl7c,211.32186455800596,-0.13888348335967193,0.1508841746207831,-0.9204642150757527,0.35733022495139743,0.9999089513852738
Bclaf1,579.4143107753903,0.03839332398840955,0.12703859769940462,0.30221778800845095,0.7624860450023536,0.9999089513852738
Bco1,0.0,,,,,
Bcor,209.76246093812176,0.13654477218841185,0.19081117006595572,0.7156015664136112,0.47423740612881393,0.9999089513852738
Bcr,859.8151490255332,0.0413352266608414,0.12484007731276596,0.33110542343932464,0.7405648551708084,0.9999089513852738
Bdh1,979.5486609304552,0.009515487510706109,0.13031735833338245,0.07301780539752235,0.9417919486728454,0.9999089513852738
Bdkrb1,0.643275460102017,0.11041678780665706,2.324599508634907,0.047499273486252255,0.9621153093577554,0.9999089513852738
Bdkrb2,1.0780145235432717,0.4254722877611647,1.932957399947622,0.22011467390470887,0.8257818469312435,0.9999089513852738
Bdnf,110.12606626208542,-0.3600253168687517,0.2908322639509131,-1.2379139507352495,0.21574796892640258,0.9999089513852738
Becn1,397.20202870256406,0.09795072912410482,0.13922546597134577,0.7035403217416002,0.4817190876429778,0.9999089513852738
Bex3,875.5748155419446,-0.047939152069727375,0.11550618614735893,-0.41503536450046247,0.6781160146635421,0.9999089513852738
Bfsp1,10.114195704404375,-0.1280712550838485,0.6434336887984965,-0.19904344039398975,0.8422287638641224,0.9999089513852738
Bglap,2.6208189319457085,-1.6320613971285243,1.3050778822529194,-1.2505471277401026,0.21109975091018007,0.9999089513852738
Bglap2,3.9529871561752183,-1.2092397601197056,0.9801617508968961,-1.2337144956056405,0.21730931048242352,0.9999089513852738
Bhlha15,2.1752034209168363,-0.8489935986635493,1.3393930884661063,-0.6338644017013929,0.526169319272803,0.9999089513852738
Bhlhe22,30.224293023138788,-0.5282488216888239,0.36076833283544973,-1.464232787664775,0.14313035448391956,0.9999089513852738
Bhlhe40,696.2689736843025,-0.046442974930720096,0.14889606548942655,-0.3119153939901664,0.7551048230453432,0.9999089513852738
Bhmt,1.533157748439513,0.11094113411212046,1.7424015351841957,0.06367139368962532,0.9492318830422808,0.9999089513852738
Bicd2,1501.566224147087,-0.10505023812077573,0.14279666259054558,-0.7356631185561824,0.4619357399605276,0.9999089513852738
Bid,26.52864047260601,0.05650502009913175,0.4530734478205849,0.12471492286943173,0.9007492429018601,0.9999089513852738
Bin1,1118.7929369610522,-0.09187531553971144,0.1400210801311475,-0.6561534552772951,0.5117253931701162,0.9999089513852738
Birc2,141.59398226243687,0.08596298157596469,0.19156938974637047,0.44873025742670025,0.6536262548118656,0.9999089513852738
Birc3,31.81483409142244,-0.01826518045989094,0.3509178763475803,-0.05204972926998874,0.9584890688586462,0.9999089513852738
Birc5,11.55905385154592,-0.6049916488789422,0.5927534849653525,-1.0206462960134346,0.3074220469047674,0.9999089513852738
Blk,0.0,,,,,
Blmh,482.7186924491015,0.15791718771457,0.12577368065744515,1.255566243184616,0.2092732767331057,0.9999089513852738
Blnk,33.622924969558305,0.11876279697489261,0.4017688041420911,0.29559984685344187,0.7675356906031027,0.9999089513852738
Bloc1s5,99.45350684003279,-0.002919429858135671,0.213158612686501,-0.013696044562034033,0.9890724791346611,0.9999089513852738
Bloc1s6,60.644377769760474,0.023125776086015102,0.2533587315751417,0.09127680716682308,0.9272726462467198,0.9999089513852738
Bmf,16.23291395703448,-0.05391401208772107,0.5285191144715333,-0.10200957848351375,0.9187490722176346,0.9999089513852738
Bmi1,347.78927130738356,0.028784521688131996,0.13288033035583688,0.21661988355274744,0.8285045888128159,0.9999089513852738
Bmp1,1297.0277997878557,0.08009456144036756,0.16516558264376824,0.484934937160103,0.6277224986767751,0.9999089513852738
Bmp10,0.35370546718464785,1.9252687516065734,3.820606285903314,0.5039170769074359,0.6143196497653132,0.9999089513852738
Bmp15,0.6960728748493773,1.5577697003112292,2.6099536050804257,0.5968572381052829,0.5506026992040356,0.9999089513852738
Bmp2,13.903606714902901,-0.11295665851493217,0.5028638306148203,-0.22462673121036983,0.822269667760549,0.9999089513852738
Bmp3,2.9748919992149165,0.5362115971164743,1.180242642616965,0.4543231855506647,0.6495962305982146,0.9999089513852738
Bmp4,4.302048128381716,-0.2270315478073837,0.9944572780587522,-0.22829693423388145,0.8194154077627966,0.9999089513852738
Bmp5,3.3191754484876825,-1.2586303939935004,1.0735209946521922,-1.1724320253292124,0.24102364806884502,0.9999089513852738
Bmp6,27.391563074934833,-0.7958331399712347,0.559416533496847,-1.4226128337619472,0.15484842155318104,0.9999089513852738
Bmp7,243.75622076942693,-0.2786510140962473,0.27253241828073976,-1.022450891729162,0.3065675441264728,0.9999089513852738
Bmp8b,0.6544606900303381,-1.495091087394374,2.405245868052921,-0.6215959487770247,0.534207585571318,0.9999089513852738
Bmpr1a,207.49138985283184,0.003108771960495456,0.17006362449443205,0.018280052361210487,0.9854154407183312,0.9999089513852738
Bmpr1b,1105.0128425533387,-0.020349706339025556,0.13230618733664026,-0.15380766953285185,0.8777613863876248,0.9999089513852738
Bmpr2,1288.1125577583543,-0.016237127409992433,0.10362549442189604,-0.1566904698556645,0.8754887982547619,0.9999089513852738
Bnc1,0.5457380026562787,-0.9438140811318522,2.8006835716713856,-0.33699418623311483,0.7361212827542616,0.9999089513852738
Bnc2,42.81504979010908,-1.4240972743081886,1.0880899938156243,-1.3088046782916196,0.1906005218451975,0.9999089513852738
Bnip3,580.060070824572,-0.0017035607181945286,0.18867159447867102,-0.009029237935375127,0.9927958083452025,0.9999089513852738
Boc,166.78572393265648,-0.010252048476648956,0.21180238280649974,-0.04840383918633773,0.9613943996650742,0.9999089513852738
Borcs8,149.81196021757,-0.20171619063435328,0.26237616347472453,-0.7688053211959751,0.44200888950507633,0.9999089513852738
Bpifb1,0.15792207135954184,0.9543856482214617,4.427724182917884,0.21554767388254945,0.8293403470759629,0.9999089513852738
Braf,293.0854991367697,-0.06641850706391152,0.14269674302250582,-0.4654521585922682,0.6416076896418033,0.9999089513852738
Brca1,12.456452137083616,-0.590560454736474,0.6587501671586115,-0.8964862313185282,0.36999313070738304,0.9999089513852738
Brca2,26.96982286947048,-0.05680716627461838,0.38256321762934015,-0.14849092556947804,0.8819553469134997,0.9999089513852738
Brcc3,140.44568395346082,-0.08472329595319157,0.19846566064157534,-0.4268914616226734,0.6694583848537983,0.9999089513852738
Brd2,1064.2233015939737,-0.029933593148904935,0.10470038225476389,-0.28589764912288995,0.7749565143602957,0.9999089513852738
Brd4,800.6952794032562,-0.015518784640404423,0.11887052240205913,-0.13055200168057476,0.8961297147482893,0.9999089513852738
Brd7,534.0857325756414,-0.006369288357722167,0.12153263486234304,-0.052408049615121896,0.9582035602679433,0.9999089513852738
Brd8,605.02045880046,-0.019038791369543735,0.13567839930158065,-0.14032293620464267,0.8884048431407601,0.9999089513852738
Brip1,2.1639293228498047,-0.7610531916162214,1.3756008539794298,-0.5532514678328354,0.5800912285761302,0.9999089513852738
Brpf1,215.05144922914474,-0.011607605542079721,0.15773114367320173,-0.07359108208921099,0.9413357673603119,0.9999089513852738
Brpf3,110.9383107135943,0.17021906856908436,0.21458503281389935,0.7932476293288743,0.4276335625340222,0.9999089513852738
Brs3,0.4474920642769111,-0.7944632352896404,2.936703512870298,-0.27052892190439126,0.7867533696621869,0.9999089513852738
Brsk2,1130.3690429945727,-0.03783953540707404,0.12069613698262983,-0.3135107415452723,0.7538926611743076,0.9999089513852738
Brwd3,205.50696105613542,0.11126738777726064,0.16158004188477376,0.6886208623253596,0.4910618889513435,0.9999089513852738
Bsn,725.2090350774184,-0.03395171196873141,0.17612305405419615,-0.19277267335078052,0.8471370055605151,0.9999089513852738
Bsnd,0.7957891550471318,1.8429612482825963,2.5127720516346663,0.7334374986715053,0.46329163522921546,0.9999089513852738
Bsx,3.458181660466788,0.8235103467973204,1.148651470520121,0.7169366582749654,0.47341318136114496,0.9999089513852738
Btbd2,196.60348200237914,0.17222714274414397,0.17655910869014999,0.9754645003696278,0.32932990255736583,0.9999089513852738
Btbd9,255.186068740002,0.014430857426352082,0.15357355057279173,0.09396707553174696,0.9251353108982241,0.9999089513852738
Btc,3.6806166777362486,-1.1122052953850312,0.9847623634007016,-1.129414909343436,0.2587228462798734,0.9999089513852738
Btk,5.261265160291766,-0.011345344166762526,0.8977478491855961,-0.012637562069410252,0.9899169527298544,0.9999089513852738
Btla,1.2588618290865814,0.0767444671326571,1.6462835878071662,0.04661679658416567,0.9628186448454286,0.9999089513852738
Btrc,492.5615714308553,-0.02064170681256179,0.13307643121878268,-0.15511166495460074,0.8767332861842708,0.9999089513852738
Bub1,0.8765182356571587,1.8972948618488301,2.4640480548320713,0.7699910146347101,0.4413052227281711,0.9999089513852738
Bub1b,7.70370215373937,-0.426340616225324,0.7516488863547393,-0.5672071414792377,0.570573456641069,0.9999089513852738
C030029H02Rik,13.086486411052077,-0.636760911369305,0.6242884396008304,-1.0199787005129384,0.3077385624330884,0.9999089513852738
C1ql1,84.96555285414873,-0.5118544783623793,0.23592263106900344,-2.1695861734123776,0.030038209757131996,0.9999089513852738
C1qtnf12,50.98350362559237,-0.10143569918044369,0.3000300426831746,-0.3380851406522567,0.7352990279752194,0.9999089513852738
C1qtnf5,468.47695008220563,-0.16104025727655755,0.13956208671326498,-1.1538968861036034,0.24854244597340125,0.9999089513852738
C2,250.1245060008987,0.22545804029980587,0.28790935973034754,0.7830868732818106,0.43357609903946903,0.9999089513852738
C2cd6,1.6640460552551855,-0.542488525828426,1.5468756720061814,-0.3506995007070344,0.7258138001723167,0.9999089513852738
C3,3.8464978150409173,0.5171435902594796,0.9741725339880919,0.5308542093076514,0.5955198113188293,0.9999089513852738
C3ar1,18.754292911049692,0.716493522219771,0.5004291995389765,1.4317580246713124,0.15221308395825245,0.9999089513852738
C4b,1000.1360347004899,0.9196953930113331,0.616021356887962,1.4929602403031643,0.13544759482670798,0.9999089513852738
C4bp,1.3591337606263683,-1.732701084433941,1.837968143836285,-0.9427263961264171,0.34582086821617086,0.9999089513852738
C5ar1,1.8548122123085522,-0.24101868554451986,1.3444078782141107,-0.17927497261075642,0.8577217974439385,0.9999089513852738
C5ar2,2.201794914009493,0.17980937566561378,1.3493496353609504,0.13325632656914368,0.8939906658381318,0.9999089513852738
C6,0.4635939807305139,2.3494437346911075,3.5068693487505143,0.6699547377002244,0.50288664417994,0.9999089513852738
C7,0.5078766781907146,-0.9449301226910806,2.851962183854174,-0.3313263156295051,0.740398015812248,0.9999089513852738
Cab39l,213.3794195034035,-0.07715787111230613,0.19935077266055418,-0.38704575900333826,0.6987223320522649,0.9999089513852738
Cabp1,456.1855281922636,-0.17066361861859286,0.23131623243019853,-0.7377935254504542,0.4606399283277086,0.9999089513852738
Cacna1a,272.33973280584183,-0.14725274429446625,0.19953674734383148,-0.7379730613766491,0.46053081924907735,0.9999089513852738
Cacna1b,188.16196883598877,0.015310914925255593,0.16003636604144048,0.0956714733280742,0.9237814979333339,0.9999089513852738
Cacna1c,129.5806543638599,0.12058785945186469,0.20846184259434775,0.5784649025026622,0.5629502865550973,0.9999089513852738
Cacna1d,360.2169862549895,0.20070525829215585,0.1665749421295041,1.2048946601831447,0.22824397028449617,0.9999089513852738
Cacna1g,207.00680539180303,0.1566657299132012,0.22803630754608284,0.6870209906444014,0.4920695009809888,0.9999089513852738
Cacna1h,99.53483108160502,-0.08585764179090455,0.23259071975093004,-0.3691361455987809,0.7120262482049442,0.9999089513852738
Cacna1s,22.252043705224427,-0.5971924287488036,0.5216222999976609,-1.144875187950135,0.25226086351931787,0.9999089513852738
Cacna2d1,107.63965279116876,-0.1361970234935512,0.23507381687225612,-0.5793798105875969,0.5623329238626793,0.9999089513852738
Cacna2d2,646.1381101740276,-0.1355321475516161,0.14077884836029042,-0.9627309011986898,0.33568258504958937,0.9999089513852738
Cacnb1,365.52052174681586,-0.046203304877933324,0.13375722891189581,-0.34542660051941454,0.7297736821334903,0.9999089513852738
Cacng1,1.381503343468104,-0.25232042280972106,1.7534678754468394,-0.14389794437803533,0.8855810589433349,0.9999089513852738
Cacng2,241.42196979566754,0.07885695380101156,0.22102331889799434,0.35678114958270646,0.7212556492301774,0.9999089513852738
Cacng3,45.87464794939558,-0.6037399595324575,0.3383445961956962,-1.784393681237511,0.07435971711046066,0.9999089513852738
Cadm1,1546.842764132819,-0.06266860387952547,0.15039194467964673,-0.41670186533605424,0.6768964898090124,0.9999089513852738
Cadm3,138.63070884617977,0.18523977890810525,0.19252053250267123,0.9621819371683643,0.3359582208382166,0.9999089513852738
Cadps2,111.54891579875965,-0.4354746330660718,0.3804181516562084,-1.144726220791954,0.25232258612152136,0.9999089513852738
Calb1,463.39061363675563,0.009704564188323377,0.1826847903405664,0.05312190560709428,0.957634777942365,0.9999089513852738
Calb2,1220.5634998294133,-0.21705920518685842,0.21200356178158572,-1.0238469739035856,0.3059075592452055,0.9999089513852738
Calcr,3.075574408878479,0.8479639291550027,1.1554116783351722,0.7339063167310463,0.46300583697145026,0.9999089513852738
Calcrl,17.999317032352668,-0.04285112431813093,0.4480270458027041,-0.0956440570264169,0.9238032731229523,0.9999089513852738
Calu,782.9641719026304,0.04542695481115193,0.11545272272164005,0.3934680251818545,0.693973835691315,0.9999089513852738
Camk1d,420.65230909929215,-0.12778663398842624,0.23731632458219162,-0.5384654183120423,0.590255773412345,0.9999089513852738
Camk2a,2876.6914638490143,-0.0429050993236696,0.21008314292996935,-0.20422913864141828,0.8381744418534383,0.9999089513852738
Camk2b,2123.078855449248,-0.04191850607195257,0.15892830325766166,-0.26375733719369304,0.7919669106923357,0.9999089513852738
Camk2d,758.6256587836414,0.01604227727785154,0.1302962825144407,0.12312152709401805,0.9020108648159685,0.9999089513852738
Camk2g,4475.622696083934,0.027371435012408813,0.12287221651637076,0.22276341868352317,0.8237196402722674,0.9999089513852738
Camk4,240.78776414797608,-0.09393045736817011,0.29067617900963066,-0.3231446680226866,0.7465856831535695,0.9999089513852738
Camkv,619.0745698538718,-0.1617415483602854,0.17824116525515657,-0.9074309412685247,0.36417895338490724,0.9999089513852738
Camsap1,378.718228996298,0.13269384251624494,0.1449970437884333,0.9151486061319973,0.36011362086569776,0.9999089513852738
Camsap2,649.8427207080144,0.06574155381608612,0.11794406441521613,0.5573960346545825,0.5772568741519404,0.9999089513852738
Camsap3,171.71914616219297,0.0995382087628709,0.18790936604769637,0.5297139299464481,0.5963102883310825,0.9999089513852738
Camta2,346.6092192007052,0.03080487506689464,0.12821171682158491,0.24026567797825893,0.8101243007757605,0.9999089513852738
Canx,2597.560583809931,0.001906466380388554,0.10044363109632228,0.018980460578533975,0.98485669280222,0.9999089513852738
Cap2,1373.4048145325576,0.04898217660651108,0.09619399528225898,0.5092020189283565,0.6106106280873635,0.9999089513852738
Capn1,46.94386118479974,0.2998331134313413,0.29891759128939843,1.0030627911124057,0.31583056614253857,0.9999089513852738
Capn10,403.2323870999316,-0.014137797661829129,0.1284758016039089,-0.1100424942699792,0.9123756739813468,0.9999089513852738
Capn2,2370.593425020545,0.1253453863244451,0.11203809845971677,1.1187746672576113,0.2632362816223818,0.9999089513852738
Caprin1,1593.0854602007194,-0.035625711052677936,0.09628500316658767,-0.3700026990811856,0.7113804793235917,0.9999089513852738
Car2,5017.271454131381,-0.014135038861367834,0.14151533193835006,-0.09988344490846861,0.9204368596660077,0.9999089513852738
Car4,107.41190962329021,-0.08285138083976973,0.28871888413478314,-0.2869621122568902,0.7741413307168385,0.9999089513852738
Car7,16.608151982696665,-0.17262117519887965,0.5223877561014394,-0.3304464417143792,0.7410626550140739,0.9999089513852738
Card9,6.562683942630586,-0.33309307770239477,0.7473908275798394,-0.4456745592944976,0.6558323441698036,0.9999089513852738
Carm1,521.9432186272896,-0.12344205213459492,0.12677957761444245,-0.9736745811695516,0.33021814213740774,0.9999089513852738
Carmil1,942.0018951759962,-0.01743046919470187,0.13262143209787522,-0.13143025918946571,0.8954349529027277,0.9999089513852738
Carns1,12.02922045773312,-0.10606860072470403,0.6729130443416858,-0.15762601366789003,0.8747515038818999,0.9999089513852738
Cartpt,125.4597404544884,0.07419303400208581,0.6666373325273578,0.11129444809339573,0.9113828578358801,0.9999089513852738
Casc4,625.4488027418789,0.0012790897378796952,0.1408253979234781,0.009082805777511303,0.9927530691436013,0.9999089513852738
Caskin1,2815.190486872732,-0.05282890365092505,0.1481378943145531,-0.35661978250311294,0.7213764657225421,0.9999089513852738
Casp1,13.143505166619128,0.48563158073993995,0.5481178800323414,0.8859984292270954,0.3756183736407622,0.9999089513852738
Casp12,7.046876648910284,-0.8077340145035319,0.7510657125236737,-1.0754505245479062,0.2821730716734877,0.9999089513852738
Casp2,84.0799377020972,-0.05726292420525006,0.22955582740639296,-0.24945097169707192,0.8030119612326259,0.9999089513852738
Casp3,43.75558499636552,-0.17438902954687174,0.2992166526277639,-0.5828185965432139,0.5600154246747738,0.9999089513852738
Casp4,2.8049296746474712,1.29011413575446,1.2342955434118776,1.0452230364441624,0.2959198988609605,0.9999089513852738
Casp7,56.21857043084999,-0.02025041410939206,0.3139012732284507,-0.06451204833009465,0.9485625139162323,0.9999089513852738
Casp8,20.969627659686633,-0.12690709021808427,0.42369532471095434,-0.29952440543133324,0.7645399534366808,0.9999089513852738
Casp9,190.2179708795752,-0.008458722502829879,0.15809495108872582,-0.05350406476980209,0.9573302920723367,0.9999089513852738
Casq1,2.3865425198186574,-0.8182893784453705,1.360752776990876,-0.601350511482996,0.5476065530271246,0.9999089513852738
Casq2,10.899397270792297,0.6903571054528662,0.673076347963477,1.0256742902074565,0.30504513686863277,0.9999089513852738
Casr,5.631876128220146,0.696125573576923,0.9754474204364469,0.7136474596093081,0.47544520269957935,0.9999089513852738
Casz1,6.918469926463395,0.3854183504458321,0.7300010143572895,0.5279696094465892,0.5975204292670159,0.9999089513852738
Cat,943.6884913279114,0.0014155555026649945,0.10891317909437483,0.012997100208032632,0.9896301063646713,0.9999089513852738
Cav1,56.127568917524,-0.21958869221243313,0.2751014028600251,-0.7982100052181941,0.42474863225873627,0.9999089513852738
Cav2,299.42057918157184,-0.024690180461942095,0.17868388655181064,-0.13817799096721015,0.8900997488919827,0.9999089513852738
Cav3,1.1772734585028488,-0.5345836315919412,1.7384649066495632,-0.30750326310711185,0.7584603396736348,0.9999089513852738
Cavin1,67.59062290725188,0.13666429001457175,0.25363906786084794,0.5388140366828221,0.5900151771915072,0.9999089513852738
Cbfb,336.899764569663,-0.0606934648573355,0.1435696599866265,-0.422745758839222,0.6724807659360901,0.9999089513852738
Cbl,476.59729134743685,0.13389624760884197,0.11810782272602456,1.133678062285865,0.2569296150501892,0.9999089513852738
Cblb,40.794682031925966,-0.3281638793463209,0.3170075573844582,-1.03519260567133,0.30057897132009825,0.9999089513852738
Cblc,1.2432812193240428,0.7525489643689015,1.8754939732387528,0.4012537364059559,0.6882333211651261,0.9999089513852738
Cblif,0.15675624518773507,-0.969188503896664,4.42774672984595,-0.21888977916548177,0.8267359084612689,0.9999089513852738
Cbln1,108.74465750316078,-0.16112548200494406,0.21468815337693237,-0.7505094224833765,0.4529479510139045,0.9999089513852738
Cbln2,117.11647232832547,0.3494165094825588,0.2666946249711072,1.3101745470888788,0.19013679419172302,0.9999089513852738
Cbln3,3.529081634720374,-0.2971093112595745,0.9913632863045827,-0.2996977146158828,0.764407741998447,0.9999089513852738
Cbln4,53.13953503927076,-0.17517262074715603,0.49048630031253576,-0.3571407002306421,0.7209864765403299,0.9999089513852738
Cbr2,8.078624205238308,-0.07014002658282914,0.6896555581295364,-0.10170298166386257,0.9189924353953283,0.9999089513852738
Cbs,2045.0592441392698,0.04270897818582022,0.11704266368471314,0.3649009415991138,0.715185351411286,0.9999089513852738
Cbx1,74.21884791485039,0.0747305678693332,0.2895805281956668,0.2580648924669357,0.7963568258176358,0.9999089513852738
Cbx2,7.8423780774683935,0.2624761367286814,0.6725287422538989,0.39028240763216204,0.6963277305908016,0.9999089513852738
Cbx3,2474.9081326695946,-0.03784816324398363,0.11020169066326055,-0.3434444881579443,0.7312640957944467,0.9999089513852738
Cbx5,579.0384134904446,-0.061592338462952215,0.14815538518654062,-0.41572797630948116,0.6776090672147824,0.9999089513852738
Cbx7,496.7993903599231,-0.0756085479649711,0.14914564918954465,-0.5069443753527298,0.6121938483387577,0.9999089513852738
Ccar2,381.37412869868166,0.021999198311842133,0.16520863041275233,0.13316010342123163,0.8940667626510811,0.9999089513852738
Ccdc130,164.39195944442744,0.020918643262062827,0.1767290120281621,0.11836564365973709,0.9057779467588359,0.9999089513852738
Ccdc184,52.66087606769033,-0.08906612987741129,0.2777544007803139,-0.32066505382882105,0.7484642328274485,0.9999089513852738
Cckbr,18.008636516125787,-0.1784561187852039,0.43857080851653746,-0.40690377772481123,0.6840786612655685,0.9999089513852738
Ccl1,0.3435332338365362,1.888835932093237,3.8493791864163263,0.49068585884148636,0.6236486497313638,0.9999089513852738
Ccl11,0.6097206473319602,-1.1469378933827235,3.0959974641507824,-0.37045827933109216,0.7110410569697942,0.9999089513852738
Ccl12,2.1941582964051167,2.47147860674415,1.6779499526748276,1.4729155674782521,0.14077380384597354,0.9999089513852738
Ccl17,11.521485802041163,0.09625351225748048,0.5592682192646634,0.17210617185442154,0.8633540607279722,0.9999089513852738
Ccl19,0.9200924521837299,0.01139493229082916,2.0185967100005198,0.0056449771439616705,0.9954959838114157,0.9999089513852738
Ccl2,1.904320378634738,1.0340310778335788,1.5396481364778514,0.6716022013958732,0.5018369764581255,0.9999089513852738
Ccl20,1.7705533290836584,1.8819279374365339,1.6659713363657311,1.1296280412254307,0.25863299009874596,0.9999089513852738
Ccl21a,38.57760960937788,0.11071262633801723,0.38848147285009504,0.28498817595025533,0.7756532006954946,0.9999089513852738
Ccl21b,17.630545021583185,0.19587976023586123,0.5512327311914968,0.355348565409867,0.7223284764320173,0.9999089513852738
Ccl24,1.0540720260851706,0.4359881436972143,1.900236889906003,0.2294388378697252,0.8185278528917501,0.9999089513852738
Ccl25,34.72570315790521,-0.28804887288168224,0.34457266835431305,-0.8359597244244886,0.40317756127621407,0.9999089513852738
Ccl3,5.952761463129078,1.6825423117559868,1.0474032977838903,1.6063939413938568,0.1081873812297487,0.9999089513852738
Ccl5,2.501839409778951,-0.9836642346443152,1.3203978412371475,-0.7449756459179534,0.4562864427926717,0.9999089513852738
Ccl7,0.9818962741073948,0.08205847838923645,2.254191850231204,0.03640261514600899,0.9709613289781168,0.9999089513852738
Ccl8,0.15675624518773507,-0.969188503896664,4.42774672984595,-0.21888977916548177,0.8267359084612689,0.9999089513852738
Ccn1,413.19061761080843,0.1830162461707544,0.1511450118616716,1.2108652737958132,0.22594704355104334,0.9999089513852738
Ccn2,17.933878044601563,-0.0024316308378596533,0.6037866903561468,-0.0040273011589992865,0.996786687269736,0.9999089513852738
Ccna1,4.26622387069112,1.4300735034109664,1.0454796764453334,1.3678635134001507,0.17135480248391777,0.9999089513852738
Ccna2,22.976311293602162,0.05138099315990836,0.4170574642518861,0.12319883364772073,0.9019496491481539,0.9999089513852738
Ccnb1,0.8237208209097985,0.4890003730928296,2.4108629636392274,0.2028320897819416,0.8392662752169651,0.9999089513852738
Ccnb3,0.35370546718464785,1.9252687516065734,3.820606285903314,0.5039170769074359,0.6143196497653132,0.9999089513852738
Ccnd1,167.49324148885538,0.2575673541712055,0.2559150748184539,1.0064563580473864,0.31419609496696754,0.9999089513852738
Ccnd2,149.64965285534643,0.1568596126140405,0.19410578394816455,0.8081140573118081,0.41902492596925045,0.9999089513852738
Ccnd3,572.7026293525644,0.049129383173100394,0.13168596809273955,0.37307986480762423,0.7090890041292812,0.9999089513852738
Ccne1,23.044805712884084,-0.15764860276580273,0.3980879545319453,-0.3960145012454827,0.6920943304843642,0.9999089513852738
Ccnt1,270.77237520343255,0.056726989691239744,0.1493732227899518,0.3797667924123796,0.7041185346225018,0.9999089513852738
Ccp110,528.1187335928753,-0.07080257071287457,0.15726608726687566,-0.45020876365242574,0.6525599177964103,0.9999089513852738
Ccr1,2.0024092207283855,-1.0569940307313965,1.4052845852102207,-0.7521565680401152,0.45195690886372397,0.9999089513852738
Ccr10,2.878371805043512,0.6618286623014686,1.0895693510739646,0.6074222459076319,0.5435707288962739,0.9999089513852738
Ccr2,1.3019787003749754,-2.6502992267605476,2.0059260988554866,-1.3212347295709044,0.18642310965196118,0.9999089513852738
Ccr3,0.3009080524372876,-0.0073985309041374155,3.8731274042225183,-0.0019102214133393778,0.998475864753496,0.9999089513852738
Ccr4,0.19578339582510598,0.9543856482214617,4.427724182917884,0.21554767388254945,0.8293403470759629,0.9999089513852738
Ccr5,7.827398243229705,0.00828909047964605,0.7987874613338852,0.010377091380232987,0.9917204275982192,0.9999089513852738
Ccr6,0.1429859810777457,-0.969188503896664,4.42774672984595,-0.21888977916548177,0.8267359084612689,0.9999089513852738
Ccr7,0.15675624518773507,-0.969188503896664,4.42774672984595,-0.21888977916548177,0.8267359084612689,0.9999089513852738
Ccr9,0.5014553051960781,2.4411883158502166,3.0797996620595645,0.7926451664773912,0.42798458585154253,0.9999089513852738
Ccser2,223.80486109407718,-0.025561846144711686,0.17207804924805561,-0.148547977248763,0.8819103255489583,0.9999089513852738
Cct3,650.8073874785777,0.04772948102504331,0.11333450036626785,0.42113814302612135,0.6736542102402434,0.9999089513852738
Cct5,1158.898410571478,0.0530378990349392,0.1050912076807206,0.5046844565348849,0.6137804799231313,0.9999089513852738
Cct7,761.5147412674045,0.02659641564379129,0.11435846649664319,0.2325705866698727,0.8160948694877403,0.9999089513852738
Cct8,1765.5863947207936,0.041658757665466686,0.09455995120152266,0.4405539251673796,0.6595359649776037,0.9999089513852738
Cd109,9.98330278465168,-0.023601763289841055,0.7194550109729956,-0.03280505789781334,0.9738300447659991,0.9999089513852738
Cd14,20.653031027826724,0.32131805257714174,0.46326477177787057,0.6935948342111572,0.48793633424634864,0.9999089513852738
Cd151,331.7303316600667,0.07403851178617521,0.13086453431225253,0.5657645302852934,0.5715538614600297,0.9999089513852738
Cd160,0.6795690136602458,-0.13579028920250283,2.545288041457394,-0.05334967476794938,0.9574533017843622,0.9999089513852738
Cd163,4.854744307006367,-0.2016119400409777,0.9360281883226116,-0.2153908851850625,0.8294625758106864,0.9999089513852738
Cd177,0.9612984255731171,0.8838740805156043,2.019534955562609,0.4376621845940624,0.6616311859408247,0.9999089513852738
Cd180,6.778460117210006,0.4780160708630674,0.7631326444595478,0.6263866109431073,0.5310613894396258,0.9999089513852738
Cd19,1.5815292895358304,-1.0452714874654276,1.7057657772501758,-0.6127872310526038,0.5400170349678518,0.9999089513852738
Cd1d1,11.351367750315694,0.34990952213662346,0.5884793179208877,0.5945995236890613,0.5521111985404796,0.9999089513852738
Cd2,0.46242815455870717,0.8041989133986345,2.910819469437932,0.27627921341130857,0.7823336201153546,0.9999089513852738
Cd200,184.06281697905843,-0.02023453696769676,0.21552964789879048,-0.09388284704663277,0.9252022197227694,0.9999089513852738
Cd200r1,0.47143456173501197,-0.8349642743831754,3.309131705622921,-0.25232125785878906,0.8007927582000128,0.9999089513852738
Cd207,0.30450608319916533,-0.007398491186301263,3.858512348870997,-0.0019174465486591135,0.9984700999401322,0.9999089513852738
Cd209a,1.0524488546751865,-2.246925004532884,2.1223311315098,-1.0587061421157449,0.2897336297504448,0.9999089513852738
Cd209b,0.31351249037547013,-1.7893730335375646,4.331484305688511,-0.4131085113681683,0.6795271137646823,0.9999089513852738
Cd209d,0.0,,,,,
Cd22,0.8274716812632734,3.1686489189679765,3.065672928990248,1.0335900118384924,0.3013278707530963,0.9999089513852738
Cd226,1.2701998886064998,0.8351935105944476,1.8732406414023248,0.4458548955937739,0.6557020650808756,0.9999089513852738
Cd244a,0.29073581908917595,-0.007398648057258491,3.9159171036663234,-0.0018893781102596427,0.9984924952732074,0.9999089513852738
Cd247,5.5573485174999915,-0.8871162690076603,0.8475014256865462,-1.046743099327559,0.29521807999088245,0.9999089513852738
Cd248,8.368618380938722,-0.15255879981656903,0.6914102962596493,-0.2206487242696162,0.8253659594523599,0.9999089513852738
Cd24a,36.22226474390387,0.31925678849966416,0.41945652072731415,0.7611200988033056,0.4465853366646503,0.9999089513852738
Cd27,1.4658304548400087,-0.30405964220715376,1.46652453040678,-0.20733348532725507,0.8357494247562622,0.9999089513852738
Cd274,26.20478056633129,0.42046432053266514,0.40666579812849996,1.033930865264959,0.30116848444343114,0.9999089513852738
Cd276,21.85327031811505,-0.8233368141637982,0.4494806962033424,-1.831751221172189,0.06698849360471523,0.9999089513852738
Cd28,1.1206397049425203,1.3294024625980323,1.910539497134095,0.6958256893365474,0.4865379991075126,0.9999089513852738
Cd2ap,219.79040102475324,0.014499295974816126,0.15398610372185131,0.0941597691244045,0.9249822423258208,0.9999089513852738
Cd2bp2,149.7742940846721,0.02800209375600263,0.19757188639268689,0.14173116563935956,0.887292356811055,0.9999089513852738
Cd300a,2.2463790039587646,0.2854634325359572,1.2796596740987305,0.223077618458994,0.8234750973423806,0.9999089513852738
Cd300lb,0.6960728748493773,1.5577697003112292,2.6099536050804257,0.5968572381052829,0.5506026992040356,0.9999089513852738
Cd300ld,1.2622064780104045,0.6750361825379768,1.8165944486036796,0.37159432203309967,0.7101949172228701,0.9999089513852738
Cd300lf,1.4130330400926485,-1.0051333075198272,1.5978637007903003,-0.6290482142016808,0.5293174919175567,0.9999089513852738
Cd320,20.3166431032705,-0.2533707058289455,0.49942080928076343,-0.5073290922615642,0.611923929161289,0.9999089513852738
Cd33,13.639941251151166,-0.29916991095862666,0.5052978318921302,-0.592066484509462,0.5538060689541824,0.9999089513852738
Cd34,24.57840386143022,0.14678390110301096,0.41108576643819433,0.3570639343093859,0.721043943399689,0.9999089513852738
Cd36,10.539054516583436,0.11785199064634083,0.611332279510603,0.19277894296811263,0.8471320952228396,0.9999089513852738
Cd37,2.4820539841039766,0.4026771036193355,1.2449340148301775,0.32345256762404795,0.7463525239713242,0.9999089513852738
Cd38,1434.230713242105,-0.037937640939235774,0.13737879147936993,-0.2761535498362048,0.7824301322935394,0.9999089513852738
Cd3d,0.6672179575601179,0.1117525107136372,2.555186301900601,0.0437355626987016,0.9651151913928034,0.9999089513852738
Cd3e,0.643275460102017,0.11041678780665706,2.324599508634907,0.047499273486252255,0.9621153093577554,0.9999089513852738
Cd3eap,28.099309600501766,0.1738461613173198,0.3611859902937244,0.48132033353769976,0.6302888477006252,0.9999089513852738
Cd3g,1.5309789256874966,0.2536608188437788,1.4900678487993722,0.1702344084856048,0.864825792577179,0.9999089513852738
Cd4,1.1899624978856183,-2.5789656260486757,2.2296090712294365,-1.1566896005794411,0.24739919998990256,0.9999089513852738
Cd40,5.3681135405603895,-0.18814639183016088,0.8077312646502459,-0.2329319169187165,0.8158142739046806,0.9999089513852738
Cd40lg,0.0,,,,,
Cd44,8.303133642179185,0.3731010094737247,0.7529771719209548,0.49550109005547865,0.6202464527548799,0.9999089513852738
Cd47,1643.014804013924,-0.10749939126813819,0.11903951306113206,-0.9030563760197212,0.3664959750729745,0.9999089513852738
Cd48,5.701463733955973,-0.053597106126830954,0.8664907123557802,-0.06185537289962784,0.9506780066718243,0.9999089513852738
Cd5,0.14774983801143024,0.9543856482214617,4.427724182917884,0.21554767388254945,0.8293403470759629,0.9999089513852738
Cd53,37.48464391053727,0.3983300551418398,0.3298318362419798,1.2076761894191637,0.22717184021112202,0.9999089513852738
Cd55,13.069221970755846,0.1379740014000245,0.533442355295958,0.2586483807111182,0.7959065506575592,0.9999089513852738
Cd59a,10.334380114024365,0.05118725415156435,0.6216708033198232,0.08233819873511206,0.9343777793328661,0.9999089513852738
Cd59b,11.740651777288214,0.19218292321559777,0.5508699594190846,0.34887167094437804,0.727185653868524,0.9999089513852738
Cd5l,0.7952678483560676,-1.786406556415828,2.4632759575113927,-0.7252157643841923,0.468319673146503,0.9999089513852738
Cd6,0.9933828965247872,1.191334153698428,2.22790907765169,0.5347319446959409,0.5928352286436303,0.9999089513852738
Cd68,61.084683993710485,0.21017561570240223,0.2908161222683082,0.7227096423096285,0.46985829034978055,0.9999089513852738
Cd69,0.1429859810777457,-0.969188503896664,4.42774672984595,-0.21888977916548177,0.8267359084612689,0.9999089513852738
Cd70,2.174254385789514,0.2091978678669459,1.2145360259249747,0.1722450906366681,0.8632448503730015,0.9999089513852738
Cd72,2.9710608041109783,0.9304609349203309,1.2141792081696556,0.7663291618401019,0.44348047078052855,0.9999089513852738
Cd74,30.160852501221413,0.37111729921981423,0.7171107879920561,0.5175173842509887,0.6047950367006065,0.9999089513852738
Cd79a,1.2941381193704775,-0.6928145068315352,1.584362123845729,-0.43728292692952264,0.6619061755608909,0.9999089513852738
Cd79b,2.316278504095575,0.5634358343249521,1.369445912878934,0.41143343378962843,0.6807547423790046,0.9999089513852738
Cd80,2.1160485946277263,0.16502965364740807,1.249423699582539,0.13208461925489987,0.894917361373718,0.9999089513852738
Cd81,8428.245231892632,0.046973575628274186,0.11833766550280013,0.39694526192222956,0.6914078260720198,0.9999089513852738
Cd82,62.05336819880343,0.5694510930622811,0.4113636034428479,1.3843011104928657,0.16626627415197215,0.9999089513852738
Cd83,108.59233331835362,-0.14529228370773914,0.19382445533966206,-0.7496075944241704,0.45349107554335766,0.9999089513852738
Cd84,44.3411772648717,0.017057167180969217,0.29834026114358153,0.057173534391860556,0.9544069601614426,0.9999089513852738
Cd86,3.118386764520293,0.11565714434381788,1.2265721187843992,0.09429298332530214,0.9248764235776717,0.9999089513852738
Cd8a,0.3387693769028517,-0.007398151907015832,3.7313212835751735,-0.0019827164011798192,0.9984180222315505,0.9999089513852738
Cd8b1,0.8386569111915945,1.829797787020068,2.8318339582495815,0.6461529220982666,0.5181803247133294,0.9999089513852738
Cd9,465.5819804093024,0.2970287253145913,0.18313906427934473,1.6218753027018253,0.10483005062787641,0.9999089513852738
Cd93,16.58787015701645,-0.1565920632069556,0.5046380549221752,-0.31030569668612307,0.7563284995010078,0.9999089513852738
Cd96,0.4474920642769111,-0.7944632352896404,2.936703512870298,-0.27052892190439126,0.7867533696621869,0.9999089513852738
Cdc16,614.1743151117421,0.10566882095340381,0.14487520000320492,0.7293782576387554,0.4657703138509247,0.9999089513852738
Cdc20,4.226015820094979,0.35462262405389255,0.9293297143663468,0.381589675409968,0.7027657435998329,0.9999089513852738
Cdc23,704.7788339522398,0.10345780877570454,0.12290429358548442,0.8417753827594792,0.3999136937943405,0.9999089513852738
Cdc25a,58.5256323657518,-0.12191879757320147,0.283325301590092,-0.430313836741593,0.6669673632156139,0.9999089513852738
Cdc27,312.3592604350143,0.033294513422355794,0.13717997211095365,0.24270680996659327,0.8082325315832922,0.9999089513852738
Cdc37,888.2903453188515,-0.10019747444597225,0.11352262619944557,-0.8826211813487944,0.3774409804125447,0.9999089513852738
Cdc42,402.61072617077576,0.04721105883723692,0.14125249225772132,0.3342316874034214,0.7382047344485384,0.9999089513852738
Cdc42bpb,466.398110345557,-0.10630947128978653,0.15118162022320508,-0.7031904482359089,0.4819370710377733,0.9999089513852738
Cdc42ep4,1428.3044681443444,0.07059878669173882,0.15799082140610504,0.44685372266195933,0.6549806792059623,0.9999089513852738
Cdc5l,113.40721333517132,0.22028802558800864,0.21198994885687125,1.0391437272185955,0.2987378970043497,0.9999089513852738
Cdc6,5.094577235949613,-0.27371370157490577,0.8050934762306556,-0.3399775425536898,0.7338734401187005,0.9999089513852738
Cdc73,600.2657625188583,0.019804413285802125,0.1151022875778569,0.17205925010314088,0.8633909486346664,0.9999089513852738
Cdca5,1.2497025923186793,-0.8062374758565539,1.8203932044238305,-0.44289193889390216,0.6578438983747833,0.9999089513852738
Cdca8,5.528769208999074,0.11166766087773712,0.7985011754207629,0.139846582967013,0.8887812070213861,0.9999089513852738
Cdcp1,1.7291945261026738,-0.04418762645031524,1.4981525436257355,-0.029494744469328267,0.9764700104255485,0.9999089513852738
Cdh1,2.500029064126401,-0.6404286367108806,1.4441185565543067,-0.443473725757638,0.6574231195698146,0.9999089513852738
Cdh10,900.5727086383421,-0.005358381782728299,0.12491899413223599,-0.042894852139587804,0.9657853523729049,0.9999089513852738
Cdh11,345.6739285620479,-0.17803758844740686,0.1402855339251145,-1.26910867760923,0.20440230575408613,0.9999089513852738
Cdh12,100.31407530644627,-0.16953628959810738,0.21984927778351038,-0.771147812298264,0.4406193234131325,0.9999089513852738
Cdh13,86.8427161637944,0.34807049843419857,0.25716375425756827,1.353497499828769,0.17589674822186163,0.9999089513852738
Cdh2,1694.7369677129361,0.07191577522385365,0.09972642568017999,0.7211305803186573,0.47082917779689837,0.9999089513852738
Cdh20,1198.8920175288727,-0.15921178433049102,0.1487669141703034,-1.0702096310758364,0.2845249601816773,0.9999089513852738
Cdh23,4.076642810673564,-0.34595904032869285,1.1451332800129868,-0.302112467052542,0.7625663289082055,0.9999089513852738
Cdh26,1.649869579715544,-1.3539610462286495,1.6903532746358378,-0.800992944223651,0.4231357305872533,0.9999089513852738
Cdh3,0.46242815455870717,0.8041989133986345,2.910819469437932,0.27627921341130857,0.7823336201153546,0.9999089513852738
Cdh4,126.48015462758713,0.26943327786102045,0.23191840764790284,1.1617589159635506,0.2453334066207573,0.9999089513852738
Cdh5,92.6970517180584,-0.23115661422691983,0.23997867968145414,-0.9632381282110367,0.33542803493811324,0.9999089513852738
Cdh6,74.84097588357834,0.01176849019929822,0.2615935826757465,0.044987686926118646,0.964117123427804,0.9999089513852738
Cdh7,75.24665183384967,-0.2357364317077285,0.3650662319366756,-0.6457360639935039,0.5184503005298733,0.9999089513852738
Cdh8,38.000681543366184,-0.7522942549760945,0.3189897449368698,-2.3583650161699663,0.018355634070219104,0.9999089513852738
Cdh9,37.650010742704524,0.07587703339717917,0.37358287371981336,0.20310629510839634,0.8390519514952766,0.9999089513852738
Cdhr1,6.2084302139555385,-0.2108168481440045,0.8562591269376023,-0.24620683331924037,0.8055221261251025,0.9999089513852738
Cdipt,619.377683013147,-0.023516882046850398,0.1094912369368244,-0.21478323475712904,0.8299363245870683,0.9999089513852738
Cdk1,0.6592245469640227,-0.20104042004107125,2.562175520334961,-0.07846473375672118,0.9374583820895737,0.9999089513852738
Cdk2,102.90180862451302,-0.18746227689151299,0.2680682535079503,-0.6993080099503586,0.4843595623242556,0.9999089513852738
Cdk4,12.036849657923872,0.021098397317512025,0.5594842776059071,0.03771043827682578,0.9699185533764034,0.9999089513852738
Cdk5,317.6249130420199,0.14973433313955173,0.1477887276677492,1.0131647758425564,0.3109814622236651,0.9999089513852738
Cdk5r1,1014.9773108878843,0.0634330283654929,0.1918507229010232,0.33063742166985904,0.7409183761274681,0.9999089513852738
Cdk5r2,1165.3956548115855,0.03396840509274248,0.14019370236218556,0.24229622672341075,0.808550637322497,0.9999089513852738
Cdk5rap2,381.0623477907488,0.024888655408155828,0.2065755511264957,0.12048209612625145,0.9041012615485082,0.9999089513852738
Cdk6,11.106882947639894,0.12133579339902255,0.5840233945028417,0.20775844690658563,0.8354175791765412,0.9999089513852738
Cdk7,142.71720894012,0.046402908693124655,0.20697308318279584,0.22419779412640933,0.8226033998217286,0.9999089513852738
Cdk8,463.78848763473246,0.03330935066471477,0.12907412466359466,0.25806373470692745,0.7963577193230931,0.9999089513852738
Cdk9,372.04321751731135,0.13367681418959382,0.12964144208336667,1.0311271769380057,0.30248118484309117,0.9999089513852738
Cdkn1a,58.592131701406394,0.5210706881315716,0.321915607266188,1.6186561830806319,0.10552125946452089,0.9999089513852738
Cdkn1b,1942.084699800814,-0.05866539599842615,0.09362878199589274,-0.6265743796709825,0.5309382668188527,0.9999089513852738
Cdkn1c,14.892450091364118,-0.6690709291582101,0.5274010746808282,-1.2686188202462756,0.20457704857522152,0.9999089513852738
Cdkn2a,1.1900307260326286,0.38286705366767304,1.9097080087411438,0.20048460388457726,0.8411015978855272,0.9999089513852738
Cdkn2b,1.397605259921707,1.0410618373442229,1.6018884918530318,0.6498965706033283,0.5157590335300422,0.9999089513852738
Cdkn2c,26.888850111509253,0.11211575397894735,0.38862228042271024,0.28849543535434297,0.7729675241154227,0.9999089513852738
Cdkn2d,233.17656956801397,0.10223994436142815,0.15429112703327302,0.6626430587896348,0.5075591860364836,0.9999089513852738
Cdx1,2.6358181066654853,0.8075936241101641,1.1719341974710369,0.6891117486399,0.4907529471818074,0.9999089513852738
Cdx2,0.6480393170357015,1.455491635388402,2.6429224130387032,0.5507129638796127,0.5818304563212491,0.9999089513852738
Ceacam1,30.81351347888791,0.12992187203529432,0.3695473318575603,0.3515703154511528,0.7251605304998356,0.9999089513852738
Cebpa,67.50624373200141,0.6028431630658204,0.29631958156448074,2.0344357935543265,0.04190767605489917,0.9999089513852738
Cebpg,196.62191297355466,0.11472332919240603,0.16474501295398458,0.6963690562484568,0.4861977365086515,0.9999089513852738
Celf6,83.57469319057732,-0.08577476515623823,0.2859689078883603,-0.29994437433640136,0.7642195858767503,0.9999089513852738
Celsr1,58.36231542140232,-0.3453731732060282,0.39440293692570594,-0.8756861089781551,0.3812006990180873,0.9999089513852738
Celsr2,1041.0959021325632,0.04076201376867668,0.1469128407756181,0.27745712051768867,0.7814291266257044,0.9999089513852738
Celsr3,63.206247219042126,0.011959345980078267,0.25208678901180154,0.0474413832908887,0.962161447037491,0.9999089513852738
Cemip,4.648113242039875,0.03586127061099525,1.1139871504948355,0.032191817109439365,0.9743190817993894,0.9999089513852738
Cemip2,209.08808323602716,-0.06790528903746572,0.1618582933778504,-0.419535432014868,0.6748248654837105,0.9999089513852738
Cenpa,13.61942156084183,0.2936708208068527,0.5445174112456515,0.5393231047195426,0.5896639290769653,0.9999089513852738
Cenpe,5.555996660622234,0.3771710158540938,0.8929551037059424,0.42238519527886514,0.6727438822268286,0.9999089513852738
Cenpf,6.163712398207447,1.073510881127803,0.7753794313635302,1.384497495942082,0.16620617430837625,0.9999089513852738
Cenps,6.660251893893149,0.1428944449661694,0.7799834663943025,0.18320188968458523,0.8546396117077194,0.9999089513852738
Cenpu,6.97437029240427,0.2271932237871225,0.7511028372702688,0.30247951746901963,0.7622865453152601,0.9999089513852738
Cep104,225.3744185943062,0.02936846307353014,0.15067693612257876,0.1949101423832928,0.8454632939987003,0.9999089513852738
Cep152,94.0007616062327,0.1833977518135233,0.20823750179584616,0.8807143297047643,0.3784724588262005,0.9999089513852738
Cep164,56.29237569694127,-0.18990656675716353,0.3315410403308098,-0.5727995742779712,0.566780407373853,0.9999089513852738
Cep250,313.07906577498454,-0.07272572401544186,0.14602286602055087,-0.4980433955131838,0.6184534558941399,0.9999089513852738
Cep290,130.1440704802449,0.16287944529528867,0.20082785067832257,0.8110401258846412,0.4173426279475032,0.9999089513852738
Cer1,0.4612623283869004,-0.8346873685260632,3.3313790128876266,-0.25055310887684296,0.8021596390922944,0.9999089513852738
Cercam,57.65671834400973,-0.06180927092749657,0.26935528221317795,-0.2294711669273238,0.8185027282202889,0.9999089513852738
Cers1,1167.4409571881865,0.09354083596441023,0.10707992989238226,0.8735608629779725,0.3823574475069955,0.9999089513852738
Cers2,363.1464328556203,0.050992243683139024,0.128263154527935,0.39755956315602076,0.6909548726445423,0.9999089513852738
Cers4,157.55561563085857,0.013926275436094876,0.21546808880297066,0.06463265866171675,0.9484664812121031,0.9999089513852738
Cers5,441.76440358291615,0.0769438436632172,0.14109841105383775,0.5453204121048421,0.5855331676947227,0.9999089513852738
Cers6,40.707487667293194,0.12228228101369978,0.36312631879642016,0.3367486042295244,0.7363064201807096,0.9999089513852738
Cetn2,236.75539154356855,-0.04621316452507898,0.15686198998173595,-0.2946103420622151,0.7682915608337204,0.9999089513852738
Cetn3,438.5302349193402,-0.04477411376734127,0.13524986672994949,-0.3310473780853388,0.7406086987168741,0.9999089513852738
Cfap299,5.896411169363648,0.5569268829964307,0.8335831076424295,0.6681120069377987,0.5040620980248329,0.9999089513852738
Cfap36,809.5333634648181,-0.1340948312578957,0.11403510370505703,-1.175908355419412,0.23963149964075525,0.9999089513852738
Cfap44,37.58009906987439,0.4397258701316515,0.3601118277656236,1.2210814425619037,0.2220551852220941,0.9999089513852738
Cfap45,7.9794108378825195,0.6647831854466626,0.8047343265000524,0.8260902555728363,0.408752894921282,0.9999089513852738
Cfap52,8.20088954085208,1.9144488523995071,0.8315776950172712,2.302188795912504,0.02132452754291474,0.9999089513852738
Cfap53,8.768331984610603,0.08027463295274723,0.6335128247873525,0.12671350888546346,0.8991671534835679,0.9999089513852738
Cfap57,2.805234190294051,1.0162204229089769,1.2687904154179666,0.8009363962402034,0.4231684682436825,0.9999089513852738
Cfap61,3.761017705141567,0.5876013129588205,1.0345566365117043,0.5679740404934058,0.5700525951155104,0.9999089513852738
Cfap65,3.2607836266199453,1.2183405024310423,1.1038240292633124,1.103745225807557,0.2697036712190797,0.9999089513852738
Cfap69,36.6741332975916,0.004028243958283029,0.3236708554570571,0.01244549483021796,0.9900701881627368,0.9999089513852738
Cfb,25.7828783750909,0.07794597190250725,0.49693923279451857,0.15685211945167038,0.8753613957973554,0.9999089513852738
Cfc1,1.2017707302880756,0.6073077314759897,1.9110404685889886,0.3177890481431791,0.7506449587199276,0.9999089513852738
Cflar,166.72963744051708,-0.03664644183512713,0.17299771051856003,-0.21183194693894822,0.8322381440025259,0.9999089513852738
Cftr,2.723843801045725,-0.3163980047243058,1.328804627649644,-0.2381072417575356,0.8117979181407495,0.9999089513852738
Cga,35.304731503353274,-2.1606783804685303,2.200223343903751,-0.9820268412546438,0.3260866250029727,0.9999089513852738
Cgas,1.2877167463758408,0.8367696490898137,1.6542372263493808,0.5058341305354502,0.6129730963741653,0.9999089513852738
Cgn,43.17584790003368,-0.32668169513739853,0.335975897654628,-0.9723366986081139,0.3308830723694107,0.9999089513852738
Ch25h,0.30450608319916533,-0.007398491186301263,3.858512348870997,-0.0019174465486591135,0.9984700999401322,0.9999089513852738
Champ1,285.44716045803193,0.16231201358226893,0.13790128512666724,1.1770159606067454,0.23918913587765034,0.9999089513852738
Chat,7.520802205417232,0.1531021622075074,0.8449496407991384,0.1811967895065392,0.8562131144956882,0.9999089513852738
Chchd3,754.0741242768221,-0.03304517057781712,0.1114758122668407,-0.2964335482814566,0.7668990081569541,0.9999089513852738
Chd1,257.34230853855166,0.09342105962276526,0.14303426322831453,0.6531376295038095,0.5136675550404429,0.9999089513852738
Chd4,1054.028523697927,-0.048900694730671365,0.12391046917510917,-0.39464538433443697,0.6931046146477311,0.9999089513852738
Chd6,241.35550075972063,0.0981386464056138,0.15421280213968597,0.6363845610996668,0.524525801235756,0.9999089513852738
Chd7,324.95563876462,0.03612955170690157,0.15043947605223057,0.2401600474489679,0.81020618488698,0.9999089513852738
Chek1,15.331867533279562,-0.23353577299647366,0.5031467649370417,-0.4641504015745699,0.6425399933791374,0.9999089513852738
Chek2,32.59818355891904,-0.17253031446287753,0.3777166019528983,-0.45677185903624185,0.6478350346042274,0.9999089513852738
Chia1,6.029200710522101,0.49357091456963814,0.8863482318827158,0.5568589148321885,0.5776238273558261,0.9999089513852738
Chic2,171.22109230005108,-0.08364750275908549,0.17011855588777158,-0.4917012275502053,0.6229305703286596,0.9999089513852738
Chil1,649.0938724682625,0.15592234113518322,0.18556403881820752,0.8402616268119518,0.40076171172530695,0.9999089513852738
Chil3,0.4474920642769111,-0.7944632352896404,2.936703512870298,-0.27052892190439126,0.7867533696621869,0.9999089513852738
Chil4,0.15792207135954184,0.9543856482214617,4.427724182917884,0.21554767388254945,0.8293403470759629,0.9999089513852738
Chka,788.5997047055815,0.10424587191025249,0.14623597814595554,0.7128606327384532,0.4759320016502282,0.9999089513852738
Chmp3,291.0972215218205,-0.13805263967448675,0.13908117280988805,-0.9926047996675492,0.32090258484097245,0.9999089513852738
Chmp4c,1.852227178126884,-0.8374690986967628,1.498422170697092,-0.5589006323279091,0.5762295378507755,0.9999089513852738
Chrd,31.554190789594553,-0.02273996298847491,0.37616988769774107,-0.06045131131481438,0.9517961928272011,0.9999089513852738
Chrm1,37.32022248278957,-0.32122355528261465,0.4153494683862633,-0.7733814046534081,0.43929669171616104,0.9999089513852738
Chrm2,49.639367473653444,0.012696301252972716,0.3327039781882766,0.03816095413739808,0.9695593522891086,0.9999089513852738
Chrm3,41.893239003500874,-0.37852267133883927,0.31773847517052894,-1.1913025992073754,0.23353481389814523,0.9999089513852738
Chrm4,14.75771429239974,-0.28275219136904234,0.5269183923905537,-0.5366147689137134,0.591533740334846,0.9999089513852738
Chrm5,10.916837378123612,-0.536312748839431,0.5776771295522413,-0.9283953291609935,0.353202540516917,0.9999089513852738
Chrna1,1.1057036146607242,0.45810983843876946,1.749257051339268,0.2618882331147563,0.7934076117166016,0.9999089513852738
Chrna2,1.0894531353096475,-1.333361012446537,2.267399102210976,-0.5880574845188727,0.5564937089118647,0.9999089513852738
Chrna4,92.28450066598737,0.2000776047975903,0.26720354914165556,0.7487834852504933,0.4539877151720645,0.9999089513852738
Chrna6,1.6488565831353348,-0.6045783862966386,1.4191464399611948,-0.42601550430071916,0.6700965484718886,0.9999089513852738
Chrna7,49.90107463475551,-0.13694743005534923,0.31674832351160165,-0.43235408016400506,0.6654840872383128,0.9999089513852738
Chrnb1,3.040074814713373,-0.9720928188197587,1.122268495559361,-0.8661856076920775,0.3863883846466052,0.9999089513852738
Chrnb2,173.43695947566405,-0.008667617364794768,0.1808923090768263,-0.047915897635612395,0.9617832694624879,0.9999089513852738
Chrnb3,1.8548122123085522,-0.24101868554451986,1.3444078782141107,-0.17927497261075642,0.8577217974439385,0.9999089513852738
Chrnb4,2.668922964048997,0.18823083970458998,1.367149252064063,0.1376812659045142,0.8904923260211413,0.9999089513852738
Chrnd,0.6913090179156928,0.2603167076827454,2.5398908929786996,0.10249129535539009,0.9183667217660453,0.9999089513852738
Chrng,0.0,,,,,
Chst10,1114.9552729659415,-0.09155509169909969,0.12994585794467534,-0.7045633708315614,0.4810820002280074,0.9999089513852738
Chst8,128.63064105272682,0.066633057546558,0.29940388333933615,0.22255241583168753,0.8238838742362325,0.9999089513852738
Chtop,731.7371234884771,-0.07501150501054837,0.12881101984944232,-0.5823376377131692,0.5603392783142533,0.9999089513852738
Chuk,444.89860965273505,0.06414574266157268,0.12514949794414687,0.512552936410503,0.6082640817896054,0.9999089513852738
Ciart,90.60613266640974,0.15170515356196862,0.39504407767999483,0.38402082737931154,0.7009630108401885,0.9999089513852738
Cib2,168.58197789091767,0.06996796169249703,0.21690905281430217,0.32256819521680935,0.7470222836865021,0.9999089513852738
Cic,598.180143464127,-0.0880015422459621,0.11639402544294818,-0.7560658024418704,0.44960974417919397,0.9999089513852738
Cidea,29.151426302349346,-0.3481955387555508,0.3608701972805126,-0.9648775137972685,0.3346061653698301,0.9999089513852738
Cideb,275.447711598044,0.07218342549124014,0.1502845250997752,0.48031176492268207,0.6310057244799636,0.9999089513852738
Ciita,0.39156679165021196,2.0604664965273884,4.308718898807982,0.4782086148849074,0.6325017315109325,0.9999089513852738
Cisd2,828.2131345852109,-0.04818232043423605,0.10716024076455967,-0.4496287064163731,0.6529781856325434,0.9999089513852738
Cish,15.604735821782098,0.7997289307033917,0.49559154686029205,1.6136855758938848,0.10659564419502333,0.9999089513852738
Cit,2595.580695729784,0.011942885480714262,0.15760256652585664,0.07577849615002867,0.9395953245104947,0.9999089513852738
Cited1,56.03793370982991,0.5071039149626978,0.39817246439879755,1.2735785628179395,0.2028128135638323,0.9999089513852738
Cited2,257.9008927504027,0.16295647073604888,0.22255554410701237,0.732205847263431,0.4640429359298752,0.9999089513852738
Cited4,11.688260573970505,0.2135725209679524,0.54799146347649,0.38973694884412213,0.6967310714930852,0.9999089513852738
Ckb,26715.131443582894,-0.07862504403045148,0.1175617887419405,-0.6687976158906621,0.5036245877701915,0.9999089513852738
Cklf,6.510772017417643,0.46445465545100845,0.822277311881748,0.5648394388848246,0.5721829789326296,0.9999089513852738
Cks1b,23.49203187285951,-0.29271156177638685,0.39514419119150285,-0.7407715165791896,0.45883198826153937,0.9999089513852738
Clca3a2,0.15675624518773507,-0.969188503896664,4.42774672984595,-0.21888977916548177,0.8267359084612689,0.9999089513852738
Clcn4,402.25130132199655,0.021600354541542455,0.13541239524174437,0.15951534202596832,0.8732628718896052,0.9999089513852738
Clcn7,533.2456347521191,-0.06284981756669032,0.13641387330312477,-0.4607289276731552,0.6449930981256304,0.9999089513852738
Clcnka,0.15792207135954184,0.9543856482214617,4.427724182917884,0.21554767388254945,0.8293403470759629,0.9999089513852738
Clcnkb,0.0,,,,,
Cldn1,5.509692264257729,0.6261052142049953,0.8817495609315262,0.7100714782818209,0.477659812151892,0.9999089513852738
Cldn10,4524.1528839914245,0.12220340444484569,0.21480722632376273,0.5688980139832807,0.5694253532319989,0.9999089513852738
Cldn11,592.4009630549966,-0.26617852087779625,0.2694193318819667,-0.9879711267133932,0.3231667890470008,0.9999089513852738
Cldn12,224.77911904876848,0.13724026934513597,0.15827496452689724,0.8671003007668554,0.3858870558305755,0.9999089513852738
Cldn14,3.724356551498778,-0.6279195718423599,1.1610150462996829,-0.5408367220077184,0.588620129218666,0.9999089513852738
Cldn16,0.15792207135954184,0.9543856482214617,4.427724182917884,0.21554767388254945,0.8293403470759629,0.9999089513852738
Cldn17,0.7094369275297147,-0.369399303669811,2.8703765806945687,-0.12869367251471386,0.8976000423761051,0.9999089513852738
Cldn19,8.09631628662076,-1.1026961421208294,0.7129316554640639,-1.546706663492251,0.1219339955730297,0.9999089513852738
Cldn2,11.848928360109872,-0.7169993224689172,0.5521157792885213,-1.2986394328248894,0.19406769862888673,0.9999089513852738
Cldn23,0.31351249037547013,-1.7893730335375646,4.331484305688511,-0.4131085113681683,0.6795271137646823,0.9999089513852738
Cldn6,1.6727990805934356,-0.6049817631224597,1.393016608911475,-0.4342961593223227,0.6640733924787918,0.9999089513852738
Cldn7,0.548323036837947,1.077457225067851,3.187097714055832,0.3380684628262313,0.7353115958098091,0.9999089513852738
Cldn8,0.620350225918249,1.3967201423424,2.664557272833678,0.5241846953648062,0.6001500846840891,0.9999089513852738
Cldn9,1.2904920779575833,-3.824662753239706,2.584503530977288,-1.479844274692661,0.13891480996336503,0.9999089513852738
Clec10a,0.9441835125393045,0.0980579214479058,1.8584481724112483,0.05276333389522523,0.9579204760982992,0.9999089513852738
Clec14a,23.148073884405946,-0.2907394074358465,0.4237053528151501,-0.686182993686859,0.49259772050048445,0.9999089513852738
Clec1b,0.3387693769028517,-0.007398151907015832,3.7313212835751735,-0.0019827164011798192,0.9984180222315505,0.9999089513852738
Clec4e,0.29073581908917595,-0.007398648057258491,3.9159171036663234,-0.0018893781102596427,0.9984924952732074,0.9999089513852738
Clec4n,1.767357243057309,1.33898295388333,1.727703859100597,0.7750072136670307,0.43833539702309443,0.9999089513852738
Clec9a,0.8716015491318768,-1.967327791290417,2.244230388752399,-0.8766157882676581,0.3806953607346142,0.9999089513852738
Clgn,34.69002039194136,0.014618906996003739,0.3674314352881895,0.03978676180642413,0.9682631304233644,0.9999089513852738
Clic3,1.8056128283230697,-0.8199039106283341,1.3503410360957508,-0.6071828439717178,0.5437295763505966,0.9999089513852738
Clic4,1122.6185297703562,-0.025106732137727183,0.16786948665133636,-0.14956102290271298,0.8811109614343627,0.9999089513852738
Clic5,47.26694313018089,-0.07289161098082599,0.2852906301771344,-0.25549949164319985,0.7983373361935747,0.9999089513852738
Clic6,378.6392389277491,-0.675929896581676,0.7055154201606725,-0.9580653764133763,0.3380297932135625,0.9999089513852738
Clk1,1972.2695777448687,-0.009926868769927594,0.14678356520987315,-0.06762929320959073,0.9460807361670314,0.9999089513852738
Clmp,44.7021354104763,-0.44367097133043054,0.30813421922182227,-1.4398627080461872,0.1499062455384111,0.9999089513852738
Cln3,69.14240643515703,0.3363460001999684,0.27397591508321983,1.2276480583988696,0.21957911273719366,0.9999089513852738
Cln6,189.6488706357036,0.13755590081080696,0.1753465912021727,0.784480039604571,0.43275848962962615,0.9999089513852738
Cln8,101.26038171385879,0.10195152821021075,0.20420865703233065,0.49925174422977386,0.6176020457979302,0.9999089513852738
Clock,229.3000059331592,0.0030555077938400847,0.16862727617517087,0.018119890584403484,0.985543210164278,0.9999089513852738
Clspn,13.631637010100851,-0.11213185815062295,0.5666552307237545,-0.19788374318437632,0.8431360237283703,0.9999089513852738
Cltb,255.5044664143945,-0.08569654488925227,0.1593745526991061,-0.5377053201902597,0.5907805057137736,0.9999089513852738
Cltc,3318.949162638015,0.007126646039402012,0.08851399091402909,0.08051434542505155,0.935828187276183,0.9999089513852738
Cltrn,1.0460274816805502,0.05299734875448012,1.8333170877817686,0.0289079009341502,0.9769380442223693,0.9999089513852738
Cmah,0.5078766781907146,-0.9449301226910806,2.851962183854174,-0.3313263156295051,0.740398015812248,0.9999089513852738
Cmip,1560.6221208857762,0.07588576417925665,0.09721724047272239,0.7805792862486051,0.4350499784989651,0.9999089513852738
Cmklr1,16.456212136038054,-0.44765740326827186,0.5049725470119404,-0.8864984956453221,0.37534896444366317,0.9999089513852738
Cmtm6,202.6421192697629,-0.12296179166792681,0.16018351948713472,-0.7676307279401648,0.44270660146905627,0.9999089513852738
Cndp1,0.6496968330966536,-2.8310269923063265,2.8846286860121473,-0.9814181651989593,0.3263865718576966,0.9999089513852738
Cnga2,1.6274991198589024,0.04556613219918076,1.5310373305710427,0.029761607564582116,0.976257177918386,0.9999089513852738
Cngb3,0.6913090179156928,0.2603167076827454,2.5398908929786996,0.10249129535539009,0.9183667217660453,0.9999089513852738
Cnksr3,128.58673474301693,0.1810892442374173,0.1895708631024961,0.9552588476611354,0.3394468128543606,0.9999089513852738
Cnmd,65.36836770054616,-0.3184310662331931,0.43990203185166143,-0.7238681414878544,0.46914669042887214,0.9999089513852738
Cnn1,1.2198986399020975,0.2805471596301815,1.7288051754793317,0.16227806557346552,0.8710868868611695,0.9999089513852738
Cnot11,86.14733947188182,0.20084957192598735,0.22903771086289282,0.8769279572752124,0.3805257698594181,0.9999089513852738
Cnot2,215.78509202061045,0.030315731149560782,0.15238687457356087,0.19893925401643853,0.8423102629053328,0.9999089513852738
Cnot4,146.59251411425961,0.0766607044723093,0.18569822297757957,0.412824114539669,0.6797354823597477,0.9999089513852738
Cnot8,72.1934842169412,-0.06899573575188497,0.24162768951997804,-0.2855456503720793,0.7752261355138788,0.9999089513852738
Cnot9,196.36776908793718,0.012634771780292896,0.16863471332333121,0.07492390819953931,0.9402752540257645,0.9999089513852738
Cnp,4417.714301126451,0.10230508280078432,0.13558747499843185,0.7545319565982592,0.4505298639896699,0.9999089513852738
Cnppd1,256.088944103559,0.10505347973104497,0.15680038523329815,0.6699822808135282,0.5028690857832536,0.9999089513852738
Cnpy1,0.6999092136623456,-2.9191093376322534,3.1439580056513776,-0.9284822928248563,0.353157448748603,0.9999089513852738
Cnr2,1.2790534661912074,-1.5840765937672059,1.840697446136669,-0.8605849902665592,0.3894666556401306,0.9999089513852738
Cntf,29.3735797133042,0.311880719535765,0.3753154820399784,0.8309828250105166,0.40598333191520597,0.9999089513852738
Cntn1,1228.011295193238,-0.05142953809448297,0.1574522526515958,-0.3266357719777071,0.7439433841542122,0.9999089513852738
Cntn2,157.39094653155516,-0.09234313114912218,0.21395886824026417,-0.43159291273417033,0.6660373103756659,0.9999089513852738
Cntn3,45.99408213933639,-0.012763455123496317,0.2847138590498837,-0.04482906159218641,0.9642435605714457,0.9999089513852738
Cntn4,77.52044729840242,-0.31737146005039696,0.2621126970026824,-1.2108206266984047,0.22596415807778403,0.9999089513852738
Cntn6,82.09947533233515,-0.155418989044244,0.2520196963670847,-0.6166938191127138,0.5374366988483448,0.9999089513852738
Cntnap1,387.5826290836224,-0.1713565647025161,0.21816443595849763,-0.7854468302758291,0.4321916327613252,0.9999089513852738
Cntnap3,27.21509445081409,-0.1675848749437029,0.4897236055139022,-0.34220297542701467,0.7321981461909729,0.9999089513852738
Cntnap4,123.09577151210156,-0.23111739932011507,0.20290903541758232,-1.1390197525924886,0.2546949156696786,0.9999089513852738
Cntnap5b,40.241837958292436,-0.4185024995076662,0.3695833710624459,-1.132362904490513,0.25748189379637443,0.9999089513852738
Cntrob,35.522982302835494,0.14644903460759676,0.3206802295462899,0.45668245533813606,0.6478993031830285,0.9999089513852738
Coa7,48.47142606895351,-0.032900097639757896,0.28427134313449065,-0.11573483727549928,0.9078626956095438,0.9999089513852738
Col10a1,1.1138121205182319,2.3665188358941185,2.280415440313613,1.0377577673165834,0.29938284321887265,0.9999089513852738
Col12a1,15.581321033304077,-0.11827379804654395,0.6132240113609498,-0.19287209218056336,0.8470591418543465,0.9999089513852738
Col13a1,4.087640866359321,0.19291507407013606,0.9229962788499196,0.20900959027756197,0.8344407520000607,0.9999089513852738
Col14a1,4.869849177681631,0.03504671627916584,0.8757631998010049,0.04001848477662606,0.9680783893761636,0.9999089513852738
Col15a1,11.805383760385219,-0.043814357620065,0.5447308112110009,-0.08043304457601823,0.9358928462627556,0.9999089513852738
Col18a1,26.681096215724946,0.06992633145192989,0.37972642379379024,0.18414923763615473,0.8538963808507664,0.9999089513852738
Col1a1,155.9187863294009,-0.3319453199026193,0.2507792930142459,-1.3236552185501322,0.18561757732731476,0.9999089513852738
Col1a2,311.60595149602915,0.2398987785681177,0.21393987615137489,1.1213373723670634,0.26214428328233286,0.9999089513852738
Col20a1,21.982163107854177,0.20171742318881342,0.4063732384717122,0.49638461417250795,0.6196230781967179,0.9999089513852738
Col23a1,71.98656242947199,0.25749022858102183,0.30113163718119534,0.8550753118845703,0.39250945605598897,0.9999089513852738
Col24a1,1.8041081418537148,2.225125388648235,1.5523327932562672,1.4334074486571127,0.15174143096832085,0.9999089513852738
Col26a1,9.498151113166728,0.11625836756519398,0.6165048526623843,0.1885765652340459,0.8504247014832261,0.9999089513852738
Col4a1,105.50690629552533,-0.09329646153714743,0.22871223911846297,-0.40792072123793927,0.6833318794267061,0.9999089513852738
Col4a2,88.70807365502971,0.026026346042449872,0.22209503669152197,0.11718562661352519,0.9067129567391117,0.9999089513852738
Col4a3,5.757243860926407,-0.15788831289781644,0.7985586550814567,-0.1977166134173464,0.8432667906807855,0.9999089513852738
Col4a3bp,287.17217202135527,-0.11267763341660549,0.16746076184707492,-0.6728599116221784,0.5010364181410951,0.9999089513852738
Col4a5,74.11631889178592,-0.25628822572955773,0.284978689872591,-0.8993241769907065,0.3684800131347571,0.9999089513852738
Col5a1,5.5292000605928395,-1.3298048003992124,0.9274009862737987,-1.4339048805007535,0.15159940893516624,0.9999089513852738
Col6a1,5.218877143406994,-1.8809618832849926,0.9675894192493348,-1.943966982136143,0.05189943284977234,0.9999089513852738
Col6a2,5.69610138630026,-1.6847878723804068,0.9593440418307446,-1.7561873518964857,0.0790564236334798,0.9999089513852738
Col6a3,6.0715202327381546,-0.029895213441925885,0.763926582751786,-0.039133621105628416,0.9687838557250236,0.9999089513852738
Col7a1,46.354989767424286,0.11830578981712346,0.3332365422858235,0.3550204578573807,0.7225742650975087,0.9999089513852738
Col9a2,200.01390143226422,0.26057613267342494,0.584299843046538,0.4459630372563197,0.6556239460811462,0.9999089513852738
Col9a3,429.3106804708107,0.02266465805559501,0.1612357135020779,0.14056847309639572,0.8882108557123862,0.9999089513852738
Colgalt2,55.83289876110169,0.07081978130149637,0.31335798448162466,0.22600279810533835,0.8211992440569819,0.9999089513852738
Colq,5.805888470584763,-0.21085314862172264,0.7942528536955383,-0.265473580158579,0.7906446598847806,0.9999089513852738
Commd1,441.40018832031814,0.06649857044770337,0.12975169432713538,0.5125063745221269,0.6082966601306987,0.9999089513852738
Commd10,120.93614080887875,-0.11011900816578951,0.23567973189878083,-0.4672400434208028,0.6403281473092832,0.9999089513852738
Comt,502.76270048034604,-0.05361762943816651,0.1183364597340521,-0.4530947567526197,0.6504805107392002,0.9999089513852738
Cop1,148.15841864312313,0.04817382570935184,0.1838694659447453,0.26200013940231154,0.7933213347147979,0.9999089513852738
Copg1,786.5181591645924,0.02141192319275877,0.11150133137808414,0.19203289259528372,0.8477164403200865,0.9999089513852738
Coprs,349.047236568922,-0.20632128525775148,0.13089325080705927,-1.576256101713567,0.11496679400317394,0.9999089513852738
Cops2,769.6708566457079,0.034465989218982813,0.11238407313405653,0.3066803707841262,0.7590866721153129,0.9999089513852738
Cops5,179.25778449811662,0.08735918918841712,0.20577320340142485,0.4245411343380594,0.6711712129541099,0.9999089513852738
Cops8,649.3526261316201,0.001961192889446708,0.11893538514995805,0.016489566052810652,0.9868438260414676,0.9999089513852738
Cops9,220.86116307823784,-0.009278038576515064,0.2346449079473253,-0.03954076249802046,0.9684592551392446,0.9999089513852738
Coq8a,367.5328146480633,-0.1198013588369913,0.1561460068630874,-0.7672393373596549,0.44293922848211464,0.9999089513852738
Coro1c,341.4308575189796,-0.08208225906124761,0.13906145785681423,-0.5902588706193795,0.5550171090647886,0.9999089513852738
Coro2b,1265.0300438039378,0.24149286499593192,0.12391823873497641,1.9488080807250014,0.051318348391047965,0.9999089513852738
Coro6,67.74508806224418,0.0054888059936013395,0.2965868977543585,0.018506569356773545,0.9852347368750933,0.9999089513852738
Cort,4.57580050299607,-0.9935621973046167,1.0900710754650058,-0.9114655178615578,0.36205014612373565,0.9999089513852738
Cox7a1,0.8842059870700595,-3.2573813457937493,2.98081584970178,-1.0927818121067892,0.27448960906841335,0.9999089513852738
Cox8b,1.2534534526721546,0.7604782533305984,1.6879392847019663,0.45053649750492863,0.652323643655641,0.9999089513852738
Cpa4,2.433787684443946,-0.2397257188286998,1.471374290106086,-0.1629264018276516,0.8705763829190514,0.9999089513852738
Cpeb2,941.1098138478796,-0.019086339956848948,0.10814098618314112,-0.17649496856377342,0.8599051011422569,0.9999089513852738
Cpeb4,1709.3120611640368,-0.2995678313461433,0.14962874865075826,-2.0020740268659942,0.045276770478427084,0.9999089513852738
Cplx3,12.558583222220685,-0.05206024857158055,0.5930812355667163,-0.08777928797871103,0.9300521000086315,0.9999089513852738
Cpn1,1.2975875872348814,-0.8064915715076654,1.8677628618067217,-0.431795485390223,0.6658900610382603,0.9999089513852738
Cpne4,318.23373788215736,0.008251840332308254,0.25910768560881076,0.031847146150525675,0.9745939484954269,0.9999089513852738
Cpox,343.9698039855063,-0.15187862824313264,0.14973733701100894,-1.0143003159724036,0.31043947332797617,0.9999089513852738
Cps1,0.352539641012841,-0.007398032634443677,3.685558673124655,-0.002007302905904235,0.9983984050780661,0.9999089513852738
Cpsf6,1001.053727212775,-0.0447851522210556,0.10504701858740563,-0.4263343484022022,0.6698642325022409,0.9999089513852738
Cpt1a,822.7691760678994,0.03696837460272244,0.11128598304116985,0.33219255105152035,0.7397438681035422,0.9999089513852738
Cpt1c,344.4044308460252,-0.0006896341196865936,0.14515824603683497,-0.004750912459438191,0.9962093345588522,0.9999089513852738
Cpt2,189.97383192341024,-0.09730900233715903,0.18567835810741504,-0.5240729362808438,0.6002278113708712,0.9999089513852738
Cptp,98.5990213652043,-0.12011663290277502,0.2104767842806079,-0.5706882747820557,0.5682109682629034,0.9999089513852738
Cr1l,180.99178990833067,0.0465690183475658,0.16804631923814065,0.27712013306029176,0.7816878630464434,0.9999089513852738
Cr2,2.0701427257575413,-0.07123830904027688,1.3042788480935943,-0.05461892535051282,0.9564420610144674,0.9999089513852738
Crabp1,11.670423191089133,1.3549214447520954,0.8534331684611222,1.587612826432839,0.11237391601227083,0.9999089513852738
Crabp2,11.654606962983804,-0.29070735574333917,0.6943558138568621,-0.4186720265631232,0.6754558422561654,0.9999089513852738
Crb1,12.30644721799493,-0.9623117904332465,0.6150635719058342,-1.564572890329743,0.11768308957065528,0.9999089513852738
Crb2,125.15734815630482,0.3563699323220618,0.2714030629619086,1.3130652559071463,0.1891609601506904,0.9999089513852738
Crbn,335.6535075955215,-0.0034133194625563606,0.13019582763310228,-0.026216811434044175,0.9790844069058345,0.9999089513852738
Creb1,304.6751837595273,0.05949340446223193,0.14945611554506516,0.39806604263238077,0.6905815044954987,0.9999089513852738
Crebbp,659.1868696265853,0.05813448665308315,0.11925065301690485,0.4874982667377265,0.6259052708351058,0.9999089513852738
Crebrf,953.8533817835564,-0.00923917695105072,0.10579619045595469,-0.08732995877481238,0.9304092413242757,0.9999089513852738
Creg1,55.86399679646323,0.12450959343504436,0.2667995052907999,0.46667850189352605,0.6407299129298267,0.9999089513852738
Creld1,160.13567346308062,0.05678830828844697,0.22141442768312913,0.25647971039049866,0.7975804453626052,0.9999089513852738
Crh,6.248154425669092,-1.3143593992074423,1.0154969567557068,-1.294301662317666,0.19556124252380902,0.9999089513852738
Crhbp,18.814956479104556,-0.5596273704409327,0.5604225809666894,-0.9985810519547855,0.31799768282299834,0.9999089513852738
Crhr1,20.06422735391179,-0.30435128454640814,0.512631985975219,-0.5937032664230217,0.5527105979589018,0.9999089513852738
Crhr2,0.0,,,,,
Crisp1,0.5002894790242712,0.9197395242640237,2.861344306165435,0.3214361593193206,0.7478798846109261,0.9999089513852738
Crk,870.7559212966795,0.02437577655710946,0.12925165139107325,0.1885916063335727,0.8504129119385851,0.9999089513852738
Crlf2,54.009898796964734,0.23185755852515993,0.30376518420326304,0.7632789094421484,0.4452970773176015,0.9999089513852738
Crmp1,433.7517644523553,-0.0006971189081641603,0.1382635214320107,-0.0050419582905456345,0.9959771163682866,0.9999089513852738
Crocc,70.03304026600335,0.07846706147746764,0.2376927080202593,0.330119767371154,0.741309467519544,0.9999089513852738
Crtc1,1.50384460889717,1.1622331779363084,1.7505076823335668,0.6639406325752074,0.5067283088011392,0.9999089513852738
Crtc2,57.29043027217167,-0.3275808181840408,0.2756596947863338,-1.188352248731725,0.2346946609183722,0.9999089513852738
Crx,0.7664768925196951,-1.6278394334733577,2.558256628665577,-0.636308107338888,0.5245756217306038,0.9999089513852738
Crxos,2.4983964547512727,0.3904336932667354,1.3087383798166692,0.29832829791499516,0.7654526084405476,0.9999089513852738
Cry1,169.7864886397064,-0.28896172104914475,0.1718254950530802,-1.6817162142316477,0.09262388237617328,0.9999089513852738
Cry2,1202.6142299085948,-0.08997333353127505,0.1227485579821664,-0.7329889247607038,0.46356518437560856,0.9999089513852738
Cryaa,1.1639094058225117,0.5501085252865456,1.8794544112705476,0.2926958600260283,0.769754634604066,0.9999089513852738
Cryab,709.3601645832265,-0.15342538677701123,0.17406847904341854,-0.88140821141283,0.37809691481993035,0.9999089513852738
Cryba2,0.39156679165021196,2.0604664965273884,4.308718898807982,0.4782086148849074,0.6325017315109325,0.9999089513852738
Cryba4,3.3272328205366652,-0.8091818534893854,1.1431384948321752,-0.7078598587550687,0.47903228958365507,0.9999089513852738
Crybb3,7.528428881846445,-0.11095935201757288,0.6831836920927872,-0.1624151063642527,0.870978975618286,0.9999089513852738
Crygb,0.15792207135954184,0.9543856482214617,4.427724182917884,0.21554767388254945,0.8293403470759629,0.9999089513852738
Crygc,1.1682670513265443,0.23806887979790056,1.87493144920254,0.12697471147500236,0.8989604138398559,0.9999089513852738
Crygd,0.42895794323323716,-2.252139410197432,4.196102447076973,-0.5367217408541308,0.5914598361983888,0.9999089513852738
Cryge,0.19578339582510598,0.9543856482214617,4.427724182917884,0.21554767388254945,0.8293403470759629,0.9999089513852738
Crygf,0.0,,,,,
Crygs,0.14774983801143024,0.9543856482214617,4.427724182917884,0.21554767388254945,0.8293403470759629,0.9999089513852738
Crym,20.649461723483224,0.1960472137706458,0.5176544949876724,0.3787221315934184,0.7048942168719765,0.9999089513852738
Cs,3367.8896854572,-0.07089043449705833,0.09833945758910236,-0.72087477636153,0.4709865631967761,0.9999089513852738
Csde1,1282.336461624063,-0.02354046388429482,0.13332168544144968,-0.17656890404849393,0.859847021235232,0.9999089513852738
Cse1l,304.9276428436468,-0.0602595197586387,0.14498086395752627,-0.41563774772574386,0.677675100490726,0.9999089513852738
Csf1,515.4686184058625,0.39754156288589426,0.22725015927349507,1.7493565864015694,0.08022940024882952,0.9999089513852738
Csf1r,247.9543740084588,0.013521479748002115,0.17589657445649687,0.07687176279459768,0.9387255610848029,0.9999089513852738
Csf2,0.0,,,,,
Csf2rb,3.2358247429024174,-0.2989082640887137,1.144052415903189,-0.2612714766680827,0.7938831611466205,0.9999089513852738
Csf2rb2,2.5364114858233404,-0.33522202597759787,1.3997633463131904,-0.23948478638230716,0.8107296919986879,0.9999089513852738
Csf3,0.5216469423007041,-0.9889748224250771,2.8362633770466883,-0.3486893461406484,0.727322543426828,0.9999089513852738
Csf3r,9.184300639508615,0.435734221099744,0.6684964082536208,0.6518123593783481,0.5145222275638921,0.9999089513852738
Csk,69.47069520883517,0.05987808979079773,0.2465561116683332,0.24285786057230502,0.8081155107556333,0.9999089513852738
Csnk1a1,968.121995029654,0.03168823565364883,0.10434349691640565,0.3036915245330116,0.7613629156739121,0.9999089513852738
Csnk1d,962.4831795633454,-0.014581915668555085,0.1084102564290412,-0.13450679067528565,0.8930018417040985,0.9999089513852738
Csnk1e,395.17974393655544,0.03163507947343273,0.13243498667634016,0.23887252354807248,0.8112044318991836,0.9999089513852738
Csnk2a1,509.54051307840655,0.010418718473992157,0.13807349170184935,0.07545777502672231,0.9398504923601753,0.9999089513852738
Csnk2a2,270.7193208633681,0.010539728441291267,0.14547935200110745,0.0724482773418666,0.9422451659412006,0.9999089513852738
Cspg4,71.74307798486637,-0.12208415684026834,0.2724543025760936,-0.4480903978610194,0.6540879576360454,0.9999089513852738
Cspg5,2424.6748570044956,-0.08696284236821188,0.14513423167296272,-0.5991890497906037,0.5490468240703432,0.9999089513852738
Cst7,5.474177984603647,2.197297665400054,1.517881370852118,1.447608296402321,0.14772662958149296,0.9999089513852738
Csta1,0.0,,,,,
Ctbp1,767.6572347907096,-0.03170042016072095,0.1368475375140482,-0.23164772078903292,0.8168116396254537,0.9999089513852738
Ctbp2,471.0534085209701,-0.08186509431158648,0.12261324451762237,-0.6676692606386463,0.5043447359356455,0.9999089513852738
Ctcf,473.4873497199338,-0.07495831267169972,0.1341784364774015,-0.558646490744616,0.576403004650536,0.9999089513852738
Ctdsp1,878.0975661890278,-0.07187011939018709,0.10086334767585764,-0.7125494150873768,0.4761246231129467,0.9999089513852738
Ctdspl2,218.47756306307198,0.011282897027927518,0.15915469594945103,0.07089264291335184,0.9434831987491168,0.9999089513852738
Cth,469.3529558049115,0.08350647037403933,0.13188020421515342,0.6331994317949666,0.5266034167356646,0.9999089513852738
Ctla4,0.9063221880737404,0.040007335022506856,2.0232421540482872,0.019773873800749228,0.9842237594948233,0.9999089513852738
Ctnna1,697.827660879992,0.08118311373014253,0.12143011502020547,0.6685583202868085,0.5037772676067541,0.9999089513852738
Ctnna3,11.433784424943516,-0.5363843195978473,0.5613692099041322,-0.9554929449897126,0.3393284714080904,0.9999089513852738
Ctnnal1,215.2569722741084,0.04927610420931137,0.19153654614046794,0.2572673737844972,0.796972376918289,0.9999089513852738
Ctnnb1,2815.3648674859032,-0.12627512564972315,0.10465234678288017,-1.2066153271431483,0.22758032127267847,0.9999089513852738
Ctnnbip1,223.50794986641782,0.005264033300030634,0.16901928635888186,0.031144571802613177,0.9751542437365986,0.9999089513852738
Ctnnd1,1090.0312142404618,0.07432906355212299,0.10642751962579523,0.6984007878175483,0.48492658382540277,0.9999089513852738
Ctps,214.59571809855547,0.047999383804152605,0.1627918249837517,0.29485131583814755,0.7681074636798564,0.9999089513852738
Ctr9,308.58256035506645,-0.02311440229875146,0.16845366204291506,-0.13721519626485093,0.8908606996410643,0.9999089513852738
Ctsk,9.466016385421439,-0.35591609484131803,0.6591762496955383,-0.5399407138920876,0.5892379189203358,0.9999089513852738
Ctsl,605.3463025544353,0.053604041071112,0.14637240322271114,0.3662168543448141,0.7142032665337744,0.9999089513852738
Ctsq,0.4865192149142819,0.9200296512650015,2.8819249511055407,0.3192413636281775,0.7495434929959728,0.9999089513852738
Ctss,842.0246033127611,0.14718360638001513,0.15157637340621316,0.9710194476389421,0.3315385942936715,0.9999089513852738
Cttn,340.8801712930196,-0.008748535853317432,0.13215426620440382,-0.06619942060580941,0.9472190580540837,0.9999089513852738
Cttnbp2,520.1717397952068,-0.03202187230213358,0.12088949125548742,-0.2648854914482076,0.7910976753866462,0.9999089513852738
Cubn,1.790744966188284,0.4632607491717922,1.5300337784424751,0.30277811882256395,0.762058959822248,0.9999089513852738
Cul1,826.5570275987258,-0.0058120248889652615,0.10739858294436562,-0.05411640200109524,0.9568424244889838,0.9999089513852738
Cul3,1487.8872903324952,-0.05540602621511147,0.10671827697139283,-0.5191802921439946,0.6036350209110706,0.9999089513852738
Cul4a,452.6220936432441,0.08973523369503086,0.12267190368613173,0.7315060009554216,0.4644701404387196,0.9999089513852738
Cux1,429.31034812601496,-0.05590013142981005,0.12761425625627065,-0.4380398638029382,0.6613573861731323,0.9999089513852738
Cux2,167.53042428487228,-0.21497316264803698,0.20226666749220315,-1.0628205097427812,0.2878633566446259,0.9999089513852738
Cwc27,163.77043654675774,0.03477697990487524,0.17007529647220476,0.2044799017037657,0.8379784963104981,0.9999089513852738
Cx3cl1,162.4342131432302,-0.001950605993603189,0.2056937397449711,-0.00948305960123844,0.9924337265590036,0.9999089513852738
Cx3cr1,121.99779197893662,-0.21802166794321487,0.2472889321428774,-0.8816474965294743,0.3779674617053832,0.9999089513852738
Cxadr,43.43075371069841,-0.06708124825779663,0.30606966129712826,-0.21916987124272688,0.8265177241852646,0.9999089513852738
Cxcl1,0.6018161048745752,0.09414189555260091,2.9904274583169563,0.031481083177849416,0.9748858781046177,0.9999089513852738
Cxcl10,17.036987197923906,4.06007438195902,2.339613036918981,1.735361496919038,0.08267679541889503,0.9999089513852738
Cxcl12,166.47756528454116,-0.04995252934076064,0.2417467190765644,-0.2066316743886812,0.8362975214846411,0.9999089513852738
Cxcl13,1.2226876374838884,3.7483146487305716,2.748154201264924,1.3639389838478833,0.17258677009759427,0.9999089513852738
Cxcl14,1779.610966107882,0.014923479644429824,0.1459887685374355,0.10222347783283779,0.9185792927531846,0.9999089513852738
Cxcl16,19.00333506703275,0.49923062374229915,0.5324689632728984,0.9375769447175007,0.34846186422961245,0.9999089513852738
Cxcl2,0.15792207135954184,0.9543856482214617,4.427724182917884,0.21554767388254945,0.8293403470759629,0.9999089513852738
Cxcl3,1.1219029602032757,2.4173733427635624,2.6877394688521905,0.8994076140110079,0.3684355850752954,0.9999089513852738
Cxcl5,29.592019127987925,0.38915702157827536,0.517610761574653,0.7518333281835152,0.45215129665387765,0.9999089513852738
Cxcl9,1.6679872130087345,-4.186704926163721,2.6754701859206036,-1.5648482828161718,0.11761848750763383,0.9999089513852738
Cxcr1,1.0424294509186722,0.10637285770599889,1.983100496387818,0.05363967075786383,0.9572222492978946,0.9999089513852738
Cxcr2,0.1429859810777457,-0.969188503896664,4.42774672984595,-0.21888977916548177,0.8267359084612689,0.9999089513852738
Cxcr3,0.4635939807305139,2.3494437346911075,3.5068693487505143,0.6699547377002244,0.50288664417994,0.9999089513852738
Cxcr4,113.92250860611703,-0.3717716838135344,0.22342751399434832,-1.6639476363816972,0.09612289418153232,0.9999089513852738
Cxcr5,0.30450608319916533,-0.007398491186301263,3.858512348870997,-0.0019174465486591135,0.9984700999401322,0.9999089513852738
Cxcr6,0.620350225918249,1.3967201423424,2.664557272833678,0.5241846953648062,0.6001500846840891,0.9999089513852738
Cxxc1,157.54731133435035,0.1253145524815517,0.1772772989005499,0.7068843741343974,0.47963833526581934,0.9999089513852738
Cxxc5,531.3909841472026,-0.12196884364516536,0.12451864360344217,-0.979522745474186,0.3273217556397393,0.9999089513852738
Cyb561,103.2429445832668,0.1403323745926424,0.2117284685386225,0.6627940756443134,0.5074624484374697,0.9999089513852738
Cyb5a,601.4236077889958,0.0055092940531217445,0.1190827623077016,0.04626441263502194,0.9630995035249779,0.9999089513852738
Cyb5r3,232.00963149646938,0.07448945579426855,0.1568317444346364,0.47496414748682414,0.6348125279078086,0.9999089513852738
Cybb,2.0801504454063084,0.7233607968239805,1.694572426296279,0.42686921231510006,0.669474591252148,0.9999089513852738
Cybc1,165.84180869983504,0.11938755564129543,0.1847326990729414,0.6462719174267867,0.5181032713942733,0.9999089513852738
Cyct,1.004415296861511,-2.2473523000942657,2.1407799947929846,-1.0497819979449063,0.29381835378145127,0.9999089513852738
Cyfip1,2602.180821417177,-0.05801009978174244,0.10460221541383428,-0.5545781181807574,0.5791832595130348,0.9999089513852738
Cyfip2,2735.406777936352,-0.036128651997883,0.15876643836257756,-0.22755849643345527,0.8199894884625418,0.9999089513852738
Cygb,113.952646396492,0.01614721107262928,0.20767268925321006,0.07775317558940739,0.9380243940951547,0.9999089513852738
Cyld,1126.1873545271667,0.002826116920094622,0.10241283756597623,0.02759533850699123,0.9779848995836925,0.9999089513852738
Cyp11a1,2.000081835078895,-1.0173386855961377,1.370018633160093,-0.7425728825669607,0.45774031129005144,0.9999089513852738
Cyp11b2,0.0,,,,,
Cyp17a1,0.47143456173501197,-0.8349642743831754,3.309131705622921,-0.25232125785878906,0.8007927582000128,0.9999089513852738
Cyp19a1,0.8239742027478529,-0.4695635600519886,2.410337077261108,-0.1948124038259241,0.8455398114870774,0.9999089513852738
Cyp1a1,0.3648906971129689,-0.007397932673110196,3.6467602450555323,-0.002028631490962615,0.9983813873639943,0.9999089513852738
Cyp1a2,0.548323036837947,1.077457225067851,3.187097714055832,0.3380684628262313,0.7353115958098091,0.9999089513852738
Cyp1b1,5.914640774760742,0.8254901744995014,0.8560442873504489,0.9643077895589772,0.334891636700439,0.9999089513852738
Cyp21a1,0.6683837837319248,1.5018634443430983,2.628599108856909,0.571355076277192,0.567758974603874,0.9999089513852738
Cyp24a1,0.5104617123723829,0.9522571084912053,2.849340693847981,0.3342026141511354,0.7382266714918093,0.9999089513852738
Cyp26a1,1.6329074962733292,-0.4914655347675694,1.4584673182847911,-0.3369739785088569,0.7361365162158988,0.9999089513852738
Cyp26b1,14.350272919248582,-1.1683224521025075,0.9783224979415012,-1.1942099405469948,0.23239585559997822,0.9999089513852738
Cyp27a1,221.86776606926568,-0.08132624612808724,0.18019084751786296,-0.4513339453604883,0.6517488829518099,0.9999089513852738
Cyp27b1,0.911086045007425,0.9945516000848132,2.042901796780691,0.48683279913507277,0.626376824758178,0.9999089513852738
Cyp2a5,0.6144205428127577,-1.3897836777262451,2.669004132439671,-0.5207124488248274,0.6025671009444928,0.9999089513852738
Cyp2c29,0.0,,,,,
Cyp2e1,0.5104617123723829,0.9522571084912053,2.849340693847981,0.3342026141511354,0.7382266714918093,0.9999089513852738
Cyp2g1,0.3387693769028517,-0.007398151907015832,3.7313212835751735,-0.0019827164011798192,0.9984180222315505,0.9999089513852738
Cyp2r1,9.805390793445035,0.22678267133892852,0.6001497829292216,0.3778767864116249,0.7055221278643966,0.9999089513852738
Cyp3a13,4.990398491307244,-0.09733468104093433,0.9034579423496166,-0.10773570797086218,0.9142053434887368,0.9999089513852738
Cyp7a1,0.0,,,,,
Cyp7b1,1104.3821820325793,0.12874324853745092,0.14426190637406341,0.8924271956009411,0.37216399969255287,0.9999089513852738
Cyp8b1,0.15792207135954184,0.9543856482214617,4.427724182917884,0.21554767388254945,0.8293403470759629,0.9999089513852738
Cyren,5.438870084528303,-0.12875854274834717,0.8018957788153388,-0.16056767743380002,0.8724339141873713,0.9999089513852738
Cysltr1,2.289953220485335,-0.3277291801529339,1.2345269388896947,-0.26546944406712264,0.7906478457449923,0.9999089513852738
D1Ertd622e,81.6308864458694,0.08873438568624602,0.2573221314526958,0.3448377533067275,0.7302163489029798,0.9999089513852738
D1Pas1,0.15792207135954184,0.9543856482214617,4.427724182917884,0.21554767388254945,0.8293403470759629,0.9999089513852738
Daam2,1193.2077268541047,0.028390707016117598,0.12020954068206106,0.2361768197019187,0.8132954659703375,0.9999089513852738
Dab2,404.7759212000888,-0.007953299177475658,0.1910126036918352,-0.041637562253781374,0.9667876288458244,0.9999089513852738
Dach1,21.933016001213833,0.37829123126642156,0.4057592660351439,0.9323046025858515,0.35117912979420896,0.9999089513852738
Dact2,65.48267906933465,-0.5333674278074549,0.24663653034571661,-2.1625645927625583,0.030574684017686867,0.9999089513852738
Dag1,797.7323575820914,-0.030086712031777842,0.138403405226725,-0.21738418922924194,0.8279089517708688,0.9999089513852738
Dagla,260.735841454718,-0.21624318936771886,0.19814342830018905,-1.0913467644261636,0.2751203276742855,0.9999089513852738
Daglb,174.16793866215184,-0.24418494990270448,0.20771050923176324,-1.1756022880394708,0.23975384081282025,0.9999089513852738
Dao,66.74269646044515,-0.6492469924417387,0.47127244118457695,-1.3776468465030758,0.1683123497313469,0.9999089513852738
Dapk1,228.75146033997734,0.07931143229022966,0.18378234230532875,0.43155088402597874,0.6660678625057808,0.9999089513852738
Daxx,75.65215148141762,-0.0750086698112266,0.2320059783667352,-0.32330490075845936,0.7464643428683995,0.9999089513852738
Dazl,4.97353398629225,0.3786026447408013,0.9437690954598651,0.40116024837232217,0.6883021455812328,0.9999089513852738
Dbh,0.30450608319916533,-0.007398491186301263,3.858512348870997,-0.0019174465486591135,0.9984700999401322,0.9999089513852738
Dbn1,772.1001515106614,-0.11111815951819945,0.11649337140469014,-0.9538582168094563,0.3401554160249166,0.9999089513852738
Dbnl,324.90172552994983,0.053447447323054995,0.1504956963295161,0.35514269594812703,0.7224826919673211,0.9999089513852738
Dbp,4232.730347922247,0.11979681614016756,0.2255902028612715,0.5310373173157594,0.5953929197248105,0.9999089513852738
Dbx1,0.5002894790242712,0.9197395242640237,2.861344306165435,0.3214361593193206,0.7478798846109261,0.9999089513852738
Dbx2,2029.2678346897656,-0.003277855347125585,0.12080210536807807,-0.02713409122413985,0.9783527838993744,0.9999089513852738
Dcaf1,147.4256124094279,-0.008006211888476842,0.19380047022135977,-0.0413116226154256,0.967047467474096,0.9999089513852738
Dcaf11,113.94753381229555,0.162261840723619,0.2181433234351631,0.7438313406453932,0.45697851709669524,0.9999089513852738
Dcaf7,1216.6788086083109,-0.024902180076522642,0.11596336473037303,-0.2147417862048313,0.829968641804442,0.9999089513852738
Dcc,54.68763646904014,-0.0689179077908977,0.2905464123828175,-0.2372010283165809,0.8125008385963355,0.9999089513852738
Dct,0.14774983801143024,0.9543856482214617,4.427724182917884,0.21554767388254945,0.8293403470759629,0.9999089513852738
Dctn1,1174.2472502002827,0.041797073670469705,0.1081827630813921,0.38635612994117524,0.699232935717077,0.9999089513852738
Dctn2,1136.360780958597,-0.02073493337135815,0.12153281035411223,-0.17061181512171422,0.8645290070225831,0.9999089513852738
Dctn3,86.81143976695648,-0.0972493875541198,0.2722913542020103,-0.35715194791668425,0.7209780566708974,0.9999089513852738
Dctn4,365.930637659865,0.032760752119626174,0.13880431830486192,0.2360211304642001,0.8134162735752297,0.9999089513852738
Dcx,21.228923752895962,-0.19560007790220527,0.4646034405099202,-0.42100436812849823,0.673751892177717,0.9999089513852738
Ddah1,1586.703511609655,-0.014856379947214397,0.10186025977842857,-0.14585059943427126,0.88403933038371,0.9999089513852738
Ddb1,685.1429625503116,-0.03195260604309483,0.15180225260632385,-0.21048835240909813,0.8332865414717987,0.9999089513852738
Ddc,9.766680986098605,0.17000475231670417,0.6083163588983334,0.2794676648587659,0.7798859495279037,0.9999089513852738
Ddit3,205.430687063331,-0.15628926379626257,0.19280823342045605,-0.8105943456026761,0.41759866509437704,0.9999089513852738
Ddit4,2449.4800665335815,0.5290499157951295,0.161990023448936,3.265941349541822,0.0010910084359492956,0.5528607122050654
Ddr1,681.5313529608335,0.08478776797039972,0.13095654011085614,0.6474496645881599,0.5173409617125115,0.9999089513852738
Ddx19b,101.51281358315946,0.09032889150164494,0.22573790031814878,0.40014942716459173,0.6890464609431217,0.9999089513852738
Ddx21,210.26952240094568,0.34194945452026126,0.16840838384677106,2.030477620587994,0.04230801373201558,0.9999089513852738
Ddx4,2.3394571201173977,-0.11726483622233864,1.316568988901189,-0.0890685085330835,0.9290274644466379,0.9999089513852738
Ddx41,155.60157460214398,0.06537947200325259,0.17922224013661237,0.3647955295805755,0.7152640423637857,0.9999089513852738
Ddx42,572.7602082498178,-0.008558898236594571,0.11759471037293832,-0.07278302067712904,0.9419787826539249,0.9999089513852738
Ddx56,340.8156158420382,0.14592384423203028,0.13579324976228876,1.0746030784849432,0.28255247299275155,0.9999089513852738
Ddx58,142.32132783940776,0.14016079009182553,0.2345550992108954,0.5975601918839668,0.5501334327917358,0.9999089513852738
Ddx6,1103.6342332248241,0.0028361069418879254,0.09839226471775014,0.028824490929481437,0.9770045680557835,0.9999089513852738
Decr1,423.3293556030472,0.11034286824059283,0.13526871768052232,0.8157308661800184,0.4146540812942002,0.9999089513852738
Def6,19.190277324619526,-0.02626825777575981,0.4764621001840425,-0.05513189352440246,0.956033387417834,0.9999089513852738
Defa5,0.45883012379682936,0.8331971496379057,3.33786835143918,0.2496195361565588,0.8028815890960243,0.9999089513852738
Dek,613.0716895887867,-0.05676551537116739,0.12889017096881095,-0.44041772110693844,0.6596345923636662,0.9999089513852738
Dennd1a,225.03288982919716,0.03438005352163104,0.1616414145595425,0.21269334727930594,0.8315661561458791,0.9999089513852738
Derl2,146.58305146685385,0.12578984769232698,0.22378695104304688,0.5620964363919971,0.5740503162015523,0.9999089513852738
Des,20.803253955477913,-0.04202886117232637,0.4246489740825779,-0.09897318429445533,0.9211595613770356,0.9999089513852738
Dffb,58.765139927861604,-0.3568076171960804,0.29936054363212455,-1.1918992826073662,0.23330073952311892,0.9999089513852738
Dgat1,196.48000422846283,0.10141722622818256,0.20258131449984892,0.500624781108616,0.6166352186577139,0.9999089513852738
Dgcr2,975.1965388309358,-0.013783433688486987,0.11639930137494858,-0.11841508948655471,0.9057387702160112,0.9999089513852738
Dgcr8,144.40281751263856,0.025515347145989978,0.19117820088966797,0.13346368480952123,0.8938266826145546,0.9999089513852738
Dgka,57.68434461721091,-0.0014465002661005171,0.2720636642577976,-0.005316771241932058,0.9957578502989723,0.9999089513852738
Dgkg,69.85148418076855,-0.4096207255339975,0.3361545608619042,-1.218548766626058,0.22301550471863796,0.9999089513852738
Dgkq,214.05894556726608,-0.022206559373715573,0.18856651534678506,-0.11776512565275116,0.9062537629100781,0.9999089513852738
Dglucy,165.77061697098938,-0.3112208963636249,0.18576362410684893,-1.6753597366544404,0.09386367140055385,0.9999089513852738
Dhfr,70.18906426710825,0.15093642802293572,0.23476387577502325,0.6429286768445573,0.5202703807262445,0.9999089513852738
Dhh,1.1302017634608574,-2.352555891012051,2.3092653079418617,-1.0187464744398607,0.3083233427415396,0.9999089513852738
Dhodh,59.7336761526544,-0.011144872284378155,0.26757289318489413,-0.041651723953505984,0.9667763392381546,0.9999089513852738
Dhx33,195.4722636748867,-0.06154238822129999,0.15917682946723882,-0.3866290617000034,0.6990308398493191,0.9999089513852738
Dhx58,20.117417008907825,-0.4711157961687803,0.47273823791985725,-0.9965679912879143,0.31897424922320694,0.9999089513852738
Diablo,192.87612488601818,0.05690239681743642,0.1673795979939274,0.33996017136748563,0.7338865220515151,0.9999089513852738
Diaph1,240.51260754028365,-0.06057186232074522,0.17292384165199157,-0.3502805728931573,0.7261281434504311,0.9999089513852738
Diaph3,39.35088236812277,-0.05512353415737187,0.3269426339378726,-0.16860307722316428,0.8661088599437706,0.9999089513852738
Dicer1,299.4183628304915,0.06638802279543209,0.1527421996851694,0.4346410025014068,0.6638230282106956,0.9999089513852738
Dio1,0.402752021578533,-0.007397661347697187,3.5392911556212887,-0.0020901533732108563,0.9983323001080966,0.9999089513852738
Dio2,665.9905253554085,0.09934629703518305,0.46643197587162294,0.21299203779829695,0.8313331731150782,0.9999089513852738
Dio3,0.30450608319916533,-0.007398491186301263,3.858512348870997,-0.0019174465486591135,0.9984700999401322,0.9999089513852738
Dip2a,638.9049001893865,0.006830049535938782,0.12620117774463468,0.05412033118866163,0.9568392940384743,0.9999089513852738
Diras1,189.81316825993545,-0.15441362572265566,0.18880940318477746,-0.8178280483813587,0.4134553798029955,0.9999089513852738
Disc1,19.91412967719103,0.3869375063611868,0.4595625537793587,0.841969179558002,0.399805205274676,0.9999089513852738
Disp2,661.1808656871985,-0.022040141085598812,0.13233889720974457,-0.16654318231674003,0.8677295030729957,0.9999089513852738
Dixdc1,160.26180399737368,-0.11643952047718097,0.17712730816846387,-0.6573775759434937,0.5109381665335149,0.9999089513852738
Dkk1,0.19578339582510598,0.9543856482214617,4.427724182917884,0.21554767388254945,0.8293403470759629,0.9999089513852738
Dkk2,1.6883410790108828,0.8524840419479955,1.5026143749720318,0.5673338789693549,0.5704873635925124,0.9999089513852738
Dkk3,252.91784003553423,0.36296157024078535,0.23836496065045745,1.5227136121446916,0.1278303709117696,0.9999089513852738
Dkk4,0.5228127684725107,0.8345403735100205,3.2077581283834977,0.26016312331209795,0.7947379483681022,0.9999089513852738
Dlg1,807.881797065474,0.038489437702348785,0.10817646097493791,0.3558023377309961,0.7219885982497636,0.9999089513852738
Dlg3,401.6058092442495,-0.002061223709725612,0.13618188843719894,-0.015135813825023856,0.9879238289296823,0.9999089513852738
Dlg4,2584.135919063281,-0.026858668429077862,0.12720865587914265,-0.21113868583436277,0.8327790536805827,0.9999089513852738
Dlg5,682.3463724674493,0.030202742517744824,0.12999472001070256,0.23233822508528204,0.8162753252805282,0.9999089513852738
Dlgap4,1412.7832904437407,0.12775766608636413,0.14907581267071157,0.856997951562831,0.3914460167084657,0.9999089513852738
Dlk1,67.37095519138593,0.14886101805254282,0.3039148818727754,0.4898115457039676,0.6242672599137711,0.9999089513852738
Dll1,22.696825099487125,-0.3328590040576122,0.4397120932644651,-0.7569930624068918,0.44905401882544027,0.9999089513852738
Dll3,11.684911658352561,-0.01328998284384589,0.610687887746919,-0.02176231608731942,0.9826375544685072,0.9999089513852738
Dll4,10.623672615711573,0.7278101922004487,0.7597179590725719,0.9580005099378266,0.33806250142046457,0.9999089513852738
Dlx1,34.535693493560956,0.016282110319448848,0.4867031118916486,0.03345388579120822,0.9733126390366461,0.9999089513852738
Dlx2,25.598596941991854,0.5387930662383738,0.5632984622169311,0.956496604158809,0.3388213992034872,0.9999089513852738
Dlx3,0.3387693769028517,-0.007398151907015832,3.7313212835751735,-0.0019827164011798192,0.9984180222315505,0.9999089513852738
Dlx4,0.45766429762502264,-0.794901337146119,2.9195221392401236,-0.2722710427374979,0.7854136199753845,0.9999089513852738
Dlx5,23.283971549153406,-0.3256721770827705,0.4962741138092018,-0.6562344640203798,0.5116732772495575,0.9999089513852738
Dlx6,18.943297684097836,-0.33025284289662044,0.4985332474815323,-0.662448983222236,0.5076835201787842,0.9999089513852738
Dmap1,209.14930480568123,-0.022210915548465732,0.1971743264141806,-0.11264608304942253,0.910311148546891,0.9999089513852738
Dmbx1,1.191598496939964,0.5915520337943591,1.9123968300008805,0.3093249395284172,0.7570743615996252,0.9999089513852738
Dmc1,7.356702201725947,0.5331194801144155,0.7149011377931054,0.7457247609930394,0.45583369836720367,0.9999089513852738
Dmd,966.3162114133276,-0.04965825278566334,0.15521689078154113,-0.31992815044565276,0.7490227975282353,0.9999089513852738
Dmp1,166.708182028143,-0.025105312953559746,0.21000472000719028,-0.11954642235041277,0.9048424639881132,0.9999089513852738
Dmrt1,0.352539641012841,-0.007398032634443677,3.685558673124655,-0.002007302905904235,0.9983984050780661,0.9999089513852738
Dmrt2,1.5998100287414496,0.015438732777856932,1.4166425997740808,0.010898114161129296,0.9913047350904721,0.9999089513852738
Dmrta1,0.6496968330966536,-2.8310269923063265,2.8846286860121473,-0.9814181651989593,0.3263865718576966,0.9999089513852738
Dmrta2,35.43969284254499,-1.57409077265041,0.3894501337225564,-4.041828815423619,5.303594545287997e-05,0.05609904590283414
Dnah11,0.7339853331234667,1.7476967219861301,2.92733260881017,0.5970270398130435,0.5504893277060419,0.9999089513852738
Dnah12,0.678403187488439,-1.5286188993949044,2.621204452264427,-0.5831742343007045,0.5597760143520475,0.9999089513852738
Dnah5,5.150163648278763,0.5583663205210805,0.8261062333913991,0.6759013525764468,0.4991032789219181,0.9999089513852738
Dnajb1,509.46665732861385,0.00283006156667837,0.16270050865929264,0.01739430066936506,0.9861220558758641,0.9999089513852738
Dnajb6,660.6810653832916,-0.04716064644093218,0.11163502404523434,-0.4224538566124441,0.6726937744746601,0.9999089513852738
Dnajc5,609.3177272742121,-0.03434027566156273,0.12106849560688762,-0.2836433664218183,0.7766836997848953,0.9999089513852738
Dnajc7,905.6597273573383,-0.08243942902321318,0.11942206654389585,-0.6903198999065302,0.4899930362376166,0.9999089513852738
Dner,3144.396322518561,-0.09095971792223408,0.10469361704077691,-0.8688181810244109,0.3849465871038178,0.9999089513852738
Dnm1,2373.812115693263,-0.035712762413010475,0.14213425815515718,-0.2512607648328214,0.8016125074039157,0.9999089513852738
Dnm1l,1418.1788750200333,0.0035167935515749466,0.09599388838551152,0.03663559848155646,0.9707755590890467,0.9999089513852738
Dnm2,847.0466037970991,0.1036410796054288,0.10170466314038723,1.0190396035466796,0.30818416521541536,0.9999089513852738
Dnmt1,167.49456913325378,-0.11446897483503052,0.19463179042849332,-0.5881309244652189,0.5564444175294805,0.9999089513852738
Dnmt3a,281.01361262904237,-0.12039463046861883,0.15363220452533485,-0.7836549038698787,0.43324263036306077,0.9999089513852738
Dnmt3b,12.510790218600702,-0.20287806005313883,0.5421503257921535,-0.3742099753545423,0.7082481030128744,0.9999089513852738
Dnmt3l,1.0342874774251032,-0.19389857035273175,1.9861336461961572,-0.09762614450648185,0.922229163354589,0.9999089513852738
Dnttip1,240.09987070287707,0.1213401538384101,0.16621451147069935,0.7300214209022309,0.4653770910744309,0.9999089513852738
Dnttip2,160.700874079239,-0.07293313274962147,0.19019102795604048,-0.3834730456711068,0.7013690520457343,0.9999089513852738
Doc2a,95.77679883691467,-0.17149672988149314,0.21548840484430934,-0.7958513127673842,0.42611846280913157,0.9999089513852738
Dock2,16.087427425904874,-0.1682095781735893,0.49755832546691303,-0.33807007051030646,0.7353103843114418,0.9999089513852738
Dock3,236.6306969344355,-0.0895550766104612,0.1530430535222208,-0.5851626359340669,0.5584383657804011,0.9999089513852738
Dock5,144.24886726763208,-0.1869698879299201,0.24900472243951907,-0.7508688433623316,0.45273159275831265,0.9999089513852738
Dock7,301.7457502645662,0.10195524188737345,0.16957989692704772,0.6012224546358463,0.5476918304903238,0.9999089513852738
Dock8,20.1719556254866,0.13698973614587417,0.4450720436723292,0.30779227339367266,0.7582404013080508,0.9999089513852738
Dot1l,101.55842936228578,0.16036408790475912,0.22180275965323107,0.7230031229344221,0.46967796556345465,0.9999089513852738
Dpf2,679.171486714483,0.10012567884527238,0.12124165307229229,0.8258356456552999,0.40889733054351085,0.9999089513852738
Dpf3,364.4300242848464,-0.2043468553695902,0.129154401008314,-1.5821904153032764,0.11360610776946671,0.9999089513852738
Dpm1,426.87412800482883,0.052526892482107596,0.14171473823708602,0.37065229160732116,0.7108965287945694,0.9999089513852738
Dpp10,217.4203981327208,0.1011504195315923,0.18833628786265386,0.537073448136332,0.5912168806798793,0.9999089513852738
Dpp4,6.0497685086615265,0.7855229511056769,0.8239874208947137,0.9533191055911137,0.34042841413448544,0.9999089513852738
Dpp9,167.9400264142552,0.16630239280293457,0.17686100246021347,0.9402999558387433,0.3470637222441354,0.9999089513852738
Dppa3,0.5092958862005762,-0.8359648163784755,3.2322376600066933,-0.2586334621126667,0.7959180624246445,0.9999089513852738
Dpy30,491.02057601446523,-0.048361094784373476,0.12406268992333473,-0.3898117541563745,0.6966757514366757,0.9999089513852738
Dpyd,198.46040515162645,0.1155821521344944,0.2164510162604258,0.5339875697115243,0.5933501341365733,0.9999089513852738
Dpysl2,4005.6770695223345,-0.10406574261808618,0.09227067665621586,-1.1278311419110607,0.25939123869415126,0.9999089513852738
Dpysl3,245.6847197281279,-0.001226818429118707,0.15600470106095457,-0.00786398371828142,0.9937255134762283,0.9999089513852738
Dpysl4,87.56283530882865,0.04918593677528611,0.23689167924821136,0.20763049563994973,0.8355174911579036,0.9999089513852738
Dpysl5,260.4363493059774,-0.1089164669959593,0.16679204421963537,-0.6530075670308095,0.5137514001895203,0.9999089513852738
Drc7,6.753944451575681,0.8134536283422021,0.7942369038050551,1.0241952047872405,0.305743083227517,0.9999089513852738
Drd1,8.989932715771255,-0.04365662617605779,0.7802241950750666,-0.055953950738297106,0.9553784916387337,0.9999089513852738
Drd2,21.2814495888608,-0.08897431009888142,0.40540565519391725,-0.21946982968533685,0.8262840793917081,0.9999089513852738
Drd3,1.5197936957591756,1.006737072979128,1.5062958242089834,0.6683528273789155,0.5039083995138723,0.9999089513852738
Drd4,0.7820188909371425,1.842862689780616,2.523364608283436,0.7303196231456446,0.46519483620745117,0.9999089513852738
Drd5,13.70002359556099,-0.17324480390201527,0.5095495935390804,-0.3399959613327178,0.7338595693466641,0.9999089513852738
Drosha,671.1052005386537,0.1117265516710536,0.13912984140903256,0.8030380149905074,0.4219527625525009,0.9999089513852738
Dsc1,0.3056719093709721,1.7522127818210251,3.970869407267861,0.44126678621411203,0.6590198682649857,0.9999089513852738
Dsc3,1.860995277252098,0.3090122419439929,1.371784644399262,0.22526293992692772,0.8217747284144086,0.9999089513852738
Dscam,164.10742855240684,-0.07332906160757384,0.1997216462750395,-0.36715630466309773,0.7135024304496715,0.9999089513852738
Dscaml1,19.559802784661798,-0.09853821397538616,0.4666001455781206,-0.2111834188420509,0.8327441488298716,0.9999089513852738
Dsg1a,2.1672228379651024,-0.5336238664809363,1.4262100765276784,-0.3741551649811109,0.7082888785296219,0.9999089513852738
Dsg1b,3.2166838367081865,0.17284637177537016,1.0393931801613212,0.16629546457919142,0.8679244350949042,0.9999089513852738
Dsg2,3.9098063234339366,-0.7257121371391022,0.9624270329716708,-0.7540437999734195,0.4508229217864824,0.9999089513852738
Dsp,1.868582476418542,-0.25436976545667084,1.319583417372369,-0.19276520309961656,0.8471428562372585,0.9999089513852738
Dspp,2.9479113890310935,0.3519191718283312,1.09618776358692,0.3210391353729306,0.7481807335952563,0.9999089513852738
Dst,3083.069132933566,0.05263336816502025,0.09962903275133696,0.5282934774282845,0.5972956580325052,0.9999089513852738
Dtl,1.5529422970995805,0.5439310052990703,1.69175243728895,0.3215192680146069,0.7478169129990493,0.9999089513852738
Dtnbp1,403.4293842750753,-0.00130603422750133,0.14276132991360124,-0.009148375321886806,0.9927007543900606,0.9999089513852738
Dusp1,58.443786287840965,0.15183747074506473,0.28876398844050355,0.5258185813441523,0.5990142629082049,0.9999089513852738
Dusp11,154.37443386338614,0.0384536146099479,0.20473603470521784,0.187820452151054,0.8510174025867857,0.9999089513852738
Dusp15,36.775980164299284,-0.08465940517400426,0.3365132010592417,-0.25157825876524925,0.8013670652078383,0.9999089513852738
Dusp3,331.2505253458119,-0.08012771161145234,0.25724355976320495,-0.31148578291021406,0.7554313492961693,0.9999089513852738
Dusp4,21.83860556329175,-0.08791921817869255,0.4082282999877786,-0.2153677689207844,0.8294805970490449,0.9999089513852738
Dusp5,11.737528186102997,0.5808251763951746,0.5512089623750858,1.0537295581923716,0.2920067521429167,0.9999089513852738
Dusp6,834.1473011930933,0.009516157926849499,0.25081513562045094,0.03794092371383018,0.9697347841190564,0.9999089513852738
Dusp7,447.6066077852585,0.12029284896208131,0.15714633063567077,0.7654830276690912,0.4439839691650417,0.9999089513852738
Dut,42.29865915206873,-0.19902418343006048,0.4025555054011289,-0.4944018421304203,0.6210224132828792,0.9999089513852738
Duxbl1,83.24355687707488,-0.19649776105557681,0.23760047925805663,-0.8270091107104277,0.40823189758641965,0.9999089513852738
Dvl1,532.062495602382,0.013009524577314262,0.1316441797659207,0.09882339348725308,0.9212784940919979,0.9999089513852738
Dvl2,134.46137444339402,0.04165367334520529,0.22003839740342207,0.18930183930051422,0.8498562538350665,0.9999089513852738
Dvl3,336.17862509216224,0.10078822511186407,0.14063244904579822,0.7166783043011751,0.473572615800536,0.9999089513852738
Dxo,96.27379346025107,-0.1101750364598348,0.23316481181613694,-0.472519998200731,0.6365556708991309,0.9999089513852738
Dydc2,8.462939950722095,1.0023870985758399,0.6581104340935744,1.5231290170265164,0.1277264305120645,0.9999089513852738
Dync1h1,1122.3584961902377,0.03430418577497638,0.104624784318313,0.3278781982537569,0.7430037586051761,0.9999089513852738
Dync1i1,109.21152759272012,0.033591808989077515,0.24339010677788134,0.13801632873982636,0.8902275125807242,0.9999089513852738
Dync1i2,636.924445137947,-0.08416017919716635,0.11050551061394984,-0.7615926004919276,0.4463031924841636,0.9999089513852738
Dync1li1,389.657065421685,0.10113927513439536,0.13388746452497463,0.7554051119963466,0.4500059469060226,0.9999089513852738
Dync2h1,313.88726946515715,0.03771184913755675,0.139937948322042,0.26948979593990985,0.7875527935265774,0.9999089513852738
Dyrk1a,620.4125528450544,-0.006612944642067658,0.1311305821047511,-0.05043022410123244,0.9597795516715933,0.9999089513852738
Dysf,12.05506757921322,0.45181161561685806,0.6047761649869553,0.7470724571736443,0.4550198247823508,0.9999089513852738
E2f1,47.455231497307444,0.24874815095958822,0.30199126709616786,0.823693192692143,0.41011390833685823,0.9999089513852738
E2f2,4.20285227786012,1.3609745923477088,0.9745448972867435,1.3965232347291894,0.1625569888299223,0.9999089513852738
E2f3,181.81351848437234,-0.1640658395516021,0.19043527779931166,-0.8615307071649888,0.3889458163182624,0.9999089513852738
E2f4,274.43657404116794,0.2346563294358248,0.14538021683887398,1.6140870782707404,0.10650853977988108,0.9999089513852738
E2f5,568.7207946024859,0.02779541771824688,0.12116763846918847,0.2293963806624401,0.8185608489830447,0.9999089513852738
Ebf2,6.163873078805602,-1.03046292686405,0.7790087728268356,-1.3227873199999374,0.1859061151669802,0.9999089513852738
Ebf3,14.071151839050154,-0.8665224825236116,0.6365486171975947,-1.3612824835571506,0.1734244363453603,0.9999089513852738
Ebi3,4.6153020932101025,0.1978915320271663,0.8532248194820355,0.23193363285810142,0.816589561441923,0.9999089513852738
Ece1,1225.3702993253883,-0.040406585262075204,0.17202334312778014,-0.23489012902197182,0.8142940111608334,0.9999089513852738
Ecel1,56.27871940634412,0.3103901740444361,0.505636769333482,0.6138599739365963,0.5393078617659013,0.9999089513852738
Echdc1,776.7853645274749,0.004921615903666019,0.12598061582878098,0.03906645376583123,0.9688374065581756,0.9999089513852738
Echs1,1722.919757236142,-0.08327639261912884,0.09509559142141694,-0.8757124423369826,0.38118637954208867,0.9999089513852738
Eci3,1.5112789784720162,-0.9823814666711461,1.5894938812296828,-0.6180467117691228,0.5365445474338268,0.9999089513852738
Ecpas,604.7511302488591,0.030049421629228454,0.11612686890171724,0.2587637289580284,0.795817544992333,0.9999089513852738
Ecscr,2.3600183778581054,1.3675512631308284,1.259064752200203,1.0861643618734036,0.27740628129939215,0.9999089513852738
Ect2,4.549746533918056,0.6071994598157877,1.0298076507963825,0.5896241490789288,0.5554426578212084,0.9999089513852738
Eda,36.96570236980069,0.2582382906567983,0.3268731550452455,0.7900259983755876,0.42951258523533065,0.9999089513852738
Edar,1.3448078451743466,0.3473709340252863,1.758233862972439,0.19756810589350562,0.8433829907009396,0.9999089513852738
Edc4,578.1298021592755,0.1354074783283222,0.12142428916785303,1.115159736625176,0.2647819765239119,0.9999089513852738
Edil3,572.9191535655212,0.03094739582620982,0.21039148925832993,0.1470943332133124,0.8830575626673391,0.9999089513852738
Edn1,42.36719816476046,-0.27152859093453635,0.34133569250969675,-0.7954884206163781,0.4263294440159747,0.9999089513852738
Edn3,13.396591347237413,0.03471961455414869,0.5370407186413226,0.06464987355518778,0.9484527743812728,0.9999089513852738
Ednra,132.21117601227198,-0.007820700865023867,0.2778263836369105,-0.028149597466757124,0.9775428366697155,0.9999089513852738
Ednrb,4860.905670826502,-0.09505391287679736,0.24483286511851246,-0.38824000540444636,0.6978384304617034,0.9999089513852738
Eea1,278.5754597051245,-0.019023721607998086,0.15655633913680278,-0.12151358234925698,0.9032842572621779,0.9999089513852738
Eed,344.7598045456177,-0.06626961543167402,0.12888916978873446,-0.5141596888264409,0.607140348737466,0.9999089513852738
Eepd1,120.69716710302878,-0.1423576335836253,0.2529893272185969,-0.5627021311480873,0.5736377328226347,0.9999089513852738
Efcab14,494.50202761005374,-0.0641452142342097,0.12375180974306935,-0.5183375852634924,0.6042227536947385,0.9999089513852738
Efcab3,1.466386106182041,-2.798043395272797,2.0095046460909596,-1.3924045414454567,0.16379993001722515,0.9999089513852738
Efemp1,68.38448025902345,-0.06488216767452194,0.3279986628550484,-0.19781229322631458,0.8431919276227935,0.9999089513852738
Efna1,8.538505936960439,-0.5323219402171754,0.6418980221566271,-0.8292936289610277,0.40693827510999325,0.9999089513852738
Efna2,112.23983454370465,-0.20571482222037182,0.219757304900654,-0.9361000414223756,0.34922168172114953,0.9999089513852738
Efna3,112.68480319726446,0.1899427570652636,0.2696948494098478,0.7042876698642948,0.48125364341285204,0.9999089513852738
Efna5,94.13503538176911,-0.3472956896592932,0.25169797680029465,-1.3798112089508325,0.16764478051959886,0.9999089513852738
Efnb1,87.21635700541901,-0.009875865190547504,0.27606682369834257,-0.035773458969987765,0.9714629961903974,0.9999089513852738
Efnb2,29.852191682827883,-0.29073766980816346,0.3495158972092123,-0.8318296024004153,0.4055051322617682,0.9999089513852738
Efnb3,226.35529492761785,-0.30088478260512685,0.22112435690548032,-1.3607039351786114,0.17360727051623903,0.9999089513852738
Egfl7,109.52383800564019,-0.19463332796117322,0.23696898827506793,-0.8213451446872344,0.41144969987470703,0.9999089513852738
Egfr,909.729591014138,0.024242539235679168,0.15036379336929265,0.1612259087940115,0.8719154757846899,0.9999089513852738
Egln1,608.4813788489656,0.046811710928433975,0.13846491093182273,0.3380763444933937,0.7353056564483886,0.9999089513852738
Egln2,661.3232241011834,0.00810613846021302,0.1331312557314251,0.06088831969380725,0.9514481517206823,0.9999089513852738
Egln3,70.87158148910207,-0.1426166828791307,0.2934403060062609,-0.4860159969847081,0.6269558240058051,0.9999089513852738
Egr1,109.54314111896856,0.2707074656867062,0.21354213452477905,1.2677004764850928,0.20490493458273207,0.9999089513852738
Egr2,2.4230434264562257,3.666408982977613,1.8449487029425553,1.987268793506272,0.0468926179321018,0.9999089513852738
Egr3,22.08174838064787,-0.2746428187884959,0.40721474209917496,-0.6744422300939393,0.500030202034386,0.9999089513852738
Egr4,9.069053167986254,0.154356706371038,0.6741224853807447,0.22897427354593766,0.8188889116984605,0.9999089513852738
Ehd4,33.877433244655656,0.03687381784121274,0.3946069874488431,0.09344441181744931,0.9255505093140661,0.9999089513852738
Ehhadh,167.49129902292026,0.07149346636346991,0.1736148424367851,0.4117935158078515,0.6804907744405697,0.9999089513852738
Ehmt1,80.5273537843493,-0.09410909848528615,0.248408844436235,-0.37884761590863314,0.7048010259392241,0.9999089513852738
Ehmt2,802.4785717057379,-0.003283682672629897,0.12274975413121239,-0.026751032585530316,0.97865830956022,0.9999089513852738
Eif2a,320.0934223948418,0.08173338543533655,0.18455598073941853,0.442865005554813,0.6578633806067173,0.9999089513852738
Eif2ak2,250.5304409224052,0.0027107766285266164,0.19553640649123083,0.013863283452783438,0.988939054473803,0.9999089513852738
Eif2ak3,216.49568917268792,-0.0771784345374725,0.15775304753890385,-0.4892357754194216,0.6246747842694064,0.9999089513852738
Eif2ak4,97.28712465167494,-0.028253104666387807,0.20690928921592677,-0.1365482660225244,0.89138787106657,0.9999089513852738
Eif2b1,237.21052457980386,0.17684053559439167,0.14579936097857601,1.2129033653335206,0.2251667688373653,0.9999089513852738
Eif2s1,88.28843671630698,0.30268900848925695,0.2172751169146677,1.393114005816573,0.16358531844607305,0.9999089513852738
Eif2s2,231.38407107796266,0.1093945490831731,0.14648689890123784,0.7467872547218535,0.45519199021395984,0.9999089513852738
Eif3i,387.31418498221683,-0.0930816401624241,0.14407029728381143,-0.6460848760453226,0.5182243893934162,0.9999089513852738
Eif4a3,1143.7450904280809,-0.09810743778608794,0.11018263045247773,-0.8904074751455687,0.3732471300122965,0.9999089513852738
Eif4e,453.9872190019689,0.07437834115624761,0.1524242318270848,0.48796927013957275,0.6255716077213631,0.9999089513852738
Eif4ebp1,10.352268838572389,0.6931216671970682,0.6052990910840302,1.145089555571208,0.2521720615586982,0.9999089513852738
Eif4ebp2,488.89343680179627,-0.02455021658040677,0.12581393675543812,-0.19513113740434346,0.845290286957805,0.9999089513852738
Eif4enif1,517.7354800441392,-0.01666792985335607,0.11374528567794492,-0.14653732463734065,0.883497227119574,0.9999089513852738
Eif4g1,1279.6841719828003,0.07053206914099829,0.09860757311600918,0.7152804486732391,0.4744357671234558,0.9999089513852738
Eif4g3,735.5560834854961,-0.0561397470105407,0.13255474973897016,-0.42352120253021763,0.6719150324890817,0.9999089513852738
Eipr1,154.11031056088396,0.1321220956228283,0.17041912901247688,0.7752773787099644,0.4381757733664142,0.9999089513852738
Elac2,116.9922365707961,0.04684640463140022,0.2081051894410537,0.22510925728101355,0.8218942795260329,0.9999089513852738
Elavl1,1766.558544756603,-0.016319834273225062,0.09590103543287327,-0.1701737025003058,0.8648735324155241,0.9999089513852738
Elavl2,409.7163335648692,-0.15715027288725297,0.14362370225024412,-1.0941806291376663,0.27387576541852343,0.9999089513852738
Elavl3,319.5309889817276,-0.06282792197280453,0.16737296135969962,-0.37537677210467496,0.7073802772028643,0.9999089513852738
Elavl4,150.21899031894358,-0.055205044259147455,0.2316889343016722,-0.23827225251624376,0.8116699409380008,0.9999089513852738
Elf2,276.4842771833144,0.06554516318016058,0.153986714558946,0.42565466357209636,0.6703595020610622,0.9999089513852738
Elf3,2.9067054156417065,0.0708980223879419,1.0948371286341168,0.064756684381349,0.948367729878657,0.9999089513852738
Elk1,163.6436976762781,0.057657298223094997,0.17113437457571506,0.3369124313338093,0.7361829137930014,0.9999089513852738
Elmo1,229.44395667550938,-0.08393756229604084,0.19285850308597202,-0.4352287348130217,0.6633964071994691,0.9999089513852738
Elmo3,15.476138702484654,0.010269828041937466,0.5499105318258183,0.018675452546506943,0.985100010869982,0.9999089513852738
Eln,39.45268857537184,0.050338823510255745,0.30852332195079374,0.1631605130917275,0.8703920555142213,0.9999089513852738
Elob,106.72180051526156,-0.07848321230208982,0.2145555295041134,-0.36579440522219286,0.7145184949793772,0.9999089513852738
Eloc,336.75937357225393,-0.12534191850537404,0.20516249967022876,-0.6109397122127309,0.5412394930775722,0.9999089513852738
Elovl1,121.90147006017192,-0.039885964706147206,0.2016913226881222,-0.19775746509344566,0.8432348268003154,0.9999089513852738
Elovl4,196.34844405227736,-0.21743068906527224,0.1553632356297607,-1.399498975313708,0.16166340540619217,0.9999089513852738
Elp2,312.62479966752943,0.13237056621545365,0.14509390064211872,0.9123096534702184,0.3616057340111819,0.9999089513852738
Emc1,1807.6776431440937,0.011330436862461202,0.12381343121381788,0.09151217885961227,0.9270856295117902,0.9999089513852738
Emc10,504.7495848914123,-0.03084020120822398,0.1302844376176478,-0.23671439023847388,0.8128783704103759,0.9999089513852738
Emc2,508.2145653921776,-0.010129091968034687,0.14021144401070368,-0.0722415494648314,0.9424096798431651,0.9999089513852738
Emc3,1116.3041764692377,-0.026358186980354022,0.10594367021483932,-0.24879435389488785,0.8035198587538344,0.9999089513852738
Emc4,446.8341140711797,0.013953945474538171,0.13035774008155268,0.10704347487006517,0.9147544899121187,0.9999089513852738
Emc6,341.20698476456255,-0.02466478908109985,0.1530250019450499,-0.16118143288739697,0.8719505043175407,0.9999089513852738
Emd,164.32101868498106,-0.018625936860424686,0.18399479366675542,-0.10123078207397157,0.9193672616621885,0.9999089513852738
Eme1,0.97288986693109,1.0317267125145297,2.02213352010317,0.5102169081603922,0.6098995078672269,0.9999089513852738
Emilin1,7.626100775034684,0.6915604958137114,0.7067007148909595,0.9785761939131699,0.32778942668703115,0.9999089513852738
Emsy,375.3137651000498,0.026089754437103634,0.12721757315270116,0.20507979983070193,0.8375097784120121,0.9999089513852738
Emx1,4.476253003191783,-1.0496465838995714,0.9458133361562701,-1.109781966244284,0.2670929921593794,0.9999089513852738
Emx2,43.9030521841541,-0.7302620515560249,0.48792332820523676,-1.4966737791410794,0.13447816220330513,0.9999089513852738
En1,3.3721223031474232,-2.5727616146601595,1.3096183963657417,-1.9645124272839363,0.04947069654024386,0.9999089513852738
En2,5.354815625858457,-1.8924830773801242,1.0012746585249521,-1.8900738785979798,0.058748080085774826,0.9999089513852738
Enah,1802.9506373328984,0.016136284898498176,0.10863533228363095,0.14853625021709047,0.8819195797058462,0.9999089513852738
Eng,72.20825093373537,-0.059117781231086006,0.3404849838409716,-0.17362815993875905,0.8621576997205452,0.9999089513852738
Eno1,496.27987185195224,0.0696935905873389,0.15750227433444144,0.44249259816624004,0.6581327853222154,0.9999089513852738
Eno2,3016.9510258105365,-0.09323760393744322,0.11309299410701684,-0.8244330665541935,0.4096935328474771,0.9999089513852738
Enpp1,18.806208863997043,-0.18877637139224804,0.5080345938550123,-0.3715817262753623,0.710204296755047,0.9999089513852738
Enpp6,23.856118246908483,0.13505514544083028,0.4224812093412962,0.31967136633460935,0.749217468030849,0.9999089513852738
Entpd1,195.3360972337904,-0.02804200119773074,0.17592893511358737,-0.15939391197716055,0.8733585351312404,0.9999089513852738
Eomes,1.0984595424859522,-2.411992358960288,2.6773061443205695,-0.9009027092687559,0.367640050608918,0.9999089513852738
Ep300,525.1954146851596,0.058599984565197494,0.13109222238400167,0.4470134345082929,0.6548653598756189,0.9999089513852738
Ep400,449.264002656771,0.026392070067093917,0.1322503424566409,0.19956144972363093,0.8418235799158313,0.9999089513852738
Epas1,3326.268905254961,-0.0718496792389888,0.11488334933186188,-0.6254142106480345,0.5316992377564566,0.9999089513852738
Epb41,138.56205395447944,-0.283601283220302,0.2093570845116969,-1.3546295024205737,0.17553562896411046,0.9999089513852738
Epb41l1,873.3556922010308,-0.13968692849172598,0.167967293910522,-0.8316317137676739,0.4056168555434272,0.9999089513852738
Epb41l2,388.0337644256088,0.12696490586049244,0.14139958103314995,0.8979157146917329,0.36923048603994946,0.9999089513852738
Epb41l3,392.74716829470555,-0.0005755449649173101,0.15715582967999808,-0.0036622565391894097,0.9970779485815017,0.9999089513852738
Epb41l4a,40.823078629783076,-0.4086236432823793,0.3320661157963804,-1.2305490498553102,0.21849157111269824,0.9999089513852738
Epb42,0.3435332338365362,1.888835932093237,3.8493791864163263,0.49068585884148636,0.6236486497313638,0.9999089513852738
Epc1,558.2064170007167,0.10443378081910208,0.13983901846360947,0.7468143152497817,0.45517565326951914,0.9999089513852738
Epc2,346.4743104569027,-0.04277525183927792,0.1484489078045786,-0.28814797273947074,0.7732334721727071,0.9999089513852738
Epcam,5.664251459915576,-2.297216469590389,1.246783525594269,-1.8425142957318432,0.06539995738002766,0.9999089513852738
Epha1,4.70688922755865,0.4242179617255633,0.9764350172771875,0.43445590768395964,0.6639574067431822,0.9999089513852738
Epha10,46.21237093057477,-0.4746363695818142,0.33195847257136923,-1.4298064631556286,0.1527725735960763,0.9999089513852738
Epha2,3.783540994589807,0.5483635261748108,0.9851470323068596,0.5566311506727486,0.5777794659842056,0.9999089513852738
Epha3,26.933024825940734,-0.12569608597105728,0.37908319258169093,-0.3315791584296375,0.7402070592195598,0.9999089513852738
Epha4,123.01970788948255,0.0467723559358068,0.2968964770258944,0.15753759156841549,0.8748211839679333,0.9999089513852738
Epha5,243.64864002654096,-0.06081661232620858,0.15166428034597573,-0.40099496194802137,0.6884238331559976,0.9999089513852738
Epha7,86.76733996079263,0.14150612507429,0.25473120008891714,0.5555115550230812,0.5785448087616547,0.9999089513852738
Ephb1,58.21944637019877,-0.22969773377202737,0.26635783252936396,-0.8623652309781614,0.38848656721671093,0.9999089513852738
Ephb2,55.31232420255628,-0.1173693378837783,0.26634159926088424,-0.4406721976945624,0.6594503268820313,0.9999089513852738
Ephb3,308.9851880324432,-0.13620131013507752,0.1554621118414661,-0.8761061362267486,0.3809723372157421,0.9999089513852738
Ephb4,163.17344795635697,-0.058210469173700735,0.18946836987360774,-0.3072305378070878,0.7586679030041447,0.9999089513852738
Ephx2,237.4072549705467,0.05455554056652118,0.18347853327367755,0.29734018248960953,0.7662068068766225,0.9999089513852738
Epm2a,225.55500562041632,-0.04886539941546135,0.1575052046803457,-0.3102462519548665,0.7563737005390236,0.9999089513852738
Epn3,92.72583637439328,0.20228834042833146,0.37214209412370003,0.5435782289146006,0.5867317447439189,0.9999089513852738
Epo,1.261561958529662,2.5832979449493236,2.229181357744108,1.1588549922037634,0.24651529738454625,0.9999089513852738
Epor,13.519996022014306,-0.4063577068323961,0.5675605485358074,-0.7159724330394663,0.4740083709458841,0.9999089513852738
Eps15,2964.30284079828,-0.10069648332039552,0.09522258281963172,-1.057485318489337,0.29029015157145077,0.9999089513852738
Eps15l1,413.98684536632805,-0.058749807808176374,0.1456169402516094,-0.4034544861790354,0.6866139107025335,0.9999089513852738
Epx,73.91126537100598,0.3910550808388291,0.3968900890754667,0.9852981760007413,0.3244776284135412,0.9999089513852738
Erap1,194.29436577856083,-0.026179539006737324,0.16341362759462477,-0.1602041359223731,0.8727202714817499,0.9999089513852738
Erbb2,102.35857918435387,0.023496046484950992,0.2583671995271221,0.09094051616441542,0.9275398563125022,0.9999089513852738
Erbb3,8.084127036922448,0.2883007748763862,0.7281814964890185,0.39591884202832667,0.6921649005389929,0.9999089513852738
Erbb4,491.1984755279879,-0.20884051219131503,0.13935672097404905,-1.4986038041911536,0.13397644524819113,0.9999089513852738
Erbin,886.8615191867847,-0.09059680672210317,0.11552074735193033,-0.7842470620978831,0.43289515528449707,0.9999089513852738
Erc2,174.6783916029668,-0.2635819460275944,0.1876187926190795,-1.4048803019575022,0.16005687495626642,0.9999089513852738
Ercc1,70.0522855166146,0.052359110674694516,0.2992022412109826,0.17499571681942536,0.8610829991379632,0.9999089513852738
Ercc2,110.69058859924216,-0.0314189714089679,0.2101582068867313,-0.14950152018522758,0.8811579099143578,0.9999089513852738
Ercc6,214.99235147116255,0.040920665020705266,0.1640879284236788,0.24938254394343481,0.8030648866014016,0.9999089513852738
Ercc6l,0.6960728748493773,1.5577697003112292,2.6099536050804257,0.5968572381052829,0.5506026992040356,0.9999089513852738
Ereg,0.7664768925196951,-1.6278394334733577,2.558256628665577,-0.636308107338888,0.5245756217306038,0.9999089513852738
Erg,14.941744727913033,0.08681990525263136,0.5103530129691138,0.1701173561169622,0.8649178442574341,0.9999089513852738
Erg28,180.9796618763651,-0.1915101610251259,0.16503072760420984,-1.1604515341192774,0.2458650153910017,0.9999089513852738
Ermn,570.5253689296209,-0.3933260391556791,0.31002434544007706,-1.2686940394869826,0.2045502091703767,0.9999089513852738
Ern1,77.02974077889861,-0.022086279545086084,0.2706513643889623,-0.0816041685027131,0.9349614863674829,0.9999089513852738
Ern2,2.4403735711379273,-1.9898564398049425,1.3448746405868959,-1.4795850704245417,0.13898401317866702,0.9999089513852738
Ero1l,470.7547051289386,0.007538782344263554,0.1254341804530113,0.06010149958358157,0.9520747956292059,0.9999089513852738
Ero1lb,150.6767444104231,0.10716515257049294,0.21426545886574302,0.5001513222793494,0.616968530827699,0.9999089513852738
Erp44,621.3812112927186,-0.06874768923928361,0.12817550583745096,-0.5363559034942897,0.5917126012865617,0.9999089513852738
Esam,61.08784061653608,0.069724344852865,0.27423170420876153,0.25425340608971553,0.7992997937271861,0.9999089513852738
Esd,214.7033668346835,0.07148723900807358,0.1923855553620355,0.37158319330963946,0.7102032043139295,0.9999089513852738
Espl1,8.788584460010608,0.3022579592410472,0.692211812355159,0.43665530383345313,0.6623613485083247,0.9999089513852738
Espn,2.623925272818441,-0.06390836873081059,1.1357231461277972,-0.05627108063149335,0.9551258566325866,0.9999089513852738
Esr1,27.4477063595199,-0.23299798102165978,0.5593687639740776,-0.41653734714521423,0.6770168445846851,0.9999089513852738
Esr2,1.7513107271063548,1.473079072173029,1.4689996449448246,1.0027770103568387,0.31596846347100627,0.9999089513852738
Esrra,182.64352813566688,-0.07570491289992377,0.20078614471575357,-0.3770425145972933,0.7061420103956275,0.9999089513852738
Esrrb,48.359393039713005,-0.36990504819261466,0.31988715584578586,-1.1563610524298198,0.24753350543336572,0.9999089513852738
Esrrg,73.3621245152125,-0.4138950365377278,0.3106597159806705,-1.332309968903341,0.18275835266859863,0.9999089513852738
Ess2,170.53993286088266,-0.01026348627722798,0.19788150015324246,-0.051866830751130244,0.9586348039122506,0.9999089513852738
Esyt2,230.00309698194496,0.08158801759876458,0.1507052247570426,0.5413748443711597,0.5882492424240776,0.9999089513852738
Esyt3,14.812414320446615,1.148450229172816,0.6090921062158225,1.8855115957879123,0.059360800388092896,0.9999089513852738
Etfbkmt,55.680954450844325,0.011722098528142119,0.2776252617315228,0.0422227374232175,0.9663211368782153,0.9999089513852738
Etnk1,1457.3826417427954,-0.02004880634660574,0.11231642081135036,-0.1785028956743578,0.858328047298007,0.9999089513852738
Etnppl,6219.82487669923,0.09014196652780528,0.16447467232612456,0.5480598638863343,0.5836507984965018,0.9999089513852738
Ets1,145.224212179754,-0.39139763451546333,0.20045310599196764,-1.9525645790250168,0.050871211756874965,0.9999089513852738
Ets2,246.1758209343111,0.07704443726037823,0.16652554746514428,0.4626583634352232,0.6436092672873527,0.9999089513852738
Etv1,168.2791933528531,-0.20151223308702976,0.2018419413459686,-0.9983665027360508,0.31810167054924776,0.9999089513852738
Etv2,0.713679477772335,-2.9376748263675685,2.8474693606273007,-1.031679169928064,0.30222243862145315,0.9999089513852738
Etv3,137.4261280305661,0.04125495917333296,0.18331234866463714,0.22505280999267166,0.8219381914177072,0.9999089513852738
Etv4,57.42844765872237,-0.6967849024554774,0.3523774545356241,-1.977382189146369,0.04799844568021814,0.9999089513852738
Etv5,1617.982854137006,-0.2252346116288278,0.17993653354945804,-1.251744752362471,0.210662887321575,0.9999089513852738
Etv6,161.57390484604852,-0.07352930338049536,0.17484214363772774,-0.42054679638821973,0.6740860509601901,0.9999089513852738
Eva1a,916.5817305969736,0.15948104888642695,0.12068887157279869,1.3214229846388867,0.1863603663731298,0.9999089513852738
Evl,1007.9885255314615,0.02713535276552432,0.13282236594252045,0.2042980681225576,0.8381205795525188,0.9999089513852738
Evpl,25.36340229067326,-0.6127112793111964,0.4520000328328538,-1.355555829213341,0.17524053386002214,0.9999089513852738
Evx1,0.3637248709411622,-1.9662472611427244,3.7931357017426244,-0.518369870141846,0.6042002323770836,0.9999089513852738
Evx2,0.30450608319916533,-0.007398491186301263,3.858512348870997,-0.0019174465486591135,0.9984700999401322,0.9999089513852738
Ewsr1,542.0131527854677,0.03980146420015879,0.12724496127819668,0.31279402972303577,0.7544371515452395,0.9999089513852738
Exoc3l2,0.7862614411797627,-0.4525687349900589,2.1592577049813633,-0.2095945907456957,0.8339841018331567,0.9999089513852738
Exoc4,1072.4249532432639,-0.06483309472225161,0.13448066289094845,-0.482099755671381,0.6297350834060038,0.9999089513852738
Exosc9,258.13042142287105,-0.0550690875797691,0.16785016078611315,-0.32808480684115715,0.7428475411728266,0.9999089513852738
Exph5,56.240415265293585,-0.17227869426610193,0.33049421454262595,-0.5212759760545885,0.6021745341075669,0.9999089513852738
Ext1,251.63800130163955,-0.2915708160045867,0.1745124094150039,-1.6707741127521134,0.09476630364122647,0.9999089513852738
Ext2,535.873070376043,-0.023052621448469503,0.14713735798044708,-0.156674156481272,0.8755016556514048,0.9999089513852738
Extl1,459.9966922471899,0.14493201354663937,0.12967560230999306,1.1176505908966239,0.26371625271750343,0.9999089513852738
Eya1,57.098212159245094,0.1569174108328751,0.30980942583247045,0.5064965677245993,0.612508098563207,0.9999089513852738
Eya2,4.3197178157426555,0.2701680745502022,0.94486046393387,0.2859343626522096,0.7749283943903112,0.9999089513852738
Eya3,153.8481768191152,0.08952353363090998,0.1733792397795333,0.5163451734172263,0.6056133509887371,0.9999089513852738
Eya4,69.11557105331543,0.1051983154055876,0.25647628788260135,0.41016780254454066,0.6816828579869977,0.9999089513852738
Ezh1,349.2249311205755,0.010973727757849685,0.1739014035663059,0.06310315807005878,0.9496843595370231,0.9999089513852738
Ezh2,97.9740434577876,0.306591944611802,0.21978515499437318,1.3949620237984282,0.16302729176832487,0.9999089513852738
Ezr,377.233578757729,0.11291239929297547,0.15042950024582818,0.7506001090773872,0.45289335548673915,0.9999089513852738
F11r,27.6143516160961,0.22715660600005164,0.4004147989005399,0.5673032231170749,0.5705081876111208,0.9999089513852738
F13a1,11.907786049506804,-0.3594980359349363,0.6529134654787977,-0.5506059454162237,0.5819038323357382,0.9999089513852738
F2r,67.22961175973401,-0.03559974058115117,0.25563654417315834,-0.1392591997998427,0.8892453295048454,0.9999089513852738
F2rl1,0.9531899197156094,-0.8538141050858572,2.020541320512281,-0.42256701034423,0.6726112001769698,0.9999089513852738
F2rl2,2.7956806927259525,2.2723147998237287,1.2998132060186554,1.7481856541401501,0.08043188489545397,0.9999089513852738
F2rl3,8.225679266975378,-0.3102230715599968,0.7023354575578128,-0.4417021356699206,0.6587047640480144,0.9999089513852738
F3,2444.1419981944887,0.21446797755194216,0.15899866621254188,1.3488665198313774,0.17737984375740035,0.9999089513852738
F8,26.125296385792137,0.165076435742373,0.4068448368205545,0.40574789404340555,0.6849278476369882,0.9999089513852738
F9,3.3098636486498916,0.4524404150491801,1.216526584681586,0.3719116546619505,0.7099586274205341,0.9999089513852738
Faah,110.08926013526217,0.027655363582837232,0.2810591202679838,0.09839696202161467,0.921617086930824,0.9999089513852738
Faap100,69.88733107471501,0.38473391432848486,0.24716806037076813,1.5565680846924923,0.11957306612210913,0.9999089513852738
Fabp12,1.39714791468353,-0.0005898974365087269,1.6325063456820155,-0.0003613446514734889,0.9997116886877347,0.9999089513852738
Fabp3,224.95475979000366,-0.047587081819832004,0.17448838134231556,-0.2727234985719451,0.7850657699542432,0.9999089513852738
Fabp7,1543.8183662949505,-0.3437893558237387,0.4417725813570678,-0.7782043755808986,0.4364485377009284,0.9999089513852738
Fadd,123.82973006979994,-0.04077926198824791,0.20406835466830722,-0.19983138519703625,0.8416124545183274,0.9999089513852738
Fah,428.87395696648815,-0.04607599959777535,0.17527106314320634,-0.26288423640203895,0.7926398066366138,0.9999089513852738
Fam104a,44.76296480186991,0.03410371844876723,0.2876164881490344,0.11857358619543287,0.9056131928512154,0.9999089513852738
Fam107a,14994.91315232851,0.08272601665674531,0.1346909149419537,0.6141915116724603,0.5390887818721555,0.9999089513852738
Fam107b,121.19517549487728,0.06747501518389395,0.21353188751683974,0.31599502991595424,0.7520062805589888,0.9999089513852738
Fam129a,10.037303711210216,-0.22414507031531283,0.8124062959337597,-0.27590267509889993,0.7826228192038878,0.9999089513852738
Fam136a,212.48243531223716,0.03493264162547966,0.1828997621940035,0.1909933682058388,0.8485307889235557,0.9999089513852738
Fam13b,511.15979835050206,-0.11957245997202269,0.12526342107131236,-0.9545680530627548,0.3397961792876951,0.9999089513852738
Fam192a,190.09739389674505,-0.08162976515769921,0.16695874851814244,-0.48892175990902914,0.6248970896454883,0.9999089513852738
Fam20a,990.0897228318573,0.06802441848552156,0.18737146882074474,0.3630457663252852,0.7165706966807284,0.9999089513852738
Fam20c,491.5045137872442,-0.1022735974408945,0.17926092040102506,-0.5705292442552341,0.568318793058281,0.9999089513852738
Fam210a,313.8672406770562,-0.08411576152026182,0.1508491882686991,-0.5576149430146828,0.5771073503401778,0.9999089513852738
Fam210b,185.0337877905071,-0.25759942120480683,0.22377164618337642,-1.1511709619980595,0.2496619088747234,0.9999089513852738
Fam214a,1305.9394344057848,0.45312351528867467,0.16987126987621792,2.667452333869391,0.007642872977492617,0.9999089513852738
Fam49b,946.79349353004,-0.07214285591230113,0.13457188236298895,-0.5360916013473439,0.5918952443241545,0.9999089513852738
Fam83d,5.088979439150018,0.29662409744085977,0.8849254327958922,0.3351967142629022,0.7374767004492757,0.9999089513852738
Fam92a,601.5087806387015,0.03731130406794882,0.11305563663509811,0.33002604008481184,0.741380286279917,0.9999089513852738
Fancc,113.34799712015676,-0.016945432191612157,0.21864919140643257,-0.07750054817313917,0.9382253552078555,0.9999089513852738
Fanci,1.2450915649765923,0.09943800892681097,1.6808286222300894,0.05916011163284371,0.9528245802729751,0.9999089513852738
Fancl,70.81426104816802,0.1511092539441973,0.2878995314111553,0.5248680093487024,0.5996749495991692,0.9999089513852738
Fap,3.368031705481494,0.2865240340641854,0.9912493300776055,0.2890534453544128,0.7725404787796959,0.9999089513852738
Far2,83.2711915351166,0.04713784654696509,0.2527147653988685,0.18652589005856382,0.8520323777753492,0.9999089513852738
Fas,97.01021617631254,0.26098836334157033,0.2882465763602483,0.9054343910589563,0.36523530312591024,0.9999089513852738
Fasl,2.166145879932006,-0.5576353607172337,1.3755023846719412,-0.4054048665646119,0.6851799343430955,0.9999089513852738
Fasn,3955.7725180332104,0.07230322201112922,0.10912990566801761,0.6625426968761591,0.5076234807089629,0.9999089513852738
Fat1,1054.930290068607,-0.12383852759550779,0.15821688286553318,-0.7827137366924162,0.43379523376929774,0.9999089513852738
Fat4,277.91810129996526,-0.07501545660025287,0.19843425529903952,-0.37803682880863954,0.7054032351253969,0.9999089513852738
Fbh1,591.344177947441,0.05783524512838021,0.14262553961450272,0.40550412839594474,0.6851069844293861,0.9999089513852738
Fbl,158.11434548760784,-0.08343617700472666,0.18524015239507097,-0.4504216603470404,0.6524064295801543,0.9999089513852738
Fbln1,219.58946604889084,-0.038882602412559045,0.20929341183241207,-0.18578034574587368,0.8526170180283946,0.9999089513852738
Fbln2,14.267321004342305,-0.16277245134865675,0.5371114399742778,-0.30305154430606046,0.7618505807098476,0.9999089513852738
Fbn1,56.727223786097845,-0.00020684062683302358,0.27750455899010656,-0.0007453593828719683,0.9994052893112232,0.9999089513852738
Fbxl12,204.7924990679203,-0.014937831683646324,0.1912883881603231,-0.07809063491677598,0.937755956699751,0.9999089513852738
Fbxl13,1.8403334672649334,0.06391679611843627,1.4193706431812168,0.0450317867468221,0.9640819724855051,0.9999089513852738
Fbxl16,238.7951479861258,0.01275283887404568,0.1815540323761974,0.07024266388983624,0.9440005172930152,0.9999089513852738
Fbxl17,457.9855617861522,-0.049097783771346805,0.12062454890755207,-0.4070297813836872,0.683986115006995,0.9999089513852738
Fbxl19,455.1563816142318,0.07167602291928582,0.13337981251527725,0.537382843532458,0.5910031916851723,0.9999089513852738
Fbxl20,636.3529526286558,-0.17060673848551317,0.12652522349817955,-1.3484010047053412,0.17752944101483903,0.9999089513852738
Fbxl3,624.4786080366131,0.033969004057797306,0.11105573858602105,0.30587346939740306,0.7597009867985763,0.9999089513852738
Fbxl4,245.930668823343,-0.009544786314691847,0.14234587733891815,-0.06705347912511864,0.9465391287756832,0.9999089513852738
Fbxl7,30.325287299641342,-0.1654459220370324,0.3857647907907742,-0.4288777150913306,0.6680122186062163,0.9999089513852738
Fbxo11,466.166288028176,0.09341724108967991,0.12563336529968006,0.7435703156310962,0.4571364672389928,0.9999089513852738
Fbxo17,54.93436809383058,-0.4399381094954772,0.3134168384899579,-1.4036837063863534,0.16041305648443516,0.9999089513852738
Fbxo2,891.3697518805863,0.06640326408494876,0.13545972476571905,0.4902066957525187,0.6239876432140585,0.9999089513852738
Fbxo21,312.4840997765614,0.012662272305780854,0.15853435110151404,0.07987084324502544,0.9363399794432401,0.9999089513852738
Fbxo3,1000.2447558414916,0.008551860290153503,0.10391723113098882,0.08229492065058766,0.9344121934552684,0.9999089513852738
Fbxo31,349.23726464427756,0.16754885977366216,0.1977962041432159,0.8470782364071411,0.39695151495321634,0.9999089513852738
Fbxo32,119.1934458693408,-0.586838651173539,0.2876493160664055,-2.0401183607822793,0.04133853840060203,0.9999089513852738
Fbxo33,425.05565663752895,0.016225171515404004,0.12490101537859151,0.12990424029959532,0.8966421894451049,0.9999089513852738
Fbxo4,86.66242435022325,0.13354358996793553,0.22495005132284793,0.5936588552997215,0.5527403075524615,0.9999089513852738
Fbxo41,124.40596643823693,-0.048124021824593126,0.19281396512305984,-0.2495878438777963,0.8029061003099806,0.9999089513852738
Fbxo5,25.8919534982192,-0.582679376744537,0.4330311443225545,-1.3455830703726774,0.17843701449395244,0.9999089513852738
Fbxw11,810.889839550273,0.0010032317650592879,0.11619557243809008,0.008633993051618364,0.9931111558352488,0.9999089513852738
Fbxw7,429.80040945237675,-0.1297688705957326,0.1546912868099214,-0.8388893341820055,0.4015314135530459,0.9999089513852738
Fcgr1,18.512114663762784,0.1915198381826902,0.4769111499925487,0.40158389709630926,0.6879902827332429,0.9999089513852738
Fcgr2b,36.2167340332927,1.664307896231841,0.6466156014127677,2.57387525539989,0.010056652486908346,0.9999089513852738
Fcgr3,74.92362803840507,0.5379065757902043,0.2518015977213613,2.136231781918402,0.032660526135766296,0.9999089513852738
Fcgr4,2.736839376626596,-1.078251917387506,1.2395405675041242,-0.8698802973093646,0.3843658238007722,0.9999089513852738
Fcgrt,319.36661524883044,-0.21406583024867692,0.13591080666759284,-1.5750464256476209,0.11524572883421576,0.9999089513852738
Fcmr,2.1010622475523113,-3.3775550861557724,1.941146537295989,-1.7399794509386683,0.08186262627580178,0.9999089513852738
Fcrls,50.97008208897369,0.12705272502888962,0.3478389270413712,0.3652631006815929,0.714915019698394,0.9999089513852738
Fdx1,350.78947724361495,-0.048155591789540916,0.14107805927056635,-0.34134004988816713,0.7328476009263092,0.9999089513852738
Fen1,20.64418060096152,0.09899936182823592,0.42787338864808294,0.2313753658320192,0.8170232011921561,0.9999089513852738
Fermt1,1.4797492818474718,-0.2522171333114622,1.582574969641336,-0.15937136511682792,0.8733762978722093,0.9999089513852738
Fermt3,14.286748534419571,-0.4588659596215399,0.5163239701460808,-0.8887171352740324,0.3741551196535291,0.9999089513852738
Fezf1,16.634512629478355,2.3535903098930127,0.6202611124433031,3.794515346322232,0.0001479321324433021,0.12379453949963665
Fezf2,17.18321165828353,-0.05650016798710225,0.5295456255383009,-0.1066955617462951,0.9150305037218344,0.9999089513852738
Ffar1,0.8994434698409267,0.6427116096838391,2.116614590422881,0.3036507508697798,0.7613939823871257,0.9999089513852738
Ffar2,0.6006502787027683,-1.3562294439943776,2.6804164722639188,-0.5059771337880513,0.6128727020405211,0.9999089513852738
Ffar3,0.15792207135954184,0.9543856482214617,4.427724182917884,0.21554767388254945,0.8293403470759629,0.9999089513852738
Ffar4,0.8454802289217596,-1.870905089438215,2.243647505645022,-0.8338676573441299,0.40435556443578013,0.9999089513852738
Fga,0.31351249037547013,-1.7893730335375646,4.331484305688511,-0.4131085113681683,0.6795271137646823,0.9999089513852738
Fgb,0.0,,,,,
Fgf1,824.2305834222326,-0.08962580940533313,0.12718065457387107,-0.7047125972549172,0.4809891102208047,0.9999089513852738
Fgf10,22.336725924050857,0.11147870251850765,0.4501399604538831,0.24765342407304153,0.8044025715504648,0.9999089513852738
Fgf12,567.7919920178352,-0.013486268749507514,0.1709643876643266,-0.07888349693028823,0.9371252898744993,0.9999089513852738
Fgf15,0.5114747089525924,-0.9894265551377147,2.8504712681314865,-0.3471098152083091,0.7285088199405463,0.9999089513852738
Fgf16,1.5625043556179177,-1.9488852834423789,1.823855207310963,-1.0685526327036434,0.2852713019995802,0.9999089513852738
Fgf17,3.4910163468546878,-1.0158562846310684,1.0015384273836958,-1.0142958640985695,0.31044159697187523,0.9999089513852738
Fgf18,37.071515425688794,0.10628703079465246,0.34219919298846024,0.310599887353436,0.7561048128347019,0.9999089513852738
Fgf2,118.51703172048421,0.6660561788452464,0.26040095235604005,2.557810072578243,0.010533360443632112,0.9999089513852738
Fgf21,0.4486578904487178,0.8036387842075137,2.9339007923452955,0.273914777999396,0.7841501145710816,0.9999089513852738
Fgf22,43.32119012719974,-0.15525074140515838,0.3276164247966385,-0.473879603263259,0.6355857649537893,0.9999089513852738
Fgf23,0.6508626592684603,-1.4655483253283619,2.6401737450933798,-0.5550954091760075,0.5788294027198992,0.9999089513852738
Fgf3,0.6913090179156928,0.2603167076827454,2.5398908929786996,0.10249129535539009,0.9183667217660453,0.9999089513852738
Fgf4,0.2069686257534271,-0.969188503896664,4.42774672984595,-0.21888977916548177,0.8267359084612689,0.9999089513852738
Fgf5,3.680832591765825,0.9153292681620784,1.0431615349513335,0.8774568822697063,0.38023852873767694,0.9999089513852738
Fgf7,24.223394898626044,-0.8872323271587396,0.43204596420711616,-2.053560039119852,0.04001829316063281,0.9999089513852738
Fgf8,0.1429859810777457,-0.969188503896664,4.42774672984595,-0.21888977916548177,0.8267359084612689,0.9999089513852738
Fgf9,42.23220118270792,-0.19230380694732463,0.33712449060494015,-0.5704237227092354,0.5683903434583524,0.9999089513852738
Fgfbp3,194.82476492111553,-0.18832455531625164,0.17365554883679704,-1.0844718557956399,0.2781556390938681,0.9999089513852738
Fgfr1,941.9087215097261,0.032311195380426684,0.11982792589810796,0.26964662150542046,0.7874321295925399,0.9999089513852738
Fgfr1op,122.98591133937857,0.04066693736944761,0.1924945585641698,0.2112627893109556,0.832682217423845,0.9999089513852738
Fgfr2,551.4430901359597,-0.1535539778476561,0.1295205644940712,-1.185556737244494,0.23579739584050396,0.9999089513852738
Fgfr3,19869.56067451434,-0.023591145657204,0.09946531290007896,-0.2371796254328706,0.812517441949744,0.9999089513852738
Fgfr4,1.181024318856324,1.247600178272199,1.7973353247385617,0.694138795972128,0.4875951706849537,0.9999089513852738
Fgg,0.7676427186915019,-0.16204427670014632,2.483998804241773,-0.06523524746607494,0.9479866974672682,0.9999089513852738
Fgl1,5.798881395853242,1.0333381039017318,1.095454436743056,0.9432962880446173,0.3455293739965377,0.9999089513852738
Fgr,1.7096985422873157,0.22927809649509834,1.48307063571712,0.15459688228823562,0.8771391280206304,0.9999089513852738
Fh1,909.4801076054003,-0.0926649865411324,0.12297147556760865,-0.7535486267316195,0.4511203021373362,0.9999089513852738
Fhl2,7.148124109221804,-0.11772627587239141,0.7894358839860764,-0.14912708968581392,0.8814533504147346,0.9999089513852738
Fhod1,85.20464183073527,-0.018617246612292266,0.253970010231584,-0.07330490161147776,0.9415634912746127,0.9999089513852738
Fibcd1,17.96048370703563,0.3034911554530119,0.5312916404044993,0.571232694762426,0.567841918433785,0.9999089513852738
Fign,70.81577882104325,0.27236131536135005,0.28079272250448095,0.9699728430711151,0.33206002882061936,0.9999089513852738
Fkbp5,152.91197965867735,0.5273240841934839,0.38304083906038267,1.3766784906983676,0.16861167168467595,0.9999089513852738
Fli1,30.491853909969056,-0.14883565674573618,0.3780747674265115,-0.39366725729631286,0.693826718211332,0.9999089513852738
Flna,266.69230567095764,0.16250461393541715,0.1832201065227407,0.8869365760097274,0.3751130481568048,0.9999089513852738
Flnb,257.23241380673045,-0.03600189331735229,0.1623688569542483,-0.2217290556371704,0.8245248099315734,0.9999089513852738
Flot1,387.8761700373099,0.04735866111457757,0.15550491809255843,0.3045476740895688,0.7607106778012376,0.9999089513852738
Flot2,555.1243643385466,0.032269777109723494,0.11804445713151092,0.2733696938753541,0.7845690466223874,0.9999089513852738
Flt1,162.9595809031184,0.04789563275142293,0.20075918294514494,0.2385725626533848,0.8114370426670826,0.9999089513852738
Flt3,23.466541585301755,-0.0518905861008642,0.5212129118175896,-0.09955736883015764,0.9206957403526926,0.9999089513852738
Flt3l,13.442334682029148,-0.35247026375841817,0.5480709358339676,-0.6431106645384959,0.5201522950339057,0.9999089513852738
Flt4,13.422953221641222,-0.11191935521301447,0.505113465407889,-0.2215727017347229,0.8246465351423513,0.9999089513852738
Fmc1,954.6243485696995,-0.13687594626773578,0.10349090804058143,-1.322589093662829,0.18597206313691994,0.9999089513852738
Fmo4,19.906868510677775,0.09461271691543825,0.4850097595037072,0.19507384142589623,0.8453351406807392,0.9999089513852738
Fmod,26.790712922625797,-0.6184591156915481,0.4305469617583205,-1.4364498431618444,0.1508743788427408,0.9999089513852738
Fmr1,748.4688019193835,-0.03790671380593931,0.10472265481669937,-0.36197242967425797,0.7173726333377517,0.9999089513852738
Fn1,101.51122859707164,-0.1436581923074621,0.2947868423791191,-0.4873290515548396,0.6260251631285858,0.9999089513852738
Fndc5,438.64233279067065,-0.05056825217536267,0.13405794188813397,-0.37721190899349977,0.7060161307973576,0.9999089513852738
Folr1,4.652391852304057,-0.7789833092724106,0.9620038533385783,-0.8097507162460882,0.4180834630023029,0.9999089513852738
Folr2,0.4817553579805975,-0.7450003046224907,3.2826101309865328,-0.2269536359465854,0.820459794583706,0.9999089513852738
Fopnl,238.014096517398,0.06595969981441605,0.17236907176105637,0.3826655161539162,0.7019677859076527,0.9999089513852738
Fos,231.98635089046283,0.7997407750745331,0.3018766572427292,2.6492302597331583,0.008067534467287104,0.9999089513852738
Fosb,20.88840688918746,0.056240442159517304,0.42343791993098145,0.13281862467273656,0.8943368245003953,0.9999089513852738
Fosl1,2.8615248168627088,1.7952952987525879,1.2614043754398556,1.4232512061221942,0.15466334627564549,0.9999089513852738
Fosl2,23.814152353596015,0.21755857786866237,0.4312123268790966,0.5045277333401962,0.6138905785034516,0.9999089513852738
Foxa1,15.155063461713489,-1.789119859430492,0.7573995011680773,-2.3621877974190295,0.01816743644951268,0.9999089513852738
Foxa2,1.0183383905630976,0.010012772820705455,1.839326821453681,0.005443715985608271,0.9956565645139576,0.9999089513852738
Foxb1,212.29718780774917,-0.2431328007004144,0.2229024908002046,-1.0907585636552755,0.27537913374744194,0.9999089513852738
Foxc1,24.925100468895668,-0.1371364689435885,0.4732375865793325,-0.2897835523480746,0.7719818315593439,0.9999089513852738
Foxc2,3.375009606833069,-3.2201465934603144,1.5590919284087486,-2.0653987970721412,0.03888528230738755,0.9999089513852738
Foxd1,12.155776177340265,1.6050681651861025,0.6118978388710831,2.6230982742925883,0.008713413501158044,0.9999089513852738
Foxd2,3.030172752360874,0.590491920273334,1.3407911108474788,0.44040560494177167,0.6596433661456642,0.9999089513852738
Foxd3,0.6582115503838132,1.4774604749768248,2.4010937532920726,0.615328107430674,0.5383380589045635,0.9999089513852738
Foxf1,0.9063221880737404,0.040007335022506856,2.0232421540482872,0.019773873800749228,0.9842237594948233,0.9999089513852738
Foxg1,422.5358122768316,-0.767623545765203,0.9702547727292195,-0.7911566810498265,0.42885256654061166,0.9999089513852738
Foxh1,1.3136852369943608,-0.8842575989665145,1.8132110814112574,-0.48767493648796784,0.6257801073865938,0.9999089513852738
Foxi1,0.7162645119540033,-1.528051050297987,2.5866352720758106,-0.5907485553893745,0.5546889090640676,0.9999089513852738
Foxi2,0.31351249037547013,-1.7893730335375646,4.331484305688511,-0.4131085113681683,0.6795271137646823,0.9999089513852738
Foxj1,136.16752692490945,0.22377069695222004,0.24269901994944715,0.9220090670280837,0.35652384622266786,0.9999089513852738
Foxj2,326.2519372372026,-0.00276062566306047,0.13613617098993544,-0.02027841420091478,0.9838212752190342,0.9999089513852738
Foxj3,151.608057786512,0.10790709945203554,0.17442732194130162,0.6186364512799692,0.5361558829682478,0.9999089513852738
Foxl2,3.739041506085122,0.17408890201627797,0.9993344507674178,0.17420484391645868,0.8617044788513615,0.9999089513852738
Foxm1,7.337081289750316,0.7694993712403025,0.7561757665595512,1.017619719210748,0.3088587124448181,0.9999089513852738
Foxn1,0.9589667732295034,-1.088235114444648,2.0283292236034143,-0.5365179881949103,0.5916006072762982,0.9999089513852738
Foxn4,0.7274497418823244,-2.9687702133662763,3.122368408065599,-0.9508071519355138,0.34170228134507286,0.9999089513852738
Foxo1,788.169984967364,0.37086916171028,0.20563005563590755,1.803574679603005,0.07129800842525953,0.9999089513852738
Foxo3,231.35795920894262,0.26721187766308285,0.15239669871487743,1.7533967593551079,0.07953392688791996,0.9999089513852738
Foxo4,22.615126766253784,-0.23708550906986206,0.39535727691333994,-0.5996740743482758,0.5487234696279976,0.9999089513852738
Foxp1,398.5301924808801,-0.008116954217509477,0.13872735559718208,-0.05851011995844859,0.953342301744854,0.9999089513852738
Foxp2,119.10750148114577,-0.2457146515579515,0.28878885779947855,-0.8508453318810667,0.39485527613498117,0.9999089513852738
Foxp3,1.3895607155170862,0.7837471574810214,1.6732839717545926,0.46838861228031137,0.6395067101346764,0.9999089513852738
Foxp4,305.61713892500535,-0.03531724144231762,0.14749287556106935,-0.23945049079807607,0.8107562824686265,0.9999089513852738
Fpr1,0.5718593228663961,-1.1498427787889378,3.1544996738266398,-0.36450876452115594,0.7154781301875879,0.9999089513852738
Fpr2,1.0662191187851762,-2.265016226134395,2.1203380343840235,-1.0682335502189875,0.2854151743413591,0.9999089513852738
Fras1,24.986069602350522,-0.0755506639705417,0.39779624439466443,-0.18992301972460512,0.8493694536346248,0.9999089513852738
Frk,2.3947398938148754,0.27578075004124525,1.3793767448784782,0.19993141907401177,0.8415342176297027,0.9999089513852738
Frmd4a,1477.8857869430747,-0.0024605731255608774,0.10318338748696419,-0.023846601526546482,0.9809749679618395,0.9999089513852738
Frmd7,5.971409691740203,0.5448326157899284,0.8729212920401673,0.6241486154113169,0.5325299891070499,0.9999089513852738
Frmpd1,601.9129006714375,0.2939884659637273,0.16600541117871076,1.7709571264953419,0.0765678315016523,0.9999089513852738
Frrs1,18.19604648948586,0.06794496751287774,0.4997382019645666,0.13596112373593425,0.8918520142775737,0.9999089513852738
Frrs1l,481.2000342500173,-0.00569105850136366,0.17119797356174168,-0.03324255762473269,0.9734811607847226,0.9999089513852738
Frs2,527.6726630654482,0.034007319356515,0.1431521577647581,0.23756064796731335,0.8122218751495026,0.9999089513852738
Fryl,419.5238075348821,0.06300154320395104,0.1308623482465309,0.4814336900424771,0.6302082971862681,0.9999089513852738
Frzb,11.252533864056838,0.701779834574434,0.6593476569763316,1.0643547863545766,0.2871680078350445,0.9999089513852738
Fscn1,978.7713703127038,0.009171270344962625,0.20440836906061827,0.04486739161958111,0.9642130083756142,0.9999089513852738
Fscn2,2.8577443397073146,-1.3848478749746354,1.2853649795589026,-1.0773966126336132,0.28130311679228437,0.9999089513852738
Fshb,6.693054302601013,-2.6421072515116557,1.518199915028744,-1.7402894212793003,0.08180821065035315,0.9999089513852738
Fshr,0.3146783165472769,-0.007398383408700497,3.818569817272234,-0.0019374749612370516,0.9984541196086436,0.9999089513852738
Fst,0.8125355909814774,1.8974855859234987,2.508607673948974,0.7563899312069529,0.4494154430414181,0.9999089513852738
Fstl1,1050.6360709632352,-0.09724677765484192,0.1276140249767956,-0.7620383235504449,0.44603713162966696,0.9999089513852738
Fstl4,40.07663697029301,0.2554044013460207,0.3283375359210954,0.7778714688514882,0.436644789691611,0.9999089513852738
Fstl5,70.43512770530087,-0.0994914375679907,0.3505555007443374,-0.2838108013046143,0.7765553765140595,0.9999089513852738
Fthl17a,0.3435332338365362,1.888835932093237,3.8493791864163263,0.49068585884148636,0.6236486497313638,0.9999089513852738
Fto,705.4802239291088,-0.14448779217635305,0.17412692703761254,-0.8297843109879425,0.4066607427586364,0.9999089513852738
Ftsj1,162.86339767287205,0.11529737131004077,0.16905059198060166,0.6820287936245204,0.4952207441409855,0.9999089513852738
Fubp1,631.7250863220119,0.0654722595801673,0.12180739809980226,0.5375064290144589,0.5909178452776731,0.9999089513852738
Fundc1,721.5617444049375,0.04842354412981977,0.11991014633151695,0.40383191590762174,0.6863363251654496,0.9999089513852738
Furin,384.60669070353134,-0.05071298050204004,0.13341104622747604,-0.38012579869563823,0.7038520360360541,0.9999089513852738
Fus,584.4327169474177,0.12029423398570041,0.11955310006976358,1.0061992028270648,0.31431975556735336,0.9999089513852738
Fut1,0.6960728748493773,1.5577697003112292,2.6099536050804257,0.5968572381052829,0.5506026992040356,0.9999089513852738
Fut4,3.459334964175161,0.07210515172081246,1.0683682249342727,0.06749091749265423,0.9461908923313657,0.9999089513852738
Fv1,102.0758764308144,0.1123235642139583,0.2314222334260053,0.4853620265914188,0.6274195638924387,0.9999089513852738
Fxn,23.005791656412782,0.21064009021235153,0.40177278819768225,0.5242766469010125,0.6000861372497959,0.9999089513852738
Fxr1,565.5924296627654,0.07104457503257887,0.12163572166135513,0.5840765694667674,0.5591687978808644,0.9999089513852738
Fyn,1483.2129318446034,-0.08772811622421012,0.11769782005454386,-0.7453673838950875,0.45604965566505296,0.9999089513852738
Fzd1,758.4945580460882,0.25631959193462234,0.20264583789141724,1.2648648232882278,0.2059197891208434,0.9999089513852738
Fzd10,315.0967863721502,-0.05925837532218341,0.2808658608161114,-0.21098461432798007,0.8328992771141798,0.9999089513852738
Fzd2,298.48967907177376,0.09425223185808622,0.22855382545450484,0.4123852736687086,0.6800570552349701,0.9999089513852738
Fzd3,436.4651534459055,0.19385310041092785,0.13691674941262555,1.4158464997347653,0.15682045180400037,0.9999089513852738
Fzd4,135.2482349896757,0.015176021835328578,0.25122615904096063,0.06040780901663285,0.9518308393216379,0.9999089513852738
Fzd5,59.870042266363036,-0.21189526779954662,0.2842894431045889,-0.7453504621400633,0.45605988263925135,0.9999089513852738
Fzd6,132.40958907237612,0.08096338683263869,0.2382048558566587,0.33988974129628546,0.7339395624828922,0.9999089513852738
Fzd7,82.28216376173384,-0.34954096617546304,0.24666615179088322,-1.4170609288614282,0.156465114483263,0.9999089513852738
Fzd8,70.83032090267473,-0.27897150581754926,0.23396763594142572,-1.1923508338879414,0.2331237099995782,0.9999089513852738
G3bp1,478.03295176714136,-0.0197750966163641,0.1288591134522933,-0.15346292618787344,0.8780332245648903,0.9999089513852738
G6pc,0.2069686257534271,-0.969188503896664,4.42774672984595,-0.21888977916548177,0.8267359084612689,0.9999089513852738
G6pc2,0.15675624518773507,-0.969188503896664,4.42774672984595,-0.21888977916548177,0.8267359084612689,0.9999089513852738
G6pdx,48.106503952318,-0.08868902055750177,0.29712811182065196,-0.2984874773849568,0.7653311323667084,0.9999089513852738
Gaa,677.5988080769498,0.060640688082366875,0.13928636951902643,0.4353669945721674,0.6632960635529842,0.9999089513852738
Gab1,583.3354730670036,0.09493869311555495,0.1511695996217261,0.6280276811814111,0.5299858064929517,0.9999089513852738
Gabbr1,6090.476512620734,-0.06369216774837283,0.12055202127874434,-0.5283376178413608,0.5972650266288037,0.9999089513852738
Gabbr2,1821.9261488665518,-0.03690570114948065,0.12169127875757206,-0.3032731805128167,0.7616816831686577,0.9999089513852738
Gabpb1,190.71703510639077,0.08823869240748637,0.18450457131652764,0.4782466460199953,0.6324746659262555,0.9999089513852738
Gabra1,641.6286593967635,-0.06686634470337682,0.22490586169201762,-0.29730814572962305,0.7662312632734614,0.9999089513852738
Gabra2,86.354902458901,-0.11216806389368532,0.2346357038951088,-0.47805198455145925,0.6326132056714484,0.9999089513852738
Gabra5,75.10835608799518,-0.2863939390022591,0.2739760595910569,-1.045324687966304,0.2958729311465518,0.9999089513852738
Gabra6,0.3637248709411622,-1.9662472611427244,3.7931357017426244,-0.518369870141846,0.6042002323770836,0.9999089513852738
Gabrb2,329.9042175213648,-0.07734106989255161,0.19373968922464588,-0.39920095981403564,0.6897451360605885,0.9999089513852738
Gabrb3,464.9158421117609,0.024017021342963372,0.14652415468965585,0.16391168673746936,0.8698006668492,0.9999089513852738
Gabrd,80.49441366500041,-0.09759457664574755,0.2812708763214677,-0.3469771841369229,0.7286084596152687,0.9999089513852738
Gabrg1,1094.6750203820907,-0.0009206624518154443,0.12604166840232256,-0.007304429269189833,0.9941719604862203,0.9999089513852738
Gabrg2,253.2726324889527,-0.12171072851129618,0.16252986295598448,-0.7488514805691878,0.4539467269935591,0.9999089513852738
Gabrg3,228.08375229960214,-0.09266116161856959,0.20388761634693559,-0.4544717490879739,0.649489321080821,0.9999089513852738
Gabrp,0.0,,,,,
Gabrq,54.24278897885413,0.30210135849308595,0.4636251241440215,0.651606961660776,0.5146547555833738,0.9999089513852738
Gabrr2,8.395053616101345,0.5089311871195433,0.6721319534577453,0.7571893948820246,0.44893640288123426,0.9999089513852738
Gad1,353.45052816005415,0.10853587161882094,0.2604744942403357,0.4166852187787592,0.6769086673739507,0.9999089513852738
Gad2,442.2555233598229,0.01844377033018605,0.29363131414479926,0.0628126818963553,0.9499156671190383,0.9999089513852738
Gadd45a,16.035427055048928,-0.048647805962110824,0.49919825742709295,-0.09745187455750635,0.9223675507886624,0.9999089513852738
Gak,289.22458985496036,0.04906265154219974,0.13976176114285857,0.3510448862478913,0.7255546742065624,0.9999089513852738
Gal,38.930847263456336,-0.26151372231166153,1.1019145237272836,-0.23732668612723032,0.8124033608604756,0.9999089513852738
Galc,162.0853227776694,0.08666211625751127,0.17687536488626004,0.4899614839705884,0.6241611539873013,0.9999089513852738
Galnt14,37.52997163459344,0.05425046185948365,0.3145450951608444,0.17247276366443537,0.8630658719321708,0.9999089513852738
Galnt15,17.367480893960707,0.6294560757411689,0.46053741089211514,1.3667859784112617,0.17169239902017852,0.9999089513852738
Galnt17,338.71834456983584,0.06728597987682815,0.16797835887356666,0.40056338404563596,0.6887416085105353,0.9999089513852738
Galnt18,449.3653221912812,-0.19387008371228073,0.20595401575466135,-0.9413270384745721,0.34653729070441364,0.9999089513852738
Galntl5,0.3158441427190837,1.7894679528614503,4.330318880447699,0.41324161159153305,0.6794296038331583,0.9999089513852738
Galp,0.15675624518773507,-0.969188503896664,4.42774672984595,-0.21888977916548177,0.8267359084612689,0.9999089513852738
Galr1,30.614808443552008,-0.5313350953211732,0.40195697448952894,-1.3218705708389558,0.18621125362836977,0.9999089513852738
Galr2,3.793708961243795,0.026055941731248908,1.0224921183147455,0.025482780027873346,0.9796698835748917,0.9999089513852738
Gap43,2856.227972169745,-0.04397217762272543,0.13997225032968696,-0.3141492511490993,0.7534076845389147,0.9999089513852738
Gar1,108.91721696754492,0.31908787953182954,0.2021301440840455,1.578625894607551,0.11442189155302815,0.9999089513852738
Garem1,322.4219827334239,0.008484201889466938,0.15208751553623967,0.055784998916924955,0.9555130854638973,0.9999089513852738
Gars,617.1649701211983,-0.012369620834802985,0.14159428229531376,-0.08735960685901491,0.9303856756399143,0.9999089513852738
Gart,301.0619064304096,0.08508193002685635,0.14138208692333548,0.6017871986356523,0.5473157974016089,0.9999089513852738
Gas1,262.29743738226983,-0.27048802467923944,0.1687908320994732,-1.6025042433574426,0.10904414994309278,0.9999089513852738
Gas6,228.25715570102452,0.05972211198286077,0.172761924346073,0.3456902451678341,0.7295755160468039,0.9999089513852738
Gast,1.8392316025460138,0.2222856189648391,1.4663425665561383,0.15159187493745105,0.8795088422029766,0.9999089513852738
Gata1,0.3648906971129689,-0.007397932673110196,3.6467602450555323,-0.002028631490962615,0.9983813873639943,0.9999089513852738
Gata2,13.292021464952356,0.17705958384567608,0.5637399562058549,0.31408024550422514,0.7534600927312111,0.9999089513852738
Gata3,2.4666091095945504,0.35807435444112423,1.322343782601947,0.2707876417254741,0.7865543653693983,0.9999089513852738
Gata4,0.548323036837947,1.077457225067851,3.187097714055832,0.3380684628262313,0.7353115958098091,0.9999089513852738
Gata5,0.6999092136623456,-2.9191093376322534,3.1439580056513776,-0.9284822928248563,0.353157448748603,0.9999089513852738
Gata6,0.769265890101486,3.079833638557157,3.05002646075334,1.009772760396464,0.3126041735290762,0.9999089513852738
Gatad2b,568.0912210703615,-0.036972482605873054,0.11569287283994102,-0.31957441887560184,0.7492909689875373,0.9999089513852738
Gatd3a,715.2981306433325,0.06755375622270174,0.12249536127901707,0.5514801174293398,0.5813045926977208,0.9999089513852738
Gba,127.27154667216165,0.005115823929692141,0.1931476293825532,0.026486599633897698,0.9788692217937124,0.9999089513852738
Gba2,309.09752441893244,-0.008486298519333047,0.1534694764583957,-0.055296328072335685,0.9559023874662856,0.9999089513852738
Gbf1,457.9871283837584,0.026793430595310065,0.13054651951589138,0.20524048204937792,0.8373842424933571,0.9999089513852738
Gbp2,37.12132352159316,0.6541980970321687,0.376195682642646,1.738983532284716,0.0820376596005201,0.9999089513852738
Gbp2b,1.019757598572959,0.15734437887990504,2.241137679058862,0.07020736849419257,0.9440286095894707,0.9999089513852738
Gbp3,45.578290922267776,0.562058694169337,0.34410737099263655,1.6333817335792096,0.10238873634616995,0.9999089513852738
Gbp7,161.90450556457606,0.1759110284670528,0.19551618257873662,0.8997261819809285,0.3682659865203163,0.9999089513852738
Gbx1,8.676543674873773,-1.1356294047603386,1.2910185925224344,-0.8796383036912804,0.3790552817332885,0.9999089513852738
Gbx2,129.1606955575775,-0.2198137757298479,0.29997849469704985,-0.7327651135520205,0.4637017024695095,0.9999089513852738
Gcat,135.0772350396049,-0.15209716792478847,0.18716569141906902,-0.8126338046872,0.4164280439474163,0.9999089513852738
Gcg,0.15792207135954184,0.9543856482214617,4.427724182917884,0.21554767388254945,0.8293403470759629,0.9999089513852738
Gcgr,0.352539641012841,-0.007398032634443677,3.685558673124655,-0.002007302905904235,0.9983984050780661,0.9999089513852738
Gch1,5.462575150950221,-0.3181722906006358,0.9133079530553281,-0.3483735026463314,0.7275596994823494,0.9999089513852738
Gck,12.947257941405574,0.3623412877575951,0.8291957314561658,0.4369792004612481,0.6621264324145077,0.9999089513852738
Gckr,2.8794191462746888,-1.733744985203421,1.1818059361967392,-1.4670301883767138,0.1423678433271499,0.9999089513852738
Gcm1,0.1429859810777457,-0.969188503896664,4.42774672984595,-0.21888977916548177,0.8267359084612689,0.9999089513852738
Gcm2,0.46242815455870717,0.8041989133986345,2.910819469437932,0.27627921341130857,0.7823336201153546,0.9999089513852738
Gcnt3,3.4624413050478933,1.2481758686116204,1.0841479594711316,1.1512966082789151,0.24961023203545896,0.9999089513852738
Gcnt4,314.17780360920005,-0.06708317296214668,0.17760017537597972,-0.3777201954904129,0.7056384635209948,0.9999089513852738
Gdap1,173.8546402238251,0.0006764845728854548,0.22388944175062084,0.0030215117229107965,0.9975891861142727,0.9999089513852738
Gdf1,415.0254561318845,0.021396058712897285,0.13771038739271727,0.1553699696732449,0.8765296573784735,0.9999089513852738
Gdf10,385.19659737823827,0.15835011295414453,0.3033263971384694,0.5220452767975128,0.601638806572888,0.9999089513852738
Gdf11,245.3476735077783,-0.03947595120173984,0.22034878299480565,-0.17915211813386972,0.8578182595684819,0.9999089513852738
Gdf15,2.6123380981545914,0.6081150938858272,1.3375584385159796,0.45464562622066107,0.6493642045234378,0.9999089513852738
Gdf2,0.8492310892752347,0.7602479732644526,2.1423241641837247,0.3548706521518067,0.7226864955794593,0.9999089513852738
Gdf5,0.0,,,,,
Gdf7,0.0,,,,,
Gdf9,3.7529645997867083,0.7246875535522214,1.1282777249362326,0.6422953653482601,0.5206814229441055,0.9999089513852738
Gdnf,2.68244840727117,0.12407219923293537,1.3227149593080216,0.0938011612856059,0.9252671091816288,0.9999089513852738
Gdpd1,138.90405632010368,0.003924431839836475,0.18305280231311902,0.021438796840288623,0.9828956252668293,0.9999089513852738
Gdpd2,939.3027626602593,0.022044660398154236,0.19205440553618008,0.11478341429663984,0.9086167956308686,0.9999089513852738
Gem,47.93332539371394,0.3461415849748174,0.4056905093177507,0.8532158801469706,0.39353959859744014,0.9999089513852738
Gen1,13.038028860724255,0.048749925815032784,0.5549787906747449,0.08784106101741741,0.9300030019086956,0.9999089513852738
Gfap,3024.0903293633696,1.0033331664981224,0.5924509515303833,1.6935295046895837,0.09035472368297082,0.9999089513852738
Gfi1,0.4337218001669217,-0.7426384431664391,3.3906083683517596,-0.21902808065310417,0.8266281736091837,0.9999089513852738
Gfi1b,0.2997422262654808,-1.7425423111025808,3.993861735428106,-0.43630511683594775,0.6626153698908401,0.9999089513852738
Gfpt1,463.7602222018554,-0.014384610173699831,0.12520663004007646,-0.11488696859819299,0.9085347142492285,0.9999089513852738
Gfpt2,71.92461250876806,-0.06114556925869781,0.3002321056382798,-0.2036609946451433,0.8386184250608275,0.9999089513852738
Gfra1,131.7184221019747,0.1813498329488668,0.18224934566787593,0.9950643843701454,0.3197049512986052,0.9999089513852738
Gfra2,134.34831368495875,0.1637172880000042,0.253886507575821,0.6448443817011877,0.5190280375523771,0.9999089513852738
Gfra3,0.1429859810777457,-0.969188503896664,4.42774672984595,-0.21888977916548177,0.8267359084612689,0.9999089513852738
Ggnbp1,121.54732628431744,-0.1683378432735979,0.21309420113943828,-0.7899691421609637,0.42954578975818436,0.9999089513852738
Ggnbp2,1186.6917446118512,0.03516832146993574,0.1018947921670873,0.345143463389833,0.7299865196635278,0.9999089513852738
Ggps1,544.620201565704,0.010473093585974709,0.13051209530808142,0.08024615313433103,0.9360414835973401,0.9999089513852738
Gh,419.7965450799788,-2.3491903791845363,1.6456801467518538,-1.427489043858996,0.15343898096718495,0.9999089513852738
Ghr,514.6186423046341,-0.18706439633270974,0.17435965382237084,-1.0728651510359264,0.2833316239052237,0.9999089513852738
Ghrh,7.163546284528789,1.911106391033288,0.7692664126743358,2.4843231935596584,0.012979794586432473,0.9999089513852738
Ghrhr,1.8904978371796088,-1.6472578713195865,1.7260195736435904,-0.9543680132446356,0.33989739160595467,0.9999089513852738
Ghrl,0.5916438715264635,0.054636940952628776,2.626871981103189,0.020799240064102126,0.9834058039497781,0.9999089513852738
Ghsr,0.9441835125393045,0.0980579214479058,1.8584481724112483,0.05276333389522523,0.9579204760982992,0.9999089513852738
Gigyf2,304.0277196648449,-0.02871145315398011,0.15101793060476823,-0.19011949798942337,0.849215491542054,0.9999089513852738
Gimap4,1.8472250131421089,0.32228014343416383,1.3456497899333155,0.23949778452396192,0.8107196141783086,0.9999089513852738
Gip,0.809038112466057,-1.8106213142751886,2.4962910976740273,-0.7253245889320655,0.4682529242900494,0.9999089513852738
Gipc1,453.99993641435,-0.07043459294085629,0.12056521397040833,-0.5842032757321183,0.5590835579105717,0.9999089513852738
Gipr,3.306723840141098,-0.28965338095028637,1.0670570759973304,-0.27145069131335864,0.7860444189757324,0.9999089513852738
Gja1,35004.54377752738,-0.003969306912126327,0.10176659915814293,-0.03900402435535963,0.9688871800852704,0.9999089513852738
Gja3,0.3009080524372876,-0.0073985309041374155,3.8731274042225183,-0.0019102214133393778,0.998475864753496,0.9999089513852738
Gja4,7.639748554031628,0.6087478601327628,0.7552416963726327,0.8060305238131469,0.4202252493362829,0.9999089513852738
Gja5,13.505086425376918,0.2037230214797172,0.6766583170756121,0.30107221966940295,0.7633594242691744,0.9999089513852738
Gja8,0.19578339582510598,0.9543856482214617,4.427724182917884,0.21554767388254945,0.8293403470759629,0.9999089513852738
Gjb1,21.21065222606441,-0.5448460862271588,0.46276191704666764,-1.177378833816641,0.23904433416860393,0.9999089513852738
Gjb2,677.255528897937,0.24746708830017325,0.14423682161078677,1.7156998160147088,0.08621699847134215,0.9999089513852738
Gjb6,11754.960791287644,0.1581696486476241,0.10451888409984145,1.5133116853460937,0.1302005058689583,0.9999089513852738
Gjc1,83.69982620276072,0.02802070955583875,0.38057068947382117,0.07362813356588317,0.9413062845418909,0.9999089513852738
Gjd2,5.955484368027407,-0.27651624199749003,0.8704037785825359,-0.3176873180029163,0.7507221320162056,0.9999089513852738
Gk,748.5089932646696,0.026070331662711173,0.11301285798879207,0.23068465063768823,0.8175597989558797,0.9999089513852738
Gkn2,0.3435332338365362,1.888835932093237,3.8493791864163263,0.49068585884148636,0.6236486497313638,0.9999089513852738
Gla,111.4496835764324,-0.0036265119801479834,0.2043487713649603,-0.017746678660823217,0.9858409423147018,0.9999089513852738
Glb1,440.1591191751534,-0.0050155430955662866,0.130600280769137,-0.038403769624602076,0.9693657554750716,0.9999089513852738
Gldc,130.24155361873636,0.12787019402155825,0.2031162971167383,0.6295417740313897,0.5289944291492652,0.9999089513852738
Gldn,12.304505826279097,-0.855976236946224,0.6226546117660287,-1.3747207854422339,0.16921802468267333,0.9999089513852738
Glg1,1285.785366696068,0.0031260300816390017,0.10111135272030276,0.0309167071504455,0.9753359659128634,0.9999089513852738
Gli1,356.47621557093316,-0.09018086294005612,0.21461109780637394,-0.4202059626078561,0.6743349992999208,0.9999089513852738
Gli2,339.1848433143927,-0.11917547472069126,0.17900991514372647,-0.6657478979586446,0.5055722524822561,0.9999089513852738
Gli3,494.97105516435613,0.023374199472634874,0.12387330659872091,0.18869440167891854,0.8503323395813206,0.9999089513852738
Glis3,457.37853096415455,0.14347074386150138,0.21919768553227106,0.6545267278398298,0.5127725131886942,0.9999089513852738
Glmp,230.12836877376378,-0.1120781029078819,0.16652772424552725,-0.6730296916964694,0.5009284015093898,0.9999089513852738
Glo1,476.90218148664525,0.04020295863026563,0.1358186242439186,0.29600475526879555,0.7672264498693935,0.9999089513852738
Glp1r,5.513685432834709,-0.8141920706315771,0.8661319281483705,-0.9400323948017582,0.3472009442567684,0.9999089513852738
Glra1,170.7040337368194,0.09762922940558943,0.2577534526530877,0.3787698220942528,0.7048587989974116,0.9999089513852738
Glra2,69.89983411977964,0.031003400020677765,0.27440745485496293,0.1129830821726928,0.9100439677940103,0.9999089513852738
Glra3,34.80018330224633,-0.018326099896537832,0.34899156318050245,-0.052511584318900455,0.9581210651191238,0.9999089513852738
Glud1,6402.35167374608,0.043422600889244524,0.09072310033356976,0.47862783270841447,0.63220341432783,0.9999089513852738
Glyat,2.0199303451918493,-0.030817883192700454,1.3028938114638575,-0.02365341129226428,0.9811290679996525,0.9999089513852738
Gm2a,2492.9259213132614,-0.06821107358212398,0.10249402494942296,-0.665512683454315,0.5057226338751362,0.9999089513852738
Gmds,86.89905361428781,-0.20350436985243697,0.2389835016839249,-0.8515415014781565,0.3944686195854349,0.9999089513852738
Gmfb,1064.5507678587433,-0.09511123213203274,0.15690240786019208,-0.6061808319524428,0.544394679720154,0.9999089513852738
Gmnc,1.5298130995156898,-0.3677884775506957,1.4641967753685556,-0.2511878756583923,0.8016688579508623,0.9999089513852738
Gmnn,50.05707987167481,-0.03583325970751839,0.3348582777404272,-0.10701022518934214,0.9147808678094909,0.9999089513852738
Gna11,169.4325619322504,-0.00021942649465258956,0.1700772378853778,-0.0012901579151965669,0.9989706032040402,0.9999089513852738
Gna12,242.68700181175885,-0.0625766264512131,0.15184293639464913,-0.4121141749298934,0.6802557394751195,0.9999089513852738
Gna13,1111.11969060524,0.15376908129344352,0.10714662509622604,1.4351276221285258,0.15125073363122096,0.9999089513852738
Gna14,2.9572351394983403,0.18907295784094869,1.1330069760797512,0.166877134768533,0.867466724663576,0.9999089513852738
Gnai1,389.5699524842698,-0.0610983789345637,0.1662000245517339,-0.3676195542049713,0.7131569322022882,0.9999089513852738
Gnai2,3828.684323241248,0.020677751618934353,0.14672080202936386,0.14093265121871423,0.8879231476261817,0.9999089513852738
Gnai3,525.0659614886774,0.09703736208468829,0.12556837218029696,0.7727850604398812,0.43964959634211687,0.9999089513852738
Gnal,1332.0783911952394,-0.03137232085737608,0.2583998062459011,-0.12141000147469629,0.903366295451949,0.9999089513852738
Gnao1,4302.728712527519,0.03304400450729593,0.09425999628370438,0.3505623361986973,0.7259167167384486,0.9999089513852738
Gnaq,1200.4270560432008,0.042040454585855806,0.10166981856506946,0.413499848619771,0.679240433310976,0.9999089513852738
Gnat1,0.5985354174036391,1.0744122449974771,3.1059336139924247,0.34592247566309303,0.7294009770806547,0.9999089513852738
Gnat2,0.29073581908917595,-0.007398648057258491,3.9159171036663234,-0.0018893781102596427,0.9984924952732074,0.9999089513852738
Gnat3,0.0,,,,,
Gnaz,40.38956993549819,0.11724064368009728,0.33759843951488455,0.3472783933734036,0.728382181474433,0.9999089513852738
Gnb1,3542.0600643670873,-0.01320112608202695,0.16859820470976672,-0.078299327710826,0.9375899522317445,0.9999089513852738
Gnb3,3.201446353937319,-0.8017675636151952,1.0415841791257583,-0.7697578166828047,0.44144356668297924,0.9999089513852738
Gng11,807.6073947805024,-0.18376131805279333,0.152263395126706,-1.2068647090121454,0.22748425068159472,0.9999089513852738
Gnrh1,7.813433387463527,1.1822459082004158,0.9562935878705391,1.2362792380873577,0.21635478578617906,0.9999089513852738
Gnrhr,2.25929222423765,0.46039629503895413,1.54576899002348,0.29784288468095144,0.7658230818547649,0.9999089513852738
Golga2,268.28165315267785,-0.11792511722310413,0.1436098385773342,-0.8211492916594374,0.4115612361269102,0.9999089513852738
Golga3,224.27259567198658,-0.06514556691631439,0.16305152146419863,-0.3995397671319397,0.6894955280170352,0.9999089513852738
Golga5,202.39817183426592,-0.15194431629133387,0.179931512680819,-0.844456393588311,0.3984144208922362,0.9999089513852738
Gopc,393.6925269269238,0.1318211872215436,0.14875970853518225,0.8861350194859207,0.3755447742196706,0.9999089513852738
Gorasp1,113.0443716866957,0.20789707729525264,0.19460487791729353,1.068303526202505,0.28538361839948956,0.9999089513852738
Gosr1,254.73827511285023,0.09797302084451365,0.15441522543271646,0.6344777243951476,0.5257690996777802,0.9999089513852738
Got2,292.6936959744564,0.10553539281309153,0.17256898906096388,0.6115547954899868,0.5408323540559352,0.9999089513852738
Gpa33,2.3391526044708177,0.11611336488409725,1.2522133996796707,0.092726499264263,0.9261208443351535,0.9999089513852738
Gpam,4084.853067703534,0.0888068693984524,0.14735596849365976,0.6026689675774719,0.5467289297400445,0.9999089513852738
Gpat2,3.8092895710063335,-0.20077906438605037,1.031606537555071,-0.19462756106790577,0.8456845250292534,0.9999089513852738
Gpbar1,0.15675624518773507,-0.969188503896664,4.42774672984595,-0.21888977916548177,0.8267359084612689,0.9999089513852738
Gpc3,27.27317138226715,-0.03171951257144843,0.3760027274727593,-0.08435979383619352,0.9327703731641888,0.9999089513852738
Gpc4,407.550698911587,-0.32309926619338963,0.139114477149989,-2.322542360886235,0.020203750229111996,0.9999089513852738
Gpc6,270.24954318414467,0.007987945418891954,0.19727376835396215,0.040491675530623175,0.9677011435646512,0.9999089513852738
Gpd1,236.99095733605586,-0.11813850675962247,0.3440715850701326,-0.34335444101128587,0.7313318292638437,0.9999089513852738
Gper1,9.41509981817823,-0.6130440427977702,0.6901572393171818,-0.8882672061866587,0.37439703538866154,0.9999089513852738
Gphn,1189.7688733181888,0.03085453564113998,0.10989748751215304,0.2807574253026296,0.7788964603359918,0.9999089513852738
Gpi1,1845.8663350070585,0.02849896767386997,0.1026053303584342,0.277753286055546,0.7812017529376047,0.9999089513852738
Gpm6a,1324.5819880620272,0.0829554739834987,0.11393324170017227,0.7281059745653955,0.466548716816678,0.9999089513852738
Gpnmb,25.684418857452872,-0.28499209402241593,0.4153268598180468,-0.6861874865190994,0.492594887697014,0.9999089513852738
Gpr101,66.13955023124522,0.20108614020638205,0.3942488467795432,0.5100487721117565,0.6100172932707044,0.9999089513852738
Gpr107,391.831977888384,-0.01751235716971236,0.1347545993672505,-0.1299573985002578,0.896600131848608,0.9999089513852738
Gpr139,2.5502663513779167,-0.7582845501490261,1.295662789040427,-0.5852483814176793,0.5583807175633634,0.9999089513852738
Gpr141b,0.0,,,,,
Gpr143,0.6705626064839411,1.3978923640669696,2.6132288425076426,0.5349291808388118,0.5926988290881562,0.9999089513852738
Gpr149,20.434240867371575,0.5509692553485985,0.5447677573825969,1.0113837463432078,0.3118327973953482,0.9999089513852738
Gpr17,126.53084584162984,-0.058757118527487856,0.18343920289127771,-0.3203084051903154,0.7487345521299055,0.9999089513852738
Gpr183,4.345354420055279,-1.4444906198331124,0.994205358403663,-1.4529097108794966,0.14624882437586034,0.9999089513852738
Gpr20,1.7058965481253152,-1.149129634291366,1.5058913073371945,-0.7630893602296732,0.4454101049498671,0.9999089513852738
Gpr22,76.63610556280778,0.0374173189833299,0.2708552902771897,0.1381450550404148,0.8901257783372091,0.9999089513852738
Gpr26,24.053791416288295,-0.4424555055626248,0.4677701195084012,-0.9458823621047437,0.3442085906041773,0.9999089513852738
Gpr34,39.06298241372979,-0.014519903003382684,0.3225846026152521,-0.04501114710890472,0.9640984238525829,0.9999089513852738
Gpr35,5.930500550062065,-0.21136331163644978,0.8441089923847584,-0.25039812813664114,0.8022794770504001,0.9999089513852738
Gpr37l1,21757.928957252458,-0.07828535361086676,0.12209977551524868,-0.6411588660217473,0.5214194716509759,0.9999089513852738
Gpr39,0.770010961828686,-3.0893711252303446,3.1032842800938223,-0.9955166354069706,0.3194850575509235,0.9999089513852738
Gpr4,51.554659391010624,-0.0015239713864172069,0.3503248905849141,-0.0043501658813701,0.9965290807535733,0.9999089513852738
Gpr50,12.441566362115294,1.1729285319796452,0.8523125080858542,1.3761719097773641,0.16876841657274555,0.9999089513852738
Gpr6,5.8964021925534285,-0.9293400220282628,0.8676676016247987,-1.0710783948691596,0.2841341817905656,0.9999089513852738
Gpr65,0.9063221880737404,0.040007335022506856,2.0232421540482872,0.019773873800749228,0.9842237594948233,0.9999089513852738
Gpr83,30.784150436555027,-0.13446263275089843,0.43689431386028604,-0.3077692441515686,0.7582579259666828,0.9999089513852738
Gpr84,1.4483775585235545,0.5018262553876444,2.0731398719941456,0.24206097338957622,0.8087329177584102,0.9999089513852738
Gpr88,141.37098325531943,-0.4774413487798189,0.22308591751654383,-2.1401680307517053,0.03234118976226696,0.9999089513852738
Gprc5b,7701.273695534848,-0.13649626635052584,0.10248076597059216,-1.3319208249252814,0.1828862070966123,0.9999089513852738
Gprc6a,0.2069686257534271,-0.969188503896664,4.42774672984595,-0.21888977916548177,0.8267359084612689,0.9999089513852738
Gps1,1286.6133510453164,0.021743746818014165,0.09747701636521758,0.22306537098495885,0.8234846292790572,0.9999089513852738
Gpsm1,804.6127183677372,0.00016986806122870068,0.1289893461365272,0.0013169154377207703,0.998949253808072,0.9999089513852738
Gpsm2,250.54453838758914,0.07173123202162347,0.1557200479606034,0.46064224203020543,0.6450552997626819,0.9999089513852738
Gpt2,1632.6490203481596,0.37860532081835524,0.1589630610909402,2.3817188610991913,0.01723204756470618,0.9999089513852738
Gpx2,0.19578339582510598,0.9543856482214617,4.427724182917884,0.21554767388254945,0.8293403470759629,0.9999089513852738
Gpx5,0.8047955622234366,0.6160132753220073,2.3831594672845897,0.2584859652820056,0.796031879069174,0.9999089513852738
Gramd1a,465.1833428833367,-0.024447441512251308,0.12556093898293144,-0.19470578756642345,0.8456232808056818,0.9999089513852738
Gramd1b,959.9625735810027,-0.09637633255104337,0.13588790928655484,-0.7092340522202673,0.4781792452829282,0.9999089513852738
Grb10,288.6535795567244,-0.11143674483535107,0.20884713401016677,-0.5335804360615563,0.5936318467560311,0.9999089513852738
Grb2,536.9662083800578,-0.12143541079408951,0.13339383576167493,-0.9103524919326058,0.3626366437837988,0.9999089513852738
Grb7,3.4530286864419364,1.142546767321357,1.1588352885550992,0.9859440583190631,0.32416056510324154,0.9999089513852738
Greb1,16.64714905537719,0.32442711211899494,0.4938671043718734,0.6569117668438733,0.5112376517259476,0.9999089513852738
Grem1,4.378514972025139,-0.33407080141488876,1.0187297952009011,-0.32792876284629285,0.7429655255721792,0.9999089513852738
Grhl2,0.9553687424676256,-1.03407797450195,1.8832938454719403,-0.5490794636154176,0.5829509179407288,0.9999089513852738
Grhl3,2.8096412542360163,-0.2073509114368751,1.290586493493329,-0.1606640953413533,0.872357969759328,0.9999089513852738
Gria1,4535.194569518805,-0.01674562854745443,0.18977518668885432,-0.08823929429145921,0.9296864867758223,0.9999089513852738
Gria2,2676.4813992494787,-0.09341017892262116,0.1676292489015108,-0.5572427218683271,0.5773616042337717,0.9999089513852738
Gria3,166.2697561156389,0.06267597264604687,0.24307882637982736,0.2578421723499329,0.7965287157829358,0.9999089513852738
Gria4,416.9998170038848,0.023976352588481856,0.18474468594961033,0.1297810135389847,0.8967396848583358,0.9999089513852738
Grid1,379.6979837340413,0.027630936309229553,0.1317181109513782,0.209773250691616,0.8338446513988691,0.9999089513852738
Grid2,274.55787923082664,-0.035104959051195955,0.16359058698411844,-0.21459033614570983,0.8300867290612152,0.9999089513852738
Grifin,38.090885107230726,-0.7176641125508518,0.34791920826019024,-2.062732081219698,0.03913809010868934,0.9999089513852738
Grik1,46.2370470025842,-0.23118468825377866,0.3050522576450314,-0.7578527365720813,0.44853914732817224,0.9999089513852738
Grik2,697.9301420387059,-0.02961424651421255,0.14105476714655457,-0.20994856900826064,0.8337078143054337,0.9999089513852738
Grik3,198.66236856754912,0.10783136062638242,0.25304742903274274,0.42613102626081106,0.6700123732942189,0.9999089513852738
Grik4,166.1544453575966,0.12245543391700284,0.18155829865247555,0.6744689437269804,0.5000132237096693,0.9999089513852738
Grin1,577.5115849681383,-0.012225986867229128,0.1401109588559696,-0.08725931909292778,0.9304653892940364,0.9999089513852738
Grin2a,223.44201343464786,-0.0832187980205389,0.23657136676818472,-0.35177037338624606,0.7250104788404981,0.9999089513852738
Grin2b,235.68995030983933,0.11342512265796384,0.16960127918337797,0.6687751602116467,0.5036389143218643,0.9999089513852738
Grin2c,742.6270250368507,0.20483025586770223,0.10736913759076562,1.907720043802595,0.056427409680400054,0.9999089513852738
Grin2d,217.8907934091245,0.16445430488725168,0.1806547762552764,0.9103235923021905,0.3626518800691704,0.9999089513852738
Grk2,1931.6757595175613,-0.13624316792317856,0.13410752089328465,-1.015924886357368,0.30966515695901153,0.9999089513852738
Grk3,1347.5579852316157,-0.05279607940486402,0.15380944574918548,-0.34325641801582013,0.7314055645478779,0.9999089513852738
Grk5,45.63940895572734,-0.25581139289625787,0.286783058155354,-0.8920031557710834,0.37239124090770825,0.9999089513852738
Grm1,417.46618443189686,-0.1018873682858246,0.25543179307195296,-0.3988828761700929,0.6899795071700869,0.9999089513852738
Grm2,146.81724255520484,-0.6075972320952424,0.1965987069834868,-3.0905454131307035,0.0019978925010830377,0.9119471134489029
Grm3,758.101633160632,-0.0922705960447123,0.16048415822632153,-0.574951428630036,0.5653241467522406,0.9999089513852738
Grm4,131.3734279101294,-0.2412616294220736,0.1849466227023007,-1.3044932959409612,0.19206544383404944,0.9999089513852738
Grm6,0.3637248709411622,-1.9662472611427244,3.7931357017426244,-0.518369870141846,0.6042002323770836,0.9999089513852738
Grm8,85.60522420307406,0.018743204742670945,0.3172658288985755,0.059077287988246685,0.9528905485991326,0.9999089513852738
Grn,765.3095116489429,-0.029826201694826134,0.1393040681922664,-0.21410861923759644,0.8304623544734595,0.9999089513852738
Grp,3.3265337389089606,1.3272181797174978,1.1160427141989986,1.1892180853221763,0.23435385956376997,0.9999089513852738
Grpel1,270.6602909591656,0.0024391567824868145,0.1584683305753712,0.015392077228495163,0.9877193841350957,0.9999089513852738
Grpr,2.5432004589025374,0.6950419528171489,1.22709480878389,0.5664125932583555,0.5711133359400309,0.9999089513852738
Grxcr1,0.4486578904487178,0.8036387842075137,2.9339007923452955,0.273914777999396,0.7841501145710816,0.9999089513852738
Grxcr2,0.596407728460148,1.3719746627735794,2.6883331186714914,0.5103439946652057,0.609810485863491,0.9999089513852738
Gsc,1.3112572990984133,1.4461617250660834,2.193552092154013,0.6592784963889273,0.5097169483467829,0.9999089513852738
Gsc2,4.725139472947443,0.22512711759250043,0.8507132987649353,0.26463335875827937,0.7912919194378936,0.9999089513852738
Gsdma3,3.133691331901556,0.6199763140390875,1.2037322195563402,0.515045044044424,0.6065215440051102,0.9999089513852738
Gsdmd,11.564827581902307,-0.3810399782871745,0.6418610881521475,-0.5936486652963333,0.5527471244429891,0.9999089513852738
Gsdme,47.43759122001476,0.11407553395497712,0.3001898579710062,0.3800112859442276,0.7039370375256744,0.9999089513852738
Gsk3a,1390.38390991912,0.01946509132615057,0.1564057824474189,0.12445250438675066,0.9009570039443944,0.9999089513852738
Gsk3b,320.59718552675764,-0.036411066807176776,0.14271342190722716,-0.25513414450146316,0.7986194930876545,0.9999089513852738
Gsta1,0.7452722588348597,2.99202064023503,3.147011352105441,0.9507498720121498,0.3417313647851493,0.9999089513852738
Gstk1,312.5673244938519,0.0037753571216404703,0.1509860330402178,0.025004677887224425,0.9800512323619457,0.9999089513852738
Gstp1,489.56361078339893,0.07428214405910004,0.12769644031223232,0.5817088078373347,0.5607628377604146,0.9999089513852738
Gsx1,5.18888513973294,-0.0315586764786972,0.8306956257573352,-0.03799066168179896,0.9696951275531491,0.9999089513852738
Gsx2,1.9390504555417465,-0.7930888514747632,1.7852681248076556,-0.44424075042521155,0.6568685329729209,0.9999089513852738
Gtf2a1,1072.3293749906682,0.0456793367112209,0.0981987310915209,0.46517237242758164,0.6418080217452082,0.9999089513852738
Gtf2a2,618.5823993320945,0.0036389384926488627,0.11071470690001119,0.03286770650926499,0.9737800853472578,0.9999089513852738
Gtf2b,159.03110109211786,-0.06729886168137347,0.18623150318122486,-0.36137205860323146,0.717821332723479,0.9999089513852738
Gtf2e1,165.21747087797772,0.04937553320262226,0.17049989748075625,0.2895927442313864,0.7721278185237364,0.9999089513852738
Gtf2e2,81.86128476834745,0.06144893563704491,0.22304756407049178,0.27549700393779974,0.7829344273086017,0.9999089513852738
Gtf2h1,215.29018817561868,-0.03257108012502493,0.1843363375478349,-0.17669375749950986,0.8597489445190255,0.9999089513852738
Gtf2i,2542.6831271632727,0.03010306100107155,0.11062433125188614,0.27211971055922923,0.7855299743818689,0.9999089513852738
Gtpbp2,425.55974283033083,0.15769758641846324,0.1249862658748827,1.2617193202357624,0.20704980229837022,0.9999089513852738
Gtse1,6.323597378289428,-0.08522572960217598,0.7799968374720077,-0.10926419891444052,0.9129929416673488,0.9999089513852738
Gucy1a1,306.78250908319325,0.2858601432488667,0.21997899562967238,1.2994883553796344,0.19377638713211942,0.9999089513852738
Gucy2e,5.250231616418428,-0.3043510457907028,0.8322039504627822,-0.36571689622652664,0.7145763369155461,0.9999089513852738
Gucy2f,4.169873756423795,-0.06328589172946776,0.9266322495675859,-0.0682966643552501,0.9455494793899216,0.9999089513852738
Gusb,65.58731431542955,0.18281487285578282,0.28753038994729235,0.6358106107994181,0.5248998706491097,0.9999089513852738
Gyg,137.18550017249723,0.10601550585926896,0.1858906502859448,0.5703111248262969,0.5684666968201324,0.9999089513852738
Gys2,0.6634670972066429,-2.856018875443512,2.8761913348403945,-0.9929863986611301,0.32071658284613047,0.9999089513852738
Gzma,0.47143456173501197,-0.8349642743831754,3.309131705622921,-0.25232125785878906,0.8007927582000128,0.9999089513852738
Gzmb,0.4966914482623936,0.9527067756471004,2.869326661274945,0.33203147919860004,0.7398654891468349,0.9999089513852738
Gzmk,3.2008224744482763,-0.9400239685755102,1.2232772292539715,-0.7684472056663669,0.4422215445023664,0.9999089513852738
H19,1.477571336110362,-3.9821889925481675,2.5074775480482776,-1.5881254831764087,0.11225796695386359,0.9999089513852738
H1foo,1.0609635719623463,0.9820903256685968,1.8542944740259866,0.5296301851864514,0.5963683616310052,0.9999089513852738
H2-Aa,11.213660892278122,-1.5063591802107332,0.7188916901379356,-2.0953910037848735,0.036136248587414765,0.9999089513852738
H2-Ab1,14.474193995967221,-0.19931293730554644,0.7329104508224199,-0.2719471895671452,0.7856626260252739,0.9999089513852738
H2-D1,1178.842512855055,0.20235643844493786,0.24709155875362102,0.8189532635823903,0.4128130790971577,0.9999089513852738
H2-DMa,44.73417807406844,0.32972354557471095,0.28967581811680476,1.138250157428598,0.25501604003843137,0.9999089513852738
H2-DMb2,2.2495750899851132,0.5957775642370563,1.3272361659788354,0.44888587239308003,0.6535139879088365,0.9999089513852738
H2-Eb1,13.809382043436464,-0.681746079864502,0.6691471575392242,-1.018828328243387,0.30828447442107043,0.9999089513852738
H2-K1,1295.0780561267309,0.1089339684900545,0.14732562672370977,0.739409503374088,0.45965837329982795,0.9999089513852738
H2-T23,945.4062134458767,-0.018470205216261137,0.11489196146227783,-0.16076151004111294,0.8722812413937269,0.9999089513852738
H2afv,168.3004801949044,-0.16855053803742018,0.1782757522446079,-0.9454484747098754,0.34442996428705397,0.9999089513852738
H2afx,116.68155173436737,0.16304904956416896,0.20018933839152697,0.8144741916539049,0.41537335129140696,0.9999089513852738
H2afy,723.7950464102636,-0.03809546642042906,0.11205568586187592,-0.3399690620553336,0.7338798266222335,0.9999089513852738
H2afz,326.8534884348234,0.02507520358230024,0.1786863336134366,0.14033084162187245,0.8883985973292592,0.9999089513852738
Hace1,195.9313166096614,-0.14277147361770498,0.18222072200202813,-0.7835084399243899,0.4333285994537477,0.9999089513852738
Hacl1,242.058181261734,-0.13191471000321564,0.15145182097406676,-0.8710011484497338,0.3837535260218272,0.9999089513852738
Hadh,794.7160735547841,0.11171927661444905,0.12579174879591257,0.8881288135655463,0.3744714651232848,0.9999089513852738
Hadhb,1836.2813039889745,-0.03403795670134536,0.11439167337856214,-0.29755624422681387,0.7660418745722798,0.9999089513852738
Hal,0.2997422262654808,-1.7425423111025808,3.993861735428106,-0.43630511683594775,0.6626153698908401,0.9999089513852738
Hamp,0.9441835125393045,0.0980579214479058,1.8584481724112483,0.05276333389522523,0.9579204760982992,0.9999089513852738
Hand1,0.15675624518773507,-0.969188503896664,4.42774672984595,-0.21888977916548177,0.8267359084612689,0.9999089513852738
Hand2,0.39156679165021196,2.0604664965273884,4.308718898807982,0.4782086148849074,0.6325017315109325,0.9999089513852738
Hao1,1.0768486973714648,-0.4038468238631768,1.93258208626796,-0.2089674879699686,0.8344736191308403,0.9999089513852738
Hap1,622.256757164742,0.04662344515642537,0.23237816779275042,0.2006360821211359,0.840983142264729,0.9999089513852738
Hapln1,242.44310247968212,0.37871897481305383,0.292898769740642,1.293002955076952,0.196010037053436,0.9999089513852738
Has2,1.0929463471309442,-0.4954459465248236,1.9294633750125962,-0.2567791402216117,0.7973492739650294,0.9999089513852738
Haspin,0.8171466183235645,0.4212131934479947,2.1449177986476258,0.19637731278726406,0.8443148523014895,0.9999089513852738
Hat1,369.76425084657245,0.08717666021827676,0.13613793590338277,0.6403553839698739,0.5219415818278292,0.9999089513852738
Havcr1,0.0,,,,,
Havcr2,20.9965261114731,-0.13098765031431508,0.43780541469325523,-0.29919148077711766,0.76479394911563,0.9999089513852738
Hba-x,0.0,,,,,
Hbegf,204.84648337076442,-0.14181896995253881,0.17122340756952997,-0.8282685876050524,0.4075184083544482,0.9999089513852738
Hc,3.7916452337531914,0.46244047209697364,1.1025678039888063,0.4194213457204021,0.6749082266624773,0.9999089513852738
Hcar2,0.5104617123723829,0.9522571084912053,2.849340693847981,0.3342026141511354,0.7382266714918093,0.9999089513852738
Hcfc1,865.0095733518383,-0.01451231471948988,0.1074454667327568,-0.13506679398197005,0.8925590641169586,0.9999089513852738
Hck,6.477780539924949,0.44703899506790806,0.7779771200685349,0.5746171494458946,0.5655502511160075,0.9999089513852738
Hcn1,39.26955984444513,-0.24892890212878735,0.3704590742779879,-0.6719471040463546,0.5016173715065999,0.9999089513852738
Hcn2,355.16484524111684,-0.03485178724880064,0.2731253574178926,-0.12760363072212302,0.8984626577238843,0.9999089513852738
Hcn3,51.3534968905983,-0.21855452253773053,0.29052325949562957,-0.7522789153514171,0.45188334479603254,0.9999089513852738
Hcn4,94.69896877552104,-0.08376764454937337,0.30546523377994533,-0.27422971679231717,0.7839080924438313,0.9999089513852738
Hcrt,48.28264062410202,3.724667173298329,1.2964966557130149,2.872870637101589,0.004067606374209597,0.9999089513852738
Hcrtr1,3.5892279405830876,0.5125157218024184,0.9887048324967608,0.5183708068950877,0.6041995789214492,0.9999089513852738
Hcrtr2,12.719416803837055,-0.08415677827984945,0.5809478207794803,-0.14486116527114778,0.8848204885667919,0.9999089513852738
Hdac1,179.06370211097416,0.017153912440876207,0.17148567467929096,0.10003116862651709,0.9203195805531146,0.9999089513852738
Hdac2,301.243352024103,-0.038037246010416394,0.1365515596742605,-0.278555924964556,0.7805856410605301,0.9999089513852738
Hdac3,858.4480283440029,0.08395247121550989,0.11083281792203205,0.7574694281847839,0.4487686749412829,0.9999089513852738
Hdac4,578.5976035588122,0.08865821930828431,0.15662426996519815,0.5660567122067616,0.5713552286675281,0.9999089513852738
Hdac5,608.1424669852536,-0.2021220536843404,0.1488531788825878,-1.3578618555655433,0.17450752299786476,0.9999089513852738
Hdac6,513.1645979269082,-0.009567352654462274,0.12801946779643555,-0.07473357622198033,0.9404266924002811,0.9999089513852738
Hdac8,420.2201800001678,0.053208505839430244,0.13728641759843246,0.38757297896043125,0.6983320685330616,0.9999089513852738
Hdac9,145.75079043678085,-0.110299414442462,0.17911773142436963,-0.6157928283556597,0.5380312612695057,0.9999089513852738
Hdc,13.415585405904762,0.14469824018283828,0.6543559653971267,0.22113077259870526,0.8249906102216432,0.9999089513852738
Hdgfl2,354.32801873164345,0.10395342268340257,0.1502836019658743,0.6917150063185724,0.48911632119461734,0.9999089513852738
Hecw2,167.61126260224907,0.1109899357322141,0.2540695774065741,0.43684858637995366,0.6622211603364204,0.9999089513852738
Hells,38.367798190231554,-0.24215115017378833,0.32326633289874973,-0.7490763049848204,0.4538112157096851,0.9999089513852738
Herc6,341.17512587660167,0.27931091026214006,0.17042003654348067,1.6389558172103615,0.10122246168295068,0.9999089513852738
Hes1,527.6233114636667,-0.11752747594882035,0.14660340707703207,-0.8016694720271139,0.4227441793685415,0.9999089513852738
Hes2,0.0,,,,,
Hes5,631.5259049289422,-0.05355854516308385,0.22761738395217973,-0.23530076760014074,0.8139752993877881,0.9999089513852738
Hes6,108.81981902429793,-0.048641763270322005,0.1944518152224885,-0.2501481573451341,0.8024727753131777,0.9999089513852738
Hesx1,0.0,,,,,
Hexa,449.45943903431726,-0.039784985322989186,0.14775791234909424,-0.2692579009169594,0.7877312263680453,0.9999089513852738
Hexb,1507.5872438312856,-0.08460801445933414,0.11415922889478039,-0.741140381539513,0.45860832728641265,0.9999089513852738
Hey1,1125.3830833538002,-0.11463158777725667,0.10208521587414955,-1.122900968525886,0.26147955614629426,0.9999089513852738
Hey2,216.5572596633543,0.31805710446508995,0.16997968139133157,1.871147785792413,0.06132459968772631,0.9999089513852738
Heyl,467.66638952687475,-0.04998628015067991,0.21242964633571143,-0.23530745831815067,0.8139701067291443,0.9999089513852738
Hfe,27.96468935795372,-0.05652813380217211,0.3718478510801989,-0.15201952529229573,0.8791715356773961,0.9999089513852738
Hfm1,7.379428616218622,-0.14921700124390874,0.6877494562389606,-0.21696418643486773,0.8282362552106272,0.9999089513852738
Hgf,9.380630248710608,0.7274689131331319,0.6877224900469948,1.0577942755418992,0.2901492431823569,0.9999089513852738
Hgs,332.18296052606485,0.08788804730132235,0.1350226192848974,0.6509135118752125,0.5151023186763601,0.9999089513852738
Hhex,18.587088851287493,0.13073610635380062,0.46678720654360095,0.28007645565493666,0.7794188477757096,0.9999089513852738
Hibadh,1011.3255711316666,-0.07338689863931884,0.13425745247144288,-0.5466132217496719,0.5846444835638352,0.9999089513852738
Hic1,20.219570470333455,0.26679112369942787,0.5509076800060294,0.48427555719772863,0.6281903204763228,0.9999089513852738
Hif1a,2366.312131357019,-0.0059402611265495335,0.1515655468321067,-0.03919268759099799,0.9687367636159678,0.9999089513852738
Hif1an,182.78073698482126,-0.164383151373449,0.1753348426395656,-0.937538420195067,0.34848167045750444,0.9999089513852738
Hif3a,459.31536897690194,0.6541653305555519,0.546330806319818,1.1973795418239848,0.23115865394977753,0.9999089513852738
Hikeshi,78.77756200897697,-0.06901055475266767,0.2393974979957866,-0.2882676524626095,0.7731418662455939,0.9999089513852738
Hip1r,721.6157651452173,-0.05935639246109002,0.15434241926160816,-0.38457601445576534,0.7005515675781051,0.9999089513852738
Hipk2,1042.5666581314824,-0.01152446825393523,0.11950979131635088,-0.09643116373142303,0.923178142368982,0.9999089513852738
Hira,116.22801687807738,0.292671897326154,0.20851020879264104,1.4036334192979971,0.16042803816738715,0.9999089513852738
Hist1h2ba,0.0,,,,,
Hist1h2bc,1509.8717141951036,0.06834991279586548,0.1428056701252589,0.4786218413870671,0.6322076773560608,0.9999089513852738
Hist1h4h,69.78245199343871,0.06530886808497649,0.37836629644623054,0.17260752001006383,0.8629599405128812,0.9999089513852738
Hist2h2bb,224.5853335977993,-0.1142432888082461,0.17037106828119458,-0.6705556874227582,0.5025036197056152,0.9999089513852738
Hist2h2be,171.54415451447895,-0.18963683759314656,0.17178877323087816,-1.103895406123433,0.2696385118773982,0.9999089513852738
Hivep2,1033.3621106408116,0.06906890218085528,0.11385671977464873,0.6066300023183534,0.5440964848716283,0.9999089513852738
Hjv,1.6202550476841304,-1.947262135472574,1.6511022947483316,-1.1793709824438132,0.2382504845493142,0.9999089513852738
Hk1,1077.8256209837957,-0.09170919537594287,0.1219325928173333,-0.7521302816330006,0.4519727150396873,0.9999089513852738
Hk2,44.097890583636975,0.4023709084550727,0.33177250084361637,1.2127916190520365,0.22520950049685617,0.9999089513852738
Hkdc1,2.426976050821528,-0.6769167814573966,1.255953218371985,-0.538966556680226,0.5899099309261168,0.9999089513852738
Hlf,1208.9043925582157,-0.08385644092447292,0.14013978562291862,-0.5983771171886175,0.5495883307346219,0.9999089513852738
Hmcn1,9.99911472847366,0.6388760323798963,0.601667221007717,1.0618428428091182,0.2883070365686691,0.9999089513852738
Hmcn2,5.695194047016319,-0.16384369555362546,0.8504911127664391,-0.19264598194410532,0.8472362310036945,0.9999089513852738
Hmga1,214.6740849619296,-0.0402957888504643,0.20303587871723572,-0.19846634548066008,0.8426802134140386,0.9999089513852738
Hmga1b,51.78997389426985,-0.12020568976591806,0.3028575212793063,-0.39690508348003006,0.6914374553928322,0.9999089513852738
Hmga2,19.36796396383145,-0.27802915239611764,0.4359101465802957,-0.6378129864084363,0.5235954249553404,0.9999089513852738
Hmgcr,1989.609459584748,-0.20394461097005495,0.15841915299514533,-1.2873734464184687,0.19796415496319186,0.9999089513852738
Hmox1,130.11471147591894,0.19498439331236728,0.25400786457635594,0.7676313236897989,0.44270624743240117,0.9999089513852738
Hmx2,5.891547290955516,0.5402393716480642,0.98787942107545,0.5468677250710774,0.5844696105702591,0.9999089513852738
Hmx3,0.8870924137407988,0.857208479127206,2.388177884613154,0.35893828707238856,0.7196412566156893,0.9999089513852738
Hnf1a,0.5595082667662682,-0.987337961856695,2.7868451323465284,-0.3542851916659448,0.723125164331204,0.9999089513852738
Hnf1b,4.126823969745797,0.25946268485263063,0.9989545620073653,0.2597342208751208,0.7950687938543859,0.9999089513852738
Hnf4a,0.14774983801143024,0.9543856482214617,4.427724182917884,0.21554767388254945,0.8293403470759629,0.9999089513852738
Hnrnpa1,2686.5399279080325,-0.04178387747266995,0.08862374133926623,-0.47147498899549284,0.6373015762884631,0.9999089513852738
Hnrnpdl,588.7194864039814,-0.0008337308352744705,0.13355280615289006,-0.006242705483252991,0.995019074029547,0.9999089513852738
Hnrnph1,2150.8748706551214,0.059504126847862174,0.1160377588617734,0.512799690648496,0.6080914461925315,0.9999089513852738
Hnrnpk,670.9273760136026,-0.05863763937457442,0.11268291753134066,-0.5203773620634685,0.602800585196609,0.9999089513852738
Hnrnpm,1540.9980066856162,-0.005044598083530612,0.12537865323636121,-0.040234904055163535,0.9679058507381076,0.9999089513852738
Homer1,351.5306658606273,-0.07760615090284857,0.17029040900530268,-0.45572825478639845,0.6485854014238188,0.9999089513852738
Homer3,216.30419783975765,-0.05316299872187796,0.15863102787088015,-0.33513619268199346,0.7375223521280889,0.9999089513852738
Hopx,238.6508729164492,-0.3353374568982469,0.2600513123606556,-1.2895049590566174,0.1972225934260945,0.9999089513852738
Hoxa1,46.8449707557698,-0.1966595534590357,0.32658280701897074,-0.6021736271242596,0.5470585687813265,0.9999089513852738
Hoxa10,0.6502181397877179,1.338248460116002,3.01013327219533,0.4445811328280491,0.6566224846870291,0.9999089513852738
Hoxa11,0.0,,,,,
Hoxa13,0.15675624518773507,-0.969188503896664,4.42774672984595,-0.21888977916548177,0.8267359084612689,0.9999089513852738
Hoxa2,1.384797735598308,-3.8877530267930327,2.8256030159083854,-1.3759020658261802,0.16885195557264687,0.9999089513852738
Hoxa3,1.0797360010571107,-1.1984863472720813,2.2330811769407566,-0.5366962740306493,0.591477430180765,0.9999089513852738
Hoxa4,1.3405150381381077,-1.6583121932837037,2.2090174633235398,-0.750701260092674,0.452832464508508,0.9999089513852738
Hoxa5,0.6209058772602812,-2.7279977375780153,3.7987564983698032,-0.7181291400880018,0.47267766420953483,0.9999089513852738
Hoxa7,0.35370546718464785,1.9252687516065734,3.820606285903314,0.5039170769074359,0.6143196497653132,0.9999089513852738
Hoxa9,4.9120692911878425,0.967154523250828,0.8908575809487879,1.0856443767597304,0.2776363584484437,0.9999089513852738
Hoxb1,0.7174303381258099,-0.02528899693893518,2.2749361603137985,-0.011116354550998428,0.991130615001643,0.9999089513852738
Hoxb13,0.6097206473319602,-1.1469378933827235,3.0959974641507824,-0.37045827933109216,0.7110410569697942,0.9999089513852738
Hoxb2,0.3637248709411622,-1.9662472611427244,3.7931357017426244,-0.518369870141846,0.6042002323770836,0.9999089513852738
Hoxb3,2.836163150053966,-3.8581212362883424,2.1256705081347538,-1.815013766961367,0.06952179385076433,0.9999089513852738
Hoxb4,1.461130559359211,-0.08465226121595688,1.6607371867730587,-0.05097270169546982,0.9593472731529552,0.9999089513852738
Hoxb5,1.6055366254617243,-4.101593383208015,2.7715997628548483,-1.4798649639741723,0.1389092874141667,0.9999089513852738
Hoxb6,0.0,,,,,
Hoxb7,0.0,,,,,
Hoxb8,4.136962319597866,-2.0313784044161904,1.0184070080544907,-1.9946626332597859,0.04607968742430603,0.9999089513852738
Hoxb9,0.15675624518773507,-0.969188503896664,4.42774672984595,-0.21888977916548177,0.8267359084612689,0.9999089513852738
Hoxc10,1.2823083699614137,1.6389088589230447,1.8987810578533306,0.8631373544330146,0.38806195208027683,0.9999089513852738
Hoxc11,0.15675624518773507,-0.969188503896664,4.42774672984595,-0.21888977916548177,0.8267359084612689,0.9999089513852738
Hoxc12,0.39156679165021196,2.0604664965273884,4.308718898807982,0.4782086148849074,0.6325017315109325,0.9999089513852738
Hoxc5,0.5706934966945892,-2.607661683515331,3.350767039535136,-0.778228284075846,0.4364344453501492,0.9999089513852738
Hoxc6,0.9996514399278263,-3.4442041292776597,2.6272623269318225,-1.3109479376959972,0.1898753534851243,0.9999089513852738
Hoxc8,0.0,,,,,
Hoxd1,0.14774983801143024,0.9543856482214617,4.427724182917884,0.21554767388254945,0.8293403470759629,0.9999089513852738
Hoxd10,0.0,,,,,
Hoxd11,0.3387693769028517,-0.007398151907015832,3.7313212835751735,-0.0019827164011798192,0.9984180222315505,0.9999089513852738
Hoxd12,0.0,,,,,
Hoxd13,0.15675624518773507,-0.969188503896664,4.42774672984595,-0.21888977916548177,0.8267359084612689,0.9999089513852738
Hoxd3,0.3648906971129689,-0.007397932673110196,3.6467602450555323,-0.002028631490962615,0.9983813873639943,0.9999089513852738
Hoxd4,0.0,,,,,
Hoxd9,0.1429859810777457,-0.969188503896664,4.42774672984595,-0.21888977916548177,0.8267359084612689,0.9999089513852738
Hpcal4,1912.9666781282674,-0.05011509083000022,0.17733969246144218,-0.28259376191766217,0.7774882627696532,0.9999089513852738
Hpd,0.35471846376485733,-0.007398014538892246,3.6785656993063904,-0.0020111138806864787,0.9983953643662633,0.9999089513852738
Hpgds,32.087408225677855,-0.25255246575864126,0.3829040399019253,-0.6595711704251763,0.5095290600584284,0.9999089513852738
Hprt,366.886931221994,-0.05157253923018934,0.13367147199981813,-0.3858156004316277,0.6996332407031232,0.9999089513852738
Hps4,138.8197213203342,0.04435117353546949,0.21305771430488846,0.20816506776188523,0.8351000829966828,0.9999089513852738
Hps5,270.8862431211669,0.15923442187327347,0.16537225648008125,0.9628847381208283,0.33560536938909025,0.9999089513852738
Hps6,54.704623344124805,0.25022348701892183,0.27780689918222734,0.9007101254702382,0.3677424636360147,0.9999089513852738
Hpse,0.3146783165472769,-0.007398383408700497,3.818569817272234,-0.0019374749612370516,0.9984541196086436,0.9999089513852738
Hpse2,2.7890434057017384,0.0654406379925522,1.187219754843147,0.05512091398883275,0.9560421345187754,0.9999089513852738
Hr,512.090345719531,0.5817052482435066,0.48968005761259464,1.1879292186812245,0.23486129706400394,0.9999089513852738
Hras,45.83063901934387,-0.09317194076204707,0.34520517509035575,-0.26990308223988757,0.7872348158664288,0.9999089513852738
Hrg,0.9441835125393045,0.0980579214479058,1.8584481724112483,0.05276333389522523,0.9579204760982992,0.9999089513852738
Hrh1,977.7688659767814,-0.17040274902770836,0.14108263964966325,-1.2078222341944613,0.22711564717576083,0.9999089513852738
Hrh3,289.3362951359157,0.00011592546498026005,0.20603809115817664,0.0005626409385207485,0.9995510775055642,0.9999089513852738
Hs3st2,21.679453704307516,-0.20890408157041063,0.40315736309491534,-0.5181700762370259,0.6043396108588139,0.9999089513852738
Hsd17b3,0.4139372515068542,-2.139667925196131,4.273053694189175,-0.5007350897803637,0.6165575733599526,0.9999089513852738
Hsd17b4,1395.7129175924817,0.0417822272873629,0.0948952785088143,0.44029827346449046,0.659721091047743,0.9999089513852738
Hsd17b7,179.87263959986728,-0.23219246783718517,0.21010094471998902,-1.1051471860187896,0.269095817267639,0.9999089513852738
Hsf1,275.03532611601435,-0.022688334862993653,0.14031928257875284,-0.1616907843742719,0.8715493620483344,0.9999089513852738
Hsf2,260.16307121080393,0.09273215185391147,0.15711190393301802,0.5902299541443164,0.5550364926370799,0.9999089513852738
Hspa1a,49.37684043318816,-0.18952222204551888,0.4012238793110547,-0.4723602751933641,0.6366696539677137,0.9999089513852738
Hspa1b,29.37150794127361,-0.6831208189721536,0.6709695629885304,-1.018109995823806,0.3086256855298213,0.9999089513852738
Hspa5,1832.7833274989719,0.049451532550904224,0.22977896396489048,0.21521348907491927,0.8296008745707133,0.9999089513852738
Hspa9,1502.8196019935874,-0.0209749210966131,0.09911070996342551,-0.2116312263765783,0.8323947459496427,0.9999089513852738
Hspb2,3.8519658862141077,0.11463067217294529,0.9509972046033314,0.12053733871989525,0.9040575032344245,0.9999089513852738
Hspb3,7.043956300084282,-0.8330120242429786,0.7812955388669961,-1.0661932428936938,0.28633629605351907,0.9999089513852738
Hspd1,1448.1036858821187,0.003852404378482436,0.10455302246780507,0.03684641809057891,0.9706074628731847,0.9999089513852738
Hspg2,47.65560412711729,-0.10163696555250921,0.2836722236349376,-0.35829015703457623,0.7201261833924701,0.9999089513852738
Hsph1,1387.2142387563933,0.005536365235646086,0.18052636154639962,0.030667904610834948,0.97553438752677,0.9999089513852738
Htr1a,32.40220187417486,-0.38451716393900304,0.4495832177584559,-0.8552747272376826,0.39239907524105344,0.9999089513852738
Htr1b,20.946695261242315,-0.026266284235582135,0.4489478909054341,-0.05850630945744846,0.953345336885359,0.9999089513852738
Htr1d,4.146151173167688,0.07432303526497151,0.9052435605689136,0.08210280470624073,0.9345649628233383,0.9999089513852738
Htr1f,8.610144008949574,-0.29552868361724904,0.6883367500179246,-0.42933736083327434,0.6676777315887085,0.9999089513852738
Htr2a,30.797573612160154,-0.15937337121453504,0.38867649801088805,-0.41004118342671314,0.6817757371482794,0.9999089513852738
Htr2b,0.0,,,,,
Htr2c,153.185057185308,-0.5318738048748229,0.22693066335050496,-2.343772309224334,0.019089821278768838,0.9999089513852738
Htr3a,3.9658597854881177,1.9530213844230402,1.1813828958317787,1.6531654481487752,0.09829719632868429,0.9999089513852738
Htr3b,0.35370546718464785,1.9252687516065734,3.820606285903314,0.5039170769074359,0.6143196497653132,0.9999089513852738
Htr4,19.623807656287767,0.2636870030140622,0.4277442089991951,0.6164595509802879,0.5375912602696271,0.9999089513852738
Htr7,143.22733104019602,-0.11770101237606301,0.19246735419773514,-0.6115375403100338,0.540843773604522,0.9999089513852738
Htra2,64.50197973137635,0.04628999758591897,0.25899957814756225,0.17872615050958016,0.8581527346483687,0.9999089513852738
Htt,654.8897658563485,0.07344227210230024,0.11447706677359475,0.6415457189128506,0.5211681869014018,0.9999089513852738
Huwe1,482.15343064755535,0.10579043416256989,0.12132231676352044,0.8719783547224452,0.38322018597746743,0.9999089513852738
Ibsp,0.15792207135954184,0.9543856482214617,4.427724182917884,0.21554767388254945,0.8293403470759629,0.9999089513852738
Icam1,15.973241772407436,0.5396583497959225,0.536985665452709,1.0049771986761702,0.3149078293200781,0.9999089513852738
Ick,135.46319110836387,-0.03518567718577353,0.22615339111210814,-0.15558323937902563,0.8763615370864257,0.9999089513852738
Icos,0.889271236492815,0.6223090381484094,2.1197265839950505,0.29357986206671194,0.7690789657562629,0.9999089513852738
Icosl,148.72932511701538,0.43497199367630385,0.3353262141738859,1.297160720786195,0.19457589257011232,0.9999089513852738
Id1,166.0379816250841,0.05048073706138785,0.17779958168592624,0.2839193241216926,0.7764722071211456,0.9999089513852738
Id2,4266.9671755970785,-0.12259029163720275,0.15556682464704522,-0.7880233585492239,0.4306830428969395,0.9999089513852738
Id4,2588.3340331444556,0.448475023904842,0.13742847915617912,3.2633339658454443,0.0011010968177754738,0.5528607122050654
Idh1,1282.6635613123528,-0.02563499771221928,0.10472485633462005,-0.24478427194313407,0.8066234726752649,0.9999089513852738
Idh2,1170.9086143728543,0.12888828927165352,0.1249887542404258,1.0311990871092824,0.3024474686690575,0.9999089513852738
Idi1,532.9378706914932,-0.21200863292917593,0.15789918198788946,-1.3426835418655718,0.1793744661378135,0.9999089513852738
Ido1,2.0855065444755962,-2.452908484100902,1.578215305070179,-1.5542293096643285,0.12012972854673085,0.9999089513852738
Ido2,3.9288960958196433,-1.2363136091947355,0.9968620264704594,-1.240205340725126,0.2148994535074642,0.9999089513852738
Idua,260.8749378700896,-0.20932681048791307,0.1592263466842032,-1.3146493331475795,0.18862778202537211,0.9999089513852738
Ifi204,1.135203051430726,-0.2037442570498788,1.918854422758968,-0.10618015344641475,0.9154394171757366,0.9999089513852738
Ifi208,0.15675624518773507,-0.969188503896664,4.42774672984595,-0.21888977916548177,0.8267359084612689,0.9999089513852738
Ifi209,1.3542844252331905,1.6654224580734895,1.8355679853482234,0.9073063331716064,0.36424482603360764,0.9999089513852738
Ifi27,239.3384979537434,-0.06042395206080611,0.2294835560693017,-0.26330406019400665,0.7923162304946938,0.9999089513852738
Ifi44,11.699270660006908,-0.12287657171633717,0.8700731987921488,-0.14122555652434374,0.887691757219799,0.9999089513852738
Ifih1,86.4789990698784,0.42400478566087935,0.2258591192044522,1.8772976143463203,0.06047731502196883,0.9999089513852738
Ifit1,35.25844127229817,1.0491581826361662,0.5327700861999548,1.9692512958439727,0.048924241033904456,0.9999089513852738
Ifit3,111.74400942855982,0.27026080119313234,0.2986456341466759,0.9049548035930681,0.36548933158500185,0.9999089513852738
Ifnar1,359.7007648061146,0.1571277784120203,0.1413992999376125,1.1112344861774242,0.26646743067616663,0.9999089513852738
Ifnar2,61.75942011925653,-0.10994244873756724,0.30604415921832895,-0.35923720622008465,0.7194176452060482,0.9999089513852738
Ifnb1,0.14774983801143024,0.9543856482214617,4.427724182917884,0.21554767388254945,0.8293403470759629,0.9999089513852738
Ifng,0.4522559212105956,0.7575365269525078,3.345928682583164,0.2264054613285019,0.8208860806802223,0.9999089513852738
Ifngr1,509.7488939275326,-0.07302837090327244,0.12416839259006647,-0.5881397784085894,0.5564384750884912,0.9999089513852738
Ifngr2,76.60544928331193,-0.008544826402442753,0.25909184658011675,-0.032979912394890856,0.9736906065131866,0.9999089513852738
Ifnlr1,0.7495659428860053,0.6398939095327093,2.4214039009038886,0.26426566393728973,0.7915752162554841,0.9999089513852738
Ift122,326.87043936713866,-0.0446519076408129,0.16965770030478652,-0.26318821698394285,0.7924055122377154,0.9999089513852738
Ift27,704.4805483842414,0.033157957817849484,0.13503896084429692,0.24554363874349852,0.8060355232863796,0.9999089513852738
Ift88,147.64049839884993,0.08583142532111174,0.2104563570107929,0.40783479549021184,0.6833949661310099,0.9999089513852738
Igdcc4,1142.183708877732,0.017442213326795263,0.14045925698877335,0.12417987750134109,0.9011728543339822,0.9999089513852738
Igf1,18.2584199228353,0.597304940238295,0.5521749228146797,1.081731378153806,0.2793719061430222,0.9999089513852738
Igf1r,475.6422003193978,0.145280468428897,0.12845566557469096,1.1309775071339552,0.2580645586873135,0.9999089513852738
Igf2,207.60097840144257,-0.523734275713781,0.22072645787936446,-2.372775247451404,0.01765500323213861,0.9999089513852738
Igf2bp1,0.1429859810777457,-0.969188503896664,4.42774672984595,-0.21888977916548177,0.8267359084612689,0.9999089513852738
Igf2r,109.50800827430056,-0.03250723941755534,0.20782357760268763,-0.15641747578661136,0.8757039630321387,0.9999089513852738
Igfbp1,0.30450608319916533,-0.007398491186301263,3.858512348870997,-0.0019174465486591135,0.9984700999401322,0.9999089513852738
Igfbp2,158.81983786722498,-0.35825751877755035,0.6393900754179389,-0.5603113538216471,0.5752670843954932,0.9999089513852738
Igfbp3,30.516215595839444,-0.04202866039780656,0.400569506093041,-0.1049222663196047,0.9164374905172744,0.9999089513852738
Igfn1,1.9805986789078984,-0.26164610388480947,1.4537781192287067,-0.1799766418438216,0.8571709058601222,0.9999089513852738
Igha,0.15675624518773507,-0.969188503896664,4.42774672984595,-0.21888977916548177,0.8267359084612689,0.9999089513852738
Ighd,0.8751995798937546,-1.9975671345405903,2.4411577840220646,-0.8182867767151815,0.41319345489581316,0.9999089513852738
Ighm,67.60934975511154,0.07892749434180449,0.35332794169860005,0.22338310964699232,0.8232373487740615,0.9999089513852738
Igkc,4.39350733982449,-0.5507904092767979,1.1066429662053525,-0.4977128361150143,0.6186864594466136,0.9999089513852738
Igll1,0.3387693769028517,-0.007398151907015832,3.7313212835751735,-0.0019827164011798192,0.9984180222315505,0.9999089513852738
Igsf11,2641.5894847731643,0.13509534615681887,0.13284707295701165,1.0169237691863542,0.3091896949769638,0.9999089513852738
Igsf21,224.71845993391207,-0.24776512615835092,0.19197631869187176,-1.2906025485154864,0.19684153184585385,0.9999089513852738
Igsf5,3.4497737826717305,-0.052380296370588414,1.039846479139258,-0.0503731054741337,0.9598250678924909,0.9999089513852738
Igsf8,163.1644593378228,-0.15032743613243588,0.1917452705755127,-0.783995535750303,0.4330427298071373,0.9999089513852738
Igsf9b,88.1392414055694,0.16818284737889727,0.24811532045924642,0.6778414451296317,0.497872229742921,0.9999089513852738
Igtp,27.078352402940002,0.27628822335042597,0.4659257160906465,0.5929877098620453,0.5531893773099245,0.9999089513852738
Ihh,0.15675624518773507,-0.969188503896664,4.42774672984595,-0.21888977916548177,0.8267359084612689,0.9999089513852738
Ikbkb,375.65477502187923,0.07056431232528666,0.13589109345315525,0.5192710613489308,0.6035717306748708,0.9999089513852738
Ikbkg,306.3452568000356,0.025830096659502443,0.15052611639926342,0.17159877154466227,0.8637529732933872,0.9999089513852738
Ikzf1,14.117421734789694,0.2397153136695122,0.5377656417931505,0.4457616757928128,0.6557694079008192,0.9999089513852738
Ikzf2,319.5770737619562,-0.10616370160751809,0.17905571434594766,-0.5929087602443265,0.553242214998829,0.9999089513852738
Il10,0.7974466711080838,-1.8707230957294652,2.2694696885226775,-0.8242996613659209,0.40976931097693425,0.9999089513852738
Il10ra,18.588307219054744,-0.12940217778915877,0.4503403369600777,-0.28734307626685057,0.77384964256914,0.9999089513852738
Il11,2.2324601769513013,0.2545597901241508,1.350698982990194,0.18846522676770155,0.8505119720618022,0.9999089513852738
Il11ra1,447.7539342084037,-0.0881135908406216,0.13273372286038415,-0.6638372596036035,0.5067944755406357,0.9999089513852738
Il12a,0.0,,,,,
Il12b,0.744106432663053,1.6710009376998944,2.9402794913432087,0.5683136391012035,0.5698220194010675,0.9999089513852738
Il12rb1,2.911533234028278,0.8404367663156072,1.1157049540861879,0.75327869006727,0.4512824615581935,0.9999089513852738
Il12rb2,0.8183124444953713,1.7985575993892657,2.449580035032372,0.7342310002806244,0.4628079628136431,0.9999089513852738
Il13,0.15675624518773507,-0.969188503896664,4.42774672984595,-0.21888977916548177,0.8267359084612689,0.9999089513852738
Il13ra1,81.09675601934003,0.2645430859212925,0.2651773533066178,0.9976081389401609,0.3184694128831431,0.9999089513852738
Il13ra2,1.1997070027974717,2.4670337527264046,2.0573202959408214,1.19914908611652,0.23046998040280442,0.9999089513852738
Il15,43.23799652453593,-0.27307418956717006,0.3622853357550433,-0.7537544653803134,0.4509966705685541,0.9999089513852738
Il15ra,205.13217364729053,-0.17844059121775477,0.16695063651666148,-1.0688224671724842,0.2851496735623842,0.9999089513852738
Il17a,1.7206454641645461,1.3896156407612348,1.678827678895539,0.8277297653773674,0.40782355822145355,0.9999089513852738
Il17f,0.6534476934501287,0.1388722029691974,2.3178202464453297,0.05991500125265342,0.9522233320877883,0.9999089513852738
Il17ra,189.82271202222492,0.1686449522487235,0.19376038359401912,0.8703789139996785,0.38409336605943756,0.9999089513852738
Il17rb,2.3349100542281978,0.9122095785750349,1.2389184853985287,0.7362950745557729,0.4615511430518867,0.9999089513852738
Il17rc,93.08653291394496,-0.00606628073600694,0.2395636076296012,-0.025322213152618143,0.9797979560770802,0.9999089513852738
Il18,1231.7511195808588,-0.06919947195729276,0.11772875518346719,-0.5877873409045485,0.5566750420689394,0.9999089513852738
Il18r1,0.3009080524372876,-0.0073985309041374155,3.8731274042225183,-0.0019102214133393778,0.998475864753496,0.9999089513852738
Il18rap,1.8867103860325634,-0.4650180078161638,1.5004122163402214,-0.3099268339406269,0.7566165963150016,0.9999089513852738
Il1a,2.2195543465240473,-0.2926648648720182,1.4371101975432463,-0.20364817212509634,0.8386284459722954,0.9999089513852738
Il1f10,0.15675624518773507,-0.969188503896664,4.42774672984595,-0.21888977916548177,0.8267359084612689,0.9999089513852738
Il1f5,0.0,,,,,
Il1r1,17.758204346439083,0.5374830026937307,0.5025555552385861,1.0694996743963223,0.28484457549117637,0.9999089513852738
Il1rap,165.2261284283548,0.1349509427228471,0.21066266376267975,0.6406020901495623,0.5217812412423372,0.9999089513852738
Il1rapl2,6.968157610658806,-0.8692353131158078,0.7342585196769394,-1.1838273439418254,0.23648141574408432,0.9999089513852738
Il1rl1,0.8261530254998694,-0.6949263275126852,2.1474450418832363,-0.3236061058415998,0.7462362647294931,0.9999089513852738
Il1rn,0.3158441427190837,1.7894679528614503,4.330318880447699,0.41324161159153305,0.6794296038331583,0.9999089513852738
Il2,1.23963205475364,0.6864752243719473,2.156144434225888,0.3183809087531791,0.7501960180420123,0.9999089513852738
Il21,0.728615568054131,-1.6293742525458765,2.5895173413469554,-0.6292192859764153,0.5292055044226327,0.9999089513852738
Il21r,4.122853195190329,-0.35063087763172396,0.8929791434778611,-0.3926529305781226,0.6945758399617424,0.9999089513852738
Il22,7.315691963529363,-0.1358277305269434,0.7917759876820261,-0.17154818110181344,0.8637927488512788,0.9999089513852738
Il22ra1,0.1429859810777457,-0.969188503896664,4.42774672984595,-0.21888977916548177,0.8267359084612689,0.9999089513852738
Il22ra2,0.402752021578533,-0.007397661347697187,3.5392911556212887,-0.0020901533732108563,0.9983323001080966,0.9999089513852738
Il23a,0.8202233423943781,-3.166019463772461,2.759462145460723,-1.1473320875158657,0.2512443972524948,0.9999089513852738
Il23r,0.4702687355632052,-2.371514978794109,4.087886442234691,-0.5801323036502191,0.5618254009458133,0.9999089513852738
Il25,5.6938713910805,0.47297442122303596,0.7952084616152952,0.5947804180331405,0.5519902586448067,0.9999089513852738
Il27,0.2069686257534271,-0.969188503896664,4.42774672984595,-0.21888977916548177,0.8267359084612689,0.9999089513852738
Il27ra,1.5036917793055729,-0.26213711419465596,1.4641400195602285,-0.17903828233135238,0.8579076423606926,0.9999089513852738
Il2ra,2.823459528997022,0.8566697705630489,1.0898433687045437,0.7860485232674678,0.43183906026291097,0.9999089513852738
Il2rb,0.9501131956447959,2.1794422643833387,2.1528721220114866,1.0123417188137616,0.3113746941456813,0.9999089513852738
Il2rg,3.3496504140294174,0.6490737891624037,1.0826235913146895,0.5995378212423743,0.5488142968669819,0.9999089513852738
Il3,0.0,,,,,
Il31,0.0,,,,,
Il33,1232.0925809376909,0.09032838359622793,0.12928508485798043,0.6986759818075966,0.4847545472717374,0.9999089513852738
Il34,70.3327923913889,-0.19728333673904885,0.23415361284853303,-0.8425380857423095,0.39948683070078295,0.9999089513852738
Il3ra,0.9142267305311255,-0.6946451197222386,2.112165351259628,-0.32887819095601317,0.7422477592886992,0.9999089513852738
Il4,0.0,,,,,
Il4ra,53.75114775943649,-0.27764111526041474,0.3735705421728436,-0.7432093377747,0.45735495085866096,0.9999089513852738
Il5,0.47143456173501197,-0.8349642743831754,3.309131705622921,-0.25232125785878906,0.8007927582000128,0.9999089513852738
Il5ra,0.30450608319916533,-0.007398491186301263,3.858512348870997,-0.0019174465486591135,0.9984700999401322,0.9999089513852738
Il6ra,10.116543601633557,0.26024309145676083,0.6468052755433101,0.4023515288092837,0.6874253369976278,0.9999089513852738
Il6st,1115.0101195847149,0.0006648857549575638,0.11154894698580833,0.005960484369629712,0.9952442497064689,0.9999089513852738
Il7,5.134821346567316,0.14736160689989028,0.8417918678783943,0.17505705688425374,0.8610348007900548,0.9999089513852738
Il7r,3.0665637350080512,0.5103325237530141,1.2438627717256352,0.41028040661191245,0.6816002633644327,0.9999089513852738
Il9,0.0,,,,,
Ilf2,521.2956983436092,0.06484466263699507,0.11494446281858674,0.5641390724435101,0.5726594887181907,0.9999089513852738
Ilk,233.36244143241984,0.16847360905262693,0.167483334360739,1.005912676002467,0.31445757805437036,0.9999089513852738
Ilkap,367.35438664419365,-0.025375999235731195,0.1274851423279221,-0.19905064050882174,0.8422231316887329,0.9999089513852738
Immt,1235.1078330728037,0.011384178295569489,0.10438440370219967,0.10906014588201926,0.9131547852579303,0.9999089513852738
Impact,2566.4500872135486,0.02054811504944541,0.11205579702987475,0.1833739582787239,0.8545046076797143,0.9999089513852738
Impad1,490.30299983680794,0.06625526423531368,0.1290969999079131,0.5132207896587418,0.6077968849683557,0.9999089513852738
Ina,821.3167857636671,0.028528726102599215,0.22094519874226,0.12912127652015165,0.8972616867069856,0.9999089513852738
Ing3,337.59643737638197,0.0490195910290697,0.1624843363193384,0.30168810200097756,0.7628898391604634,0.9999089513852738
Inha,46.76644285327409,-0.17705054384385024,0.3036551287903022,-0.5830645592886317,0.5598498407297134,0.9999089513852738
Inhba,11.647861959452582,-0.3731848319338282,0.6657759415547856,-0.5605261599905972,0.5751206012848322,0.9999089513852738
Inhbb,18.201549397422806,0.19014398925654397,0.46798912678014415,0.40630001505541685,0.684522174336196,0.9999089513852738
Inka2,22.876714305742862,-0.32694345516752543,0.44722437677371496,-0.7310501666436469,0.46474851128871997,0.9999089513852738
Ino80d,600.859653864326,0.054666453962618385,0.12114032097825819,0.4512655532127054,0.6517981685018224,0.9999089513852738
Inpp1,285.89332359246123,-0.13282076022903966,0.1358143934271651,-0.9779579091539303,0.328095142074069,0.9999089513852738
Inpp4b,203.68502696279577,0.23847788354936073,0.23992182953396052,0.9939815981421757,0.3202318263864622,0.9999089513852738
Inpp5b,237.85495191035827,-0.0012517045867894028,0.148080586592863,-0.008452860807682207,0.9932556731816843,0.9999089513852738
Inpp5d,32.7788213646909,0.3266158938410325,0.3648344227003472,0.8952441806986369,0.370656572033782,0.9999089513852738
Inpp5e,118.57688688026047,0.07967317424324342,0.22038600858375262,0.36151648081128285,0.7177133869853051,0.9999089513852738
Ins1,0.15675624518773507,-0.969188503896664,4.42774672984595,-0.21888977916548177,0.8267359084612689,0.9999089513852738
Insm1,3.8632559350830094,-0.40716169010918946,0.9750968724667999,-0.4175602461724156,0.6762686674055802,0.9999089513852738
Insr,444.9243979758907,0.016420759045266867,0.13653873340903772,0.12026447466796224,0.904273644920786,0.9999089513852738
Insrr,0.9099202188356182,-0.00934722025782939,2.021955887951582,-0.004622860623976787,0.9963115040190998,0.9999089513852738
Ints11,172.94170439115024,-0.016240014239747927,0.2416750592513542,-0.06719772528474895,0.9464242959931477,0.9999089513852738
Ints4,382.59353752915905,0.09862182649985442,0.13901943533933178,0.7094103515751516,0.47806986582698907,0.9999089513852738
Invs,157.0670948007665,0.1430188509664187,0.2003666664962624,0.7137856484181542,0.47535973539353893,0.9999089513852738
Ipmk,207.68695595667387,0.06979174447868146,0.16394653118811495,0.42569820765894245,0.6703277682613782,0.9999089513852738
Ipo9,323.2613221616111,0.04566269408790627,0.14165853677157308,0.32234339792410943,0.747192559379994,0.9999089513852738
Iqgap1,246.51272266206288,0.10456733495769177,0.15866686256193638,0.659037011694067,0.5098720018546494,0.9999089513852738
Iqgap2,30.803367628636497,-0.21172704371168397,0.44436080492013474,-0.4764755157686281,0.6337356464963666,0.9999089513852738
Iqgap3,1.978623819556005,1.01981976847334,1.3706759222488907,0.7440269081258135,0.4568601963813961,0.9999089513852738
Irak1,187.03178311082354,-0.16886476160156252,0.18105558451392567,-0.9326680646438413,0.3509913785012341,0.9999089513852738
Irak2,421.131988065201,0.17453150900272657,0.20435576406277633,0.8540571870001767,0.39307330408561436,0.9999089513852738
Irak3,4.653485027660732,0.7466690528116371,0.9376730831496383,0.7962999751508065,0.4258577000295042,0.9999089513852738
Ireb2,467.0380807608927,0.0508751379228256,0.13505049173164982,0.37671197839039583,0.7063876601157211,0.9999089513852738
Irf1,90.20747213985032,-0.021895406949764485,0.2771368476839183,-0.07900575882546215,0.9370280425038353,0.9999089513852738
Irf3,623.2553388817481,0.12725618154876758,0.13036404685057512,0.9761601041323164,0.32898513032136245,0.9999089513852738
Irf4,8.93249210555636,-0.5989347444723392,0.6479008277258551,-0.924423490203913,0.35526586922795034,0.9999089513852738
Irf5,15.831178204400596,0.2434555953082401,0.5346540875261504,0.4553516020698756,0.6488563079707261,0.9999089513852738
Irf7,2.50721344154241,0.8762974737326552,1.2717852034422974,0.6890294613908158,0.49080472778696727,0.9999089513852738
Irf8,11.301142316514557,0.23510701774174445,0.6097263900206745,0.38559429539169604,0.6997971587376143,0.9999089513852738
Irf9,225.1149530401871,0.4057994591469925,0.22577006061450708,1.7974015599875224,0.07227189327393559,0.9999089513852738
Irgm1,291.1714820941379,0.12552233136712693,0.17295738464300475,0.7257413820532332,0.46799732790643367,0.9999089513852738
Irgm2,158.27111345572868,0.3904652574157218,0.1982616690145403,1.9694440148543566,0.048902125576783244,0.9999089513852738
Irs1,273.2331526798104,-0.06795293891809603,0.17515403030544463,-0.38796103520767067,0.6980448689709875,0.9999089513852738
Irs2,610.7261793614714,0.046910074258982325,0.12147974371243865,0.3861555254020434,0.6993814895444967,0.9999089513852738
Irx2,299.18579897883336,0.08619795157170164,0.28761611802335535,0.2996979173632477,0.7644075873336844,0.9999089513852738
Irx3,233.86104383337897,-0.5435686633616258,0.6678286499205714,-0.8139343279541472,0.4156825737828297,0.9999089513852738
Irx4,0.15675624518773507,-0.969188503896664,4.42774672984595,-0.21888977916548177,0.8267359084612689,0.9999089513852738
Irx5,209.39155037926125,-0.5727752453092227,0.5966687222170006,-0.9599552045915888,0.3370777604405013,0.9999089513852738
Irx6,1.1111759525280382,0.8679404236512019,1.9795513843564079,0.43845309119540077,0.661057867524169,0.9999089513852738
Isca1,494.4610807679596,0.028638993012639065,0.19091408159740628,0.1500098514107099,0.880756842909447,0.9999089513852738
Isg15,39.27621653621008,0.686306474589522,0.38416535523346296,1.7864871603855152,0.07402041431054403,0.9999089513852738
Isg20,23.18044546484906,0.20335298548384703,0.4549688412006192,0.4469602466560522,0.6549037630475427,0.9999089513852738
Isl1,24.69533456282211,0.9784625442630873,0.4354226481209634,2.247155834648417,0.024630069625153864,0.9999089513852738
Isl2,0.990102209053851,2.090115665123684,2.748117081666246,0.7605628155611184,0.4469182367513109,0.9999089513852738
Itch,689.3791272476652,0.010215251384519258,0.10924292344789137,0.09350950214538986,0.9254988011520208,0.9999089513852738
Itga1,59.15664978393472,-0.02395808945418902,0.3060234337819469,-0.07828841457697011,0.9375986330056733,0.9999089513852738
Itga11,1.362884620979843,-0.07611628002312587,1.5419874775691322,-0.04936245016925783,0.9606304520866754,0.9999089513852738
Itga2,3.986134880500716,-0.27180391470432713,0.9850659610660902,-0.2759245831722443,0.7826059919521956,0.9999089513852738
Itga2b,4.187937704584931,-0.4356680071053721,0.9179036181989209,-0.4746337180370037,0.6350480688621376,0.9999089513852738
Itga3,63.016837884407096,0.23910196686621388,0.2532964192087738,0.9439611014364144,0.3451895263305468,0.9999089513852738
Itga4,13.90947072118491,-0.3076456329215769,0.5829509325665192,-0.5277384694576711,0.5976808688179396,0.9999089513852738
Itga5,35.39179055541724,0.22910292158125337,0.38691772181244527,0.5921231018007205,0.5537681581947039,0.9999089513852738
Itga6,291.24847667195473,-0.13168850556670603,0.14573766384878103,-0.9035996741607403,0.36620771413154896,0.9999089513852738
Itga7,572.6394465840364,-0.011751854376423189,0.18889759528547953,-0.06221283208323906,0.950393343761055,0.9999089513852738
Itga8,9.0183663478439,-0.32590031371909134,0.6176868440049595,-0.5276141411819913,0.5977671760121361,0.9999089513852738
Itga9,7.696259094802278,0.9335654333922898,0.711050535773235,1.3129382321287193,0.18920376263555927,0.9999089513852738
Itgae,3.0195817851196765,-1.0209463983650584,1.086267243419035,-0.9398666898503,0.3472859454149628,0.9999089513852738
Itgal,2.70769246615419,0.1381155163892801,1.1286151709116528,0.12237609412756308,0.9026011703173822,0.9999089513852738
Itgam,69.07757367845547,0.07188382721233436,0.31586050332967536,0.2275809303618646,0.8199720463222492,0.9999089513852738
Itgav,1242.9012177958703,-0.02059526979867676,0.10149344935654112,-0.20292215831907207,0.8391958747435708,0.9999089513852738
Itgax,0.6807348398320526,1.4165665688977367,2.9802932065101313,0.47531114247531037,0.6345652182838073,0.9999089513852738
Itgb1,855.8639768406871,0.0554112948182938,0.10775937188245248,0.5142132312977686,0.6071029180838183,0.9999089513852738
Itgb2,14.693577254371547,0.7514479103810668,0.5375232241098202,1.3979822204436327,0.16211840634699237,0.9999089513852738
Itgb3,10.046585855586867,-0.27141065283296945,0.645242767535918,-0.4206333902345695,0.6740228076478332,0.9999089513852738
Itgb4,14.159847906228952,-0.6583280816897816,0.5363068593305632,-1.2275212786044347,0.21962672918615445,0.9999089513852738
Itgb5,982.1679238172043,-0.07387833370408958,0.12818553411982544,-0.5763390870223273,0.5643860080033516,0.9999089513852738
Itgb6,0.924398963879237,-0.6675228025684126,2.107839756791918,-0.3166857444535378,0.7514820667504474,0.9999089513852738
Itgb7,1.0844998579907952,-0.310503430352452,2.2210676138574805,-0.13979917964459415,0.8888186614796133,0.9999089513852738
Itgb8,1732.940917889612,-0.01726244016239453,0.1003646839487828,-0.17199715560509055,0.8634397651743169,0.9999089513852738
Itih5,1475.9239046636876,0.20494798428753688,0.15570121544712648,1.3162902017109417,0.18807665827998266,0.9999089513852738
Itk,2.4270777466046005,0.0686454620732256,1.3116278493991331,0.052336081537665294,0.9582609037899947,0.9999089513852738
Itln1,0.3009080524372876,-0.0073985309041374155,3.8731274042225183,-0.0019102214133393778,0.998475864753496,0.9999089513852738
Itpa,83.29805556266224,0.14443938805341058,0.2329389415746039,0.6200740291727935,0.5352090496238684,0.9999089513852738
Itpkb,1670.379897033943,0.0076219890754233455,0.14260696506523352,0.05344752321134368,0.9573753412501187,0.9999089513852738
Itpr1,657.4203339275223,0.04926150204311729,0.2137234959768275,0.2304917473765185,0.8177096755145218,0.9999089513852738
Itpr2,606.3587901576801,0.009043669778522277,0.13317668691403234,0.06790730410916522,0.9458594243391232,0.9999089513852738
Itpr3,5.016893432325858,-0.42168935239685995,0.9571586847463244,-0.440563679896631,0.6595289016601393,0.9999089513852738
Itsn1,1583.2170282755833,0.15162880432129647,0.10758273376151238,1.4094157958230051,0.15871225602537486,0.9999089513852738
Itsn2,528.5209422951754,0.010950113859955719,0.12001239033379783,0.09124152789140767,0.9273006780647236,0.9999089513852738
Ivd,2334.216381262704,-0.050682220031721494,0.10898000615577803,-0.46505980151327386,0.6418886319726034,0.9999089513852738
Izumo1r,0.1429859810777457,-0.969188503896664,4.42774672984595,-0.21888977916548177,0.8267359084612689,0.9999089513852738
Jade1,131.61068698035876,0.1036098058149431,0.19233168919564755,0.5387037687250125,0.5900912728682519,0.9999089513852738
Jade2,293.19115571174206,-0.028993368141492497,0.13852571693245005,-0.20929953501435886,0.8342144147439681,0.9999089513852738
Jade3,28.15942000231691,-0.044308269012346496,0.38052138694411836,-0.11644094269753466,0.9073030884833782,0.9999089513852738
Jag1,545.3637416465659,-0.5242155786907324,0.14626603195000176,-3.5839871479519285,0.00033838874289852976,0.21238123476168974
Jag2,112.60368856420524,-0.002383869978243825,0.1971341801024505,-0.012092626337071173,0.9903517152940364,0.9999089513852738
Jak1,832.714983082025,0.04144130189722045,0.11709012989608132,0.3539265174101354,0.7233939536243227,0.9999089513852738
Jak2,393.7071712617851,0.2568881579608551,0.139518282664098,1.8412508601423585,0.06558480522715252,0.9999089513852738
Jak3,36.52916054746314,0.16785120874218776,0.3792459970152542,0.44259190621183114,0.658060940150168,0.9999089513852738
Jam2,1389.378591942757,-0.09235290020656434,0.1035959928580416,-0.891471741895618,0.3726761448133582,0.9999089513852738
Jam3,249.36780365408296,0.0069574757798988515,0.14482048916037468,0.04804206794381228,0.9616827159244983,0.9999089513852738
Jaml,4.929523064519202,-0.11310924299376277,0.8518808769290086,-0.13277589162644007,0.8943706212161335,0.9999089513852738
Jarid2,258.19210441088757,0.1610054321829974,0.1500987582464263,1.0726633188974484,0.2834222039062988,0.9999089513852738
Jazf1,24.568017083180223,0.061414653105126484,0.4085855656209574,0.1503103836078745,0.8805197411279415,0.9999089513852738
Jchain,6.923170698959098,-0.21516197672445858,0.718418690682035,-0.2994938460192249,0.7645632668416555,0.9999089513852738
Jmjd6,485.36664716249544,0.13968219677111088,0.15507401405673027,0.9007453480891477,0.36772373147516213,0.9999089513852738
Jph2,9.41123470091903,-0.1892633776533553,0.6126693964836298,-0.30891599733823544,0.7573854274759737,0.9999089513852738
Jpt1,206.63798946245947,0.0557350144488602,0.17457382655433978,0.3192632913474661,0.7495268664731544,0.9999089513852738
Jun,1275.8468111918924,-0.0008196029116342879,0.1904837538958336,-0.0043027444329057545,0.996566917241033,0.9999089513852738
Jup,506.7523940104711,-0.317260879917504,0.1317168988587314,-2.4086573755260643,0.016011321481714906,0.9999089513852738
Kansl2,750.7614701215629,0.03235300438451086,0.10745592607646381,0.3010816207706312,0.7633522556587925,0.9999089513852738
Kat14,288.54044184305184,-0.0013785217535167101,0.14448158512169734,-0.009541158842876594,0.9923873721682379,0.9999089513852738
Kat2a,705.9300787752671,0.006593239917636514,0.12456865076832156,0.052928564907545814,0.9577888247840999,0.9999089513852738
Kat2b,188.9885844719836,-0.11429516148815651,0.17528582165935314,-0.6520502366145471,0.5143687650752264,0.9999089513852738
Kat5,593.3443447811692,0.026003928920633582,0.11584673362078453,0.22446838255928273,0.8223928662879492,0.9999089513852738
Kat6a,317.78106162932204,0.012482627481846184,0.16892729773380766,0.07389348938450473,0.9410951364060126,0.9999089513852738
Kat6b,142.24543210748195,-0.000691166255905215,0.18560516917130387,-0.0037238524066498637,0.9970288025249976,0.9999089513852738
Kat8,205.85003139659588,0.015794992740286024,0.19626739427417253,0.08047690651164129,0.9358579625854927,0.9999089513852738
Katna1,129.35018331604735,-0.0691856415201036,0.1974841788393287,-0.35033511001604034,0.7260872188041974,0.9999089513852738
Katnal2,71.97953460546925,-0.1642443235113633,0.28980957011763714,-0.5667318834388202,0.5708963555589333,0.9999089513852738
Kcna10,1.2370470205719715,-0.23524597785600287,1.9008993685147186,-0.12375509285366011,0.9015091891030382,0.9999089513852738
Kcna4,80.23639183457651,0.14852091996817018,0.24835832107335726,0.5980106457729748,0.5498328297322772,0.9999089513852738
Kcnab2,1073.3752803717243,-0.06229705112497679,0.2418617569566679,-0.2575729702324869,0.7967364926006394,0.9999089513852738
Kcnab3,174.00726877968725,-0.06499905467456264,0.29082622551654846,-0.22349791377691314,0.8231480066336343,0.9999089513852738
Kcnc1,430.89845450661625,-0.0859149887914514,0.18713242580369085,-0.4591133173337877,0.6461527938295919,0.9999089513852738
Kcnc2,464.3224155571611,0.10926460901692098,0.22691211797331812,0.4815283114574298,0.6301410630906469,0.9999089513852738
Kcnc4,669.8355022041541,-0.3257626994834071,0.1162479671268888,-2.802308784701805,0.005073828432946589,0.9999089513852738
Kcnf1,93.22061941435466,-0.016158331993440012,0.24501850064979414,-0.06594739560722061,0.9474197064456232,0.9999089513852738
Kcng1,17.756194699014248,0.6915613961398244,0.5191013906177494,1.3322279782699895,0.182785285427586,0.9999089513852738
Kcng2,44.47027322495021,-0.12209076548232378,0.3282366611966859,-0.3719595642887818,0.7099229557418281,0.9999089513852738
Kcnh1,63.65108123115308,0.002838145399733153,0.3101529262459593,0.00915079355879567,0.9926988249969277,0.9999089513852738
Kcnh2,107.44613505000864,-0.02871837920467198,0.21236628851874392,-0.13523040499969574,0.8924297081753797,0.9999089513852738
Kcnh5,114.43833476601144,-0.000504802225557155,0.2266289147816693,-0.0022274396276550745,0.9982227617805978,0.9999089513852738
Kcnh8,24.242094441341834,-0.11749890163690258,0.4282637377660632,-0.2743610800433581,0.7838071494380485,0.9999089513852738
Kcnip3,2693.9936438276486,-0.18684949422515426,0.12211878219941864,-1.5300635238896427,0.12600100590448537,0.9999089513852738
Kcnj10,5722.818477999054,-0.16260299769417083,0.14515044117155035,-1.1202377091089488,0.2626124786155264,0.9999089513852738
Kcnj11,79.15851107549126,-0.09724410388732513,0.24048579147002797,-0.40436527785237064,0.685944129420718,0.9999089513852738
Kcnj2,14.80323819734208,0.20040380078741313,0.5333626649912628,0.37573646215131307,0.7071128279243244,0.9999089513852738
Kcnj3,165.77984948880498,-0.05291169874355479,0.21920037508703188,-0.24138507391945194,0.8092566800668181,0.9999089513852738
Kcnj5,13.490726440621458,-0.47301801752393213,0.572951545010638,-0.8255811885718006,0.4090417098114857,0.9999089513852738
Kcnj6,39.23832124513141,0.03289812846682102,0.3421684689380627,0.09614599664581028,0.9234046204510777,0.9999089513852738
Kcnj8,13.28467143030039,-0.3266558895208166,0.5631690489327801,-0.5800316799011557,0.5618932543388186,0.9999089513852738
Kcnj9,86.69664693592124,-0.1601326339444202,0.2882075297270682,-0.5556157193258116,0.5784735831366066,0.9999089513852738
Kcnk10,75.47240185576035,0.11469330635146237,0.29826740240626537,0.3845318175106524,0.7005843182494758,0.9999089513852738
Kcnk18,0.30450608319916533,-0.007398491186301263,3.858512348870997,-0.0019174465486591135,0.9984700999401322,0.9999089513852738
Kcnk2,200.69988195836063,-0.08116365251499771,0.22619387639042626,-0.3588233855407458,0.719727216990713,0.9999089513852738
Kcnk5,3.0115926412177036,-0.4008648910825375,1.0928320637472535,-0.36681289319787763,0.7137585896507601,0.9999089513852738
Kcnma1,601.0311730575072,-0.17438019896680798,0.164958937269168,-1.0571127691145772,0.2904601242301187,0.9999089513852738
Kcnmb2,10.843759302158917,0.5191107002874809,0.6543531189151439,0.7933189057738698,0.42759204460393985,0.9999089513852738
Kcnn2,1929.2525674787146,-0.033505185060271975,0.19813992543775494,-0.1690986053731888,0.8657190818847822,0.9999089513852738
Kcnn4,2.830338247229836,0.637436308178949,1.1308120432491398,0.563697841727451,0.5729597864833735,0.9999089513852738
Kcnq1,7.29140345261039,-0.020025860042557558,0.8293954789015819,-0.024145128050467556,0.9807368468234237,0.9999089513852738
Kcnq3,335.11027138284413,0.27695393440845445,0.18790058432926815,1.473938654299943,0.14049810900513177,0.9999089513852738
Kcns2,90.98373128580539,-0.16663225580884314,0.2333463091407611,-0.7140985277308409,0.4751662562876945,0.9999089513852738
Kcns3,69.04559300904835,-0.3886197255924814,0.28510150994617417,-1.3630924847288637,0.17285336499152715,0.9999089513852738
Kcnt2,157.06809166909804,0.04258480728516041,0.243437932293771,0.17493086177617873,0.8611339599653174,0.9999089513852738
Kctd15,81.95148822153293,-0.0713136755578113,0.23856452915826062,-0.2989282430604037,0.7649947969812456,0.9999089513852738
Kdf1,0.30450608319916533,-0.007398491186301263,3.858512348870997,-0.0019174465486591135,0.9984700999401322,0.9999089513852738
Kdm1a,355.35790068792716,0.1703632254456527,0.1481575873887628,1.1498785073937705,0.25019391423801773,0.9999089513852738
Kdm1b,89.32998523986858,-0.012373707033912992,0.21186931537309175,-0.05840254409716425,0.953427988336848,0.9999089513852738
Kdm2a,565.769799171568,0.07827901167580154,0.11843696403102799,0.6609339602397616,0.5086546660448122,0.9999089513852738
Kdm2b,29.575176286915063,-0.10669884527426567,0.360140658668235,-0.2962699231706511,0.7670239532483704,0.9999089513852738
Kdm4a,523.1552440100555,0.03294835705655979,0.13025431507264373,0.25295405406096727,0.8003037182644529,0.9999089513852738
Kdm4b,431.3402168632735,0.0010192122791727763,0.13153743260817874,0.007748458054588818,0.993817686811184,0.9999089513852738
Kdm4c,527.727817007634,0.0022443111133562,0.1277940319804134,0.01756193993237633,0.9859883195250435,0.9999089513852738
Kdm5a,511.94846312991234,0.018608576959770303,0.14420119592385858,0.12904592670365955,0.8973213083620856,0.9999089513852738
Kdm5b,1392.6293982014251,0.183757117121138,0.14822842267921638,1.2396888113611642,0.21509051711882876,0.9999089513852738
Kdm5c,558.3725421232167,-0.036711386761461975,0.178291188644958,-0.2059069045446075,0.8368636319708762,0.9999089513852738
Kdm6a,412.2570645679659,-0.16561094937322063,0.2697723052677679,-0.613891589831062,0.5392869680823034,0.9999089513852738
Kdm6b,226.86495146356256,0.030727457205982422,0.1643715450914553,0.1869390300424922,0.8517084370300001,0.9999089513852738
Kdm7a,224.7218304118663,0.07322141101949478,0.1855572512104636,0.394602800708905,0.6931360462667786,0.9999089513852738
Kdm8,95.4305752500104,0.15406480373361225,0.23933174830067727,0.643729069910347,0.5197511358727478,0.9999089513852738
Kdr,133.7370788669397,-0.44172164051375334,1.069978873466335,-0.41283211422926414,0.6797296209047747,0.9999089513852738
Keap1,267.3425257666061,-0.047925239998295496,0.13853621878026118,-0.3459401477841111,0.7293876957050252,0.9999089513852738
Khdrbs1,1429.8527578864778,0.027103182615938,0.09312617801268874,0.29103720558836965,0.7710228645690269,0.9999089513852738
Khdrbs2,67.3826861216521,-0.07391185764928582,0.28800448550040286,-0.2566343976235829,0.7974610186245512,0.9999089513852738
Khsrp,629.2307430069212,0.04489026973403999,0.11693662814935386,0.38388544671140357,0.7010633533281068,0.9999089513852738
Kif19a,37.40745816043246,0.13075074364516723,0.33854966920160406,0.38620845193414155,0.6993422947028243,0.9999089513852738
Kif1b,4891.106962816978,0.04321746347085606,0.09033340462586287,0.4784217272652503,0.6323500723594677,0.9999089513852738
Kif1c,1569.7174825573456,-0.024821650978892065,0.11106566801224578,-0.2234862619847143,0.8231570741128107,0.9999089513852738
Kif20a,3.174923088991673,-0.5129206635837021,1.1278794334410025,-0.4547655080639718,0.6492779470510004,0.9999089513852738
Kif20b,6.443285381389814,-0.42117867964049505,0.7548067431835526,-0.5579953854997207,0.5768475352069244,0.9999089513852738
Kif21b,427.3463505053239,-0.42213594620751566,0.18992232903170714,-2.2226767561229774,0.026237604345122144,0.9999089513852738
Kif24,34.89473290375997,0.09742839792271771,0.36523048064709085,0.2667586718121133,0.7896549765702362,0.9999089513852738
Kif2b,0.7024942478440139,-1.494675627761482,2.371186260278439,-0.6303493119878183,0.5284660664405209,0.9999089513852738
Kif2c,1.428587866154457,1.6393824150799647,1.8739869433846053,0.8748099451104384,0.38167732506872154,0.9999089513852738
Kif3a,177.92328259504964,0.016189719785442203,0.1680920941174474,0.09631458201794016,0.9232707301530932,0.9999089513852738
Kif3b,245.8058743209225,-0.09463646392302731,0.18398756956721907,-0.5143633569682667,0.6069979732134061,0.9999089513852738
Kif4,7.342274895671782,0.30079917287123376,0.7111560232402313,0.42297212291151837,0.6723156003626536,0.9999089513852738
Kif5a,5938.248693478185,0.17360657696898793,0.2347950485344027,0.7393962438843795,0.4596664224284758,0.9999089513852738
Kif5b,4004.107264973459,-0.017265970452468294,0.1747309605847407,-0.09881460271658425,0.921285473949027,0.9999089513852738
Kif5c,2820.293454874359,0.04018458138731433,0.1850214281940917,0.21718879688443324,0.8280612151071871,0.9999089513852738
Kifap3,604.4142740221181,-0.07532109554357083,0.13683986449424101,-0.5504324037586339,0.5820228284260007,0.9999089513852738
Kirrel,30.862383372048367,0.08614679069531202,0.35265848239749237,0.244278232327369,0.8070153409811367,0.9999089513852738
Kiss1,0.3648906971129689,-0.007397932673110196,3.6467602450555323,-0.002028631490962615,0.9983813873639943,0.9999089513852738
Kiss1r,25.60087697518122,-0.5376537192059214,0.4290660654988079,-1.253079100023619,0.21017692131255217,0.9999089513852738
Kit,29.372090648133646,-0.6949672666213662,0.4516788495034312,-1.5386314134155332,0.12389430504218231,0.9999089513852738
Kitl,223.93132393524442,-0.1476286195861742,0.2043942567770987,-0.7222738149006309,0.4701261485692456,0.9999089513852738
Kl,17.957890878239578,-0.5965215037494485,0.45132346532599005,-1.3217161295138558,0.18626269558257513,0.9999089513852738
Klb,0.738227883366087,-0.572350511768729,2.4228039937665518,-0.23623475660486198,0.8132505107631531,0.9999089513852738
Klc1,2547.6320314870927,-0.08547973569427628,0.10410498299529221,-0.8210916829806485,0.4115940470817857,0.9999089513852738
Klc2,955.6652587668885,-0.05160173992396384,0.17305237322078235,-0.29818568196189776,0.7655614491470761,0.9999089513852738
Klc3,16.729792687815742,-0.18608532714372153,0.505859967414551,-0.36785936648595297,0.7129780998219104,0.9999089513852738
Klf1,6.537783849094924,0.17027996460848932,0.7265572212406454,0.23436552501360433,0.8147012204332448,0.9999089513852738
Klf10,11.826577586977214,-0.32987787378495576,0.5906553714394795,-0.5584946649702247,0.576506646556296,0.9999089513852738
Klf11,70.06534712176624,-0.003345759988890278,0.239730119462248,-0.013956360579118464,0.9888647968559097,0.9999089513852738
Klf12,675.801710853102,-0.0640020832606316,0.11896494264279588,-0.5379911244340633,0.5905831761183242,0.9999089513852738
Klf15,801.7237036138104,0.3192388107796469,0.14308135523859075,2.2311698840656797,0.025669878038426224,0.9999089513852738
Klf17,0.9991597500386812,0.947734640464521,1.8672956840319388,0.5075439570545864,0.6117732019442713,0.9999089513852738
Klf4,36.46462899617506,0.1720561713128723,0.4782587793939283,0.35975538500497545,0.7190300698986356,0.9999089513852738
Klf5,34.70796653527214,-0.27056173130639716,0.3358861611190946,-0.805516161800023,0.42052188380232547,0.9999089513852738
Klhl18,140.12521830488797,0.10053906943390865,0.18665667906448974,0.5386309771383669,0.5901415086601336,0.9999089513852738
Klhl21,114.98942135300057,0.17982021318380703,0.191399914141906,0.9394999678551911,0.3474741087373734,0.9999089513852738
Klhl22,220.00647851896477,0.17583931977109382,0.14841025389390786,1.1848192099771884,0.236088935616786,0.9999089513852738
Klhl3,204.76780087059538,0.05142745089102203,0.2420620645967705,0.21245564015448026,0.8317515818037194,0.9999089513852738
Klhl36,202.51931801498202,0.051284475171254985,0.22284161156070642,0.2301386837587292,0.8179840062258524,0.9999089513852738
Klhl41,7.437553351589037,-0.6817206788368207,0.7427547897581193,-0.9178273748444296,0.35870924815415317,0.9999089513852738
Klk1b4,0.0,,,,,
Klk5,0.0,,,,,
Klk6,2.68429534371729,-1.9633072367540425,1.4790698188091813,-1.3273932114541604,0.18437864414000793,0.9999089513852738
Klk8,21.316089477192218,-0.3291180164072553,0.419639303897711,-0.7842878713941422,0.43287121456335487,0.9999089513852738
Klra8,0.31351249037547013,-1.7893730335375646,4.331484305688511,-0.4131085113681683,0.6795271137646823,0.9999089513852738
Klrb1,0.5114747089525924,-0.9894265551377147,2.8504712681314865,-0.3471098152083091,0.7285088199405463,0.9999089513852738
Klrb1c,0.3637248709411622,-1.9662472611427244,3.7931357017426244,-0.518369870141846,0.6042002323770836,0.9999089513852738
Klrc1,0.3387693769028517,-0.007398151907015832,3.7313212835751735,-0.0019827164011798192,0.9984180222315505,0.9999089513852738
Klrd1,0.15675624518773507,-0.969188503896664,4.42774672984595,-0.21888977916548177,0.8267359084612689,0.9999089513852738
Klrg1,0.9958151011148582,0.14834015891565727,1.9961135458239805,0.07431448938663636,0.9407601480482966,0.9999089513852738
Klrk1,0.15792207135954184,0.9543856482214617,4.427724182917884,0.21554767388254945,0.8293403470759629,0.9999089513852738
Kmt2a,422.821123090791,0.03283704295640978,0.1227436277105508,0.2675254395596389,0.789064629785597,0.9999089513852738
Kmt2b,387.5661693797958,0.09099050814292782,0.16474268569949932,0.5523189558102752,0.5807298455892802,0.9999089513852738
Kmt2c,703.7962394422743,-0.009303556542091737,0.10614152332063777,-0.08765237440569866,0.93015297357762,0.9999089513852738
Kmt2d,405.2253294388675,0.08450548771547492,0.13683834924617022,0.6175570531288036,0.5368673618367492,0.9999089513852738
Kmt2e,1149.4077732000362,0.002454551161066393,0.11673313066932957,0.021027031032170383,0.9832240927945302,0.9999089513852738
Kmt5b,830.5648640372641,0.09628220709564918,0.12700508559525547,0.7580972576364767,0.448392761315321,0.9999089513852738
Kmt5c,114.647638207181,-0.10498562221425412,0.21217461941372523,-0.4948076377106147,0.6207359125043465,0.9999089513852738
Kndc1,210.1058964586996,-0.09571072205325809,0.20344919045985185,-0.4704404172704014,0.638040393734054,0.9999089513852738
Knl1,5.0007906388573495,0.011100920729121212,0.8204903912535082,0.01352961697962328,0.9892052568299735,0.9999089513852738
Knstrn,7.945993780917097,0.572796233179153,0.6721183466408082,0.852225260688004,0.39408907889290223,0.9999089513852738
Kpna2,110.28330368190639,0.14706589938866946,0.21186316185677237,0.6941551239950419,0.48758493201754616,0.9999089513852738
Kpnb1,1704.1894796957977,0.015890850416801227,0.09615545923328779,0.16526207189388598,0.8687377105307349,0.9999089513852738
Kras,440.55973065058726,0.0022260584459673017,0.175125899468722,0.012711189222841833,0.9898582114791695,0.9999089513852738
Kremen1,39.32775028647243,0.12839224579478037,0.3381582547931227,0.3796809451637599,0.7041822663857848,0.9999089513852738
Kremen2,5.844359969880102,0.40871886003158253,0.7662164828688364,0.5334247815986339,0.5937395666947554,0.9999089513852738
Krit1,315.6091927920597,0.15247202727436987,0.14717980252800164,1.0359575475402705,0.30022194817135217,0.9999089513852738
Krt2,0.8730207571417382,-1.9184152114324076,2.4680925827476288,-0.777286567304016,0.4369897183523529,0.9999089513852738
Krt20,1.8813866110627233,-0.5791795716708104,1.6438845783054146,-0.35232374542247547,0.7245954821251445,0.9999089513852738
Krt28,7.1327840536529585,-0.243072940417882,0.7251164720946536,-0.33521916791617484,0.7374597638012603,0.9999089513852738
Krt40,0.1429859810777457,-0.969188503896664,4.42774672984595,-0.21888977916548177,0.8267359084612689,0.9999089513852738
Krt71,0.859250493031749,-1.8936463307660885,2.2397841637169917,-0.8454592908736005,0.3978544526157328,0.9999089513852738
Krt76,0.39156679165021196,2.0604664965273884,4.308718898807982,0.4782086148849074,0.6325017315109325,0.9999089513852738
Krt78,0.19578339582510598,0.9543856482214617,4.427724182917884,0.21554767388254945,0.8293403470759629,0.9999089513852738
Krt79,1.1547501690546096,-0.42884870225566707,1.7394822560530616,-0.24653812981613152,0.8052656917770992,0.9999089513852738
Krt82,0.1429859810777457,-0.969188503896664,4.42774672984595,-0.21888977916548177,0.8267359084612689,0.9999089513852738
Ksr2,97.32992263456634,-0.009942086975756673,0.2314534655297156,-0.042955014533926854,0.9657373939305982,0.9999089513852738
Kyat1,232.39938298137554,0.09860942196823215,0.18117523161518412,0.5442765056190373,0.5862512118943217,0.9999089513852738
L1cam,237.88611045141602,-0.05984530158008063,0.15873572179681197,-0.3770121866877892,0.7061645483833788,0.9999089513852738
L3hypdh,31.74374812512212,0.00270839594796929,0.352377011767143,0.007686074453003894,0.9938674602415475,0.9999089513852738
L3mbtl2,153.1343865604733,0.03151537957228959,0.1728128021452797,0.18236715787870478,0.8552945978056795,0.9999089513852738
Lacc1,44.91828254725751,0.023363550226781306,0.3239511434676525,0.07212059811455558,0.9425059339840048,0.9999089513852738
Lag3,38.7503419858484,0.303166889740675,0.3451318241002148,0.8784089688948692,0.3797218188603644,0.9999089513852738
Lama1,11.833213730464813,-0.278236978055344,0.5542971201744554,-0.5019636002578792,0.6156931257186175,0.9999089513852738
Lama2,452.3416640477806,0.11208643768106806,0.1312323280510453,0.8541069060168613,0.39304575779001305,0.9999089513852738
Lama3,5.4750644936269905,-0.7714825869524187,0.9075254900806343,-0.8500946754496911,0.3952724516751489,0.9999089513852738
Lama4,9.656318032976078,-0.318844041069554,0.6256043606096584,-0.5096576385094838,0.6102913356305918,0.9999089513852738
Lama5,159.6331711328002,0.08111885799730777,0.1738429426487912,0.46662151917889094,0.6407706881888469,0.9999089513852738
Lamb1,12.242443696639237,-0.2794166261563867,0.6174173580370715,-0.4525571277178276,0.6508676760520166,0.9999089513852738
Lamb2,622.2307472785106,0.032003442909655996,0.14377207864187763,0.22259845730806663,0.8238480372180919,0.9999089513852738
Lamb3,11.174982898119767,0.8612512492919259,0.87201606973267,0.9876552499267081,0.3233215177719134,0.9999089513852738
Lamc1,373.420839279416,-0.23650121495758294,0.13280590994115635,-1.7808033924271285,0.07494457504571209,0.9999089513852738
Lamp1,2860.808641555522,0.011973234832235155,0.10693295643858525,0.11196954831330916,0.9108475516298499,0.9999089513852738
Lamp2,1942.06347617283,0.08332263529023476,0.11741923339016107,0.7096165839660185,0.4779419327092168,0.9999089513852738
Lamp3,0.14774983801143024,0.9543856482214617,4.427724182917884,0.21554767388254945,0.8293403470759629,0.9999089513852738
Lamp5,15.918395898589653,-0.6843921281370351,0.51840418107983,-1.3201902166596229,0.18677151754680077,0.9999089513852738
Lamtor1,488.59317966896464,0.019703685516958273,0.1315885283449261,0.1497371067583493,0.8809720312468516,0.9999089513852738
Lamtor2,670.3860207609126,0.00712327861944303,0.11432766819824894,0.06230581565864676,0.9503192972514221,0.9999089513852738
Lamtor3,171.07858627190217,0.08845377615917387,0.19558699191543807,0.4522477455832891,0.6510905155686502,0.9999089513852738
Lamtor4,592.8235826487836,-0.003677685304150864,0.12838280817865508,-0.028646244433546488,0.9771467294777404,0.9999089513852738
Lamtor5,133.3826064502397,0.05128868130083881,0.22865829426899348,0.22430273725606836,0.8225217464480603,0.9999089513852738
Lancl2,169.40608084750073,0.11143198788134429,0.16700074645552682,0.6672544299735763,0.5046096290458497,0.9999089513852738
Laptm4b,1338.7305462236486,-0.03301202684246389,0.1216289539266284,-0.2714158576285882,0.786071207015427,0.9999089513852738
Large1,166.96164536772423,0.11732973328446446,0.17672034287480354,0.6639288458578082,0.5067358529873754,0.9999089513852738
Large2,2.8949654113862597,-0.008966781815598924,1.1221242687798338,-0.007990899105452151,0.993624252830223,0.9999089513852738
Lasp1,357.93873878538307,-0.17589988105096566,0.13161649638940467,-1.3364577076306816,0.18139971512186015,0.9999089513852738
Lat,16.0085761980535,-0.46745921458486633,0.47243911605119554,-0.9894591677591117,0.3224385381528849,0.9999089513852738
Lats1,504.3232948469597,-0.0030250819139846976,0.12621016469766583,-0.02396860760962658,0.9808776490083309,0.9999089513852738
Lats2,178.99416825209593,0.16417610056888554,0.19390377210195972,0.8466885341588786,0.3971687512948835,0.9999089513852738
Lbh,1686.3525024315898,-0.0495802443274021,0.11628952864894904,-0.42635175241851136,0.669851552508556,0.9999089513852738
Lbr,56.75132634715652,0.0839741092845761,0.28939741934434093,0.2901688255369655,0.7716870843089403,0.9999089513852738
Lbx1,0.0,,,,,
Lck,8.74191041544803,0.38819271031765124,0.6392151096518043,0.6072958921905164,0.5436545639632385,0.9999089513852738
Lcp2,20.912165071310206,0.595623791881163,0.4278269940102223,1.392207130966896,0.16385968401438122,0.9999089513852738
Ldah,461.99238891612345,0.0054952816828185355,0.13189105070647397,0.04166531128065989,0.9667655075225284,0.9999089513852738
Ldb1,1237.9485114264057,-0.02926746488787004,0.12931671629115382,-0.22632391022035364,0.8209495031416033,0.9999089513852738
Ldb2,184.9761307658139,0.10289010164707348,0.208979573283033,0.4923452566712036,0.6224752919091173,0.9999089513852738
Ldha,1189.5796485503004,0.016886750824487005,0.17825979598641015,0.09473112392529827,0.924528395820455,0.9999089513852738
Ldhb,8512.768897398179,-0.08051524421881026,0.10453149340811238,-0.7702486742867266,0.4411523958302703,0.9999089513852738
Ldlr,232.56190369222028,-0.23032685537129,0.19009858701365023,-1.2116179240972007,0.22565867012293694,0.9999089513852738
Ldlrad4,132.0926734102414,-0.14507108149167436,0.20202435027366333,-0.7180871082874922,0.4727035785239223,0.9999089513852738
Lect2,0.643275460102017,0.11041678780665706,2.324599508634907,0.047499273486252255,0.9621153093577554,0.9999089513852738
Lef1,112.17166210145568,0.17992837873992407,0.34472751262518636,0.5219437734160653,0.6017094794324591,0.9999089513852738
Lefty1,6.342471503167264,-0.13760605574330675,0.7796300098479215,-0.17650174314114572,0.8598997793518102,0.9999089513852738
Lefty2,0.4139372515068542,-2.139667925196131,4.273053694189175,-0.5007350897803637,0.6165575733599526,0.9999089513852738
Leo1,238.81193062066902,-0.0722786525391788,0.16435873028404438,-0.43976156553574614,0.6601098072518197,0.9999089513852738
Lep,0.19578339582510598,0.9543856482214617,4.427724182917884,0.21554767388254945,0.8293403470759629,0.9999089513852738
Lepr,8.631928767069331,0.029801080608951362,0.6662845685898896,0.04472725621129382,0.9643247081184333,0.9999089513852738
Leprot,209.6042609347879,0.03231314785811568,0.15888337379613546,0.20337652131919695,0.8388407495979306,0.9999089513852738
Letmd1,385.57892896561765,0.011706023200311999,0.14123703540199745,0.08288210784794231,0.9339452809543393,0.9999089513852738
Lfng,3779.4176777624925,0.04480738336478597,0.14038296022657418,0.319179644683857,0.7495902915308901,0.9999089513852738
Lgals1,167.29895687192962,-0.058188475498367934,0.2551663163631379,-0.22804136661814514,0.819614081720913,0.9999089513852738
Lgals9,54.87164018758935,0.2068071566442731,0.27781040053397704,0.7444183379987603,0.45662342823820046,0.9999089513852738
Lgi3,290.16401837120833,0.11278334083923412,0.1705507082099926,0.6612891967611666,0.5084268682866102,0.9999089513852738
Lgr4,273.15375247192725,-0.06897750495118082,0.15898958073742156,-0.4338492159753554,0.6643979396649735,0.9999089513852738
Lgr5,12.611330074993498,-0.09931703677969365,0.5318538109205079,-0.1867374732312256,0.8518664734737386,0.9999089513852738
Lgr6,216.74922390971574,-0.1979273653665734,0.23104047964151758,-0.8566783001562215,0.39162269913256753,0.9999089513852738
Lhb,0.2859719621554914,-1.6934681068781476,4.340227900370673,-0.39017953567219793,0.6964037929598526,0.9999089513852738
Lhcgr,110.00755365592295,-0.029506208192862003,0.2146910552685522,-0.1374356661294219,0.8906864410197215,0.9999089513852738
Lhfpl5,27.160182035258362,0.31077730166269335,0.4446812939456033,0.6988764895082588,0.48462922141665565,0.9999089513852738
Lhx1,11.920005989926565,-1.3965157882187735,0.7949783063759055,-1.7566715682911116,0.07897380639585426,0.9999089513852738
Lhx2,44.23641810031118,0.44558867913438943,0.3120107949819477,1.4281194314452172,0.15325748543443285,0.9999089513852738
Lhx3,0.9315310639501057,-2.150010823685326,2.773019771550722,-0.775331948853362,0.4381435353337101,0.9999089513852738
Lhx4,0.31351249037547013,-1.7893730335375646,4.331484305688511,-0.4131085113681683,0.6795271137646823,0.9999089513852738
Lhx5,7.620609096686283,0.1007223804816988,0.7268431079914629,0.13857513316736553,0.8897858945473196,0.9999089513852738
Lhx6,14.599942428412897,-1.1472238666033674,0.8213237451637035,-1.3967986112159787,0.16247414005245953,0.9999089513852738
Lhx8,23.796691038793245,-1.4247381297303148,1.519250395122395,-0.9377901985771963,0.3483522390934838,0.9999089513852738
Lhx9,81.27621794473315,-0.3208769412350381,0.34837533273587573,-0.9210667664530492,0.3570155698773614,0.9999089513852738
Lif,25.68127172870953,0.09696264069019067,0.38613558369862955,0.2511103477214571,0.8017287958527033,0.9999089513852738
Lifr,1809.6340367892715,0.20442938494708152,0.16305421148121682,1.2537510260544908,0.2099325149502409,0.9999089513852738
Lig4,99.6689985695261,0.16598869546031028,0.21195966195105423,0.7831145508178836,0.4335598471951836,0.9999089513852738
Lilra5,1.9609541321950668,-0.0668431888907778,1.6266915290228445,-0.041091496266001074,0.9672229538760485,0.9999089513852738
Lima1,162.83948691672592,-0.0457317630888266,0.19314533539309098,-0.23677384181063935,0.8128322457920782,0.9999089513852738
Limd1,189.69167679718961,0.12348490095945662,0.16920345373281845,0.7298013027230879,0.46551164807810674,0.9999089513852738
Limk1,311.64847145421777,-0.14570879623852878,0.22896433155266452,-0.6363820742315667,0.5245274217457512,0.9999089513852738
Limk2,807.2061935146512,0.05686700152953137,0.13428964720479605,0.4234652686428415,0.6719558334567173,0.9999089513852738
Lin28a,0.5595082667662682,-0.987337961856695,2.7868451323465284,-0.3542851916659448,0.723125164331204,0.9999089513852738
Lin28b,35.44104613380321,-0.2706054932472878,0.32480945362209,-0.8331207427297742,0.4047766361759487,0.9999089513852738
Lin7c,507.2698530405991,0.012443064593571005,0.1358680368944528,0.0915819855646934,0.9270301647287511,0.9999089513852738
Lingo1,672.704124956138,-0.10810565932033525,0.16399359139909161,-0.6592066092220117,0.5097631033810158,0.9999089513852738
Lipe,280.9479659150609,0.16198980026129686,0.16419447488510258,0.9865727843440013,0.3238521176807,0.9999089513852738
Lipg,3.3407999596022186,0.7032342731971336,1.0361929227306599,0.6786711796331454,0.4973462311206077,0.9999089513852738
Lipm,0.6097206473319602,-1.1469378933827235,3.0959974641507824,-0.37045827933109216,0.7110410569697942,0.9999089513852738
Litaf,142.67866490957104,-0.32930903444140597,0.23962267031557186,-1.3742816320664542,0.16935426639373896,0.9999089513852738
Llgl2,3.5321377187994885,-0.45346648258578076,1.202239926705449,-0.377184680455951,0.7060363642027025,0.9999089513852738
Lmna,199.51141316297722,0.05359338528108256,0.1786359411452241,0.3000145711859475,0.7641660411008335,0.9999089513852738
Lmnb1,115.40670077962871,0.01271079502824524,0.22741490505873105,0.055892532747414306,0.9554274195367837,0.9999089513852738
Lmnb2,68.76821662774093,0.21600628772220618,0.2906276064512333,0.7432407759186894,0.4573359204370301,0.9999089513852738
Lmo2,37.840754672807606,-0.10694979055404748,0.34503360010544304,-0.3099692045104111,0.75658437498124,0.9999089513852738
Lmo4,940.3329149459056,-0.1004274817524278,0.10831496439213807,-0.9271801206419196,0.35383302249359583,0.9999089513852738
Lmx1a,1.4471435042047374,-2.8700822648851516,1.9436057197978391,-1.4766792645494367,0.13976163300716193,0.9999089513852738
Lmx1b,7.003906250350759,-2.7097139663223695,1.3176047360825986,-2.0565454055505925,0.039729974371644064,0.9999089513852738
Lnpk,421.59117488916695,-0.060837680599235514,0.13127171149142708,-0.46344852145245796,0.6430429059221415,0.9999089513852738
Lox,4.19286295206045,0.031514401111625547,0.9979637668622762,0.031578702712535135,0.9748080276915863,0.9999089513852738
Loxl1,11.61028775098284,0.18284940952542314,0.5931655942782031,0.3082603092445449,0.7578842650380777,0.9999089513852738
Lpar1,158.3825243068608,0.08500244950177248,0.2712643011027685,0.3133565646353491,0.7540097800004932,0.9999089513852738
Lpar2,5.359043171931198,-0.2422787656722623,0.807860711114405,-0.29990165673244634,0.7642521705765057,0.9999089513852738
Lpar5,2.4100779288322003,0.37704360237785073,1.2025472266990873,0.3135374594915582,0.7538723657501095,0.9999089513852738
Lpar6,250.22619686110656,0.11783813108112358,0.16642282626931332,0.7080647151757435,0.4789050702423794,0.9999089513852738
Lpin1,498.7321436583666,0.07208817574439023,0.1354732516672052,0.5321211003444235,0.5946421241666746,0.9999089513852738
Lpin2,286.00722609163205,0.054148881596221964,0.1717748903287686,0.31523164702701134,0.7525857787038892,0.9999089513852738
Lpin3,24.350569157108577,0.162706020226943,0.38517530085057244,0.42242070004915583,0.6727179713305997,0.9999089513852738
Lpl,24.35848372273372,0.40003095728233085,0.5412086300141639,0.7391437148218825,0.4598197344093661,0.9999089513852738
Lpp,330.36997558694856,0.0017726129100309655,0.17101911558276844,0.010364998696143244,0.991730075645274,0.9999089513852738
Lratd2,48.26248510421386,-0.4740424258765005,0.29521771398234004,-1.605738420916225,0.10833139572110591,0.9999089513852738
Lrig1,2947.5901038954794,-0.11021960927625289,0.16966986798824246,-0.6496121590893836,0.515942776974353,0.9999089513852738
Lrp1,8815.398265284573,-0.00032583388616799514,0.10101096643139444,-0.0032257278360889458,0.997426246025689,0.9999089513852738
Lrp12,186.5681833381535,-0.005267650145901087,0.16827063535588316,-0.031304630987814934,0.9750265972253427,0.9999089513852738
Lrp2,2.388254559367352,0.5899446361545744,1.2442472439222434,0.474137788157674,0.6354016532799269,0.9999089513852738
Lrp5,100.73445288920453,-0.2665509545095997,0.2572178582182074,-1.036284791250671,0.3000692993048173,0.9999089513852738
Lrp6,362.9382320066813,0.0041242013203993625,0.17626834973889238,0.02339728786539712,0.9813333683850143,0.9999089513852738
Lrp8,484.12321623804627,-0.0031435136821191013,0.17097755065005704,-0.018385534651581187,0.9853312921694318,0.9999089513852738
Lrpprc,419.9191214442308,0.0021724710512772815,0.1344549472199615,0.01615761335819967,0.9871086506853166,0.9999089513852738
Lrrc15,0.402752021578533,-0.007397661347697187,3.5392911556212887,-0.0020901533732108563,0.9983323001080966,0.9999089513852738
Lrrc52,0.9004564664211361,-0.6669619092111901,2.1161802141598733,-0.31517254756867435,0.7526306480221101,0.9999089513852738
Lrrc6,8.37072041459349,-0.4289111419576414,0.6562237221062495,-0.653605054966599,0.5133662866636205,0.9999089513852738
Lrrk1,19.181028315136015,0.3299677275665348,0.441826303325824,0.7468268074642009,0.45516811159851756,0.9999089513852738
Lrrk2,174.3455702889065,0.020519942444530575,0.21057173266001633,0.09744870398944545,0.922370068552493,0.9999089513852738
Lrrtm1,309.4125321305732,0.22994356122849935,0.2414786782939054,0.9522313226703744,0.340979678906996,0.9999089513852738
Lrrtm3,113.00058854122845,0.008518876717070212,0.19933010925419667,0.042737530967820195,0.9659107615024626,0.9999089513852738
Lsm14a,485.0373163468628,0.019638733823062495,0.1204081365491734,0.16310138488890447,0.8704386094155514,0.9999089513852738
Lsr,19.08886891718814,-0.07199962296502246,0.4800248037506002,-0.14999146377950567,0.8807713499889247,0.9999089513852738
Lss,268.72136918455493,-0.1494885699702089,0.17140785587959187,-0.8721220460001524,0.38314180039883006,0.9999089513852738
Lta,2.5359361692317717,-0.4715842770062584,1.4298395305121538,-0.32981622548744455,0.7415388265989731,0.9999089513852738
Lta4h,334.6999199106512,-0.09733343038968048,0.16470352330820756,-0.5909614344287081,0.5545462613650067,0.9999089513852738
Ltb4r1,0.8651801761372403,0.5226076411804516,1.9694536709679653,0.2653566564597559,0.7907347227230378,0.9999089513852738
Ltbp1,103.35927027027587,-0.9744589895111003,0.4589221235032368,-2.123364596312009,0.033723311534544415,0.9999089513852738
Ltbr,90.50029230422733,0.07607904489555621,0.2349490773415436,0.3238107838361957,0.74608129139706,0.9999089513852738
Luc7l3,1368.0483165502656,-0.0720604600761692,0.17870734257559573,-0.4032316693741143,0.6867778040273378,0.9999089513852738
Lum,16.420208970971434,-0.1415184477047515,0.5827433971824284,-0.24284865069084427,0.8081226456452129,0.9999089513852738
Lurap1,67.7714403704022,0.030132846945368608,0.24158789512984574,0.12472829786928342,0.9007386538757842,0.9999089513852738
Luzp2,9043.564591385373,0.06140419162395999,0.24531748448529297,0.250304994577919,0.8023514942715532,0.9999089513852738
Lvrn,0.5345527727279576,1.078312895505066,3.211310358213457,0.3357859487941122,0.7370322868282964,0.9999089513852738
Ly6g,0.46242815455870717,0.8041989133986345,2.910819469437932,0.27627921341130857,0.7823336201153546,0.9999089513852738
Ly6g5b,5.011077967466873,0.3101229383296824,0.8583683326993891,0.361293545574323,0.7178800182150864,0.9999089513852738
Ly6g6d,4.574032158367828,-0.23822069512555247,0.9225821857942407,-0.2582108117776748,0.7962442142014196,0.9999089513852738
Ly6g6e,2.277047390058082,-0.8547962818163751,1.2115225925028004,-0.705555378914157,0.4804646814671626,0.9999089513852738
Ly6h,206.31465587482572,0.03950744419480208,0.24663890752312562,0.16018334086684088,0.872736652002571,0.9999089513852738
Ly6i,0.15792207135954184,0.9543856482214617,4.427724182917884,0.21554767388254945,0.8293403470759629,0.9999089513852738
Ly6k,1.9047862848231538,1.4261889307245614,1.5074378535429247,0.9461013118203153,0.3440969147558576,0.9999089513852738
Ly6m,0.19578339582510598,0.9543856482214617,4.427724182917884,0.21554767388254945,0.8293403470759629,0.9999089513852738
Ly75,13.89514225440936,-0.022351476387116726,0.49987010240171925,-0.04471456940458108,0.9643348206082897,0.9999089513852738
Ly86,66.16328008281761,0.22444541938949136,0.3333827115415489,0.6732365285280221,0.5007968254893851,0.9999089513852738
Ly96,42.72160009602808,0.0006553963345684876,0.361056454391667,0.0018152184418714933,0.9985516660261272,0.9999089513852738
Lyar,110.32286342748698,0.0669138342077745,0.19851131715981388,0.33707818357733593,0.7360579630139337,0.9999089513852738
Lyg1,0.352539641012841,-0.007398032634443677,3.685558673124655,-0.002007302905904235,0.9983984050780661,0.9999089513852738
Lyn,49.17216932299789,-0.06277186835221371,0.3419493078193714,-0.1835706840657558,0.8543502629794444,0.9999089513852738
Lypd1,161.13823609318712,-0.07939046856114956,0.22717935153089663,-0.34946163912415423,0.7267427651401588,0.9999089513852738
Lypd6,39.46537763340947,-0.3207950100956203,0.47624985900686134,-0.673585522449464,0.5005748599937033,0.9999089513852738
Lypd6b,23.465558924292964,-0.2679469063163739,0.5840475061632207,-0.4587758760868542,0.6463951200857607,0.9999089513852738
Lyplal1,40.09069249691853,-0.03437291955270978,0.3213223550908503,-0.10697332136443238,0.9148101447510676,0.9999089513852738
Lyst,293.87664876301295,0.1353974628920588,0.16710001322926474,0.8102779902613809,0.41778042222237843,0.9999089513852738
Lyve1,1.498927922371888,-0.8810356730047342,1.587804837782012,-0.5548765516015455,0.5789791014936612,0.9999089513852738
Lyzl6,0.30450608319916533,-0.007398491186301263,3.858512348870997,-0.0019174465486591135,0.9984700999401322,0.9999089513852738
Lztr1,721.9875328184003,0.031299751709512005,0.1127146363468208,0.2776902159645289,0.7812501718565912,0.9999089513852738
Mad1l1,118.54982452399967,0.15432754802985368,0.21334503587256243,0.7233707004180697,0.4694521670368782,0.9999089513852738
Mad2l1,16.011377295603015,0.11490245455800674,0.5214126745126612,0.22036759015380747,0.8255848843102875,0.9999089513852738
Mad2l2,179.7752293768223,0.10097779583769405,0.17220033531293102,0.5863972079624129,0.557608620136732,0.9999089513852738
Madcam1,0.44272820734322654,-2.3021975448693213,3.5445003601393332,-0.64951257185902,0.5160071231152012,0.9999089513852738
Mael,5.78209365900923,0.49436030677737247,0.8927857428083122,0.5537278241275805,0.5797651301229814,0.9999089513852738
Maf,127.10588163904818,-0.38741247330853734,0.22378841789952694,-1.7311551551451236,0.08342409527928724,0.9999089513852738
Maf1,310.974625374844,-0.014397924159349663,0.14854203315806638,-0.09692828254227918,0.9227833483309151,0.9999089513852738
Mafa,9.040457642161757,-0.002211831539489689,0.6950750114963036,-0.003182147973825486,0.9974610175464791,0.9999089513852738
Mafb,31.17549281508232,0.18901014712447203,0.36091980955448505,0.5236901442394747,0.6004940717177016,0.9999089513852738
Maff,10.448273285621742,1.2074683037931513,0.6840352920255774,1.7652134588225334,0.07752789749142895,0.9999089513852738
Mafk,9.71447440569993,0.009227477774845054,0.6168714529819879,0.014958509962227882,0.9880652809297118,0.9999089513852738
Mag,150.19819342947554,-0.3114759806404956,0.24417386517885356,-1.2756319371540614,0.20208565888215635,0.9999089513852738
Mageb4,0.0,,,,,
Magoh,409.9153822697097,0.0020645395576340893,0.13939788251456414,0.014810408310315533,0.9881834358619265,0.9999089513852738
Maip1,251.53706579373707,0.09050814407482524,0.15801355959069102,0.572787198195346,0.5667887880475542,0.9999089513852738
Mal,1054.835812827604,-0.11863768308667218,0.2489295240416762,-0.4765914511081042,0.633653072139408,0.9999089513852738
Malt1,28.94509145860091,-0.0022006846423693687,0.41836539284258933,-0.005260197616769368,0.9958029888898083,0.9999089513852738
Maml1,142.92070967440782,0.19707394265155959,0.17849953212590863,1.1040585950250505,0.2695677206933308,0.9999089513852738
Man2b2,397.6976350907476,-0.11126327846562346,0.1757176466852467,-0.6331935384095101,0.526607264800439,0.9999089513852738
Maoa,973.7779874327142,0.02783016890336558,0.11924814495223059,0.23338030888877995,0.8154661022788061,0.9999089513852738
Maob,696.4228411708597,0.02649546824143768,0.17544208524372767,0.15102116578601787,0.8799590195075879,0.9999089513852738
Map1b,4283.596100681211,-0.06900826978160587,0.15422498654265962,-0.4474519423123292,0.6545487793258238,0.9999089513852738
Map1lc3a,793.9626024590563,0.022935180868821424,0.17246832300786874,0.13298199036686303,0.8942076235935165,0.9999089513852738
Map2,8502.60571620585,-0.050972948824110166,0.11349486299592866,-0.449121197898963,0.6533442295095788,0.9999089513852738
Map2k1,801.4400912341521,-0.10008448333453965,0.11752705854206623,-0.8515867288443759,0.3944435079757317,0.9999089513852738
Map2k2,337.58421572548195,-0.03282561029912035,0.14304445081610961,-0.2294783901915861,0.8184971146536896,0.9999089513852738
Map2k3,19.569796404717582,0.017040317996068165,0.4332785634950131,0.03932878160094873,0.9686282599629789,0.9999089513852738
Map2k4,298.01392989278423,-0.13282138178868633,0.1730531549834983,-0.7675178288506307,0.4427736970321148,0.9999089513852738
Map2k5,307.315009510704,-0.11271010291287788,0.14161802391711084,-0.7958739982055335,0.4261052757867697,0.9999089513852738
Map3k1,83.36084022654065,0.13386025053977343,0.2551868068212828,0.5245578805863618,0.5998905732176614,0.9999089513852738
Map3k11,115.6287936441005,0.0109748280496992,0.21102701080138153,0.05200674552523848,0.9585233185376903,0.9999089513852738
Map3k14,70.2043038811097,0.37949089986200374,0.2457526538554051,1.544198583040682,0.12254023201915845,0.9999089513852738
Map3k15,20.022655083344326,0.49191961487561386,0.5111708370291411,0.9623389662340426,0.3358793614020401,0.9999089513852738
Map3k5,91.3527312830203,0.23977859587181313,0.2509585816377458,0.955450872837372,0.33934973787311884,0.9999089513852738
Map3k7,804.0505630079169,-0.04763100732261426,0.10262027190882492,-0.46414813015632034,0.642541620636166,0.9999089513852738
Map3k8,10.597523099986432,0.04967277257853456,0.6161504071295065,0.08061793354961462,0.9357458037171276,0.9999089513852738
Map4,3398.1304148758177,-0.17185751756696213,0.13820065367458606,-1.2435362134511039,0.21367030490811056,0.9999089513852738
Map4k4,1319.6276617570468,-0.1304014588679987,0.13839869941743807,-0.9422159270058015,0.3460821012472115,0.9999089513852738
Map6,119.4482610565122,0.08827170531527447,0.19736190613564755,0.44725807043333377,0.6546887374015384,0.9999089513852738
Map7,438.88176529871197,-0.018149734155708926,0.14229841575438412,-0.12754698679876023,0.8985074867409862,0.9999089513852738
Map9,187.22585990934184,-0.035299009845651305,0.18391507786552064,-0.19193102738135512,0.8477962329080764,0.9999089513852738
Mapk1,836.9992868759197,-0.0001925237620304023,0.10813128724950502,-0.0017804630549358746,0.9985793967679504,0.9999089513852738
Mapk10,888.2079407342658,0.022427539384429207,0.10839314931995675,0.20690919606207966,0.8360807745072737,0.9999089513852738
Mapk11,15.176645019529124,-0.017436796951479542,0.4901607461303142,-0.03557362985334569,0.9716223353371964,0.9999089513852738
Mapk14,72.8571470040457,0.16687624050739577,0.23726536455923689,0.7033316506916145,0.48184909052786096,0.9999089513852738
Mapk3,521.9885850697336,0.0727537868216825,0.13187145156381985,0.5517023279786447,0.5811523147339,0.9999089513852738
Mapk7,71.39804574807998,-0.1272837015289744,0.27171797656781876,-0.46844048795279225,0.6394696199454302,0.9999089513852738
Mapk8,418.42595904553315,-0.14138109623253325,0.12656239232398597,-1.1170861551874984,0.26395748953525333,0.9999089513852738
Mapk8ip1,2197.907551314373,-0.04824383709122043,0.11148563353599604,-0.4327359100995166,0.6652066384497344,0.9999089513852738
Mapk8ip2,1914.6820281117082,-0.08340644325503113,0.12436279406931844,-0.6706703872264346,0.5024305315709829,0.9999089513852738
Mapk9,903.7370712433791,-0.06265023865102866,0.1637954154012543,-0.3824907949807544,0.7020973553576458,0.9999089513852738
Mapkap1,362.23976409646747,0.016575156261089866,0.14804435689167705,0.11196074344946348,0.9108545329974508,0.9999089513852738
Mapkapk2,188.2006117701225,0.12440684965255444,0.17831602385030307,0.6976762209379144,0.48537970239228223,0.9999089513852738
Mapre1,632.5085642583103,-0.029305824549963493,0.11153640304271596,-0.2627467243922149,0.7927458007878657,0.9999089513852738
Mapre2,1798.1441410154869,-0.14126813224503465,0.11708895292301189,-1.2065026522008528,0.22762373707164119,0.9999089513852738
Mapt,1869.9271828507044,-0.08285592324844274,0.0895585182006292,-0.9251596041688486,0.3548828926276023,0.9999089513852738
March2,461.7545077438452,0.0012899813651958618,0.12805830093955692,0.01007339122674077,0.9919627325933746,0.9999089513852738
March5,200.03727807678226,0.006392510293716104,0.1839788578458927,0.034745896178302725,0.9722823631458931,0.9999089513852738
Marcks,2083.706450761216,-0.006162743285670266,0.15934696207202625,-0.038674997034989916,0.9691495079666553,0.9999089513852738
Marcksl1,532.8937740581301,-0.0552806941291721,0.17088292566653926,-0.32350039603749986,0.746316307645141,0.9999089513852738
Marco,0.3387693769028517,-0.007398151907015832,3.7313212835751735,-0.0019827164011798192,0.9984180222315505,0.9999089513852738
Mark2,637.469478531024,0.043710122285105193,0.12507196500735138,0.3494797757637856,0.726729151422431,0.9999089513852738
Mark3,669.3331510868276,0.026559397297535384,0.10891297599802277,0.24385888875185585,0.8073401100857663,0.9999089513852738
Marveld2,8.30423691468502,-0.3821445696945316,0.7033825891446529,-0.5432954633682898,0.5869263873209065,0.9999089513852738
Mas1,1.718247604225443,-1.2399564832174519,1.538958190182534,-0.8057116113533807,0.4204091528432534,0.9999089513852738
Mast2,622.4849533118354,-0.04277847033067437,0.11877646591722749,-0.36015948109186613,0.7187278736448917,0.9999089513852738
Mast3,279.8046789832898,0.06762581829658841,0.15853230658447098,0.42657436678722177,0.6696893713032674,0.9999089513852738
Matn1,1.724583498760586,0.6487679134840604,1.532148917607197,0.42343659028735975,0.6719767532545713,0.9999089513852738
Mavs,190.96306972438182,0.11720622199827145,0.16571438559221857,0.7072784995666368,0.47939342404533103,0.9999089513852738
Max,755.7899920644473,0.0465285291719689,0.11336341147167223,0.41043691759043144,0.6814854695399739,0.9999089513852738
Maz,167.35155813688002,-0.0813206146821275,0.1774982154338986,-0.4581489142487282,0.6468454589923565,0.9999089513852738
Mbd2,542.1323751175249,-0.08609099838810604,0.13286613279066403,-0.6479529175711458,0.517015402892507,0.9999089513852738
Mbd3,759.54408177826,-0.01922549525472958,0.11953229674973793,-0.1608393361250438,0.8722199427999227,0.9999089513852738
Mbd5,158.13761166116055,-0.007421670662758088,0.17467562166422917,-0.04248830255789454,0.966109436537338,0.9999089513852738
Mbl1,0.2997422262654808,-1.7425423111025808,3.993861735428106,-0.43630511683594775,0.6626153698908401,0.9999089513852738
Mbl2,0.8882582399126054,2.019367033061037,2.475724387319683,0.8156671410614021,0.41469053725674987,0.9999089513852738
Mbnl1,552.311495755653,-0.11211260921832378,0.13289780254027933,-0.8436001730302812,0.39889286757134257,0.9999089513852738
Mboat1,10.300725851613839,-0.07008526659049358,0.5943296823830363,-0.11792321445141064,0.9061284991100066,0.9999089513852738
Mboat7,1080.8417581286374,-0.05031095336374404,0.13709889093090943,-0.366968346878153,0.7136426288633778,0.9999089513852738
Mbp,18097.161032987085,-0.2188881979190376,0.4721565851601242,-0.4635923860826917,0.6429398104131067,0.9999089513852738
Mbtd1,378.1438556997106,0.017529711676487543,0.1345826153195194,0.13025242253517935,0.8963667206200711,0.9999089513852738
Mc1r,0.655626516202145,-0.11089244620965022,2.314218573740585,-0.04791787926514189,0.9617816901649779,0.9999089513852738
Mc3r,7.691845754711896,0.17768164711987203,0.779698597827124,0.22788504123906078,0.8197356121447813,0.9999089513852738
Mc4r,3.1117997342896975,-0.22173310701885213,1.1540999431212569,-0.1921264344049582,0.8476431689573318,0.9999089513852738
Mc5r,6.622479437566295,0.25994810078467917,0.7170592548719427,0.3625196927848069,0.7169637101941875,0.9999089513852738
Mcam,49.36658407955474,-0.4200679333272197,0.31327105107816905,-1.340908877093792,0.1799500396991527,0.9999089513852738
Mcl1,793.331936171138,0.08774595942251749,0.12492382171692909,0.7023957337884307,0.4824324051129236,0.9999089513852738
Mcm2,15.08654794128494,-0.23421248813645512,0.5560055200890435,-0.4212413000844782,0.6735788890940384,0.9999089513852738
Mcph1,69.63887930738726,0.08242863082627129,0.25279256767775726,0.326072208465186,0.7443697233270972,0.9999089513852738
Mctp2,42.283177011116955,0.052815459869274946,0.3537141998438697,0.1493167644742219,0.8813036874267205,0.9999089513852738
Mcu,502.48183543621775,0.11214346253481161,0.1634950480798578,0.6859135114602131,0.4927676493780302,0.9999089513852738
Mcub,18.36585243880849,0.13628699063456406,0.5467909435026015,0.24924880752695872,0.80316832748899,0.9999089513852738
Mcur1,415.764892606649,-0.07501446164223335,0.1546311114110538,-0.4851188157266969,0.6275920658070184,0.9999089513852738
Mdk,974.0700276837262,-0.0024440032316600004,0.13303699960535406,-0.0183708535137592,0.9853430040445781,0.9999089513852738
Mdm2,242.73642391692286,0.11877207849343008,0.16787176136696866,0.7075167230407121,0.47924542406279624,0.9999089513852738
Mdm4,1059.755850202537,0.07330810268251754,0.11265183440034736,0.650749302687711,0.5152083313908488,0.9999089513852738
Mdp1,204.40785658507582,-0.01132962480249987,0.1576531035480754,-0.07186426748043667,0.9427099269147693,0.9999089513852738
Me1,236.37790663198572,0.08997583481227517,0.14414490310997335,0.6242040673726033,0.5324935760406146,0.9999089513852738
Meaf6,173.61788525456356,-0.08309756992355471,0.1892790636595675,-0.43902145497196604,0.6606459903827215,0.9999089513852738
Mecom,17.349472846116367,-0.6180531690691766,0.5982907926170008,-1.0330313899128092,0.30158920913495646,0.9999089513852738
Mecp2,804.9197202779378,-0.0019345463303021835,0.1041773795070612,-0.01856973499867175,0.985184346644033,0.9999089513852738
Med1,404.1325632541913,0.07014469386512504,0.13541953076168367,0.5179806300508327,0.6044717839838842,0.9999089513852738
Med12,367.58162790688203,0.143586414565968,0.15415268419092937,0.9314558181038595,0.3516178288189179,0.9999089513852738
Med14,175.4984615440429,0.06202975170068289,0.19549929558099396,0.31728887572888675,0.751024417513224,0.9999089513852738
Med15,637.1172794277826,-0.0755219354716001,0.1165355777153712,-0.6480590473070497,0.5169467601753654,0.9999089513852738
Med21,245.38649455609948,0.05526150685829944,0.15462500289024092,0.3573904984663205,0.7207994888428939,0.9999089513852738
Med24,258.58642372530363,0.06376736175213374,0.1453450318221477,0.4387309352972109,0.6608565089360147,0.9999089513852738
Med6,174.02807636714292,0.04757076098082261,0.16220087981226566,0.2932830021383478,0.7693058450311255,0.9999089513852738
Medag,89.96879313014227,-0.04144841491596836,0.34311049664643306,-0.12080194375014977,0.9038479104920837,0.9999089513852738
Mef2a,863.3403761801886,0.023649810334755727,0.12421638319941575,0.19039203787465422,0.8490019364189961,0.9999089513852738
Mef2c,101.95340063682806,-0.3364313168199011,0.24794773055311276,-1.3568638683217726,0.17482446924980433,0.9999089513852738
Mef2d,1053.3082309295391,-0.021244416390841094,0.10049643681997504,-0.21139472266959494,0.8325792744007416,0.9999089513852738
Meg3,1634.366738549622,0.12970371001546613,0.1468133349447713,0.8834600076638711,0.37698778112098774,0.9999089513852738
Megf11,59.88602995586556,-0.35756721617023113,0.39012306254767143,-0.9165498031189527,0.35937859852640297,0.9999089513852738
Mei4,4.7974200438658,0.11618170543096282,0.8447944625945176,0.1375265944264687,0.890614573144431,0.9999089513852738
Meiob,0.0,,,,,
Meis1,519.1048174292131,0.22288813542044,0.12190679754979375,1.8283487049145037,0.0674972345097726,0.9999089513852738
Meis2,343.8149613439511,0.06457782061310524,0.34193283680796294,0.1888611261087322,0.8502016620817243,0.9999089513852738
Meis3,184.3822081106962,-0.052190888707642345,0.15830864044138815,-0.32967808050227926,0.741643217843263,0.9999089513852738
Memo1,237.7333395823185,0.04532497974694453,0.15566037741914315,0.29117865765479284,0.7709146844464889,0.9999089513852738
Men1,316.21244515278187,0.10241207578063317,0.16145377584212195,0.6343120515235092,0.5258771930488998,0.9999089513852738
Meox1,10.557740628863021,-0.2927311655527153,0.5968704669392444,-0.49044337384264064,0.6238201906227847,0.9999089513852738
Meox2,0.7969549812189386,3.123884336493981,2.767997326580684,1.1285720208237793,0.25907841916164287,0.9999089513852738
Mep1a,0.15675624518773507,-0.969188503896664,4.42774672984595,-0.21888977916548177,0.8267359084612689,0.9999089513852738
Mep1b,1.3801889543988233,-1.0076510944730677,1.8378914160367892,-0.5482647591041894,0.5835101215077663,0.9999089513852738
Mepe,0.4966914482623936,0.9527067756471004,2.869326661274945,0.33203147919860004,0.7398654891468349,0.9999089513852738
Mertk,2020.045710064069,0.3509522489372424,0.19904509152030742,1.763179620540589,0.07787019982476989,0.9999089513852738
Mesp1,0.15675624518773507,-0.969188503896664,4.42774672984595,-0.21888977916548177,0.8267359084612689,0.9999089513852738
Mesp2,0.778827948619823,-1.7461423417001947,2.912086043331388,-0.5996190757133779,0.548760131195696,0.9999089513852738
Mest,170.12409580795668,-0.15229623910020632,0.2993251765864329,-0.5087986277566912,0.6108933813681927,0.9999089513852738
Met,6.328234455853953,0.40256691959068086,0.8026535271359088,0.5015450701713748,0.6159875667394088,0.9999089513852738
Metrnl,32.33512292825896,-0.24825823095803082,0.3341867565449315,-0.7428727383595537,0.45755873212552256,0.9999089513852738
Mettl14,204.9039822816537,-0.05549666147142354,0.16754189717663212,-0.33124049808816375,0.7404628321520744,0.9999089513852738
Mettl21c,0.8149677955715483,0.6317370439492941,2.150966179377454,0.29369919899537206,0.7689877664413088,0.9999089513852738
Mettl3,318.33471554064073,0.09486044427697052,0.16144543831582572,0.587569678440842,0.5568211683463944,0.9999089513852738
Mettl7b,2.70177561069306,-0.17571971417903395,1.318549864746675,-0.13326740146668167,0.8939819074634477,0.9999089513852738
Mfap5,11.97717482445431,-0.5583741273108065,0.5764582454841535,-0.9686289192408748,0.3327303690504745,0.9999089513852738
Mfn1,1896.9201042833313,-0.06906019534189115,0.10458679501905298,-0.6603146728925979,0.5090519160312983,0.9999089513852738
Mfn2,733.9516263544473,0.009118018915230999,0.11049894736021101,0.08251679435015377,0.9342357639167019,0.9999089513852738
Mfrp,1.9944200768264133,-0.14638456622458734,1.4064812904936084,-0.10407857339731358,0.9171069944514402,0.9999089513852738
Mfsd2a,925.8998714561684,0.1677440359295664,0.5565447433573131,0.3014026058671645,0.7631075074575931,0.9999089513852738
Mfsd2b,13.449314219030127,0.033160716311071724,0.5582408352188811,0.05940216877554239,0.952631785678801,0.9999089513852738
Mgst3,147.734718994607,0.04781669742152395,0.24229231877308152,0.19735127247804585,0.8435526585792344,0.9999089513852738
Mia,7.361011836578964,0.09044020040261674,0.7219378706206471,0.1252742155289148,0.9003064643816574,0.9999089513852738
Mia2,578.1146788066832,0.05995514060896014,0.11497695107712902,0.5214535613206593,0.6020508477605981,0.9999089513852738
Mib1,1104.8496887783194,-0.03165756962889018,0.10110857924694525,-0.3131046827546698,0.7542011315258363,0.9999089513852738
Micu1,345.0480357688639,0.094087873871461,0.18239570414269046,0.5158447909379207,0.6059628163296025,0.9999089513852738
Micu2,187.0296346879026,-0.05580699154898748,0.17514964721622975,-0.3186246300575836,0.7500111740809415,0.9999089513852738
Miga1,213.90292868250563,-0.026198556275654847,0.17016960199801776,-0.15395555944216185,0.8776447761569413,0.9999089513852738
Miga2,532.404741561678,0.0025907272878378006,0.11826383475105486,0.021906335891198496,0.9825226706786276,0.9999089513852738
Minar2,506.061311312408,0.022549839596862874,0.1830930594856355,0.1231605373803479,0.9019799742090712,0.9999089513852738
Mindy1,112.04542927324168,0.08430998206974,0.25115090463071854,0.3356945187743033,0.7371012395973391,0.9999089513852738
Mip,1.1753480175888873,-1.0839209584587703,2.5123023320979225,-0.43144527018514983,0.6661446393266379,0.9999089513852738
Misp,2.866275007796345,-0.9555065364844687,1.1862927425485037,-0.8054559403539479,0.42055662177124864,0.9999089513852738
Mitf,40.789740863481974,0.01969603525433768,0.3413073246277004,0.05770762545404558,0.9539815195867741,0.9999089513852738
Mixl1,0.3435332338365362,1.888835932093237,3.8493791864163263,0.49068585884148636,0.6236486497313638,0.9999089513852738
Mki67,2.165400808204806,1.7575110918540187,1.4107013309884051,1.2458420880787162,0.21282237450597596,0.9999089513852738
Mkks,94.84841646189507,0.036258967652043964,0.24778528639569034,0.1463322063205227,0.8836591425303612,0.9999089513852738
Mkln1,1229.32456964223,-0.008293249174206149,0.10051688233287409,-0.08250603263581163,0.9342443213427378,0.9999089513852738
Mknk1,192.1762656249028,0.027900265121152828,0.15754366006700757,0.17709544839370933,0.8594334170751586,0.9999089513852738
Mknk2,342.1203545212018,0.13165686327710013,0.14190129377870841,0.9278059401094382,0.353508242203469,0.9999089513852738
Mkx,19.921862749690373,0.03296256142491531,0.4289700952228892,0.07684116396922319,0.9387499034148254,0.9999089513852738
Mlc1,6033.191440036794,0.0486007877489733,0.12630818978497432,0.38477938629087116,0.7004008728408752,0.9999089513852738
Mlec,302.301127798835,0.10006731430371033,0.14535929257196967,0.6884136028260143,0.4911923601216026,0.9999089513852738
Mlf1,10.601023268066427,0.9108699156559528,0.6329260420525143,1.4391411557377145,0.15011053351326498,0.9999089513852738
Mlh1,126.65939176102889,0.09896344164388858,0.2024661269319385,0.4887901158753156,0.6249902963959029,0.9999089513852738
Mlkl,3.124770403184744,-0.7501873353531756,1.1338313539201248,-0.6616392576898382,0.508202441754199,0.9999089513852738
Mllt10,382.89692761058404,0.05087630195305829,0.14105081641329337,0.36069484209141695,0.7183275809357218,0.9999089513852738
Mllt6,914.1222048434769,-0.17248775157309812,0.12214317694328741,-1.4121767248054005,0.15789793195490254,0.9999089513852738
Mlph,11.568223364634655,-0.2948756342101018,0.5899246835804423,-0.49985301923697606,0.6171785749153127,0.9999089513852738
Mlst8,228.42442875000737,-0.13458027640707865,0.1611128734442408,-0.8353167163495177,0.4035394078551534,0.9999089513852738
Mlx,80.64277189638115,0.017088835046922733,0.22281872907598896,0.07669388977214228,0.9388670654807802,0.9999089513852738
Mlxipl,69.97394556806594,-0.02557084391267701,0.23844258273511462,-0.1072410960297457,0.9145977134826948,0.9999089513852738
Mlycd,129.95495391303277,-0.126827892444492,0.18625032631710842,-0.680953934161467,0.49590063928208605,0.9999089513852738
Mmd2,2036.413929880485,0.11548515366334314,0.11168839597095266,1.0339942001976457,0.3011388746127458,0.9999089513852738
Mme,45.768571005295996,-0.6473350451500773,0.3188108741535064,-2.0304672695649257,0.04230906488204851,0.9999089513852738
Mmp12,1.9567115819524465,0.8744801329044883,1.5059408590334529,0.580686902582449,0.5614514905471131,0.9999089513852738
Mmp13,1.280130424224304,-1.6208146945941573,2.160823556945689,-0.7500911813851053,0.45319979037518043,0.9999089513852738
Mmp14,1023.0429699116693,-0.2312853276326379,0.24197001934518553,-0.9558429108636585,0.3391516051753901,0.9999089513852738
Mmp15,358.725961706155,-0.026821909211351608,0.20042545062202025,-0.13382486669287671,0.8935410632848373,0.9999089513852738
Mmp16,75.28492557521058,0.05367558743120741,0.23462307038012248,0.22877369793279656,0.8190448106878545,0.9999089513852738
Mmp2,7.181347035685964,-0.6915956465450873,0.7418881539639289,-0.9322101220377663,0.35122794543284885,0.9999089513852738
Mmp25,2.1453097233466374,1.2518114100610056,1.4223744906320546,0.8800856724481493,0.37881290014378766,0.9999089513852738
Mmp28,80.11346756807235,0.18167089994096983,0.24440714451487527,0.7433125586470442,0.4572924699335096,0.9999089513852738
Mmp3,0.1429859810777457,-0.969188503896664,4.42774672984595,-0.21888977916548177,0.8267359084612689,0.9999089513852738
Mmp7,0.14774983801143024,0.9543856482214617,4.427724182917884,0.21554767388254945,0.8293403470759629,0.9999089513852738
Mmp9,2.3593056302303523,0.6805337211401485,1.4917541897409285,0.45619695645589986,0.6482483538266908,0.9999089513852738
Mmrn1,0.5024683017762875,0.7600533212280252,3.239737778810794,0.23460334543094313,0.8145166127375278,0.9999089513852738
Mms19,304.1277062461592,-0.0466482906807685,0.14221780599598802,-0.3280059789565622,0.7429071419466088,0.9999089513852738
Mmut,593.5579356534146,-0.09500331191929741,0.11324241896093284,-0.8389375005497924,0.4015043826221202,0.9999089513852738
Mnx1,0.3648906971129689,-0.007397932673110196,3.6467602450555323,-0.002028631490962615,0.9983813873639943,0.9999089513852738
Mob2,336.56782533948393,0.005624965380560136,0.13600193260267657,0.041359451832153116,0.9670093378690653,0.9999089513852738
Mog,238.42234075860702,-0.3685629185413111,0.32597035287677506,-1.1306639247669164,0.25819657070506674,0.9999089513852738
Mos,0.0,,,,,
Mov10l1,1.3543699036926835,-2.740511047099371,2.010632780708495,-1.3630092344031544,0.17287960031864968,0.9999089513852738
Moxd1,7.534711622021542,0.18740902084468744,0.9230530801623101,0.20303168352109646,0.839110268047098,0.9999089513852738
Mpc1,1404.6491100789417,-0.09123298131588575,0.16076459048014127,-0.5674942538242304,0.5703784294825942,0.9999089513852738
Mpc2,446.24379162229974,-0.01665178928555748,0.14099422452866311,-0.11810263392861378,0.9059863364872215,0.9999089513852738
Mpi,243.05164014889132,0.08767546344332544,0.15062863139693258,0.5820637327062036,0.5605237528032188,0.9999089513852738
Mpl,0.9153925567029323,0.39901416067341455,2.1061241228356207,0.18945424742402847,0.8497368109186323,0.9999089513852738
Mplkip,161.2776744286374,-0.1598213065107645,0.18112844994864907,-0.8823644576877611,0.3775797496117911,0.9999089513852738
Mpp2,395.46158143409366,-0.021417198045546988,0.13425005442586704,-0.1595321367811704,0.8732496410375021,0.9999089513852738
Mpp3,66.59688658755397,-0.29245222613510685,0.2668719123799155,-1.0958524017273708,0.27314337197592553,0.9999089513852738
Mprip,2152.5587424195464,-0.05273541822307444,0.1202415442330252,-0.438579016590759,0.660966604098403,0.9999089513852738
Mpzl1,671.586023607868,0.14598639065644609,0.13996343197798722,1.0430323734802827,0.29693329940865,0.9999089513852738
Mrc1,7.167615077740138,-0.7651976909910496,0.8090874657150101,-0.9457539801519802,0.3442740828969051,0.9999089513852738
Mre11a,140.22720658908995,0.01764855842165455,0.22041750526248005,0.08006876949559018,0.9361825613074803,0.9999089513852738
Mrgprf,2.725769241959686,-0.08059027803770856,1.1329093438447304,-0.07113568131074906,0.9432897705104397,0.9999089513852738
Mrm3,110.10678851132384,0.1545830318796605,0.20377411558560019,0.7585999401122376,0.448091908531734,0.9999089513852738
Mrnip,41.719029164153454,0.12456171680484647,0.29697328247880717,0.4194374516291227,0.6748964580698288,0.9999089513852738
Mrtfa,7.988435638907923,0.10263270318706762,0.6888688476051708,0.14898729060526794,0.8815636616604134,0.9999089513852738
Ms4a1,1.1388010821926038,-0.2502485042985669,1.880341983313248,-0.1330866972706835,0.8941248155969713,0.9999089513852738
Ms4a2,0.2954996760228605,1.7066408868195215,4.33774436334208,0.393439710565289,0.6939947447779556,0.9999089513852738
Ms4a7,0.7746742665159131,1.829176881499786,2.895007279891697,0.6318384393037575,0.5274924529623961,0.9999089513852738
Msh2,170.9639901864978,0.035539146606690365,0.16849788786270029,0.21091746049451537,0.8329516790999247,0.9999089513852738
Msi1,676.4716369621633,-0.08386857331026158,0.13230671525039378,-0.6338950608178746,0.5261493091767895,0.9999089513852738
Msln,3.252820293980694,-1.1830163075877171,1.199508429401951,-0.9862509329572144,0.32400999122769025,0.9999089513852738
Msmo1,4182.980220943914,-0.25339105953167235,0.18017976340231756,-1.406323633392079,0.1596280454137945,0.9999089513852738
Msn,247.63335354068045,0.1227153617264525,0.17709822611929485,0.6929225911262963,0.4883581315285831,0.9999089513852738
Msr1,0.9176602475936587,1.0817842316773123,2.6583667116158143,0.4069356672841347,0.6840552388035017,0.9999089513852738
Msra,121.69575511554193,0.09382158789196958,0.2196913095406031,0.4270609888400232,0.669334906263123,0.9999089513852738
Msrb1,47.86255240696272,0.013321605997172893,0.30070396997285265,0.04430139714608875,0.9646641580081482,0.9999089513852738
Mst1,1.134901658941655,-2.46028881448529,2.1225392468669595,-1.159125240259692,0.2464051389254417,0.9999089513852738
Mst1r,1.8056128283230697,-0.8199039106283341,1.3503410360957508,-0.6071828439717178,0.5437295763505966,0.9999089513852738
Mstn,1.2700470590149027,-0.7627996487845881,1.6528536399704603,-0.46150465494223725,0.6444365824820152,0.9999089513852738
Msx1,19.463630877655856,-0.3103608303187176,0.4480330061657479,-0.6927186748466939,0.48848611715285184,0.9999089513852738
Msx2,3.3861596150955156,0.17388266680600176,1.0606528831822553,0.16393927698975858,0.8697789468078695,0.9999089513852738
Mt1,865.0200621422015,0.766898787911966,0.15648812493723965,4.900683602794363,9.550375712586076e-07,0.004795243645289469
Mt2,17898.299143954508,0.2912289403904498,0.17095063956916115,1.703584971219882,0.08845865114045418,0.9999089513852738
Mta1,406.942990303968,-0.03578908815651314,0.12714086844584754,-0.2814916131531428,0.7783333598743876,0.9999089513852738
Mta2,537.1884274894649,0.09894727611999891,0.136283322173086,0.7260409750969482,0.4678136516601372,0.9999089513852738
Mta3,615.531841353938,-0.06742740022164448,0.1182665466751957,-0.5701307945248913,0.5685889901928078,0.9999089513852738
Mtch1,2178.762953276364,-0.023746259768922667,0.09883658697757812,-0.24025778808316903,0.8101304169002057,0.9999089513852738
Mtch2,688.7527657317174,0.004755057534408431,0.1162535616937593,0.040902467547054004,0.9673736502773138,0.9999089513852738
Mtcl1,168.06420378150972,-0.08765469019945954,0.19321879098982067,-0.4536551012995286,0.6500770875611159,0.9999089513852738
Mtf1,154.1431443568883,0.033121880716994165,0.1911528009967623,0.17327436764871249,0.8624357705772614,0.9999089513852738
Mtf2,247.85679701217862,-0.09835738021713565,0.14815857966160983,-0.6638655718877788,0.5067763530258418,0.9999089513852738
Mtfp1,411.5601445972324,0.11235542458908193,0.13525403844622402,0.8306992225873802,0.4061435656484018,0.9999089513852738
Mthfr,34.456617771872345,-0.013492584457273925,0.3429665198074068,-0.03934082097824213,0.9686186613581962,0.9999089513852738
Mtif2,367.3543919593017,0.07496138214034107,0.14673987742149985,0.5108453370519034,0.6094593601008333,0.9999089513852738
Mtmr12,106.92247562151158,-0.1324504042946151,0.21071103238151126,-0.6285878949840734,0.5296188872407888,0.9999089513852738
Mtnr1a,1.5853449883570985,-1.8300773977319895,2.1499893798665997,-0.8512029942424834,0.39465659980865286,0.9999089513852738
Mtnr1b,0.5494888630097537,2.554094423938716,3.377591042264778,0.7561881802677087,0.44953637838368443,0.9999089513852738
Mtor,771.3209101806823,0.0696556344303049,0.1051428997956344,0.6624853848019612,0.5076601983580358,0.9999089513852738
Mtrex,353.3974885561045,-0.053386562253522125,0.13265919794793743,-0.4024339290402906,0.6873647041410822,0.9999089513852738
Mttp,37.770173463131854,-0.005450877447549243,0.3096485046951354,-0.01760343539496794,0.9859552160534802,0.9999089513852738
Mturn,486.3503470292876,-0.09719306610545922,0.19182784163782543,-0.5066681941246128,0.6123876508415571,0.9999089513852738
Mtus1,281.6191991625296,-0.09078585009130932,0.2386941938214617,-0.3803437722461538,0.7036902470182584,0.9999089513852738
Mtx1,95.51935924625354,0.049866019740311275,0.2248361008921692,0.2217883139871158,0.824478677007303,0.9999089513852738
Muc1,6.261792679350855,0.522979534700458,0.7595701339536349,0.6885204029525223,0.4911251264390022,0.9999089513852738
Muc2,2.4572342253187784,0.4841977603380734,1.483766136507685,0.3263302406117189,0.7441745107309077,0.9999089513852738
Muc20,0.15675624518773507,-0.969188503896664,4.42774672984595,-0.21888977916548177,0.8267359084612689,0.9999089513852738
Muc5ac,0.0,,,,,
Mus81,180.08492197579514,-0.06066882365011851,0.19746908927758308,-0.30723200209241913,0.7586667885325173,0.9999089513852738
Musk,1.494685372129268,0.3537973918939397,1.4657125049376196,0.24138252945382166,0.809258651964239,0.9999089513852738
Mxd1,247.3456450681788,-0.11485757435420925,0.183562105122443,-0.6257150639975217,0.5315018508050844,0.9999089513852738
Mxd4,325.78932667599764,0.23080508367825073,0.15620701885094865,1.47755898151083,0.13952586024838554,0.9999089513852738
Myb,5.454885378985799,0.2621077136344657,0.9134909461593351,0.2869297333886741,0.7741661233277204,0.9999089513852738
Mybbp1a,252.04142081807413,0.025763594703924045,0.14865312686899085,0.17331350672919044,0.8624050075141246,0.9999089513852738
Mybl2,7.8932500513017905,0.3026777055828881,0.7019047025897164,0.431223361898192,0.6663059687164264,0.9999089513852738
Mybpc3,0.15792207135954184,0.9543856482214617,4.427724182917884,0.21554767388254945,0.8293403470759629,0.9999089513852738
Mybph,1.5399853328638013,-0.35843847513288773,1.5809395356720133,-0.22672497400764005,0.8206376063101353,0.9999089513852738
Myc,35.35841110436999,0.4068242859384613,0.3406698569193571,1.1941892646955385,0.2324039414750798,0.9999089513852738
Mycbp2,381.62432280507346,-0.05314506895937427,0.13320206622646305,-0.39898081512504363,0.689907340398387,0.9999089513852738
Mycl,188.1578669387832,0.6557900507022021,0.2998080215774828,2.1873665929672894,0.028715772900330137,0.9999089513852738
Mycn,18.634239581569343,0.39353347222177243,0.4423246238469495,0.8896937927605417,0.3736303279260923,0.9999089513852738
Myd88,79.3534465427391,0.14085093134558066,0.25957672868460335,0.5426177148442319,0.5873930394225568,0.9999089513852738
Myf5,0.7072581047776983,-0.05372537379035451,2.2809326142255997,-0.02355412582348244,0.9812082642775763,0.9999089513852738
Myf6,1.153330961044748,-0.5446084301385389,1.8800038355306703,-0.28968474417224355,0.7720574285186308,0.9999089513852738
Myh1,11.016181320356155,-1.5087232651613685,2.1229649729726785,-0.7106679970554488,0.4772899957128166,0.9999089513852738
Myh10,699.7221732134904,-0.025642093449471853,0.14137943008201168,-0.18137075127971117,0.8560765752176953,0.9999089513852738
Myh11,30.923057414321807,-0.17817310328540759,0.433448875766821,-0.4110590965778809,0.6810292019380089,0.9999089513852738
Myh2,3.527929513207836,-1.6379203148626376,1.2475705376408226,-1.3128879413583887,0.18922071080496938,0.9999089513852738
Myh3,0.0,,,,,
Myh4,14.631336322236093,-0.8513461208217321,2.100705668105705,-0.4052667319117708,0.6852814577159367,0.9999089513852738
Myh7,0.9099202188356182,-0.00934722025782939,2.021955887951582,-0.004622860623976787,0.9963115040190998,0.9999089513852738
Myh8,1.5237146360167309,-1.9257063845542195,2.064214401999435,-0.9329003725043996,0.3508714100352218,0.9999089513852738
Myh9,407.36249492327937,-0.022600774138933265,0.1282767581980186,-0.17618759981480703,0.8601465623145192,0.9999089513852738
Myl2,16.91381318215387,0.27238484952811237,0.5463409496801932,0.4985620237464461,0.6180879643453308,0.9999089513852738
Mylk,240.69172212709088,-0.009315172334364697,0.21510482524266347,-0.04330526906523873,0.9654581910578117,0.9999089513852738
Mymk,2.324893773629192,0.5775334108732354,1.4118365983159344,0.4090653348709959,0.6824917148934713,0.9999089513852738
Myo10,928.6253601499496,0.011992015984793077,0.1470787681569777,0.08153465068454989,0.9350167693404973,0.9999089513852738
Myo16,145.95377723081893,-0.34303891393120617,0.1911375231905775,-1.7947230256257551,0.07269784008290486,0.9999089513852738
Myo18a,949.9886180746963,-0.0871244794364756,0.10273527692429915,-0.8480483242447827,0.3964110588055417,0.9999089513852738
Myo1c,137.4338975796062,0.20446889009743577,0.2216553306269865,0.9224632203478427,0.3562870064747138,0.9999089513852738
Myo1d,55.307348340947016,-0.0786628445980767,0.2886449127530864,-0.27252461804295414,0.7852186648905726,0.9999089513852738
Myo1e,287.32734355269196,0.0041904460202793715,0.19565476750614813,0.02141755130064844,0.9829125728635616,0.9999089513852738
Myo5a,1740.05395007547,-0.0972448051860133,0.1935631490224764,-0.5023931759589286,0.6153909782953876,0.9999089513852738
Myo6,2614.7319793831443,0.077192378478708,0.09514463989021456,0.8113161032274513,0.41718416473785624,0.9999089513852738
Myo7a,104.1739235526253,0.03546781959832167,0.21453584717257881,0.1653235115052373,0.8686893539384899,0.9999089513852738
Myo9a,353.3025963465807,0.02354282509199693,0.12915658099965693,0.18228126596243258,0.8553619999819471,0.9999089513852738
Myocd,1.0295236204914187,-1.1083582358600281,2.007625814819571,-0.5520741104634771,0.5808975788382384,0.9999089513852738
Myod1,1.906142408395035,-1.4743129896236196,1.561893375981795,-0.9439267829001945,0.34520706449245453,0.9999089513852738
Myog,2.3586997220947015,0.011425048370976906,1.20042184984262,0.00951752783613092,0.9924062261276079,0.9999089513852738
Myrf,38.717837466999924,-0.2137036469892675,0.39658546086044566,-0.5388590053846366,0.5899841456864168,0.9999089513852738
Myt1,83.13585070743422,0.1911611506926905,0.22304556714344403,0.8570497640500151,0.39141738270664717,0.9999089513852738
Mzb1,4.1500763801193665,-0.4527167779935143,0.9645241271257567,-0.4693680181361478,0.6388066044531957,0.9999089513852738
Naa15,441.4811939456476,-0.038720918286209355,0.12399892385080809,-0.31226818010773416,0.7548367203831715,0.9999089513852738
Naaa,221.11282289046972,0.21721093718935536,0.2680856383157127,0.8102296659903713,0.41780819029667415,0.9999089513852738
Nadk2,1005.834735254185,-0.07213994365752446,0.13618379158927532,-0.5297248873426549,0.5963026900503496,0.9999089513852738
Nae1,460.21434204935053,-0.019055376101721616,0.12648780358981893,-0.15064990901032133,0.8802518889448401,0.9999089513852738
Nagk,159.40296415533552,0.04874908149406098,0.19080555209698805,0.2554908961416459,0.7983439741804865,0.9999089513852738
Naip1,1.4813221964638368,-1.674719335395187,1.7479976480838897,-0.95807871208006,0.33802306910219715,0.9999089513852738
Naip5,1.2546192788439614,1.6026605809936607,1.731900427678481,0.9253768608059879,0.3547699107635832,0.9999089513852738
Nampt,153.8514503205034,0.18424164902531567,0.19613114954354047,0.9393798458536778,0.3475357568665691,0.9999089513852738
Nanog,12.725510557219915,-0.4587297925425278,0.5310194169379973,-0.8638663256189179,0.3876613273583498,0.9999089513852738
Nat1,76.32189123938313,-0.1413900613099851,0.22887713760473302,-0.6177552847334337,0.5367366630755621,0.9999089513852738
Nbn,221.13809832703825,0.013690870134358699,0.15208393267620013,0.09002180502201865,0.9282698872752069,0.9999089513852738
Nbr1,1194.221735994631,0.00030697102554242057,0.11426322287084122,0.002686525181329857,0.9978564656140729,0.9999089513852738
Ncam1,5145.694425377041,-0.0592686024734246,0.11524812619371483,-0.5142695541427109,0.6070635448292897,0.9999089513852738
Ncam2,1160.0328439683335,-0.04135493224831893,0.16315169162843304,-0.2534753506724404,0.7999009066536674,0.9999089513852738
Ncan,1044.0955665338606,-0.22763166310755462,0.1640449805497185,-1.3876173616818734,0.1652535918528647,0.9999089513852738
Ncaph,8.05859054143431,0.18307385943218887,0.6517744681247343,0.28088528837118065,0.7787983847718862,0.9999089513852738
Ncbp2,330.66982964701566,0.027129867368294116,0.14640066082881287,0.18531246522184233,0.8529839615253854,0.9999089513852738
Ncf1,22.616708508342096,0.022861065132915956,0.439132509863162,0.052059605288708156,0.9584811996046265,0.9999089513852738
Ncf4,3.2049438324527393,0.09743531966916527,1.0741774802634019,0.09070690966754666,0.9277254801476413,0.9999089513852738
Nck1,313.1142294115835,-0.029860292771320827,0.1426935209378401,-0.20926172803829343,0.8342439269249725,0.9999089513852738
Ncl,562.864318144846,-0.08293451545902021,0.15504835782251192,-0.5348945104852876,0.5927228044871446,0.9999089513852738
Ncoa1,788.1914263123908,-0.04386617882245835,0.10598232007324651,-0.4139009109457272,0.6789466767262671,0.9999089513852738
Ncoa2,547.3795169246882,-0.025283032537835176,0.12193281046637398,-0.20735216748577778,0.8357348355478984,0.9999089513852738
Ncoa3,242.00974287385012,-0.012200698687451208,0.15863735264845072,-0.07690936897118197,0.93869564426446,0.9999089513852738
Ncor1,984.0671748895807,0.048858874020562576,0.11188529875343256,0.436687165918334,0.6623382380673699,0.9999089513852738
Ncor2,771.3429503699507,0.027071976630461743,0.11162888959700619,0.24251765585230545,0.80837907773396,0.9999089513852738
Ncr1,0.8202233423943781,-3.166019463772461,2.759462145460723,-1.1473320875158657,0.2512443972524948,0.9999089513852738
Ncstn,320.670058023736,-0.023064972974894127,0.13841738035014273,-0.1666335030799501,0.8676584305945925,0.9999089513852738
Ndc1,223.68012942864297,-0.06393385395138415,0.16796035673740162,-0.3806484767792071,0.70346410514578,0.9999089513852738
Ndc80,1.3208142139077206,0.22005924948993494,1.8456215824425666,0.11923313618748435,0.9050906550139279,0.9999089513852738
Nde1,420.7850954088032,0.025915301561196646,0.13098240458543495,0.19785330436725235,0.8431598395788117,0.9999089513852738
Ndel1,540.1811622558431,-0.06635469620789736,0.13133934527513677,-0.5052156767562223,0.6134073606937409,0.9999089513852738
Ndn,1183.6708532185023,-0.08486206819927142,0.157111861363653,-0.5401378830516727,0.5891019468550073,0.9999089513852738
Ndor1,155.93086189270267,0.0232820129287882,0.17316041617939898,0.13445343596695558,0.8930440293920708,0.9999089513852738
Ndrg2,21591.75711782714,0.014927491443245967,0.0637074847581012,0.2343129932052097,0.8147419995482563,0.9999089513852738
Ndrg4,1951.3390625783466,-0.0832721784052482,0.1599543805750357,-0.52059954910822,0.6026457635014851,0.9999089513852738
Ndst1,317.2291031124531,0.02922873388453783,0.18552629308350488,0.15754496787893055,0.8748153711085211,0.9999089513852738
Ndst2,203.029176638261,-0.06726115131988505,0.2022828699155021,-0.332510367031976,0.739503912856591,0.9999089513852738
Ndst3,43.53004341036084,-0.5645822238889969,0.30539298635657103,-1.8487072366154522,0.06450009818804235,0.9999089513852738
Ndufa12,136.36503022859168,-0.21488651183971605,0.17892153567821165,-1.201009766796251,0.22974741275010346,0.9999089513852738
Ndufa9,749.8738922177437,-0.026949473835912816,0.11539970373220058,-0.23353156866375008,0.815348658876915,0.9999089513852738
Ndufaf6,278.42075406536543,-0.02159707280302072,0.13857553329114622,-0.15585054800146733,0.8761508258498493,0.9999089513852738
Ndufs1,1609.4145382255608,-0.02445229022095327,0.11240670514764428,-0.2175340891705313,0.8277921436704025,0.9999089513852738
Ndufs4,223.37743647328554,0.027218067453737192,0.1762603957404586,0.1544196433883848,0.8772788662362329,0.9999089513852738
Ndufv2,438.5915160186073,-0.05963876374318236,0.14842261807163631,-0.4018172197609238,0.6878185482987075,0.9999089513852738
Neat1,588.3539922344207,0.022828398485261952,0.22876126393008653,0.09979136368226534,0.9205099646082936,0.9999089513852738
Nectin2,83.78498295103783,-0.03955514069570428,0.22896568525328345,-0.17275575880266994,0.8628434134425631,0.9999089513852738
Nectin3,314.1973721630414,0.15539996782892673,0.1514479145173454,1.0260951319414089,0.3048467446920189,0.9999089513852738
Nedd4,3100.2337353979215,-0.031667322266137804,0.09680865764050182,-0.32711250251743135,0.7435827959087304,0.9999089513852738
Nedd4l,502.0129177048016,0.013181039344911298,0.15026601084081934,0.08771803597604193,0.9301007842445,0.9999089513852738
Nefh,1203.1341347985992,0.05987727102229293,0.48909003537595847,0.12242586577390784,0.9025617546605582,0.9999089513852738
Nefl,1892.3875206305413,-0.22314506481488897,0.41876004974862246,-0.5328709482885026,0.5941229169487207,0.9999089513852738
Nefm,437.4767333041764,-0.12863320343949813,0.311560616556555,-0.4128673413898846,0.6797038098316164,0.9999089513852738
Neil1,212.58778279207488,0.08657077860973234,0.17831374474876835,0.48549694658538256,0.6273238781104362,0.9999089513852738
Nek2,1.8093636886765447,0.28990452772891573,1.3200268028438102,0.21962018279049908,0.8261669715535815,0.9999089513852738
Nek7,583.451791992202,-0.05766177612574027,0.12818849325367254,-0.44982021913334475,0.6528400775185033,0.9999089513852738
Nelfb,546.9276028135562,-0.0398690267600819,0.1259793319193476,-0.3164727590840551,0.7516436985505928,0.9999089513852738
Nelfe,173.30874372966193,0.12492084206349895,0.1742585492575583,0.7168706648582445,0.4734539041642205,0.9999089513852738
Nell1,157.921143555714,-0.041304296123777916,0.17282291475144282,-0.2389977983138552,0.8111072899704035,0.9999089513852738
Neo1,726.1159034433791,-0.05800095956235587,0.11455865289268252,-0.5062992458255478,0.6126465923725435,0.9999089513852738
Nes,31.085716141298352,-0.24101119668550366,0.4064549209619213,-0.5929592293165588,0.5532084378668842,0.9999089513852738
Neu1,324.5403262865391,0.06656400711446302,0.13152667861243322,0.5060874935541079,0.612795229781415,0.9999089513852738
Neurod1,5.927706408771244,-0.4430438066688533,0.7718121773766187,-0.5740305992252603,0.5659470950037724,0.9999089513852738
Neurod2,7.121333796438054,-1.1229646834194242,0.9003030853867545,-1.2473184882366788,0.21228074100871008,0.9999089513852738
Neurod4,0.5216469423007041,-0.9889748224250771,2.8362633770466883,-0.3486893461406484,0.727322543426828,0.9999089513852738
Neurod6,14.244114819632074,-0.8176271637318476,0.5419727640429338,-1.5086130115333194,0.13139770709344892,0.9999089513852738
Neurog1,11.805050337880402,0.6246292616995595,0.6547583073558526,0.9539844774509775,0.34009149974933295,0.9999089513852738
Neurog2,6.3991683411655735,0.3549182426956156,0.7919305266136892,0.44816840716224576,0.6540316614532034,0.9999089513852738
Neurog3,0.35471846376485733,-0.007398014538892246,3.6785656993063904,-0.0020111138806864787,0.9983953643662633,0.9999089513852738
Nf1,1229.5465161750217,-0.09432643135180453,0.101217746883869,-0.9319159362441534,0.35137997110777086,0.9999089513852738
Nf2,390.9781857547352,0.02819842762470384,0.15982880180627104,0.17642894963877184,0.8599569628484238,0.9999089513852738
Nfat5,939.3514443338827,-0.11071944525597079,0.1200582936651857,-0.9222140501575113,0.35641693578379074,0.9999089513852738
Nfatc1,128.7839538287597,0.1152302338014252,0.24142178524635766,0.4772984081939378,0.6331496443103352,0.9999089513852738
Nfatc2,61.45948862181282,0.07261305483207971,0.28982428300736185,0.2505416526131292,0.8021684974224959,0.9999089513852738
Nfatc3,237.54276437282087,0.08310912966429213,0.14450403299160827,0.5751336342918435,0.5652009222702317,0.9999089513852738
Nfe2,0.5505018595899633,0.9187239555317777,2.7929893477320795,0.3289392980599034,0.7422015700754143,0.9999089513852738
Nfe2l1,1222.1643953361297,-0.0028728750079933803,0.12058040112940964,-0.02382538937575888,0.9809918880021712,0.9999089513852738
Nfe2l2,608.6275812532166,0.09716413043152741,0.1377432970829877,0.705400062937276,0.48056130485691817,0.9999089513852738
Nfia,1269.8518093865878,-0.11746240277619122,0.11320787061141413,-1.0375815934157153,0.29946489094016837,0.9999089513852738
Nfib,998.3745007702823,-0.08970516776936027,0.10265035204818092,-0.8738905028523958,0.3821778871987229,0.9999089513852738
Nfil3,20.716788348069674,-0.029916296566327678,0.418705178429296,-0.07144954996390007,0.9430399751758143,0.9999089513852738
Nfix,1125.1741623388743,-0.07136599038264868,0.10816035260501633,-0.6598165470416452,0.5093715632974816,0.9999089513852738
Nfkb1,315.1076418768287,0.16720984709392633,0.14318667331100382,1.1677752071992327,0.24289745125462125,0.9999089513852738
Nfkb2,50.19501271220466,0.16169668584701508,0.2848170776434538,0.5677211745337611,0.5702243112508356,0.9999089513852738
Nfkbib,292.51839563629443,0.042410108453788495,0.14091043704989403,0.3009720879566344,0.7634357788422022,0.9999089513852738
Nfkbie,34.81506809164838,0.5015026222284448,0.35469278115180425,1.4139070454151919,0.15738919704201726,0.9999089513852738
Nfu1,252.46965621826897,0.20608823997837522,0.15520687057822075,1.327829362260812,0.1842344845630589,0.9999089513852738
Nfya,77.09763483188095,0.22919717288132518,0.2526364073476685,0.9072214701260886,0.36428969217771545,0.9999089513852738
Nfyc,277.54402263746925,-0.020162581478061586,0.14942573976326948,-0.1349337905905939,0.8926642228271031,0.9999089513852738
Ngb,83.20035964996603,0.1250326035174878,0.310778464722653,0.40232068083954986,0.6874480364866451,0.9999089513852738
Ngf,14.706847756359068,-0.19342168696746534,0.5155659705620541,-0.3751637967040435,0.7075386531187431,0.9999089513852738
Ngfr,13.325874783742286,0.16243303672652643,0.6565270675194772,0.24741255122997272,0.8045889616016256,0.9999089513852738
Nhlh1,0.2069686257534271,-0.969188503896664,4.42774672984595,-0.21888977916548177,0.8267359084612689,0.9999089513852738
Nhlh2,36.01519212307245,-0.030034022781425987,0.4204496912937757,-0.07143309509636595,0.9430530707987618,0.9999089513852738
Nhsl1,2721.528165022801,-0.023660451142983843,0.13397121888046254,-0.17660846367379227,0.859815945543394,0.9999089513852738
Nid1,63.132117691126126,0.08502394197338396,0.24909197682726592,0.3413355301778517,0.7328510030532476,0.9999089513852738
Nid2,50.526581779747055,-0.07236951993271717,0.35248959559561627,-0.20530966257438435,0.8373301952191436,0.9999089513852738
Ninj2,24.01213597850069,-0.5415921571129473,0.39576720790430886,-1.3684614245349425,0.17116768876988375,0.9999089513852738
Ninl,107.14962113463115,-0.07602173600277377,0.24131355084177206,-0.31503301715791665,0.7527365852088629,0.9999089513852738
Nipbl,506.32896386178567,-0.05177355375263821,0.12318577112953043,-0.4202884251801945,0.6742747645566303,0.9999089513852738
Nipsnap2,537.1150446374777,-0.032780739142004904,0.12530316379679965,-0.26161142423478173,0.7936210354316036,0.9999089513852738
Nkain1,43.17363281160217,-0.5081243511076783,0.40844026571936404,-1.2440603773791645,0.21347734237733706,0.9999089513852738
Nkain3,8.202084163203072,-0.5526273851848565,0.6573297286058479,-0.8407156425998593,0.4005072551879376,0.9999089513852738
Nkd2,13.443991764497165,0.08145939225775299,0.6077971713549526,0.1340239739453819,0.8933836169911888,0.9999089513852738
Nkx2-1,32.659817492234815,-0.5663155519362818,0.7103457640542504,-0.7972392890809599,0.4253120720115061,0.9999089513852738
Nkx2-2,307.53549672642265,-0.20914140831502862,0.19248396011786278,-1.0865394092420275,0.2772404152098823,0.9999089513852738
Nkx2-5,0.5092958862005762,-0.8359648163784755,3.2322376600066933,-0.2586334621126667,0.7959180624246445,0.9999089513852738
Nkx3-1,4.946955743339662,-0.36878334840864646,1.1513291037266098,-0.3203109755629146,0.7487326038237301,0.9999089513852738
Nkx3-2,0.0,,,,,
Nkx6-1,5.400010345156705,-1.4106977464173605,1.2281653160338069,-1.1486220364641277,0.25071186635277287,0.9999089513852738
Nkx6-2,1733.5817474660382,-0.3335041206570565,0.2783608429849621,-1.198099980876525,0.23087809630526046,0.9999089513852738
Nlgn2,402.48901170796654,0.007079001426703272,0.13343823495790774,0.05305077235873436,0.9576914541454005,0.9999089513852738
Nlgn3,670.7091443221656,0.016294347687044866,0.13800389603447177,0.11807164982483338,0.9060108864577179,0.9999089513852738
Nlk,171.40917260415463,-0.12109813252692674,0.1663937186543637,-0.7277806728899073,0.46674785737289726,0.9999089513852738
Nlrc4,1.4737349972973934,-0.7949407644652916,1.794656196309976,-0.44294877542550104,0.6578027864299923,0.9999089513852738
Nlrc5,67.4326083209881,1.0464925332039796,0.466913260763651,2.241299661295567,0.025006670892253825,0.9999089513852738
Nlrp12,0.8102039386378638,-0.45489732840627534,2.148295096750186,-0.21174806435783292,0.8323035882843148,0.9999089513852738
Nlrp3,2.980454082235848,-0.3732679307082354,1.1577117729262736,-0.3224187051020049,0.7471355155836223,0.9999089513852738
Nlrp4e,0.0,,,,,
Nlrp4f,0.49128307184796655,2.416853942101542,3.4606304437662883,0.6983854477888777,0.4849361745633807,0.9999089513852738
Nlrp6,0.9116416963494572,-2.053352376420282,2.464837440300039,-0.8330579302504963,0.4048120585442804,0.9999089513852738
Nlrp9b,0.8171466183235645,0.4212131934479947,2.1449177986476258,0.19637731278726406,0.8443148523014895,0.9999089513852738
Nmb,73.71318639705218,0.08278679756546932,0.28525523989101687,0.2902200765780794,0.7716478779806489,0.9999089513852738
Nme5,64.56828217494525,0.10108891535136659,0.2545417345829667,0.3971408284656642,0.6912636135940804,0.9999089513852738
Nmrk1,40.524946798042876,0.17954617454442887,0.3510613315497144,0.5114381972854878,0.6090442539133747,0.9999089513852738
Nmt1,334.98091113696665,0.13895729283082248,0.13477655041300218,1.0310198057823046,0.30253153209068506,0.9999089513852738
Nmu,83.75194689351447,0.8190106464493946,1.3397674328924818,0.6113080720891962,0.5409956480663589,0.9999089513852738
Nmur1,0.15675624518773507,-0.969188503896664,4.42774672984595,-0.21888977916548177,0.8267359084612689,0.9999089513852738
Nobox,0.5092958862005762,-0.8359648163784755,3.2322376600066933,-0.2586334621126667,0.7959180624246445,0.9999089513852738
Noct,242.7583610960692,0.13976687369838672,0.17232898006620564,0.8110468340536272,0.41733877576866785,0.9999089513852738
Nod1,80.71807720741549,0.24842716378338928,0.2907239849800085,0.8545121029504059,0.3928213063265624,0.9999089513852738
Nod2,0.9506048855339412,-2.166976347435006,2.1833708226347275,-0.9924912089921869,0.32095796571481994,0.9999089513852738
Nodal,2.774357574100488,0.4495663253541016,1.2866955136401255,0.3493960463748383,0.7267920010656648,0.9999089513852738
Nog,168.91866736433332,-0.3118195688152402,0.19898566985325927,-1.5670453507792275,0.11710409159381678,0.9999089513852738
Nos1ap,145.88100399135593,-0.3713895530346985,0.18695271453465798,-1.9865427146063126,0.046973094830024195,0.9999089513852738
Nos2,2.620729186792092,-0.3171903442515339,1.2586496489768582,-0.25200844771169983,0.8010345341654544,0.9999089513852738
Nos3,20.274334162556205,-0.11878357102244236,0.4229591554150341,-0.28083934229035534,0.7788336266600653,0.9999089513852738
Nosip,695.2955661908164,-0.056795697285862805,0.11590390779660678,-0.4900240066584326,0.6241169112292422,0.9999089513852738
Notch1,1174.444255147151,-0.07797757640276305,0.11412315232391702,-0.6832756966039496,0.4944326482997843,0.9999089513852738
Notch2,1030.9571810566329,0.011902752914276322,0.12933113351889042,0.0920331600784878,0.9266716934517333,0.9999089513852738
Notch3,604.8342314060459,0.08657886956697497,0.21858254282778053,0.39609233403048927,0.6920369133804887,0.9999089513852738
Notch4,14.49619180920935,-0.04179689741207878,0.5632505795464094,-0.07420657684140898,0.9408460127194961,0.9999089513852738
Noto,0.15792207135954184,0.9543856482214617,4.427724182917884,0.21554767388254945,0.8293403470759629,0.9999089513852738
Nova2,179.99306131167077,-0.1676381484562744,0.1602521903766529,-1.0460895920502662,0.2955196700676591,0.9999089513852738
Nox1,1.2013645188584237,-0.4553947057528431,1.7327339986027344,-0.26281858965084687,0.7926904066240125,0.9999089513852738
Nox3,0.3499546068311728,-1.9174255606522936,3.8305530152323097,-0.5005610294460338,0.6166800948440196,0.9999089513852738
Nox4,7.475952200069244,0.5991882641004059,0.7686686609279436,0.7795143662772208,0.43567677820052775,0.9999089513852738
Noxo1,43.42175967664727,0.008547167496830077,0.2910961970954975,0.029362003290019204,0.9765758767114509,0.9999089513852738
Npas1,2.347057146928203,-0.15079936719695847,1.4116332666591918,-0.10682616424437504,0.9149268901783292,0.9999089513852738
Npas2,383.77116753688614,0.12497042349446469,0.16279247603144004,0.7676670724654941,0.4426850032726164,0.9999089513852738
Npas4,13.030199086812601,0.21077525794379115,0.5261955237115692,0.400564521068268,0.6887407712365945,0.9999089513852738
Npbwr1,5.441000019614397,0.013247934119958574,0.8564996213841622,0.0154675306202109,0.9876591882049153,0.9999089513852738
Npc1,1437.754697748777,0.009088273237400264,0.09995477736980507,0.09092385053068712,0.9275530987025961,0.9999089513852738
Npc1l1,4.543833678629341,-1.0916574894770472,1.0680613596971136,-1.0220924851982522,0.3067371295627085,0.9999089513852738
Npepps,1641.942028118195,0.07400065941767144,0.09787361434079611,0.756083852794084,0.4495989225236152,0.9999089513852738
Npffr2,2.5923998428880197,1.1172229339638096,1.1896847385588805,0.9390915910354141,0.34768372125914715,0.9999089513852738
Nphs1,32.486676347390976,0.13023966611774937,0.3558224454755344,0.3660243128948547,0.7143469335105775,0.9999089513852738
Nphs2,0.8994434698409267,0.6427116096838391,2.116614590422881,0.3036507508697798,0.7613939823871257,0.9999089513852738
Nploc4,364.1278182519355,-0.05617117492229353,0.1263365363956228,-0.4446154416200989,0.6565976863529144,0.9999089513852738
Nppa,1.923643315362505,-0.40419683742458135,1.3634606198725143,-0.29644922011929786,0.7668870413679044,0.9999089513852738
Nppb,0.30450608319916533,-0.007398491186301263,3.858512348870997,-0.0019174465486591135,0.9984700999401322,0.9999089513852738
Npr1,13.970924570537262,0.2781658819774362,0.5087892385262145,0.5467212372321121,0.5845702615573253,0.9999089513852738
Npsr1,15.23294312329945,-0.37106319879762395,0.8026597324780795,-0.4622920320819228,0.643871912796603,0.9999089513852738
Nptx2,90.85875903915347,0.3891317213656985,0.2353407999336616,1.6534817654881253,0.09823285416640794,0.9999089513852738
Nptxr,231.91664009504314,-0.43314191716435274,0.3415487585623834,-1.268170082033075,0.2047372186285663,0.9999089513852738
Npy1r,14.447717656655831,1.0336960536468585,0.5276816663549382,1.9589387305936006,0.050119962545581244,0.9999089513852738
Npy2r,15.058545843187753,0.6400639451507307,0.5330655902985161,1.200722681785361,0.22985879268366327,0.9999089513852738
Npy4r,0.15792207135954184,0.9543856482214617,4.427724182917884,0.21554767388254945,0.8293403470759629,0.9999089513852738
Nqo1,192.7684655238476,0.07894347825021923,0.18181917904064104,0.4341867489819291,0.6641528347993968,0.9999089513852738
Nr0b1,0.6065799618082596,1.3963886500406193,2.6797356343919616,0.5210919435929594,0.6023027229425764,0.9999089513852738
Nr0b2,0.4139372515068542,-2.139667925196131,4.273053694189175,-0.5007350897803637,0.6165575733599526,0.9999089513852738
Nr1d1,3338.704239014889,0.08067818225085839,0.15049543205856752,0.5360839272481126,0.5919005478111315,0.9999089513852738
Nr1h2,305.332644591039,-0.03461036805168742,0.19473863283602125,-0.17772728270528076,0.8589371578460778,0.9999089513852738
Nr1h3,145.8110135264422,0.23663797883922524,0.19275335218894962,1.2276724433163528,0.2195699550046709,0.9999089513852738
Nr1h4,1.2964217610630746,-1.6436719184167736,1.9533429433269822,-0.8414661255627908,0.40008685434137625,0.9999089513852738
Nr1i2,0.0,,,,,
Nr1i3,0.6683837837319248,1.5018634443430983,2.628599108856909,0.571355076277192,0.567758974603874,0.9999089513852738
Nr2c2,398.6131660698414,0.04102829552587761,0.14469112160083575,0.28355779588925817,0.7767492839958521,0.9999089513852738
Nr2e1,334.08522056713724,-0.06776883328753731,0.17144974068726584,-0.3952693834116177,0.692644092082715,0.9999089513852738
Nr2e3,0.6646329233784497,-1.4950013556355866,2.397724572765205,-0.6235083764902398,0.5329504994439926,0.9999089513852738
Nr2f1,1466.500747592312,0.051348323395472704,0.11333086510632645,0.45308330918764245,0.6504887535454735,0.9999089513852738
Nr2f2,354.6890814248823,0.49157771976598597,0.17768418823053334,2.766581115975254,0.0056647490158991615,0.9999089513852738
Nr3c1,538.2133068079021,-0.004049227308912712,0.12616200820327284,-0.03209545699675752,0.9743959263368868,0.9999089513852738
Nr3c2,717.2990879189964,-0.012290486604781978,0.1666455793729731,-0.07375225104096143,0.9412075216425702,0.9999089513852738
Nr4a1,22.730046894515116,0.7533999659528701,0.4064237299123408,1.8537302586031739,0.0637777604619328,0.9999089513852738
Nr4a2,19.844498188264144,-0.6358708487055694,0.6263072170789631,-1.0152698729406475,0.30997720131617834,0.9999089513852738
Nr4a3,21.04060922290635,0.3442256178778621,0.45120706186418486,0.7628994467765564,0.4455233661747382,0.9999089513852738
Nr5a1,1.6836454502242086,3.0445779209500117,1.9032867054459797,1.5996422988919075,0.10967795912043442,0.9999089513852738
Nr5a2,0.6065799618082596,1.3963886500406193,2.6797356343919616,0.5210919435929594,0.6023027229425764,0.9999089513852738
Nr6a1,21.50469744484954,0.1641990505574845,0.4416090414455748,0.37181994739054924,0.710026910925696,0.9999089513852738
Nrarp,735.7704593782952,0.0011152056583870694,0.19605632427663208,0.005688190179540107,0.9954615053510639,0.9999089513852738
Nras,131.98785963723574,-0.08635225718912282,0.17936569089961996,-0.48143129689974495,0.6302099976950288,0.9999089513852738
Nrcam,2014.82878913818,0.010291506186445806,0.10021810331380787,0.10269108919593632,0.9182081460461978,0.9999089513852738
Nrep,151.04890730573004,-0.10910383337441602,0.19302130472214435,-0.5652424406283639,0.5719088732049824,0.9999089513852738
Nrf1,148.00028048965956,-0.1500574985711929,0.18132040159744695,-0.827581988839505,0.40790727193243215,0.9999089513852738
Nrg1,46.78533516399917,-0.06000333164276813,0.2834298916226998,-0.21170431706844883,0.83233771990718,0.9999089513852738
Nrip1,298.2333863476027,-0.05824168595270875,0.1472567906541287,-0.39551103683567745,0.6924657780002044,0.9999089513852738
Nrip3,395.4081365139097,0.09987977844559874,0.2707554677626581,0.36889293232354037,0.7122075315980407,0.9999089513852738
Nrl,2.801427929437928,-0.4739984326209348,1.1106324065205893,-0.42678246181010177,0.6695377818005661,0.9999089513852738
Nrn1,544.2211415386074,-0.12282830426401356,0.20486581937722487,-0.5995548922577785,0.5488029168064237,0.9999089513852738
Nrp1,591.1799764319428,-0.18103058318475065,0.1353769620299544,-1.337233311120504,0.18114649171453523,0.9999089513852738
Nrp2,88.69093153840781,-0.23694066183833554,0.21518316596792705,-1.101111514799682,0.27084812609759,0.9999089513852738
Nsf,1668.2059053953383,-0.05445024517169683,0.11891985260735892,-0.4578734666908541,0.6470433504679738,0.9999089513852738
Nsmce3,49.2522727702204,-0.06325257948676857,0.29622062335780625,-0.2135319910199686,0.8309120392292846,0.9999089513852738
Nsmf,7203.410851630441,0.13673301255715764,0.23782258131585704,0.5749370467708436,0.5653338736580771,0.9999089513852738
Nsun2,204.7617797048583,0.17365886662870392,0.15538762044814317,1.1175849538583953,0.2637442978208674,0.9999089513852738
Nt5c1b,0.19578339582510598,0.9543856482214617,4.427724182917884,0.21554767388254945,0.8293403470759629,0.9999089513852738
Nt5e,19.639435133164707,0.13308163992032493,0.4374885164289948,0.3041945900811418,0.7609796461640844,0.9999089513852738
Ntf3,2.093072226635433,0.46815332770434404,1.4086168297943669,0.33234966230858265,0.7396252438694502,0.9999089513852738
Ntf5,0.8502440858554441,-0.577625896605004,1.9758365797362856,-0.29234497555567046,0.7700228744613892,0.9999089513852738
Nthl1,85.27127371310134,0.029803408082703015,0.2396620881269808,0.12435595598629766,0.9010334446142457,0.9999089513852738
Ntmt1,88.38058035708298,-0.2872732706487909,0.24182470129304473,-1.1879401447111528,0.23485699212808475,0.9999089513852738
Ntn1,150.9963024034703,-0.5483789573385804,0.21358173252442464,-2.5675367966025338,0.010242391814453135,0.9999089513852738
Ntn4,45.15145770515884,-0.2939113373142902,0.3029482329393376,-0.9701701655845045,0.3319616791889801,0.9999089513852738
Ntng1,556.8252551308842,0.13160606470737876,0.18995728548112698,0.6928192534129171,0.48842298795387307,0.9999089513852738
Ntng2,451.128398300418,-0.003294790576862254,0.15891083907829542,-0.02073357988651051,0.9834581818966789,0.9999089513852738
Ntrk1,5.550695810445915,-2.1554261207724434,1.1127388352721899,-1.937045830026413,0.052739741391343214,0.9999089513852738
Ntrk2,14377.590124956469,0.08433239022528145,0.11019717220907366,0.7652863366156096,0.4441010583644176,0.9999089513852738
Ntrk3,577.6455152085977,-0.20351546047671373,0.15975515953522978,-1.2739210493657565,0.20269139767541777,0.9999089513852738
Nts,30.497183534251352,-0.982915411763238,0.501153358523346,-1.9613066440568399,0.049843262711336295,0.9999089513852738
Ntsr1,20.31117194759902,-0.6017161750612333,0.437395867694473,-1.3756786917830242,0.16892113176455825,0.9999089513852738
Ntsr2,22845.1669607924,0.04385552474227457,0.11980075076114628,0.3660705334786413,0.7143124445763817,0.9999089513852738
Nuak2,17.503036966790944,-0.39979160850051937,0.4689613966612738,-0.8525043027993302,0.3939342518730189,0.9999089513852738
Nubpl,20.881801662012393,0.03137526965837135,0.42471810504607144,0.07387316265918992,0.9411113105806588,0.9999089513852738
Numb,137.63527856483802,-0.046362788671243015,0.20636670980759927,-0.22466214979377333,0.8222421119692974,0.9999089513852738
Nup155,99.47166849503316,-0.07251493399254032,0.21774223344282823,-0.33303109298536837,0.7391108127277701,0.9999089513852738
Nup205,137.12799396617316,0.07632604744191555,0.20753732652211815,0.36777021618702,0.7130445789798541,0.9999089513852738
Nup62,45.58695861162055,0.30456004623021765,0.31279159331418915,0.9736836051226505,0.3302136601540757,0.9999089513852738
Nup98,344.1918385195608,0.18668060447065332,0.16002944108998488,1.1665391267953154,0.24339653875497813,0.9999089513852738
Nxn,233.05406285696282,0.3689284876034963,0.20313889115049552,1.8161391229125865,0.06934903364821905,0.9999089513852738
Nxph2,1.9708837907979644,0.48398747206611864,1.3033119733845966,0.37135197247458873,0.7103753924705261,0.9999089513852738
Nxph4,70.51981518520773,-0.49047013596483885,0.5130860363564914,-0.9559218166367345,0.33911173583985854,0.9999089513852738
Nyap1,303.01492592075175,-0.12603209388688222,0.14095156697631878,-0.8941517756099642,0.37124069028612383,0.9999089513852738
Nyap2,91.59854786317744,0.1017400971136019,0.270164585530326,0.37658561692639597,0.7064815782086127,0.9999089513852738
Oasl2,75.34949077353492,0.6109202339388814,0.46764943402680087,1.3063636764796551,0.1914289121664542,0.9999089513852738
Oc90,0.3499546068311728,-1.9174255606522936,3.8305530152323097,-0.5005610294460338,0.6166800948440196,0.9999089513852738
Oca2,0.3637248709411622,-1.9662472611427244,3.7931357017426244,-0.518369870141846,0.6042002323770836,0.9999089513852738
Ocln,41.827006779800314,0.22066717340318184,0.2987614591546952,0.7386065593183588,0.4601459400684843,0.9999089513852738
Ocstamp,0.8640143499654335,-0.6043558755115988,2.1285486300229763,-0.2839286201814779,0.7764650829537131,0.9999089513852738
Odam,0.15792207135954184,0.9543856482214617,4.427724182917884,0.21554767388254945,0.8293403470759629,0.9999089513852738
Odc1,375.13199172844037,0.014859889172473651,0.13309087622844348,0.1116522003128707,0.9110991808794214,0.9999089513852738
Odf2,542.74299778425,0.07784976159262053,0.11998607293462708,0.6488233149778642,0.5164525856560203,0.9999089513852738
Odr4,436.8744674557177,-0.051787086452408385,0.11992089019861428,-0.43184374604489717,0.6658549824408997,0.9999089513852738
Ofd1,63.242197645608684,0.07067052815940343,0.2511898478891484,0.281343090707196,0.7784472628370847,0.9999089513852738
Ogdh,901.2206050975677,-0.024390708871440712,0.13897415690328954,-0.1755053559232161,0.8606825626799746,0.9999089513852738
Ogg1,67.26580827913702,-0.0014764145687943475,0.23992031943893102,-0.006153770436147456,0.9950900325674623,0.9999089513852738
Ogn,14.853938455621995,-0.3055775830802956,0.6084545167681253,-0.5022192697383615,0.6155132895505174,0.9999089513852738
Ogt,994.5238753472049,0.02080199280319695,0.1259280866348489,0.1651894613750153,0.8687948599180492,0.9999089513852738
Olfm3,120.54914779699578,0.06818191103474043,0.22704522149125228,0.30030101751059046,0.7639475571711324,0.9999089513852738
Olfml3,36.64502644718184,0.056317252083325955,0.3347686754877966,0.1682273647654316,0.8664044137510092,0.9999089513852738
Olfr17,0.35370546718464785,1.9252687516065734,3.820606285903314,0.5039170769074359,0.6143196497653132,0.9999089513852738
Olig1,488.59487556973585,-0.23497674797260026,0.17444262810809996,-1.3470144913603803,0.17797556553918736,0.9999089513852738
Olig2,963.3956156201824,-0.5154190680808501,0.11197511218683044,-4.602978804976534,4.1649062881286335e-06,0.010455997236346935
Olig3,0.29073581908917595,-0.007398648057258491,3.9159171036663234,-0.0018893781102596427,0.9984924952732074,0.9999089513852738
Olr1,1.4173395517881557,-1.6121396688678562,1.7071060842439352,-0.9443699391311472,0.34498063741112783,0.9999089513852738
Omp,4.372108142045456,1.1621253453832983,0.9105233789720257,1.2763267503304851,0.2018400378040034,0.9999089513852738
Onecut1,3.448200868055365,0.44962677583471106,0.9927008178806486,0.4529328149387797,0.6505971207350907,0.9999089513852738
Onecut2,34.154378731477124,0.06090141212234427,0.38613935276334427,0.15771873984485937,0.8746784330570505,0.9999089513852738
Onecut3,8.396970801245994,0.3976709531560484,0.7173548947026409,0.5543573426384601,0.5793343135983537,0.9999089513852738
Opa1,565.3534525755275,-0.13215965708420066,0.1441481503088004,-0.9168321397193272,0.3592306081191544,0.9999089513852738
Opalin,26.011035187152988,-0.5750462482599409,0.4842935436238138,-1.1873919358021037,0.2350730593941347,0.9999089513852738
Opn1mw,1.6637926734171309,-0.04596355338872253,1.388752325017661,-0.03309701273633368,0.973597224937511,0.9999089513852738
Opn1sw,0.7196091608778262,-0.30165563517635796,2.517306388670105,-0.11983270551969752,0.904615673354836,0.9999089513852738
Opn3,20.70246897301637,0.013237088006982409,0.4267284555762371,0.03101993277928366,0.9752536432620644,0.9999089513852738
Opn4,2.749745207053849,-0.5848140093716435,1.3099436287882513,-0.44644211897317987,0.6552779140137595,0.9999089513852738
Oprd1,12.000742747836199,-0.06170527143631122,0.6905008674674833,-0.08936306142905319,0.9287933786933218,0.9999089513852738
Oprk1,13.041984215249862,0.21803339325944665,0.622842522859712,0.35006182984804995,0.7262922960436048,0.9999089513852738
Oprl1,51.61509175004685,0.1936648337167266,0.30309970997301255,0.6389476048458448,0.5228570176256767,0.9999089513852738
Oprm1,147.82029724606295,0.006415187192848499,0.17476161784449024,0.03670821586555112,0.9707176577463128,0.9999089513852738
Orai1,15.20841302420476,-0.2836056462370009,0.5010786598357513,-0.5659902705295095,0.57140039454506,0.9999089513852738
Orc1,1.0612680876089262,0.33854043554244756,2.53594885082982,0.1334965551184794,0.8938006885048344,0.9999089513852738
Orm1,0.6870664676730724,2.889961805448585,3.1550557083702033,0.9159780595257518,0.3596784026909011,0.9999089513852738
Osgep,361.05278194217016,0.056215547813807554,0.1280934287737783,0.43886363533205147,0.6607603475079256,0.9999089513852738
Osm,0.560674092938075,0.9506763851887612,2.7828358902243617,0.3416214332035636,0.7326358052651232,0.9999089513852738
Osmr,76.79785313666365,1.1824349346538328,0.44918739501389815,2.6323867227334983,0.008478729165346607,0.9999089513852738
Osr1,0.8428951947400914,-3.1958995605856164,3.003081359691791,-1.0642067855642827,0.2872350337587388,0.9999089513852738
Osr2,0.4474920642769111,-0.7944632352896404,2.936703512870298,-0.27052892190439126,0.7867533696621869,0.9999089513852738
Otc,0.560674092938075,0.9506763851887612,2.7828358902243617,0.3416214332035636,0.7326358052651232,0.9999089513852738
Otof,57.65995770837654,0.10870258417295715,0.3897289915748733,0.27891839335250895,0.780307452626256,0.9999089513852738
Otp,12.372225649846657,1.9220816769720788,0.6286325268244649,3.0575600131311496,0.002231469537515432,0.9323868207514601
Otud5,696.9988450787478,0.03506553763179329,0.13228280479266152,0.26508008872925387,0.7909477657179494,0.9999089513852738
Otud7b,269.6167921424849,-0.0002909125507239571,0.17477357874621446,-0.0016645110365702696,0.9986719129559003,0.9999089513852738
Otx1,138.61713089229536,-0.14841118511464396,0.21203700396558667,-0.6999305891849467,0.4839706530992427,0.9999089513852738
Otx2,147.21383151924104,-0.19713520888443348,0.19502362622280717,-1.0108273171949633,0.31209908615839765,0.9999089513852738
Ovol1,0.15792207135954184,0.9543856482214617,4.427724182917884,0.21554767388254945,0.8293403470759629,0.9999089513852738
Oxt,7.679850919769511,1.0473087903746445,2.3271722117742564,0.4500349329868317,0.65268525220656,0.9999089513852738
Oxtr,15.542912923627645,-0.17803873962858133,0.515616295866337,-0.34529308141714404,0.7298740474297374,0.9999089513852738
P2rx3,18.197924941509136,-0.1259145464341759,0.5245032527696604,-0.24006437666359384,0.8102803500611112,0.9999089513852738
P2rx4,138.32447466871807,-0.055516452903147454,0.18398546936282076,-0.3017436816908002,0.762847466207745,0.9999089513852738
P2rx7,299.64652362864155,0.011613195925126107,0.17435072089527148,0.06660824724723616,0.9468935799755134,0.9999089513852738
P2ry1,99.38249000545316,-0.4558115721195657,0.25155431246992477,-1.811980751369792,0.0699891707600706,0.9999089513852738
P2ry12,343.9178550332154,-0.16023728207096136,0.1970340262975327,-0.8132467527664174,0.4160765990529275,0.9999089513852738
P2ry13,34.03303915995425,-0.011799294178989828,0.3649161981491728,-0.03233425712214188,0.9742054902468225,0.9999089513852738
P2ry2,5.0401566497922685,-0.9910947369552037,0.8404899326127928,-1.1791869224111138,0.23832375234721614,0.9999089513852738
P3h1,91.9320697413,-0.1400384716907621,0.21370419529560336,-0.6552911677613809,0.5122803062646041,0.9999089513852738
P3h3,295.3700240887926,-0.12334404852835402,0.150378916028263,-0.8202216892238544,0.4120897396807093,0.9999089513852738
P4hb,1227.9177257980298,0.04239728848069112,0.10746172191175461,0.3945338649561833,0.693186929909631,0.9999089513852738
Pa2g4,333.96640259030653,-0.14208870947446345,0.143692663273909,-0.988837608247346,0.3227426005827384,0.9999089513852738
Pacsin3,540.8249908629195,-0.09983322745254701,0.13236221217646588,-0.7542426634532893,0.45070352393599633,0.9999089513852738
Padi2,481.441409982779,0.12107071483634942,0.2673008333617204,0.45293803731809723,0.6505933601050655,0.9999089513852738
Padi4,0.5067108520189079,-2.4601365174381487,3.0747093748546,-0.8001200170518509,0.4236412646528316,0.9999089513852738
Padi6,0.1429859810777457,-0.969188503896664,4.42774672984595,-0.21888977916548177,0.8267359084612689,0.9999089513852738
Pafah1b1,1577.9723191649775,-0.04599583344013164,0.09244394849952615,-0.4975537521568262,0.6187986076566753,0.9999089513852738
Pafah1b2,999.8127895959032,-0.07269365994644351,0.13788862998916776,-0.5271911103341456,0.5980608813403949,0.9999089513852738
Pafah1b3,73.44606568783357,-0.13792606181746642,0.27232473990556316,-0.5064764290798421,0.6125222325874111,0.9999089513852738
Pah,2.0340917469445268,-0.5231419895885128,1.453149309062723,-0.3600056692907474,0.7188428939524731,0.9999089513852738
Paip1,1349.3746927300551,0.006779589887749942,0.11564892590736542,0.05862216042698384,0.9532530595662004,0.9999089513852738
Pak1,1261.6269391269054,-0.1648878482032165,0.20214079222509324,-0.815707934990213,0.4146671995857949,0.9999089513852738
Pak2,801.3303635539959,0.04549776269224896,0.10364980931389894,0.43895654988096466,0.6606930200696695,0.9999089513852738
Pak3,312.5520793906667,0.002600833826399822,0.18616760729336718,0.013970388641786478,0.988853605172396,0.9999089513852738
Pakap,289.53285918911854,0.136798974638196,0.1826488542924206,0.7489725307511703,0.4538737620399935,0.9999089513852738
Pald1,21.020049569857182,-0.2358351827896066,0.4491994156717261,-0.5250122207682354,0.599574695495614,0.9999089513852738
Palmd,85.53665104157035,0.3484628523675325,0.24821989075066844,1.4038474165535588,0.16036429077629155,0.9999089513852738
Panx1,49.79976358355615,0.40624204435951083,0.3373055329978433,1.2043740900096895,0.22844502183832915,0.9999089513852738
Panx2,877.438764084051,-0.1797997880519883,0.26105498397111015,-0.6887429817156295,0.4909850227375754,0.9999089513852738
Panx3,0.1429859810777457,-0.969188503896664,4.42774672984595,-0.21888977916548177,0.8267359084612689,0.9999089513852738
Pard3,599.2155964229495,-0.03936168770074802,0.1278513807369379,-0.30787065007719494,0.7581807596063852,0.9999089513852738
Pard6a,82.66952741178022,-0.2723252541914544,0.2346775549220716,-1.1604230932177741,0.24587658902489395,0.9999089513852738
Pard6b,15.814767200425363,0.20000427756785555,0.4710351989459886,0.42460580019369026,0.6711240640549502,0.9999089513852738
Park7,1171.0585271824752,-0.06360043988599894,0.10484244344595389,-0.6066287449584753,0.5440973194932844,0.9999089513852738
Parp1,359.5693575349488,0.07388846904268319,0.13063283506774154,0.5656194248893647,0.5716525200483191,0.9999089513852738
Parp2,203.21103128477094,0.009578726255220913,0.18528619769866347,0.05169692278320204,0.9587701892261588,0.9999089513852738
Parpbp,3.610368612815036,-0.6776731178274629,1.1130577095723762,-0.6088391572147835,0.5426310560626995,0.9999089513852738
Parva,261.92340563293385,-0.007144850959077966,0.14419933726552303,-0.049548431321301545,0.9604822419571222,0.9999089513852738
Parvb,1427.1662209162962,-0.06229196679719335,0.18412679353427155,-0.33831016986454465,0.7351294606503813,0.9999089513852738
Patj,154.54799772059258,-0.02926005826044365,0.29069707482943496,-0.10065480802519888,0.9198244870755719,0.9999089513852738
Patz1,341.82170597846397,0.010224539423784791,0.15864450668257282,0.06444937576214206,0.9486124155431238,0.9999089513852738
Pawr,1.7004881717108882,-0.5764724827939194,1.4675132754061333,-0.39282266978769304,0.6944504598077166,0.9999089513852738
Pax1,6.796858503000567,0.7633145047457898,0.8084861453199892,0.9441281203942944,0.34510418098963325,0.9999089513852738
Pax2,0.7527066284097059,-1.5982602212314152,2.565393441772453,-0.6230078377869256,0.5332793713172674,0.9999089513852738
Pax3,2.5422480340959983,-0.8826874034208101,3.8051089131983407,-0.2319742807779127,0.8165579899364018,0.9999089513852738
Pax4,0.2069686257534271,-0.969188503896664,4.42774672984595,-0.21888977916548177,0.8267359084612689,0.9999089513852738
Pax5,0.0,,,,,
Pax6,273.0760812136277,0.11268477911333666,0.2734490085559102,0.41208699094733336,0.6802756634370701,0.9999089513852738
Pax7,2.286317455393273,-0.6047155664825123,1.7871235558574305,-0.3383736756759274,0.7350816091516718,0.9999089513852738
Pax8,9.18669469390852,-0.8235665580454442,0.6408848015170752,-1.2850461675732245,0.19877615139651972,0.9999089513852738
Pax9,0.6887239837340244,-1.4655320500536935,2.6035249999145353,-0.5629030065399032,0.5735009328158124,0.9999089513852738
Paxbp1,1034.3415243811162,-0.10797977385853284,0.14537667844662627,-0.7427585704413837,0.4576278623080253,0.9999089513852738
Paxip1,350.0106451521461,0.013925180049608403,0.14065515522280236,0.09900227281076518,0.9211364655297569,0.9999089513852738
Pbrm1,500.7407897819512,-0.004084856797204553,0.14351120848746501,-0.02846367778696076,0.9772923372108248,0.9999089513852738
Pbx2,249.53570982887757,-0.007993642020618226,0.1564192221411851,-0.05110396223172053,0.9592426787160848,0.9999089513852738
Pbx3,148.55655228595452,-0.1853655066022012,0.21771472199083486,-0.8514146627622385,0.394539049458818,0.9999089513852738
Pcbp3,200.8629401623954,-0.10468306085908288,0.17811571637570292,-0.5877250081529745,0.5567168868457606,0.9999089513852738
Pcdh10,3930.770387666867,0.014573093723265134,0.12858196228719448,0.11333699893858654,0.909763385292231,0.9999089513852738
Pcdh11x,416.4791238359432,-0.10295358853864456,0.15062666292408863,-0.6835017555326848,0.49428984126917375,0.9999089513852738
Pcdh15,118.37180839170371,-0.16146600238017497,0.20034693011049653,-0.8059320015091935,0.4202820579922528,0.9999089513852738
Pcdh20,58.89029311885929,-0.03768479450433597,0.2634756647988027,-0.14302950723404803,0.8862668773684419,0.9999089513852738
Pcdh8,182.83141195029376,0.02571193026953119,0.2747984249170304,0.09356651253475841,0.9254535120020566,0.9999089513852738
Pcdha2,5.219080229792209,-0.4612025849905034,0.8729382881348158,-0.5283335503314247,0.5972678492625608,0.9999089513852738
Pcdha7,14.085315025790509,0.14877908097934747,0.5318982774663672,0.279713410030276,0.779697389138913,0.9999089513852738
Pcgf1,35.407565756835965,-0.039205761616729944,0.34692608085664856,-0.11300897735886842,0.910023437907861,0.9999089513852738
Pcgf2,19.973369981939637,0.023935685714261,0.44036421183136776,0.05435429372136827,0.9566528933141788,0.9999089513852738
Pcif1,196.1784095192511,-0.0415858837440925,0.15854722874935306,-0.2622933498877834,0.7930952886245317,0.9999089513852738
Pclaf,0.5116275385441896,2.467627743612224,3.429822874078689,0.7194621513144676,0.4718562144623967,0.9999089513852738
Pcm1,679.913908173544,-0.10361248042138707,0.10766283961570168,-0.9623792275145983,0.3358591442499288,0.9999089513852738
Pcmtd2,697.3878991239841,0.0637139848783869,0.11413563085644479,0.5582304526666505,0.5766870286298198,0.9999089513852738
Pcna,281.6713723517832,-0.035447596379124154,0.15528172786235028,-0.2282792500257772,0.8194291547950497,0.9999089513852738
Pcnt,372.69665025800674,-0.06745894525648871,0.15229107894239968,-0.4429605839354739,0.6577942450321268,0.9999089513852738
Pcp2,0.5916438715264635,0.054636940952628776,2.626871981103189,0.020799240064102126,0.9834058039497781,0.9999089513852738
Pcsk1,34.7398566677207,-0.130657785699692,0.36945335710908594,-0.35365164014767253,0.7235999688275601,0.9999089513852738
Pcsk4,29.296751169648342,0.04940460414364056,0.41062232635865037,0.12031640992771796,0.9042325052990259,0.9999089513852738
Pcsk6,397.7430938352084,0.03950946409866806,0.16193596577442826,0.24398202036046462,0.8072447448769273,0.9999089513852738
Pcsk9,1.9627752849404567,-0.3410616491119364,1.4774031238632328,-0.23085212397554766,0.8174296856332077,0.9999089513852738
Pcx,2048.043577461446,-0.03804604118248924,0.12058415385135629,-0.31551443508397026,0.7523710927526066,0.9999089513852738
Pdap1,530.6769463901375,-0.10863641034728143,0.12596585537210706,-0.8624274413599312,0.38845234528138417,0.9999089513852738
Pdc,0.4522559212105956,0.7575365269525078,3.345928682583164,0.2264054613285019,0.8208860806802223,0.9999089513852738
Pdcd1,0.35370546718464785,1.9252687516065734,3.820606285903314,0.5039170769074359,0.6143196497653132,0.9999089513852738
Pdcd1lg2,0.3146783165472769,-0.007398383408700497,3.818569817272234,-0.0019374749612370516,0.9984541196086436,0.9999089513852738
Pdcd4,959.4413438349178,0.10063330830105341,0.11163585555835961,0.9014425320406629,0.36735307607366485,0.9999089513852738
Pde10a,170.45016121074391,-0.01782144075247059,0.21074466153185406,-0.08456413853110523,0.9326079102130731,0.9999089513852738
Pde12,77.65167153615424,0.005574838426982526,0.24484524647228137,0.02276882441993272,0.9818346760838803,0.9999089513852738
Pde1b,226.11108976166577,-0.014223327200920483,0.17818396785942797,-0.07982383247937032,0.9363773692260633,0.9999089513852738
Pde1c,104.73549512989773,-0.1552786291070975,0.21949160230105438,-0.7074467883018027,0.4792888695044407,0.9999089513852738
Pde3b,40.79850697407917,0.07717078288508325,0.3141331161480905,0.24566267903032213,0.8059433647632706,0.9999089513852738
Pde4c,2.1304247668733667,0.8642725915257883,1.4479083955973804,0.5969110989022239,0.5505667367239265,0.9999089513852738
Pde6b,0.7574704853433903,-0.1932650058037857,2.4905448968771773,-0.0775994867814329,0.9381466506408834,0.9999089513852738
Pde6c,0.2069686257534271,-0.969188503896664,4.42774672984595,-0.21888977916548177,0.8267359084612689,0.9999089513852738
Pde6g,7.114067025060842,0.35638119297416865,0.7206557220539566,0.49452350417539026,0.620936511115769,0.9999089513852738
Pde7b,200.49012366534228,0.14397389006614736,0.25509937994494497,0.5643835359271335,0.5724931411834762,0.9999089513852738
Pde8a,138.91149650310638,-0.31180207344999383,0.23154799067722492,-1.3465980531208415,0.1781097215324836,0.9999089513852738
Pde8b,445.801024557796,-0.14531044492080564,0.15063544101991125,-0.9646497792083223,0.33472025736152866,0.9999089513852738
Pdgfa,152.2017762976461,-0.26635200497485045,0.1968125966054097,-1.3533280367661658,0.17595085614187678,0.9999089513852738
Pdgfb,63.78220783598824,-0.3107944215775956,0.2699249642979738,-1.1514104387710709,0.2495634213447686,0.9999089513852738
Pdgfra,151.43254444446816,-0.18999704394186961,0.23631645523097886,-0.8039941347129804,0.4214003623818243,0.9999089513852738
Pdgfrb,681.217718215361,-0.18454839848468185,0.15955726096217207,-1.1566280178777617,0.24742437016740182,0.9999089513852738
Pdia3,3605.0457815705686,-0.029650944113138476,0.1445469573517958,-0.20513018507179323,0.8374704135766221,0.9999089513852738
Pdk1,190.9711443346529,0.030799380429002977,0.1839174437442013,0.1674630736595046,0.8670057001510459,0.9999089513852738
Pdk4,188.2057641302583,0.04079091551837208,0.16889810513566195,0.2415119783943585,0.809158333799735,0.9999089513852738
Pdlim1,2.3469597178392543,-0.08874641870718221,1.2246345594007908,-0.07246767456130383,0.9422297297736829,0.9999089513852738
Pdlim4,495.38344660848367,0.2728612832183965,0.16859929396365292,1.6184011024222948,0.10557618459371121,0.9999089513852738
Pdpk1,365.1873071431876,0.07558185258088251,0.1425174567624251,0.5303339976581013,0.5958803788750482,0.9999089513852738
Pdpn,301.19794910346826,-0.010484814083601232,0.1866132032094505,-0.05618473882490142,0.9551946386112227,0.9999089513852738
Pdx1,0.1429859810777457,-0.969188503896664,4.42774672984595,-0.21888977916548177,0.8267359084612689,0.9999089513852738
Pdxk,448.5039619386154,-0.15935236657827187,0.13062644325359812,-1.2199089449974938,0.2224993945183985,0.9999089513852738
Pdyn,49.91978343303503,1.1220122662083039,0.36982388149889134,3.0339097130796495,0.002414066654006967,0.9323868207514601
Pdzd7,5.002041066473743,-0.025253787864689056,0.8539659253860247,-0.029572360107077336,0.9764081091085296,0.9999089513852738
Pdzk1,2.435525112759656,-1.9308932788906692,1.312522628492053,-1.4711314204990562,0.14125557919082568,0.9999089513852738
Pecam1,103.85751363696154,-0.08315905663265205,0.22725150942006456,-0.3659340122530766,0.7144143158421639,0.9999089513852738
Peg10,316.84968831204293,0.19388932359604802,0.31791744077913703,0.6098731894697983,0.5419458138332838,0.9999089513852738
Peg3,1639.304064095846,-0.031034565808432526,0.10495311999163508,-0.2956993161413975,0.7674597194850667,0.9999089513852738
Per1,316.3621241555914,0.5166665197792809,0.28946951244662295,1.7848737002123918,0.07428180545227847,0.9999089513852738
Per2,362.978821301198,0.23656553779084705,0.2770461920881127,0.8538848197401282,0.39316881140076654,0.9999089513852738
Per3,514.0027185649229,0.09729126775795503,0.21059868053297406,0.4619747261081336,0.644099444944848,0.9999089513852738
Pex3,320.7855386759338,0.010815104786237137,0.13568580362895255,0.0797069737362665,0.9364703128642581,0.9999089513852738
Pf4,0.5216469423007041,-0.9889748224250771,2.8362633770466883,-0.3486893461406484,0.727322543426828,0.9999089513852738
Pfas,258.45867838355133,-0.1399736502710409,0.1625422725494728,-0.8611522902661355,0.38915417281765985,0.9999089513852738
Pfkfb1,8.160743292916258,0.3412369358414915,0.6665095542537351,0.5119760604535688,0.608667764194794,0.9999089513852738
Pfkfb2,492.1960260013387,-0.01685939114115102,0.12677580974803565,-0.13298586831871723,0.8942045566746648,0.9999089513852738
Pfkl,783.097012428364,0.17431780803556762,0.14747782633960185,1.1819933366400484,0.23720834480931685,0.9999089513852738
Pfkp,1961.6611505344135,0.121421521654735,0.17776859604617612,0.683031335991399,0.4945870417687339,0.9999089513852738
Pfn4,191.98709695181591,0.06476264032185788,0.18226710302711122,0.3553172198727754,0.7223519564512587,0.9999089513852738
Pgam5,356.7987695698445,0.08944667174311031,0.14193637965826253,0.6301884827446588,0.5285712737106774,0.9999089513852738
Pgf,146.50725412000966,0.32553055001110776,0.2059596178564117,1.5805552243646954,0.11397977052797939,0.9999089513852738
Pgk1,3009.3443139709975,0.01695429539220782,0.16262295969376447,0.10425523815416025,0.9169667990489634,0.9999089513852738
Pgk2,0.9506048855339412,-2.166976347435006,2.1833708226347275,-0.9924912089921869,0.32095796571481994,0.9999089513852738
Pgpep1,122.61078526823106,0.010543547470828606,0.2199483638411834,0.047936466935674556,0.9617668763731558,0.9999089513852738
Pgr,88.42503854100704,-0.21017177212742294,0.2630595194053212,-0.7989514030989733,0.42431859128115845,0.9999089513852738
Phb,180.1406134658264,0.025090200866673223,0.16303937432754687,0.15389043885967627,0.8776961229852746,0.9999089513852738
Phb2,420.6108004613728,-0.05604872892207467,0.13539857847783887,-0.41395359945561283,0.6789080888491043,0.9999089513852738
Phc1,197.57497215915498,1.7628231973683455e-05,0.15448114326428755,0.00011411251626695263,0.9999089513852738,0.9999089513852738
Phc2,188.13909662111732,0.12163924422946544,0.16714668599788915,0.7277394912334761,0.46677307098984777,0.9999089513852738
Phex,3.2122244954210815,-0.27739683723999936,1.0109831392397062,-0.27438324782410445,0.7837901154861625,0.9999089513852738
Phf10,302.66971350918357,-8.8586299353011e-05,0.13620051052828896,-0.0006504109199694341,0.9994810472053679,0.9999089513852738
Phf3,98.74368444191514,-0.0504423775619475,0.2138226175450891,-0.2359075861154428,0.8135043815066365,0.9999089513852738
Phf6,269.9550803029266,0.021950762507199843,0.13942223438604034,0.15744090319497608,0.8748973793133746,0.9999089513852738
Phlda2,0.0,,,,,
Phox2a,0.0,,,,,
Phox2b,0.7776621224480164,-3.0521271638616034,3.123737419230001,-0.9770754561738899,0.3285317976464529,0.9999089513852738
Phtf1,345.64740239158533,0.11225195933144895,0.15094893755730304,0.7436419304961057,0.4570931289603233,0.9999089513852738
Phyhd1,511.64092220507536,0.4309258628176434,0.17883473524063245,2.409631787906347,0.01596862764237712,0.9999089513852738
Phykpl,41.90515192883466,0.11088996162055755,0.3126134903637743,0.3547190541634012,0.722800074866427,0.9999089513852738
Pi4ka,1087.0939803897966,-0.018529614075341982,0.12027691277772962,-0.15405794551431912,0.8775640469607753,0.9999089513852738
Pianp,209.61100938411548,0.09692806968295613,0.1778499259207933,0.5449992131350323,0.5857540587921928,0.9999089513852738
Pias1,373.5771643988841,-0.05096373853700609,0.1277895364456805,-0.39880994919070895,0.6900332455832567,0.9999089513852738
Pias2,748.1887045359608,-0.013452436572837616,0.11417365264349062,-0.11782435142758463,0.906206834292145,0.9999089513852738
Pias3,199.84795011502828,-0.13905204805058924,0.2099505495940063,-0.6623085689438886,0.5077734862856879,0.9999089513852738
Picalm,1086.2146754650441,0.05448966656808926,0.10848677181588119,0.5022701446086593,0.6154775072680176,0.9999089513852738
Pick1,477.73149878041505,-0.06875633924985954,0.14857898435693262,-0.46275951843018104,0.6435367508825727,0.9999089513852738
Piezo1,18.094154360355322,-0.14917130603228662,0.4704740229068886,-0.3170659776508194,0.7511935398777625,0.9999089513852738
Piezo2,4.113647091308025,-0.21511412341609323,0.9913939117284148,-0.21698148523129338,0.8282227738643875,0.9999089513852738
Pifo,6.150592899893218,-0.13912496961588544,0.9805702344566667,-0.1418816977378214,0.8871734511452204,0.9999089513852738
Pik3c3,438.4899982852409,0.037868606965308214,0.12207260600104879,0.3102137998510728,0.7563983770689313,0.9999089513852738
Pik3ca,184.98002811114043,0.07317517144422997,0.2048225116705859,0.35726137155234633,0.7208961453456431,0.9999089513852738
Pik3cb,149.2042921018501,-0.2387820812619625,0.18212776901545272,-1.311069050879896,0.18983443579363624,0.9999089513852738
Pik3cd,71.5662438548702,0.17826541844890903,0.3570598975835847,0.49925914294863827,0.6175968341948198,0.9999089513852738
Pik3cg,25.3444182650027,0.12216405543151843,0.4068735853986723,0.3002506424982512,0.763985978822002,0.9999089513852738
Pik3r1,1913.367108221564,-0.03611107320460395,0.14325988788309624,-0.2520668816526753,0.8009893681895858,0.9999089513852738
Pik3r2,677.3633254367829,0.0034427752954484855,0.11226536393546395,0.03066640658135286,0.9755355822194444,0.9999089513852738
Pim1,6.630405497030288,-0.7928636378494055,0.7567607948201647,-1.0477070737231047,0.29477358748560434,0.9999089513852738
Pim2,215.9185111023704,-0.04690724495264971,0.1546396337748748,-0.3033326179557404,0.7616363908839305,0.9999089513852738
Pin1,2.849364058162655,-0.37548838049406635,1.1843884545969374,-0.3170314427134887,0.7512197440905924,0.9999089513852738
Pink1,2607.973244118941,-0.01908173738983502,0.1889733388969937,-0.10097581754766034,0.91956965684343,0.9999089513852738
Pinlyp,1.0295236204914187,-1.1083582358600281,2.007625814819571,-0.5520741104634771,0.5808975788382384,0.9999089513852738
Pip,0.1429859810777457,-0.969188503896664,4.42774672984595,-0.21888977916548177,0.8267359084612689,0.9999089513852738
Pip4k2c,220.40409471965185,0.11127559612438552,0.1555763379176376,0.715247560225354,0.4744560855628298,0.9999089513852738
Pip4p1,560.6894374539424,-0.06796875364951464,0.1311554073681107,-0.5182306624899451,0.6042973436807038,0.9999089513852738
Pip5k1c,464.2906742537998,0.057840583454188535,0.1359384247555067,0.4254910527190399,0.67047874265843,0.9999089513852738
Pirb,0.5216469423007041,-0.9889748224250771,2.8362633770466883,-0.3486893461406484,0.727322543426828,0.9999089513852738
Pisd,461.4847290916332,0.006233045891811077,0.13657249710872044,0.04563910028568324,0.9635979041058652,0.9999089513852738
Pithd1,86.25313157276827,0.03375145205516662,0.2293962647659813,0.1471316548662995,0.8830281047946569,0.9999089513852738
Pitpnm1,1296.9829176545966,-0.03968088675755301,0.1385085391376418,-0.28648693434070827,0.7745051991870917,0.9999089513852738
Pitrm1,440.1413055811654,0.03400920950874613,0.13851211584316692,0.24553238033887037,0.806044239449379,0.9999089513852738
Pitx1,0.4612623283869004,-0.8346873685260632,3.3313790128876266,-0.25055310887684296,0.8021596390922944,0.9999089513852738
Pitx2,72.85773978835756,-2.776412404270544,1.5105911516804087,-1.8379641646795115,0.06606768598306612,0.9999089513852738
Piwil1,0.15675624518773507,-0.969188503896664,4.42774672984595,-0.21888977916548177,0.8267359084612689,0.9999089513852738
Piwil2,12.554476140709468,-0.6703874564488174,0.5651757433080686,-1.1861575171732015,0.23556009972762926,0.9999089513852738
Piwil4,1.2736450897767804,-0.7986282062147818,1.685876950955176,-0.4737167832814244,0.6357018834823197,0.9999089513852738
Pja1,293.2227425288327,-0.023327047457869846,0.16108362098994114,-0.14481327967743227,0.8848582970854451,0.9999089513852738
Pja2,2078.148906240471,-0.025241442001935514,0.09928002120451682,-0.254244929601074,0.799306341884058,0.9999089513852738
Pkd1,343.91945663086494,0.12454524703860796,0.15746515716169496,0.7909384481210481,0.4289799107200186,0.9999089513852738
Pkd2,515.7707242943949,-0.0008514909610176906,0.14079757037859308,-0.006047625386774086,0.9951747224874921,0.9999089513852738
Pkd2l1,2.854925264168679,0.028871197731333682,1.215967493923619,0.023743395999981584,0.9810572907490773,0.9999089513852738
Pkia,167.8858158353224,0.061250123642996035,0.16599491653721937,0.36898794806925633,0.7121367079649958,0.9999089513852738
Pkib,79.28036147152258,0.40070712976089656,0.2865892885957851,1.3981929740788988,0.16205512604914696,0.9999089513852738
Pkig,109.13016874030912,0.026977696304779187,0.20661433398439885,0.130570303543491,0.8961152359065493,0.9999089513852738
Pklr,0.4865192149142819,0.9200296512650015,2.8819249511055407,0.3192413636281775,0.7495434929959728,0.9999089513852738
Pkm,1522.2664857679504,-0.09519678584493041,0.14066843684352376,-0.6767458854385725,0.4985671978190086,0.9999089513852738
Pkn1,197.17652600108798,-0.18022532138736774,0.16705094689556896,-1.078864410747906,0.2806481761315682,0.9999089513852738
Pknox2,200.75254484090576,-0.1244813886339913,0.1709568545665215,-0.7281450571234861,0.4665247947446939,0.9999089513852738
Pkp4,1265.2301022913798,-0.16195758404740507,0.1634382947631192,-0.9909402461775547,0.32171475873230615,0.9999089513852738
Pla2g10,2.8270064259503744,0.7740514513104128,1.301012357668447,0.5949608754659299,0.55186962381779,0.9999089513852738
Pla2g2e,0.1429859810777457,-0.969188503896664,4.42774672984595,-0.21888977916548177,0.8267359084612689,0.9999089513852738
Pla2g2f,1.0283577943196118,-2.2654557821430408,2.13450049101497,-1.0613517268697374,0.28853008623821486,0.9999089513852738
Pla2g4a,20.490276898948483,-0.13300237928522082,0.45877670859608927,-0.2899065641153052,0.7718877197452286,0.9999089513852738
Pla2g6,119.80975957534095,-0.11250490152126502,0.18923205176289049,-0.5945340679507862,0.5521549632586953,0.9999089513852738
Pla2r1,2.205694337260441,1.2007432691813886,1.2849759909496195,0.9344480189812874,0.3500728377126263,0.9999089513852738
Plaat1,91.1430419076238,-0.025794606083376078,0.28945383057200136,-0.08911475115876795,0.9289907143081291,0.9999089513852738
Plac8,5.8594332032019265,-0.6192249316825498,0.8843710341841536,-0.7001868081916485,0.4838106488890108,0.9999089513852738
Plac9a,3.1594910421266085,-0.20622412463032433,1.0554593426772787,-0.19538803276610933,0.8450891845356471,0.9999089513852738
Plagl1,37.60964543998001,-0.05025598772324207,0.39023444945349284,-0.1287840881132445,0.8975284965191598,0.9999089513852738
Plagl2,119.8220925041137,-0.013261652981117315,0.18908906250277302,-0.07013442663254428,0.9440866656658602,0.9999089513852738
Plau,11.595416471606848,0.2862318764638651,0.6067894098099351,0.4717153461091578,0.6371299819085439,0.9999089513852738
Plaur,3.3441574361704034,1.3689296299784641,1.2101581730562474,1.1311989295756606,0.25797137238435475,0.9999089513852738
Plcb2,3.5387110443708156,0.723911366019868,1.0051451653637236,0.7202057881439566,0.4713983006666451,0.9999089513852738
Plcb4,486.7206192152246,0.03051808771660529,0.17394197803454767,0.17544981413597532,0.8607262015434095,0.9999089513852738
Plcg1,494.44700505850005,0.16895457633858002,0.13446844303377226,1.2564626504684557,0.20894827926595194,0.9999089513852738
Plcg2,23.911493088154987,0.06704356876683583,0.40925108228926765,0.16382013797448666,0.8698727380397024,0.9999089513852738
Pld1,197.0979670651311,0.28146852498352437,0.16948211510297986,1.660756504085991,0.0967623600691376,0.9999089513852738
Pld2,706.3065159596296,0.10916251907906845,0.15114762841824395,0.7222244915216428,0.4701564678826371,0.9999089513852738
Pld5,41.86398547136725,-0.19708392447862988,0.3346049606097854,-0.5890047897660076,0.55585806053421,0.9999089513852738
Plec,1061.6838029849798,0.0636506681168432,0.11340715028461097,0.5612579802693481,0.574621682344727,0.9999089513852738
Plekha1,489.4793251604877,0.06639991812180245,0.12936850234881872,0.5132618598518448,0.607768159533898,0.9999089513852738
Plekha2,39.790921797387746,-0.05762446122107571,0.30875406421065404,-0.1866354743164132,0.8519464509382453,0.9999089513852738
Plekha5,452.4360174790866,-0.05066681436159689,0.12403258499000282,-0.40849599615843446,0.6829095694218775,0.9999089513852738
Plekhg2,147.38424477792174,-0.0684504731775348,0.20630470987090682,-0.3317930706495602,0.7400455169967621,0.9999089513852738
Plekhg4,0.5067108520189079,-2.4601365174381487,3.0747093748546,-0.8001200170518509,0.4236412646528316,0.9999089513852738
Plg,2.3802100149627314,0.4288652702422351,1.2152856794632059,0.3528925564494973,0.7241689913889086,0.9999089513852738
Plgrkt,145.96800917245795,0.0968941837654867,0.21038528415823102,0.4605558993974715,0.6451172577404574,0.9999089513852738
Plin1,0.8351594326761741,-1.918607052428164,2.4939699691733046,-0.7692983781453229,0.4417161998199154,0.9999089513852738
Plin2,353.0015726496677,0.13396254816390685,0.17816466330222305,0.7519030187072755,0.4521093826445247,0.9999089513852738
Plin4,347.09644293394314,0.6682674872229969,0.31456365820269594,2.1244268681297704,0.03363446528081349,0.9999089513852738
Plin5,3.1702734503044945,0.9040672202855863,1.070274985660189,0.8447055498806422,0.3982752600340308,0.9999089513852738
Plk1,4.902396137580507,-0.008405389265383412,0.8990785551095897,-0.00934889306125077,0.992540771224328,0.9999089513852738
Plk2,365.2578023662045,-0.023595194925055463,0.14371020384066333,-0.16418594013836554,0.8695847690513723,0.9999089513852738
Plk3,32.90680051467552,-0.11223715864318047,0.3584829356085766,-0.31308926449355723,0.754212845076914,0.9999089513852738
Plk4,27.78731774739752,-0.02661851432022323,0.35747815453346643,-0.07446193279967617,0.9406428302701833,0.9999089513852738
Pllp,159.87186821818972,-0.08863242871617866,0.2159138592852974,-0.4104990249795144,0.6814399185827535,0.9999089513852738
Pln,24.670779644391633,0.7778145014270876,0.46828506677728665,1.66098506360659,0.09671644655812607,0.9999089513852738
Plod1,1008.1361574114521,0.00963461534778197,0.1282753643024937,0.07510885196211188,0.9401281048740245,0.9999089513852738
Plod3,403.36430756109417,-0.008687957756231324,0.16600820010947065,-0.052334509683872425,0.9582621562314848,0.9999089513852738
Plp2,22.08867020251098,-0.33365748583107413,0.4521982478922931,-0.7378566533290646,0.4606015620762721,0.9999089513852738
Plpp3,16975.605744712997,-0.011041862932654434,0.12426650789696665,-0.08885630665512542,0.9291961083762053,0.9999089513852738
Plppr3,232.53396576055067,0.0709918835658591,0.1742931202642736,0.4073131713874706,0.6837779901043126,0.9999089513852738
Plppr4,155.41798472043988,-0.11991942949940725,0.17638609158554028,-0.6798689648455137,0.4965874342046135,0.9999089513852738
Pls1,74.86982370616529,-0.21150328345164338,0.37137628444472864,-0.5695120887104493,0.5690086692624337,0.9999089513852738
Pltp,1961.694252246555,0.06728505168663894,0.14553674937386604,0.46232344735000164,0.6438493875118849,0.9999089513852738
Plvap,0.6000057592220258,1.3366110031930052,3.0821318955914867,0.4336644402223087,0.6645321326696914,0.9999089513852738
Plxdc2,521.6093356394218,-0.1043018705355428,0.14577454998396192,-0.7155012349344797,0.47429937804013245,0.9999089513852738
Plxna1,84.28728996848984,0.02793934083921792,0.24300292894948286,0.11497532544155525,0.9084646797675666,0.9999089513852738
Plxna2,54.05371872249126,0.017609893395122655,0.28377935803110993,0.06205487783643563,0.950519129975135,0.9999089513852738
Plxna3,212.1988685727415,0.22697177394531776,0.23824907546596186,0.9526659169669883,0.340759367417929,0.9999089513852738
Plxna4,133.26934353962545,-0.2652774110212093,0.23733788404521916,-1.1177204688092144,0.2636863978530729,0.9999089513852738
Plxnb2,749.163364982146,0.04260269381554794,0.12615477301147332,0.3377017991358391,0.7355879188217409,0.9999089513852738
Plxnc1,123.08133899300866,0.16008684091011688,0.23399943496106948,0.6841334507356848,0.49389090072830477,0.9999089513852738
Plxnd1,51.62959807714751,0.645741114590246,0.33477240861805996,1.9288958646737475,0.05374379131836303,0.9999089513852738
Pmaip1,8.278073859972304,0.36910662591970395,0.6539876256332271,0.5643938989859547,0.5724860900471742,0.9999089513852738
Pmch,312.2496015525314,3.0252831982311217,1.2222744834975856,2.475125873178795,0.013318922503442583,0.9999089513852738
Pml,151.92491429786023,0.07463767004118278,0.18620491457375069,0.4008361981854181,0.6885407261953248,0.9999089513852738
Pmm2,73.95656492908076,-0.21768101316168037,0.2416791164315974,-0.9007026191412396,0.3677464557431437,0.9999089513852738
Pmp22,689.3532340928691,-0.28920832991726164,0.17654779653622313,-1.6381304983204559,0.10139447410580656,0.9999089513852738
Pms1,120.63211245788771,-0.1445734326073186,0.18886515470194146,-0.7654849452535485,0.4439828277233795,0.9999089513852738
Pms2,7.6867946324441165,-0.9479696749260805,0.6855475156338324,-1.3827920797723583,0.1667286282115944,0.9999089513852738
Pnkd,158.07951254575664,0.08300489181646753,0.20155741592233664,0.41181760262520267,0.6804731183388348,0.9999089513852738
Pnoc,24.66184103980466,-0.33413179298824924,0.4246800513063006,-0.7867847617529287,0.43140787529137636,0.9999089513852738
Pnpla1,0.5595082667662682,-0.987337961856695,2.7868451323465284,-0.3542851916659448,0.723125164331204,0.9999089513852738
Pnpla2,415.22644429313726,0.013532712447878787,0.14095765099657187,0.09600551904917815,0.9235161892456591,0.9999089513852738
Pnpla3,103.98856998552817,-0.055138141222714626,0.23392835611957893,-0.2357052481253245,0.8136613972113087,0.9999089513852738
Podxl,103.69826947909739,-0.17706342879650622,0.25154468396541874,-0.7039044753609188,0.48149226421892943,0.9999089513852738
Polb,328.92030534184585,0.07361948206932441,0.14151025769101064,0.5202413116233131,0.60289539505964,0.9999089513852738
Polg,524.484102209734,-0.027660671601476148,0.12237302255848301,-0.2260356982541385,0.8211736555455746,0.9999089513852738
Polk,171.37885931999858,0.10255575979954464,0.17946955551625088,0.5714382002258777,0.5677026408191226,0.9999089513852738
Polr1e,81.61139339070967,0.23851880469991046,0.23051956855157058,1.0347008984903177,0.3008086163198106,0.9999089513852738
Polr2a,636.2649613180388,-0.016871787175485486,0.1149107120786965,-0.1468251903611115,0.8832700011273193,0.9999089513852738
Polr2b,471.3236184313068,0.06870147117724806,0.12137196184406536,0.5660407077007902,0.5713661080924342,0.9999089513852738
Polr2e,265.0763098778472,-0.0045950308666177645,0.1428421787468955,-0.03216858568616331,0.9743376081982141,0.9999089513852738
Polr2f,319.4474688767638,0.05014836377310319,0.14161468051129025,0.35411839783874033,0.7232501548234918,0.9999089513852738
Polr2h,121.42329245037286,-0.005003343034985491,0.24975840874164482,-0.020032731070772677,0.9840172621813198,0.9999089513852738
Polr2j,126.61153549573676,0.11972970037442977,0.19507201108922842,0.6137718051190023,0.5393661311628892,0.9999089513852738
Polr3e,129.57817576714424,0.03441816679333296,0.22744389612572496,0.15132596380738883,0.8797185889628778,0.9999089513852738
Pom121,193.9786329729866,0.0217416803098563,0.1713693477154,0.1268702985668335,0.899043054953043,0.9999089513852738
Pomc,39.23541478669076,-0.8652020528633212,0.5593251918323332,-1.5468676639236365,0.12189515985354737,0.9999089513852738
Pon1,0.8466460550935664,-0.51977994613761,2.1333761488029603,-0.2436419599184415,0.8075081280416522,0.9999089513852738
Pon3,53.65367171417885,-0.36157403656930476,0.2692281789229452,-1.343002199902669,0.1792712615088241,0.9999089513852738
Por,899.8635238343585,0.11226254080179868,0.1499962352207217,0.7484357233140063,0.45419738176795166,0.9999089513852738
Postn,3.2156537457894916,-0.37278133679751047,1.1483163739012872,-0.32463295418406696,0.7454588830888651,0.9999089513852738
Pou1f1,3.609405911687665,-3.2814443955805612,1.4769421858259093,-2.221782563374727,0.02629800366244253,0.9999089513852738
Pou2af1,0.7610045546523811,-1.809630939326921,2.533403509635813,-0.7143082151911374,0.4750366134124937,0.9999089513852738
Pou2f1,342.4176916236734,0.1261195133912417,0.13178565953477206,0.9570048352488963,0.3385648144783472,0.9999089513852738
Pou2f3,3.109884569696567,0.31066899396528047,1.1813191205303792,0.262984818044593,0.792562280810146,0.9999089513852738
Pou3f1,21.138890913723603,-0.18736686907096378,0.4348691019548364,-0.4308580863269124,0.6665715610754456,0.9999089513852738
Pou3f2,1120.2780627214236,0.1114870041610023,0.12355177090788962,0.9023505154298287,0.3668706990303737,0.9999089513852738
Pou3f3,2259.1148958435556,-0.2476430261665068,0.09832798425380454,-2.5185406580418626,0.011784227743262002,0.9999089513852738
Pou3f4,158.3239325962244,-0.25751465307305327,0.19400655992689644,-1.3273502358378362,0.18439285325548538,0.9999089513852738
Pou4f1,5.947174934577249,-0.27197908895009054,1.2078762045547933,-0.2251713279262243,0.8218459937151584,0.9999089513852738
Pou4f2,4.0943804596598055,-1.3287594403827696,1.3251935654098534,-1.0026908332986157,0.31601005410446625,0.9999089513852738
Pou4f3,10.232999164602335,-0.19765465307897484,0.6712973835430323,-0.2944367994342176,0.7684241505927965,0.9999089513852738
Pou5f1,0.3009080524372876,-0.0073985309041374155,3.8731274042225183,-0.0019102214133393778,0.998475864753496,0.9999089513852738
Pou6f1,289.41814835205463,0.006100693015825876,0.16478018372864708,0.03702322013350971,0.9704664914410609,0.9999089513852738
Pou6f2,6.539636639193753,1.2936816360479195,0.8139105698773491,1.589464105673021,0.11195565160069028,0.9999089513852738
Ppara,189.94430046872495,0.1306584212089665,0.16680433691679408,0.7833035017197543,0.4334489074009119,0.9999089513852738
Pparg,2.4533476297121912,0.03173772851629456,1.2434775334134234,0.025523363039115406,0.9796375135453462,0.9999089513852738
Ppargc1a,856.871404185943,-0.0433218688460484,0.13486111163837775,-0.3212332177878933,0.7480336608526208,0.9999089513852738
Ppargc1b,147.44722055374925,0.03415159007480789,0.19376670253699524,0.1762510773402228,0.8600966948920943,0.9999089513852738
Ppfibp1,130.83869107085485,0.04544980524660047,0.1842522697094843,0.24667161668218493,0.805162374485282,0.9999089513852738
Ppif,298.2937307264911,0.041520267055701554,0.1445442101955705,0.28724960342253764,0.7739212078471631,0.9999089513852738
Ppl,0.9840750968594113,-0.10626699998204264,1.9989419076754291,-0.05316162494467916,0.9576031312136344,0.9999089513852738
Ppm1d,73.80453649190238,-0.25973593146509594,0.24040488146089473,-1.0804103888686873,0.27995947164077106,0.9999089513852738
Ppm1h,160.84615596945494,0.22025043151120627,0.2668080090778199,0.8255015742311013,0.40908688931840254,0.9999089513852738
Ppp1cc,616.6904682790866,0.08725360671264895,0.16573144177884905,0.5264758803527432,0.5985576060703234,0.9999089513852738
Ppp1r10,396.16666373792714,-0.14360982156030103,0.15442675013581242,-0.9299543080068815,0.35239474252948066,0.9999089513852738
Ppp1r16b,461.48362277893284,-0.259436625693637,0.17713055124914903,-1.464663344996412,0.14301279022409216,0.9999089513852738
Ppp1r1b,506.69086632768125,-0.19658101802929692,0.14730321043067915,-1.334533154128422,0.18202918878714347,0.9999089513852738
Ppp1r1c,1.9533626663345,-0.5125590127389514,1.3025987234823193,-0.3934895708854183,0.6939579253023295,0.9999089513852738
Ppp1r2,828.7948207475655,-0.13815770804644825,0.12495878129590311,-1.1056262442196039,0.26888832566920884,0.9999089513852738
Ppp1r3a,2.621353066281134,-0.12350312728807349,1.4522586211679718,-0.08504210303034504,0.9322279185498403,0.9999089513852738
Ppp1r7,558.1098535700575,-0.09443680867714438,0.12103817252785992,-0.7802233518967532,0.4352594194503824,0.9999089513852738
Ppp2ca,3419.8692871030667,-0.030833538415658734,0.09567891923271876,-0.3222605215749006,0.7472553382843341,0.9999089513852738
Ppp2r1a,2796.3839694871203,0.01871435878604585,0.10288748202752003,0.1818915033904726,0.8556678725831685,0.9999089513852738
Ppp2r1b,80.56060161977068,0.09175007707560172,0.2355536309261578,0.38950822670342894,0.6969002261916719,0.9999089513852738
Ppp2r2a,202.50559828381384,0.1669828143721397,0.15956457571883972,1.046490510941296,0.2953346237143447,0.9999089513852738
Ppp2r2b,1078.425854104167,-0.011678495455794469,0.10779053364852056,-0.10834435140543305,0.9137225423194926,0.9999089513852738
Ppp2r5c,1349.9682266440043,-0.043583055827825255,0.11943778570649746,-0.36490174001487974,0.7151847553987951,0.9999089513852738
Ppp3cb,1676.3092353070786,0.05654423504064129,0.11742300132004367,0.4815430912596627,0.630130561446123,0.9999089513852738
Ppp3r1,1319.1818089832311,-0.06353746103548569,0.1566289481133031,-0.40565592632036074,0.6849954301526893,0.9999089513852738
Ppp3r2,29.85176867114345,-0.3000801420445048,0.4282740950893162,-0.7006731097801359,0.4835070411419591,0.9999089513852738
Ppp4r3a,582.9040833840527,-0.04823297205856594,0.1704232714327971,-0.28301869605634006,0.7771625052994847,0.9999089513852738
Ppp5c,767.5343799338112,-0.07712252906776722,0.12992642933697368,-0.5935861507264569,0.5527889462323923,0.9999089513852738
Ppp6c,753.4263671495136,0.04507181725903826,0.10799550734433257,0.4173490024481427,0.6764231508635352,0.9999089513852738
Ppp6r3,885.5761963775249,-0.006855998464681976,0.1278569743191788,-0.0536224050443024,0.9572360055464759,0.9999089513852738
Ppt1,1869.6041893733875,0.03475446339521646,0.09374321717791043,0.3707410993721045,0.7108303754986354,0.9999089513852738
Praf2,178.5125794619047,-0.05402605507389962,0.17437589744655035,-0.309825244572345,0.7566938531935019,0.9999089513852738
Prap1,0.9052203233548207,0.3537432442433615,2.3295624866716045,0.1518496482782813,0.8793055224810775,0.9999089513852738
Prdm1,4.130999435378022,0.19272680106628687,1.0013131723922064,0.19247404945832203,0.8473708933950711,0.9999089513852738
Prdm13,5.015145294096383,1.7492754807709374,0.9702638614657195,1.8028863593130342,0.07140606368991358,0.9999089513852738
Prdm14,0.2069686257534271,-0.969188503896664,4.42774672984595,-0.21888977916548177,0.8267359084612689,0.9999089513852738
Prdm16,73.95662732450134,-0.23137574086001148,0.23401147578087922,-0.9887367279229683,0.3227919681424556,0.9999089513852738
Prdm9,15.888499077861946,-0.22871419143923877,0.47345318675743064,-0.4830766754484184,0.6290412946964246,0.9999089513852738
Preb,304.58606700865784,0.03130486995261618,0.1383841053781756,0.2262172369223065,0.8210324649477566,0.9999089513852738
Prelp,337.2715642520705,0.22137535300223687,0.22639351540954888,0.9778343368261495,0.3281562654799829,0.9999089513852738
Prep,289.81599157193176,0.13060110447084958,0.16970571312911817,0.769573999971843,0.4415526328752678,0.9999089513852738
Prf1,0.0,,,,,
Prickle3,2.9464441703702158,-0.6891761582312956,1.0808778864105832,-0.6376077879805051,0.523729024764073,0.9999089513852738
Primpol,44.76871643368801,-0.21096538166605633,0.3236316898583052,-0.6518687393018364,0.5144858528549083,0.9999089513852738
Prkaa1,452.3603831044784,0.039675947591845756,0.13355029075218638,0.29708619403508274,0.7664007043664838,0.9999089513852738
Prkaa2,317.87863345667523,0.060959220712713424,0.15982581231892995,0.3814103606185354,0.7028987743608055,0.9999089513852738
Prkab1,286.37915812732837,-0.20519578082344325,0.15784467458766024,-1.2999854531645045,0.19360595495979838,0.9999089513852738
Prkaca,1799.14107691569,-0.0763524228500802,0.11868823252823305,-0.6433023832579007,0.5200279101544634,0.9999089513852738
Prkacb,1325.9208761278617,-0.08579276390440685,0.11993682563819308,-0.7153162796155138,0.4744136313589943,0.9999089513852738
Prkar1a,4631.988122652295,0.02647883497658203,0.08542448755401613,0.3099677356547064,0.7565854919874578,0.9999089513852738
Prkar2b,239.3041071819085,-0.054785198409604115,0.17690168412702184,-0.30969291603954624,0.7567944902976385,0.9999089513852738
Prkca,195.3157663238837,0.08333792661115882,0.2121904524877298,0.39275059567525994,0.6945036973008731,0.9999089513852738
Prkcd,2223.1144100188376,0.12264697634335367,0.5006614804638956,0.24496986712401608,0.8064797631450136,0.9999089513852738
Prkce,1539.0723170522142,-0.003801434818633384,0.14612445198815294,-0.026015049274173398,0.9792453349286975,0.9999089513852738
Prkcg,231.27309593349938,0.055464305762164726,0.24798594219865183,0.22365907224585516,0.8230225947819088,0.9999089513852738
Prkci,401.2958274955633,0.026824459748576862,0.1262596286318218,0.21245476514744135,0.8317522643784194,0.9999089513852738
Prkcq,90.6057140202107,0.22925152789401182,0.21949992711584299,1.0444264419870277,0.2962881352135617,0.9999089513852738
Prkcz,495.52173203403527,-0.015805534492171324,0.21397032713606773,-0.0738678802043439,0.941115513885753,0.9999089513852738
Prkd1,568.4112959764162,0.00976105067873977,0.13678839127305653,0.0713587650815689,0.9431122266078784,0.9999089513852738
Prkd3,314.77431611997207,0.00362577187550764,0.15254225479044883,0.02376896736244298,0.9810368935102372,0.9999089513852738
Prkdc,97.62304590807122,-0.06753602271787522,0.20474187680440784,-0.3298593515502113,0.7415062387436508,0.9999089513852738
Prkg2,128.69901055034043,0.1665513792408693,0.2767937800193583,0.6017164808733098,0.5473628776136223,0.9999089513852738
Prkn,88.83732900989828,-0.02554967557724649,0.25965940990882924,-0.0983968791511057,0.9216171527326065,0.9999089513852738
Prl,108.07035791874104,-2.987594696666171,1.467091231193421,-2.036406893548045,0.04170951379855289,0.9999089513852738
Prl2c2,0.2954996760228605,1.7066408868195215,4.33774436334208,0.393439710565289,0.6939947447779556,0.9999089513852738
Prl3a1,0.30450608319916533,-0.007398491186301263,3.858512348870997,-0.0019174465486591135,0.9984700999401322,0.9999089513852738
Prl3b1,0.0,,,,,
Prl3c1,0.5216469423007041,-0.9889748224250771,2.8362633770466883,-0.3486893461406484,0.727322543426828,0.9999089513852738
Prl3d1,0.4966914482623936,0.9527067756471004,2.869326661274945,0.33203147919860004,0.7398654891468349,0.9999089513852738
Prl7a1,0.352539641012841,-0.007398032634443677,3.685558673124655,-0.002007302905904235,0.9983984050780661,0.9999089513852738
Prl8a1,0.5114747089525924,-0.9894265551377147,2.8504712681314865,-0.3471098152083091,0.7285088199405463,0.9999089513852738
Prl8a2,0.19578339582510598,0.9543856482214617,4.427724182917884,0.21554767388254945,0.8293403470759629,0.9999089513852738
Prl8a6,2.534634607806853,-0.5384431091943309,1.1979761635016153,-0.44946062000139697,0.6530994098255913,0.9999089513852738
Prm1,0.2069686257534271,-0.969188503896664,4.42774672984595,-0.21888977916548177,0.8267359084612689,0.9999089513852738
Prmt1,27.631728038325267,0.5174175761461246,0.37178647353914035,1.3917062964143927,0.16401135486596796,0.9999089513852738
Prmt3,374.033981132233,0.015497877697445699,0.15245822121476266,0.10165327637933262,0.9190318899968482,0.9999089513852738
Prmt5,431.71354342806325,0.17590151035192308,0.13316684598381706,1.3209106895367884,0.18653114507548074,0.9999089513852738
Prmt7,117.16158617670776,0.11203975905830067,0.22164313703902375,0.505496179827911,0.6132103809276137,0.9999089513852738
Prodh,1335.9880855686588,0.2083188910482457,0.15312445575476155,1.3604547361257662,0.1736860673307753,0.9999089513852738
Prok1,1.1613243716408432,-0.37244836681542515,1.7376360673558386,-0.21434198668664833,0.8302803781385076,0.9999089513852738
Prokr2,17.384037463816504,-0.6597412474214805,0.49252771482774976,-1.33950075814964,0.18040770779830584,0.9999089513852738
Prom1,83.76175384896037,0.02044910806252718,0.3183606861179638,0.0642325166209438,0.9487850863256955,0.9999089513852738
Prom2,6.137078038172803,-0.1434861499801288,0.8539550567794406,-0.16802541169000698,0.8665632876461203,0.9999089513852738
Prop1,0.6570457242120064,0.08048985475369251,2.563271628941087,0.031401219381085914,0.9749495687066794,0.9999089513852738
Prorp,36.0643568272613,0.029254387925440058,0.3365858126176474,0.08691509513703796,0.9307390007433393,0.9999089513852738
Prox1,211.7228409978388,0.01566891186361663,0.16402749280769777,0.0955261315978689,0.9238969351508195,0.9999089513852738
Prpf19,1340.100669574709,-0.003980651412634028,0.10208697642055703,-0.03899274473793165,0.9688961730766636,0.9999089513852738
Prpf3,76.49078311438988,0.28604952420862545,0.2515982282218595,1.1369298036406947,0.25556763178749586,0.9999089513852738
Prpf31,212.92206661690128,0.12258316973669345,0.14989896571826739,0.8177719515896226,0.41348741671858,0.9999089513852738
Prpf4b,805.0824899066359,0.06250273483731802,0.11235006472236359,0.5563213069059914,0.577991223947573,0.9999089513852738
Prpf8,1515.9806810784276,0.015335288559441823,0.09628685473129135,0.1592666891263419,0.873458763959448,0.9999089513852738
Prph,9.153325873185194,-0.5091437828431968,0.7378380027217523,-0.6900481961691546,0.49016387904993075,0.9999089513852738
Prph2,0.14774983801143024,0.9543856482214617,4.427724182917884,0.21554767388254945,0.8293403470759629,0.9999089513852738
Prps1,195.42361504732298,0.06853008040429608,0.16134899383241885,0.42473199724736527,0.6710320555136092,0.9999089513852738
Prpsap2,513.8488838362706,0.04616298747381123,0.12392546367301145,0.37250607022634546,0.7095160932893271,0.9999089513852738
Prr5,518.0222866673489,0.40539906695143935,0.20704129200230065,1.958059008571752,0.050223088984842006,0.9999089513852738
Prr5l,136.32415341731482,-0.34209518194183935,0.2291185143158506,-1.4930927034130692,0.13541292225907156,0.9999089513852738
Prrc2b,1379.612995325534,-0.006196212413580184,0.09910479961932071,-0.06252181970379786,0.950147286318523,0.9999089513852738
Prrx1,571.5844223216535,-0.02767009600024941,0.1788359875967972,-0.15472331029163036,0.8770394523344888,0.9999089513852738
Prrxl1,3.341649850269999,-0.9315622244215126,1.3697952786688854,-0.6800740511580454,0.4964575739447954,0.9999089513852738
Prss1,0.42895794323323716,-2.252139410197432,4.196102447076973,-0.5367217408541308,0.5914598361983888,0.9999089513852738
Prss21,0.2997422262654808,-1.7425423111025808,3.993861735428106,-0.43630511683594775,0.6626153698908401,0.9999089513852738
Prss41,1.2155921282065905,0.7180479203492742,1.8250802464277247,0.39343361572989866,0.6939992455736343,0.9999089513852738
Prss42,0.0,,,,,
Prss50,62.5161369584225,-0.10533145141073452,0.33066865639877846,-0.3185407790320088,0.7500747670488359,0.9999089513852738
Prune1,98.72201277943155,0.0016636656820308365,0.22032820695947142,0.007550851999339612,0.9939753490184873,0.9999089513852738
Psat1,807.3319981496717,0.17743334369670102,0.14555129496886013,1.2190433876569897,0.22282772518359562,0.9999089513852738
Psd2,1897.5543016873678,-0.06841728806825854,0.09579245490661159,-0.714224185349032,0.4750885639749154,0.9999089513852738
Psen1,518.4118772109542,-0.10279483776137954,0.1514249485451449,-0.6788500755589355,0.4972328613402729,0.9999089513852738
Psen2,59.18769064294161,0.3557415762743877,0.2744416418171706,1.2962376041729775,0.19489363779453395,0.9999089513852738
Psma4,613.0974477818969,-0.0009583673059902495,0.12267870619076388,-0.00781201021552999,0.9937669810578565,0.9999089513852738
Psmb11,0.7162645119540033,-1.528051050297987,2.5866352720758106,-0.5907485553893745,0.5546889090640676,0.9999089513852738
Psmb6,699.7901147435069,0.040385714574574724,0.11569757448728843,0.3490627591247547,0.7270421941072975,0.9999089513852738
Psmb8,94.5933230726662,0.36006852536563216,0.27128289721481713,1.327280595505103,0.18441588030138933,0.9999089513852738
Psmb9,1.9073928360114285,-1.5269312806109454,1.4012814657323875,-1.0896677919113749,0.2758595087320377,0.9999089513852738
Psmc2,663.4965355564858,0.0001993435665040789,0.11803572347649324,0.0016888409765521374,0.9986525004997105,0.9999089513852738
Psmd1,726.0253180674493,0.06809612249681041,0.11327849673731155,0.601139002177286,0.5477474078892353,0.9999089513852738
Psmd10,104.04385314512088,-0.019482634570167995,0.20272795014880846,-0.09610236060625657,0.9234392764944594,0.9999089513852738
Psmd11,122.89220957702334,-0.22703170780790638,0.18702373397151437,-1.2139192336010447,0.22477856749113279,0.9999089513852738
Psmd12,521.9193583899042,0.0895734130238436,0.13146821699025585,0.6813313139439822,0.4956618735028826,0.9999089513852738
Psmd13,583.5961698512704,0.06961388385475382,0.12032358795615626,0.5785555852948789,0.5628890809229936,0.9999089513852738
Psmd14,708.7812602634249,-0.015550703061636922,0.1260057035771766,-0.12341269180813193,0.9017803072929973,0.9999089513852738
Psmd3,390.5948321862323,-0.06198639802705553,0.1373272925730427,-0.45137712151490744,0.6517177696294139,0.9999089513852738
Psmd5,368.4114962552944,0.07269940782120961,0.12527745632293108,0.5803071833914825,0.5617074840956974,0.9999089513852738
Psmd6,411.3951972343951,0.13266040690273903,0.13629573017679392,0.9733276804098018,0.3303904693667187,0.9999089513852738
Psmd9,326.925771076859,-0.014993048495441412,0.13681251434654296,-0.109588282673209,0.9127359037559862,0.9999089513852738
Ptafr,2.106625699700938,-1.147380725120036,1.4115622684823572,-0.8128445699768129,0.41630717809217443,0.9999089513852738
Ptar1,832.9051992374156,-0.048992779286372384,0.14062913320855464,-0.3483828575812632,0.7275526748071905,0.9999089513852738
Ptbp1,671.760894105916,0.050165330124717245,0.1332408016745363,0.3765012630834715,0.7065442766464982,0.9999089513852738
Ptch1,3357.7767456359816,-0.21737721210699865,0.17310478086105557,-1.2557551040804518,0.20920477373393875,0.9999089513852738
Ptch2,27.568204026297938,-0.8677349734521752,0.4299373696593296,-2.018282277113395,0.04356187142554692,0.9999089513852738
Ptchd1,39.29908736181813,0.20806327817297132,0.32842398822602265,0.633520344530319,0.5263938996051667,0.9999089513852738
Pten,1124.3253535073752,0.026856676087375735,0.13080829634444058,0.20531324723209848,0.8373273947267883,0.9999089513852738
Ptf1a,0.9842236597568851,-0.0019189979807096077,1.9978924729791552,-0.0009605111419475423,0.9992336231072018,0.9999089513852738
Ptgdr,0.827318851671676,0.4427310432245127,2.140872553195378,0.20679934569842126,0.8361665671635382,0.9999089513852738
Ptgds,2441.178029283765,-0.06547319834114217,0.5308211331935768,-0.12334323983530207,0.9018353017864514,0.9999089513852738
Ptger1,6.622882259316731,-0.4467815083914536,0.7610137997348593,-0.5870872624742342,0.5571451017719629,0.9999089513852738
Ptger2,0.3435332338365362,1.888835932093237,3.8493791864163263,0.49068585884148636,0.6236486497313638,0.9999089513852738
Ptger3,3.412314402941695,-0.285078958324578,1.0061951065738695,-0.2833237375753915,0.7769286824979363,0.9999089513852738
Ptger4,4.682984464430734,0.5662662820862387,0.9116866256194261,0.6211194353119979,0.5345210424904832,0.9999089513852738
Ptges,87.66088985396902,-0.06653463584513415,0.24068364492692207,-0.27644020375932,0.7822099811542009,0.9999089513852738
Ptgfr,3.1240661889452386,0.07178149215381774,1.1209165950415028,0.0640382098644547,0.948939802159288,0.9999089513852738
Ptgir,0.2997422262654808,-1.7425423111025808,3.993861735428106,-0.43630511683594775,0.6626153698908401,0.9999089513852738
Ptgr1,71.53053009680626,0.13728013409431955,0.30945916754251485,0.44361307885784124,0.6573223482012651,0.9999089513852738
Ptgs1,76.22420301245249,-0.5818328636507266,0.3584263265650768,-1.6232983476036253,0.10452564261947214,0.9999089513852738
Ptgs2,4.53364549447936,-0.6573960128929687,0.9420059910706512,-0.6978681867466631,0.4852596314325548,0.9999089513852738
Pth,0.0,,,,,
Pth1r,166.42454713920245,-0.12090983034074648,0.22155965026950034,-0.5457213449907256,0.585257497232581,0.9999089513852738
Pth2r,4.782994453182227,0.43704914502216213,0.9543547589461139,0.45795249714560227,0.6469865695806135,0.9999089513852738
Pthlh,11.672333881130013,-0.6408285791772864,0.557382962203083,-1.1497096657644155,0.250263471936221,0.9999089513852738
Ptk2,1117.5158033503337,-0.0734595540017,0.12007210228357054,-0.6117953513315928,0.5406731657683348,0.9999089513852738
Ptk2b,171.6359813003919,0.13345802332282347,0.2730999066869787,0.4886783922478238,0.6250694037839255,0.9999089513852738
Ptk6,0.8402246820989299,1.93640586406816,2.2565744347970518,0.8581174341994677,0.39082762136874327,0.9999089513852738
Ptp4a1,776.5249512466756,-0.018064199131677908,0.13463558615187265,-0.13417105869246923,0.8932673107751992,0.9999089513852738
Ptpa,1579.4217174099367,-0.045211888195782986,0.1200064238606308,-0.37674556695639655,0.7063626961834328,0.9999089513852738
Ptpn1,172.42759168880465,0.13272848767482193,0.16702025269697116,0.7946849889853442,0.4267967663750827,0.9999089513852738
Ptpn11,768.7971063768347,0.04995635967125868,0.11891921567785409,0.42008652164834187,0.674422248587967,0.9999089513852738
Ptpn2,158.1903375397992,0.2224038272571192,0.16816775114170227,1.3225117523853682,0.1859977985154131,0.9999089513852738
Ptpn22,3.5875376845627076,0.28470160158861,1.2101168302880008,0.2352678637820885,0.8140008361225384,0.9999089513852738
Ptpn23,355.33584621041274,-0.02756495939882737,0.18108101427287915,-0.15222445881205685,0.8790099034217228,0.9999089513852738
Ptpn5,643.6260318693979,-0.028192003133139274,0.1911119678668253,-0.14751563414795993,0.8827250404594602,0.9999089513852738
Ptpn6,12.494891388532315,0.1489491630948785,0.6124283820460684,0.24321074506255358,0.807842143380613,0.9999089513852738
Ptpra,1305.1784724965453,-0.035409445871759,0.1052380530753582,-0.33646998245400106,0.7365164839095032,0.9999089513852738
Ptprc,7.485620792898755,0.44097545464007704,0.7309992297774621,0.6032502315690853,0.5463422358001164,0.9999089513852738
Ptprf,84.64986703649673,0.3461020248198003,0.22971373897072303,1.5066666293909,0.13189612931433872,0.9999089513852738
Ptprk,156.60227350061777,0.006517624898404576,0.18443161982715775,0.03533897769001132,0.9718094430269124,0.9999089513852738
Ptprn2,1057.4122115623816,0.03292048714328286,0.10653285305631213,0.309017229885709,0.7573084202868066,0.9999089513852738
Ptprq,0.8033763542135751,0.4587890188318092,2.151671058427096,0.21322451544577214,0.8311518473615465,0.9999089513852738
Ptpru,178.38700882953245,-0.13843551044410668,0.17906056809716683,-0.7731211394849643,0.4394506914495644,0.9999089513852738
Ptprz1,11540.470592238358,-0.05043888707731339,0.0903396522704617,-0.558325008007645,0.5766224710899529,0.9999089513852738
Pttg1,505.9861190303582,0.0229321019704894,0.13537099028218855,0.16940189270009864,0.8654805348623249,0.9999089513852738
Ptx3,0.7926828141743995,-3.125116185900393,2.7704592537653623,-1.1280137694329966,0.25931410402886956,0.9999089513852738
Pvalb,44.01977959219039,0.2975888080555681,0.5184613190869453,0.5739845907495036,0.5659782287376782,0.9999089513852738
Pwp1,139.50260787751247,0.21569371302211335,0.18878320079866318,1.1425471763885926,0.25322664814826246,0.9999089513852738
Pxn,30.602214509797147,0.22185674491709134,0.3731196925983192,0.594599398847411,0.5521112820099152,0.9999089513852738
Pycard,8.709381121721616,0.5919747510382201,0.6947249267362016,0.8520994832002086,0.3941588787993173,0.9999089513852738
Pycrl,125.9943671305765,0.21781644186218013,0.22407615571699965,0.972064346450475,0.3310185379574535,0.9999089513852738
Pygb,2893.4798057922567,0.0683471808075184,0.12486564697202092,0.5473657684473712,0.5841274680257474,0.9999089513852738
Pygl,96.31175238327955,-0.16881503047740182,0.23243818094081234,-0.7262792618411886,0.4676675899589048,0.9999089513852738
Pyroxd1,126.23961258291077,0.1314314135312122,0.20329103110229985,0.6465185051133587,0.5179436167645431,0.9999089513852738
Pzp,1.0597977457905394,0.030719245930377732,1.9788679169109769,0.015523646458592668,0.9876144196189481,0.9999089513852738
Qdpr,2283.899142391097,-0.18621273951599351,0.14654142541157228,-1.2707174028982007,0.20382920212900935,0.9999089513852738
Qrfpr,4.424231420510156,0.23578192437966458,0.884198299390594,0.2666618161810195,0.7897295558711044,0.9999089513852738
Qsox1,298.6069049530243,-0.17690495706103865,0.1693877588023704,-1.0443786393527927,0.29631024236302606,0.9999089513852738
Rab10,1414.2245306387777,-0.08653014737924218,0.10857419927819528,-0.7969678611907557,0.4254696969017244,0.9999089513852738
Rab11a,542.91544901702,-0.04035632167562976,0.1307274748972379,-0.30870573846357097,0.7575453782455344,0.9999089513852738
Rab1a,964.9228052488485,-0.03558424861780648,0.10616149930641597,-0.33518977077649387,0.7374819379027662,0.9999089513852738
Rab20,4.332868467057725,0.5631331085578274,0.9804249770121584,0.574376542582558,0.5657130229879304,0.9999089513852738
Rab21,1213.481505586254,0.026242112348607908,0.14543942483050215,0.18043327921016575,0.8568124300108029,0.9999089513852738
Rab23,417.7232517456389,-0.0036550542878233433,0.12990031270377222,-0.028137378669429502,0.9775525819992674,0.9999089513852738
Rab24,102.8248107482878,0.007139534846710247,0.22287273765468532,0.03203413267069077,0.9744448309227352,0.9999089513852738
Rab27a,33.810658636339134,-0.05793401144020462,0.3957287832915221,-0.14639827550154796,0.8836069885947515,0.9999089513852738
Rab27b,127.2357814376703,0.13846263364940864,0.23426427318969167,0.5910531373996186,0.5544848178303126,0.9999089513852738
Rab28,535.1694247567492,0.08297377014165878,0.11682118118806806,0.7102630644359005,0.47754101974757635,0.9999089513852738
Rab29,148.92372076228156,-0.09586578514979405,0.19338714263491127,-0.4957195387636274,0.6200922998350489,0.9999089513852738
Rab32,32.79335227653194,-0.14498547383664362,0.33895497463763374,-0.4277425755194863,0.6688385490168184,0.9999089513852738
Rab37,343.4427110472257,0.1940985032851884,0.6740913957413915,0.2879409298374317,0.7733919555750535,0.9999089513852738
Rab38,10.569224699956882,-0.061072088705293355,0.6753677646435545,-0.09042790003092015,0.9279471864930544,0.9999089513852738
Rab39,6.366955947308129,-0.07911838274684853,0.7337268554737458,-0.10783083944196661,0.9141298791755729,0.9999089513852738
Rab3a,2442.5641584334226,-0.01350518817106379,0.14390403444047867,-0.0938485722347818,0.9252294468553546,0.9999089513852738
Rab3b,28.749194097682366,-0.35082627069422834,0.4807048207404776,-0.7298164186367334,0.46550240711388247,0.9999089513852738
Rab3d,7.5203019821398405,0.1371674670914113,0.7049720735348138,0.19457149047569688,0.8457284237698449,0.9999089513852738
Rab3gap2,316.8014837084523,0.12036387488655093,0.14008412416547447,0.8592256660317269,0.390216025757153,0.9999089513852738
Rab43,86.05791566400262,0.19010483267811285,0.21989512904813602,0.8645249828908128,0.3872995623312786,0.9999089513852738
Rab4b,218.92199519131114,0.00870284142171769,0.1527729883985919,0.05696583874507689,0.9545724076645135,0.9999089513852738
Rab5a,2398.150560001127,-0.05813621730554745,0.12828748165765247,-0.4531713971959444,0.6504253269755861,0.9999089513852738
Rab5b,683.9138774659306,-0.025062492146582377,0.12717123184496482,-0.19707674277415357,0.8437674830818576,0.9999089513852738
Rab5c,1506.556056190528,0.009377854196298496,0.10440509351739567,0.08982180735019395,0.9284288184754481,0.9999089513852738
Rab6a,2471.990330398969,-0.027657839337266697,0.15920243690951244,-0.17372748730590645,0.8620796342541435,0.9999089513852738
Rab7,4213.574564421979,-0.02373124444839056,0.08953196669239091,-0.26505889823603546,0.7909640896193464,0.9999089513852738
Rab7b,9.605056480896584,1.3318243374015684,0.6559108666471468,2.0304959181565674,0.042306155661534964,0.9999089513852738
Rab8a,307.1926473649828,0.03284174273349219,0.14854958618424385,0.2210826941837392,0.8250280449139623,0.9999089513852738
Rab8b,217.82698352850937,-0.23247037727082115,0.18024005600010082,-1.289781985368952,0.19712636440383913,0.9999089513852738
Rabep1,1225.5430259837838,-0.008706805866223622,0.11344762730141364,-0.07674735975826907,0.9388245279778119,0.9999089513852738
Rabep2,45.231285566659345,0.3091529129379821,0.31821232922691184,0.9715302788206247,0.33128428266898835,0.9999089513852738
Rac1,2500.7700951797883,0.003571372214082358,0.10542605812672426,0.03387561175615137,0.972976341022666,0.9999089513852738
Racgap1,44.120769273620226,-0.053348873988828385,0.29382205742840745,-0.18156864891543192,0.8559212543757676,0.9999089513852738
Rack1,98.88726380626235,-0.19237255109212414,0.23384885319435586,-0.8226362817877065,0.41071485983621403,0.9999089513852738
Rad21l,2.5658083497953643,0.20134012733990972,1.4066223308547752,0.14313730339938477,0.8861817444056642,0.9999089513852738
Rad23b,1422.7763937236687,0.017749135533230986,0.10713204676544585,0.16567531442847178,0.8684124737843231,0.9999089513852738
Rad50,40.417629850707726,0.12587248058576525,0.32385433187902835,0.38867005377214875,0.697520237603529,0.9999089513852738
Rad51,14.30063728347019,0.05663583115015309,0.502040103843527,0.11281136848741671,0.9101801051332732,0.9999089513852738
Rad51b,9.377482437585575,-0.16530309813802907,0.6584159802348523,-0.2510617954307042,0.8017663328828599,0.9999089513852738
Rad51d,188.27167096176365,-0.08626887633173269,0.1639934936675609,-0.5260506036087778,0.598853047987946,0.9999089513852738
Rad54l,15.731891395571685,-0.19528809139908662,0.4855610092062102,-0.402190636596504,0.6875437326840332,0.9999089513852738
Rad9a,118.6343290663367,0.25329243628650155,0.2020430712327597,1.2536556425372343,0.20996719721349288,0.9999089513852738
Rae1,304.2248084596076,0.16171039508187462,0.15888338802723992,1.0177929680990312,0.3087763545132226,0.9999089513852738
Raf1,1523.2563359282722,0.0903315724478074,0.1144880419399349,0.7890044315300546,0.4301094164460927,0.9999089513852738
Rag1,1.2498554219102767,0.7952338889828104,1.6574027065665125,0.47980728270332246,0.6313644339054836,0.9999089513852738
Rag2,0.5595082667662682,-0.987337961856695,2.7868451323465284,-0.3542851916659448,0.723125164331204,0.9999089513852738
Rai14,28.352938143662794,0.32066995530463943,0.3581053041532965,0.8954627356409335,0.37053977739429744,0.9999089513852738
Rala,431.93909599131575,-0.07203880263869553,0.13666121344029408,-0.527134223567893,0.5981003821490345,0.9999089513852738
Ramp3,475.10574287723324,0.11221875092597533,0.4936332992250453,0.22733221422085484,0.8201654254489368,0.9999089513852738
Ranbp1,450.13345705539535,-0.04871548243114763,0.1353374353138863,-0.35995570861944043,0.7188802558619074,0.9999089513852738
Ranbp2,486.08659195202085,0.03274600702458645,0.11795494745064862,0.27761452768470873,0.781308278880603,0.9999089513852738
Rangap1,704.8788558789214,-0.009519259007262582,0.12246731542056123,-0.07772897588693593,0.9380436444048452,0.9999089513852738
Rap1a,393.8101551295458,0.02556630241595265,0.146506351809044,0.17450644357915418,0.8614674672202912,0.9999089513852738
Rap1gap,1817.1107373360658,0.045520013502982015,0.11933582179540883,0.3814446728411711,0.7028733179704038,0.9999089513852738
Rap2a,412.82905770424514,0.035315894919138655,0.14671812098560422,0.24070574706040437,0.8097831844091068,0.9999089513852738
Rapgef1,389.63596836743477,0.04617294714466545,0.13902018742539823,0.3321312393528676,0.7397901621585949,0.9999089513852738
Rapgef3,1116.6138615483135,0.2088138776744137,0.11341717007873509,1.8411134533638378,0.06560493456801038,0.9999089513852738
Rapsn,3.7566481090080797,-0.640146176660244,0.9618104308813159,-0.6655637702677772,0.5056899701711391,0.9999089513852738
Rara,216.04741480246753,0.00814251396249691,0.17407683099844504,0.046775403227380934,0.9626922329510524,0.9999089513852738
Rarb,61.578376664729284,0.08604450254982349,0.27378178575167433,0.3142813255950767,0.7533073802182695,0.9999089513852738
Rarg,108.23116651273278,0.006504847068129906,0.266321784636572,0.024424765240314637,0.9805137944109865,0.9999089513852738
Rasd1,93.01972706154781,-0.15504938675308874,0.3878039657354622,-0.3998138246447294,0.6892936475329825,0.9999089513852738
Rasgrf1,1170.1759281162297,-0.033613668437336895,0.1194948340778248,-0.2812980887144036,0.7784817761379906,0.9999089513852738
Rassf5,103.6505658812524,-0.04027294033578648,0.2116139177591028,-0.19031328734073352,0.8490636421392056,0.9999089513852738
Rax,2.854836396029969,-0.2577367225695323,1.1171969985473829,-0.23069944056836014,0.8175483081660904,0.9999089513852738
Rb1,615.0894076314258,0.12409927414848092,0.16200965543752063,0.7659992474728771,0.4436767499497831,0.9999089513852738
Rb1cc1,268.4833445241304,-0.1284245744436864,0.15084765271710918,-0.8513528194205733,0.39457339203766484,0.9999089513852738
Rbbp4,2006.8434142559381,-0.00616798530803656,0.08996821525362013,-0.06855738207820426,0.945341943182802,0.9999089513852738
Rbbp7,640.8946457113238,0.06571789309111566,0.10861119735509958,0.6050747500393893,0.5451293305656755,0.9999089513852738
Rbck1,248.88687907621033,0.024963561465311448,0.16557614949204866,0.15076785842583115,0.8801588416497345,0.9999089513852738
Rbfox2,322.00854375988007,-0.048902771946226824,0.1573545092312248,-0.3107808742510618,0.7559672103435553,0.9999089513852738
Rbfox3,245.74263304706267,-0.12880822253887442,0.16420710560335974,-0.7844253880828342,0.4327905462163595,0.9999089513852738
Rbl1,31.061863104739203,-0.02705920697261002,0.3429634061932672,-0.07889823370065778,0.9371135681663595,0.9999089513852738
Rbl2,284.7850192648034,0.054779247230450766,0.13627712193438937,0.40196950488009453,0.6877064692900556,0.9999089513852738
Rbm8a,194.5614749014853,-0.16391644230850347,0.1776253389266627,-0.9228212781971421,0.35610035019482533,0.9999089513852738
Rbms1,144.74651315114843,0.0054689630115461315,0.19406940020587823,0.02818044990990022,0.9775182297435558,0.9999089513852738
Rbp1,200.34577581813778,-0.14813226320757272,0.2536482530949477,-0.5840066367503135,0.5592158468961368,0.9999089513852738
Rbp3,0.44272820734322654,-2.3021975448693213,3.5445003601393332,-0.64951257185902,0.5160071231152012,0.9999089513852738
Rbpj,365.3823671185493,-0.014714047179158385,0.13147496266897615,-0.1119152033243393,0.9108906418262503,0.9999089513852738
Rbpjl,0.9932300669331897,-0.9596062471557038,1.8685337971993423,-0.5135610865556794,0.607558891797591,0.9999089513852738
Rcan1,240.69081735387616,-0.05489456974514048,0.16393283851845958,-0.334860118578128,0.7377306077099504,0.9999089513852738
Rcc2,163.8888647760982,0.18845467124066578,0.17310425805694712,1.0886772708887886,0.27629622833289735,0.9999089513852738
Rcn2,1349.9480748127517,0.08538756028127473,0.1591690591214157,0.536458283743075,0.5916418595187989,0.9999089513852738
Rcor1,177.3937937690405,-0.07832637377120867,0.1657503910434153,-0.47255619294854334,0.6365298424505743,0.9999089513852738
Rcor2,112.54970479751302,0.10440036833379492,0.2512688150196657,0.41549273962080796,0.6777812290356883,0.9999089513852738
Rdx,2000.3837959737982,-0.022327801386643403,0.09617327847314455,-0.2321622153379977,0.8164120238036036,0.9999089513852738
Rec114,4.479635386445791,-0.7271947111178045,0.8891246710267701,-0.8178771040938869,0.4134273652570961,0.9999089513852738
Rec8,48.74485442919479,-0.3446458502661412,0.3071658888301996,-1.1220186316217569,0.26185451811908544,0.9999089513852738
Rel,48.40052291302256,-0.26455133958770605,0.31068207910578743,-0.8515178614393982,0.3944817456390436,0.9999089513852738
Rela,235.29258766139858,0.08410962516043828,0.15104068279348074,0.556867352588985,0.5776180619424052,0.9999089513852738
Relb,62.50867487995665,0.3427971999405919,0.30184531431723743,1.135671761928742,0.2560939629105268,0.9999089513852738
Reln,106.30666203478381,0.26960714511488987,0.2088496614066941,1.2909149255927326,0.19673317925599576,0.9999089513852738
Ren1,0.1429859810777457,-0.969188503896664,4.42774672984595,-0.21888977916548177,0.8267359084612689,0.9999089513852738
Rest,153.97776006999285,-0.20038799326504833,0.20012449120081385,-1.0013166907391164,0.31667372613704514,0.9999089513852738
Ret,47.66793544780262,-0.24456476706388414,0.3162095941855685,-0.7734261438011922,0.43927022254095927,0.9999089513852738
Retn,0.1429859810777457,-0.969188503896664,4.42774672984595,-0.21888977916548177,0.8267359084612689,0.9999089513852738
Retreg3,186.55491120955503,-0.007902321826607706,0.1628920381009052,-0.04851263400432456,0.961307695818351,0.9999089513852738
Rev1,437.83041048246747,-0.05477040827279364,0.12642718259162017,-0.4332170277788341,0.6648571095580855,0.9999089513852738
Rflna,22.110108503747895,-0.37523674017804365,0.6519178625531022,-0.5755889840301447,0.564893028721316,0.9999089513852738
Rfx2,41.77630743719452,0.0336381641046738,0.2975358244795847,0.11305584516926588,0.9099862809301593,0.9999089513852738
Rfx3,490.57203277625877,0.042617449677698066,0.15024838123646383,0.2836466478172959,0.776681184841781,0.9999089513852738
Rfx4,770.1721414156556,-0.04919183468409945,0.14617283179127533,-0.3365319949082055,0.7364697286183696,0.9999089513852738
Rfx5,163.12951495384917,-0.11061055422123972,0.1754765326574541,-0.6303438559340663,0.5284696353711662,0.9999089513852738
Rfx6,0.3056719093709721,1.7522127818210251,3.970869407267861,0.44126678621411203,0.6590198682649857,0.9999089513852738
Rgcc,568.4046930796605,0.006591018151138754,0.22035632497272847,0.029910728235073195,0.9761382497843261,0.9999089513852738
Rgmb,203.6989821979224,-0.09774643724150191,0.18746504376857076,-0.5214115403945483,0.6020801138775753,0.9999089513852738
Rgr,2.363463579028386,0.39404707927642296,1.2384079744075842,0.31818842208677056,0.7503420145885775,0.9999089513852738
Rgs18,1.108526956893483,-1.3087716873563402,1.9475511910223389,-0.6720088762695472,0.501578045531752,0.9999089513852738
Rgs20,2194.855001799527,-0.012510922776606077,0.12568369605411084,-0.09954292537052481,0.9207072076035696,0.9999089513852738
Rgs3,327.88904744707276,0.04752695974718771,0.13913488529420454,0.3415890964131005,0.7326601439529148,0.9999089513852738
Rgs6,1614.7794937459355,-0.0863219847006532,0.18034875439564232,-0.4786392065191826,0.6321953215095539,0.9999089513852738
Rgs9,79.08602974411032,0.09266108912524425,0.2876676353372216,0.322111623772418,0.7473681327071875,0.9999089513852738
Rhbdf2,3.719088177031587,-0.0878217882914168,0.9542009991581349,-0.09203699049665587,0.9266686501366801,0.9999089513852738
Rhbdl3,87.45625392783865,0.00768735249571176,0.24215555807794747,0.03174551332510517,0.9746749987761247,0.9999089513852738
Rheb,1190.6885657184591,-0.032451526884522366,0.11861719694683945,-0.2735819739448584,0.784405888368079,0.9999089513852738
Rho,2.3315319376683132,1.2222059704330972,1.322682053960328,0.924036102836363,0.3554675192095784,0.9999089513852738
Rhoa,2669.9383560629935,0.030897593233076164,0.113813299782769,0.27147612178936203,0.7860248624162369,0.9999089513852738
Rhoc,529.7178036486004,0.07996931645631128,0.14881611481216755,0.5373700056425126,0.5910120576776404,0.9999089513852738
Rhod,26.550001837607596,0.2588033782286978,0.4176138931012104,0.6197192730031512,0.5354426246700795,0.9999089513852738
Rhog,162.07659419525675,0.08477815024830167,0.19015742217043705,0.44583140263815463,0.655719036338851,0.9999089513852738
Rhoj,113.54753600780596,0.1667012916369125,0.2808714453725263,0.5935145575792253,0.5528368434299253,0.9999089513852738
Rhot2,357.11731310541944,0.025544208000455152,0.153175740782822,0.16676405721890802,0.8675557007778181,0.9999089513852738
Rhox13,1.0999907225997172,2.2857095101386045,2.1452445025612086,1.065477388432738,0.28665995265109045,0.9999089513852738
Rhox5,1.1708520855082123,1.2374778118769387,1.7674983555793637,0.7001295406983895,0.4838464089289629,0.9999089513852738
Rhpn1,96.59368394576781,0.13112118214425778,0.25574622649885725,0.5127003590211081,0.6081609385218396,0.9999089513852738
Rhpn2,91.61233495977838,0.37436570835373123,0.22271715822533997,1.6809019625464008,0.09278195871703016,0.9999089513852738
Ric8a,312.2700057306551,0.04572991083711215,0.1388555926376684,0.3293343103323204,0.7419030133476768,0.9999089513852738
Ric8b,357.90297632964706,-0.054715290554540844,0.14036888946080606,-0.38979641973885176,0.6966870914202246,0.9999089513852738
Rictor,221.7679953783768,0.05362940673978761,0.15163121788010014,0.35368314974686915,0.7235763519744973,0.9999089513852738
Rif1,311.54019066624585,0.14984791726752014,0.15052960723276534,0.9954713894643258,0.3195070526021494,0.9999089513852738
Rims2,581.7148986860575,0.03229709749612275,0.14950779603015293,0.21602283194388758,0.8289699504068364,0.9999089513852738
Ring1,161.15176969316929,0.10075837968807622,0.18641361507513907,0.5405097672048408,0.5888455270114981,0.9999089513852738
Riok3,641.4629772744266,-0.0020044668301177782,0.11753926529429522,-0.01705359332559198,0.9863938606835096,0.9999089513852738
Riox1,39.19297845504848,0.20308598568733185,0.3368447509136264,0.6029067846136842,0.5465707022739263,0.9999089513852738
Riox2,46.73950251764675,-0.07022010315123069,0.29917948380012155,-0.23470895216245488,0.8144346389929884,0.9999089513852738
Ripk1,109.43068213841202,-0.21227732924172893,0.2111883811146357,-1.005156288055933,0.3148215996708097,0.9999089513852738
Ripk2,112.63292519890501,-0.1191724051110714,0.22128992515012674,-0.5385351593852403,0.5902076385455284,0.9999089513852738
Ripk3,1.812559774702894,0.6506439131244351,1.6400964488611938,0.3967107626970425,0.6915807626097938,0.9999089513852738
Rita1,39.161947346051925,-0.11697691159969072,0.3049097379072764,-0.3836443939198282,0.7012420316044707,0.9999089513852738
Rlim,435.99973523722196,-0.0045365354791731035,0.1262413523194395,-0.035935415739954304,0.9713338564181628,0.9999089513852738
Rln1,3.8371985763257794,-0.04642271040880695,1.0869443439177848,-0.04270937207463708,0.9659332085530051,0.9999089513852738
Rln3,0.4865192149142819,0.9200296512650015,2.8819249511055407,0.3192413636281775,0.7495434929959728,0.9999089513852738
Rmdn3,228.00567346851855,0.11350547105130025,0.15616666652848038,0.7268226541199818,0.4673346034477557,0.9999089513852738
Rnase1,67.23342308585627,0.204184520435527,0.33706821530908626,0.6057661659029256,0.5446700399586115,0.9999089513852738
Rnase4,146.30575535351554,0.04742430979302856,0.2536409880872748,0.18697415646681845,0.8516808957508153,0.9999089513852738
Rnaseh2b,94.77416762071435,0.09747839978706571,0.23187515679545598,0.4203917363732689,0.6741993038951464,0.9999089513852738
Rnaset2a,1553.2143958020588,-0.05714068215218639,0.10281363524355162,-0.5557694951338684,0.5783684416158192,0.9999089513852738
Rnd2,1362.8334096727824,-0.14768372459432452,0.16006721700099774,-0.9226356736957823,0.35619709849863346,0.9999089513852738
Rnf10,1369.489745367647,-0.00753907147786663,0.10902785362749377,-0.06914812341096557,0.9448717157268476,0.9999089513852738
Rnf13,2487.1926325077807,-0.0030993010623785867,0.09334574824685413,-0.033202380618155655,0.973513199711886,0.9999089513852738
Rnf130,632.3401129910403,-0.02454607697282588,0.11961578595511126,-0.20520767202112766,0.8374098755910331,0.9999089513852738
Rnf14,2529.218757712236,-0.036344334976891254,0.10251937567586113,-0.3545118640968155,0.7229553143767093,0.9999089513852738
Rnf144a,465.80672310614574,0.05837739016634706,0.1377906601106599,0.42366725088234636,0.671808502092534,0.9999089513852738
Rnf19a,182.68711585145616,0.02694033736077598,0.1658009705151952,0.16248600522098255,0.8709231480465818,0.9999089513852738
Rnf2,269.9426194679154,-0.016302870058801308,0.15669532205056427,-0.10404184276503485,0.9171361430098615,0.9999089513852738
Rnf20,145.1841066060085,-0.009636769397365946,0.1966547746425371,-0.04900348549829453,0.9609165182527317,0.9999089513852738
Rnf219,115.56127753397328,0.017452162732493285,0.20206303882975352,0.08636989146341334,0.9311723806007018,0.9999089513852738
Rnf220,364.8149302241156,-0.07335052488932495,0.15238748748326955,-0.48134217645249927,0.630273325902567,0.9999089513852738
Rnf31,71.6277273711148,0.05564821512135664,0.24946206549386218,0.2230728548294082,0.8234788047662568,0.9999089513852738
Rnh1,846.8585690041854,0.05633686132328075,0.1300568264551864,0.43317112110753153,0.6648904573161285,0.9999089513852738
Robo1,397.425855470419,0.1501417310433973,0.14905285179970998,1.007305323115525,0.31378807252612484,0.9999089513852738
Robo2,95.52251231064218,0.15610008643348516,0.23201301144197337,0.6728074665438576,0.5010697869819332,0.9999089513852738
Robo3,2.506687868157222,-1.042468902999393,1.2331913365641085,-0.8453423828810683,0.3979197038261518,0.9999089513852738
Rock1,264.5355913926165,-0.03490647789471382,0.1591248166744072,-0.21936539267873983,0.8263654261256663,0.9999089513852738
Rock2,623.9440327065013,-0.1557210383722931,0.11971830319846997,-1.3007287458304306,0.1933513191735582,0.9999089513852738
Ror1,12.086634881887285,0.3073685733909473,0.6229368505230676,0.4934185112549629,0.6217169052854158,0.9999089513852738
Ror2,32.47758500602717,0.4165266085701043,0.36704221120363434,1.1348193637026018,0.25645101126930037,0.9999089513852738
Rora,1390.3738058957388,0.023458350136281284,0.22073776603580306,0.10627248140436651,0.9153661645839193,0.9999089513852738
Rorb,940.802010115779,0.04186244059406499,0.12117330582491388,0.34547576554982334,0.729736726319073,0.9999089513852738
Rorc,57.37002809248761,0.12082156995253038,0.30559420210759825,0.3953660413687746,0.6925727669233078,0.9999089513852738
Ros1,0.15792207135954184,0.9543856482214617,4.427724182917884,0.21554767388254945,0.8293403470759629,0.9999089513852738
Rp1l1,0.6570457242120064,0.08048985475369251,2.563271628941087,0.031401219381085914,0.9749495687066794,0.9999089513852738
Rp2,189.9966700336662,-0.0970801626279782,0.16370086629490851,-0.5930338966752163,0.5531584675475316,0.9999089513852738
Rpa1,707.3931048619773,-0.08260678980640149,0.1415914441069662,-0.5834165357053328,0.5596129288986302,0.9999089513852738
Rpe65,18.354290285742493,-0.4186774059631029,0.5021649015977023,-0.833744860763918,0.4044247727757553,0.9999089513852738
Rph3a,964.2085178833744,-0.05566338192542175,0.14877724466795778,-0.37413908322910344,0.7083008425138874,0.9999089513852738
Rph3al,30.387620839868035,-0.14482803340400544,0.35510146671159615,-0.40784971896956673,0.683384009150285,0.9999089513852738
Rpn1,1046.6571123102453,0.004613377774889061,0.10597712408759102,0.04353182646356834,0.9652775947156162,0.9999089513852738
Rprml,19.213645471705565,0.4226235733023453,0.4492656452216787,0.9406986218450165,0.3468593254488077,0.9999089513852738
Rptor,339.81668379845974,-0.03534676901140797,0.12854084824413747,-0.2749847188208522,0.7833279785230429,0.9999089513852738
Rragd,396.35094193393394,-0.10195478210529597,0.12422689312961316,-0.8207142554786475,0.41180904886143677,0.9999089513852738
Rras2,61.05939092311385,-0.18391069918522387,0.2574336528334368,-0.7144003791307606,0.4749796376157043,0.9999089513852738
Rsad1,225.68390465965368,0.03379711087982441,0.19902547477115798,0.16981298961193161,0.865157211067975,0.9999089513852738
Rsbn1,456.03731643891757,-0.020826954593949756,0.12420753333578874,-0.1676786748324286,0.8668360736570386,0.9999089513852738
Rsf1,526.1726799479341,0.045666162988366094,0.12643753086124876,0.361175694252363,0.7179681107035802,0.9999089513852738
Rsph1,23.187296794689605,0.7498245731070218,0.5773648157866061,1.2987015360218221,0.19404637675258818,0.9999089513852738
Rsph10b,37.42324756972048,-0.12992354796880223,0.32312731543802276,-0.40208159991884734,0.6876239738148132,0.9999089513852738
Rsph9,213.65420431943042,-0.11197775312054264,0.21860257526020702,-0.5122435222332276,0.6084805867438724,0.9999089513852738
Rspo1,25.967631772695878,-0.15686018716916295,0.4864261944505436,-0.3224747946527608,0.7470930296848142,0.9999089513852738
Rspo2,7.4937576613425145,-0.7610968447490315,0.75175712381873,-1.0124238542401276,0.3113354375834777,0.9999089513852738
Rspo3,114.82631459400993,0.12595603126404703,0.1980701959863577,0.6359161237600957,0.5248310928275755,0.9999089513852738
Rsrp1,4415.855732527033,-0.04665524794909764,0.15755594761339858,-0.2961186083788948,0.7671395034989591,0.9999089513852738
Rtbdn,1.4492368484972602,1.054546774213299,1.5979830268825266,0.6599236390330087,0.5093028335181333,0.9999089513852738
Rtcb,606.804994767076,-0.005323196022994429,0.11325219844320986,-0.04700302595594855,0.9625108158319874,0.9999089513852738
Rtf1,166.81580217511103,-0.02301571618487694,0.20605308135312478,-0.11169799565109928,0.9110628686245503,0.9999089513852738
Rtkn2,6.132207341747017,-0.25125041128197845,0.8865219128333899,-0.2834113941740746,0.7768614950158726,0.9999089513852738
Rtn2,207.776977070749,-0.1016756826896233,0.20382529904386376,-0.4988374022586,0.6178939359526799,0.9999089513852738
Rtn3,4348.9908818927315,0.00853398401382627,0.09898787965928037,0.0862124135116393,0.931297562894404,0.9999089513852738
Rtn4,1345.8282247300644,-0.06438034748294537,0.11576224635688549,-0.5561428661678355,0.5781131930954333,0.9999089513852738
Rtn4r,78.93420406575159,0.04071839025863511,0.26333157043515815,0.15462783361428162,0.8771147258521697,0.9999089513852738
Rubcn,270.00994945441647,-0.00301105175534282,0.13877371512164272,-0.021697565368942302,0.9826892058709062,0.9999089513852738
Rundc1,128.93952828030643,0.08829851769142694,0.1954152168743896,0.45185077755835207,0.6513764864838121,0.9999089513852738
Runx1,5.889353394416535,0.18609608598181665,0.7637041120109848,0.24367563701050218,0.8074820435307098,0.9999089513852738
Runx2,12.682272493693366,0.1761003093032623,0.595466158029693,0.2957352100175624,0.7674323055627515,0.9999089513852738
Runx3,0.3648906971129689,-0.007397932673110196,3.6467602450555323,-0.002028631490962615,0.9983813873639943,0.9999089513852738
Ruvbl1,267.4684334254436,-0.06700598412330662,0.1382261636041,-0.48475615886455165,0.6278493248595516,0.9999089513852738
Ruvbl2,270.2614790306881,0.11960361778039696,0.13863484068774534,0.8627240972547917,0.38828918010635494,0.9999089513852738
Rxfp1,8.35215441287234,0.7842041506944992,0.8293830146009991,0.9455271411264258,0.3443898211542693,0.9999089513852738
Rxfp2,1.679134975128579,1.30642412176645,1.6895518658311774,0.7732370625531243,0.43938209557114505,0.9999089513852738
Rxfp3,16.02137373350404,0.733584931132313,0.567105890427357,1.2935590046146435,0.19581779059309734,0.9999089513852738
Rxra,406.6029227769049,0.33393217830536487,0.20355446560804139,1.6405052933025552,0.10090014878157565,0.9999089513852738
Rxrb,569.4895861265862,-0.06812022415597274,0.14167016995915602,-0.4808367504296214,0.6306325285786623,0.9999089513852738
Rxrg,56.06492259144716,-0.08726398677851151,0.33486032299425417,-0.26059816820999976,0.7944024024408538,0.9999089513852738
Rybp,114.26282052532065,-0.041416495650055625,0.19137312068887766,-0.21641751726141284,0.828662312999022,0.9999089513852738
Ryk,691.4733035245736,-0.037190997562230786,0.11489575347223777,-0.3236934041362742,0.7461701649775772,0.9999089513852738
Ryr1,3.9704025846831947,0.5959219056773531,0.9996577280411799,0.5961259428715232,0.5510910943380174,0.9999089513852738
Ryr2,145.65273997677025,-0.05386946524148803,0.2302596975655179,-0.23395090765356388,0.815023091057363,0.9999089513852738
Ryr3,18.671440896907214,-0.15305492434950552,0.4673026055705358,-0.3275285062077469,0.7432681860222142,0.9999089513852738
S100a1,1644.3533673931672,-0.046795728743995735,0.15099131645164524,-0.30992331111294075,0.756619275321079,0.9999089513852738
S100a10,483.6129854301878,0.11075795810917635,0.2179921551983024,0.5080823115328275,0.6113956195630068,0.9999089513852738
S100b,758.4684342632498,-0.07660302848688895,0.1476571340688089,-0.5187898909861788,0.6039072681718465,0.9999089513852738
S1pr1,7801.655672015612,-0.06335285766910592,0.10765018278503967,-0.5885067357071889,0.5561922140747304,0.9999089513852738
S1pr2,51.7890036497196,0.22167793787139542,0.36953808440318103,0.5998784624037176,0.5485872370878486,0.9999089513852738
S1pr3,21.67291269847132,0.8021766190803954,0.5127260785106352,1.5645325110252923,0.11769256416046793,0.9999089513852738
S1pr5,50.486141131847425,-0.1707989891550444,0.35306054916023827,-0.4837668483813706,0.628551345097804,0.9999089513852738
Saa1,1.7129920574026134,0.5627386170347712,1.4989916125777851,0.37541145148039967,0.7073544896113169,0.9999089513852738
Saa2,1.1442734200599178,0.06166793374352869,2.203447673344621,0.027987019836927966,0.9776725037624743,0.9999089513852738
Sacm1l,648.8783404523989,0.04609463528755554,0.12020942689079914,0.3834527497533859,0.701384097960628,0.9999089513852738
Sag,7.28211019595997,0.38775460475073587,0.6940681429221822,0.5586693593487841,0.576387394454675,0.9999089513852738
Sall1,547.4197860930877,-0.012397931711354383,0.14685030670892196,-0.08442564397178164,0.9327180191261943,0.9999089513852738
Sall3,386.9206633714734,0.2731894361855883,0.15482806646345004,1.7644697271349028,0.07765292779129078,0.9999089513852738
Sall4,0.0,,,,,
Samd11,2.821179010461934,0.2392409743838133,1.221350011754756,0.19588240232633025,0.8447022113497642,0.9999089513852738
Samd14,236.38064334789217,0.027516507484914913,0.1693715647503895,0.16246237983021075,0.8709417512116195,0.9999089513852738
Samd8,382.12580122255696,-0.08968085532827484,0.1344300108372468,-0.667119304459855,0.504695930251359,0.9999089513852738
Samhd1,224.93866469644445,0.09555493699877261,0.1567584084415817,0.6095681753134318,0.5421478985864425,0.9999089513852738
Sap130,346.31813579892946,-0.04688434701689254,0.12845929638251316,-0.36497434080041236,0.715130560081807,0.9999089513852738
Sap18,287.08286563968363,-0.07290800717659568,0.15027069264620382,-0.485177820722832,0.627550213525062,0.9999089513852738
Saraf,2365.247479723573,-0.007789917500967977,0.12611258500387473,-0.061769549016290774,0.9507463535293034,0.9999089513852738
Sardh,449.4861900407803,-0.06324217827980955,0.12906498266717492,-0.4900026093281607,0.6241320524107976,0.9999089513852738
Sarm1,69.91091523101336,-0.0823642475643401,0.27697751112521635,-0.29736799651977797,0.7661855742392671,0.9999089513852738
Sart3,230.9309514147421,0.021929318012343862,0.20940487817187747,0.10472209722996277,0.9165963273170162,0.9999089513852738
Sass6,97.37121569223125,-0.060383828706276024,0.24886321199210795,-0.24263862956245594,0.8082853532159859,0.9999089513852738
Satb2,9.00455949294034,0.1302791154240822,0.674792595291802,0.19306541940897456,0.8469077344247109,0.9999089513852738
Saysd1,16.933219560324847,-0.3204234628017295,0.5067775836790787,-0.6322763143459014,0.5272063379255958,0.9999089513852738
Scamp4,150.77770422061965,-0.02877648684540134,0.1955711472596721,-0.14714075797281587,0.883020919763568,0.9999089513852738
Scarb1,42.171289616308464,-0.07314634962030804,0.3303542683280828,-0.22141790384758894,0.824767053112766,0.9999089513852738
Scarb2,1613.5310895232517,-0.03655917016290086,0.10858599477866067,-0.33668402851972096,0.7363551045509614,0.9999089513852738
Scgb1b27,0.402752021578533,-0.007397661347697187,3.5392911556212887,-0.0020901533732108563,0.9983323001080966,0.9999089513852738
Scimp,0.6534476934501287,0.1388722029691974,2.3178202464453297,0.05991500125265342,0.9522233320877883,0.9999089513852738
Scin,0.6982516976013936,1.4555539890864002,2.5945974721945575,0.5609941444424773,0.5748015289794217,0.9999089513852738
Scmh1,176.9437393211524,-0.007319023329812024,0.18841753585577906,-0.038844703581169024,0.9690142034077143,0.9999089513852738
Scn10a,0.6646329233784497,-1.4950013556355866,2.397724572765205,-0.6235083764902398,0.5329504994439926,0.9999089513852738
Scn1a,372.1699280399361,-0.06499179243871747,0.23050269915219523,-0.28195675225392913,0.7779766720763648,0.9999089513852738
Scn2a,372.58294348372425,0.026286340285604535,0.1545164554349198,0.17012000574059233,0.864915760534704,0.9999089513852738
Scn3b,95.40826673760954,-0.28868971855765907,0.25473684256113804,-1.1332860832188898,0.2570941340859375,0.9999089513852738
Scn4a,0.29073581908917595,-0.007398648057258491,3.9159171036663234,-0.0018893781102596427,0.9984924952732074,0.9999089513852738
Scn4b,166.12900962834718,0.05242924484514132,0.6194768043450276,0.08463471832585358,0.9325517968477237,0.9999089513852738
Scn5a,11.522287948579637,0.11553392495473709,0.6797461331108742,0.1699662849511087,0.8650366515225103,0.9999089513852738
Scn8a,558.1730624339141,-0.035233923474852914,0.1403114126003583,-0.2511123138301506,0.8017272758129257,0.9999089513852738
Scn9a,19.33263379151087,-0.01632235930379071,0.5744455834829354,-0.028414108791343127,0.9773318715567763,0.9999089513852738
Scnn1a,24.77008215763641,0.3347519614261542,0.4101873815562468,0.816095220082365,0.41444567755481543,0.9999089513852738
Scnn1b,0.3056719093709721,1.7522127818210251,3.970869407267861,0.44126678621411203,0.6590198682649857,0.9999089513852738
Scnn1g,0.15792207135954184,0.9543856482214617,4.427724182917884,0.21554767388254945,0.8293403470759629,0.9999089513852738
Scrib,469.06587369424915,0.052664678340929624,0.14152750447944723,0.3721162083273901,0.7098063290094591,0.9999089513852738
Scrt1,575.816543137683,-0.07526201488216569,0.31425263348819654,-0.23949525592437895,0.8107215746693648,0.9999089513852738
Scrt2,82.62971728668724,-0.1705480087656912,0.4252343370177742,-0.401068290867025,0.6883698457646928,0.9999089513852738
Sct,1.765636642558376,-0.07390956116628583,1.4141211183439037,-0.052265368367344876,0.9583172476236073,0.9999089513852738
Scx,18.109550946594798,-0.4351067245088968,0.4764543959559519,-0.9132179872869142,0.3611279055996791,0.9999089513852738
Sdc1,11.695132751804605,0.3130949555230291,0.5986930514258584,0.5229640711168375,0.6009992562283819,0.9999089513852738
Sdc2,496.5697417588547,-0.015575673800964349,0.1432047447445046,-0.10876506800632425,0.9133888310930375,0.9999089513852738
Sdcbp,1112.8058802094538,-0.029393829500898905,0.10392780207563865,-0.2828293191412446,0.7773076781257394,0.9999089513852738
Sdccag8,380.85238275169996,-0.059662445984224946,0.13912343105383612,-0.4288454182900189,0.6680357236662924,0.9999089513852738
Sdha,3864.7021072736006,-0.14525098565511774,0.10707021830433391,-1.356595587040457,0.17490974472153364,0.9999089513852738
Sdhb,1998.6020476618307,-0.019232230180008227,0.10670080572521452,-0.1802444700327455,0.8569606480537623,0.9999089513852738
Sdhc,1267.6037912998706,-0.10803216183435796,0.12447327772827853,-0.8679144938256463,0.3854411438367972,0.9999089513852738
Sdk1,20.000995111604198,-0.033799781423550126,0.44507477827205305,-0.07594180365549702,0.9394653983587913,0.9999089513852738
Sdk2,276.4132991146644,0.036111184662705145,0.1649498019353895,0.21892226749596114,0.8267106002300746,0.9999089513852738
Sdr16c5,0.49552562209058676,-0.7964827854089481,2.8603290519024283,-0.2784584468976396,0.7806604586431167,0.9999089513852738
Sec1,0.0,,,,,
Sec22b,651.379519190373,-0.05932734788777255,0.1275687770138485,-0.4650616653739037,0.6418872972575198,0.9999089513852738
Sec23a,488.2394509750352,-0.0804137570354839,0.12274333967973979,-0.655137437561161,0.512379270138651,0.9999089513852738
Sec24c,402.62195138811245,0.11761013232631519,0.12636113932572202,0.9307460581148348,0.3519849386370816,0.9999089513852738
Sec61a1,645.1165203481501,0.04649910999893787,0.12988720748443852,0.35799607135682565,0.7203462535833443,0.9999089513852738
Sel1l,1026.8319812387927,0.009914237606260215,0.11694474588201892,0.0847771101769917,0.9324385914471647,0.9999089513852738
Sele,0.0,,,,,
Selenof,880.9112313053961,-0.03366282298541752,0.11352416535509795,-0.29652561531830585,0.7668287078933207,0.9999089513852738
Selenoh,24.046540220783598,-0.16798592369093138,0.39138588492810783,-0.4292079253746927,0.6677719158898643,0.9999089513852738
Selenoi,220.54506610395387,0.19327727484691903,0.15717830554467122,1.2296689048603353,0.21882111557276185,0.9999089513852738
Selenok,12.851439035220793,0.1797319817895497,0.6092684141736613,0.29499638846913906,0.7679966385970658,0.9999089513852738
Selenon,315.7711993537045,0.09683599590057758,0.1501872119028353,0.6447685836476299,0.5190771638046208,0.9999089513852738
Selenoo,234.42849904028643,0.012679161617873013,0.15694465313382205,0.08078747102688404,0.9356109721713392,0.9999089513852738
Selenop,17147.21160272163,0.03417848498600911,0.08923451057626539,0.3830186859914253,0.7017059092362605,0.9999089513852738
Selenos,925.791360520062,-0.07342292036468231,0.12377152469520367,-0.5932133464905726,0.553038381755625,0.9999089513852738
Selenov,4.8172900709853606,-0.7865781707390891,0.8529755792983785,-0.9221579020891721,0.3564462182068039,0.9999089513852738
Sell,0.1429859810777457,-0.969188503896664,4.42774672984595,-0.21888977916548177,0.8267359084612689,0.9999089513852738
Selp,0.5002894790242712,0.9197395242640237,2.861344306165435,0.3214361593193206,0.7478798846109261,0.9999089513852738
Selplg,120.33071227200797,-0.08934026457770923,0.23068614555425418,-0.3872805814283183,0.6985484998332749,0.9999089513852738
Sema3a,27.645684881646176,-0.5215950336162235,0.42391710611312383,-1.2304175181763812,0.21854079661450476,0.9999089513852738
Sema3b,6.189249327288519,-0.2670442125762658,0.7544362161104112,-0.35396526157379493,0.7233649172326025,0.9999089513852738
Sema3c,96.72701865375545,-0.05773445435464597,0.3099854522248327,-0.18624891568385965,0.8522495658114448,0.9999089513852738
Sema3d,49.03851753577944,-0.38106856525365906,0.3478753571935554,-1.0954169571765189,0.27333400846931943,0.9999089513852738
Sema3e,23.613120956642366,0.13351886527269527,0.4105832234916604,0.32519318285153276,0.7450348678396329,0.9999089513852738
Sema3f,14.283695573497965,-0.6135393348493955,0.512793560398038,-1.1964645858133578,0.23151531055806251,0.9999089513852738
Sema4a,325.32379067399893,-0.008804949898157763,0.19930037937345343,-0.04417929321478537,0.9647614875559766,0.9999089513852738
Sema4d,325.20471788986555,0.015135058086175242,0.17196112056710267,0.0880144188189867,0.9298652160573208,0.9999089513852738
Sema4g,165.58665256957727,0.0028338973242638763,0.17178910890556628,0.016496373619480673,0.9868383951278284,0.9999089513852738
Sema5a,110.69798317940369,0.12823806013188335,0.2677835060519302,0.47888707569246125,0.6320189658669811,0.9999089513852738
Sema5b,54.424087497239505,-0.08210010642202838,0.3571836518657898,-0.22985404285209873,0.8182051886677019,0.9999089513852738
Sema6a,397.63709932442026,0.02351402515477528,0.1431809702929381,0.16422591009592444,0.8695533047074645,0.9999089513852738
Sema6c,49.258132105045526,-0.48596473714739125,0.2799261400815818,-1.736046290659963,0.08255564991096381,0.9999089513852738
Sema6d,1836.2256057694906,-0.1067759433135185,0.1492101405978667,-0.7156078191849456,0.47423354411643937,0.9999089513852738
Senp3,123.86732100523642,-0.12885712061286123,0.1910203593734982,-0.6745727054198947,0.4999472790215891,0.9999089513852738
Sept10,93.36554552663074,-0.14402466141564874,0.22236934364877123,-0.6476821807017308,0.5171905317873416,0.9999089513852738
Sept11,453.6513298173147,-0.010821749946650425,0.14427423964310476,-0.07500819254650375,0.9402081935485018,0.9999089513852738
Sept2,840.9907313839664,-0.018799511847756238,0.11355062647809312,-0.16556061759274532,0.8685027420916451,0.9999089513852738
Sept3,120.7075894321138,0.10803018437964515,0.20948398212168026,0.5156966336304178,0.6060663061786116,0.9999089513852738
Sept4,1592.360916322005,-0.051121191534611185,0.1880514772972913,-0.27184679572494663,0.7857398218624012,0.9999089513852738
Sept5,1386.3114719629214,0.011220443196436556,0.13423070783958022,0.08359073253078693,0.9333818355168932,0.9999089513852738
Sept6,249.29990758516445,-0.07177826484481488,0.16663939582862589,-0.43074006892483324,0.6666573806234772,0.9999089513852738
Sept7,1734.6726590196442,0.011104182213424553,0.14883009857452242,0.07460978874420654,0.9405251855424333,0.9999089513852738
Sept8,707.9791473497643,0.06837164361137409,0.11780397253774824,0.580384872755166,0.561655104021819,0.9999089513852738
Sept9,208.6412979412,-0.07221657219991279,0.20352664048259012,-0.3548261398541105,0.722719844168336,0.9999089513852738
Serpina3a,0.3499546068311728,-1.9174255606522936,3.8305530152323097,-0.5005610294460338,0.6166800948440196,0.9999089513852738
Serpina3c,2.7027800463230314,-0.2206287488544214,1.213315561147952,-0.18183954440152267,0.8557086498950837,0.9999089513852738
Serpina3f,1.5003982641902749,-0.5727895338089051,1.6953237270624215,-0.3378643999759316,0.7354653762739081,0.9999089513852738
Serpina3i,2.327620830309617,2.030462316938456,1.7248518201339587,1.177180725461253,0.23912338008775313,0.9999089513852738
Serpina3n,570.1501423505863,1.5292711793697447,0.7768284033032671,1.9686087337524016,0.04899803887280118,0.9999089513852738
Serpinb13,0.0,,,,,
Serpinb3b,0.5204811161288972,-2.496279851045696,3.416725725022663,-0.7306058641944807,0.4650199290997675,0.9999089513852738
Serpinb5,19.324737545753425,0.518486136473527,0.4371712654675953,1.1860023231832446,0.23562138206956895,0.9999089513852738
Serpinc1,1.54637236120747,1.9539268067851296,1.956251431089799,0.9988116945154774,0.3178859198204964,0.9999089513852738
Serpind1,8.836842659875325,-1.0222475817774288,0.7277940704083408,-1.4045835537020521,0.16014514995354745,0.9999089513852738
Serpine1,3.4097336354541503,-0.022052245383687455,1.0639906166546818,-0.020725977314557945,0.9834642465682556,0.9999089513852738
Serpine2,8709.016028996219,-0.1437448581963526,0.13490528590426823,-1.0655242841882202,0.2866387422898258,0.9999089513852738
Serpinf2,6.545461209274965,1.0300421149139705,1.1217126746845938,0.9182762557297487,0.35847425493901264,0.9999089513852738
Serping1,77.46168286138162,0.04580431619294168,0.291041281728899,0.15738082213233168,0.8749447268243543,0.9999089513852738
Serpini1,309.37743047039663,-0.23609626218847976,0.23282107810536748,-1.0140673864658853,0.31055059881383873,0.9999089513852738
Sertad1,17.219797697137697,0.22433588264393503,0.4865557534759765,0.4610692218543697,0.6447489426671416,0.9999089513852738
Sesn1,690.5315743946558,0.2982825515113823,0.12686995294715386,2.3510890055711475,0.01871855573837078,0.9999089513852738
Sesn2,208.50416731521042,0.02057374698748927,0.1890637198996624,0.10881911663648595,0.9133459609769967,0.9999089513852738
Set,497.28018574601657,-0.004765521357104507,0.16750310045134395,-0.028450347153357845,0.977302969211785,0.9999089513852738
Setbp1,131.6905741441111,-0.1350979507157367,0.23638331771035526,-0.5715206640820342,0.5676467570285284,0.9999089513852738
Setd1a,462.2738944895894,-0.03636413255094858,0.1387462871745829,-0.2620908515208915,0.7932513997534831,0.9999089513852738
Setd1b,511.11629053241336,0.00926428013141033,0.15910571475660856,0.0582271991020708,0.953567655720914,0.9999089513852738
Setd5,463.68209029515447,0.1397112026820014,0.12255584836854934,1.1399798911420578,0.25429467888513857,0.9999089513852738
Setd6,103.32832878904753,0.15501477733833077,0.20776927651513769,0.7460909521289913,0.4556124745788612,0.9999089513852738
Setdb1,210.085347740377,0.20895501329334312,0.17806817245939605,1.1734551458991922,0.2406133339727442,0.9999089513852738
Setx,238.6449493170011,0.21116258616745742,0.1550022667825779,1.362319342488428,0.1730971259356362,0.9999089513852738
Sez6,211.42234475834798,-0.14372227858258388,0.2600344842942714,-0.5527046882748778,0.580465642517544,0.9999089513852738
Sez6l2,489.3868723129897,-0.12657571942398474,0.14587154711233208,-0.8677204151849565,0.38554740698214796,0.9999089513852738
Sf1,1927.386238872762,-0.03028775162584722,0.11777722485482726,-0.2571613625909427,0.7970542093564409,0.9999089513852738
Sf3a1,764.7329550218564,0.060989076070789426,0.1179401775909709,0.5171187403355118,0.605073272298641,0.9999089513852738
Sf3b6,597.4724665871812,0.019476437725850303,0.12337596611101533,0.15786249412892253,0.8745651527672145,0.9999089513852738
Sfpq,2165.3539156137535,0.1677946205553292,0.11434452605636061,1.4674477768408691,0.1422542857550231,0.9999089513852738
Sfrp1,19.536997470767567,-0.23800307186519573,0.47628846235454175,-0.4997036264297117,0.6172837786276506,0.9999089513852738
Sfrp2,2.552915347012472,0.13632736335651058,1.1785285790176896,0.11567590789367214,0.9079094007666647,0.9999089513852738
Sfrp4,43.59857952112183,0.16477977959521017,0.334166262533224,0.49310716870715565,0.6219368658493809,0.9999089513852738
Sfxn1,986.1105628525382,0.04864686020986878,0.113095822316398,0.4301384367123115,0.6670949415583624,0.9999089513852738
Sfxn3,276.6270823202976,0.04330928215604785,0.1522987499108332,0.28437056890752066,0.7761264109783085,0.9999089513852738
Sgca,7.003368639979203,-0.24271508631139993,0.7787511094028102,-0.31167221899372627,0.7552896430290612,0.9999089513852738
Sgcd,25.147238280780332,-0.28886620214627856,0.3904322331628647,-0.7398625871798373,0.45938337772286364,0.9999089513852738
Sgk1,207.06274461964904,0.5115359133624091,0.27205562515156484,1.8802622187187912,0.0600723496928328,0.9999089513852738
Sgms2,31.406578843226058,-0.1842794411123978,0.3483031021430515,-0.5290778060217002,0.5967514767496962,0.9999089513852738
Sgo1,1.42210340872184,-0.8275958735735527,1.5770840787150338,-0.5247633177857302,0.5997477347118692,0.9999089513852738
Sgo2a,12.624489287258806,-0.07105959377316985,0.51999711064597,-0.13665382425855324,0.8913044299222381,0.9999089513852738
Sgpl1,173.0470533953734,-0.09229611560703756,0.2101032251177089,-0.4392893805191676,0.6604518679537017,0.9999089513852738
Sgsh,94.29973330011548,-0.03338686117892453,0.21870412011833823,-0.15265766900440325,0.8786682446335529,0.9999089513852738
Sgta,601.0956592298314,-0.020309958161271378,0.11197826113301383,-0.18137411633090206,0.8560739340956521,0.9999089513852738
Sh2d1a,2.900199441202483,1.2287474827191343,1.2106334094174405,1.01496247597397,0.3101237149059404,0.9999089513852738
Sh3bp1,198.02841577078001,0.045908131422127255,0.1696655315436898,0.2705801879995034,0.7867139352680426,0.9999089513852738
Sh3bp2,11.91128512607804,0.13506972004497708,0.5823243641129427,0.23194928525913455,0.81657740408429,0.9999089513852738
Sh3bp4,332.54741710397866,0.008362387123667561,0.18638272451844565,0.04486675009861209,0.9642135197203494,0.9999089513852738
Sh3bp5,114.88993997131405,-0.15478549385029494,0.22164097115245265,-0.6983613771653612,0.4849512239629019,0.9999089513852738
Sh3gl1,279.93586753335654,0.045786306716242016,0.14957938007877244,0.3061003909237339,0.759528210289648,0.9999089513852738
Sh3gl2,625.8765511405501,-0.07442892946468448,0.18911704970047416,-0.3935601236512831,0.6939058266737104,0.9999089513852738
Sh3gl3,123.91803299631489,-0.18273640651227477,0.20152343940793432,-0.9067749491034149,0.36452581975772624,0.9999089513852738
Sh3rf2,2.138151129631359,-3.4790112490776437,1.80142319075854,-1.9312570566012908,0.05345127117425852,0.9999089513852738
Sh3tc2,2.97874543236637,0.5310205429610274,1.1460188593250915,0.46336108576237023,0.6431055669816241,0.9999089513852738
Shank3,562.8362740828143,0.003876706085591304,0.2630874823329915,0.014735425840916798,0.9882432566885994,0.9999089513852738
Sharpin,209.5128716807934,0.05832585236302609,0.1717713513198042,0.3395551814367165,0.7341915346878856,0.9999089513852738
Shc1,110.07316316686877,0.021727401094836202,0.20852908116765106,0.10419362600733865,0.9170156921508512,0.9999089513852738
Shcbp1l,3.861582468220187,0.7819196495616692,0.9589276109199335,0.815410507172221,0.41483737194337034,0.9999089513852738
She,37.62364545105951,0.0979082475193504,0.3453927492515481,0.28346931929379976,0.7768170971871087,0.9999089513852738
Shh,28.16020592489608,0.14750758843722178,0.46985933411637526,0.31393989163719993,0.7535666917535291,0.9999089513852738
Shisa3,1.1302017634608574,-2.352555891012051,2.3092653079418617,-1.0187464744398607,0.3083233427415396,0.9999089513852738
Shld1,40.92329723989159,-0.061906702570762626,0.30971856099916134,-0.1998805056146772,0.8415740370510161,0.9999089513852738
Shmt1,9.555882464751852,-0.3270470475662011,0.6186451233702532,-0.5286504899359993,0.5970479283550177,0.9999089513852738
Shoc2,557.3615405012184,-0.012159366597055235,0.11446220045632297,-0.10623041098790569,0.9153995429764081,0.9999089513852738
Shox2,230.17668815849208,-0.040485279349646915,0.2975167418832353,-0.13607731482060914,0.8917601608479554,0.9999089513852738
Shroom3,71.21136575829841,-0.7007141275084905,0.3373876973953364,-2.076881086412062,0.037812535809506324,0.9999089513852738
Shtn1,164.35970247595876,-0.25317203851207565,0.19062417815095872,-1.3281213378482561,0.18413802541533886,0.9999089513852738
Siah2,84.6954114409183,0.08981953355353137,0.22615114415235377,0.39716594797778976,0.6912450910579468,0.9999089513852738
Sidt1,29.602597609153506,-0.598768122560022,0.37485065344374263,-1.597351150542638,0.11018745488080285,0.9999089513852738
Sidt2,82.51700852336963,-0.051623093223427265,0.23293312115067558,-0.2216219529812347,0.8246081914270607,0.9999089513852738
Siglec1,0.9405854817774268,0.177468025288178,2.270235457465299,0.07817163841072226,0.9376915222323062,0.9999089513852738
Siglech,107.38470747187698,-0.02558022162747971,0.32397573454124234,-0.07895721469295204,0.9370666544974063,0.9999089513852738
Sigmar1,189.54514129227553,0.014568739147382994,0.16580837112017996,0.08786491929785253,0.9299840390754485,0.9999089513852738
Sim1,4.8343890332173025,-0.26208952435659977,1.0652840677683384,-0.2460278270242515,0.8056606915711634,0.9999089513852738
Sin3a,231.08673702115166,-0.10075193916924227,0.14673598806976623,-0.6866205113999665,0.49232189948733374,0.9999089513852738
Sin3b,459.65987006788254,0.058824737269688926,0.16239017430461253,0.3622432054253794,0.7171702955331603,0.9999089513852738
Sinhcaf,16.38863485027971,-0.07625756995725749,0.4631984511197181,-0.1646326100031539,0.8692331623593703,0.9999089513852738
Sirpa,2247.020471030384,-0.12659085522455107,0.15231218573974978,-0.8311275595562144,0.4059015722831578,0.9999089513852738
Sirt1,152.32538695643345,-0.08381002358562789,0.1958403487074495,-0.4279507473244193,0.6686869792559033,0.9999089513852738
Sirt2,960.5986349676863,0.03612229744319534,0.13243665754342052,0.27275150334681564,0.7850442411708591,0.9999089513852738
Sirt3,232.07102781275137,-0.10087397437453063,0.18455878133579526,-0.5465682729612069,0.5846753710688093,0.9999089513852738
Sirt4,215.46793959562788,0.05415100796494745,0.15476676892032984,0.34988782374091604,0.7264228854180006,0.9999089513852738
Sirt5,92.58233911434674,0.15151933025625777,0.22040642693712897,0.6874542288164707,0.4917965346371719,0.9999089513852738
Sirt6,119.46890057996359,0.06391038893582834,0.20213468895239117,0.31617724432683186,0.7518679788634443,0.9999089513852738
Sirt7,388.0308339295418,0.07738055623097485,0.1638490984820408,0.47226720774088604,0.6367360736237687,0.9999089513852738
Six1,3.2680149098095748,-2.0234559804659606,1.507488175315282,-1.3422698854952988,0.1795085040109491,0.9999089513852738
Six2,0.755291662591374,0.07577674018702811,2.491478835430837,0.03041436238968672,0.9757365906244353,0.9999089513852738
Six3,322.3911003284756,0.5886317237850333,0.5207517180323071,1.1303500370756623,0.2583287581406998,0.9999089513852738
Six6,7.366549251873786,1.7664425430915334,0.9430002591749618,1.8732153314963111,0.061038656046769876,0.9999089513852738
Ska1,0.3158441427190837,1.7894679528614503,4.330318880447699,0.41324161159153305,0.6794296038331583,0.9999089513852738
Ska2,349.91610275357624,-0.22771831046986682,0.13195657916138903,-1.7257063794549927,0.08440024977208072,0.9999089513852738
Skp1a,670.3699681783216,-0.03017115668707342,0.1571656965153033,-0.19197036857298974,0.8477654161629483,0.9999089513852738
Skp2,56.86758362220942,0.5874486203043072,0.2831229164708068,2.074888983297401,0.03799682497153055,0.9999089513852738
Slamf6,1.013082843740268,3.453703496667803,2.62347267710601,1.3164625371580512,0.18801884444384087,0.9999089513852738
Slamf9,7.123029424029952,1.7504710752255646,0.9007815242976038,1.9432803937564298,0.051982289096430344,0.9999089513852738
Slc11a1,14.43872279534623,0.29935806994909187,0.5373281679343702,0.5571233518240863,0.5774431537553462,0.9999089513852738
Slc11a2,136.45152400084444,0.10357583041868376,0.21361808642639926,0.484864517566822,0.6277724533626743,0.9999089513852738
Slc12a2,347.67529411793197,0.0397770451013622,0.15861893239458558,0.25077110595103197,0.8019910819963045,0.9999089513852738
Slc12a5,552.4241594623583,-0.042679340055532235,0.1366215713688925,-0.31239093232424886,0.7547434407682305,0.9999089513852738
Slc12a7,17.279093845810923,0.2158591771846783,0.460934121809192,0.46830808779662275,0.6395642855029462,0.9999089513852738
Slc13a4,3.832892941645179,-0.9764084953470211,1.132511233439648,-0.8621623048996044,0.38859820962851643,0.9999089513852738
Slc14a1,961.8359372824181,0.24770271585993262,0.14124750110026382,1.7536785708095615,0.0794855994375971,0.9999089513852738
Slc15a1,1.0295236204914187,-1.1083582358600281,2.007625814819571,-0.5520741104634771,0.5808975788382384,0.9999089513852738
Slc16a1,598.8429900300312,-0.07082741904575553,0.13443712370960142,-0.5268442011504971,0.5983017851843418,0.9999089513852738
Slc16a2,60.22430815352567,0.17383643450806371,0.27463838902734417,0.6329648055529332,0.5267566261872886,0.9999089513852738
Slc16a3,8.690087385935788,0.5289054772155641,0.645670120876892,0.8191574305734506,0.4126965989254472,0.9999089513852738
Slc16a8,0.46242815455870717,0.8041989133986345,2.910819469437932,0.27627921341130857,0.7823336201153546,0.9999089513852738
Slc17a2,0.4817553579805975,-0.7450003046224907,3.2826101309865328,-0.2269536359465854,0.820459794583706,0.9999089513852738
Slc17a6,646.622799523314,-0.1989286390209268,0.12601590344727948,-1.5785994749793733,0.1144279551723437,0.9999089513852738
Slc17a7,446.16501238974973,-0.08570873585237732,0.32144145978578953,-0.2666387089876151,0.7897473488055619,0.9999089513852738
Slc17a8,6.609806771481103,-0.07242489799168111,0.7357805862078591,-0.09843273844034392,0.9215886793827365,0.9999089513852738
Slc18a2,8.246435927165967,0.48076579705358813,0.6912917904699855,0.6954600122283126,0.48676706275066495,0.9999089513852738
Slc18a3,7.424845346523191,0.25943170970339463,0.923625285050734,0.2808841571386217,0.7787992524524312,0.9999089513852738
Slc19a1,100.27929263281982,0.01734715791089218,0.20985817463296452,0.0826613399322272,0.9341208258912289,0.9999089513852738
Slc19a2,251.33081584799208,0.49731426304125126,0.2380647387723072,2.0889874981313326,0.03670884857119504,0.9999089513852738
Slc19a3,6.846642434089092,0.39573453784104384,0.7906949867965274,0.5004894990473485,0.61673044835725,0.9999089513852738
Slc1a1,173.35483559117924,0.09609026123183537,0.2456344402691036,0.39119213546180315,0.6956552210644749,0.9999089513852738
Slc1a3,26647.88579693438,0.04398727894072263,0.20405078809547936,0.2155702477372453,0.8293227493765335,0.9999089513852738
Slc20a2,1198.630547454339,-0.1197857907297095,0.1863136411136223,-0.6429254992481137,0.5202724426844217,0.9999089513852738
Slc22a18,4.8886184836188855,0.15886966710566397,0.9092317234396226,0.17472956894273353,0.8612921325229926,0.9999089513852738
Slc22a2,0.5216469423007041,-0.9889748224250771,2.8362633770466883,-0.3486893461406484,0.727322543426828,0.9999089513852738
Slc22a5,247.42279613749383,-0.13644844043080934,0.17534886967213847,-0.7781540918167087,0.4364781772454387,0.9999089513852738
Slc22a6,6.410667524705619,-0.7590082086762151,1.175047701723697,-0.6459382096257141,0.5183193729648006,0.9999089513852738
Slc22a8,32.06743916365334,-0.09484765529855733,0.4185919544882274,-0.22658738248927537,0.8207446044466805,0.9999089513852738
Slc24a3,697.3211063844768,-0.048036686845395304,0.15852020089364643,-0.30303195791193727,0.7618655070379988,0.9999089513852738
Slc24a4,87.52089688662039,0.04994181199752159,0.3848052069528503,0.1297846575232047,0.8967368017629488,0.9999089513852738
Slc25a17,371.88286830674906,0.08405411703167247,0.14100687720733565,0.5960994151234186,0.551108814884202,0.9999089513852738
Slc25a20,561.3475155208118,0.002251582730348967,0.1215213828221152,0.018528284307337637,0.9852174138215496,0.9999089513852738
Slc25a22,615.3284632343344,0.06018144047242992,0.1272289011151811,0.47301705779842657,0.6362010094987347,0.9999089513852738
Slc25a28,307.14069305831737,0.03589337383832292,0.1510287488879205,0.23765921457086053,0.8121454194176252,0.9999089513852738
Slc25a31,0.5994844525309616,-2.7354668554137946,3.2403049710757,-0.8442004316975411,0.3985574133636748,0.9999089513852738
Slc25a51,242.644272057805,0.0003262678359094386,0.15196063720201367,0.002147054934204469,0.9982868993329908,0.9999089513852738
Slc26a3,0.5078766781907146,-0.9449301226910806,2.851962183854174,-0.3313263156295051,0.740398015812248,0.9999089513852738
Slc26a4,3.8466623287402615,0.10167796212219991,1.0449358501524315,0.09730545861486857,0.9224838212264005,0.9999089513852738
Slc26a5,4.964026912416582,-0.443445262741432,0.8334890269069546,-0.5320349139892581,0.5947018143167648,0.9999089513852738
Slc2a1,1068.1529815422589,0.059835521457696356,0.20261674909807106,0.29531379673224656,0.7677541779976192,0.9999089513852738
Slc2a2,2.55884076342384,0.08460970829766362,1.2388349251080912,0.06829780673989413,0.9455485700222053,0.9999089513852738
Slc2a3,233.46503702618375,-0.0042987899689078185,0.1687781854733637,-0.025470056789929446,0.9796800319560833,0.9999089513852738
Slc2a4,88.25218995487853,0.0625826733463336,0.248308359347366,0.25203611151401,0.8010131516016286,0.9999089513852738
Slc2a5,24.21924874448347,-0.17402208992642532,0.42788498252256096,-0.4067029623252779,0.68422616451872,0.9999089513852738
Slc30a10,1233.1279027154403,0.14485096176184636,0.18318204723981582,0.7907486784019415,0.42909066379885363,0.9999089513852738
Slc30a3,35.28744755129423,-0.4484978337588417,0.4213168092340445,-1.064514455462179,0.2870957094557348,0.9999089513852738
Slc30a8,0.19578339582510598,0.9543856482214617,4.427724182917884,0.21554767388254945,0.8293403470759629,0.9999089513852738
Slc31a1,147.63976409780307,-0.18139381097147733,0.19254982763178574,-0.9420616637391017,0.34616107034109334,0.9999089513852738
Slc32a1,600.3574256766104,0.15137003904397497,0.47525766282767035,0.31850099616144883,0.7501049391381178,0.9999089513852738
Slc39a5,0.5706934966945892,-2.607661683515331,3.350767039535136,-0.778228284075846,0.4364344453501492,0.9999089513852738
Slc39a8,29.718620410524704,0.14841005356163792,0.4068317825478068,0.36479463977030424,0.7152647066274678,0.9999089513852738
Slc3a1,9.45491149024358,-0.5641475367973946,0.6045165457377162,-0.9332210024275553,0.3507058729757201,0.9999089513852738
Slc40a1,44.42236497900195,0.21972448760250554,0.3501985473965391,0.6274283238351234,0.5303785062753191,0.9999089513852738
Slc44a5,25.500044103713602,-0.08530483936844618,0.4359551111313732,-0.195673447082812,0.8448657687876815,0.9999089513852738
Slc45a1,56.831675755276244,-0.18508133041109043,0.25948875163178303,-0.7132537701430796,0.4756887388019796,0.9999089513852738
Slc45a2,0.8949841285538221,-0.994259307367703,2.257262815656188,-0.44047122048509496,0.6595958519625522,0.9999089513852738
Slc47a1,5.915638736213206,-2.058261004745332,1.2388951133782302,-1.6613682486266714,0.09663951065329711,0.9999089513852738
Slc4a1,1.0151088369006869,0.682888822879745,2.2457661686143586,0.304078328555946,0.7610682168846133,0.9999089513852738
Slc4a10,259.70583309915236,0.022795271246509506,0.2105603871922626,0.10826001771024078,0.9137894374018012,0.9999089513852738
Slc4a7,145.34183346524588,0.24157105978565566,0.20417869260049676,1.1831355011089335,0.23675545005649867,0.9999089513852738
Slc4a9,1.5186278695873687,0.34731607520665575,1.4647518026326345,0.23711599097022173,0.8125668070792682,0.9999089513852738
Slc52a3,7.177779498740911,-0.31710054046869013,0.7194153058240472,-0.440775360075875,0.6593756332988854,0.9999089513852738
Slc5a12,0.1429859810777457,-0.969188503896664,4.42774672984595,-0.21888977916548177,0.8267359084612689,0.9999089513852738
Slc5a2,0.14774983801143024,0.9543856482214617,4.427724182917884,0.21554767388254945,0.8293403470759629,0.9999089513852738
Slc5a7,15.197641662079429,0.4005606248681471,0.6694689186579817,0.5983259471867811,0.5496224666418428,0.9999089513852738
Slc6a11,43715.687796813756,-0.12390425285067701,0.10991586839373266,-1.1272644674637529,0.2596306807852712,0.9999089513852738
Slc6a14,0.3056719093709721,1.7522127818210251,3.970869407267861,0.44126678621411203,0.6590198682649857,0.9999089513852738
Slc6a19,0.8919074044830086,2.0923456803017295,2.446932474505221,0.855089260575043,0.3925017345345657,0.9999089513852738
Slc6a3,3.6885860586614263,-2.664345134858052,1.5394824439237542,-1.7306758809586065,0.08350958936915742,0.9999089513852738
Slc6a4,0.0,,,,,
Slc6a5,1.893537970456852,-0.8697196116099596,1.3770056921028093,-0.6316020453639672,0.5276469497128518,0.9999089513852738
Slc6a8,443.827390337311,-0.026244927342824163,0.14971617937315215,-0.1752978699610774,0.8608455853820661,0.9999089513852738
Slc6a9,1815.259674421037,-0.08930339844206384,0.13006841428452562,-0.6865878924818134,0.4923424603297597,0.9999089513852738
Slc7a10,1854.1594942938484,-0.08076330873765743,0.11917630570726778,-0.6776792438593958,0.49797508956158687,0.9999089513852738
Slc8a1,848.5424149443484,-0.1506876636092375,0.20077225805080912,-0.7505402642386141,0.45292938311288067,0.9999089513852738
Slc8a3,403.90817559275683,-0.3106887575744546,0.1794424470540974,-1.7314117293596074,0.08337835609146181,0.9999089513852738
Slc8b1,457.35831872829453,-0.05264545235118789,0.21934911616278188,-0.24000758823262822,0.8103243739596728,0.9999089513852738
Slc9a1,143.19543361415302,-0.14163739677992476,0.20248899637766973,-0.6994819437780787,0.4842508932871513,0.9999089513852738
Slc9a3,1.4073201480316415,0.01432568493041565,1.7604193776546622,0.00813765464766765,0.993507162656381,0.9999089513852738
Slc9a3r1,1138.8530347399665,0.2672209151310737,0.10347799245956583,2.5823936933787217,0.009811758526206867,0.9999089513852738
Slc9a3r2,532.802074209878,-0.03598149773227867,0.1678529543593793,-0.21436320778269394,0.8302638307066874,0.9999089513852738
Slc9a4,0.5114747089525924,-0.9894265551377147,2.8504712681314865,-0.3471098152083091,0.7285088199405463,0.9999089513852738
Slc9a8,161.35176301191822,-0.12023299340738042,0.1744921085820161,-0.6890454495875817,0.4907946667213253,0.9999089513852738
Slc9a9,506.5473303931993,0.0057048121285222615,0.15100071047477523,0.037780035011658136,0.9698630627591136,0.9999089513852738
Slco1a1,0.15675624518773507,-0.969188503896664,4.42774672984595,-0.21888977916548177,0.8267359084612689,0.9999089513852738
Slco3a1,41.351578100584916,-0.23128535617241727,0.3505992517885507,-0.6596858236078249,0.5094554659084477,0.9999089513852738
Slco4c1,2.1947474153832105,0.27388653215478304,1.3790486558291521,0.19860541613022994,0.842571416554128,0.9999089513852738
Slit1,156.86688556887384,0.04824607089752767,0.24549930206467221,0.19652223241277542,0.8442014329900298,0.9999089513852738
Slit2,95.08853055142119,-0.5555430977318345,0.4490556822989608,-1.237136327699288,0.21603647504752688,0.9999089513852738
Slit3,45.17807861038859,0.04064231839452403,0.35833748426507867,0.11341910958011593,0.9096982902115864,0.9999089513852738
Slitrk1,243.40061050979796,-0.015265181324985796,0.15204384340043284,-0.10039986482571604,0.9200268770788369,0.9999089513852738
Slitrk3,77.82613130110539,-0.07288767310232043,0.24210971946104257,-0.3010522388963763,0.7633746602513218,0.9999089513852738
Slk,498.5358875158094,0.01847573029462843,0.11672381795751337,0.15828586331329106,0.8742315471555872,0.9999089513852738
Slurp2,0.0,,,,,
Smad1,414.413359018778,0.03876535277289398,0.1451133260281307,0.267138476071999,0.7893625440658958,0.9999089513852738
Smad2,457.8778563436502,-0.10342222107717562,0.12790480296167747,-0.8085874703873531,0.41875247423330786,0.9999089513852738
Smad3,206.71839114371542,-0.20573621039973466,0.2266431537794394,-0.907753916096444,0.3640082510981034,0.9999089513852738
Smad4,763.8473803388407,-0.05467514767645165,0.10867739648194583,-0.5030958547625368,0.6148968809754782,0.9999089513852738
Smad5,337.19816773560586,-0.08449813820368804,0.14435859774493454,-0.5853349888656219,0.5583224927689638,0.9999089513852738
Smad6,51.63349102959214,-0.5192532850503782,0.34560175549798633,-1.502461364243283,0.13297799876223734,0.9999089513852738
Smad7,149.05771386535162,-0.1153820870828164,0.19849409648871386,-0.5812872479528725,0.5610468736228089,0.9999089513852738
Smad9,244.13269390634642,-0.11402325486020691,0.20423167346139218,-0.5583034841153657,0.5766371662006909,0.9999089513852738
Smap1,457.6886030535147,-0.04993158965936035,0.14271677331659754,-0.34986490024262235,0.7264400898052479,0.9999089513852738
Smap2,237.56150742810385,-0.004762022923066124,0.16443539753006398,-0.02895984073134543,0.9768966196034312,0.9999089513852738
Smarca1,275.2993106534239,-0.09067056503840526,0.17203645693703873,-0.527042736479911,0.5981639110770581,0.9999089513852738
Smarca2,871.7963209947837,-0.17496324026901053,0.12588639045594002,-1.3898503216695794,0.16457433364509044,0.9999089513852738
Smarca4,719.0289668324007,-0.06375225291873159,0.12875928582024157,-0.4951274194525661,0.6205101799470699,0.9999089513852738
Smarca5,485.26239514093953,0.07963473088169852,0.12096355662344531,0.6583365527982799,0.5103218950373871,0.9999089513852738
Smarcb1,467.0730881698284,0.09177720770971945,0.12278135826625534,0.747484870713823,0.45477093192112394,0.9999089513852738
Smarcc1,257.9964656243506,0.019579246116032446,0.1519305418616364,0.12886971820230406,0.8974607382036314,0.9999089513852738
Smarcc2,1239.9023506313167,-0.0741299085035604,0.1066179789068234,-0.6952852536094754,0.4868765537992952,0.9999089513852738
Smarcd1,340.3493349174111,0.06851683341480638,0.13912763127490718,0.4924746636376031,0.6223838286749478,0.9999089513852738
Smarcd2,373.7835885871509,0.20712383804211035,0.2014971970579537,1.0279241650321238,0.3039855014406717,0.9999089513852738
Smarcd3,867.5028251649468,0.012634310113737852,0.10936328071437304,0.11552607082751304,0.9080281572847065,0.9999089513852738
Smarce1,156.41205089606316,0.002346223193788596,0.18038327583230662,0.013006877621901948,0.9896223057764797,0.9999089513852738
Smc1a,420.29933955484756,0.03306581921123376,0.14779349293250185,0.22372987169560377,0.8229675008121988,0.9999089513852738
Smc3,407.0619104477855,-0.07868254173359435,0.1349085938415233,-0.5832285363971882,0.55973946331516,0.9999089513852738
Smc5,673.1458286354641,0.16413556719218936,0.11913649167919449,1.3777102622273485,0.16829276164786855,0.9999089513852738
Smcp,0.402752021578533,-0.007397661347697187,3.5392911556212887,-0.0020901533732108563,0.9983323001080966,0.9999089513852738
Smdt1,1208.4223668955974,-0.029865068090149462,0.16144550577237582,-0.18498544104570258,0.8532404548596348,0.9999089513852738
Smg9,264.1212670953784,0.08855243958476812,0.17725599973220632,0.49957372229177466,0.6173752646338,0.9999089513852738
Smgc,0.7814975842460782,-1.7590397874031694,2.509574434938101,-0.7009315057222267,0.483345761498132,0.9999089513852738
Smim7,232.7597606165899,0.05255725092115189,0.16068416467223817,0.3270841966808466,0.7436042042367325,0.9999089513852738
Smn1,210.44698339745034,0.06255123953218994,0.15645947574121088,0.39979195402425965,0.6893097573957274,0.9999089513852738
Smo,364.47677559545724,0.035381860612504215,0.1505867452250578,0.23495999305665738,0.8142397849304606,0.9999089513852738
Smoc1,327.300462653833,-0.10471407677489357,0.19010740952753813,-0.5508153366306595,0.5817602696344308,0.9999089513852738
Smoc2,2.87426841839244,-0.8827843046974139,1.2051912023821607,-0.7324848563053872,0.4638726825191508,0.9999089513852738
Smpd1,1460.5282462162334,-0.07443649421881922,0.10112041159937675,-0.7361173974817761,0.46165925600550284,0.9999089513852738
Smpd3,56.11487647848926,-0.026861740768701417,0.2908536933360882,-0.09235482094312639,0.9264161336212925,0.9999089513852738
Smpd4,94.7457954962252,-0.15539089249479127,0.21433788299573892,-0.7249809987993605,0.46846368740610944,0.9999089513852738
Smtn,58.63362616748932,0.29117631244531705,0.32770449998473383,0.888533152455586,0.3742540309743222,0.9999089513852738
Smurf1,314.81402029012145,0.15679564512887206,0.15570865386438398,1.0069809303305313,0.3139439382807482,0.9999089513852738
Smurf2,297.0476936478496,-0.11145453521794849,0.1344672531413615,-0.8288600578520006,0.40718359922538006,0.9999089513852738
Smyd2,227.24464562423728,-0.03363164249805476,0.1583620396645468,-0.21237186998409208,0.8318169297378751,0.9999089513852738
Smyd3,249.47604426663588,-0.007108672050963525,0.15181667427050888,-0.04682405332036982,0.9626534582786639,0.9999089513852738
Snai1,2.009910941435335,1.0131161498463608,1.3103513817694012,0.7731637207710835,0.43942549384577,0.9999089513852738
Snai2,6.253116876702788,-0.5226462050862261,0.8568295541722211,-0.6099768647583032,0.5418771331375103,0.9999089513852738
Snai3,0.49128307184796655,2.416853942101542,3.4606304437662883,0.6983854477888777,0.4849361745633807,0.9999089513852738
Snap25,4219.321926819721,-0.038019518620926215,0.20449836458303733,-0.1859160032817194,0.8525106321904748,0.9999089513852738
Snap29,151.59742795137677,-0.05556935044719201,0.18479123459443889,-0.3007142117381812,0.7636324307186274,0.9999089513852738
Snap91,171.6909249488722,-0.023049144243237826,0.19726654773755564,-0.11684264011099599,0.9069847532280941,0.9999089513852738
Snapin,752.0896859660079,0.031128615468230293,0.1160288249170101,0.2682834674098881,0.7884811310097626,0.9999089513852738
Sncb,2665.9384171743336,-0.05160393002120021,0.1648550968370918,-0.3130259907717303,0.7542609159389193,0.9999089513852738
Sncg,56.57961937149296,-0.11732098155343397,0.3228279410370321,-0.3634164415154384,0.7162938216073415,0.9999089513852738
Snf8,537.9883420802921,-0.04263946272301807,0.1373052026885101,-0.31054513513045645,0.7561464419152679,0.9999089513852738
Snph,464.0928554565867,-0.08316409244492465,0.1679707839940502,-0.4951104618757418,0.6205221493305026,0.9999089513852738
Snrk,1106.6967326163747,-0.008887332400605756,0.12031696579305141,-0.07386599505752348,0.9411170139173789,0.9999089513852738
Snrpa,643.4900858702845,-0.03886066506653299,0.12350603360433841,-0.3146458835446556,0.7530305372384419,0.9999089513852738
Snrpd1,133.9568571448057,0.045114130928037795,0.2162344715685883,0.20863524025921953,0.8347329981653375,0.9999089513852738
Snrpn,2169.44316107872,-0.024577674682170526,0.15196279884783515,-0.16173481186524394,0.8715146895309696,0.9999089513852738
Snta1,691.3144919515262,0.13963057224611092,0.11669390561758156,1.1965541088640506,0.23148039657254404,0.9999089513852738
Sntb1,159.03886477661058,0.058384958502681314,0.24235744633503217,0.2409043311257316,0.8096292652342933,0.9999089513852738
Sntn,3.1919993906803934,0.7562556762846293,1.2111311056111973,0.6244209836415562,0.5323511479844605,0.9999089513852738
Snu13,66.76728030658762,0.030022654653375135,0.2741458555839285,0.10951343615765087,0.9127952653534043,0.9999089513852738
Snx27,471.3942258087479,0.051313966835154975,0.14288976081838844,0.3591157724756398,0.7195084828310824,0.9999089513852738
Snx30,179.67528125721503,-0.10748377045236679,0.17413812492777742,-0.6172328460349791,0.5370811536856182,0.9999089513852738
Snx4,180.8256588840815,-0.12840187559549665,0.2025537531134137,-0.6339150651215137,0.5261362533012509,0.9999089513852738
Snx5,911.5405014118605,0.005084512246553466,0.10867015310325115,0.046788488847738174,0.9626818035554767,0.9999089513852738
Snx6,986.7798629468776,0.03015520483146097,0.10181891421628653,0.29616505993576453,0.7671040306127426,0.9999089513852738
Socs1,6.739534395833998,-0.6693019858969217,0.723725790766775,-0.9248005175935595,0.3550696813415768,0.9999089513852738
Socs2,38.39978164778184,0.195443415461131,0.32340926324785035,0.604322255640988,0.5456294125458496,0.9999089513852738
Socs3,32.92632269735821,0.7356370812427228,0.6425365284380391,1.1448953463097336,0.2522525119740757,0.9999089513852738
Socs6,176.0594929707763,0.1681033554926942,0.16422345885436349,1.0236257150190184,0.30601209446386435,0.9999089513852738
Sod1,2099.573001588135,-0.038122403795509706,0.1053728162630573,-0.3617859439225698,0.7175119967796773,0.9999089513852738
Sod2,1603.2682832369999,-0.11150723642467288,0.1388601133449099,-0.8030184747703888,0.42196405638045664,0.9999089513852738
Sohlh2,0.0,,,,,
Sorbs1,5409.397140130354,0.3208461362554564,0.1469871174380837,2.182818071730731,0.029049210288784696,0.9999089513852738
Sorcs3,55.94912014093285,-0.04104271731853769,0.28049044740708867,-0.1463248310163323,0.8836649645066766,0.9999089513852738
Sorl1,2338.606342083815,-0.027143478963716182,0.12868100617150852,-0.21093617287650698,0.832937077238292,0.9999089513852738
Sort1,768.5918362660633,0.05015174219178563,0.12874283671688577,0.3895497681325192,0.6968695025191926,0.9999089513852738
Sos1,475.7871809373496,0.01012281292782482,0.14076551054914016,0.07191259342103565,0.9426714678984554,0.9999089513852738
Sost,1.1627435796507049,-0.2498073822266674,1.9138953158370209,-0.13052301249685483,0.8961526485392828,0.9999089513852738
Sostdc1,4.753311693003803,-0.3536817104208244,0.9193016341721949,-0.38472868672675076,0.7004384391692147,0.9999089513852738
Sox1,1102.233757901223,-0.20414677054149058,0.1368431071994872,-1.4918308617758105,0.13574349118639445,0.9999089513852738
Sox10,68.72782419622276,-0.22876538254469722,0.2910787716150544,-0.7859225915905494,0.43191283833136795,0.9999089513852738
Sox11,142.59436762405485,-0.018223018789899896,0.2163522537124736,-0.08422846759025587,0.9328747847402001,0.9999089513852738
Sox13,175.73947147833312,-0.2155742020483033,0.20899004036538704,-1.0315046672626353,0.30230422066642315,0.9999089513852738
Sox14,5.121368425748268,0.23750684388222085,0.8314260228962563,0.285662028059779,0.7751369904743556,0.9999089513852738
Sox17,18.830923586010773,-0.385197339198382,0.44099513039206034,-0.8734729992504178,0.38240531706626457,0.9999089513852738
Sox18,39.582898350798715,0.015148412609904361,0.36604952384197986,0.04138350584617558,0.9669901619604115,0.9999089513852738
Sox2,1527.2992374367686,-0.20400859709308533,0.1770324742910066,-1.1523795163012596,0.24916515449408672,0.9999089513852738
Sox21,838.6008792482654,-0.07824119137789239,0.13321009971717626,-0.5873517964779654,0.5569674607010235,0.9999089513852738
Sox3,62.50007451387423,0.09157246988758319,0.30059221521355733,0.304640191105831,0.76064020601022,0.9999089513852738
Sox30,0.7633362069959947,0.5984946625559818,2.1765139195215504,0.27497855960762485,0.7833327105339115,0.9999089513852738
Sox4,137.80908111325027,-0.2562564227422421,0.21609661530887125,-1.1858419086109684,0.2356847377491158,0.9999089513852738
Sox5,529.1833355318212,-0.17664622723375156,0.12198616595568834,-1.448084099125786,0.14759353198420197,0.9999089513852738
Sox6,1188.3533536489485,0.16126338217776218,0.15027476149603972,1.0731235276790776,0.28321569598748286,0.9999089513852738
Sox8,1140.1787729569887,0.0437204501564391,0.10321167828221708,0.42359983757741043,0.671857673797628,0.9999089513852738
Sox9,5688.525169329405,-0.028543635353772218,0.10286081731339032,-0.2774976526465577,0.7813980079929947,0.9999089513852738
Sp1,213.81410528644952,-0.11683684071374667,0.1530635066372299,-0.7633226448330189,0.445271000355584,0.9999089513852738
Sp3,674.1471454076262,-0.029544578713992565,0.1138809920995412,-0.25943380163186686,0.7953005523103003,0.9999089513852738
Sp5,1.2013645188584237,-0.4553947057528431,1.7327339986027344,-0.26281858965084687,0.7926904066240125,0.9999089513852738
Sp7,1.3115064142423447,-0.7413969845879623,1.679396854672624,-0.4414662219505513,0.6588755099493526,0.9999089513852738
Sp8,8.529699070516136,0.9663837203424599,0.6927211555306142,1.395054435146021,0.16299942501202014,0.9999089513852738
Sp9,2.31512550556813,0.6438401994759809,1.2822708520112849,0.5021093620478824,0.6155905950411251,0.9999089513852738
Spaca6,54.84050158767686,0.06023902538744312,0.26515623360255247,0.2271831386688668,0.8202813383270852,0.9999089513852738
Spaca9,2.0605806672392046,1.7519806083546894,1.4111465787128255,1.2415298557806482,0.21441007601288697,0.9999089513852738
Spag9,2155.5399909803564,-0.035649460704966045,0.13074925329193912,-0.2726551762813309,0.7851182936799872,0.9999089513852738
Spast,711.1677912119043,-0.09904736610356438,0.10757936585832199,-0.9206911131453039,0.3572117172542827,0.9999089513852738
Spata25,1.4913918570139701,0.006087077685469144,1.714567017940528,0.0035502127486277605,0.9971673460107725,0.9999089513852738
Spata4,0.15675624518773507,-0.969188503896664,4.42774672984595,-0.21888977916548177,0.8267359084612689,0.9999089513852738
Spatc1l,1.758049443391933,0.5336387033912664,1.6478101876470947,0.3238471927117092,0.7460537252457521,0.9999089513852738
Spdef,2.7496477779649005,-0.5240262948245361,1.1300781009499594,-0.46370803432438196,0.6428569401679609,0.9999089513852738
Spdl1,1.5544254665623292,1.6286129484596095,1.7737608370835751,0.9181694140554943,0.35853017874286985,0.9999089513852738
Spdye4a,0.3158441427190837,1.7894679528614503,4.330318880447699,0.41324161159153305,0.6794296038331583,0.9999089513852738
Speg,197.91657915265614,-0.2725310760003216,0.16575230230849772,-1.6442068810186872,0.10013347608607569,0.9999089513852738
Sphk1,5.347401473779605,-1.118877456510097,0.8736068807974292,-1.2807562315543857,0.20027930186442677,0.9999089513852738
Sphk2,161.00334105955292,-0.11258894314521009,0.23674859327643819,-0.47556330361695637,0.6343855240504472,0.9999089513852738
Spi1,39.0920619455081,-0.1517590094348327,0.3141996811325276,-0.4830017932794197,0.6290944629241263,0.9999089513852738
Spib,0.9868086939385533,1.1071095865589125,2.0228537238469415,0.5473008618999292,0.5841720518127131,0.9999089513852738
Spink1,0.0,,,,,
Spink12,0.1429859810777457,-0.969188503896664,4.42774672984595,-0.21888977916548177,0.8267359084612689,0.9999089513852738
Spink8,1.8468230684065803,0.7303330161292348,1.4367451576315642,0.5083246755695834,0.6112256678883214,0.9999089513852738
Spn,0.30450608319916533,-0.007398491186301263,3.858512348870997,-0.0019174465486591135,0.9984700999401322,0.9999089513852738
Spo11,0.45766429762502264,-0.794901337146119,2.9195221392401236,-0.2722710427374979,0.7854136199753845,0.9999089513852738
Spock3,636.2222783180572,0.029705764716441835,0.18323019874448027,0.16212264637592502,0.8712092728796235,0.9999089513852738
Spon1,3570.2458823420493,0.0453638406811857,0.10967947591857628,0.4136037330709244,0.6791643388603564,0.9999089513852738
Spop,716.2822478023922,-0.06545753127220717,0.15204534779317352,-0.4305132134739742,0.6668223569565759,0.9999089513852738
Spopl,233.06116928039998,0.1053020340070681,0.14688451149896434,0.7169035927100494,0.4734335850114254,0.9999089513852738
Spred1,2905.4134056334447,-0.08417308561512749,0.1201026018999664,-0.7008431481379175,0.48340090721964823,0.9999089513852738
Sprr2d,0.4817553579805975,-0.7450003046224907,3.2826101309865328,-0.2269536359465854,0.820459794583706,0.9999089513852738
Sprr2f,0.2069686257534271,-0.969188503896664,4.42774672984595,-0.21888977916548177,0.8267359084612689,0.9999089513852738
Spry1,38.80928053073621,-0.12381897620787619,0.33442828013031467,-0.3702407468639566,0.7112031187105339,0.9999089513852738
Spry2,1374.7588951431496,-0.15258273861454444,0.14072705940581717,-1.0842459101951305,0.27825578075739255,0.9999089513852738
Spry4,141.09444221214875,-0.009701678013221431,0.2202421120736715,-0.04405005891868761,0.9648645013189222,0.9999089513852738
Spsb1,355.70676462016945,0.5781379323142648,0.20229785206501497,2.857855021260737,0.004265152144585618,0.9999089513852738
Spsb2,147.30873872989756,-0.16154319479456888,0.18614478111565563,-0.8678362822012116,0.3854839645992627,0.9999089513852738
Spta1,0.7836764069980946,-1.844247212666951,2.5207409753262713,-0.7316290054071269,0.46439503945265903,0.9999089513852738
Sptan1,2743.8455179426965,0.019536026005025627,0.1139880935010645,0.1713865492876516,0.8639198304149771,0.9999089513852738
Sptb,324.3562150017431,-0.30606390910850273,0.15929767904728476,-1.921333135165472,0.05468972231806209,0.9999089513852738
Sptbn2,389.6652067922408,-0.06792981102723314,0.192634992260067,-0.35263484702470077,0.724362209608191,0.9999089513852738
Sptlc2,266.2397380539837,-0.13572453271305232,0.15871122986438593,-0.855166536287476,0.3924589589924491,0.9999089513852738
Sqstm1,1343.0623487828427,0.06353946405158296,0.1122539180718721,0.5660333745402184,0.5713710930071116,0.9999089513852738
Sra1,172.90612066440914,0.23257901666994912,0.22787490019796133,1.0206434164881748,0.3074234116614063,0.9999089513852738
Src,104.5020978161133,0.020351454019199522,0.23520746465437467,0.08652554479554865,0.9310486504058674,0.9999089513852738
Srd5a3,99.35763475532184,0.2890608805779677,0.2210603871809887,1.307610487180161,0.19100545803184388,0.9999089513852738
Srebf1,1159.5589675486356,0.05165857425226304,0.1598511212854447,0.32316679318136776,0.746568927944534,0.9999089513852738
Srebf2,1360.8840045199058,-0.08932634355569097,0.1362010952506472,-0.6558415950422873,0.5119260502520927,0.9999089513852738
Srf,93.17093331405586,-0.1776646121104088,0.2187789036891503,-0.8120737836900477,0.416749295213522,0.9999089513852738
Srgap1,998.6303877165288,-0.0949901332809247,0.13435750105743827,-0.706995385693547,0.47956934530610895,0.9999089513852738
Srp72,189.52530478275102,-0.05001175610732401,0.17560116922554925,-0.2848030928717045,0.7757950025485796,0.9999089513852738
Srpx2,7.693331367221873,0.12245731380802768,0.7348266413492288,0.1666478961393963,0.8676471049431361,0.9999089513852738
Srr,150.24620909561045,0.05582597334059943,0.20595061074731077,0.27106485937589475,0.7863411482328188,0.9999089513852738
Srrm1,1161.1676691308242,-0.031896151369389156,0.1199705735563301,-0.26586645728098374,0.7903420588384052,0.9999089513852738
Srrm4,148.1366676996729,0.10193095768498023,0.1874341214468104,0.543822847719357,0.5865633847331544,0.9999089513852738
Srsf1,1906.494487380747,-0.005344693830631445,0.1289142416310945,-0.041459296994710695,0.9669297412283103,0.9999089513852738
Srsf2,1072.246191320139,-0.04623398749091897,0.11013453797476215,-0.41979553681437975,0.674634825648255,0.9999089513852738
Srsf4,558.3027915683847,0.16195033500077985,0.13468380820499465,1.2024484394908432,0.2291898313540155,0.9999089513852738
Sry,0.7094369275297147,-0.369399303669811,2.8703765806945687,-0.12869367251471386,0.8976000423761051,0.9999089513852738
Ss18l1,333.1465468452186,-0.11136052680799459,0.17134576103884538,-0.6499170223577828,0.5157458220269497,0.9999089513852738
Ssbp2,530.7695245130329,-0.10957217938426335,0.1259214218599718,-0.8701631363892216,0.38421125831446123,0.9999089513852738
Ssr2,230.40832989201064,0.010557610444755281,0.1531768870266578,0.06892430476745431,0.9450498721137368,0.9999089513852738
Ssrp1,269.68527233200274,0.1765113122067814,0.14451021852815643,1.2214451960875685,0.22191750371289476,0.9999089513852738
Sst,279.8165705616536,0.604661449011624,0.15005379157694274,4.029631258611504,5.586441535832916e-05,0.05609904590283414
Sstr1,26.49691209453142,0.2109709765520077,0.39886661368693416,0.5289261354864772,0.5968566908938141,0.9999089513852738
Sstr2,12.99506977246759,-0.4339660013225821,0.5841189248450106,-0.7429411766409214,0.4575172946527568,0.9999089513852738
Sstr3,38.70037422587003,-0.3246901831741597,0.3165762258611026,-1.0256303431850788,0.305065859205239,0.9999089513852738
Sstr4,15.664662979910014,-0.5937374948973502,0.5779821716749097,-1.0272591854810742,0.3042984355367593,0.9999089513852738
St6galnac5,188.4864260253431,-0.1899775189526829,0.18549955570676238,-1.024140021407918,0.30576914346816964,0.9999089513852738
Stab1,54.00558204018134,-0.04234736633487707,0.2879606912465456,-0.14705953840977617,0.8830850262507295,0.9999089513852738
Stac,3.4403122763998506,0.1324440594840757,1.0171495978984133,0.13021099330690925,0.8963994972292765,0.9999089513852738
Stag2,440.38829266072025,-0.0019863152432146557,0.120281603297533,-0.016513874015307503,0.9868244337339952,0.9999089513852738
Stam2,245.8138289509122,0.04800070054419456,0.1616916919799383,0.2968655962246359,0.7665691229561551,0.9999089513852738
Star,30.17681494959592,-0.03652924838381657,0.4011478433342268,-0.09106180923271541,0.9274434783365622,0.9999089513852738
Stat1,181.35619293595974,0.19271269001098007,0.21444466168222578,0.8986593021212663,0.36883416096539057,0.9999089513852738
Stat2,175.91214709161875,0.24622923042068207,0.19002379249043352,1.295781055591121,0.19505092660594114,0.9999089513852738
Stat3,744.2874343332502,0.47491761493663115,0.20838297199412645,2.279061529797249,0.02266340794799267,0.9999089513852738
Stat4,0.8076189044561954,-1.8707621866842772,2.2638075977840098,-0.8263786147354237,0.40858935064267865,0.9999089513852738
Stat5a,106.25258299835723,0.31319134466129717,0.20705920300885372,1.512569062906638,0.1303891575104919,0.9999089513852738
Stat5b,332.81876873865417,0.01809399707903401,0.1435299409116516,0.12606426898880688,0.8996810509908054,0.9999089513852738
Stat6,16.26552606058208,-0.40362670416399166,0.5552231224976447,-0.7269630672949934,0.46724858073546427,0.9999089513852738
Stau2,291.69102645927774,-0.09169863536354711,0.17564941625503508,-0.5220548824961923,0.6016321186921774,0.9999089513852738
Steap1,11.47043050479934,-0.33421925255351,0.5691321234607768,-0.5872436975112045,0.5570400484740218,0.9999089513852738
Stim1,357.9990712616271,0.02766582030451732,0.1325106484900605,0.20878186485211042,0.8346185291077595,0.9999089513852738
Stim2,206.40766424328524,-0.023586806114359895,0.18909509027576052,-0.12473515880271065,0.9007332220617963,0.9999089513852738
Stimate,236.8815214360387,-0.04599469278736635,0.16463381325687904,-0.2793757362322683,0.7799564897364116,0.9999089513852738
Stip1,812.7847971778461,0.0034146686043739485,0.13245459175896931,0.02577991868026516,0.9794328790973401,0.9999089513852738
Stk11,392.1889899823703,-0.10035302758665145,0.12839072676214042,-0.7816220853128104,0.4344367036062988,0.9999089513852738
Stk3,201.64604175666955,0.14697952763298963,0.15679942253185147,0.9373728886222966,0.34856678169215194,0.9999089513852738
Stk32a,23.555494995831797,0.2171210794620763,0.414552786723077,0.5237477262626968,0.6004540157243987,0.9999089513852738
Stk38,251.8023224733681,0.04374930391897278,0.1454760399064697,0.30073202396147397,0.7636188469394412,0.9999089513852738
Stk38l,356.29099005202085,0.04150182188802887,0.15494241634273104,0.26785319906349764,0.7888123194104998,0.9999089513852738
Stk39,1042.7495706166335,-0.08410684002320036,0.1851474897900174,-0.4542694049948451,0.6496349340221984,0.9999089513852738
Stk4,205.47988533259763,-0.1941749149421266,0.17317153326996076,-1.121286572195577,0.26216589937586265,0.9999089513852738
Stmn2,1981.0376256945729,-0.046255468602157374,0.1397553466640025,-0.33097459028429166,0.7406636789039012,0.9999089513852738
Stmn4,1474.4882500600143,-0.005141704072359884,0.15689256662580006,-0.03277213307768248,0.9738563008539984,0.9999089513852738
Stom,235.66316709959062,-0.016931001423882052,0.19637906303276323,-0.08621591916373153,0.9312947761647102,0.9999089513852738
Stoml3,1.4507458016607389,-1.0221762934352276,1.8043904416664405,-0.5664939637405745,0.5710580351845602,0.9999089513852738
Stra6l,0.44324951403429075,2.2859282673584898,4.157634551771247,0.5498146214858235,0.5824465289026961,0.9999089513852738
Stra8,0.7452722588348597,2.99202064023503,3.147011352105441,0.9507498720121498,0.3417313647851493,0.9999089513852738
Strn3,1563.4120350949522,-0.04864908331679856,0.115180843151198,-0.42237130746592,0.6727540174686815,0.9999089513852738
Stub1,437.1260444444154,-0.08413909059331268,0.11987409067315974,-0.7018955482442023,0.48274430538923585,0.9999089513852738
Stx1a,165.0256409014339,0.07275317938756552,0.2122005015929142,0.34285111883069597,0.7317104667938984,0.9999089513852738
Stx8,291.0359537721667,0.11019283205397423,0.14535397400017744,0.7580998924311468,0.44839118410577194,0.9999089513852738
Stxbp1,2715.2028198154203,-0.07735704003201864,0.1457193951657932,-0.530863032638896,0.5955136965760739,0.9999089513852738
Stxbp4,466.8348074040154,0.12437077458176714,0.17413982028337638,0.7142006600177923,0.47510310882115714,0.9999089513852738
Stxbp5l,263.1299448814736,-0.22097243038219544,0.14622176704857964,-1.5112143345168383,0.1307338514027141,0.9999089513852738
Sucnr1,0.5494888630097537,2.554094423938716,3.377591042264778,0.7561881802677087,0.44953637838368443,0.9999089513852738
Sufu,504.25710851198295,-0.09021716064313424,0.12190975144607297,-0.7400323565013747,0.45928036133307615,0.9999089513852738
Sulf1,75.48613214501768,-0.32006745473093845,0.32423843325193774,-0.9871360761302521,0.32357593415909924,0.9999089513852738
Sulf2,200.89716983178326,0.1689798991336585,0.21759235323821172,0.776589326871546,0.43740110053085035,0.9999089513852738
Sult1a1,688.8553557430869,0.0730665221018322,0.2653788631175893,0.27532909457621896,0.7830634136853047,0.9999089513852738
Sult2a8,0.4612623283869004,-0.8346873685260632,3.3313790128876266,-0.25055310887684296,0.8021596390922944,0.9999089513852738
Sumf1,86.93808934920442,0.015902851825329342,0.21674869108177974,0.07337000166395083,0.9415116884430301,0.9999089513852738
Sumo1,553.2118516624258,-0.04317680346636544,0.15512461884935755,-0.2783362420912357,0.780754257670256,0.9999089513852738
Sumo3,561.6466575140573,-0.1050130048943647,0.12054351901616961,-0.8711625954795491,0.3836653800744727,0.9999089513852738
Sun1,465.80946601749224,-0.008523936734056846,0.14084135818563565,-0.06052154597104843,0.9517402560983026,0.9999089513852738
Supt16,302.49245909961604,0.04402922655678714,0.1452604522700721,0.30310539357902333,0.7618095439079877,0.9999089513852738
Supt20,200.58646344094106,0.21371626370005706,0.19607768031798084,1.0899571198183882,0.2757320332912483,0.9999089513852738
Supt3,147.6659741476358,0.016177575644628617,0.18758240710156043,0.08624249946781945,0.9312736468499212,0.9999089513852738
Supt5,452.59759306262526,0.06763193343020286,0.1281530371343029,0.5277435084064795,0.597677370959656,0.9999089513852738
Supt6,534.801689577968,-0.03564334453818988,0.13471673417304827,-0.26457993327246765,0.7913330803142911,0.9999089513852738
Suv39h1,113.44725398926987,0.17035564895907146,0.2235799683469506,0.7619450446236496,0.4460928041793577,0.9999089513852738
Suz12,570.8754556093096,0.06863005753012738,0.12729851255060043,0.5391269399384956,0.5897992679575339,0.9999089513852738
Sv2a,982.2876813666882,-0.07513015537719994,0.12000169520865947,-0.6260757837342489,0.5312652350810809,0.9999089513852738
Sv2c,52.5550657299219,0.34140939692911687,0.31551463162828297,1.082071519685785,0.2792207497407947,0.9999089513852738
Svil,180.47060945275692,0.07279098493585126,0.18855415852500518,0.3860481545741038,0.6994610056714646,0.9999089513852738
Syce2,14.601565580965461,-0.2681754593388008,0.5796358747591037,-0.4626619417755231,0.6436067019742757,0.9999089513852738
Sycp1,0.14774983801143024,0.9543856482214617,4.427724182917884,0.21554767388254945,0.8293403470759629,0.9999089513852738
Sycp3,7.1583351795060866,-0.5048108081430654,0.7803742559466934,-0.6468829594213941,0.5177076953137538,0.9999089513852738
Syk,17.041409284462087,-0.5824671283767464,0.4591291653854937,-1.2686345636258933,0.20457143087851726,0.9999089513852738
Syn1,1687.2491889332705,0.01053113929915561,0.19317254420671248,0.0545167499988317,0.9565234638652146,0.9999089513852738
Syn2,1592.1552275377696,-0.08130061045432892,0.14568373146257207,-0.5580623837550182,0.5768017858787042,0.9999089513852738
Syn3,83.70897766729887,-0.014286707493694371,0.22410068947960976,-0.06375128754342486,0.9491682662156015,0.9999089513852738
Syncrip,438.4611529738598,0.09216341362329435,0.13168422830494028,0.6998819434159734,0.48400103475789924,0.9999089513852738
Syne1,2979.9619154210213,0.0031249713023759323,0.12866477126805453,0.02428769951228922,0.9806231246055377,0.9999089513852738
Syne4,59.21315766956703,0.12272211392008368,0.27803785638156925,0.4413863475902512,0.6589333241810553,0.9999089513852738
Syngr3,559.7664186971878,-0.005355220761513905,0.11538776185442683,-0.046410647675704554,0.9629829500409451,0.9999089513852738
Synj2bp,190.21757900989152,0.18756505064001103,0.16126015605126692,1.163120855348679,0.2447804716439239,0.9999089513852738
Synpo,41.450024557561214,-0.0854961244306956,0.3423416308053867,-0.24973919832524885,0.80278904259193,0.9999089513852738
Synpo2,440.0935725328363,0.12523274959016084,0.281539946498509,0.4448134310873859,0.6564545873076327,0.9999089513852738
Syp,1270.4835568149888,-0.03937853686157931,0.12063494519230478,-0.32642727858669623,0.7441011015141865,0.9999089513852738
Sypl2,126.57069029894956,-0.21051863970146736,0.183232357627299,-1.14891628546127,0.250590501697456,0.9999089513852738
Syt2,68.20536290119831,-0.4197018359407319,0.36130872029477923,-1.1616155724066437,0.24539165371842386,0.9999089513852738
Syt4,248.41561720562228,-0.041164676395846034,0.17759580264190966,-0.231788565852805,0.8167022383612933,0.9999089513852738
Syt6,26.477183396431695,-0.008795869565358987,0.39694374995631754,-0.02215898239064589,0.9823211368599444,0.9999089513852738
Syt9,98.51674320161972,-0.11747891751041957,0.23638585457136785,-0.4969794733421801,0.6192035264809477,0.9999089513852738
Sytl5,86.07175456524526,-0.11849664271342383,0.3868356729578806,-0.3063229453668457,0.7593587705047358,0.9999089513852738
Szt2,122.09082295021817,4.386108358948177e-05,0.19593436272039094,0.00022385600453389554,0.9998213887516312,0.9999089513852738
T,1.6326061037842583,-2.0446268449532545,1.6089677569836258,-1.2707693091292085,0.2038107301829869,0.9999089513852738
Taar5,0.8618355272134172,-0.3449787733536957,2.7097264681827626,-0.12731129042152012,0.8986940245582392,0.9999089513852738
Tab1,164.16100670736512,0.04596275518208088,0.17872957506997922,0.25716367962092884,0.7970524207647356,0.9999089513852738
Tac1,91.27603857523901,-0.1850962893319956,0.2763740244175868,-0.6697311359924503,0.5030291995156448,0.9999089513852738
Tac2,58.93168622232077,0.45427682557239646,0.39147459192794776,1.1604248013521339,0.24587589391231612,0.9999089513852738
Tacr1,6.908894201945009,-0.28092004564727513,0.7808065041513049,-0.359781897504325,0.7190102416383931,0.9999089513852738
Tacr2,0.39156679165021196,2.0604664965273884,4.308718898807982,0.4782086148849074,0.6325017315109325,0.9999089513852738
Tacr3,15.14751093670108,0.2580638156225668,0.49635175108899265,0.5199212354068993,0.6031184739600628,0.9999089513852738
Tacstd2,4.211468846904349,-0.2525829717560194,0.9820142823800155,-0.2572090613018966,0.7970173893664434,0.9999089513852738
Taf11,152.637428688928,-0.17007170021161566,0.19007418393120007,-0.8947648580891734,0.3709127995993141,0.9999089513852738
Taf12,195.70928825043688,0.05160707797513895,0.16248552344709233,0.3176103130931721,0.7507805502138535,0.9999089513852738
Taf15,429.3601786558559,-0.05787806874112371,0.13260974678676746,-0.43645410796379797,0.6625072887960449,0.9999089513852738
Taf4,328.97280303083267,0.08855208702309968,0.15480440677352691,0.572025621677864,0.5673046167466678,0.9999089513852738
Taf5l,192.84411729244812,-0.04264740640552403,0.17666679981955627,-0.24140023167388092,0.8092449332101705,0.9999089513852738
Taf6l,12.032290641405217,-0.1875226307694533,0.5418216743159247,-0.34609658427970685,0.7292701303443104,0.9999089513852738
Taf9,425.85458404168827,-0.008024864793193389,0.1271654555666672,-0.0631056976710653,0.9496823372591267,0.9999089513852738
Tagln,31.339801988766933,-0.31891932585445104,0.4351648198275033,-0.7328701938287858,0.46363760387808495,0.9999089513852738
Tal1,1.9043161119406147,0.004126569440166643,1.3007801348449382,0.0031723804274260063,0.9974688108816112,0.9999089513852738
Tap1,139.60634752085534,0.1117919633228787,0.34352683489551994,0.32542425210210735,0.7448600030200031,0.9999089513852738
Tardbp,1624.126748268589,-0.027807303955208793,0.11527327935678469,-0.24122939947897065,0.8093773261059072,0.9999089513852738
Tas1r1,1.2587089994949843,-1.6306973133791158,1.8476148100134357,-0.8825959310032038,0.37745462781978767,0.9999089513852738
Tas1r2,0.9703048327494218,-0.07065719664291668,1.8511332413455712,-0.03816969792598864,0.9695523808343216,0.9999089513852738
Tas1r3,10.70901685224811,-0.6377923087119394,0.612724554545826,-1.0409119464531573,0.29791641671454494,0.9999089513852738
Tbc1d1,235.38718088944896,0.2499471066158913,0.2091079053761653,1.1953020435370922,0.23196904165446874,0.9999089513852738
Tbc1d22a,121.16689436058759,0.04813948915462927,0.19292172441514518,0.24952860700663584,0.802951915384042,0.9999089513852738
Tbck,436.3745152080121,0.09905783748028539,0.12251118365107934,0.8085615902823143,0.418767365676865,0.9999089513852738
Tbk1,345.11930914523197,0.13972760155960715,0.1357838384744259,1.0290444218508672,0.30345880102278144,0.9999089513852738
Tbl1xr1,360.73409431704084,-0.003448357156548298,0.12743256279374676,-0.027060251170884498,0.9784116781121182,0.9999089513852738
Tbp,259.51909390849306,0.1570368421794097,0.14455400286417364,1.0863541587773617,0.2773223344686383,0.9999089513852738
Tbpl1,315.03293126314003,-0.00906697248118355,0.13208322614285267,-0.06864590414665749,0.9452714787955876,0.9999089513852738
Tbpl2,0.4865192149142819,0.9200296512650015,2.8819249511055407,0.3192413636281775,0.7495434929959728,0.9999089513852738
Tbr1,22.469288329351382,-0.28748080504820517,0.5594861873325079,-0.5138300311198793,0.6073708296728721,0.9999089513852738
Tbx1,11.314333852879313,-0.26121052629915653,0.5653932409677607,-0.4619979641993121,0.6440827803608437,0.9999089513852738
Tbx18,7.737879130627875,-0.7215778119108903,0.758276561983657,-0.9516024206567028,0.34129865343305077,0.9999089513852738
Tbx2,22.6418219645838,0.2562865073541887,0.43781615554043923,0.5853747151879977,0.5582957863887539,0.9999089513852738
Tbx20,0.5814716381783519,0.021594025397438342,3.0165518771385753,0.0071585128573760475,0.9942883818941505,0.9999089513852738
Tbx21,1.259874825666791,-0.7798073115970604,1.6546355836080584,-0.4712864387315009,0.6374361986290862,0.9999089513852738
Tbx3,20.018106901480504,0.13717099300154528,0.4186977133936508,0.3276134275722208,0.7432039680583596,0.9999089513852738
Tbx4,1.6958771443688008,0.12234000403037902,1.5306511721004692,0.07992676990048314,0.9362954986338762,0.9999089513852738
Tbx5,0.0,,,,,
Tbx6,20.524250861471604,0.6127109649720963,0.4359765509266284,1.4053759626976152,0.1599095106456757,0.9999089513852738
Tbxa2r,2.770759543338611,0.4647288543761731,1.2326777061775864,0.3770075925338603,0.7061679625213234,0.9999089513852738
Tcaf1,848.5307701622452,0.03974077851001979,0.11749297813593892,0.3382396049578372,0.7351826323687951,0.9999089513852738
Tcam1,2.914661091907617,-0.055796195464253,1.094670339423882,-0.05097077490344553,0.9593488085147416,0.9999089513852738
Tceal5,883.4701811288186,-0.07667597769196262,0.1332567024018895,-0.5754005337811466,0.5650204432247805,0.9999089513852738
Tceal9,215.66820093895538,-0.14059736056895605,0.15050598251883643,-0.934164597419639,0.35021899449750504,0.9999089513852738
Tcf12,529.863716323195,0.024089438187870106,0.13167471839937628,0.18294657076695303,0.8548399413014844,0.9999089513852738
Tcf21,0.0,,,,,
Tcf3,213.13220062572785,0.00814056505339173,0.17911817142345085,0.04544801339081744,0.963750211347854,0.9999089513852738
Tcf7,29.32661553340309,0.023707765570937817,0.379039077668395,0.06254702210857194,0.9501272169883455,0.9999089513852738
Tcf7l1,220.3582947467278,-0.08323704208787691,0.15836759668338027,-0.5255938956647193,0.5991703989307077,0.9999089513852738
Tcf7l2,1534.041110641738,-0.05724227568379822,0.1267378525165251,-0.4516588733924974,0.6515147502964798,0.9999089513852738
Tcof1,100.69240646410562,-0.11129393874394343,0.21391429942325713,-0.5202734882334068,0.6028729714465322,0.9999089513852738
Tcp1,884.1109593784009,0.00034081190774520154,0.14667268019029034,0.002323622281279913,0.9981460193249712,0.9999089513852738
Tctn1,62.584956698452366,0.17471692624283416,0.38152289042428233,0.4579461170692425,0.6469911533878598,0.9999089513852738
Tdg,327.2687715505113,-0.036448743949353664,0.14546302998884375,-0.25057049858062963,0.8021461928950504,0.9999089513852738
Tdgf1,46.24411792273211,-0.29296410219887253,0.4435419200177299,-0.660510515414556,0.5089262727078989,0.9999089513852738
Tdh,0.7351000254867482,2.974223120945223,3.1545582335477538,0.942833481187723,0.3457660832878735,0.9999089513852738
Tdrd1,1.567674423981254,-0.32584639481935285,1.4620552645671432,-0.22286872645393682,0.8236376769092184,0.9999089513852738
Tdrkh,310.05439968740893,-0.03645407625504812,0.14219065483198148,-0.2563746281225289,0.7976615771427632,0.9999089513852738
Tead1,635.3903452445837,0.09870957194336066,0.11248459257238407,0.8775386004962489,0.3801941622424617,0.9999089513852738
Tead2,13.519183668772087,0.25582830833284853,0.585525413028179,0.43692093057032955,0.6621686920115322,0.9999089513852738
Tead3,113.23970143354234,-0.012364358495950464,0.22104340319514457,-0.05593633791927639,0.9553925226603515,0.9999089513852738
Tec,72.78528123100038,-0.11581942736535852,0.34525815601305154,-0.3354574695723634,0.7372800222333615,0.9999089513852738
Tecpr2,389.7570209259418,0.04111085634454854,0.13322343340992812,0.30858577423125366,0.7576366435939093,0.9999089513852738
Tecr,342.79850946691437,-0.04846461132532369,0.14560108754155537,-0.3328588552711985,0.7392408287967211,0.9999089513852738
Tectb,2.353529653731365,-0.9185532647527497,1.2767034282935097,-0.7194727016442047,0.47184971610736626,0.9999089513852738
Tek,72.68962978684102,0.07311238883187784,0.27303244644337277,0.26777912216759714,0.7888693421191957,0.9999089513852738
Tenm1,130.35076422248383,-0.01788437425043759,0.19713986249289328,-0.09071921844869048,0.927715699485952,0.9999089513852738
Tenm4,221.08524689316167,-0.27194565578002,0.2372418025823772,-1.1462805155747906,0.2516791022896636,0.9999089513852738
Tent5c,12.291336516864627,0.1902191519950043,0.5559393027127377,0.3421581296138248,0.7322318933121347,0.9999089513852738
Tepsin,159.5778985967643,0.159533080682778,0.1848679808507108,0.8629567973245087,0.3881612208123253,0.9999089513852738
Terf1,189.44685207129677,-0.04991542610922727,0.18367451464984133,-0.27176021782001963,0.7858063959027842,0.9999089513852738
Terf2,405.2803939274732,-0.11188312314367639,0.1430144104454637,-0.7823206262584376,0.43402616792972315,0.9999089513852738
Tert,4.402012646708497,0.13516058063501538,0.9884344733190091,0.1367420747489383,0.891234671041507,0.9999089513852738
Tesmin,23.96124941635739,0.24459088435055693,0.4041621691503875,0.6051800564726914,0.5450593656737552,0.9999089513852738
Tespa1,0.5092958862005762,-0.8359648163784755,3.2322376600066933,-0.2586334621126667,0.7959180624246445,0.9999089513852738
Tet1,320.90372438141003,0.06293621222434687,0.13200648500203369,0.4767660636019304,0.6335287138878946,0.9999089513852738
Tet2,484.15519194375884,-0.048829650334545005,0.1173329686881698,-0.4161630859636495,0.6772906694683156,0.9999089513852738
Tet3,241.89850896220483,-0.023680109203191742,0.1606214633214997,-0.14742805048285276,0.8827941663390287,0.9999089513852738
Tex101,1.3483547421276991,0.1747457566523303,1.8422398643956583,0.09485505119587409,0.9244299594210891,0.9999089513852738
Tex19.1,1.0940610394942258,0.14770811515529755,2.008105297869856,0.07355596109027865,0.9413637141218751,0.9999089513852738
Tfam,143.07651451004497,0.19266975403340889,0.17889669104793396,1.0769889197211846,0.2814852158379685,0.9999089513852738
Tfap2a,2.571750860545217,1.4351260782249857,1.21830277775807,1.1779716047811328,0.23880792660393868,0.9999089513852738
Tfap2b,1.8700016844284029,-0.18572709984541133,1.411981001946723,-0.1315365430479207,0.8953508805197959,0.9999089513852738
Tfap2c,1.0370210745042454,0.9970804916485774,2.0013975602945586,0.49819211906195726,0.6183486366689175,0.9999089513852738
Tfap2d,1.6098933939508508,-0.5300052599389187,1.790779139542242,-0.29596349892393675,0.7672579568857106,0.9999089513852738
Tfeb,273.9887353110496,-0.12318106180628054,0.15579393872256386,-0.7906665870078554,0.42913857898801633,0.9999089513852738
Tfpi,16.326374560132777,-0.41422204271531565,0.48090875192274535,-0.8613318868895478,0.3890552783760891,0.9999089513852738
Tfrc,1061.0205978219167,-0.059069468181982984,0.14152443775603066,-0.4173799883509229,0.6764004898849931,0.9999089513852738
Tgfa,60.32106971028171,0.14314798982597132,0.2645374800784737,0.5411255515986135,0.5884210475346339,0.9999089513852738
Tgfb1,36.98887402956381,-0.0019390852430476104,0.35127728608816167,-0.005520098565555842,0.9955956209484417,0.9999089513852738
Tgfb1i1,16.82840527964768,-0.37081252708560863,0.4720944926817681,-0.7854625140386203,0.4321824404713511,0.9999089513852738
Tgfb2,290.09283771247095,0.04808051020378747,0.17323902244074163,0.27753856796458176,0.7813665955209395,0.9999089513852738
Tgfb3,107.56781186844303,0.1873295992284421,0.24215136196398573,0.7736053917231445,0.43916418266499335,0.9999089513852738
Tgfbr1,147.3160133213582,0.18420682982231107,0.19231361645550749,0.9578460080850699,0.338140415466909,0.9999089513852738
Tgfbr2,61.21037207108892,-0.0013231241543733552,0.2680175314884791,-0.004936707487100449,0.9960610933140847,0.9999089513852738
Tgfbr3,119.15848145100426,-0.09303567558039552,0.23011646545740314,-0.40429821219211,0.6859934400030891,0.9999089513852738
Tgif2,11.324446391468662,-0.19004785992654405,0.6043310186273994,-0.31447642776668094,0.7531592169269671,0.9999089513852738
Tgm2,84.3549604583642,0.193580858600234,0.2843610349910995,0.6807573288171955,0.49602505454211765,0.9999089513852738
Tgs1,160.85382732583093,0.07306642581337489,0.18220145660208695,0.40101998730419575,0.6884054084089759,0.9999089513852738
Th,21.550437566730977,-0.19309394270816463,0.5808536166195462,-0.33243133413188236,0.7395635813681415,0.9999089513852738
Thap12,582.1867439017487,-0.056345813146258264,0.16116043671325464,-0.34962559233139695,0.7266197017804725,0.9999089513852738
Thbd,3.974761107202134,-0.5144118277540709,1.1618646612736039,-0.4427467715475458,0.6579489079297518,0.9999089513852738
Thbs1,11.740190165355912,-0.1002489692314296,0.6315712818515203,-0.15872946112676115,0.8738820258128566,0.9999089513852738
Thbs2,277.71930801321486,-0.1297419583925726,0.2541931670316076,-0.510406947234895,0.6097663907633957,0.9999089513852738
Thbs3,149.1780206820404,0.15179763370413504,0.27439948191728586,0.5531994180291218,0.5801268654354317,0.9999089513852738
Thbs4,10.091630719112755,-0.6483678330462742,0.6639741663971207,-0.9764955714534346,0.3288189414082885,0.9999089513852738
Themis,0.4635939807305139,2.3494437346911075,3.5068693487505143,0.6699547377002244,0.50288664417994,0.9999089513852738
Thpo,1.643601036312505,1.2246783840543782,1.511593710888155,0.8101901822115969,0.4178308792577594,0.9999089513852738
Thra,1383.0304089967203,0.034634982837526446,0.12204826377219202,0.28378103683780403,0.7765781877650471,0.9999089513852738
Thrap3,465.83615631482826,0.07128874495354308,0.12584220031940216,0.5664931539070672,0.5710585855485458,0.9999089513852738
Thrb,358.87835884557967,-0.12172386615609539,0.13535809014629202,-0.8992729287517203,0.3685073031518188,0.9999089513852738
Thumpd1,366.94193047953854,-0.06835885107780472,0.1354668975187672,-0.504616643105261,0.6138281180207321,0.9999089513852738
Tiam1,767.3579804106757,0.030536795261818697,0.26841859090495146,0.11376557472739265,0.9094236287581563,0.9999089513852738
Ticam1,53.749739512187894,-0.01548226011579078,0.2706694634650587,-0.05719987736181927,0.9543859758531905,0.9999089513852738
Ticam2,1.7617372193074274,-1.4034769436464574,1.703335304530473,-0.8239581131874255,0.4099633585173018,0.9999089513852738
Tie1,35.56967511604518,0.2820118445931481,0.34384222244039386,0.8201780531535383,0.41211461133671656,0.9999089513852738
Tigar,44.70688742732824,-0.09101165234118976,0.30727766173547133,-0.29618701153596944,0.7670872673698826,0.9999089513852738
Tigit,0.1429859810777457,-0.969188503896664,4.42774672984595,-0.21888977916548177,0.8267359084612689,0.9999089513852738
Timeless,12.772022334225753,-0.2885739804139102,0.517954598730768,-0.5571414581916098,0.5774307837568817,0.9999089513852738
Timm50,173.36996036799906,0.11133393356557408,0.1799951968762305,0.6185383582325825,0.5362205208051438,0.9999089513852738
Timmdc1,293.05268780119826,-0.02649730293185157,0.1469294921235761,-0.18034026082092372,0.8568854502141472,0.9999089513852738
Timp1,8.134395933965411,1.9283089905472548,0.9202615186146569,2.0953923982935767,0.03613612472481249,0.9999089513852738
Timp4,952.020497950336,-0.018460388822974665,0.1521960467411561,-0.12129348441205402,0.9034585806025593,0.9999089513852738
Tiparp,525.6394022874222,0.2754053225823548,0.14806975326262517,1.8599701594280353,0.0628897479462746,0.9999089513852738
Tirap,46.19818920644568,0.1372599733421552,0.29770397210518557,0.4610619481209278,0.644754161050284,0.9999089513852738
Tjp1,984.9762869850377,-0.018528752956264053,0.11936066536004931,-0.15523332498501413,0.876637377175755,0.9999089513852738
Tjp2,488.92628457564234,0.16433974592113215,0.15786089008406567,1.04104155141667,0.2978562641887349,0.9999089513852738
Tjp3,3.7291715422409877,-0.30291458539598054,0.9570631390731796,-0.31650428590251967,0.7516197725748878,0.9999089513852738
Tlcd1,2582.4594538469923,-0.10663391544056491,0.11882384247761114,-0.897411775424254,0.36949923139761254,0.9999089513852738
Tle1,625.0000138825504,0.12755380937194552,0.1478643238793091,0.8626408725613787,0.38833495071772506,0.9999089513852738
Tle4,1532.6644206349413,-0.03420936773973759,0.11223097137572206,-0.30481218615860434,0.7605091997205663,0.9999089513852738
Tle6,23.85692552605876,0.323868852808368,0.38840567969315487,0.8338417014504739,0.40437019262643614,0.9999089513852738
Tll1,17.84827103814962,-0.30891661422344596,0.5522308128265736,-0.5593976414359556,0.5758903706804553,0.9999089513852738
Tln1,92.51907708167401,0.154850805304248,0.24883681443373,0.6222986162905076,0.5337455308863752,0.9999089513852738
Tlr1,3.503125971746216,0.6350694973487855,1.0646100651387125,0.5965277974955456,0.5508226895708422,0.9999089513852738
Tlr11,0.3158441427190837,1.7894679528614503,4.330318880447699,0.41324161159153305,0.6794296038331583,0.9999089513852738
Tlr12,0.4474920642769111,-0.7944632352896404,2.936703512870298,-0.27052892190439126,0.7867533696621869,0.9999089513852738
Tlr13,2.0675576915758738,-0.6019689156282136,1.3455977818078986,-0.44736170330143465,0.6546139222729248,0.9999089513852738
Tlr2,55.009168861694555,0.8828773899298501,0.34098119102528335,2.5892260721923095,0.009619192032943029,0.9999089513852738
Tlr3,804.4911143741633,-0.15993772239100562,0.10755908195949646,-1.486975525239546,0.13702127518238594,0.9999089513852738
Tlr4,15.767168189065595,-0.07864901772754314,0.562685551928049,-0.1397743685759325,0.8888382653761001,0.9999089513852738
Tlr5,30.819245906063216,-0.5073923320076594,0.35118689351581117,-1.4447929047922043,0.14851606463354214,0.9999089513852738
Tlr6,2.4341732558818983,1.3113772890375162,1.3043965899181023,1.0053516692494973,0.31472754338806264,0.9999089513852738
Tlr7,2.746482185755377,0.1417119828563263,1.356053011859552,0.10450327650686533,0.9167699682418944,0.9999089513852738
Tlr8,0.5067108520189079,-2.4601365174381487,3.0747093748546,-0.8001200170518509,0.4236412646528316,0.9999089513852738
Tlr9,3.135248295716051,0.6125077137205586,1.264229676860043,0.4844908523598647,0.6280375548282591,0.9999089513852738
Tlx1,1.3010807990561781,-0.14148097052257727,1.80922768906924,-0.07819964915270691,0.9376692411001476,0.9999089513852738
Tlx3,0.0,,,,,
Tmco5,4.206620388526078,-0.20860617962035313,0.8896100219261032,-0.23449171488502107,0.814603264477497,0.9999089513852738
Tmem106b,1919.2827968955332,-0.12385945435893214,0.10703327732693724,-1.1572050996868823,0.24718857470839795,0.9999089513852738
Tmem108,15.089140631839951,0.35800986968303,0.4795944826003885,0.746484546156328,0.4553747635116524,0.9999089513852738
Tmem109,410.1686778549509,-0.04286318664509432,0.14371420731047013,-0.29825295248990724,0.765510109490423,0.9999089513852738
Tmem119,37.05676918938511,-0.21119097329037553,0.3224093106776233,-0.6550399330791818,0.5124420438514775,0.9999089513852738
Tmem120a,131.8677270712466,0.10245227602669099,0.1864770141667391,0.5494096764927978,0.5827243349291604,0.9999089513852738
Tmem163,153.68963672403473,-0.15559260972583455,0.24247960866367618,-0.6416729661653506,0.5210855456112348,0.9999089513852738
Tmem173,42.64245332693759,-0.17101718493146673,0.30812134203929414,-0.5550319357938446,0.5788728166971822,0.9999089513852738
Tmem176a,689.7371431008651,0.1780113163546508,0.159250758509512,1.1178051396472202,0.2636502259358988,0.9999089513852738
Tmem259,277.00611446964723,0.08053738648307884,0.1572412580186042,0.5121899143897078,0.6085181010011842,0.9999089513852738
Tmem35a,452.5641774873206,-0.07853892182924728,0.17820188312673116,-0.4407300329895676,0.6594084514569936,0.9999089513852738
Tmem41b,483.82109599487893,-0.16031965967606607,0.1336736340576092,-1.1993364346403064,0.2303971533351452,0.9999089513852738
Tmem43,159.9809807906777,-0.004057060927960128,0.21876997678519278,-0.018544870679141227,0.9852041820850067,0.9999089513852738
Tmem63b,1216.1970044326338,-0.02090493958701559,0.10630282814371361,-0.19665459472774935,0.8440978443038234,0.9999089513852738
Tmem94,519.8754790044107,-0.18333114372653841,0.15347636963718728,-1.1945235879629337,0.23227321941321422,0.9999089513852738
Tmem98,77.07372371189031,0.054003816371882195,0.23144966384798388,0.23332855824475035,0.8155062842484424,0.9999089513852738
Tmigd1,1.3369161303613233,1.7405925954502086,1.8469244848145638,0.9424275923360065,0.3459737660721609,0.9999089513852738
Tmprss15,0.7303361685530637,1.6715210510650624,2.9557452611355366,0.5655159370611317,0.5717228873893945,0.9999089513852738
Tmprss2,2.4185926461193596,1.8059384817337876,1.3531566092288438,1.3346115811110595,0.18200350564112588,0.9999089513852738
Tmprss4,0.4474920642769111,-0.7944632352896404,2.936703512870298,-0.27052892190439126,0.7867533696621869,0.9999089513852738
Tnc,114.03803942111035,0.09877946742920518,0.3108764890006196,0.3177450560727617,0.7506783311495091,0.9999089513852738
Tnf,1.8212230548875272,3.1787754868236635,1.8472114492765412,1.7208509009992485,0.08527788308839708,0.9999089513852738
Tnfaip3,15.50666308646432,0.20824676949623358,0.4728837376202218,0.4403762551536058,0.6596646196520983,0.9999089513852738
Tnfrsf11a,28.769649780119398,-0.15860067915941076,0.38467124549712406,-0.4123018837928621,0.6801181680720076,0.9999089513852738
Tnfrsf11b,12.211346833500762,0.15023151466858392,0.6385181166927827,0.23528152254584575,0.8139902354981299,0.9999089513852738
Tnfrsf13b,6.497913359285718,-0.3745705023641157,0.8248043066290088,-0.45413257345247454,0.6497334097331972,0.9999089513852738
Tnfrsf13c,1.8695954729987514,-0.868397465226578,1.3515772902113554,-0.6425067005163876,0.5205442401293682,0.9999089513852738
Tnfrsf14,5.569516960135377,0.7210129718357268,0.8829959301385327,0.8165529955756505,0.414183926208166,0.9999089513852738
Tnfrsf18,0.402752021578533,-0.007397661347697187,3.5392911556212887,-0.0020901533732108563,0.9983323001080966,0.9999089513852738
Tnfrsf1a,714.3157622488171,0.1950694594475053,0.18979699766832198,1.0277794793592951,0.3040535711678173,0.9999089513852738
Tnfrsf1b,16.674158000585276,0.01764435935257187,0.4862842047876728,0.03628404784456439,0.9710558695403072,0.9999089513852738
Tnfrsf4,24.830895896676157,0.14164056519232163,0.4045305749483395,0.35013562376690516,0.7262369170460827,0.9999089513852738
Tnfrsf9,0.4486578904487178,0.8036387842075137,2.9339007923452955,0.273914777999396,0.7841501145710816,0.9999089513852738
Tnfsf10,10.393196080015928,0.40273994552747316,0.6236337932584062,0.6457955772781473,0.5184117526362395,0.9999089513852738
Tnfsf11,0.6113438187419442,2.750411686828772,3.2275657511557907,0.852162867896293,0.3941237026835569,0.9999089513852738
Tnfsf12,131.17710296255524,-0.2300488552356127,0.18551632598490564,-1.2400464164772778,0.2149582263690436,0.9999089513852738
Tnfsf13,54.49579446653243,-0.4121527858565446,0.2627773659884787,-1.5684485773961796,0.11677648185298778,0.9999089513852738
Tnfsf13b,19.77394937217358,0.2364578560660284,0.4534901806525894,0.5214178082660063,0.602075748481899,0.9999089513852738
Tnfsf14,0.31351249037547013,-1.7893730335375646,4.331484305688511,-0.4131085113681683,0.6795271137646823,0.9999089513852738
Tnfsf4,0.15675624518773507,-0.969188503896664,4.42774672984595,-0.21888977916548177,0.8267359084612689,0.9999089513852738
Tnfsf9,0.6693967803121342,-0.14983364878062322,2.30538895668035,-0.06499278499033695,0.9481797448541284,0.9999089513852738
Tnks2,757.4670394256667,0.06934768311313756,0.10583095929073903,0.6552683976210162,0.5122949639221026,0.9999089513852738
Tnnc1,2.782350984696583,0.5259023251059054,1.2777543895934664,0.4115832662278921,0.6806448988733488,0.9999089513852738
Tnni3k,0.45766429762502264,-0.794901337146119,2.9195221392401236,-0.2722710427374979,0.7854136199753845,0.9999089513852738
Tnnt2,3.7747751416071953,0.2962551626219573,1.0708075664926766,0.2766651748570581,0.7820372148411261,0.9999089513852738
Tnp1,0.0,,,,,
Tnpo1,1075.6841475859699,0.07963134906172581,0.10482595699328541,0.7596529652176375,0.44746205046957277,0.9999089513852738
Tnr,472.6093951480901,-0.08665787003644336,0.12289103219567508,-0.7051602422743188,0.480710520123529,0.9999089513852738
Tns2,77.34499664433234,0.09753836607059563,0.2640951288751925,0.36933042455580783,0.7118814505788189,0.9999089513852738
Tnxb,14.4018398562882,-0.016170116224157944,0.5334329470536342,-0.030313306130549365,0.9758171846924232,0.9999089513852738
Togaram1,286.4727022775633,0.11434938721083615,0.15609747833035384,0.7325511496658201,0.4638322349283095,0.9999089513852738
Top2a,3.2789492705641514,1.2974717270344296,1.3188886990847064,0.9837613499417047,0.32523286705842525,0.9999089513852738
Top2b,533.2406350578508,0.03976053529654156,0.1129900118906303,0.3518942482723882,0.7249175728866235,0.9999089513852738
Topbp1,82.34138129965926,0.24558968673398004,0.22097762314318714,1.1113780809147584,0.26640564306810943,0.9999089513852738
Tor1a,419.45591257857876,0.039557372138519,0.12295596371536191,0.32171983320868214,0.7476649513120952,0.9999089513852738
Tor2a,183.34643477536827,-0.044979427057571374,0.1829780699429384,-0.24581867691356776,0.8058225985150617,0.9999089513852738
Tox,315.6802311467443,0.10083287657294274,0.15913976422117973,0.6336120771977555,0.5263340171156559,0.9999089513852738
Tox3,117.54472745654527,0.023649975451573452,0.20798452182167002,0.11371026672769143,0.9094674736424415,0.9999089513852738
Tpbpa,0.5873501874753179,2.6484592738608383,3.853043222642442,0.687368171293056,0.4918507496314717,0.9999089513852738
Tpcn1,1115.894897000838,0.0006011930064050431,0.15045481213201084,0.003995837673025368,0.9968117912974261,0.9999089513852738
Tph1,0.8161336217433551,1.8795093144623616,2.261231115587269,0.8311885067857073,0.4058671465201492,0.9999089513852738
Tph2,2.850325920934339,-0.8835757798496513,1.1262347931370926,-0.7845395873346072,0.4327235626704572,0.9999089513852738
Tpi1,1963.096524048271,-0.02813265008684474,0.1714444037998615,-0.1640919707107259,0.869658742582381,0.9999089513852738
Tppp,542.4161796119897,-0.12032859331218539,0.18547222304125885,-0.6487688093619168,0.516487820808117,0.9999089513852738
Tpr,787.395942181975,0.09253704095831594,0.10935341656574103,0.8462199340857774,0.3974300635159288,0.9999089513852738
Tpsab1,0.7274497418823244,-2.9687702133662763,3.122368408065599,-0.9508071519355138,0.34170228134507286,0.9999089513852738
Tpsb2,0.2069686257534271,-0.969188503896664,4.42774672984595,-0.21888977916548177,0.8267359084612689,0.9999089513852738
Traf2,225.90704833517225,0.10843661536680632,0.19752610945693,0.5489735795684804,0.5830235813673158,0.9999089513852738
Traf3,340.74178906562264,-0.03250191168602668,0.13329842139568512,-0.24382818150222121,0.8073638932414012,0.9999089513852738
Traf3ip2,67.72374585981794,0.11293251907773509,0.26859617948325826,0.42045467398308334,0.6741533345517325,0.9999089513852738
Traf3ip3,6.121087216808198,0.9019327561701488,0.7565228182488212,1.1922082644617629,0.2331795936840888,0.9999089513852738
Traf6,223.78296819602045,0.05602560001538445,0.15599524022849345,0.3591494197728159,0.7194833128195401,0.9999089513852738
Trappc10,1469.3721005477792,0.09917842354564294,0.09880352574677091,1.0037943767293576,0.3154777354058038,0.9999089513852738
Trbc1,15.67258439887499,-0.7157626087723626,0.5272470898388422,-1.357546817358711,0.17460752818352254,0.9999089513852738
Trdn,5.2178298021758165,-0.43375348463344887,0.858626579295641,-0.5051712759570881,0.6134385431579058,0.9999089513852738
Treh,0.3387693769028517,-0.007398151907015832,3.7313212835751735,-0.0019827164011798192,0.9984180222315505,0.9999089513852738
Trem1,0.0,,,,,
Trem2,41.62772540691383,0.2577959026734856,0.4418104183347471,0.583498921653226,0.5595574827600398,0.9999089513852738
Trex1,75.65858566432367,0.1542746859277032,0.2511887399033166,0.6141783504590375,0.5390974779422437,0.9999089513852738
Trh,35.25714106650097,1.062887167733092,0.524146494096071,2.027843703440426,0.04257620233599715,0.9999089513852738
Trhr,15.86017042070388,-0.8410856731782977,0.5255770236081525,-1.6003090610851642,0.1095300377223784,0.9999089513852738
Trhr2,21.141035685908353,0.23208965852141042,0.4342420096365142,0.5344707637008288,0.5930158716921032,0.9999089513852738
Trib2,399.9648645868422,-0.3112805669004477,0.15580968163103714,-1.997825575676171,0.04573557354500423,0.9999089513852738
Trib3,5.206462808235668,1.8456790101990492,0.965867073164725,1.9109037480194497,0.05601695133429592,0.9999089513852738
Trim17,27.94236054524964,0.05450718978128527,0.3901984854259752,0.13969093119820902,0.8889041920038887,0.9999089513852738
Trim2,954.4537519264009,-0.10564268589848393,0.12627496411723166,-0.8366083224573871,0.40281276599633775,0.9999089513852738
Trim21,55.70213983366952,0.10311207292567771,0.2913422248490945,0.3539207987413644,0.7233982394521077,0.9999089513852738
Trim24,283.44535681034,-0.06687835916159314,0.15250844286393553,-0.4385223395222811,0.66100767972799,0.9999089513852738
Trim27,225.72897388927444,0.06884940204440684,0.1510116675268315,0.455921076642464,0.6484467327674535,0.9999089513852738
Trim28,709.2096672157935,-0.054512604113029835,0.11822125881854106,-0.46110661193941227,0.6447221182334463,0.9999089513852738
Trim29,4.7575293365606,-0.674995362980714,0.8629262642441651,-0.7822167327030436,0.43408721244599147,0.9999089513852738
Trim32,285.5798696521369,0.04932877695804416,0.14407887627022264,0.34237341541675487,0.7320698923656918,0.9999089513852738
Trim33,359.81364077794314,-0.021734662309606752,0.14624075372655523,-0.14862247188801275,0.8818515399429555,0.9999089513852738
Trim34a,264.20602520265885,0.09776276969633785,0.2339147006865158,0.41794196520960025,0.675989549168064,0.9999089513852738
Trim36,8.35882916770503,0.44139796793461356,0.7387869261154426,0.5974631552503148,0.5501981992027745,0.9999089513852738
Trim63,0.47260038790681874,0.83349470997237,3.307662208840116,0.2519890657954,0.801049515385841,0.9999089513852738
Trim65,78.25768658315282,-0.08519585512989743,0.23807117821898421,-0.3578587537023571,0.720449019065303,0.9999089513852738
Trim7,27.55698559525526,-0.4533238255510451,0.43092693380094316,-1.0519737570185104,0.2928115900471039,0.9999089513852738
Trip13,3.811828309907579,0.16651297452772343,1.0746299631351162,0.1549491268994026,0.8768614236443596,0.9999089513852738
Trmt13,101.72518006248912,-0.021409598665929078,0.20357845646915676,-0.10516632770114724,0.9162438291217737,0.9999089513852738
Trmt2a,93.41750106075285,0.006872624217862369,0.23388300639773968,0.02938488060211966,0.9765576311301671,0.9999089513852738
Trp53,466.3625760860302,0.1693444543471038,0.16375897759435726,1.0341079117297751,0.3010857179913853,0.9999089513852738
Trp53bp1,389.70013578024253,-0.09495249627912601,0.14791148463767423,-0.6419548590951054,0.5209024930350186,0.9999089513852738
Trp53cor1,49.546957905378285,0.4741460909559548,0.34736623210353207,1.3649746208337146,0.17226102685723665,0.9999089513852738
Trp63,138.12093320189626,0.0022355167664262505,0.24689385775131414,0.009054566147522362,0.9927756001818642,0.9999089513852738
Trp73,2.8961806559959986,-0.7710065378717247,1.286761224126804,-0.599183845001958,0.5490502944900626,0.9999089513852738
Trpa1,1.8324928862604353,1.0714629626747625,1.6139651307284055,0.6638699574576286,0.5067735458806679,0.9999089513852738
Trpc1,100.94490024661432,0.004041275966563025,0.20781855879565134,0.019446174537938284,0.9844851754070617,0.9999089513852738
Trpc3,110.87063662584869,-0.12840994764883426,0.23564499823864804,-0.5449296552383763,0.5858018994079691,0.9999089513852738
Trpc4,22.98562519024428,-0.17428691185155806,0.4645246609794677,-0.3751940994565661,0.7075161181656078,0.9999089513852738
Trpc5,53.194329961740294,-0.10503661452527115,0.34907509772512385,-0.3008997640043098,0.7634909302789213,0.9999089513852738
Trpc6,8.23272878615318,-0.2539198579665012,0.749374142698135,-0.3388425667481109,0.7347283325248721,0.9999089513852738
Trpc7,13.176752604835395,-0.02301659296337701,0.5486202054434164,-0.041953600569220914,0.9665356869054779,0.9999089513852738
Trpm1,1.083486861410586,0.8014506596206307,2.225027108330925,0.36019815516846826,0.7186989542123013,0.9999089513852738
Trpm2,25.89709705520517,-0.1403266786975902,0.387249964900138,-0.36236718248322347,0.7170776600133731,0.9999089513852738
Trpm5,0.6054141356364529,0.01418131164039342,2.352326489052368,0.006028632380068273,0.9951898764380541,0.9999089513852738
Trpm6,9.828116330922802,0.11469668780005705,0.6587503537784133,0.17411252554505355,0.8617770295917955,0.9999089513852738
Trpm7,557.557442556828,-0.07201468729127435,0.11356169364414966,-0.6341459428822486,0.5259855821429915,0.9999089513852738
Trpm8,2.1963225761421783,0.021198690077683584,1.4195090755759694,0.01493381792510355,0.9880849801245046,0.9999089513852738
Trpv1,0.4474920642769111,-0.7944632352896404,2.936703512870298,-0.27052892190439126,0.7867533696621869,0.9999089513852738
Trpv2,63.3678720005949,0.20309672728418832,0.2645783342419269,0.7676241815721743,0.4427104917955409,0.9999089513852738
Trpv3,1.9124246177981226,0.8606043429389013,1.5848752140387943,0.5430107905756142,0.5871223729646089,0.9999089513852738
Trpv4,5.986791176630722,0.09813320631122893,0.8024792628376294,0.12228752923062741,0.9026713081043765,0.9999089513852738
Trpv5,0.0,,,,,
Trpv6,0.8428951947400914,-3.1958995605856164,3.003081359691791,-1.0642067855642827,0.2872350337587388,0.9999089513852738
Trrap,692.2241750482276,0.061373524837806705,0.14012661442122695,0.4379862104804382,0.6613962795639075,0.9999089513852738
Tsc1,263.2877363227959,0.16178092649190504,0.15376418800245248,1.0521365774020457,0.2927368925741898,0.9999089513852738
Tsc2,382.31998796424523,0.08014737345517811,0.12489620368716127,0.6417118462297736,0.5210602961274386,0.9999089513852738
Tsc22d3,5252.306191406539,0.425838105453306,0.5191467953575304,0.82026530696397,0.41206487936214753,0.9999089513852738
Tsc22d4,1725.881195527325,0.011154608823430199,0.09981198836029251,0.11175620290385636,0.9110167149241549,0.9999089513852738
Tsg101,31.269748441520505,0.07242420641477969,0.343461979774342,0.21086527965151522,0.8329923977612855,0.9999089513852738
Tshb,7.630016846930739,-2.0975020962437623,1.1369356576241392,-1.8448731748170553,0.06505598968947429,0.9999089513852738
Tshr,2.6043395438494663,1.334466149268603,1.4812390098439727,0.9009121015582555,0.367635056391846,0.9999089513852738
Tshz1,213.0473558351081,0.0014921508093447596,0.15933910133678192,0.009364624231129078,0.9925282201161889,0.9999089513852738
Tslp,1.8837719485383921,-0.191174373201617,1.5553547930509748,-0.12291367478066563,0.9021754568310572,0.9999089513852738
Tspyl2,544.761504703534,0.021527948503822607,0.148710943833364,0.1447637137448704,0.8848974326075033,0.9999089513852738
Tssc4,1143.1130237625255,0.035890943022419235,0.1548116744221034,0.2318361529025286,0.8166652759745204,0.9999089513852738
Ttbk1,374.52669412872297,-0.07295288779545403,0.18288731462962388,-0.39889528665886603,0.6899703622880591,0.9999089513852738
Ttc8,294.7581071497282,0.06532995877945952,0.16725084109519103,0.3906106441777287,0.6960850566044221,0.9999089513852738
Ttk,2.0914362275810876,-1.2010592732487233,1.372909381146575,-0.8748277852436754,0.3816676165354308,0.9999089513852738
Ttll3,399.1708908228905,0.16245232146590696,0.26172331473323196,0.6207025217890525,0.5347953698792197,0.9999089513852738
Ttll6,1.5084556362392572,0.33609907719814247,1.4649374697621915,0.22942895798323915,0.8185355311268268,0.9999089513852738
Ttn,14.140917427580751,-0.4737719805307336,0.598261299677974,-0.7919148050956175,0.4284103537277867,0.9999089513852738
Ttyh1,20107.215365327418,0.13053706899302983,0.1290637796661336,1.01141520363581,0.3118177474398559,0.9999089513852738
Tuba3a,0.29073581908917595,-0.007398648057258491,3.9159171036663234,-0.0018893781102596427,0.9984924952732074,0.9999089513852738
Tubb1,0.15675624518773507,-0.969188503896664,4.42774672984595,-0.21888977916548177,0.8267359084612689,0.9999089513852738
Tubb2b,1696.1327888008852,0.044658993650924815,0.15107794358453536,0.2956023400327525,0.76753378637378,0.9999089513852738
Tubb3,1111.9802363637198,-0.13689985923974776,0.1359281094322757,-1.0071489981838981,0.3138631778995795,0.9999089513852738
Tubg1,136.96863822647478,-0.06404598662912883,0.18457986897525352,-0.34698251214879466,0.728604456834542,0.9999089513852738
Tubg2,148.44394877818368,-0.016861278786438706,0.213040147224235,-0.0791460154629512,0.9369164832339679,0.9999089513852738
Tubgcp2,169.37606438104044,-0.006789870214490836,0.19393355696707468,-0.035011322025324344,0.9720707127384973,0.9999089513852738
Tufm,281.44451560386904,-0.027566506855486315,0.1410647804215602,-0.19541735912469527,0.8450662279635227,0.9999089513852738
Twf1,655.4203360975558,0.06101613620504683,0.12574705671183914,0.48522914015292523,0.6275138135942717,0.9999089513852738
Twf2,375.62746222007723,0.0845239055871848,0.12870071864845492,0.6567477359474675,0.5113431348299398,0.9999089513852738
Twist1,3.0446012406108736,-1.0257133802147742,1.3224193494562255,-0.7756339777065,0.43796513246759683,0.9999089513852738
Twist2,0.7072581047776983,-0.05372537379035451,2.2809326142255997,-0.02355412582348244,0.9812082642775763,0.9999089513852738
Twnk,22.700556008866315,0.12823484688373527,0.4601498224632871,0.27868063970396606,0.7804899214094527,0.9999089513852738
Txnip,379.81135843403405,0.9908278124474058,0.23815810442805319,4.160378311823235,3.177208681153281e-05,0.05317588262690208
Tyk2,95.01812665564682,-0.06473878009119488,0.2126973907722872,-0.3043703538446501,0.7608457512089752,0.9999089513852738
Tyr,0.5126405351243992,0.8061493522157637,2.8347444750408908,0.2843816644899308,0.7761179088135587,0.9999089513852738
Tyro3,366.58635081756603,-0.3458541722759008,0.18785564643400302,-1.8410634912558004,0.06561225500588437,0.9999089513852738
Tyrp1,1.0662191187851762,-2.265016226134395,2.1203380343840235,-1.0682335502189875,0.2854151743413591,0.9999089513852738
Tyw5,188.75273584882322,-0.14983572546277601,0.15684990982414188,-0.9552809155629729,0.3394356559054863,0.9999089513852738
Uba1y,16.94505021757534,1.1887828772403748,2.6359302954460633,0.4509917729213715,0.6519954784903488,0.9999089513852738
Uba6,284.24140143535095,0.01207113656762707,0.14670208445841376,0.08228333368397996,0.9344214072684909,0.9999089513852738
Ubac1,537.7377460832698,-0.08277793613765749,0.14897866361106163,-0.55563618394219,0.5784595902946115,0.9999089513852738
Ubap1,522.5430020320463,0.04221284342090135,0.1295326782159157,0.32588566840668204,0.7445108592641951,0.9999089513852738
Ubash3b,205.4465505500544,0.01811437602513251,0.2282237087116847,0.0793711403928521,0.9367374228344701,0.9999089513852738
Ube2b,527.0436582864586,0.06676301939383686,0.12179436021493044,0.5481618301210351,0.5835807885291335,0.9999089513852738
Ube2d1,274.8263893469522,-0.03471637609052883,0.15269298210116905,-0.22736065281328366,0.8201433136233914,0.9999089513852738
Ube2g1,329.8447426403289,0.13686491059833447,0.17189527600048327,0.7962110058100126,0.42590940164709745,0.9999089513852738
Ube2g2,98.45358270874368,0.22264922831139855,0.21452727507121594,1.0378597697541554,0.2993353454927815,0.9999089513852738
Ube2i,757.3022246268182,-0.1274534177876705,0.13342661325798005,-0.9552323533929443,0.33946020796795895,0.9999089513852738
Ube2m,430.958486440101,0.0768103369521887,0.1537230462450444,0.49966702344519043,0.6173095559652091,0.9999089513852738
Ube2n,129.4718161068446,-0.09972715082956361,0.2289324239641721,-0.43561828902476,0.6631136991145042,0.9999089513852738
Ube2r2,290.4320918334677,-0.12995198243483466,0.14377635572425054,-0.9038480755769766,0.36607596543719356,0.9999089513852738
Ube2u,0.81238276138988,-0.6573806808726161,1.9932617142326787,-0.32980148877523585,0.7415499623808453,0.9999089513852738
Ube3a,1587.8740362851595,-0.006240721955106571,0.09708146101407752,-0.06428335430800347,0.9487446073768697,0.9999089513852738
Ublcp1,138.2127387266133,-0.08996560125000641,0.19655176218595025,-0.45771963705363944,0.6471538780989006,0.9999089513852738
Ubr5,1355.9823772096586,0.12339538874752576,0.11436148954591838,1.0789942421830743,0.2805902944266023,0.9999089513852738
Ubr7,611.539011557738,0.05507706808856972,0.1187441718083501,0.4638296536983948,0.6427697959730755,0.9999089513852738
Ubtf,618.4043592869857,-0.09299496945522893,0.12577203091219763,-0.7393930811226973,0.45966834238397813,0.9999089513852738
Ubxn7,564.8143649470381,-0.02171112349631758,0.12147073836700846,-0.1787354204657929,0.8581454554921132,0.9999089513852738
Uchl1,2473.363385652756,0.08901493542104663,0.1487517736634574,0.5984125985780712,0.5495646614366849,0.9999089513852738
Ucn3,3.773508763188931,0.8004762894490786,1.049832592655602,0.7624799373243264,0.445773612796561,0.9999089513852738
Ucp1,1.1362160480109356,-1.2588280396533804,1.8050925442788592,-0.6973759011099825,0.4855675789881626,0.9999089513852738
Ucp3,545.0445284659878,-0.2634464254140953,0.20066207557774127,-1.31288597835733,0.1892213723660373,0.9999089513852738
Ufd1,467.916848295529,0.11560043587322691,0.12419888494742574,0.9307687095754634,0.3519732188533583,0.9999089513852738
Ufl1,564.2197397591652,-0.04611534122253468,0.14463299158007759,-0.3188438593348354,0.7498449177106333,0.9999089513852738
Ugt8a,288.36281660525555,-0.38178444889134294,0.22555212342008807,-1.6926661700287968,0.09051902810934824,0.9999089513852738
Uhrf1,6.284414274902949,-0.14024714631853408,0.7955864348720618,-0.17628147008450087,0.8600728187994016,0.9999089513852738
Uhrf2,143.1184409505947,-0.08062354571653438,0.18654038744703977,-0.4322042364119353,0.6655929806042877,0.9999089513852738
Ulk1,390.74583876169237,-0.0009079196756761578,0.13304465562184062,-0.0068241724662490965,0.9945551404095336,0.9999089513852738
Unc13b,75.16882934685935,-0.1271910493898436,0.2693092907130016,-0.4722861549005711,0.6367225513254374,0.9999089513852738
Unc5c,94.57005466016865,-0.06748163832015384,0.23248646453894253,-0.29026050378451324,0.7716169521456351,0.9999089513852738
Unc93b1,63.64380736747631,0.06795422538398546,0.2509473286419533,0.2707907900503743,0.7865519438001461,0.9999089513852738
Uncx,3.797681035309876,-1.0201793430514123,1.1709849125779346,-0.8712147629686173,0.38363690061019207,0.9999089513852738
Ung,13.961075967725739,0.508779441461195,0.5694149705603674,0.8935125835565927,0.3715827364204073,0.9999089513852738
Upk1b,3.2473010889989786,-0.7092451041691973,1.1714205033930782,-0.6054573077002094,0.5448751831310794,0.9999089513852738
Upk3b,0.3499546068311728,-1.9174255606522936,3.8305530152323097,-0.5005610294460338,0.6166800948440196,0.9999089513852738
Uri1,431.96798520167164,-0.06055252138683127,0.12793887166032164,-0.4732926013885641,0.6360044398654282,0.9999089513852738
Urm1,56.84640999988852,-0.07872040998576074,0.26991234394794644,-0.2916517593613364,0.7705528967316452,0.9999089513852738
Usp14,565.6968169265775,0.03841823947607927,0.11975409302393461,0.3208094062254793,0.7483548307400434,0.9999089513852738
Usp18,13.346744403730744,1.7121262920033646,0.6929177067757257,2.4708941267646414,0.013477571355962309,0.9999089513852738
Usp2,1535.7529791109462,0.21046796316344857,0.20329473223347533,1.0352848834358142,0.3005358872973741,0.9999089513852738
Usp22,643.5126138932615,-0.014892818590821562,0.11325786173866843,-0.13149478863714822,0.8953839088457347,0.9999089513852738
Usp25,233.83142642565497,-0.10886896185138269,0.1513884869209042,-0.7191363363599991,0.4720569207412344,0.9999089513852738
Usp3,60.00568952309168,-0.2759066908669651,0.2594078093605491,-1.0636021002879075,0.2875089905604211,0.9999089513852738
Usp32,806.4548793857479,-0.05000799404690174,0.1118792175209862,-0.4469819789141919,0.6548880716165542,0.9999089513852738
Usp47,326.7257913385902,0.03196348314054253,0.13066083769049905,0.24462940622082618,0.8067433928560854,0.9999089513852738
Usp50,0.2997422262654808,-1.7425423111025808,3.993861735428106,-0.43630511683594775,0.6626153698908401,0.9999089513852738
Usp54,513.1774403998976,0.22679832432048128,0.15125200247513898,1.4994732010755343,0.13375091592081972,0.9999089513852738
Usp7,461.30132400375606,-0.003813926194741386,0.12180848435985106,-0.031310841890735186,0.9750216440698669,0.9999089513852738
Utp25,254.97453912701613,0.06451355544737822,0.1459691194807526,0.4419671480986424,0.6585129787617918,0.9999089513852738
Utrn,990.9001093853716,-0.1480830675601307,0.14238537434959936,-1.040016000495541,0.29833246698943616,0.9999089513852738
Uts2,0.3435332338365362,1.888835932093237,3.8493791864163263,0.49068585884148636,0.6236486497313638,0.9999089513852738
Uts2b,0.8300524487508182,1.9236880204825282,2.4614803495721085,0.7815167083567954,0.4344986535850274,0.9999089513852738
Vamp2,2942.960349292669,-0.029766968315217832,0.12611250514446654,-0.2360350250842981,0.8134054918160378,0.9999089513852738
Vamp3,910.0619165852041,-0.006093560331207464,0.12863907329569477,-0.047369435857179794,0.9622187883170619,0.9999089513852738
Vangl1,170.48724182525063,0.2599971447798782,0.23129323282421832,1.1241018234955222,0.26096983182836975,0.9999089513852738
Vangl2,349.07136787459785,0.11788492159101377,0.15482699783640408,0.7613977099496261,0.4464195548645393,0.9999089513852738
Vasp,4.97010942511367,0.320454581804573,0.8562264935831032,0.3742638007655511,0.7082080610609627,0.9999089513852738
Vat1,273.2556967417051,0.15444436726820013,0.18419799491861596,0.8384693184984893,0.40176717233954884,0.9999089513852738
Vav1,14.418159291462922,-0.014284583292894736,0.5507204123777216,-0.02593799498228403,0.9793067946191502,0.9999089513852738
Vav2,56.7566971726454,-0.09019000377219684,0.2653958752136274,-0.339831972518787,0.7339830687236822,0.9999089513852738
Vax1,57.30692708976664,0.6101774507715441,1.6813498635321646,0.36290926951377556,0.7166726620830552,0.9999089513852738
Vax2,0.0,,,,,
Vcam1,1092.9944409251052,0.05269336315082823,0.11960939914975906,0.4405453377861432,0.6595421830533049,0.9999089513852738
Vcan,53.60522971201784,0.36120224774850024,0.2881157324900459,1.2536706851333759,0.20996172732132656,0.9999089513852738
Vcl,2196.5062852201795,0.35767377863045874,0.15708636349381583,2.2769244298187576,0.022790738754463736,0.9999089513852738
Vcp,585.9148748752149,0.0008195443480527149,0.11963595245669467,0.006850318246510138,0.9945342795827398,0.9999089513852738
Vdac1,2538.5475630352057,-0.05831974512520466,0.16946254580919362,-0.344145338114239,0.7307369880481038,0.9999089513852738
Vdac2,1065.1731563738315,-0.03370604758600463,0.1059771611489635,-0.3180501083495412,0.7504469277817077,0.9999089513852738
Vdr,2.7430704522211578,0.44586503547143647,1.2027598951368323,0.37070161490603454,0.7108597873827862,0.9999089513852738
Vegfa,2377.738664239601,-0.08633414478078777,0.2112278808885095,-0.4087251380718852,0.6827413836978824,0.9999089513852738
Vegfb,950.5937989022965,-0.05904884840449749,0.12964735198300334,-0.45545741969522635,0.6487801942072062,0.9999089513852738
Vegfc,26.409727314008737,-0.21068135291903672,0.41044271308682717,-0.5133027002344859,0.6077395954345911,0.9999089513852738
Vegfd,18.422810055132214,-0.43462141056708004,0.45627905191737084,-0.9525342194446987,0.34082612000122503,0.9999089513852738
Vgll2,0.4534217473824023,2.3222603975953717,3.524940228965511,0.6588084468816375,0.5100187824433196,0.9999089513852738
Vhl,191.23536577238553,0.10976487844167077,0.16287486100950074,0.6739215478763664,0.5003611919604489,0.9999089513852738
Vil1,6.028958135776887,0.6734122186378876,0.7651158763173938,0.8801440925250587,0.37878125555519015,0.9999089513852738
Vip,6.687272258958678,0.44223616622986744,0.8780619336835678,0.5036503112879946,0.6145071312482752,0.9999089513852738
Vipas39,163.67838105314195,-0.058615529938193744,0.17295962944882887,-0.33889717574548517,0.7346871921124642,0.9999089513852738
Vipr1,10.16938275088352,-0.25057565967393614,0.6513788772414412,-0.3846849635884913,0.7004708368363504,0.9999089513852738
Vipr2,3.956128680054606,0.31040604969618607,1.0522482607034436,0.29499316966195316,0.7679990974834037,0.9999089513852738
Virma,338.86622902425387,0.00824905208500636,0.14062832651978432,0.058658538355328006,0.9532240840406082,0.9999089513852738
Vit,149.5773883261696,-0.17540420395999637,0.24589847042454038,-0.7133196219446317,0.47564799814739134,0.9999089513852738
Vldlr,248.85752838409007,-0.15488351553735022,0.15733501759500815,-0.9844185859249193,0.32490974334898404,0.9999089513852738
Vps13a,205.38598088009385,0.008419278775335881,0.15942102748576828,0.05281159523380616,0.9578820227341703,0.9999089513852738
Vps25,296.87491348055534,0.05314050955775226,0.14483949625653011,0.3668923942101629,0.7136992849857567,0.9999089513852738
Vps26b,588.3922272082219,0.06378119839535713,0.1313193707188885,0.4856952789690994,0.6271832313949018,0.9999089513852738
Vps28,1026.6935760305378,0.02704017979987312,0.09935871575405018,0.2721470340539388,0.7855089658779282,0.9999089513852738
Vps51,352.2529733084184,-0.018121860762566496,0.14488612503999532,-0.1250765782959826,0.9004629254788894,0.9999089513852738
Vps54,203.44107763111882,0.18592159722174215,0.1596811979777931,1.1643299247266312,0.24429033387592503,0.9999089513852738
Vps72,250.83550500642616,0.11074648226008171,0.1532754118194453,0.7225326028843972,0.46996708807785237,0.9999089513852738
Vps9d1,191.32864092438442,-0.012217644495683024,0.18993761621053185,-0.0643245121184456,0.9487118360201651,0.9999089513852738
Vsig1,0.913213733950916,0.6053575820885636,2.110734514938373,0.2867994898478448,0.7742658535818762,0.9999089513852738
Vsir,274.769369258092,0.0983592161479672,0.16593901742739503,0.5927431515074705,0.5533530580601602,0.9999089513852738
Vstm2a,244.47242422918978,-0.1948278318097683,0.16592169196429638,-1.1742155561654473,0.2403086966228456,0.9999089513852738
Vstm4,382.5808802091058,-0.23323531991992288,0.1979745029097603,-1.1781078699120917,0.23875360498336928,0.9999089513852738
Vstm5,43.28152823118557,0.21725833850493698,0.33139048491243317,0.6555961875681056,0.5120839791632934,0.9999089513852738
Vsx1,0.9158499019411095,2.1097787278765985,2.3795444997307893,0.8866313397859503,0.37527741515697044,0.9999089513852738
Vsx2,0.5216469423007041,-0.9889748224250771,2.8362633770466883,-0.3486893461406484,0.727322543426828,0.9999089513852738
Vtcn1,0.6582115503838132,1.4774604749768248,2.4010937532920726,0.615328107430674,0.5383380589045635,0.9999089513852738
Vtn,78.43246954285753,0.16657567499270928,0.3229153378857645,0.5158493742766644,0.6059596149326667,0.9999089513852738
Vwa8,558.1512053230654,0.03054320629105418,0.12032612938838179,0.25383685527246175,0.79962159932855,0.9999089513852738
Vwc2l,20.10672937121218,0.18433619160849185,0.46915049482175286,0.39291483999932214,0.6943823805410989,0.9999089513852738
Vwf,29.378589573321538,0.12499460027774542,0.4623783275660151,0.2703297123282656,0.7869066088554,0.9999089513852738
Vxn,69.37358510262493,-0.32402537295846295,0.2638699895649088,-1.2279735694564717,0.2194568899646101,0.9999089513852738
Wap,1.6727990805934356,-0.6049817631224597,1.393016608911475,-0.4342961593223227,0.6640733924787918,0.9999089513852738
Wapl,895.2778431025945,0.015006560270444379,0.10635061077974642,0.14110459883980517,0.8877873106554918,0.9999089513852738
Was,2.776477579108647,-0.8268017928946575,1.319428756832774,-0.6266361776738563,0.5308977481588986,0.9999089513852738
Washc1,241.74474870714482,-0.0424830371145791,0.18367452584850577,-0.2312952050281539,0.8170854715369225,0.9999089513852738
Washc2,2158.9215351387534,0.04573741663544705,0.10024578064019507,0.4562527853377596,0.6482082115760178,0.9999089513852738
Washc3,130.52884324579395,0.09546769809876811,0.19552762596746745,0.488256826248442,0.6253679380398375,0.9999089513852738
Washc4,473.11557305370565,0.10209423594330379,0.12040563321208785,0.847919098298918,0.3964830276169614,0.9999089513852738
Washc5,332.4067608341879,0.11237063657519505,0.1419238495799008,0.7917671124889564,0.42849648182812705,0.9999089513852738
Wasl,760.6957154265601,0.09579737352069809,0.10745320952355375,0.8915264043341515,0.37264683272095434,0.9999089513852738
Wdr34,112.323092543817,-0.12373101817798451,0.19418258873353908,-0.6371890445222692,0.524001712886485,0.9999089513852738
Wdr36,190.4270239359236,0.052228054261838255,0.1729759749068219,0.30193819858493226,0.7626991756335738,0.9999089513852738
Wdr37,340.94533531090934,0.056639180960242334,0.13188579735253042,0.4294562575896322,0.6675912204341639,0.9999089513852738
Wdr4,63.18630622218313,-0.09247936079308672,0.2684415617127018,-0.3445046296223767,0.7304668149507925,0.9999089513852738
Wdr45,282.57387609293886,-0.04522850225035514,0.13989438734272489,-0.32330462364834267,0.7464645527116074,0.9999089513852738
Wdr5,190.8082711535204,0.14044043919094543,0.18009754082458954,0.7798020925101408,0.43550737450174626,0.9999089513852738
Wdr59,237.55451027629906,-0.11634239137653495,0.15950631751923516,-0.7293904917747537,0.46576283231624893,0.9999089513852738
Wdr61,293.1370183067109,0.011899773520369748,0.15028767062744125,0.07917997178803136,0.9368894747672247,0.9999089513852738
Wdr62,32.807874125205856,-0.18927862155965297,0.33928119649506444,-0.5578812604853757,0.5769254686778174,0.9999089513852738
Wdr82,708.6652036632364,-0.03262664959359754,0.11312667218526273,-0.288408108922061,0.7730343613030692,0.9999089513852738
Wdr83,95.54360039794533,-0.03602869927785682,0.20632091358172716,-0.17462456254385114,0.8613746470116739,0.9999089513852738
Wdtc1,391.0940475304362,-0.020530103753491753,0.14198228884776587,-0.14459623041789554,0.8850296736457764,0.9999089513852738
Wee1,88.54450354117417,-0.06676347208338325,0.23742562497379974,-0.2811974153621821,0.7785589869606622,0.9999089513852738
Wfdc18,7.640405634635024,-0.6468675380510721,0.8337312344380933,-0.7758705819472373,0.43782540390226055,0.9999089513852738
Whrn,353.49739366854254,-0.07243880336663848,0.14051186242281036,-0.5155351449877227,0.606179117149076,0.9999089513852738
Wif1,5.543074906955101,-0.3937648906877901,0.9616796326015864,-0.4094553709352839,0.6822055120417292,0.9999089513852738
Wipf1,49.174143325470574,-0.16630973731446458,0.3383423851762624,-0.4915427229958909,0.6230426428182059,0.9999089513852738
Wiz,330.69454817203456,0.05212317291971371,0.12999727406905945,0.400955891521417,0.6884525988595565,0.9999089513852738
Wls,708.6742582113361,-0.13887728320869488,0.17595820672623147,-0.7892628925502193,0.42995836997150283,0.9999089513852738
Wnt1,0.0,,,,,
Wnt10a,5.270962077048309,-0.09612993419037397,0.8567235243463038,-0.11220648372381618,0.9106596883698311,0.9999089513852738
Wnt10b,0.14774983801143024,0.9543856482214617,4.427724182917884,0.21554767388254945,0.8293403470759629,0.9999089513852738
Wnt11,2.901957509509893,-0.8619992401356248,1.206618024072008,-0.7143928094382442,0.4749843170622726,0.9999089513852738
Wnt16,1.1099461649033444,-1.1833219860096258,1.9417070430438508,-0.6094235431904452,0.5422437366070735,0.9999089513852738
Wnt2,0.3499546068311728,-1.9174255606522936,3.8305530152323097,-0.5005610294460338,0.6166800948440196,0.9999089513852738
Wnt2b,4.970084518427847,0.41236703162656446,0.9421285481008776,0.4376972043335328,0.6616057963627648,0.9999089513852738
Wnt3,41.72405615957124,0.07577390606833603,0.35559523976501267,0.2130903274138584,0.8312565089986645,0.9999089513852738
Wnt3a,0.5393166296616422,2.530260816644056,3.3908631525245685,0.7461996261218103,0.4555468339556932,0.9999089513852738
Wnt4,30.312342088005924,-0.22966546590106088,0.38535747967900075,-0.5959802988445173,0.5511883880594012,0.9999089513852738
Wnt5a,158.3039122224755,-0.32054753476558767,0.21482016775593507,-1.4921668580473937,0.1356554082863002,0.9999089513852738
Wnt5b,8.04287644256126,0.5517417593498118,0.7726433862929754,0.7140962689100134,0.47516765294818,0.9999089513852738
Wnt6,28.507474421162843,-0.1755866684082285,0.39389523971252005,-0.44576996801580654,0.6557634174111879,0.9999089513852738
Wnt7a,1038.506414979267,-0.15820322003806847,0.1634202700867092,-0.9680758693773263,0.3330064802367453,0.9999089513852738
Wnt7b,1253.6358357874715,-0.06405349874757013,0.17894860101137616,-0.3579435568959721,0.7203855536427253,0.9999089513852738
Wnt8a,0.4139372515068542,-2.139667925196131,4.273053694189175,-0.5007350897803637,0.6165575733599526,0.9999089513852738
Wnt8b,10.354912593318842,0.4475894742834986,0.9000428876240285,0.49729794039600084,0.6189789639449425,0.9999089513852738
Wnt9a,50.11180629172552,0.3110379810343402,0.33696672541355766,0.9230525080854937,0.3559798423568825,0.9999089513852738
Wnt9b,18.447664337740047,0.10064778791354857,0.610157010824782,0.16495391534958773,0.8689802552816697,0.9999089513852738
Wrap53,97.75608562168465,0.10362422876754558,0.2158675433865221,0.48003617006008636,0.6312016739898763,0.9999089513852738
Wrap73,125.07235693010864,0.09641957864194342,0.1951894563740945,0.49397944147735334,0.621320698676521,0.9999089513852738
Wrnip1,399.5098426249988,-0.013589744566237905,0.12618075501187156,-0.10770061222853937,0.9142331838515668,0.9999089513852738
Wsb1,351.9402901609558,0.11837432208348508,0.2014727227560706,0.587545154818822,0.5568376332918906,0.9999089513852738
Wt1,0.0,,,,,
Wtip,73.57450057080722,-0.11353050986978083,0.24848481715264284,-0.45689113391599967,0.6477492969688248,0.9999089513852738
Wwox,264.2616717196767,0.028550326022437667,0.175897153798218,0.16231260941941922,0.8710596854684922,0.9999089513852738
Wwtr1,88.20751225338275,0.18959110104269533,0.23570489517151602,0.804357927758501,0.42119029165876687,0.9999089513852738
Xcl1,0.19578339582510598,0.9543856482214617,4.427724182917884,0.21554767388254945,0.8293403470759629,0.9999089513852738
Xcr1,0.7782722972777908,1.815214837066983,2.5220166745721713,0.7197473574891854,0.4716805623362249,0.9999089513852738
Xiap,682.1134014284722,0.0065663435027217484,0.1310470570827681,0.050106760494243736,0.9600373124120912,0.9999089513852738
Xist,731.5052077297819,-0.912312434179455,2.1777286516092604,-0.4189284250383031,0.6752684423988293,0.9999089513852738
Xkr6,35.00855118503534,0.20797887428042486,0.36165582087115467,0.5750740407812224,0.5652412235458387,0.9999089513852738
Xpa,203.78941634505338,0.0008180187992501753,0.19314066512473654,0.004235352501876661,0.9966206877323338,0.9999089513852738
Xpo1,721.3950148773162,0.10100294484536278,0.1362208906244421,0.7414644287110529,0.45841189198664345,0.9999089513852738
Xrcc1,134.16033345242005,0.03314001184277732,0.18446893732963288,0.17965090666488998,0.8574266370525032,0.9999089513852738
Xrcc2,113.41366741750143,-0.015202790124304597,0.22786961234349024,-0.06671705791726164,0.9468069543141784,0.9999089513852738
Xrcc4,159.53339002832797,-0.013976206301209585,0.1854996088868516,-0.07534358905163294,0.9399413409701947,0.9999089513852738
Xrcc5,145.9426989311387,-0.03330285766046513,0.17706784894022656,-0.1880796421246824,0.8508142195328409,0.9999089513852738
Xrcc6,334.36794470795786,0.00930487813613467,0.15869542902909098,0.058633561111763106,0.9532439787556503,0.9999089513852738
Yap1,109.40995318296079,0.01612966551398926,0.2117100945552811,0.07618751268271495,0.9392699172492424,0.9999089513852738
Yars,475.002503559418,0.12213031190063368,0.13954985599032607,0.8751733280835492,0.38147960331374453,0.9999089513852738
Ybx3,424.4030430275657,-0.004368726672708705,0.13969611801487813,-0.031273071398042855,0.9750517658118253,0.9999089513852738
Yeats2,174.78148778938626,-0.002277860863814757,0.18370901706226936,-0.012399287200163187,0.9901070536727704,0.9999089513852738
Yeats4,284.5419859576365,0.04298331529543182,0.1498501427166853,0.28684200439300467,0.7742332988792144,0.9999089513852738
Yes1,352.270819161229,-0.014012121063060025,0.1308935567736429,-0.10704973879876681,0.9147495205736035,0.9999089513852738
Yif1a,71.52455577922898,0.08383015948882618,0.23226384558494126,0.3609264251941813,0.7181544487688686,0.9999089513852738
Yipf1,109.72368933455759,-0.009627917583429907,0.20414632135135244,-0.04716184705018258,0.962384235309937,0.9999089513852738
Ywhae,3255.990846721563,-0.05988310899000805,0.10595332147922368,-0.5651838767673791,0.5719487021332623,0.9999089513852738
Ywhag,3054.172589307786,-0.012471339103186178,0.1099109698350862,-0.11346764678629039,0.9096598115213119,0.9999089513852738
Ywhaz,6643.5896362958765,-0.006889326163370108,0.15834890488261574,-0.043507254871621465,0.9652971814525251,0.9999089513852738
Yy1,522.9389102415579,0.10705137503350519,0.1187352043848755,0.9015975976804854,0.3672706676266898,0.9999089513852738
Zap70,21.294127692738716,0.09691836759262203,0.4446523600883592,0.21796436113228515,0.8274568795113977,0.9999089513852738
Zbp1,1.5288001029354803,0.36224632930076045,1.581884848427051,0.22899664894126806,0.8188715206884087,0.9999089513852738
Zbtb16,705.8538974944212,0.8242421032739602,0.22314446913917757,3.6937599504645204,0.00022096240422113793,0.15849317594204765
Zbtb4,124.03836213594973,-0.06037427033979194,0.20750518633054763,-0.2909530668000659,0.7710872145886861,0.9999089513852738
Zbtb46,67.75014823897455,-0.1542157892246133,0.29445534182999605,-0.5237323536607797,0.6004647093054667,0.9999089513852738
Zbtb7a,314.9445331164446,-0.04068713656604764,0.17694853209722047,-0.22993768913377022,0.8181401891683299,0.9999089513852738
Zbtb7b,67.50609085828587,0.06342342670715234,0.2493847748626225,0.25431956197843325,0.7992486882464546,0.9999089513852738
Zbtb8b,20.42230079161212,0.06177316123739305,0.4182547972100773,0.14769265445236765,0.8825853289577273,0.9999089513852738
Zc3h11a,461.4463717244054,-0.09753659336888953,0.1405188862391969,-0.6941173245769884,0.4876086347374513,0.9999089513852738
Zc3h12a,49.24816876644041,0.3508517699020209,0.3021079160095278,1.1613458347478582,0.2455012868680143,0.9999089513852738
Zc3h14,188.56701520253796,0.03865952648390425,0.16356674379866495,0.2363532194019246,0.8131585933781182,0.9999089513852738
Zc3hc1,251.09111003922098,0.14062661225105058,0.1422677022445285,0.9884647747339221,0.3229250777461683,0.9999089513852738
Zcchc12,392.10376583655557,-0.0018489729104007987,0.23116150196363883,-0.00799861955686565,0.9936180929980973,0.9999089513852738
Zdhhc18,399.43592783437117,0.08627095984209274,0.1330438582995273,0.6484400027535826,0.5167004042477278,0.9999089513852738
Zdhhc2,309.43382297486653,-0.03733669715883514,0.15339474874758513,-0.24340270748298953,0.8076934466018819,0.9999089513852738
Zdhhc6,145.49874643934763,0.21600498739132426,0.1766637446965979,1.22268996257433,0.22144681953895007,0.9999089513852738
Zdhhc7,191.19811575758175,0.1250339562892715,0.1770885355686926,0.7060533641420895,0.48015495202458003,0.9999089513852738
Zdhhc8,384.0076037275101,0.07786880108785094,0.14897410859621035,0.5227002317490745,0.6011828769580461,0.9999089513852738
Zeb1,1751.925561306996,-0.05718157689819142,0.09046701557144926,-0.6320709988827964,0.5273404846985379,0.9999089513852738
Zeb2,637.3516112454117,0.014995876608328195,0.13497634743006773,0.11110003266385374,0.9115370228411526,0.9999089513852738
Zfand2a,239.51153051980899,-0.059841974913971856,0.15099654605928825,-0.39631353481738,0.6918737436272139,0.9999089513852738
Zfand2b,122.18936488422452,0.06885330219658234,0.18796488019249935,0.36630939846884175,0.7141342172950046,0.9999089513852738
Zfand4,119.89800222884013,0.07099870959216475,0.20948357864518702,0.3389225544615069,0.7346680729793029,0.9999089513852738
Zfhx3,511.6230303146204,-0.1446798491150335,0.138018777825658,-1.0482620654545256,0.29451788207683616,0.9999089513852738
Zfp106,1041.3252678372141,-0.044727623406431244,0.13625253505653306,-0.32827002732736776,0.7427075043553067,0.9999089513852738
Zfp111,264.9146264093653,-0.04284058758398195,0.16335585406150804,-0.2622531517471745,0.7931262777316449,0.9999089513852738
Zfp148,549.1840675336297,0.010391384734122737,0.12378513024964478,0.08394695480116084,0.933098606753157,0.9999089513852738
Zfp219,338.76124734467646,-0.05580453110234934,0.1439708592382642,-0.3876099052100243,0.6983047376378908,0.9999089513852738
Zfp24,508.9049148594108,0.10989110485219725,0.12642264856593946,0.8692359011516856,0.38471811450104565,0.9999089513852738
Zfp281,418.6663479166623,-0.04465581464753383,0.13699948111272597,-0.3259560859999908,0.7444575804071062,0.9999089513852738
Zfp42,0.3637248709411622,-1.9662472611427244,3.7931357017426244,-0.518369870141846,0.6042002323770836,0.9999089513852738
Zfp503,162.66531275385094,0.3831460343367376,0.1861389145833206,2.058387603658404,0.03955294075179776,0.9999089513852738
Zfp536,122.83376193533827,-0.7626154385141397,0.3144600943414364,-2.4251580796325225,0.015301722198397602,0.9999089513852738
Zfp57,5.342941255477594,-0.5890560185377048,0.8203560345975253,-0.7180492294747384,0.47272693302252666,0.9999089513852738
Zfp750,1.384242084256276,-0.8910978929090294,1.676691676963858,-0.5314619886004465,0.5950986752505377,0.9999089513852738
Zfp819,0.9506048855339412,-2.166976347435006,2.1833708226347275,-0.9924912089921869,0.32095796571481994,0.9999089513852738
Zfp979,40.00804083090588,-0.5487558037881284,0.3755770866890457,-1.4611003259697357,0.14398791079298426,0.9999089513852738
Zfpl1,20.377970949418582,0.12855035566716255,0.4584643968416912,0.28039332291172714,0.7791757592246052,0.9999089513852738
Zfpm2,194.24422553437168,0.0006013218712618779,0.16353262869549576,0.0036770757986258704,0.9970661246028087,0.9999089513852738
Zfyve9,561.5124221901723,-0.0023702671278890324,0.161080652872287,-0.014714784709547344,0.9882597241432308,0.9999089513852738
Zic1,1100.3863019442817,-0.217514660909241,0.18797039295932547,-1.1571751140420743,0.24720082295676582,0.9999089513852738
Zic2,329.51882654672426,-0.14199129888960718,0.22137044584082904,-0.6414194015388238,0.5212502309508067,0.9999089513852738
Zic3,126.01438850084519,0.1586800852442973,0.20713113789647974,0.7660851326158534,0.4436256486881912,0.9999089513852738
Zic4,149.9491090472168,-0.4805035647235196,0.2747125361452329,-1.7491140792697233,0.08027130200113566,0.9999089513852738
Zkscan1,303.7776714054276,-0.038142779750690754,0.14556361501534315,-0.2620351229025901,0.7932943638134358,0.9999089513852738
Zmpste24,724.9272344049919,-0.009196986379866707,0.12544768380503332,-0.07331332154494269,0.9415567911678524,0.9999089513852738
Zmynd10,3.752961210107492,-0.878057176480372,0.9967874545555513,-0.8808870662120051,0.3783789485752411,0.9999089513852738
Zmynd19,39.23644781504088,-0.07942830581852389,0.3484808222297411,-0.22792733703480422,0.8197027301340658,0.9999089513852738
Zp1,0.402752021578533,-0.007397661347697187,3.5392911556212887,-0.0020901533732108563,0.9983323001080966,0.9999089513852738
Zp3,1.2978889797239523,0.8490529619492232,1.6536466898849695,0.5134427850536107,0.6076416235103435,0.9999089513852738
Zscan2,103.17486977397095,0.13455078797546452,0.23375986002934257,0.5755940646036283,0.5648895938481822,0.9999089513852738
Zscan21,288.121133194125,-0.0851647451605787,0.15335882555755528,-0.5553299254278427,0.5786690135806876,0.9999089513852738
Zswim5,212.48710256294126,-0.21273255551710096,0.16733087997693105,-1.2713287323082814,0.203611724762227,0.9999089513852738
Zswim9,68.83095870186519,-0.2901353885633077,0.24191826511895437,-1.1993116287463632,0.23040679506815065,0.9999089513852738
Zup1,109.25888733863349,0.0386481291164193,0.21842274383534976,0.1769418717015698,0.8595540486311919,0.9999089513852738
Zyx,128.37870920752752,-0.04826116592147717,0.2122053143734988,-0.22742675443336705,0.8200919182603548,0.9999089513852738
Zzef1,316.2847817788994,-0.015262457391793478,0.18045385860751656,-0.08457817144818726,0.9325967535344617,0.9999089513852738
a,0.49770444484260307,-0.9452393414146,2.8667325449702536,-0.32972707658865613,0.7416061927019375,0.9999089513852738
